# Blender 4.4.3
# www.blender.org
mtllib chair.mtl
o Твердое_тело1_5
v -0.057500 0.340940 -0.069200
v -0.072500 0.340540 -0.023070
v -0.021600 0.331590 -0.082810
v -0.052600 0.332180 -0.054060
v -0.058200 0.330180 -0.017270
v -0.009799 0.328070 0.036830
v -0.049799 0.336040 0.037820
v -0.165879 0.442309 0.029215
v -0.148993 0.432325 0.034745
v -0.167000 0.445180 -0.037560
v -0.177700 0.452960 -0.038720
v -0.186799 0.459370 -0.062420
v -0.053900 0.427660 0.139200
v -0.107900 0.417750 0.084690
v -0.075400 0.427010 0.128200
v -0.098900 0.428710 0.114220
v -0.123700 0.430940 0.092840
v -0.128400 0.421800 0.060490
v -0.210100 0.455560 0.112150
v -0.247500 0.471580 -0.192220
v -0.217000 0.447630 -0.211820
v -0.196400 0.440300 -0.223090
v -0.217500 0.449320 -0.221900
v -0.261000 0.501000 -0.178430
v -0.193700 0.444710 -0.228900
v -0.259799 0.493320 -0.167860
v -0.258287 0.501931 -0.150377
v -0.253520 0.486128 -0.162046
v -0.257112 0.510199 -0.145610
v -0.202500 0.544010 0.181960
v -0.204900 0.509880 0.178100
v -0.192300 0.470270 0.159730
v -0.212700 0.485340 0.155630
v -0.211400 0.466740 0.142790
v -0.214000 0.459940 0.126480
v -0.198200 0.565120 0.179970
v -0.198700 0.660990 0.163140
v -0.198700 0.618550 0.164930
v -0.203900 0.648620 0.155980
v -0.204841 0.665170 0.151022
v -0.172828 0.938751 0.229619
v -0.178712 0.942771 0.225510
v -0.178930 0.967034 0.225664
v -0.174400 0.969990 0.237580
v -0.132401 1.003380 0.274930
v -0.168500 0.954060 0.235550
v -0.151900 0.992840 0.264010
v -0.166700 0.974500 0.247450
v -0.108900 0.999970 0.280610
v -0.129900 0.991140 0.273120
v -0.175600 0.982150 0.230250
v -0.108900 1.008640 0.278530
v -0.206900 0.605740 0.156880
v -0.218400 0.470330 0.124630
v -0.248799 0.471310 -0.201260
v -0.177100 0.966810 0.214130
v -0.161000 0.994900 0.224640
v -0.140600 1.012960 0.246930
v -0.163400 1.001850 0.237510
v -0.107100 1.016460 0.258700
v -0.165799 0.998080 0.245340
v -0.118799 1.016360 0.271730
v -0.147700 1.011080 0.258300
v -0.172900 0.986370 0.224970
v -0.197724 0.686241 0.140689
v -0.204606 0.668358 0.144523
v -0.181100 0.945320 0.212910
v -0.202799 0.579660 0.147920
v -0.207100 0.549000 0.163670
v -0.206300 0.488390 0.108970
v -0.202400 0.490590 0.122820
v -0.217500 0.482140 0.109120
v -0.198400 0.500240 0.138450
v -0.184100 0.534950 0.157790
v -0.194901 0.513370 0.149240
v -0.210100 0.489950 0.127400
v -0.205100 0.509660 0.151390
v -0.214200 0.486280 0.143410
v -0.208400 0.520140 0.161460
v -0.208700 0.522740 0.172910
v -0.193501 0.551380 0.152870
v -0.203799 0.540990 0.158460
v -0.216799 0.486240 0.078900
v -0.241100 0.516510 -0.164920
v -0.253799 0.511720 -0.182640
v -0.225700 0.482490 -0.222960
v -0.204500 0.466100 -0.231460
v -0.238400 0.498330 -0.207230
v -0.240300 0.508640 -0.188000
v -0.253000 0.495200 -0.201270
v -0.219900 0.460190 -0.229230
v -0.242200 0.476330 -0.217590
v -0.108200 0.467710 0.133970
v -0.059500 0.463000 0.140190
v -0.054400 0.482850 0.170730
v -0.060100 0.467230 0.152790
v -0.010300 0.482820 0.172560
v -0.011000 0.515320 0.182500
v -0.035300 0.497620 0.179420
v 0.130100 0.433720 0.026580
v 0.149500 0.455600 -0.076400
v 0.134264 0.449676 -0.092869
v 0.035085 0.426049 0.134730
v 0.121700 0.434170 0.065550
v 0.197487 0.456727 0.074511
v 0.182446 0.470816 -0.114403
v 0.182800 0.471100 -0.148410
v 0.224300 0.487580 -0.135260
v -0.074600 0.420650 -0.229240
v -0.049300 0.414660 -0.224730
v -0.050000 0.412830 -0.217700
v -0.012200 0.414690 -0.210370
v 0.024000 0.412750 -0.218060
v 0.098700 0.421460 -0.218500
v 0.171900 0.440290 -0.224870
v 0.234600 0.488420 -0.177330
v 0.225700 0.474050 -0.201830
v 0.211900 0.463210 -0.216900
v 0.227800 0.481480 -0.177130
v 0.191201 0.448740 -0.225880
v 0.196201 0.449620 -0.212850
v 0.236600 0.505850 -0.180960
v 0.230900 0.495090 -0.135850
v 0.225400 0.488770 -0.113830
v 0.229752 0.508033 -0.123820
v 0.183400 0.648300 0.153790
v 0.175274 0.682055 0.164827
v 0.177900 0.641070 0.160780
v 0.173700 0.661120 0.162380
v 0.149400 0.963850 0.238470
v 0.151999 0.979260 0.241500
v 0.133300 0.985280 0.259690
v 0.099000 0.992070 0.276120
v 0.088700 0.999500 0.279750
v 0.089300 1.008620 0.277560
v 0.113000 1.003000 0.273740
v 0.151900 0.993320 0.233640
v 0.184999 0.654450 0.143710
v 0.187099 0.545410 0.167180
v 0.185699 0.509490 0.175440
v 0.198574 0.468195 0.112707
v 0.169000 0.447410 -0.232900
v 0.114400 0.432480 -0.231890
v 0.098502 1.017052 0.256269
v 0.019201 1.016570 0.269830
v -0.051900 1.016270 0.274310
v 0.022900 1.015090 0.276620
v -0.042700 1.012150 0.280900
v 0.158918 0.964850 0.214232
v 0.138100 1.000900 0.254250
v 0.099300 1.016130 0.270740
v 0.126201 1.013060 0.255410
v 0.132201 1.006290 0.235270
v 0.146800 0.989190 0.217950
v 0.146900 0.969420 0.207070
v 0.154730 0.948987 0.202593
v 0.173000 0.555040 0.149900
v 0.183000 0.544070 0.157400
v 0.193600 0.484490 0.110730
v 0.193000 0.487570 0.148420
v 0.183300 0.488290 0.112140
v 0.189100 0.507450 0.152720
v 0.167400 0.536070 0.154950
v 0.173600 0.513230 0.147690
v 0.182600 0.497420 0.131110
v 0.205412 0.482351 0.050091
v 0.225800 0.510580 -0.111020
v 0.225000 0.517990 -0.138570
v 0.234800 0.509980 -0.163840
v 0.221800 0.517500 -0.170450
v 0.223000 0.510480 -0.192680
v -0.012400 0.440200 -0.229720
v -0.101600 0.439350 -0.232770
v -0.134000 0.435020 -0.232140
v 0.118201 0.444510 -0.234570
v 0.087399 0.471420 -0.189620
v 0.065600 0.477230 -0.151070
v 0.021201 0.463900 -0.189290
v -0.089500 0.477230 -0.150300
v -0.111600 0.471420 -0.188630
v 0.212300 0.493830 -0.215310
v 0.046500 0.456730 -0.209560
v -0.012200 0.453830 -0.209270
v -0.026400 0.418370 -0.205200
v 0.051201 0.676280 0.188180
v -0.010201 0.675560 0.191190
v 0.094900 0.503450 0.170130
v 0.080300 0.478560 0.157470
v 0.032100 0.499650 0.178250
v 0.035100 0.468450 0.155130
v -0.190900 0.665100 0.134400
v -0.194700 0.613170 0.135500
v 0.022500 0.954460 0.254240
v -0.011799 0.411710 -0.159670
v -0.017500 0.421760 -0.187100
v -0.055400 0.425720 -0.186090
v -0.031100 0.418710 -0.169250
v -0.062500 0.423880 -0.164430
v -0.099401 0.437720 -0.169260
v -0.157001 0.457160 -0.120410
v -0.125100 0.442020 -0.131940
v -0.161600 0.447560 0.142910
v -0.194600 0.489320 0.174140
v -0.161000 0.507530 0.192640
v -0.129601 0.517270 0.201650
v -0.108200 0.467280 0.188860
v -0.051600 0.462870 0.194670
v -0.082700 0.439210 0.164010
v -0.052600 0.446690 0.180260
v -0.077500 0.483100 0.202660
v -0.014800 0.343090 0.064110
v -0.026900 0.336300 0.055180
v -0.141799 0.446560 -0.115550
v -0.075240 0.416674 -0.146103
v -0.065001 0.340760 -0.055340
v -0.064700 0.336020 0.008830
v -0.032500 0.339410 -0.089270
v -0.252501 0.493730 -0.124670
v -0.219400 0.456350 0.075160
v -0.167200 0.969360 0.208600
v -0.200100 0.658830 0.136100
v -0.240000 0.519460 -0.133950
v -0.250600 0.517820 -0.144090
v 0.006000 0.331710 -0.077870
v 0.014800 0.328070 -0.055160
v 0.030100 0.332860 -0.056100
v 0.046201 0.336390 -0.021160
v 0.030100 0.330010 0.008230
v 0.018600 0.330780 0.033030
v -0.001101 0.334390 0.053250
v 0.007400 0.422620 -0.189870
v 0.049800 0.419920 -0.150530
v 0.044700 0.426430 -0.167730
v 0.005700 0.419840 -0.174120
v 0.070000 0.428550 0.120550
v 0.191100 0.466620 0.139980
v 0.092999 0.442980 0.159580
v 0.185699 0.490390 0.166820
v 0.096300 0.473920 0.190090
v 0.181800 0.532080 0.181400
v 0.033700 0.434710 0.160510
v 0.086699 0.515170 0.204460
v -0.004000 0.449680 0.185630
v -0.001101 0.461050 0.195050
v 0.030300 0.487640 0.206340
v 0.140000 0.445920 -0.064050
v 0.064000 0.425570 -0.147980
v 0.024600 0.339520 -0.078880
v 0.046754 0.341967 -0.047200
v 0.033700 0.340300 -0.069710
v 0.105000 0.421060 0.060840
v 0.044900 0.339990 0.013950
v 0.192600 0.459560 0.123460
v 0.184700 0.551720 0.175320
v 0.186300 0.601960 0.146240
v 0.174100 0.588090 0.139550
v 0.179300 0.655640 0.133830
v 0.171201 0.664620 0.132250
v 0.192400 0.488790 0.073540
v 0.228201 0.487460 -0.205990
v 0.181600 0.461570 -0.234650
v 0.193900 0.477420 -0.227640
v 0.206300 0.470640 -0.227430
v 0.016400 0.647600 0.186760
v 0.009672 0.076741 -0.001185
v 0.004474 0.076018 -0.012008
v 0.007700 0.075050 -0.003780
v 0.008609 0.075416 0.009542
v -0.005984 0.076959 -0.018139
v -0.016237 0.076187 -0.017712
v -0.003400 0.075050 -0.015590
v -0.024130 0.076647 -0.014348
v -0.031229 0.077103 -0.004609
v -0.027400 0.075050 -0.009150
v -0.029272 0.076147 0.013517
v -0.022156 0.075908 0.020138
v -0.031795 0.075242 0.004230
v -0.014512 0.076469 0.023287
v -0.005490 0.075180 0.022379
v 0.001532 0.077488 0.019446
v -0.014366 0.295050 0.023504
v -0.001516 0.295050 0.021334
v 0.007224 0.295050 0.012961
v 0.010007 0.295050 0.001018
v 0.007000 0.295050 -0.008140
v 0.000874 0.295050 -0.015026
v -0.010846 0.295050 -0.018765
v -0.020400 0.295050 -0.016430
v -0.027541 0.295050 -0.011013
v -0.032299 0.295050 0.000320
v -0.030700 0.295050 0.010220
v -0.025860 0.295050 0.017720
v -0.013829 0.328050 0.019868
v -0.002946 0.328050 0.018203
v -0.021400 0.328050 0.016660
v -0.026651 0.328050 0.011031
v 0.004901 0.328050 0.009799
v -0.028750 0.328050 0.000508
v 0.006163 0.328050 -0.001198
v -0.025400 0.328050 -0.007770
v 0.000745 0.328050 -0.010625
v -0.019606 0.328050 -0.013095
v -0.008927 0.328050 -0.015099
v -0.008387 0.313750 0.019840
v 0.000923 0.313750 0.015338
v 0.006174 0.313750 0.005823
v 0.005500 0.313750 -0.003040
v 0.001451 0.313750 -0.009934
v -0.007930 0.313750 -0.014945
v -0.018718 0.313750 -0.013550
v -0.026608 0.313750 -0.006169
v -0.028700 0.313750 0.002530
v -0.027115 0.313750 0.010135
v -0.019181 0.313750 0.018318
v -0.011100 0.313750 0.017450
v -0.004011 0.313750 0.015830
v -0.011100 0.295050 0.017450
v -0.003170 0.295050 0.015344
v 0.001900 0.313750 0.009880
v 0.001900 0.295050 0.009880
v 0.004014 0.313750 0.002754
v 0.004006 0.295050 0.001785
v 0.001800 0.313750 -0.005120
v 0.001800 0.295050 -0.005120
v -0.003262 0.313750 -0.010519
v -0.004103 0.295050 -0.010997
v -0.011200 0.313750 -0.012550
v -0.011200 0.295050 -0.012550
v -0.018442 0.313750 -0.010913
v -0.019284 0.295050 -0.010422
v -0.025233 0.313750 -0.003247
v -0.024200 0.295050 -0.004990
v -0.026306 0.295050 0.003122
v -0.025563 0.313750 0.007261
v -0.024100 0.295050 0.010010
v -0.019044 0.313750 0.015416
v -0.018203 0.295050 0.015895
v -0.305879 0.088321 -0.089609
v -0.305923 0.058550 -0.086753
v -0.302770 0.058551 -0.081364
v -0.298457 0.095571 -0.079494
v -0.295472 0.102292 -0.079439
v -0.187919 0.106362 0.236096
v -0.188004 0.106108 0.243189
v -0.048784 0.223041 0.035856
v -0.051042 0.221736 0.034310
v -0.194568 0.091892 0.241746
v -0.195096 0.058550 0.242734
v -0.195308 0.090978 0.245796
v -0.195400 0.058550 0.247660
v -0.192598 0.058531 0.252551
v -0.193799 0.086540 0.251230
v -0.304962 0.058465 -0.092918
v -0.301500 0.099020 -0.090310
v -0.297000 0.104990 -0.088840
v 0.027537 0.227188 0.012405
v 0.026071 0.226561 0.020346
v -0.009114 0.227581 0.040838
v -0.036463 0.227729 0.029720
v -0.052790 0.226799 0.006912
v -0.030396 0.227668 -0.030555
v -0.007604 0.227760 -0.034657
v -0.021342 0.223217 -0.046717
v 0.010100 0.227640 -0.029190
v 0.020683 0.225844 -0.026037
v -0.190392 0.096573 0.251033
v -0.188136 0.086412 0.255040
v -0.188799 0.058550 0.233050
v -0.173100 0.058550 0.244210
v -0.179799 0.058550 0.252850
v -0.185726 0.058550 0.255481
v -0.010609 0.084637 -0.306475
v -0.016938 0.083333 -0.305757
v -0.011974 0.058553 -0.306618
v -0.017367 0.058550 -0.305511
v -0.021661 0.058550 -0.300663
v -0.021397 0.098500 -0.296894
v -0.019589 0.106811 -0.290074
v -0.025544 0.221318 -0.047115
v -0.014200 0.109223 -0.291322
v -0.054130 0.218462 -0.028433
v -0.291883 0.107558 -0.091048
v -0.297548 0.058550 -0.098361
v -0.297725 0.088515 -0.098100
v -0.303439 0.085391 -0.095391
v -0.303532 0.058550 -0.095322
v -0.281508 0.076564 -0.094168
v -0.080030 0.162007 -0.037483
v -0.051121 0.166458 -0.029784
v -0.047976 0.216883 -0.029832
v -0.043300 0.166350 -0.030940
v -0.042957 0.220736 -0.030501
v -0.035211 0.166350 -0.035798
v -0.035947 0.220734 -0.034898
v -0.029973 0.166457 -0.045250
v -0.030557 0.219434 -0.041649
v -0.029000 0.165330 -0.063710
v -0.022377 0.076945 -0.283600
v -0.022232 0.071095 -0.288068
v -0.003632 0.058550 -0.299956
v -0.006241 0.058550 -0.304290
v -0.182745 0.090210 0.254183
v -0.177135 0.098049 0.249322
v -0.178172 0.102675 0.248039
v 0.157599 0.098176 0.248012
v 0.004724 0.213663 0.054350
v 0.005530 0.219905 0.051581
v 0.156321 0.107070 0.242155
v 0.006704 0.223942 0.047108
v 0.160761 0.106510 0.244272
v 0.162296 0.082027 0.252726
v 0.161485 0.058550 0.252435
v 0.165335 0.089430 0.253244
v 0.169552 0.058550 0.253085
v 0.153146 0.069566 0.242503
v 0.150897 0.076343 0.239617
v 0.014000 0.165330 0.066180
v 0.002209 0.166457 0.052014
v -0.001005 0.218886 0.049454
v -0.007662 0.166350 0.047492
v -0.012409 0.220945 0.047203
v -0.017100 0.166350 0.048420
v -0.024053 0.166457 0.052119
v -0.022375 0.219230 0.050287
v -0.035600 0.165330 0.066440
v -0.170247 0.076905 0.240530
v -0.173013 0.070700 0.244072
v 0.174986 0.058550 0.247766
v 0.175458 0.088220 0.245706
v 0.175392 0.058549 0.241238
v 0.173443 0.094348 0.237949
v 0.027452 0.222577 0.036536
v 0.166320 0.108283 0.236364
v 0.030477 0.220500 0.035964
v 0.170718 0.102456 0.236137
v 0.032136 0.217878 0.033771
v 0.041730 0.214155 0.003898
v 0.035263 0.216828 0.009380
v 0.037100 0.220490 0.005940
v 0.031489 0.218966 0.016398
v 0.039036 0.223026 -0.002086
v 0.032700 0.224410 0.008240
v 0.030908 0.215895 0.026737
v 0.029300 0.222460 0.019550
v 0.271674 0.100375 -0.081167
v 0.269382 0.107952 -0.084987
v 0.267838 0.109173 -0.089838
v 0.042783 0.216923 0.002475
v 0.044311 0.219234 -0.001177
v 0.279911 0.058549 -0.084430
v 0.282033 0.089775 -0.087917
v 0.282845 0.058550 -0.090426
v 0.282809 0.082463 -0.093258
v 0.171000 0.096040 0.248800
v 0.277843 0.101684 -0.090149
v 0.268000 0.058560 -0.079700
v 0.281872 0.058551 -0.096150
v 0.272996 0.058549 -0.100996
v 0.277500 0.058550 -0.100160
v 0.281170 0.088471 -0.096338
v 0.277863 0.087891 -0.099910
v 0.273800 0.083850 -0.100960
v 0.269758 0.094694 -0.100287
v 0.267363 0.102353 -0.098374
v 0.266185 0.108035 -0.094355
v 0.024575 0.219266 -0.029761
v 0.019985 0.218293 -0.031277
v 0.011906 0.220094 -0.036499
v 0.015800 0.223950 -0.031150
v 0.007975 0.217300 -0.042957
v 0.003400 0.221770 -0.045600
v 0.007937 0.225747 -0.035323
v -0.005510 0.105453 -0.292432
v -0.009092 0.107474 -0.293528
v -0.003327 0.091446 -0.298213
v -0.005876 0.083174 -0.303970
v -0.003000 0.058550 -0.288500
v -0.003000 0.072610 -0.287320
v -0.002771 0.076978 -0.283599
v 0.006000 0.165330 -0.063880
v 0.007120 0.166457 -0.045503
v 0.012546 0.166350 -0.036018
v 0.020600 0.166350 -0.031260
v 0.028476 0.166457 -0.030180
v 0.046300 0.165330 -0.034930
v 0.257096 0.077040 -0.096512
v 0.261723 0.070764 -0.097870
v 0.262100 0.058570 -0.097960
v -0.054184 0.166460 0.030445
v -0.064000 0.165330 0.046040
v -0.186061 0.076932 0.228990
v -0.188443 0.071816 0.232472
v -0.062937 0.166426 0.005101
v -0.060560 0.216158 0.006905
v -0.054949 0.166350 0.013504
v -0.054928 0.219945 0.013474
v -0.052799 0.166350 0.022700
v -0.052641 0.219062 0.026227
v -0.290558 0.071432 -0.076691
v -0.286729 0.076915 -0.075299
v -0.085332 0.163961 -0.003105
v 0.040213 0.166457 0.004985
v 0.057201 0.165330 -0.001740
v 0.263418 0.077013 -0.077956
v 0.267277 0.072062 -0.079373
v 0.032057 0.166458 0.029917
v 0.030700 0.166350 0.022280
v 0.032765 0.166350 0.013063
v 0.168456 0.071379 0.230775
v 0.166058 0.076958 0.227229
v 0.042100 0.165330 0.045510
v -0.012700 0.099020 -0.302400
v -0.012600 0.104990 -0.297530
v 0.153300 0.058550 0.242710
v 0.168700 0.058550 0.231220
v -0.022200 0.058560 -0.288430
v -0.285300 0.058550 -0.095240
v -0.285400 0.069080 -0.095250
v -0.291200 0.058550 -0.076920
v -0.303100 0.096310 -0.084490
v -0.297700 0.104210 -0.084820
v -0.060500 0.219610 0.005840
v -0.046700 0.227550 0.017170
v -0.191600 0.101480 0.243700
v -0.016700 0.104210 -0.296980
v -0.017000 0.094970 -0.303410
v -0.013799 0.090790 -0.305600
v -0.033900 0.225220 -0.033120
v -0.044100 0.225180 -0.026270
v -0.297700 0.099360 -0.095320
v -0.185600 0.097070 0.252390
v -0.182700 0.104210 0.247940
v -0.021200 0.225920 0.044700
v -0.006500 0.225000 0.044710
v 0.160300 0.098750 0.249290
v 0.169100 0.084980 0.252950
v 0.166700 0.099570 0.249270
v 0.165000 0.105480 0.244400
v 0.174000 0.096110 0.243600
v 0.169300 0.104210 0.241430
v 0.277100 0.098300 -0.084900
v 0.275700 0.096520 -0.098610
v 0.271900 0.104210 -0.095350
v -0.005100 0.094110 -0.300400
v -0.008300 0.099550 -0.300840
v -0.008600 0.091940 -0.304470
v 0.186100 0.358470 -0.063240
v 0.184332 0.360980 -0.060064
v 0.166944 0.360827 -0.061025
v 0.185009 0.350279 -0.060744
v 0.176551 0.351969 -0.062776
v 0.187358 0.351839 -0.061500
v 0.188631 0.355856 -0.059401
v 0.184900 0.354560 -0.063280
v 0.187403 0.359137 -0.059610
v 0.167688 0.350120 -0.060120
v 0.164512 0.358955 -0.059182
v 0.164700 0.355040 -0.063450
v 0.163540 0.354636 -0.061592
v 0.165060 0.351505 -0.061192
v 0.184455 0.350181 -0.016940
v 0.187427 0.351709 -0.017628
v 0.189035 0.355760 -0.015998
v 0.185689 0.360835 -0.017429
v 0.167029 0.360780 -0.016015
v 0.170600 0.351650 -0.014400
v 0.167099 0.350300 -0.016034
v 0.184299 0.359470 -0.014720
v 0.185900 0.352390 -0.014940
v 0.164715 0.352162 -0.017517
v 0.163851 0.355689 -0.016833
v 0.164854 0.359124 -0.017389
v 0.166500 0.359230 -0.014160
v 0.173000 0.354130 -0.013390
v 0.166000 0.352190 -0.014160
v 0.170100 0.359620 -0.010450
v 0.172600 0.357790 -0.013600
v 0.164600 0.354840 -0.008190
v 0.159572 0.355640 -0.002789
v 0.160219 0.352409 -0.001667
v 0.168000 0.351340 -0.008270
v 0.160669 0.351281 0.002716
v 0.169800 0.352620 -0.003930
v 0.156704 0.353357 0.005167
v 0.171500 0.357330 -0.004000
v 0.166100 0.355680 0.002840
v 0.156963 0.356430 0.005582
v 0.165400 0.360330 -0.003870
v 0.163400 0.358870 0.002370
v 0.160542 0.359718 -0.000320
v -0.011081 0.354461 0.006623
v -0.011154 0.358894 0.005130
v -0.011201 0.360044 0.001217
v -0.011189 0.354928 -0.001801
v -0.011212 0.350855 0.002237
v -0.341071 0.018500 -0.095008
v -0.345799 0.027100 -0.084430
v -0.344132 0.017362 -0.082879
v -0.339799 0.010110 -0.088920
v -0.319361 -0.001250 -0.075062
v -0.336500 0.003720 -0.080500
v -0.327541 0.000800 -0.090631
v -0.325400 -0.001680 -0.077740
v -0.308816 0.002655 -0.071835
v -0.294870 0.019410 -0.080178
v -0.300500 0.015810 -0.068990
v -0.298500 0.030300 -0.068360
v -0.302799 0.040540 -0.069690
v -0.312395 0.050870 -0.072796
v -0.314551 0.052694 -0.086496
v -0.323900 0.052940 -0.076450
v -0.328000 0.051690 -0.085230
v -0.334800 0.047120 -0.086680
v -0.335300 0.047510 -0.080110
v -0.342252 0.040173 -0.082941
v -0.294500 0.028040 -0.080210
v -0.296900 0.037580 -0.080940
v -0.303198 0.047222 -0.082980
v -0.333400 0.003900 -0.090840
v -0.301000 0.006540 -0.082250
v -0.335700 0.044170 -0.093370
v -0.341613 0.032005 -0.095013
v -0.325799 0.050870 -0.090160
v -0.310015 0.000028 -0.084371
v -0.318700 -0.001990 -0.086930
v -0.335900 0.008180 -0.093400
v -0.286100 0.026930 -0.105890
v -0.288036 0.036310 -0.105713
v -0.294820 0.046270 -0.108960
v -0.294771 0.043572 -0.098488
v -0.312600 0.053030 -0.102480
v -0.302282 0.051483 -0.111357
v -0.318300 0.052150 -0.110300
v -0.312400 0.052180 -0.114770
v -0.325295 0.046063 -0.118824
v -0.328200 0.043070 -0.119840
v -0.333100 0.031780 -0.121370
v -0.333162 0.013520 -0.115280
v -0.331400 0.015650 -0.120840
v -0.325600 0.004850 -0.118990
v -0.311919 -0.002059 -0.101904
v -0.313131 -0.001785 -0.114385
v -0.300231 0.000436 -0.110602
v -0.289763 0.012067 -0.107550
v -0.301987 0.001436 -0.098396
v -0.292500 0.009030 -0.102290
v -0.290815 0.017542 -0.094798
v -0.329732 0.005115 -0.107159
v -0.336900 0.019420 -0.109480
v -0.337400 0.028320 -0.109630
v -0.331900 0.043210 -0.107900
v -0.325166 0.049664 -0.105635
v -0.302700 0.050200 -0.099870
v -0.297493 0.043906 -0.096931
v -0.290799 0.028580 -0.094740
v -0.195920 0.033654 0.293060
v -0.194201 0.041690 0.289900
v -0.190900 0.047790 0.285450
v -0.190100 0.046010 0.285560
v -0.178064 0.051480 0.268943
v -0.171694 0.044554 0.259980
v -0.167799 0.033870 0.254610
v -0.172300 0.029850 0.250240
v -0.167206 0.021400 0.253817
v -0.179182 0.011022 0.249252
v -0.171960 0.005887 0.260113
v -0.175602 0.000523 0.265274
v -0.181900 -0.001940 0.273230
v -0.190265 -0.001091 0.275631
v -0.188200 0.000790 0.282760
v -0.198400 0.006570 0.284430
v -0.192586 0.008831 0.289016
v -0.195900 0.014200 0.292110
v -0.196400 0.024780 0.293510
v -0.175568 0.043090 0.254400
v -0.180700 0.050380 0.260800
v -0.187478 0.053131 0.269954
v -0.186200 0.051750 0.280040
v -0.198500 0.050010 0.275920
v -0.201500 0.045000 0.281520
v -0.204485 0.037783 0.285067
v -0.206100 0.019170 0.286540
v -0.189600 -0.001730 0.264200
v -0.203213 0.009440 0.282339
v -0.199000 0.002440 0.276590
v -0.185300 0.000980 0.257590
v -0.177817 0.017169 0.247656
v -0.178700 0.034700 0.248320
v -0.181700 0.043840 0.252490
v -0.185995 0.049988 0.258433
v -0.191700 0.052090 0.266490
v -0.205799 0.029180 0.287240
v -0.190756 0.033572 0.237951
v -0.204364 0.047261 0.238261
v -0.200600 0.038060 0.232960
v -0.199353 0.024117 0.230471
v -0.206900 0.052940 0.251980
v -0.208200 0.050620 0.242220
v -0.217393 0.051877 0.254995
v -0.219842 0.047049 0.265902
v -0.223300 0.039870 0.270250
v -0.223001 0.045650 0.262800
v -0.228833 0.026924 0.270929
v -0.226400 0.038390 0.267560
v -0.226200 0.009670 0.267120
v -0.221900 0.003240 0.261350
v -0.208300 0.000080 0.242890
v -0.214200 -0.001950 0.250950
v -0.203592 0.006524 0.235778
v -0.190974 0.027245 0.236546
v -0.208758 0.051610 0.264472
v -0.215996 0.041295 0.274553
v -0.213831 0.003443 0.269676
v -0.215103 0.000375 0.262511
v -0.195500 0.004030 0.244680
v -0.190500 0.017220 0.238300
v -0.201113 -0.001254 0.252617
v -0.206935 -0.001518 0.261069
v -0.216197 0.012137 0.275010
v -0.218700 0.023540 0.278310
v -0.203900 0.052090 0.257700
v -0.198600 0.050080 0.250270
v -0.195131 0.046269 0.245638
v -0.192900 0.041650 0.241000
v -0.003198 0.028169 -0.292691
v 0.007417 0.033354 -0.293473
v 0.007300 0.043940 -0.299000
v -0.004754 0.050863 -0.307256
v 0.006542 0.052774 -0.313122
v 0.007153 0.052044 -0.324890
v 0.007201 0.046980 -0.333280
v 0.007100 0.036780 -0.339770
v 0.007100 0.022850 -0.342560
v -0.005346 0.019480 -0.341487
v -0.005343 0.010077 -0.338084
v 0.006685 0.002548 -0.331552
v 0.007179 0.013798 -0.340190
v 0.006100 -0.000790 -0.325120
v 0.006915 -0.001105 -0.311776
v 0.001100 -0.000050 -0.308480
v 0.007300 0.003090 -0.303030
v 0.007296 0.009843 -0.297021
v 0.007400 0.020980 -0.293180
v -0.005028 0.036995 -0.295026
v -0.005200 0.046970 -0.301940
v -0.003710 0.052718 -0.321677
v -0.003700 0.046950 -0.333110
v -0.000300 -0.002060 -0.320570
v -0.005131 0.004500 -0.302036
v -0.005100 0.022190 -0.293740
v -0.005175 0.012655 -0.296316
v -0.005023 -0.001263 -0.318142
v -0.005301 0.003520 -0.331680
v -0.005400 0.031850 -0.340860
v -0.005301 0.040650 -0.337800
v -0.005301 0.050850 -0.325710
v 0.206917 0.033009 0.269267
v 0.208490 0.025552 0.269082
v 0.205762 0.043104 0.264379
v 0.198604 0.052172 0.254415
v 0.189439 0.051505 0.241842
v 0.183081 0.046695 0.237007
v 0.181201 0.038440 0.230770
v 0.179727 0.023935 0.228882
v 0.181100 0.013160 0.230580
v 0.183500 0.005380 0.235040
v 0.186380 0.001313 0.239715
v 0.191336 -0.000525 0.245209
v 0.195267 -0.001590 0.252060
v 0.201300 0.002210 0.258100
v 0.206266 0.009683 0.264854
v 0.207600 0.016320 0.268130
v 0.171360 0.038804 0.238381
v 0.176748 0.048542 0.245601
v 0.188201 0.052880 0.250670
v 0.192039 0.048614 0.266316
v 0.196833 0.010755 0.273146
v 0.198900 0.004700 0.265300
v 0.183974 -0.002192 0.254120
v 0.176400 0.004730 0.241630
v 0.191400 0.001570 0.265610
v 0.179596 -0.000395 0.249220
v 0.171677 0.010659 0.238852
v 0.169386 0.024275 0.235694
v 0.180201 0.050970 0.250500
v 0.186399 0.051760 0.258870
v 0.195100 0.044840 0.269910
v 0.199232 0.030967 0.275397
v 0.148201 0.029670 0.251780
v 0.160713 0.042170 0.249451
v 0.149326 0.038062 0.254053
v 0.165171 0.049676 0.255785
v 0.157958 0.051859 0.266626
v 0.172669 0.044787 0.286567
v 0.176482 0.032564 0.291798
v 0.173000 0.008210 0.287120
v 0.176559 0.020083 0.291949
v 0.174800 0.002660 0.280580
v 0.165971 -0.000456 0.276747
v 0.160489 -0.001387 0.267668
v 0.153496 0.003275 0.260376
v 0.150130 0.010727 0.256016
v 0.148201 0.019350 0.252910
v 0.151900 0.044830 0.257590
v 0.169800 0.052680 0.261570
v 0.166700 0.051670 0.278520
v 0.183437 0.043988 0.280142
v 0.186962 0.028704 0.285059
v 0.174953 -0.001251 0.268987
v 0.155541 0.021209 0.246169
v 0.159829 0.011529 0.247989
v 0.165400 0.001050 0.255750
v 0.171500 -0.001960 0.264730
v 0.182300 0.006610 0.278600
v 0.186201 0.017130 0.283980
v 0.176100 0.050990 0.270140
v 0.157800 0.034090 0.245980
v 0.312500 0.025710 -0.117670
v 0.309384 0.018507 -0.124379
v 0.305980 0.010645 -0.123389
v 0.300678 0.003434 -0.121566
v 0.293697 -0.000854 -0.117232
v 0.281886 -0.001377 -0.115094
v 0.288300 -0.001880 -0.105170
v 0.272500 0.004410 -0.112330
v 0.272330 0.005069 -0.105730
v 0.265000 0.013710 -0.109830
v 0.263000 0.021430 -0.109220
v 0.264201 0.031360 -0.109620
v 0.276723 0.049857 -0.113734
v 0.268100 0.041930 -0.110870
v 0.291104 0.052633 -0.118495
v 0.298400 0.049250 -0.120910
v 0.308815 0.042788 -0.111968
v 0.308400 0.036860 -0.123360
v 0.266201 0.036160 -0.103160
v 0.272300 0.045650 -0.105680
v 0.280201 0.051850 -0.108040
v 0.290100 0.052970 -0.111580
v 0.266600 0.015090 -0.103160
v 0.264700 0.023500 -0.103200
v 0.312900 0.018790 -0.112500
v 0.312900 0.033960 -0.112550
v 0.302201 0.049360 -0.109000
v 0.294222 0.052650 -0.106266
v 0.280116 0.049645 -0.101889
v 0.269201 0.038170 -0.098100
v 0.267600 0.026920 -0.097550
v 0.276100 0.004510 -0.100380
v 0.270400 0.012550 -0.098490
v 0.281300 -0.000030 -0.102900
v 0.299200 0.000000 -0.108393
v 0.307800 0.006890 -0.110830
v 0.274883 0.025982 -0.071875
v 0.278490 0.040109 -0.072416
v 0.291368 0.052373 -0.078235
v 0.298000 0.052340 -0.078660
v 0.294100 0.053010 -0.090520
v 0.301393 0.052619 -0.086267
v 0.306700 0.050640 -0.081520
v 0.314700 0.045980 -0.084150
v 0.317294 0.038936 -0.093311
v 0.318992 0.026391 -0.098680
v 0.321847 0.031575 -0.086513
v 0.321400 0.016050 -0.086380
v 0.306900 0.000160 -0.086530
v 0.311500 0.003050 -0.083070
v 0.296518 -0.002110 -0.090716
v 0.302400 -0.000810 -0.080110
v 0.282296 0.005828 -0.073486
v 0.291759 -0.000983 -0.078154
v 0.276700 0.013250 -0.075460
v 0.272463 0.017450 -0.082602
v 0.277600 0.018630 -0.071930
v 0.276900 0.042790 -0.082760
v 0.308300 0.050110 -0.086570
v 0.275900 0.008970 -0.084510
v 0.290201 -0.001370 -0.088750
v 0.280700 0.003660 -0.086110
v 0.304700 0.000420 -0.093980
v 0.311500 0.005560 -0.096240
v 0.318100 0.019320 -0.098470
v 0.312088 0.044935 -0.096464
v 0.305099 0.049680 -0.094130
v 0.283299 0.048680 -0.086960
v 0.272534 0.033773 -0.082773
v -0.032850 0.038934 -0.339427
v -0.031301 0.051020 -0.326550
v -0.032799 0.047090 -0.332920
v -0.032217 0.052871 -0.319650
v -0.031799 0.044180 -0.299070
v -0.028500 0.038290 -0.295170
v -0.032722 0.047220 -0.303443
v -0.032340 0.024058 -0.292908
v -0.032600 0.033710 -0.294170
v -0.024213 0.017958 -0.293408
v -0.032733 0.010709 -0.297289
v -0.031818 0.002365 -0.303579
v -0.021112 -0.000817 -0.309584
v -0.032560 -0.001900 -0.320722
v -0.032500 0.002810 -0.331700
v -0.032799 0.010290 -0.338170
v -0.024200 0.029990 -0.292800
v -0.020200 0.047090 -0.301980
v -0.021223 0.050404 -0.306179
v -0.031400 0.052210 -0.312940
v -0.021456 0.051842 -0.325044
v -0.032900 0.025450 -0.342400
v -0.020346 0.012737 -0.339643
v -0.020384 0.001274 -0.328358
v -0.026300 0.008900 -0.297750
v -0.020400 0.021690 -0.342250
v -0.020300 -0.001860 -0.315520
v -0.020200 0.007470 -0.299410
v -0.020116 0.016563 -0.294910
v -0.020134 0.037060 -0.295586
v -0.020300 0.052960 -0.315570
v -0.020400 0.036910 -0.339650
v -0.020342 0.046142 -0.334255
v -0.305100 0.048700 -0.099300
v -0.303500 0.054160 -0.095020
v -0.313707 0.049809 -0.102066
v -0.311300 0.048800 -0.085540
v -0.307400 0.049860 -0.084310
v -0.305400 0.053880 -0.085590
v -0.307600 0.050950 -0.091900
v -0.321379 0.049751 -0.088791
v -0.320985 0.048322 -0.104423
v -0.331846 0.044213 -0.092121
v -0.329317 0.041859 -0.107065
v -0.337975 0.034347 -0.094072
v -0.333700 0.032950 -0.108440
v -0.334686 0.023723 -0.108777
v -0.339193 0.023026 -0.094475
v -0.332693 0.015027 -0.108140
v -0.336796 0.013920 -0.093684
v -0.326334 0.006005 -0.106068
v -0.329558 0.004933 -0.091377
v -0.316050 0.001347 -0.102806
v -0.320700 0.001600 -0.088560
v -0.313347 0.001859 -0.086218
v -0.305662 0.003059 -0.099512
v -0.304256 0.007378 -0.083297
v -0.298600 0.008820 -0.097230
v -0.298799 0.015930 -0.081570
v -0.294500 0.015190 -0.095960
v -0.292799 0.023350 -0.095400
v -0.297352 0.023357 -0.079884
v -0.299500 0.023350 -0.097520
v -0.304000 0.023350 -0.083230
v -0.301100 0.058550 -0.096800
v -0.298168 0.058555 -0.097853
v -0.296137 0.023350 -0.097934
v -0.293034 0.058550 -0.097109
v -0.289803 0.023350 -0.095080
v -0.288662 0.058550 -0.093165
v -0.287712 0.023350 -0.087086
v -0.287855 0.058550 -0.087148
v -0.289901 0.058550 -0.082830
v -0.291543 0.023350 -0.081242
v -0.293795 0.058550 -0.080187
v -0.298376 0.058550 -0.079800
v -0.301573 0.023350 -0.080939
v -0.303675 0.058561 -0.082598
v -0.305300 0.058550 -0.085770
v -0.305799 0.056940 -0.089790
v -0.194400 0.053400 0.250560
v -0.197701 0.049440 0.249060
v -0.194800 0.050060 0.254030
v -0.185300 0.049820 0.257410
v -0.187901 0.048930 0.261140
v -0.183200 0.053160 0.254520
v -0.187600 0.054270 0.254870
v -0.192145 0.049824 0.267050
v -0.200700 0.049120 0.253310
v -0.206113 0.049558 0.260735
v -0.196956 0.047877 0.273719
v -0.210300 0.046670 0.266480
v -0.213757 0.041702 0.271343
v -0.201400 0.041650 0.279890
v -0.204382 0.032387 0.284061
v -0.216651 0.031156 0.275368
v -0.216620 0.019655 0.275318
v -0.204277 0.018535 0.283855
v -0.200956 0.008271 0.279293
v -0.213543 0.009035 0.271075
v -0.197400 0.003860 0.274430
v -0.208364 0.002696 0.263953
v -0.193267 0.001375 0.268600
v -0.203380 0.001259 0.256941
v -0.187064 0.002923 0.259985
v -0.197553 0.004539 0.248844
v -0.181664 0.010643 0.252448
v -0.192709 0.013794 0.242137
v -0.178972 0.023336 0.248651
v -0.191300 0.023350 0.240100
v -0.195300 0.023350 0.245740
v -0.183191 0.023350 0.254640
v -0.195400 0.058550 0.245650
v -0.194697 0.023350 0.242344
v -0.194207 0.058550 0.241486
v -0.190860 0.023350 0.237923
v -0.191031 0.058550 0.238143
v -0.185268 0.058550 0.236734
v -0.185275 0.023350 0.236860
v -0.179941 0.023350 0.239119
v -0.179935 0.058550 0.239286
v -0.177497 0.058550 0.243352
v -0.177284 0.023350 0.244176
v -0.177303 0.058550 0.248144
v -0.177833 0.023350 0.249907
v -0.180788 0.058552 0.253524
v -0.187799 0.058550 0.254710
v 0.164700 0.050080 0.254610
v 0.168400 0.052440 0.253760
v 0.167800 0.048800 0.258890
v 0.173341 0.049572 0.254704
v 0.178600 0.048610 0.248320
v 0.176100 0.052970 0.244760
v 0.184201 0.049660 0.255950
v 0.173400 0.049800 0.266510
v 0.188784 0.048425 0.262082
v 0.178461 0.046851 0.273423
v 0.194098 0.041615 0.269357
v 0.183222 0.038614 0.279892
v 0.196971 0.031353 0.273272
v 0.185257 0.027182 0.282606
v 0.197134 0.021311 0.273497
v 0.184164 0.015844 0.281209
v 0.194900 0.011660 0.270410
v 0.181300 0.008560 0.277380
v 0.191347 0.005094 0.265650
v 0.176729 0.002780 0.271047
v 0.185738 0.001375 0.257920
v 0.171458 0.001260 0.263886
v 0.179458 0.002876 0.249502
v 0.165638 0.004438 0.255912
v 0.174161 0.010107 0.242156
v 0.160829 0.013338 0.249407
v 0.171154 0.023326 0.238066
v 0.159201 0.023350 0.247170
v 0.163300 0.023350 0.252770
v 0.175400 0.023350 0.243900
v 0.172600 0.055850 0.250840
v 0.168500 0.058550 0.252960
v 0.163500 0.058560 0.253020
v 0.160373 0.023350 0.251175
v 0.158772 0.058549 0.249576
v 0.157804 0.023350 0.247490
v 0.157300 0.058550 0.245200
v 0.157529 0.023350 0.241393
v 0.157945 0.058550 0.240199
v 0.162925 0.023350 0.235400
v 0.162075 0.058550 0.236109
v 0.166473 0.058550 0.235061
v 0.169801 0.023350 0.235739
v 0.170932 0.058550 0.236306
v 0.174224 0.023350 0.239324
v 0.175089 0.058562 0.241201
v 0.174700 0.058550 0.247230
v 0.281600 0.053720 -0.087300
v 0.282700 0.055160 -0.092220
v 0.285464 0.049232 -0.087632
v 0.284700 0.049920 -0.097090
v 0.281899 0.048850 -0.102280
v 0.276700 0.051630 -0.100570
v 0.280400 0.053510 -0.097650
v 0.294433 0.049395 -0.106441
v 0.298051 0.049583 -0.091790
v 0.307632 0.045095 -0.094979
v 0.303881 0.044167 -0.109558
v 0.314240 0.035322 -0.097190
v 0.310139 0.033830 -0.111609
v 0.315891 0.022917 -0.097735
v 0.310697 0.019486 -0.111791
v 0.311851 0.010898 -0.096368
v 0.305182 0.008331 -0.109985
v 0.304100 0.003860 -0.093840
v 0.296276 0.002184 -0.107028
v 0.297478 0.001376 -0.091643
v 0.285927 0.001778 -0.103608
v 0.287508 0.002829 -0.088324
v 0.276550 0.007106 -0.100531
v 0.281300 0.007480 -0.086270
v 0.270900 0.015960 -0.098670
v 0.276000 0.014980 -0.084540
v 0.274201 0.023350 -0.083950
v 0.268766 0.023356 -0.099156
v 0.280800 0.023350 -0.086130
v 0.276100 0.023350 -0.100370
v 0.281627 0.058554 -0.087176
v 0.278391 0.023350 -0.083843
v 0.277503 0.058550 -0.083358
v 0.273962 0.023350 -0.082502
v 0.272940 0.058550 -0.082526
v 0.268437 0.023350 -0.083957
v 0.268575 0.058550 -0.084010
v 0.264880 0.058550 -0.088512
v 0.264565 0.023350 -0.089662
v 0.264700 0.058550 -0.093490
v 0.265365 0.023350 -0.095597
v 0.266676 0.058550 -0.097843
v 0.271862 0.058550 -0.100626
v 0.272662 0.023350 -0.100756
v 0.276797 0.058549 -0.100267
v -0.004682 0.058555 -0.302059
v -0.007200 0.052220 -0.305730
v -0.005200 0.050530 -0.305170
v -0.005200 0.048930 -0.310530
v -0.020200 0.048690 -0.309750
v -0.020200 0.051030 -0.303830
v -0.018000 0.053830 -0.304970
v -0.013300 0.054620 -0.306620
v -0.020250 0.049868 -0.318809
v -0.005301 0.049860 -0.319110
v -0.005300 0.046919 -0.328242
v -0.020301 0.045480 -0.330256
v -0.005301 0.038130 -0.336600
v -0.020350 0.036379 -0.337356
v -0.020400 0.028370 -0.339290
v -0.005400 0.028370 -0.339360
v -0.005360 0.020186 -0.339188
v -0.020400 0.018130 -0.338640
v -0.005300 0.009432 -0.334206
v -0.020300 0.010110 -0.334360
v -0.020302 0.004218 -0.328178
v -0.005301 0.003220 -0.325890
v -0.005253 0.001299 -0.319298
v -0.020243 0.001254 -0.318581
v -0.020200 0.002250 -0.311850
v -0.005197 0.002902 -0.309454
v -0.020200 0.006710 -0.303400
v -0.005200 0.008720 -0.301520
v -0.020200 0.014040 -0.298240
v -0.005100 0.017630 -0.296880
v -0.020080 0.023336 -0.295359
v -0.005100 0.023350 -0.295680
v -0.005184 0.023350 -0.302835
v -0.020200 0.023350 -0.302550
v -0.007900 0.058550 -0.304990
v -0.003516 0.023350 -0.297432
v -0.003543 0.058550 -0.296644
v -0.004681 0.023350 -0.292883
v -0.005021 0.058550 -0.292392
v -0.008014 0.023350 -0.289580
v -0.008451 0.058550 -0.289361
v -0.012598 0.023350 -0.288292
v -0.014891 0.058550 -0.288394
v -0.018395 0.023350 -0.290208
v -0.020084 0.058550 -0.292198
v -0.021475 0.023350 -0.295046
v -0.021927 0.058550 -0.297631
v -0.021565 0.023350 -0.299492
v -0.019670 0.058532 -0.303560
v 0.130800 0.647990 0.171630
v 0.131800 0.652870 0.167780
v 0.134371 0.647214 0.167473
v 0.134919 0.654076 0.166024
v 0.135266 0.643100 0.171972
v 0.138364 0.643006 0.177303
v 0.131500 0.645780 0.178190
v 0.139233 0.646821 0.181893
v 0.135800 0.648540 0.182250
v 0.139941 0.653248 0.183410
v 0.128900 0.655440 0.174110
v 0.131903 0.656833 0.181335
v 0.139081 0.659277 0.181165
v 0.137201 0.661890 0.177790
v 0.136716 0.662343 0.173223
v 0.133600 0.661250 0.174240
v 0.135455 0.659707 0.168600
v 0.132600 0.659220 0.170680
v 0.187523 0.661540 0.164589
v 0.189090 0.642742 0.159813
v 0.181379 0.645876 0.155489
v 0.180600 0.650830 0.153660
v 0.180460 0.655985 0.154046
v 0.182373 0.661159 0.157403
v 0.159885 0.453241 -0.069493
v 0.229100 0.486290 -0.068860
v 0.215618 0.481013 -0.071543
v 0.220000 0.488150 -0.076860
v 0.214346 0.484131 -0.079347
v 0.213044 0.481390 -0.083841
v 0.220799 0.485620 -0.083910
v 0.219594 0.479356 -0.086843
v 0.226700 0.487290 -0.085890
v 0.221668 0.473192 -0.086860
v 0.229219 0.472735 -0.083295
v 0.224900 0.468290 -0.079860
v 0.233003 0.477295 -0.071803
v 0.219915 0.468677 -0.071383
v 0.239737 0.496544 -0.068149
v 0.234201 0.476020 -0.075390
v 0.243700 0.488410 -0.073680
v 0.234500 0.475880 -0.079480
v 0.242408 0.485171 -0.077728
v 0.243600 0.494360 -0.069810
v 0.243000 0.487460 -0.081330
v 0.238700 0.486360 -0.084950
v 0.226895 0.492464 -0.083032
v 0.237658 0.495407 -0.086317
v 0.235700 0.500910 -0.085060
v 0.228403 0.491985 -0.070908
v 0.229400 0.498900 -0.074930
v 0.235201 0.505990 -0.069950
v 0.234098 0.507760 -0.080752
v 0.245300 0.496170 -0.083330
v 0.248600 0.498160 -0.076710
v 0.250540 0.507467 -0.071895
v 0.252196 0.517694 -0.076983
v 0.251090 0.509274 -0.080060
v 0.248600 0.520120 -0.082630
v 0.245183 0.511318 -0.084970
v 0.233300 0.508270 -0.074230
v 0.237703 0.502432 -0.068336
v 0.231947 0.653317 0.136035
v 0.254585 0.653115 -0.009576
v 0.231092 0.656241 0.132151
v 0.252126 0.656495 -0.006398
v 0.222192 0.660246 0.133795
v 0.248613 0.658728 -0.015504
v 0.221896 0.659637 -0.016713
v 0.192482 0.657435 0.138972
v 0.214411 0.655173 -0.018529
v 0.189478 0.654622 0.141072
v 0.212525 0.653169 -0.012176
v 0.191243 0.652195 0.125316
v 0.215113 0.650388 -0.026086
v 0.189995 0.650629 0.137699
v 0.215021 0.649030 -0.018910
v 0.242300 0.644580 -0.008840
v 0.250937 0.647216 -0.011203
v 0.229320 0.648286 0.136241
v 0.254488 0.649935 -0.013001
v 0.232680 0.651580 0.132764
v 0.160153 0.445585 -0.071328
v 0.163116 0.442488 -0.078753
v 0.165040 0.445362 -0.084126
v 0.158900 0.442660 -0.075970
v 0.159400 0.443810 -0.082050
v 0.159924 0.448260 -0.086875
v 0.160547 0.453215 -0.087277
v 0.157758 0.456597 -0.085724
v 0.152800 0.449940 -0.081790
v 0.152600 0.451710 -0.074220
v 0.158204 0.458182 -0.071895
v 0.156138 0.460058 -0.075892
v 0.212048 0.461728 -0.076960
v 0.155519 0.460106 -0.080907
v 0.188900 0.646460 0.150340
v 0.194900 0.643870 0.149500
v 0.207594 0.643637 0.136720
v 0.187600 0.650850 0.146810
v 0.184700 0.651470 0.150550
v 0.184900 0.658050 0.153170
v 0.187700 0.655900 0.148040
v 0.194946 0.662050 0.153375
v 0.187799 0.661100 0.154550
v 0.211723 0.659742 0.154122
v 0.210000 0.657220 0.158880
v 0.202700 0.654080 0.164340
v 0.204867 0.648223 0.162217
v 0.203201 0.644950 0.159050
v 0.213700 0.651820 0.158070
v 0.220201 0.648530 0.152000
v 0.230300 0.650920 0.139410
v 0.226201 0.652080 0.146910
v 0.223988 0.654651 0.148855
v 0.224600 0.657650 0.143510
v 0.240240 0.578863 -0.057361
v 0.252279 0.546050 -0.068141
v 0.249262 0.594162 -0.053790
v 0.240106 0.596477 -0.052536
v 0.242201 0.609050 -0.048010
v 0.237664 0.628419 -0.037435
v 0.246202 0.633880 -0.032720
v 0.249853 0.626461 -0.039597
v 0.234043 0.642399 -0.020056
v 0.246300 0.639550 -0.026080
v 0.246442 0.644035 -0.016635
v 0.251900 0.644750 -0.020400
v 0.254539 0.628856 -0.040303
v 0.255955 0.644126 -0.027923
v 0.254536 0.653803 -0.018518
v 0.256000 0.649040 -0.025040
v 0.252399 0.652590 -0.027340
v 0.245500 0.655730 -0.027750
v 0.236733 0.660520 -0.018876
v 0.237700 0.655890 -0.030360
v 0.242805 0.648812 -0.038650
v 0.250450 0.645373 -0.038924
v 0.256310 0.644206 -0.033613
v 0.256988 0.626281 -0.045493
v 0.254171 0.574236 -0.063788
v 0.255312 0.599015 -0.059910
v 0.253600 0.621210 -0.053880
v 0.246758 0.622603 -0.056862
v 0.250999 0.633970 -0.048130
v 0.232970 0.650226 -0.038805
v 0.237100 0.623830 -0.057790
v 0.227430 0.621257 -0.057156
v 0.222800 0.656380 -0.027170
v 0.230700 0.659250 -0.023280
v 0.223800 0.650360 -0.036280
v 0.217617 0.649060 -0.034071
v 0.217400 0.644650 -0.030360
v 0.222800 0.639190 -0.032070
v 0.221773 0.644202 -0.021817
v 0.235201 0.635320 -0.031880
v 0.225600 0.631140 -0.039860
v 0.221100 0.634190 -0.041060
v 0.220876 0.631898 -0.046476
v 0.229959 0.594995 -0.057615
v 0.224977 0.611765 -0.055524
v 0.222500 0.633250 -0.049000
v 0.223500 0.642530 -0.043710
v 0.226773 0.607659 -0.060670
v 0.229391 0.584180 -0.064192
v 0.240603 0.527597 -0.065600
v -0.154197 0.650753 0.168048
v -0.149500 0.654700 0.173480
v -0.154429 0.657264 0.168703
v -0.157244 0.661666 0.172437
v -0.153900 0.660730 0.174400
v -0.157151 0.662189 0.178902
v -0.152000 0.657560 0.180310
v -0.160136 0.659477 0.182377
v -0.154700 0.655950 0.183810
v -0.158600 0.654750 0.185060
v -0.160544 0.649572 0.184473
v -0.159618 0.644569 0.181402
v -0.153500 0.648360 0.182780
v -0.157001 0.642710 0.177440
v -0.156609 0.643031 0.173511
v -0.151700 0.645940 0.175170
v -0.155000 0.646370 0.169610
v -0.203600 0.662450 0.164130
v -0.206875 0.661141 0.158232
v -0.204792 0.657304 0.155299
v -0.201799 0.650830 0.155450
v -0.201786 0.646100 0.157396
v -0.207885 0.643755 0.158378
v -0.210251 0.654976 0.171556
v -0.250162 0.478330 -0.066859
v -0.240877 0.480487 -0.068193
v -0.239777 0.476144 -0.067033
v -0.237582 0.482673 -0.071257
v -0.257818 0.490237 -0.065944
v -0.233100 0.482160 -0.076580
v -0.237754 0.483832 -0.078956
v -0.245500 0.490110 -0.075830
v -0.246000 0.488080 -0.080950
v -0.253554 0.489288 -0.083905
v -0.244243 0.466946 -0.080015
v -0.247286 0.476734 -0.084655
v -0.246500 0.472630 -0.083710
v -0.255197 0.476042 -0.081424
v -0.248000 0.467930 -0.074690
v -0.245627 0.469377 -0.069647
v -0.254900 0.474230 -0.071740
v -0.258200 0.481070 -0.068730
v -0.252100 0.497910 -0.077390
v -0.246300 0.489320 -0.071850
v -0.255700 0.497900 -0.067690
v -0.250799 0.490200 -0.068080
v -0.260190 0.500408 -0.065676
v -0.258121 0.512319 -0.069248
v -0.253799 0.501550 -0.072340
v -0.262249 0.516200 -0.064732
v -0.265211 0.497650 -0.083016
v -0.266000 0.489600 -0.080380
v -0.254700 0.498370 -0.080680
v -0.265600 0.485360 -0.076200
v -0.265700 0.486500 -0.071540
v -0.267900 0.496360 -0.067580
v -0.271799 0.497850 -0.074060
v -0.260667 0.510712 -0.080702
v -0.256400 0.509340 -0.074310
v -0.264560 0.553793 -0.059278
v -0.257811 0.522420 -0.073608
v -0.258648 0.516515 -0.077193
v -0.263953 0.509663 -0.082474
v -0.269641 0.513701 -0.081536
v -0.274000 0.514000 -0.077910
v -0.275151 0.513304 -0.074538
v -0.273300 0.505280 -0.070350
v -0.268799 0.515300 -0.064180
v -0.253474 0.652088 0.136918
v -0.274281 0.647298 -0.010802
v -0.243487 0.645303 -0.016967
v -0.237637 0.648957 -0.017452
v -0.235376 0.652506 -0.012823
v -0.210807 0.654428 0.140860
v -0.236410 0.655810 -0.010333
v -0.240891 0.657877 -0.016858
v -0.250487 0.661029 -0.012637
v -0.227995 0.661334 0.136354
v -0.264668 0.660396 -0.013475
v -0.251815 0.655850 0.137965
v -0.181400 0.446750 -0.070380
v -0.185253 0.449758 -0.067718
v -0.176799 0.446080 -0.077980
v -0.184489 0.444039 -0.082619
v -0.184484 0.451645 -0.085826
v -0.179400 0.451920 -0.084610
v -0.185182 0.458967 -0.083807
v -0.177313 0.458122 -0.081214
v -0.180903 0.461228 -0.078158
v -0.179648 0.454241 -0.068646
v -0.176799 0.456310 -0.073690
v -0.181254 0.460882 -0.073802
v -0.181820 0.458330 -0.070080
v -0.184300 0.441710 -0.075980
v -0.186582 0.444260 -0.071783
v -0.211004 0.642683 0.163285
v -0.206000 0.648170 0.153980
v -0.209500 0.648150 0.149370
v -0.207200 0.652980 0.151140
v -0.211500 0.659480 0.151160
v -0.209428 0.661385 0.167231
v -0.232168 0.659322 0.157615
v -0.224970 0.657883 0.164107
v -0.245960 0.653905 0.151771
v -0.215100 0.644830 0.146610
v -0.241600 0.659390 0.146750
v -0.234600 0.649970 0.159820
v -0.227100 0.652550 0.164910
v -0.227996 0.645621 0.160377
v -0.246700 0.648910 0.147840
v -0.260181 0.593867 -0.051829
v -0.265448 0.604459 -0.047412
v -0.258464 0.628528 -0.035872
v -0.254900 0.599130 -0.052120
v -0.251900 0.611930 -0.048100
v -0.252226 0.594616 -0.056169
v -0.251700 0.624500 -0.041050
v -0.259501 0.640280 -0.021780
v -0.251600 0.638880 -0.026650
v -0.255403 0.642763 -0.015828
v -0.247900 0.636110 -0.032700
v -0.242400 0.643040 -0.026290
v -0.241900 0.639640 -0.034650
v -0.237799 0.652930 -0.021290
v -0.239500 0.645540 -0.030600
v -0.243609 0.655441 -0.025851
v -0.253600 0.658920 -0.022050
v -0.256701 0.652910 -0.032750
v -0.256223 0.647526 -0.039062
v -0.245900 0.651970 -0.032340
v -0.240600 0.645650 -0.034580
v -0.245146 0.630016 -0.041755
v -0.248014 0.614924 -0.054417
v -0.251853 0.588304 -0.060905
v -0.255022 0.574205 -0.068334
v -0.245000 0.634290 -0.045890
v -0.249835 0.637963 -0.046008
v -0.258438 0.569142 -0.071936
v -0.272899 0.531818 -0.077636
v -0.271707 0.558658 -0.074246
v -0.259511 0.616990 -0.058897
v -0.267900 0.610440 -0.060400
v -0.270160 0.623419 -0.053687
v -0.271406 0.646791 -0.036192
v -0.265900 0.655980 -0.025900
v -0.272200 0.651890 -0.028810
v -0.273400 0.656930 -0.016040
v -0.277271 0.653788 -0.012740
v -0.278911 0.644911 -0.025263
v -0.276600 0.645720 -0.018850
v -0.275700 0.638720 -0.027390
v -0.271100 0.641330 -0.021610
v -0.266600 0.628580 -0.034620
v -0.275298 0.627776 -0.036988
v -0.273000 0.611920 -0.044720
v -0.279000 0.628230 -0.039660
v -0.278938 0.647751 -0.026914
v -0.279600 0.631400 -0.041110
v -0.275467 0.636400 -0.042890
v -0.277819 0.621313 -0.049949
v -0.278463 0.599780 -0.056339
v -0.276556 0.573482 -0.066315
v -0.275751 0.539300 -0.069786
v -0.275386 0.552751 -0.064044
v -0.279288 0.616037 -0.047751
v -0.276136 0.577377 -0.058593
v -0.273371 0.595192 -0.051188
v -0.272900 0.572550 -0.057250
v -0.270297 0.540175 -0.061781
vn 0.1653 0.0001 -0.9862
vn 0.1058 0.6447 -0.7571
vn 0.6749 0.0108 -0.7378
vn 0.6933 0.0117 -0.7205
vn -0.4159 -0.3854 0.8237
vn -0.3085 -0.6830 0.6620
vn -0.1149 -0.7513 0.6499
vn 0.0598 -0.2830 0.9572
vn -0.1062 -0.2213 0.9694
vn -0.7319 0.6433 0.2249
vn -0.7424 -0.6342 0.2158
vn -0.4440 -0.6332 0.6340
vn -0.5732 -0.0035 0.8194
vn 0.1238 -0.8403 0.5278
vn 0.1641 -0.8724 0.4604
vn -0.1347 -0.8390 0.5271
vn -0.1563 -0.6979 0.6989
vn -0.2381 -0.8404 0.4869
vn 0.9805 0.1024 -0.1676
vn 0.7036 -0.7100 0.0291
vn 0.5651 -0.7643 0.3106
vn 0.6932 -0.6395 0.3324
vn 0.9614 0.2649 -0.0741
vn 0.9338 0.2396 -0.2656
vn 0.5573 0.7277 -0.3999
vn 0.7393 0.6698 -0.0694
vn 0.3550 -0.9284 0.1094
vn 0.6793 -0.6977 0.2274
vn 0.6589 -0.7191 0.2207
vn 0.2944 -0.9518 0.0858
vn -0.6068 0.4174 0.6764
vn -0.7927 0.1523 0.5903
vn -0.6973 0.2854 0.6575
vn -0.4011 0.2165 0.8901
vn -0.0530 -0.7040 0.7083
vn 0.4179 -0.4515 0.7883
vn 0.4678 -0.7995 0.3767
vn 0.0676 -0.8207 0.5673
vn 0.0653 0.0045 -0.9979
vn 0.0797 0.0053 -0.9968
vn -0.1328 -0.6574 -0.7418
vn -0.1833 0.0021 -0.9831
vn -0.6874 -0.3190 0.6524
vn 0.6474 -0.3732 0.6645
vn -0.0142 -0.1776 0.9840
vn -0.0932 -0.1512 0.9841
vn -0.2464 0.9629 -0.1102
vn 0.0380 0.9950 -0.0920
vn 0.0033 0.9474 -0.3200
vn -0.1483 0.8599 -0.4885
vn -0.4339 0.7291 -0.5293
vn -0.4337 0.8858 -0.1655
vn -0.9698 0.1871 -0.1564
vn -0.8401 -0.5017 -0.2064
vn -0.9870 -0.1425 0.0747
vn -0.8413 -0.3484 0.4133
vn -0.7934 -0.4337 0.4271
vn -0.9116 0.0139 0.4108
vn -0.9152 -0.0538 0.3995
vn 0.0341 -0.2221 0.9744
vn 0.0135 -0.4173 0.9087
vn -0.2375 -0.3415 0.9094
vn -0.4000 -0.1836 0.8979
vn -0.4224 -0.0668 0.9039
vn 0.0549 -0.0286 0.9981
vn -0.7115 0.0926 -0.6966
vn -0.9809 0.1799 -0.0747
vn -0.8196 0.4880 -0.3002
vn -0.3777 0.4420 -0.8136
vn -0.3359 0.6410 0.6902
vn -0.1944 0.4968 0.8458
vn 0.8835 0.4570 0.1032
vn 0.1891 0.9476 0.2576
vn -0.8331 -0.0900 0.5457
vn -0.9677 0.2329 0.0961
vn -0.9860 0.1413 0.0883
vn -0.9838 0.0398 0.1750
vn -0.9847 0.0478 0.1674
vn -0.9690 0.0851 0.2319
vn -0.9806 0.0635 0.1856
vn -0.6603 -0.1680 0.7319
vn -0.5938 0.0733 0.8012
vn -0.8716 0.0220 0.4897
vn -0.8257 -0.0420 0.5625
vn -0.1632 0.9249 -0.3435
vn -0.4451 0.6590 -0.6063
vn -0.6926 0.6718 -0.2628
vn -0.5364 0.7899 -0.2973
vn -0.5159 0.7314 -0.4460
vn -0.3100 0.7393 -0.5977
vn -0.2478 0.7070 -0.6624
vn -0.6493 0.7304 -0.2120
vn -0.4140 0.9043 0.1046
vn -0.1820 0.9709 -0.1559
vn -0.1650 0.9353 -0.3130
vn -0.2174 0.2049 0.9543
vn -0.2534 0.1994 0.9466
vn -0.8585 -0.0074 0.5128
vn -0.5059 0.0095 0.8625
vn -0.5229 0.0096 0.8523
vn -0.9534 0.0074 0.3016
vn -0.1789 -0.4274 0.8862
vn -0.3653 -0.3960 0.8425
vn -0.0586 -0.5887 0.8062
vn 0.3094 -0.0031 -0.9509
vn 0.4415 0.7042 -0.5560
vn 0.6850 0.5234 -0.5067
vn 0.9249 -0.0177 -0.3797
vn 0.5278 -0.6612 -0.5331
vn 0.0696 -0.7760 -0.6269
vn -0.3554 0.4432 -0.8230
vn -0.1906 0.5813 -0.7910
vn -0.1645 0.8348 0.5254
vn -0.0304 0.3001 0.9534
vn 0.2442 0.0089 0.9697
vn 0.0418 0.0044 0.9991
vn 0.4241 0.3739 0.8248
vn 0.6121 -0.0014 0.7908
vn -0.1280 0.9186 -0.3738
vn -0.2537 0.7259 -0.6393
vn -0.5733 0.7912 -0.2132
vn -0.4799 0.5788 -0.6593
vn -0.1794 -0.8179 0.5468
vn -0.0053 -0.8280 0.5607
vn 0.2309 -0.8254 0.5151
vn 0.0446 -0.9729 0.2268
vn -0.2250 -0.9629 0.1490
vn -0.2677 0.9632 -0.0231
vn -0.7530 0.6529 0.0825
vn -0.2620 0.4518 -0.8528
vn -0.5079 0.2014 -0.8376
vn -0.7732 0.3370 -0.5371
vn 0.8078 0.0439 -0.5879
vn -0.1084 -0.0561 -0.9925
vn -0.1412 0.2914 -0.9461
vn 0.5676 0.3000 -0.7667
vn -0.2973 -0.8641 -0.4061
vn -0.5000 -0.5073 -0.7019
vn -0.4784 -0.5717 -0.6666
vn -0.2582 -0.8990 -0.3537
vn -0.1845 0.7653 -0.6167
vn -0.2606 0.8770 -0.4036
vn -0.2414 0.5515 -0.7985
vn -0.0391 -0.6204 0.7833
vn -0.3277 -0.9095 0.2559
vn -0.1722 -0.7172 0.6753
vn -0.2849 -0.5333 0.7965
vn -0.7781 0.6257 -0.0558
vn -0.7046 0.7094 -0.0178
vn -0.8704 0.4791 -0.1131
vn -0.9056 0.4003 -0.1402
vn -0.6572 0.3956 -0.6416
vn -0.5877 0.4567 -0.6679
vn -0.8414 0.1695 -0.5131
vn 0.0339 0.2187 -0.9752
vn -0.0393 0.2887 -0.9566
vn -0.9813 -0.0030 -0.1927
vn 0.0020 -0.6812 0.7321
vn 0.0006 -0.3725 0.9280
vn 0.0015 -0.4138 0.9104
vn 0.0015 -0.7197 0.6942
vn -0.0897 0.9743 -0.2066
vn -0.1902 0.9639 -0.1863
vn -0.1235 0.8888 0.4414
vn 0.2035 0.8855 0.4177
vn 0.2331 0.9712 0.0495
vn 0.3531 0.9277 -0.1211
vn 0.0731 0.9861 -0.1490
vn 0.6929 -0.6992 0.1763
vn 0.4760 -0.8743 0.0950
vn 0.3741 -0.8606 0.3457
vn 0.3092 -0.9022 0.3009
vn 0.3440 -0.9216 0.1798
vn 0.5772 -0.8166 0.0057
vn 0.6930 -0.6990 0.1765
vn 0.4014 0.9139 0.0609
vn 0.5137 0.8543 -0.0795
vn 0.4040 0.8860 -0.2274
vn 0.6384 0.6814 0.3581
vn -0.9153 0.3245 0.2386
vn -0.8373 0.4490 0.3121
vn -0.6577 0.7159 0.2343
vn -0.7976 0.5889 0.1305
vn -0.4744 -0.1842 0.8608
vn -0.3655 -0.2258 0.9030
vn -0.3807 -0.2373 0.8937
vn -0.8104 -0.2931 0.5073
vn -0.6759 -0.1950 0.7107
vn 0.4301 0.2642 -0.8632
vn 0.5987 0.4487 -0.6635
vn 0.8715 0.1965 -0.4494
vn 0.6913 0.0334 -0.7218
vn 0.0219 0.1449 0.9892
vn -0.0757 -0.3505 0.9335
vn 0.3436 -0.5094 0.7890
vn 0.2571 -0.1362 0.9567
vn -0.2431 -0.8591 0.4504
vn 0.0522 -0.9178 0.3936
vn -0.1502 -0.8642 0.4803
vn -0.2657 -0.9084 0.3229
vn -0.4108 0.5937 -0.6919
vn 0.0069 0.9083 -0.4182
vn -0.1526 0.7576 -0.6347
vn 0.7310 -0.6317 0.2582
vn 0.9040 -0.1951 -0.3805
vn 0.8701 -0.3471 0.3500
vn -0.8311 0.5128 -0.2152
vn -0.8275 0.4020 -0.3919
vn 0.5414 0.1914 -0.8187
vn 0.9118 -0.0876 -0.4012
vn 0.6622 -0.2375 -0.7107
vn 0.2557 0.1147 -0.9599
vn -0.3866 -0.7935 0.4700
vn -0.3808 -0.8980 0.2202
vn -0.8068 -0.5880 -0.0576
vn -0.5678 -0.7409 0.3586
vn -0.7832 -0.5254 0.3325
vn -0.4236 -0.5794 0.6963
vn 0.7912 -0.4814 -0.3773
vn 0.4722 -0.6827 -0.5576
vn 0.4793 -0.3064 -0.8224
vn 0.9992 -0.0173 -0.0360
vn 0.9640 0.0012 -0.2661
vn 0.9691 0.0658 -0.2378
vn 0.8199 0.3323 -0.4662
vn 0.9633 -0.0053 -0.2685
vn 0.4085 -0.9062 0.1092
vn -0.4465 -0.6670 0.5965
vn -0.1208 -0.4939 0.8611
vn -0.1154 0.0005 0.9933
vn -0.6093 0.0003 0.7930
vn 0.4992 -0.1881 0.8458
vn 0.1972 -0.6471 0.7365
vn 0.7766 -0.5737 0.2602
vn 0.1670 -0.9795 -0.1127
vn 0.4944 -0.8594 -0.1304
vn 0.3032 0.5216 0.7975
vn -0.1663 0.7354 0.6570
vn -0.3136 0.3543 0.8810
vn -0.0471 0.2065 0.9773
vn -0.3109 -0.0021 -0.9504
vn -0.4087 -0.8343 0.3700
vn -0.3021 -0.8984 0.3189
vn 0.1046 -0.6268 0.7722
vn -0.5227 -0.5150 0.6794
vn 0.8542 0.1079 0.5086
vn 0.8179 -0.0143 0.5752
vn 0.5910 0.0755 0.8031
vn 0.8589 0.0337 0.5110
vn -0.4621 -0.0255 0.8865
vn -0.5887 0.0059 0.8084
vn -0.8806 -0.0032 0.4739
vn -0.8921 -0.0010 0.4519
vn -0.7266 0.6316 0.2704
vn -0.3953 0.3869 0.8331
vn -0.3269 0.9388 0.1087
vn 0.5425 0.2462 -0.8031
vn 0.2219 0.3561 -0.9077
vn 0.4272 0.5393 -0.7257
vn 0.0512 0.3691 -0.9280
vn 0.1546 0.5174 -0.8417
vn 0.6710 0.2526 -0.6971
vn 0.4106 0.2237 -0.8840
vn 0.2124 0.4174 -0.8836
vn 0.1096 0.2186 -0.9696
vn -0.9970 0.0103 -0.0771
vn -0.9994 0.0123 -0.0321
vn -0.3542 0.7529 -0.5547
vn -0.2604 0.7322 -0.6293
vn -0.3658 0.6689 -0.6471
vn -0.6520 0.7377 -0.1754
vn -0.8253 0.3083 -0.4732
vn -0.0148 0.7656 -0.6431
vn -0.0231 0.6648 -0.7467
vn -0.1848 0.4379 -0.8798
vn -0.4456 0.5841 -0.6784
vn -0.4406 0.6133 -0.6556
vn -0.2254 -0.1838 0.9568
vn 0.1362 -0.5550 0.8206
vn 0.1427 -0.5675 0.8109
vn 0.3836 -0.2687 0.8835
vn -0.2202 -0.3696 0.9027
vn -0.2083 -0.2397 0.9483
vn 0.5720 -0.7695 -0.2840
vn 0.7524 -0.6147 -0.2368
vn 0.4745 -0.6993 0.5346
vn 0.1302 -0.8898 -0.4374
vn -0.5882 0.0045 0.8087
vn -0.7931 0.0057 0.6091
vn -0.6920 -0.0027 0.7219
vn -0.6891 0.0027 0.7247
vn 0.1230 -0.9874 -0.0994
vn 0.0423 -0.8722 0.4873
vn -0.1396 -0.9855 0.0964
vn -0.8555 -0.0104 -0.5177
vn -0.8315 -0.0123 -0.5554
vn -0.3425 0.6467 -0.6816
vn -0.4257 -0.0109 -0.9048
vn 0.2066 0.9097 -0.3603
vn 0.0889 0.9834 -0.1581
vn 0.0825 0.9906 -0.1092
vn 0.1613 0.9220 -0.3519
vn 0.2009 0.9783 -0.0515
vn -0.0890 0.9959 -0.0176
vn 0.0936 0.9936 0.0630
vn 0.8644 0.5011 0.0420
vn 0.9836 0.0834 -0.1602
vn 0.9294 0.2069 0.3057
vn 0.6179 0.7689 0.1645
vn 0.9450 -0.3270 -0.0058
vn 0.9269 0.1426 0.3471
vn 0.9134 0.0648 -0.4019
vn 0.8284 0.4672 0.3089
vn 0.7951 0.5226 0.3078
vn 0.2693 -0.0106 -0.9630
vn -0.0753 -0.6319 -0.7714
vn -0.1236 0.0827 -0.9889
vn 0.0265 0.0873 -0.9958
vn 0.0796 -0.0001 -0.9968
vn 0.4581 0.6712 0.5828
vn 0.2092 0.9467 0.2451
vn 0.4477 0.6572 0.6063
vn 0.5618 -0.6056 0.5636
vn 0.5000 -0.8521 0.1547
vn 0.8419 -0.3191 0.4352
vn 0.6647 -0.6211 0.4153
vn -0.0125 -0.0611 0.9981
vn 0.0016 0.1640 0.9865
vn 0.3127 -0.1852 0.9316
vn -0.8589 -0.1482 0.4903
vn -0.9447 -0.3279 -0.0054
vn -0.7489 -0.5467 0.3746
vn -0.5973 -0.3084 0.7403
vn -0.0339 0.6152 -0.7876
vn -0.2066 0.2797 -0.9376
vn -0.0451 0.2673 -0.9625
vn -0.2433 0.8047 -0.5415
vn -0.2314 0.7656 -0.6002
vn 0.8739 0.0051 -0.4861
vn 0.7461 0.6550 0.1192
vn 0.7728 -0.6223 0.1246
vn 0.7788 -0.0115 -0.6272
vn 0.1748 -0.7710 -0.6124
vn 0.3472 -0.9305 0.1166
vn 0.2072 -0.6183 0.7582
vn -0.0778 -0.6847 0.7247
vn -0.1364 -0.9902 -0.0305
vn 0.0403 0.2994 0.9533
vn 0.4118 0.1680 0.8957
vn 0.1789 0.7943 0.5806
vn 0.8450 0.5339 0.0317
vn 0.6856 0.3408 0.6433
vn 0.8062 -0.0003 0.5917
vn 0.5451 -0.5105 -0.6650
vn 0.8353 -0.2177 -0.5049
vn 0.4019 -0.1190 -0.9079
vn 0.2619 -0.5778 -0.7730
vn -0.2809 0.9487 -0.1448
vn 0.0302 0.9992 0.0256
vn -0.0704 0.9824 -0.1729
vn 0.2823 -0.9409 0.1871
vn 0.5096 -0.8432 0.1712
vn 0.2294 -0.9050 0.3583
vn 0.0026 -0.9132 0.4075
vn -0.3769 -0.8768 -0.2986
vn 0.0644 -0.9978 0.0178
vn -0.0227 -0.9641 0.2644
vn 0.2389 -0.9266 0.2905
vn 0.7069 0.5750 -0.4120
vn 0.9201 0.2545 -0.2977
vn 0.5613 -0.8196 0.1149
vn 0.1358 -0.9870 -0.0858
vn 0.1701 -0.9648 -0.2004
vn 0.4221 -0.8971 0.1306
vn 0.4202 0.8820 0.2132
vn -0.8904 -0.3196 -0.3240
vn -0.8995 -0.2765 -0.3382
vn -0.6484 -0.7358 -0.1952
vn -0.6826 -0.5642 0.4644
vn -0.9082 -0.2216 -0.3550
vn 0.4451 0.8599 -0.2497
vn 0.0241 0.9589 -0.2826
vn 0.9942 0.0334 -0.1022
vn 0.7709 -0.0884 -0.6308
vn 0.9282 -0.0582 -0.3676
vn 0.8859 0.2588 -0.3849
vn 0.4402 0.7569 -0.4830
vn 0.8937 0.1995 -0.4020
vn 0.0337 0.0500 -0.9982
vn 0.3637 0.1772 -0.9145
vn 0.3364 0.9382 -0.0812
vn 0.3128 0.9251 -0.2152
vn 0.2672 0.8724 -0.4093
vn 0.0624 0.9943 0.0869
vn 0.2924 0.8673 0.4029
vn 0.2578 0.8982 0.3561
vn 0.0465 0.9968 0.0644
vn -0.2587 -0.3973 -0.8805
vn -0.8669 0.2049 -0.4545
vn -0.4990 0.3402 -0.7971
vn -0.2661 0.0672 -0.9616
vn -0.3418 0.2791 -0.8974
vn -0.3834 0.3639 -0.8489
vn 0.4345 0.8681 -0.2400
vn 0.5552 0.7882 -0.2655
vn 0.7493 0.6402 -0.1694
vn 0.8642 0.5032 0.0023
vn 0.6890 0.6719 0.2718
vn -0.6371 -0.4768 -0.6056
vn -0.2789 -0.8037 -0.5256
vn -0.2397 -0.0980 -0.9659
vn -0.0057 -0.2316 -0.9728
vn -0.0035 -0.2659 -0.9640
vn -0.0052 0.1063 -0.9943
vn -0.0052 0.1068 -0.9943
vn -0.3954 0.5745 0.7167
vn -0.2830 0.1593 0.9458
vn -0.0252 0.6804 0.7324
vn -0.1836 0.8588 0.4782
vn -0.7849 -0.4265 -0.4495
vn -0.4326 -0.2673 -0.8611
vn -0.4709 -0.8029 -0.3655
vn 0.2869 -0.8655 -0.4107
vn 0.7482 -0.6567 0.0945
vn 0.5454 -0.7549 0.3644
vn 0.0130 -0.9960 -0.0882
vn 0.0562 -0.2486 0.9670
vn -0.0840 -0.3427 0.9357
vn -0.2674 -0.4393 0.8576
vn -0.3538 -0.1260 0.9268
vn -0.0181 -0.9639 0.2657
vn -0.2854 -0.8284 0.4820
vn -0.0702 -0.9098 -0.4091
vn -0.3949 -0.9141 -0.0919
vn -0.3626 -0.9049 -0.2230
vn -0.0292 -0.1669 0.9855
vn 0.1540 -0.4492 0.8801
vn 0.0460 -0.1605 0.9860
vn -0.4516 0.6250 0.6367
vn -0.4508 0.6265 0.6358
vn -0.2619 0.8872 0.3800
vn -0.2795 0.8697 0.4067
vn -0.9508 0.0017 -0.3098
vn -0.8831 -0.0003 -0.4692
vn -0.8875 -0.0004 -0.4608
vn -0.9097 0.0009 -0.4153
vn -0.0000 -1.0000 -0.0000
vn 0.7928 0.6094 0.0116
vn 0.8569 0.2203 -0.4659
vn 0.4968 0.3357 -0.8003
vn 0.4002 0.6752 -0.6196
vn -0.6044 -0.7826 -0.1493
vn -0.4762 -0.7626 -0.4379
vn -0.0659 -0.6525 -0.7550
vn 0.4416 0.8861 0.1407
vn 0.6634 0.5646 0.4910
vn 0.9685 0.2413 -0.0611
vn 0.8944 -0.0250 0.4466
vn 0.8873 0.3542 0.2955
vn 0.5528 -0.1604 -0.8178
vn 0.4412 0.4892 -0.7524
vn 0.4948 0.4221 -0.7596
vn 0.3269 0.1482 0.9334
vn 0.0865 0.1081 0.9904
vn 0.0644 -0.5400 0.8392
vn 0.2886 -0.5148 0.8073
vn 0.5598 -0.0575 0.8267
vn 0.4901 0.8646 0.1112
vn 0.6661 0.5403 0.5141
vn 0.5307 0.6806 0.5052
vn 0.5069 0.8111 0.2919
vn 0.9747 0.0188 -0.2228
vn 0.9631 0.0194 -0.2686
vn -0.9181 -0.2312 0.3219
vn -0.8688 -0.3957 0.2976
vn -0.8594 -0.4189 0.2933
vn 0.3124 0.7388 -0.5972
vn -0.0101 0.6575 -0.7534
vn -0.3415 0.9302 -0.1345
vn -0.1151 0.9933 -0.0074
vn 0.8746 -0.4541 0.1699
vn -0.4800 -0.0881 0.8728
vn -0.0812 -0.0219 0.9965
vn -0.1219 -0.0287 0.9921
vn -0.5528 -0.6400 -0.5338
vn 0.4847 0.7421 -0.4630
vn 0.2759 0.9323 0.2338
vn 0.4269 -0.7276 -0.5370
vn -0.1885 -0.4755 -0.8593
vn 0.5334 -0.3300 -0.7788
vn 0.0042 0.4498 -0.8931
vn 0.0036 0.4830 -0.8756
vn -0.6520 0.2760 -0.7062
vn -0.3075 0.2589 -0.9157
vn -0.0000 1.0000 -0.0000
vn -0.9999 -0.0001 0.0121
vn -0.5884 0.6479 0.4838
vn -0.5946 0.7522 -0.2841
vn -0.5994 -0.0974 -0.7945
vn -0.5890 -0.8074 -0.0336
vn -0.0204 0.9997 -0.0143
vn -0.1970 0.9786 -0.0597
vn 0.0945 0.9944 0.0469
vn -0.7867 -0.5664 0.2456
vn -0.8737 -0.4100 0.2618
vn -0.8544 0.5187 0.0317
vn -0.9116 0.3649 -0.1895
vn -0.9879 -0.0390 0.1499
vn -0.8242 -0.2745 0.4953
vn -0.5905 0.7888 -0.1708
vn -0.7251 0.6347 -0.2672
vn 0.6480 0.7346 0.2011
vn 0.9250 0.3052 0.2265
vn 0.8520 0.4505 -0.2666
vn 0.8545 0.4462 -0.2659
vn 0.3612 0.9314 0.0443
vn 0.4316 0.9020 -0.0019
vn 0.6890 0.7234 -0.0445
vn 0.5516 0.8285 0.0963
vn 0.2403 0.5505 -0.7995
vn 0.4601 0.7134 -0.5286
vn 0.6019 0.6773 -0.4231
vn 0.7793 0.4855 -0.3963
vn 0.7179 0.6406 -0.2723
vn 0.6985 0.7023 -0.1372
vn 0.9432 0.2113 -0.2562
vn 0.8436 0.4150 -0.3407
vn 0.9709 -0.0027 -0.2396
vn 0.9728 -0.0029 -0.2317
vn 0.5217 -0.6358 -0.5689
vn 0.5143 0.6505 -0.5590
vn -0.7174 -0.6960 -0.0300
vn -0.6271 -0.7729 -0.0971
vn -0.5819 -0.7712 -0.2584
vn -0.5185 -0.7624 -0.3871
vn -0.5553 -0.7743 -0.3033
vn -0.5207 -0.8419 0.1417
vn -0.0002 -1.0000 0.0003
vn -0.4091 -0.6391 -0.6513
vn 0.1035 -0.6429 -0.7589
vn -0.5825 -0.7907 -0.1883
vn -0.5528 -0.8137 -0.1799
vn -0.8492 -0.4553 -0.2675
vn -0.8583 -0.4361 -0.2705
vn -0.6677 -0.3864 -0.6363
vn -0.6894 -0.1133 -0.7155
vn -0.0489 -0.0365 -0.9981
vn 0.6613 -0.3313 -0.6730
vn 0.9058 -0.4083 0.1136
vn 0.9906 -0.1240 -0.0574
vn 0.9944 -0.1044 -0.0153
vn 0.9918 -0.0372 0.1224
vn 0.9078 0.3909 0.1520
vn 0.9729 -0.1943 0.1253
vn -0.5789 -0.7331 0.3569
vn -0.5329 -0.4014 -0.7449
vn -0.7154 0.0033 -0.6987
vn 0.0609 0.9978 -0.0245
vn -0.3413 0.9172 0.2056
vn -0.3390 0.8550 0.3926
vn 0.2179 0.9093 0.3545
vn 0.2155 0.9099 -0.3545
vn 0.4189 0.3677 0.8303
vn 0.4317 0.7229 0.5395
vn -0.8834 -0.3669 0.2915
vn -0.5629 -0.8035 0.1934
vn -0.5610 -0.8051 0.1927
vn -0.8764 -0.2743 -0.3957
vn -0.1976 0.9600 -0.1983
vn 0.2886 0.6221 -0.7278
vn -0.8447 0.5321 -0.0575
vn -0.8308 0.5359 -0.1505
vn -0.8889 -0.1175 -0.4428
vn -0.9908 0.0051 0.1351
vn -0.8257 0.5372 0.1722
vn -0.5364 0.3175 -0.7819
vn -0.9442 0.2849 -0.1656
vn -0.4224 0.6049 -0.6750
vn 0.3941 0.1051 -0.9130
vn 0.3712 0.0122 -0.9285
vn 0.7128 0.0054 -0.7013
vn 0.6635 0.2680 -0.6985
vn -0.3141 -0.9449 0.0924
vn -0.6522 -0.7292 0.2073
vn -0.6496 -0.7317 0.2063
vn -0.2492 -0.9657 0.0729
vn -0.3996 0.1209 -0.9087
vn -0.6703 0.2305 -0.7054
vn -0.8483 0.1196 -0.5159
vn -0.9881 -0.0647 0.1396
vn -0.9952 -0.0197 -0.0962
vn -0.9520 0.0661 -0.2988
vn -0.7029 0.4848 -0.5205
vn 0.9878 -0.0110 -0.1554
vn 0.9327 0.0728 -0.3532
vn 0.9568 0.0367 -0.2883
vn 0.3070 0.0010 0.9517
vn 0.5903 0.3374 0.7333
vn 0.4154 0.0657 0.9073
vn 0.5843 0.1090 0.8042
vn 0.5562 -0.3640 0.7471
vn 0.5918 -0.1872 0.7841
vn 0.5784 0.1833 0.7949
vn -0.8778 0.4700 0.0930
vn -0.4591 0.8882 0.0170
vn -0.8664 0.3492 0.3568
vn -0.6644 0.6908 0.2854
vn -1.0000 0.0001 0.0048
vn -1.0000 -0.0003 0.0051
vn -1.0000 0.0006 0.0047
vn -0.4542 -0.7049 0.5448
vn -0.9747 -0.1326 -0.1797
vn -0.8724 0.0225 0.4883
vn -0.0835 0.9955 -0.0450
vn -0.0228 0.9785 0.2049
vn -0.3122 0.9308 -0.1899
vn -0.7567 0.6175 -0.2146
vn -0.9525 -0.0004 -0.3045
vn -0.6702 -0.7411 0.0407
vn -0.4049 -0.9135 0.0402
vn -0.6764 -0.6937 0.2476
vn -0.7776 -0.0079 0.6287
vn 0.1607 0.0508 -0.9857
vn -0.0960 0.2486 -0.9638
vn -0.0129 0.5110 -0.8595
vn -0.2125 0.7496 -0.6269
vn -0.3032 0.5430 -0.7831
vn -0.4233 0.7111 -0.5614
vn -0.3003 0.8382 -0.4553
vn -0.5027 -0.0010 -0.8644
vn -0.5003 -0.0010 -0.8659
vn -0.3080 -0.9397 -0.1489
vn -0.8221 0.5628 0.0863
vn -0.5331 0.8270 0.1786
vn 0.5800 -0.1596 -0.7988
vn 0.4996 0.0013 -0.8663
vn 0.4950 0.2744 0.8244
vn 0.5506 0.3618 0.7523
vn 0.5621 0.0840 0.8228
vn -0.0611 -0.9886 0.1375
vn -0.9516 -0.0759 -0.2977
vn -0.9524 -0.0652 -0.2978
vn -0.0004 1.0000 0.0002
vn 0.0803 0.6362 -0.7673
vn -0.0100 0.9998 -0.0159
vn -0.0683 0.9954 -0.0679
vn -0.2528 0.9247 0.2845
vn -0.1605 0.9365 0.3119
vn 0.0708 -0.9940 -0.0838
vn 0.2176 -0.9728 -0.0790
vn 0.1931 -0.9488 -0.2499
vn -0.2027 -0.9344 -0.2931
vn -0.5907 -0.5888 -0.5517
vn -0.0085 -0.4608 -0.8875
vn 0.2213 -0.8822 -0.4157
vn -0.5659 -0.5773 -0.5887
vn -0.4638 -0.4195 -0.7804
vn -0.3409 -0.3955 -0.8529
vn 0.5605 0.6504 0.5126
vn 0.4362 -0.6438 0.6287
vn 0.0027 0.5536 0.8328
vn 0.0145 0.9125 0.4089
vn -0.0208 0.9342 0.3560
vn 0.6788 0.3822 0.6270
vn 0.9093 0.2382 0.3412
vn 0.6622 0.7340 0.1508
vn 0.5499 0.7919 0.2656
vn -0.6792 -0.5632 0.4707
vn -0.1188 -0.9225 0.3673
vn 0.6534 -0.7351 0.1805
vn 0.6624 -0.5753 0.4798
vn 0.2776 0.0389 0.9599
vn 0.6468 -0.0187 0.7625
vn 0.5952 0.0254 0.8032
vn 0.4907 0.6071 -0.6250
vn 0.3224 0.7485 -0.5795
vn 0.0326 0.6571 0.7531
vn -0.6599 0.5431 0.5191
vn -0.0805 0.4022 0.9120
vn -0.0125 0.2604 0.9654
vn 0.6687 0.5618 0.4870
vn -0.4919 0.5635 0.6637
vn -0.0611 0.4086 0.9107
vn 0.1217 0.3473 0.9298
vn 0.5902 0.2161 -0.7778
vn 0.2977 0.8785 -0.3737
vn -0.8196 -0.0948 -0.5651
vn -0.5166 0.2126 -0.8294
vn -0.3573 0.0584 -0.9322
vn -0.3485 0.0112 -0.9372
vn -0.6833 -0.3304 -0.6511
vn 0.6881 0.0139 -0.7254
vn -0.4531 -0.6455 0.6149
vn -0.4457 -0.6613 0.6033
vn -0.5600 -0.2544 0.7885
vn -0.5627 -0.2323 0.7934
vn -0.1957 0.8635 -0.4649
vn -0.4044 0.8719 0.2762
vn 0.4745 0.8434 0.2518
vn 0.2326 0.9330 -0.2747
vn 0.6247 -0.3783 -0.6831
vn 0.3515 -0.4638 -0.8132
vn 0.0622 -0.5509 -0.8322
vn 0.1648 0.0505 -0.9850
vn 0.5876 0.2440 -0.7715
vn 0.2785 0.4515 -0.8477
vn -0.2446 -0.9144 0.3225
vn 0.0153 -0.9996 -0.0238
vn -0.0263 -0.9991 0.0329
vn -0.2660 -0.8982 0.3501
vn 0.2189 -0.7460 -0.6289
vn 0.4904 -0.8669 -0.0891
vn 0.3961 -0.9171 0.0453
vn 0.2070 -0.9782 -0.0174
vn 0.5467 -0.3182 0.7745
vn 0.5801 0.1436 0.8018
vn 0.5732 0.2331 0.7855
vn 0.5498 -0.2244 0.8046
vn -0.1450 -0.6470 -0.7486
vn -0.5447 -0.4458 -0.7103
vn -0.4620 0.0012 -0.8869
vn 0.0503 -0.0001 -0.9987
vn 0.8248 0.4581 -0.3313
vn -0.0260 -0.8797 -0.4749
vn -0.0035 -0.3451 0.9386
vn -0.0154 -0.0579 0.9982
vn -0.0020 -0.3779 0.9259
vn 0.4704 0.0033 0.8824
vn -0.0307 -0.0013 0.9995
vn -0.0212 -0.0013 0.9998
vn 0.4785 0.0034 0.8781
vn 0.9680 -0.0019 0.2510
vn 0.6471 -0.7620 0.0242
vn -0.6499 -0.7552 -0.0851
vn 0.0708 -0.8143 -0.5761
vn 0.6722 -0.6402 -0.3718
vn 0.6153 -0.7633 0.1968
vn 0.6031 -0.7740 0.1927
vn 0.9073 -0.3099 0.2841
vn 0.9197 -0.2686 0.2863
vn 0.5538 -0.7561 -0.3488
vn 0.6972 -0.6715 -0.2512
vn 0.5376 -0.8230 -0.1834
vn 0.5664 -0.8206 -0.0763
vn 0.5660 -0.8207 -0.0773
vn 0.3576 0.9290 0.0958
vn 0.7211 -0.3510 -0.5973
vn -0.9355 0.0996 -0.3389
vn -0.9309 0.1855 -0.3146
vn 0.1909 0.8967 -0.3993
vn 0.2802 0.8789 -0.3861
vn 0.4937 0.6960 -0.5215
vn 0.4488 0.5787 -0.6809
vn 0.3807 0.6207 -0.6854
vn 0.5117 0.3785 -0.7713
vn 0.6083 0.4265 -0.6694
vn 0.1314 0.4091 -0.9030
vn -0.1237 -0.9908 -0.0552
vn -0.1267 -0.9904 -0.0560
vn -0.0225 -0.3471 0.9376
vn -0.1902 -0.1934 0.9625
vn -0.1528 -0.1539 0.9762
vn -0.2339 -0.0396 0.9715
vn -0.2066 0.1561 0.9659
vn -0.3372 0.0787 0.9381
vn -0.1769 -0.5924 0.7860
vn -0.9107 -0.2904 0.2936
vn -0.9758 -0.1306 0.1753
vn 0.0800 -0.6495 -0.7562
vn 0.8049 0.2878 0.5189
vn 0.8501 0.3931 -0.3503
vn 0.9286 0.2231 -0.2966
vn 0.9586 -0.0278 -0.2834
vn 0.4886 -0.1792 -0.8539
vn -0.0018 1.0000 -0.0008
vn 0.9159 -0.0578 0.3973
vn 0.8184 -0.4876 -0.3041
vn 0.9353 -0.3377 -0.1059
vn 0.8364 -0.3999 -0.3749
vn 0.2287 -0.9412 -0.2485
vn 0.0194 -0.9996 -0.0226
vn 0.2056 -0.8669 -0.4540
vn 0.1654 -0.3645 -0.9164
vn -0.5942 -0.7309 -0.3357
vn 0.4306 -0.1178 0.8948
vn 0.5009 -0.2182 0.8375
vn 0.8841 -0.1339 0.4477
vn 0.3534 -0.3573 0.8646
vn 0.5903 -0.5641 0.5773
vn 0.3406 -0.4986 0.7971
vn 0.1551 -0.5763 0.8024
vn 0.1092 -0.3717 0.9219
vn -0.7342 -0.6776 0.0419
vn -0.9049 -0.3206 -0.2801
vn -0.6537 -0.6610 0.3685
vn -0.5267 -0.8469 0.0729
vn 0.0910 -0.9903 0.1046
vn 0.1666 -0.6912 0.7032
vn 0.0409 -0.9974 0.0587
vn 0.5264 -0.3457 0.7768
vn -0.3581 -0.7007 -0.6171
vn -0.2889 -0.8827 -0.3707
vn -0.2442 -0.8903 -0.3844
vn 0.0106 -0.8446 -0.5353
vn -0.3398 -0.7553 -0.5604
vn -0.7249 -0.0343 -0.6880
vn -0.5080 0.1877 -0.8406
vn -0.5425 -0.1374 -0.8287
vn -0.3008 -0.2139 -0.9294
vn -0.7297 0.6414 0.2368
vn 0.9941 -0.0003 -0.1088
vn 0.9032 -0.0000 0.4291
vn 0.8493 0.0012 -0.5279
vn 0.7194 -0.0002 -0.6946
vn 0.5878 0.0017 -0.8090
vn -0.0106 0.9986 0.0526
vn 0.4661 0.8315 -0.3023
vn 0.0071 0.9253 -0.3792
vn -0.6657 0.7458 -0.0226
vn -0.7553 0.0011 -0.6553
vn 0.9329 -0.2817 -0.2242
vn 0.4045 -0.3346 -0.8511
vn -0.9889 -0.0008 -0.1484
vn -0.8119 0.5493 -0.1979
vn -0.9628 0.2701 -0.0002
vn -0.9051 0.0992 -0.4135
vn -0.9768 0.1850 0.1077
vn -0.8855 0.4601 0.0652
vn -0.9925 0.0194 -0.1208
vn -0.9725 -0.1561 -0.1731
vn -0.9861 0.0405 -0.1609
vn -0.9864 0.0429 -0.1588
vn -0.9433 0.0261 -0.3309
vn -0.8856 0.2575 -0.3866
vn -0.5246 0.3068 -0.7942
vn -0.5268 0.0464 -0.8487
vn -0.0955 0.6596 0.7456
vn 0.3529 0.6511 0.6719
vn 0.1523 -0.0332 0.9878
vn 0.6897 -0.0315 0.7234
vn 0.9216 0.0161 0.3878
vn 0.9747 -0.0147 0.2230
vn -0.0831 -0.9965 0.0124
vn 0.4526 -0.7493 0.4833
vn 0.1563 0.9670 -0.2010
vn -0.1101 0.9896 0.0926
vn -0.1499 0.9886 -0.0157
vn 0.4860 0.0002 -0.8740
vn -0.0035 -0.0001 -1.0000
vn 0.5020 -0.0002 -0.8649
vn 0.0045 -0.0000 1.0000
vn 0.9998 0.0003 -0.0192
vn 0.8623 -0.0000 -0.5064
vn 1.0000 -0.0002 -0.0010
vn -0.6548 0.1815 0.7337
vn -0.4519 0.0127 0.8920
vn -0.9982 -0.0058 0.0598
vn 0.4529 -0.1601 0.8771
vn 0.0942 0.9940 0.0553
vn 0.1047 0.9862 -0.1283
vn -0.2263 0.9663 0.1228
vn -0.1836 0.9345 0.3048
vn -0.9023 0.3281 -0.2797
vn -0.9099 0.3044 -0.2820
vn -0.9673 0.0175 0.2532
vn -0.6993 -0.6280 0.3413
vn -0.4167 -0.8510 0.3196
vn -0.2341 -0.9550 0.1823
vn -0.2734 -0.8702 0.4099
vn -0.4671 -0.6703 0.5767
vn 0.9807 -0.1465 0.1297
vn 0.9807 -0.1467 0.1294
vn 0.9762 0.1698 0.1346
vn 0.9296 -0.3288 0.1665
vn 0.8751 -0.4600 0.1504
vn 0.2882 -0.2749 0.9173
vn -0.5790 0.4110 0.7042
vn -0.7533 0.0746 0.6535
vn -0.7019 0.6782 -0.2176
vn -0.6588 0.7241 -0.2041
vn 0.1926 0.0936 0.9768
vn 0.1459 -0.2276 0.9628
vn 0.2822 -0.2827 0.9168
vn -0.6893 -0.7021 0.1788
vn -0.5791 -0.7193 -0.3837
vn 0.2096 -0.5401 -0.8151
vn 0.1881 -0.7714 -0.6079
vn -0.5235 0.0062 -0.8520
vn -0.9002 0.0165 -0.4352
vn -0.9170 0.0161 -0.3985
vn -0.5067 0.0054 -0.8621
vn -0.5646 0.2398 0.7897
vn -0.5671 0.2157 0.7949
vn -0.8766 -0.0441 -0.4793
vn -0.9532 -0.0461 0.2988
vn 0.4733 -0.1738 -0.8636
vn 0.5142 0.0534 -0.8560
vn 0.8924 -0.3679 -0.2612
vn 0.5082 0.0002 0.8612
vn 0.8687 -0.0000 0.4954
vn 0.4924 -0.0003 0.8704
vn -0.8093 -0.0018 0.5874
vn -0.8198 0.0006 0.5726
vn -0.9173 -0.3862 -0.0971
vn -0.7986 -0.6018 0.0047
vn -0.4416 -0.6979 0.5639
vn -0.2138 -0.4292 0.8775
vn 0.4498 -0.0005 -0.8931
vn 0.8033 -0.0002 -0.5955
vn 0.8576 -0.0034 -0.5144
vn 0.4368 -0.0008 -0.8996
vn 0.0003 -1.0000 -0.0003
vn 0.5064 -0.6497 0.5669
vn 0.0262 -0.6381 0.7695
vn 0.4927 -0.5513 -0.6733
vn 0.6218 0.2815 0.7309
vn 0.3982 0.8887 -0.2273
vn 0.4359 0.8957 -0.0881
vn -0.3954 -0.7321 -0.5546
vn -0.1422 -0.7726 -0.6188
vn 0.1790 -0.9823 0.0546
vn -0.0964 -0.8309 0.5480
vn 0.7414 -0.6417 -0.1963
vn 0.6400 -0.7663 -0.0567
vn 0.4784 -0.8777 -0.0282
vn 0.4966 -0.8622 -0.1000
vn -0.0372 -0.0582 0.9976
vn -0.7238 -0.3172 0.6128
vn 0.0139 -0.5566 0.8307
vn 0.1740 -0.8973 -0.4057
vn -0.6975 0.0110 -0.7165
vn -0.3415 0.0106 -0.9398
vn -0.5939 -0.5514 0.5859
vn -0.0198 -0.2954 0.9552
vn -0.5727 -0.2089 0.7927
vn -0.4023 -0.8561 0.3245
vn 0.2387 0.9580 -0.1589
vn 0.0010 -1.0000 -0.0005
vn 0.8032 -0.1467 0.5774
vn 0.6696 -0.7229 -0.1703
vn 0.3536 -0.8091 -0.4694
vn -0.7500 0.4371 0.4965
vn -0.5531 0.5349 0.6387
vn -0.7365 0.4487 0.5062
vn -0.8582 0.2850 0.4270
vn -0.2087 0.0773 0.9749
vn 0.2823 0.1484 0.9478
vn 0.1388 0.9787 -0.1513
vn 0.1012 0.9913 0.0839
vn 0.5379 0.8361 -0.1075
vn 0.5212 0.8413 -0.1434
vn 0.5209 0.8417 -0.1423
vn -0.6819 -0.4502 -0.5765
vn -0.7616 0.4605 -0.4559
vn -0.8934 0.0033 0.4493
vn -0.9998 0.0046 0.0199
vn -0.8874 0.2478 0.3888
vn 0.4638 -0.8711 0.1616
vn 0.6687 -0.7376 0.0936
vn 0.6684 -0.7377 0.0952
vn 0.6693 -0.7368 0.0957
vn 0.6912 -0.7225 -0.0115
vn 0.4944 -0.8692 0.0067
vn -0.1223 -0.7966 0.5920
vn 0.0406 0.5695 0.8210
vn -0.3674 0.2608 0.8928
vn -0.0153 0.5495 0.8354
vn -0.0157 0.7724 0.6350
vn 0.9696 -0.1292 -0.2080
vn 0.8767 -0.4760 -0.0693
vn -0.1355 -0.4172 -0.8986
vn -0.1047 -0.1928 -0.9756
vn 0.5264 0.1617 0.8347
vn 0.7802 0.2719 0.5633
vn -0.0677 -0.5492 0.8329
vn -0.0095 -0.3980 0.9173
vn -0.1151 0.0082 0.9933
vn -0.1108 0.2530 -0.9611
vn 0.0554 -0.0507 -0.9972
vn -0.0982 -0.1235 -0.9875
vn 0.9475 0.0992 0.3039
vn 0.9207 0.0215 0.3896
vn 0.9636 -0.0087 -0.2671
vn -0.4189 -0.7846 -0.4571
vn 0.0759 -0.7490 -0.6583
vn -0.4147 -0.0982 0.9046
vn 0.9277 0.3032 -0.2177
vn 0.4462 0.1185 0.8871
vn 0.3655 0.8454 0.3895
vn -0.4518 0.8503 0.2701
vn -0.7330 0.5675 0.3750
vn -0.3300 0.8999 -0.2852
vn 0.0091 -0.6229 -0.7823
vn -0.0044 -0.8903 -0.4554
vn -0.0018 -0.8701 -0.4929
vn 0.0091 -0.6134 -0.7897
vn 0.4117 0.8040 -0.4291
vn 0.4149 0.8778 -0.2394
vn 0.2551 0.7417 -0.6204
vn 0.9084 0.1776 0.3784
vn 0.5175 -0.6348 0.5738
vn 0.9893 -0.0138 0.1449
vn 0.9839 0.0627 -0.1671
vn 0.8824 -0.0057 -0.4705
vn 0.8408 0.4962 -0.2163
vn -0.2114 0.5916 -0.7780
vn 0.2855 -0.8772 0.3859
vn 0.3342 -0.8308 0.4452
vn 0.7509 -0.6492 -0.1214
vn 0.8986 -0.4320 0.0761
vn 0.4979 -0.4789 0.7230
vn 0.0967 0.9692 -0.2263
vn -0.0395 0.2764 -0.9602
vn 0.4632 0.3888 -0.7964
vn 0.1991 -0.2431 -0.9493
vn -0.0009 -1.0000 0.0001
vn 0.2570 -0.6771 0.6896
vn -0.3046 -0.5141 0.8018
vn -0.5754 -0.7975 0.1814
vn 0.1885 -0.9419 0.2781
vn 0.5952 -0.7269 0.3426
vn 0.0356 0.9380 -0.3447
vn -0.0911 0.9883 -0.1226
vn -0.1837 0.9160 -0.3565
vn -0.5918 0.3631 0.7197
vn -0.5791 0.0759 0.8117
vn -0.5416 -0.0031 0.8406
vn -0.9869 -0.1035 0.1238
vn -0.9872 -0.1032 0.1218
vn -0.8582 -0.5082 0.0720
vn -0.6537 -0.7356 0.1776
vn -0.1300 0.2915 -0.9477
vn -0.5021 0.2287 -0.8340
vn 0.1621 -0.2995 -0.9402
vn -0.9396 -0.0090 -0.3422
vn -0.9888 0.0040 0.1493
vn -0.0738 -0.0967 0.9926
vn 0.3506 0.0394 0.9357
vn 0.3500 0.0035 0.9367
vn 0.3503 0.0033 0.9366
vn 0.5368 0.0067 0.8437
vn 0.3142 -0.6228 0.7165
vn 0.2632 0.7882 0.5563
vn 0.4127 0.8861 0.2110
vn -0.0445 0.9641 0.2619
vn 0.0346 0.9220 0.3857
vn -0.0615 0.9403 -0.3348
vn -0.1482 0.9829 -0.1089
vn 0.0015 0.9971 -0.0757
vn 0.1138 0.8899 -0.4418
vn 0.0908 -0.0032 -0.9959
vn 0.2988 -0.0015 -0.9543
vn 0.1741 0.0067 -0.9847
vn -0.9213 -0.0050 -0.3887
vn -0.8121 -0.0005 -0.5836
vn -0.8121 -0.0000 -0.5836
vn 0.3477 -0.8000 -0.4891
vn 0.1114 -0.9828 -0.1476
vn 0.1115 -0.9827 -0.1478
vn 0.3483 -0.7991 -0.4900
vn 0.9204 -0.0054 -0.3910
vn 0.9999 0.0056 -0.0113
vn 0.7875 0.0913 0.6095
vn 0.8940 0.0044 0.4481
vn -0.0059 -0.0053 -1.0000
vn 0.1118 0.0623 -0.9918
vn -0.8380 -0.4759 -0.2671
vn -0.9348 -0.2566 -0.2456
vn -0.9482 0.0273 -0.3165
vn -0.9343 0.1722 -0.3122
vn -0.9119 -0.2250 -0.3433
vn 0.0662 0.0815 -0.9945
vn -0.0843 0.1336 -0.9874
vn -0.0122 0.3943 -0.9189
vn -0.2880 0.6123 -0.7363
vn -0.3698 0.4905 -0.7890
vn -0.5822 0.4512 -0.6764
vn -0.3699 0.3430 -0.8634
vn -0.3820 0.3277 -0.8641
vn -0.4255 0.2223 -0.8772
vn -0.7256 0.1792 -0.6644
vn 0.3647 0.2391 0.8999
vn 0.1185 0.2007 0.9724
vn 0.3907 0.5354 0.7488
vn 0.2925 0.4467 0.8455
vn 0.0059 -0.8051 0.5931
vn 0.0059 -0.8068 0.5908
vn -0.3584 -0.6362 0.6832
vn 0.3432 -0.8741 -0.3438
vn 0.3872 -0.8735 -0.2950
vn 0.0112 0.9974 0.0707
vn -0.0250 0.9300 -0.3668
vn 0.6546 -0.5422 -0.5268
vn -0.3063 -0.3534 0.8839
vn -0.5314 -0.7154 0.4537
vn 0.3125 -0.0992 -0.9447
vn 0.0222 -0.1313 -0.9911
vn -0.1729 -0.0828 -0.9814
vn -0.7375 -0.5820 -0.3426
vn 0.0012 -1.0000 0.0003
vn -0.2416 -0.6885 0.6838
vn -0.4724 -0.6296 0.6168
vn -0.5214 0.4237 0.7407
vn -0.5822 0.1193 0.8042
vn -0.0690 -0.7914 -0.6074
vn 0.6291 -0.6254 -0.4615
vn 0.5110 -0.8249 -0.2416
vn -0.0530 -0.9872 -0.1503
vn -0.6906 -0.7233 -0.0046
vn -0.7588 0.6066 -0.2372
vn -0.6147 0.0797 0.7847
vn -0.6858 -0.2646 0.6779
vn -0.5200 0.7790 0.3505
vn -0.0066 0.7246 -0.6892
vn -0.0348 0.9480 -0.3165
vn 0.2776 0.8597 -0.4288
vn 0.1109 0.8743 -0.4726
vn 0.8057 0.5680 0.1680
vn 0.9594 0.0206 0.2815
vn 0.0730 0.3006 -0.9509
vn -0.3389 -0.6697 0.6608
vn -0.3560 -0.6856 0.6350
vn -0.0956 -0.7815 0.6165
vn 0.4770 -0.7697 -0.4243
vn 0.6521 -0.7213 -0.2335
vn -0.4950 -0.8492 0.1837
vn -0.0476 0.1588 -0.9862
vn 0.5326 0.3034 -0.7901
vn 0.4727 0.1378 -0.8704
vn 0.4140 0.3052 -0.8576
vn 0.0031 0.1436 -0.9896
vn 0.0095 -0.5676 -0.8233
vn -0.0178 -0.2094 -0.9777
vn 0.8405 0.3826 -0.3836
vn 0.9752 0.1443 -0.1676
vn 0.5127 0.7706 0.3786
vn -0.4356 -0.6065 0.6651
vn 0.0035 0.4346 -0.9006
vn -0.0020 0.3776 -0.9260
vn -0.0398 0.1902 -0.9809
vn 0.4331 0.4551 0.7780
vn -0.0013 0.6739 0.7388
vn -0.0730 0.4437 0.8932
vn 0.5626 0.2114 0.7993
vn 0.9501 0.0204 -0.3112
vn 0.8410 0.0597 -0.5377
vn 0.3777 -0.7750 -0.5067
vn -0.0027 -0.6085 -0.7936
vn -0.0962 -0.5625 -0.8212
vn -0.0005 -1.0000 0.0010
vn 0.4810 -0.7054 0.5207
vn 0.7064 -0.7074 -0.0247
vn 0.3481 -0.6555 0.6702
vn -0.0370 -0.6452 0.7631
vn 0.3323 -0.3068 -0.8919
vn 0.3075 0.0014 0.9515
vn 0.2634 0.0759 0.9617
vn -0.5424 0.0177 0.8399
vn 0.2935 -0.0465 0.9548
vn -0.4027 0.6578 0.6365
vn -0.6855 0.7280 0.0105
vn 0.9567 0.0060 0.2910
vn 0.9058 -0.0116 0.4236
vn -0.3888 0.8863 0.2516
vn -0.2619 0.9612 0.0867
vn 0.6739 0.3107 0.6703
vn -0.3361 0.9335 0.1247
vn -0.4797 0.8770 -0.0278
vn 0.4299 0.6160 -0.6601
vn 0.4838 0.1139 -0.8677
vn 0.4965 0.5391 0.6803
vn 0.4722 0.5986 0.6471
vn 0.9128 -0.0815 0.4002
vn 0.9389 -0.1186 0.3230
vn 0.8941 -0.0590 0.4441
vn 0.2871 0.9528 0.0989
vn 0.3625 0.7878 -0.4980
vn -0.2657 -0.9090 0.3212
vn -0.8116 -0.5694 0.1309
vn -0.5408 -0.3957 -0.7423
vn -0.5628 -0.4646 -0.6837
vn -0.5829 -0.0210 -0.8123
vn -0.5830 -0.0291 -0.8120
vn 0.0223 -0.2263 0.9738
vn 0.2369 -0.5168 0.8227
vn 0.2508 -0.5250 0.8133
vn 0.2462 -0.2802 0.9278
vn 0.1271 -0.0446 0.9909
vn 0.1172 -0.0475 0.9920
vn 0.9755 0.0703 -0.2085
vn 0.7491 0.6379 -0.1788
vn 0.3044 -0.0075 -0.9525
vn 0.1511 0.3056 -0.9401
vn -0.2184 -0.9164 -0.3354
vn 0.9644 -0.1080 0.2413
vn -0.5492 0.4349 -0.7136
vn -0.4997 0.4322 -0.7507
vn 0.2329 -0.8680 0.4386
vn 0.6198 -0.7408 0.2590
vn 0.2385 -0.7159 0.6563
vn 0.0460 -0.5918 0.8048
vn 0.0195 -0.7844 0.6199
vn 0.0373 -0.6807 0.7316
vn 0.0326 -0.7402 0.6716
vn 0.2248 -0.9174 0.3282
vn 0.3401 -0.4427 0.8297
vn 0.2301 0.5192 0.8231
vn 0.2830 0.1803 0.9420
vn -0.9436 -0.0924 0.3178
vn -0.8525 -0.4389 0.2839
vn 0.7384 -0.6429 0.2036
vn 0.9913 -0.0354 0.1270
vn -0.7918 -0.5937 -0.1437
vn -0.5635 -0.5320 -0.6321
vn 0.0950 -0.2230 0.9702
vn -0.0126 0.6140 0.7892
vn -0.8173 -0.5501 0.1713
vn -0.7733 0.5682 0.2815
vn -0.4335 -0.8998 -0.0494
vn -0.6293 -0.7770 0.0148
vn -0.6568 -0.6923 0.2988
vn -0.6580 -0.6916 0.2978
vn -0.4932 -0.8605 0.1275
vn -0.0048 0.7074 -0.7068
vn -0.1212 -0.9874 -0.1013
vn -0.7674 -0.6332 0.1011
vn -0.9422 0.3301 -0.0572
vn 0.0016 0.9944 -0.1061
vn 0.5035 0.8583 -0.0990
vn 0.5783 0.8115 0.0842
vn 0.5752 0.8178 -0.0185
vn -0.7085 -0.6915 0.1408
vn 0.7875 0.5922 0.1707
vn 0.7913 -0.0065 0.6114
vn 0.1776 -0.8753 0.4498
vn -0.3042 -0.9296 -0.2080
vn 0.9184 -0.3649 0.1529
vn 0.6564 -0.6699 0.3469
vn 0.6152 -0.7778 0.1286
vn 0.8939 -0.2543 0.3691
vn 0.9863 0.1146 0.1185
vn 0.5630 -0.0034 0.8265
vn 0.4978 0.8132 0.3016
vn 0.1034 -0.4568 0.8836
vn 0.0856 0.2128 0.9733
vn 0.1682 0.7868 0.5938
vn -0.0204 0.9018 -0.4318
vn -0.0049 0.7116 -0.7026
vn 0.1253 0.8369 -0.5328
vn -0.8985 -0.0007 0.4391
vn -0.9619 0.2414 -0.1286
vn 0.3818 0.7987 -0.4651
vn 0.3438 0.7562 -0.5568
vn 0.1113 0.3012 -0.9470
vn 0.4149 0.2893 -0.8626
vn 0.7312 0.5321 -0.4269
vn 0.6772 0.3849 -0.6271
vn 0.0084 -0.1449 0.9894
vn 0.0127 -0.9405 0.3396
vn -0.1628 -0.8274 0.5374
vn -0.3295 -0.9091 0.2548
vn -0.3675 -0.3066 0.8780
vn -0.3163 -0.0212 0.9484
vn 0.9571 -0.0249 0.2886
vn -0.5224 0.8329 -0.1828
vn -0.8282 0.2394 -0.5067
vn -0.0165 -0.6937 0.7201
vn 0.0880 -0.9679 0.2356
vn 0.4433 0.8808 0.1661
vn 0.0159 0.7400 -0.6724
vn 0.1687 0.6992 -0.6948
vn 0.6358 0.7527 0.1710
vn -0.6180 0.7247 0.3048
vn -0.4009 0.8638 -0.3052
vn -0.6896 0.6330 -0.3519
vn -0.6903 0.6810 0.2443
vn 0.0407 0.9767 -0.2105
vn -0.0827 0.9727 0.2166
vn -0.9994 -0.0036 -0.0334
vn -0.9579 0.0043 -0.2872
vn -0.4831 0.8721 0.0777
vn 0.9363 -0.0091 -0.3511
vn 0.8925 -0.1244 -0.4337
vn 0.6226 0.7508 0.2206
vn -0.1134 0.9583 0.2623
vn -0.1241 0.9735 0.1922
vn -0.1427 0.9882 0.0553
vn -0.2975 -0.6118 -0.7329
vn -0.6557 0.6063 -0.4499
vn -0.5643 0.8255 0.0040
vn -0.7470 0.5323 -0.3982
vn -0.9196 0.3125 -0.2379
vn 0.4742 -0.8694 -0.1388
vn 0.2875 -0.9537 -0.0884
vn 0.7255 -0.6466 -0.2358
vn 0.7666 -0.5915 -0.2501
vn -0.3483 0.3477 -0.8705
vn -0.3725 0.1404 -0.9173
vn 0.2253 -0.3242 0.9188
vn -0.5878 -0.0843 0.8046
vn 0.8880 0.4337 -0.1530
vn 0.6447 -0.7623 0.0571
vn 0.9281 -0.2366 0.2875
vn 0.9401 -0.1258 -0.3169
vn 0.9298 -0.1958 -0.3117
vn 0.8986 0.3174 -0.3029
vn 0.8880 0.3497 -0.2986
vn -0.0024 0.0010 -1.0000
vn 0.0279 0.4033 -0.9147
vn 0.0304 0.3671 -0.9297
vn -0.0223 -0.0858 -0.9961
vn -0.2825 0.0694 0.9568
vn -0.0109 -0.9997 -0.0227
vn 0.3005 -0.9517 -0.0635
vn -0.1867 -0.7676 0.6132
vn -0.5135 0.8476 -0.1338
vn 0.1246 0.3433 0.9309
vn -0.1045 0.3486 0.9314
vn -0.2899 0.0323 0.9565
vn 0.2249 -0.9246 -0.3075
vn 0.6618 -0.7228 0.1991
vn -0.3165 0.6802 0.6611
vn -0.6727 0.2054 0.7108
vn 0.7767 0.3151 -0.5454
vn 0.0985 0.4437 0.8907
vn 0.1349 0.1813 0.9741
vn 0.5307 0.2479 0.8105
vn 0.6922 0.1180 0.7120
vn -0.3007 0.7593 0.5771
vn 0.3814 0.8403 -0.3852
vn 0.3287 -0.4245 0.8437
vn 0.1726 -0.0355 0.9844
vn 0.6108 0.7654 -0.2027
vn 0.6326 0.7455 -0.2098
vn 0.2200 0.9719 -0.0832
vn 0.1991 0.9769 -0.0772
vn -0.1866 0.8833 -0.4300
vn -0.0927 0.6999 -0.7082
vn -0.2381 0.9055 -0.3512
vn 0.8036 -0.0018 -0.5952
vn 0.1658 -0.3673 -0.9152
vn 0.7655 -0.0078 -0.6434
vn -0.7923 0.6059 0.0723
vn -0.1764 0.7306 -0.6596
vn 0.7901 -0.5009 -0.3533
vn -0.9477 0.2936 0.1250
vn -0.8071 0.5327 0.2545
vn -0.8256 0.0163 -0.5640
vn -0.8217 0.0020 -0.5700
vn -0.9337 0.1195 0.3376
vn -0.3560 0.6686 -0.6529
vn -0.8061 0.0012 -0.5918
vn -1.0000 0.0009 0.0060
vn -0.7152 0.6338 -0.2947
vn 0.7174 -0.6784 -0.1585
vn -0.6335 0.6957 0.3386
vn -0.4685 0.7562 0.4569
vn -0.2546 -0.4516 -0.8551
vn -0.7934 0.5667 0.2222
vn -0.4608 0.5186 0.7202
vn -0.5881 0.4562 0.6679
vn 0.8471 -0.2442 0.4721
vn 0.9843 -0.1394 0.1085
vn 0.9049 0.2820 0.3189
vn 0.8484 0.0006 0.5294
vn 0.3479 0.6489 0.6767
vn 0.8514 -0.0008 0.5245
vn -0.0034 -0.6076 0.7942
vn 0.8833 0.0535 0.4657
vn 0.6851 0.0063 0.7285
vn -0.9641 0.1039 -0.2442
vn -0.9647 0.0952 -0.2455
vn 0.1399 0.0220 0.9899
vn -0.7357 0.0170 0.6771
vn 0.3680 0.8794 -0.3020
vn 0.6732 0.7339 0.0900
vn 0.5517 -0.3285 -0.7667
vn 0.5891 -0.0330 -0.8074
vn 0.5466 -0.3505 -0.7605
vn 0.1461 0.6023 -0.7848
vn 0.2306 0.6266 -0.7445
vn 0.1842 0.3234 -0.9282
vn 0.9790 0.0111 -0.2034
vn 0.8155 0.5654 0.1241
vn 0.8299 0.0001 0.5580
vn -0.5166 -0.7957 -0.3161
vn 0.5037 -0.0003 0.8639
vn 0.1138 -0.9932 -0.0252
vn -0.0473 0.0760 0.9960
vn -0.2068 -0.9266 -0.3141
vn -0.2453 -0.2122 0.9459
vn -0.5523 -0.4961 0.6700
vn -0.3633 -0.5227 0.7712
vn -0.5991 0.0483 0.7992
vn -0.6197 0.4190 0.6636
vn -0.9429 -0.2293 0.2418
vn -0.9918 -0.0791 0.1004
vn -0.7455 0.5094 -0.4298
vn -0.3873 0.9140 -0.1209
vn 0.0062 -0.9290 0.3699
vn 0.0078 -0.9439 0.3301
vn -0.0001 -0.9980 -0.0628
vn -0.0009 -0.9972 -0.0745
vn 0.9716 -0.0391 0.2332
vn -0.1484 0.9346 -0.3232
vn -0.9800 0.1437 0.1374
vn 0.4094 -0.6950 0.5911
vn 0.3291 -0.8237 0.4617
vn 0.5195 -0.5182 0.6794
vn 0.5028 -0.6739 -0.5413
vn 0.4716 -0.8626 -0.1832
vn -0.7766 0.0088 0.6299
vn -0.9996 0.0038 0.0288
vn -0.9705 -0.0058 0.2410
vn -0.6600 -0.0075 0.7512
vn 0.8966 -0.2137 0.3878
vn 0.4379 -0.8873 -0.1447
vn -0.4115 -0.8559 0.3132
vn -0.8017 -0.0180 0.5975
vn -0.7073 0.6623 0.2472
vn -0.0034 0.9929 0.1187
vn -0.0151 0.9934 -0.1133
vn -0.0149 0.9939 -0.1091
vn -0.9513 0.1973 0.2367
vn 0.2012 -0.9775 0.0630
vn 0.1641 -0.9851 0.0517
vn -0.9363 0.0874 -0.3402
vn -0.9873 -0.1141 -0.1101
vn -0.8635 -0.1373 0.4853
vn 0.3062 -0.7922 0.5279
vn -0.6158 -0.2628 -0.7428
vn -0.2618 -0.1284 -0.9565
vn -0.9082 0.4104 -0.0818
vn 0.8063 0.0002 -0.5915
vn 0.0433 -0.7269 -0.6854
vn 0.5188 -0.6531 0.5516
vn -0.3030 -0.8448 -0.4410
vn -0.3534 -0.7417 -0.5701
vn -0.6808 -0.7062 0.1946
vn -0.6383 -0.5456 -0.5430
vn 0.8114 -0.4642 0.3551
vn 0.8103 -0.5845 -0.0429
vn -0.0496 0.9986 0.0160
vn 0.1624 0.9859 0.0402
vn 0.1371 0.9839 -0.1147
vn 0.8173 0.5151 0.2582
vn 0.3342 0.0101 0.9425
vn 0.6168 0.6147 0.4917
vn 0.2295 -0.9123 0.3391
vn -0.0039 -0.9999 -0.0121
vn 0.0410 -0.9980 0.0484
vn -0.8739 0.1109 -0.4734
vn -0.6007 0.6894 0.4048
vn -0.0041 -0.2476 -0.9689
vn 0.0585 -0.0925 -0.9940
vn -0.4140 -0.9037 0.1095
vn 0.1769 -0.7514 0.6357
vn 0.9236 0.0798 -0.3750
vn 0.0612 0.3747 0.9251
vn 0.3541 0.9312 0.0862
vn -0.3107 -0.0024 0.9505
vn -0.5108 -0.0047 0.8597
vn -0.3776 0.0022 0.9260
vn -0.6066 0.5608 0.5635
vn -0.8266 -0.2669 0.4955
vn -0.8023 -0.3703 0.4681
vn -0.3615 0.5630 -0.7432
vn -0.7818 -0.5660 0.2615
vn -0.8985 0.1766 -0.4019
vn -0.9079 -0.2017 -0.3675
vn 0.2978 -0.8595 -0.4155
vn 0.5164 -0.4954 -0.6985
vn 0.4904 -0.5593 -0.6683
vn 0.2602 -0.8949 -0.3626
vn -0.7169 0.3480 -0.6041
vn -0.3690 0.0335 -0.9288
vn -0.6607 0.6983 -0.2755
vn -0.9987 0.0491 -0.0142
vn 0.7068 -0.5254 0.4737
vn -0.9995 0.0112 0.0297
vn -0.0772 0.2724 0.9591
vn -0.6235 -0.6441 0.4430
vn -0.1139 -0.0020 0.9935
vn -0.4042 -0.6509 0.6426
vn -0.0957 -0.3905 0.9156
vn -0.4038 -0.9106 -0.0876
vn -0.4040 -0.9104 -0.0892
vn -0.4037 -0.9106 -0.0888
vn -0.4042 -0.9104 -0.0884
vn 0.0360 0.9966 -0.0735
vn -0.0836 0.9906 0.1085
vn -0.0566 0.9961 0.0673
vn 0.1184 -0.6377 0.7611
vn -0.8023 0.0005 0.5969
vn 0.4698 -0.8078 0.3561
vn 0.9998 -0.0210 0.0064
vn -0.0111 0.7406 -0.6718
vn 0.6567 0.5556 -0.5099
vn -0.3995 0.8492 0.3454
vn 0.9972 0.0742 -0.0055
vn 0.6602 0.5365 -0.5257
vn 1.0000 -0.0003 -0.0055
vn 0.6543 -0.3484 -0.6712
vn -0.3167 0.3521 -0.8807
vn -0.8918 0.4104 -0.1902
vn -0.8180 0.4322 -0.3795
vn -0.8410 0.4282 -0.3308
vn -0.0355 0.3565 -0.9336
vn -0.0384 0.0587 -0.9975
vn 0.6334 0.7602 0.1449
vn -0.3014 0.9427 0.1433
vn -0.3694 0.9200 -0.1311
vn -0.0480 0.0334 -0.9983
vn -0.2830 -0.0165 -0.9590
vn -0.0549 0.0016 -0.9985
vn -0.0432 0.0344 -0.9985
vn 0.9703 -0.0117 0.2418
vn 0.9810 0.0934 -0.1698
vn 0.0125 0.7259 -0.6877
vn -0.9320 -0.1573 -0.3265
vn -0.8707 -0.0567 -0.4885
vn -0.8088 0.0117 -0.5880
vn -0.7065 0.1017 -0.7004
vn 0.1468 -0.0091 -0.9891
vn 0.4225 0.0133 -0.9063
vn 0.3634 0.0011 0.9316
vn -0.6373 -0.7376 0.2231
vn -0.8897 0.0366 0.4550
vn -0.9357 0.0833 0.3429
vn -0.9476 0.2876 0.1389
vn -0.9137 0.4035 -0.0482
vn -0.9137 0.4035 -0.0481
vn -0.4254 -0.1531 -0.8919
vn -0.5834 -0.2488 -0.7731
vn -0.0005 -1.0000 -0.0000
vn 0.0022 -1.0000 -0.0023
vn -0.1532 0.9876 -0.0338
vn 0.2057 0.5632 0.8003
vn -0.3065 0.3474 0.8862
vn -0.3558 0.4445 0.8221
vn 0.0044 -0.9824 0.1866
vn 0.0044 -0.9824 0.1865
vn -0.0004 1.0000 -0.0002
vn -0.1644 0.6383 0.7520
vn 0.8119 0.0004 0.5838
vn 0.8119 -0.0001 0.5838
vn 0.8116 0.0004 0.5842
vn 0.8118 0.0007 0.5839
vn 0.8120 -0.0001 0.5837
vn -0.0002 1.0000 -0.0001
vn -0.3823 0.6535 -0.6533
vn -0.7050 0.6423 -0.3008
vn 0.8716 -0.4049 0.2765
vn 0.8795 -0.3867 0.2775
vn -0.9119 0.1764 0.3707
vn -0.3985 -0.8790 0.2618
vn -0.8617 -0.4296 -0.2701
vn -0.9905 0.0019 0.1374
vn -0.7192 -0.6294 -0.2943
vn -0.9584 -0.0069 0.2854
vn -0.1628 0.8935 0.4185
vn -0.3783 0.7753 0.5058
vn 0.2387 0.6490 0.7223
vn 0.1019 0.9772 0.1862
vn 0.2579 0.8917 0.3719
vn 0.4891 0.8475 0.2061
vn 0.7871 0.5922 0.1726
vn 0.7699 0.5000 0.3965
vn 0.1488 0.5310 0.8342
vn -0.5722 0.3835 0.7250
vn -0.3277 0.6459 0.6895
vn -0.4585 0.5222 0.7191
vn 0.5322 0.8207 -0.2079
vn 0.1952 0.1510 0.9691
vn 0.6702 0.2338 0.7044
vn 0.3285 0.1977 0.9236
vn -0.9256 -0.1629 -0.3417
vn 0.8080 -0.0057 -0.5891
vn -0.2618 -0.6297 -0.7314
vn -0.0359 0.0034 -0.9994
vn 0.9994 0.0002 -0.0360
vn 0.9915 0.0003 0.1301
vn 0.9921 -0.0004 0.1251
vn 0.9994 -0.0003 -0.0360
vn 0.9994 -0.0006 -0.0358
vn 0.9993 -0.0000 -0.0361
vn 0.9742 0.2164 0.0633
vn 0.9020 0.1641 0.3994
vn 0.9582 0.1269 0.2564
vn -0.0004 -1.0000 -0.0019
vn -0.3328 -0.8138 -0.4764
vn 0.7255 0.5996 0.3377
vn 0.9046 0.1013 -0.4140
vn 0.9256 -0.0593 -0.3738
vn 0.6406 0.7679 0.0041
vn 0.1734 0.9848 -0.0126
vn 0.2696 0.9629 -0.0096
vn 0.3433 0.8659 -0.3638
vn 0.4361 0.3964 -0.8079
vn 0.5659 0.1666 -0.8074
vn 0.5477 0.2047 -0.8112
vn -0.1039 -0.5734 0.8127
vn -0.2094 -0.5642 0.7987
vn 0.4365 0.4881 0.7558
vn -0.9443 0.0082 -0.3291
vn -0.9823 -0.0020 -0.1871
vn -0.9909 0.0202 -0.1332
vn 0.9775 -0.0055 -0.2107
vn -0.6957 -0.6519 -0.3019
vn -0.7336 0.6566 -0.1755
vn -0.0001 1.0000 -0.0000
vn 0.0004 -1.0000 -0.0003
vn -0.0003 -1.0000 0.0029
vn 0.6647 0.7159 -0.2137
vn -0.0431 0.8156 -0.5770
vn -0.8086 0.5472 -0.2163
vn -0.3342 -0.0157 0.9424
vn -0.3356 0.7145 -0.6139
vn -0.7912 0.2105 -0.5742
vn -0.8804 0.1508 -0.4497
vn -0.9272 0.1081 -0.3585
vn -0.3026 0.0020 0.9531
vn 0.2451 0.1379 -0.9596
vn 0.3681 -0.1236 -0.9215
vn 0.2763 0.0766 -0.9580
vn -0.1716 -0.9833 0.0601
vn -0.1719 -0.9833 0.0602
vn -0.6979 0.0059 -0.7161
vn -0.9756 0.2169 -0.0352
vn -0.8640 -0.4101 -0.2921
vn -0.9644 -0.1764 0.1970
vn -0.6257 0.3404 0.7018
vn -0.8234 0.3762 0.4249
vn 0.0679 0.5695 0.8192
vn -0.3982 0.7292 0.5565
vn 0.8089 -0.0040 0.5879
vn -0.7800 0.4361 -0.4488
vn -0.7802 0.4358 -0.4488
vn -0.3775 -0.7662 -0.5201
vn -0.3665 -0.7814 -0.5051
vn -0.5652 -0.3144 -0.7627
vn -0.9618 -0.2150 -0.1692
vn 0.4682 0.0463 -0.8824
vn -0.8130 -0.0012 -0.5822
vn -0.8128 -0.0013 -0.5826
vn 0.4201 -0.6870 -0.5929
vn 0.3375 -0.7469 -0.5729
vn 0.3318 -0.9069 -0.2595
vn -0.5702 0.6529 0.4986
vn 0.1229 -0.7312 0.6710
vn 0.8374 0.0643 -0.5428
vn 0.9948 -0.0779 -0.0658
vn 0.9922 -0.0508 -0.1134
vn 0.8029 0.1534 -0.5761
vn 0.0014 0.9892 -0.1464
vn 0.9414 -0.1535 0.3005
vn 0.9021 -0.1406 0.4079
vn 0.0068 -1.0000 0.0038
vn -0.1044 -0.9835 -0.1477
vn -0.1045 -0.9835 -0.1479
vn 0.8709 -0.2472 -0.4247
vn 0.9099 -0.2284 -0.3463
vn 0.6204 0.0367 -0.7834
vn 0.6200 0.0367 -0.7837
vn -0.0118 0.8095 -0.5870
vn -0.0145 0.8399 -0.5426
vn -0.7292 -0.4957 0.4718
vn -0.3384 -0.8290 -0.4452
vn -0.7361 -0.6503 0.1877
vn -0.7426 -0.6469 -0.1732
vn -0.8852 0.3381 0.3195
vn 0.2156 0.1931 -0.9572
vn -0.9758 -0.2163 0.0323
vn -0.9118 -0.3815 0.1518
vn -0.3923 0.5460 -0.7403
vn 0.3541 0.8920 0.2810
vn -0.9524 0.2835 0.1122
vn -0.8938 0.4483 0.0108
vn -0.8939 0.4481 0.0114
vn 0.0582 0.1657 0.9845
vn 0.3126 -0.0069 0.9499
vn 0.5880 -0.6512 0.4798
vn 0.4084 -0.7035 0.5816
vn -0.1174 -0.2281 0.9665
vn -0.5561 0.5470 -0.6257
vn -0.3069 -0.0009 -0.9517
vn 0.9795 0.0421 0.1971
vn 0.9795 0.1172 -0.1636
vn 0.2996 -0.9416 0.1535
vn -1.0000 -0.0040 0.0076
vn -1.0000 -0.0043 0.0080
vn -0.6016 -0.0319 -0.7982
vn -0.9930 -0.0214 -0.1161
vn -0.8768 0.0603 -0.4771
vn -0.9910 0.0005 -0.1339
vn 0.6495 0.7288 -0.2169
vn 0.8653 0.2490 -0.4350
vn 0.7269 -0.6655 -0.1696
vn 0.6202 0.4924 -0.6107
vn 0.6201 0.4925 -0.6106
vn 0.4236 0.8326 0.3568
vn -0.9799 0.1469 0.1349
vn 0.6168 0.3395 -0.7101
vn -0.8061 0.0003 0.5918
vn -0.8062 -0.0000 0.5916
vn -0.8059 0.0005 0.5920
vn -0.8062 0.0001 0.5916
vn -0.7522 0.3890 0.5319
vn -0.3113 0.0007 0.9503
vn 0.6101 0.7778 -0.1507
vn 0.5886 0.7067 0.3927
vn 0.7819 0.0393 0.6221
vn 0.2503 0.6142 0.7484
vn 0.5040 -0.8047 0.3139
vn 0.0176 -0.5188 -0.8547
vn -0.3219 -0.0030 -0.9468
vn 0.8195 -0.0091 0.5730
vn 0.9237 -0.1990 0.3274
vn 0.2409 0.8245 -0.5120
vn 0.8234 -0.0204 -0.5671
vn 0.8231 -0.0203 -0.5675
vn 0.3157 -0.6251 0.7139
vn 0.5389 -0.7456 0.3920
vn 0.5025 -0.6803 -0.5335
vn 0.9044 -0.0742 -0.4202
vn -0.0048 0.9998 -0.0178
vn -0.7798 0.0019 0.6260
vn -0.5813 0.0024 0.8137
vn -0.9714 0.1383 0.1930
vn 0.9319 -0.2288 0.2815
vn 0.9320 -0.2290 0.2811
vn -0.7395 0.2143 0.6381
vn -0.5316 -0.3606 0.7664
vn -0.8290 -0.0221 -0.5589
vn -0.8286 -0.0231 -0.5594
vn 1.0000 -0.0010 -0.0053
vn 1.0000 -0.0013 -0.0054
vt 0.000000 0.000000
s 1
usemtl Material__25_1
f 230/1/14 103/1/15 13/1/16 211/1/17 212/1/18
f 63/1/31 61/1/32 47/1/33 45/1/34
f 24/1/53 55/1/54 26/1/55
f 185/1/60 193/1/61 46/1/62 41/1/63 37/1/64 264/1/65 186/1/60
f 44/1/74 61/1/32 51/1/75 43/1/76 40/1/77 53/1/78 80/1/79 33/1/80 31/1/81 30/1/82 39/1/83 42/1/84
f 39/1/83 30/1/82 36/1/96 38/1/97
f 39/1/83 38/1/97 37/1/64
f 50/1/102 47/1/103 48/1/104
f 62/1/113 45/1/34 52/1/114
f 58/1/119 57/1/120 59/1/121
f 57/1/120 64/1/122 59/1/121
f 63/1/128 58/1/119 59/1/121
f 59/1/121 61/1/129 63/1/128
f 63/1/31 45/1/34 62/1/113
f 220/1/130 65/1/131 56/1/132
f 73/1/141 76/1/142 77/1/143
f 76/1/148 72/1/149 78/1/150
f 77/1/151 76/1/148 78/1/150
f 77/1/152 78/1/153 79/1/154
f 82/1/155 74/1/156 77/1/143
f 80/1/79 53/1/78 69/1/157
f 251/1/169 104/1/170 235/1/171 229/1/172 228/1/173 227/1/174 252/1/175 100/1/169
f 15/1/197 13/1/16 103/1/15 241/1/198 208/1/199 202/1/200
f 90/1/201 85/1/202 88/1/203
f 24/1/53 85/1/207 90/1/208
f 227/1/174 228/1/173 225/1/235 226/1/236
f 254/1/246 126/1/247 128/1/248 240/1/249
f 41/1/63 44/1/74 42/1/84 39/1/83 37/1/64
f 113/1/292 112/1/293 111/1/294
f 89/1/299 84/1/300 179/1/301 180/1/302
f 129/1/327 128/1/328 127/1/329
f 97/1/334 187/1/335 164/1/336 165/1/337 188/1/338
f 135/1/348 136/1/349 151/1/350
f 137/1/351 150/1/352 131/1/353
f 154/1/369 137/1/351 149/1/370
f 121/1/371 114/1/372 115/1/373 120/1/374
f 152/1/375 150/1/352 137/1/351
f 152/1/375 153/1/381 144/1/382
f 139/1/383 158/1/384 255/1/385
f 162/1/386 160/1/386 165/1/386
f 165/1/387 164/1/387 162/1/387
f 162/1/388 158/1/384 139/1/383
f 158/1/389 162/1/390 164/1/336
f 159/1/391 161/1/392 165/1/393
f 88/1/203 86/1/402 92/1/403 90/1/201
f 92/1/420 91/1/421 23/1/422 55/1/54
f 3/1/433 5/1/434 4/1/435
f 49/1/436 50/1/102 133/1/437 134/1/438
f 2/1/532 10/1/533 213/1/534 1/1/535 215/1/536 4/1/435 5/1/434 216/1/537
f 123/1/549 116/1/550 122/1/551 169/1/552 125/1/553 141/1/554
f 24/1/53 29/1/604 223/1/605 85/1/207
f 219/1/619 19/1/620 35/1/621
f 41/1/63 46/1/62 44/1/74
f 44/1/74 46/1/62 48/1/622
f 29/1/604 72/1/633 83/1/634 223/1/605
f 256/1/635 257/1/636 255/1/385 158/1/384
f 230/1/14 6/1/640 229/1/172
f 195/1/649 231/1/650 234/1/651
f 148/1/661 151/1/350 147/1/662 146/1/663 62/1/113
f 229/1/172 235/1/171 103/1/15 230/1/14
f 263/1/701 120/1/702 142/1/703 261/1/704
f 149/1/370 156/1/705 155/1/706 154/1/369
f 110/1/724 115/1/373 114/1/372 113/1/292 111/1/294
f 240/1/249 140/1/732 254/1/246
f 104/1/170 251/1/169 100/1/169 252/1/175 227/1/174 226/1/236 250/1/741 249/1/742 102/1/743 246/1/744 101/1/745
f 259/1/746 161/1/392 159/1/391
f 118/1/747 120/1/702 263/1/701
f 181/1/755 260/1/756 263/1/757
f 34/1/767 33/1/80 54/1/768 35/1/621
f 214/1/801 198/1/802 197/1/803 194/1/804 3/1/433 217/1/805
f 68/1/806 221/1/807 192/1/808 81/1/809
f 52/1/114 45/1/34 49/1/436 134/1/438 136/1/349 135/1/348
f 93/1/845 179/1/301 84/1/300 222/1/846 70/1/847
f 136/1/349 134/1/438 133/1/437 132/1/858
f 127/1/329 128/1/248 126/1/247 131/1/353 150/1/352 136/1/349 132/1/858 130/1/876
f 6/1/640 5/1/434 3/1/433 224/1/930 225/1/235 228/1/173 229/1/172
f 48/1/622 47/1/33 61/1/32 44/1/74
f 212/1/18 7/1/936 216/1/537 5/1/434 6/1/640 230/1/14
f 170/1/948 168/1/949 169/1/950 122/1/951 171/1/952
f 119/1/958 121/1/371 120/1/374 118/1/959 117/1/960 116/1/961 123/1/549 124/1/962 108/1/963
f 187/1/335 189/1/978 98/1/979 163/1/980 158/1/389 164/1/336
f 71/1/992 72/1/633 76/1/142 73/1/141
f 178/1/1022 180/1/302 179/1/301 177/1/1023 176/1/1024
f 27/1/1028 218/1/1029 26/1/55 55/1/54 20/1/1030 28/1/1031 219/1/619 35/1/621 54/1/768
f 190/1/1047 161/1/1048 94/1/1049 96/1/1050
f 191/1/1065 192/1/808 221/1/807 65/1/131 220/1/130 155/1/706 258/1/1066
f 145/1/1091 144/1/382 60/1/1092
f 52/1/114 135/1/348 151/1/350 148/1/661 62/1/113
f 83/1/634 70/1/847 222/1/846 223/1/605
f 146/1/663 145/1/1091 60/1/1092 58/1/119 63/1/128 62/1/113
f 166/1/1118 160/1/1119 141/1/554
f 32/1/1121 34/1/1122 35/1/621 202/1/200 208/1/199 209/1/1123
f 92/1/403 86/1/402 87/1/1127 91/1/421
f 175/1/1131 261/1/704 142/1/703 143/1/1132 174/1/1133 91/1/421 87/1/1127 173/1/1131
f 250/1/741 226/1/236 225/1/235 224/1/930 248/1/1147
f 109/1/1148 25/1/1149 91/1/421 174/1/1133 143/1/1132
f 158/1/384 163/1/1155 157/1/1155 256/1/635
f 259/1/1176 168/1/949 170/1/948
f 245/1/1184 239/1/1185 238/1/1186 140/1/1187 240/1/1188 242/1/1189
f 97/1/334 99/1/1193 189/1/978 187/1/335
f 237/1/1198 253/1/1199 236/1/1200 238/1/1186 239/1/1185 244/1/1201 243/1/1202
f 8/1/1219 9/1/1220 10/1/533 2/1/532 216/1/537 7/1/936 18/1/1221 14/1/1222 17/1/1223
f 220/1/130 57/1/120 58/1/119 60/1/1092 144/1/382 153/1/1224 154/1/1224 155/1/706
f 125/1/553 167/1/1233 166/1/1118 141/1/554
f 183/1/1247 172/1/1248 86/1/1249 88/1/203 85/1/202 84/1/300 89/1/299 180/1/302 178/1/1022 182/1/1247
f 112/1/293 184/1/1259 28/1/1031 20/1/1260 21/1/1261 111/1/294
f 253/1/1199 105/1/1302 124/1/962 123/1/549 141/1/554 236/1/1303
f 231/1/650 195/1/649 196/1/1313 184/1/1259 119/1/958 108/1/963 107/1/1314 106/1/1314
f 151/1/350 136/1/349 150/1/352 152/1/375
f 181/1/1337 262/1/1338 172/1/1248 183/1/1247 182/1/1247 178/1/1022 176/1/1024 171/1/1339
f 48/1/104 46/1/62 193/1/61 130/1/876 132/1/1368 133/1/437 50/1/102
f 40/1/77 43/1/76 67/1/1371 66/1/1372 69/1/157 53/1/78
f 95/1/1380 73/1/1381 75/1/1382 99/1/1193 97/1/334
f 201/1/1386 198/1/802 214/1/801 217/1/805 1/1/535 213/1/534
f 30/1/82 205/1/1389 242/1/1189 240/1/1188 128/1/328 129/1/327 264/1/65 37/1/64 38/1/97 36/1/96
f 110/1/724 111/1/294 21/1/1261 23/1/422 22/1/1390
f 204/1/1391 205/1/1389 30/1/82 31/1/81
f 33/1/1392 34/1/1122 32/1/1121 203/1/1393 31/1/81
f 86/1/1249 172/1/1248 262/1/1338 181/1/755 263/1/757 261/1/704 175/1/1131 173/1/1131 87/1/1127
f 50/1/102 49/1/436 45/1/34 47/1/103
f 64/1/1433 51/1/75 61/1/129 59/1/121
f 156/1/705 257/1/636 258/1/1066 155/1/706
f 79/1/154 69/1/1452 66/1/1372 67/1/1371 56/1/132 65/1/131 221/1/807 68/1/806 82/1/1452 77/1/152
f 258/1/1066 257/1/636 256/1/1454 157/1/1454 163/1/980 98/1/979 74/1/1455 82/1/1454 68/1/806 81/1/809 192/1/1454 191/1/1065
f 222/1/846 84/1/300 85/1/202 223/1/605
f 77/1/143 74/1/156 75/1/1467 73/1/141
f 129/1/327 127/1/329 130/1/876 193/1/61 185/1/60 186/1/60 264/1/65
f 10/1/533 9/1/1220 8/1/1219 12/1/1486 11/1/1487 200/1/1488 199/1/1489 201/1/1386 213/1/534
f 105/1/1302 253/1/1199 237/1/1198 241/1/198 103/1/15 235/1/171 104/1/170
f 166/1/1118 167/1/1233 125/1/553 169/1/950 168/1/949 259/1/1176 159/1/1510 165/1/1510 160/1/1119
f 179/1/301 93/1/845 94/1/1049 161/1/1048 259/1/1176 170/1/948 177/1/1023
f 7/1/936 16/1/1556 17/1/1223 14/1/1222 18/1/1221
f 55/1/54 24/1/53 90/1/1577 92/1/420
f 243/1/1202 244/1/1201 207/1/1602 206/1/1603 203/1/1393 32/1/1121 209/1/1123
f 99/1/1193 75/1/1382 74/1/1455 98/1/979 189/1/978
f 250/1/741 248/1/1147 247/1/1646 232/1/1647 233/1/1648 102/1/743 249/1/742
f 91/1/421 25/1/1149 22/1/1390 23/1/422
f 119/1/958 184/1/1259 112/1/293 113/1/292 114/1/372 121/1/1650
f 171/1/1339 176/1/1024 177/1/1023 170/1/948
f 234/1/651 233/1/1648 232/1/1647 194/1/804 195/1/649
f 117/1/1661 260/1/1662 122/1/551 116/1/550
f 145/1/1091 146/1/663 147/1/662 151/1/350 152/1/375 144/1/382
f 16/1/1556 7/1/936 212/1/18 211/1/17 13/1/16 15/1/197
f 224/1/930 3/1/433 194/1/804 232/1/1647 247/1/1646 248/1/1147
f 237/1/1198 243/1/1202 209/1/1123 208/1/199 241/1/198
f 206/1/1603 207/1/1602 210/1/1684 204/1/1391 31/1/81 203/1/1393
f 231/1/650 106/1/1314 107/1/1314 108/1/963 124/1/962 105/1/1302 104/1/170 101/1/745 246/1/744 102/1/743 233/1/1648 234/1/651
f 126/1/247 254/1/246 140/1/732 160/1/1119 162/1/1687 139/1/383 255/1/385 138/1/1688 149/1/370 137/1/351 131/1/353
f 149/1/370 138/1/1688 255/1/385 257/1/636 156/1/705
f 143/1/1132 142/1/703 120/1/702 115/1/373 110/1/724 22/1/1390 25/1/1149 109/1/1148
f 260/1/756 181/1/755 171/1/1699 122/1/1700
f 29/1/604 24/1/53 26/1/55 218/1/1029 27/1/1028 54/1/768 33/1/80 80/1/79 69/1/157 79/1/1702 78/1/1702 72/1/633
f 190/1/1047 188/1/338 165/1/337 161/1/1048
f 56/1/132 64/1/122 57/1/120 220/1/130
f 56/1/132 67/1/1371 43/1/76 51/1/75 64/1/1433
f 160/1/1119 140/1/732 238/1/1718 236/1/1303 141/1/554
f 137/1/351 154/1/369 153/1/381 152/1/375
f 93/1/845 70/1/847 71/1/1719 96/1/1050 94/1/1049
f 23/1/422 21/1/1261 20/1/1030 55/1/54
f 3/1/433 4/1/435 215/1/536 1/1/535 217/1/805
f 17/1/1223 16/1/1556 15/1/197 202/1/200 35/1/621 19/1/620 219/1/619 28/1/1031 184/1/1259 196/1/1313 195/1/649 194/1/804 197/1/803 198/1/802 201/1/1386 199/1/1489 200/1/1488 11/1/1487 12/1/1486 8/1/1219
f 97/1/334 188/1/338 190/1/1047 96/1/1050 95/1/1380
f 118/1/747 263/1/701 260/1/1662 117/1/1661
f 70/1/847 83/1/634 72/1/633 71/1/992
f 207/1/1602 244/1/1201 239/1/1185 245/1/1184 210/1/1684
f 205/1/1389 204/1/1391 210/1/1684 245/1/1184 242/1/1189
f 95/1/1380 96/1/1050 71/1/1719 73/1/1381
usemtl Material__26_1
f 309/1/1 303/1/2 301/1/3 308/1/4
f 1362/1/5 1360/1/6 1415/1/7 1402/1/8 1345/1/9
f 1098/1/10 1099/1/11 1096/1/12 1097/1/13
f 1393/1/19 1392/1/20 1442/1/21 1445/1/22
f 1286/1/23 1293/1/24 1287/1/25 1285/1/26
f 942/1/27 944/1/28 943/1/29 941/1/30
f 1277/1/35 1283/1/36 1282/1/37 1280/1/38
f 1105/1/39 1090/1/40 1104/1/41 1103/1/42
f 751/1/43 742/1/44 743/1/45 750/1/46
f 1399/1/47 1397/1/48 1447/1/49 1465/1/50 1466/1/51 1467/1/52
f 840/1/56 850/1/57 848/1/58 841/1/59
f 385/1/66 338/1/67 354/1/68 530/1/69
f 776/1/70 787/1/71 759/1/72 760/1/73
f 380/1/85 525/1/86 378/1/87 379/1/88 528/1/89 529/1/90 382/1/91 355/1/92 360/1/93 361/1/94 363/1/95
f 335/1/98 337/1/99 336/1/100 334/1/101
f 634/1/105 632/1/106 629/1/107 627/1/108 644/1/105 643/1/109 642/1/110 640/1/105 639/1/105 637/1/105 636/1/111 635/1/112
f 422/1/115 421/1/116 424/1/117 423/1/118
f 1472/1/123 1438/1/124 1439/1/125 1440/1/126 1390/1/127
f 710/1/133 696/1/134 695/1/135 693/1/136
f 1037/1/137 1039/1/138 1038/1/139 1036/1/140
f 1473/1/144 1438/1/124 1472/1/123 1470/1/145 1471/1/146 1474/1/147
f 1133/1/158 1135/1/159 1134/1/160 1132/1/161
f 1258/1/162 1169/1/163 1168/1/164 1173/1/165 1221/1/166 1222/1/167 1289/1/168
f 1350/1/176 1409/1/177 1351/1/178 1364/1/179
f 836/1/180 847/1/181 837/1/182 831/1/183
f 1489/1/184 1488/1/185 1487/1/186 1485/1/187 1486/1/188
f 546/1/189 545/1/190 544/1/191 476/1/192
f 1330/1/193 1331/1/194 1333/1/195 1329/1/196
f 620/1/204 605/1/205 606/1/206
f 1213/1/209 1212/1/210 1208/1/211 1214/1/212
f 1308/1/213 1309/1/214 1231/1/215 1307/1/216 1312/1/217 1311/1/218
f 1208/1/211 1199/1/219 1189/1/220 1200/1/221
f 479/1/222 478/1/222 477/1/222 400/1/223 475/1/224 470/1/225 481/1/226 480/1/222
f 1392/1/20 1391/1/227 1439/1/125 1442/1/21
f 276/1/228 278/1/229 281/1/230 292/1/231
f 647/1/232 645/1/233 646/1/234
f 537/1/237 410/1/238 535/1/239 413/1/240
f 1071/1/241 1073/1/241 1075/1/241 1077/1/241 1079/1/241 1081/1/241 1083/1/241 1085/1/241 1088/1/241 1090/1/241 1066/1/241 1065/1/241 1068/1/241
f 706/1/242 714/1/243 713/1/244 705/1/245
f 314/1/250 295/1/251 296/1/252 313/1/253
f 875/1/254 855/1/255 856/1/256
f 1297/1/257 1213/1/209 1214/1/212 1298/1/258 1299/1/259
f 1461/1/260 1457/1/261 1456/1/262 1458/1/263 1378/1/263 1354/1/264 1383/1/265
f 313/1/253 296/1/252 298/1/266 312/1/267
f 1259/1/268 1178/1/269 1171/1/270 1169/1/163 1258/1/162 1224/1/271
f 396/1/272 379/1/88 378/1/87
f 1465/1/50 1448/1/273 1449/1/274 1463/1/275 1479/1/276 1464/1/277 1466/1/51
f 1193/1/278 1192/1/279 1191/1/280 1198/1/281 1283/1/36 1277/1/35 1278/1/282 1273/1/283
f 821/1/284 853/1/285 852/1/286 822/1/287
f 1046/1/288 1048/1/289 1047/1/290 1042/1/291
f 311/1/295 300/1/296 302/1/297 310/1/298
f 859/1/303 858/1/304 856/1/256 857/1/305
f 444/1/306 443/1/307 440/1/308 442/1/309
f 1208/1/211 1212/1/210 1209/1/310 1199/1/219
f 607/1/311 616/1/312 617/1/313 608/1/314
f 518/1/315 517/1/315 383/1/316 384/1/317 390/1/318 389/1/319 388/1/315 387/1/315
f 807/1/320 806/1/321 794/1/322
f 1266/1/323 1234/1/324 1267/1/325 1268/1/326
f 1387/1/330 1377/1/331 1375/1/332 1376/1/333
f 956/1/339 958/1/340 957/1/341 955/1/342
f 625/1/343 624/1/344 604/1/345 600/1/346 603/1/347
f 1417/1/354 1419/1/355 1341/1/356 1342/1/357
f 633/1/358 631/1/359 632/1/106 634/1/360
f 1232/1/361 1233/1/362 1234/1/324 1264/1/363 1160/1/364 1159/1/365 1174/1/366 1253/1/366 1279/1/367 1281/1/368
f 638/1/376 639/1/377 640/1/378 648/1/379 649/1/380
f 1021/1/394 1023/1/395 1022/1/396 1020/1/397
f 1242/1/398 1245/1/399 1244/1/400 1243/1/401
f 1396/1/404 1420/1/405 1395/1/406
f 1363/1/407 1364/1/179 1351/1/178 1352/1/408
f 581/1/409 580/1/410 579/1/411 578/1/409
f 1122/1/412 1123/1/413 1120/1/414 1121/1/415
f 1423/1/416 1344/1/417 1330/1/193 1328/1/418 1421/1/419
f 686/1/423 667/1/424 668/1/425 683/1/426
f 1380/1/427 1432/1/428 1475/1/429 1487/1/186 1488/1/185 1489/1/184 1388/1/430
f 1440/1/126 1416/1/431 1429/1/432 1390/1/127
f 979/1/439 980/1/440 977/1/441 978/1/442
f 999/1/443 1001/1/444 1000/1/445 997/1/446
f 305/1/447 304/1/447 314/1/447 313/1/447 312/1/447 311/1/447 310/1/447 309/1/447 308/1/447 307/1/447 306/1/447 321/1/447 323/1/447 325/1/447 327/1/447 329/1/447 331/1/447 334/1/447 336/1/447 315/1/447 316/1/447 319/1/447
f 455/1/448 460/1/449 542/1/450 543/1/451
f 601/1/452 619/1/453 602/1/454 625/1/343 603/1/347
f 629/1/107 632/1/106 653/1/455 630/1/456
f 1379/1/457 1368/1/458 1369/1/459 1363/1/407
f 1321/1/460 1341/1/356 1340/1/461 1323/1/462
f 355/1/92 382/1/91 530/1/69 354/1/68
f 1262/1/463 1164/1/464 1162/1/465 1263/1/466 1265/1/467
f 441/1/468 439/1/469 449/1/470 446/1/471
f 308/1/4 301/1/3 299/1/472 307/1/473
f 1087/1/474 1088/1/474 1085/1/475 1086/1/476
f 610/1/477 623/1/478 612/1/479 611/1/480
f 644/1/481 627/1/108 647/1/232 646/1/234
f 351/1/482 967/1/482 973/1/483 1013/1/484
f 385/1/66 530/1/69 384/1/317 383/1/316 386/1/485
f 805/1/486 806/1/321 807/1/320 816/1/487
f 715/1/488 709/1/489 716/1/490
f 1121/1/415 1120/1/414 1119/1/491 1118/1/492
f 394/1/493 392/1/494 529/1/90 528/1/89
f 287/1/495 288/1/495 289/1/495 290/1/495 291/1/495 335/1/495 333/1/495 332/1/495 330/1/495 328/1/495 326/1/495 324/1/495 285/1/495 286/1/495
f 591/1/496 592/1/497 593/1/498 594/1/499 595/1/500
f 922/1/501 927/1/502 923/1/503 920/1/503
f 1469/1/504 1389/1/505 1468/1/506 1477/1/507 1478/1/508 1485/1/187 1476/1/509
f 613/1/510 612/1/479 623/1/478 621/1/511
f 540/1/512 539/1/513 435/1/514 436/1/515 444/1/306 356/1/516 357/1/517 434/1/518 433/1/519
f 1407/1/520 1353/1/521 1352/1/522 1351/1/178 1409/1/177 1408/1/523
f 883/1/524 861/1/525 864/1/526 862/1/527
f 1008/1/528 1009/1/529 1006/1/530 1007/1/531
f 400/1/538 477/1/538 516/1/538 376/1/538 375/1/539 374/1/540 401/1/538
f 937/1/541 938/1/542 936/1/543 935/1/544
f 735/1/545 734/1/546 733/1/547 737/1/548
f 1390/1/127 1429/1/432 1430/1/555
f 1103/1/42 1104/1/41 1088/1/556 1102/1/557
f 1338/1/558 1398/1/558 1397/1/48 1399/1/47 1426/1/559 1422/1/560 1421/1/419 1326/1/561 1324/1/562
f 1364/1/179 1366/1/563 1348/1/564 1350/1/176
f 505/1/565 504/1/566 486/1/567 487/1/568
f 793/1/569 805/1/486 792/1/570 804/1/571
f 557/1/572 559/1/573 571/1/574 572/1/575
f 817/1/576 791/1/577 804/1/571 790/1/578
f 467/1/579 483/1/580 482/1/581 468/1/582
f 1082/1/583 1084/1/584 1083/1/585 1081/1/586
f 1154/1/587 374/1/587 1113/1/587 1112/1/587 1111/1/587
f 1480/1/588 1482/1/589 1483/1/590 1481/1/591 1485/1/592 1478/1/593
f 1297/1/257 1293/1/24 1294/1/594 1296/1/595 1211/1/596 1212/1/210 1213/1/209
f 1072/1/597 1070/1/597 1069/1/597 1063/1/597 1061/1/597 1089/1/597 1087/1/597 1086/1/597 1084/1/597 1082/1/597 1080/1/597 1078/1/597 1076/1/597 1074/1/597
f 454/1/598 537/1/237 413/1/240 536/1/599
f 1027/1/600 1029/1/601 1028/1/602 1026/1/603
f 520/1/606 521/1/607 355/1/92 354/1/68 338/1/67
f 1129/1/608 1130/1/608 1132/1/609 1134/1/610 1136/1/611 1139/1/612 1111/1/613 1110/1/608 1114/1/608 1117/1/608 1119/1/608 1120/1/608 1123/1/608 1125/1/608 1126/1/608
f 760/1/73 775/1/614 786/1/615 776/1/70
f 1223/1/616 1225/1/617 1224/1/271 1258/1/162
f 386/1/485 353/1/618 338/1/67 385/1/66
f 546/1/189 372/1/623 527/1/624 512/1/625 545/1/190
f 1305/1/626 1317/1/627 1306/1/628 1303/1/629
f 1001/1/444 1003/1/630 1002/1/631 1000/1/445
f 1253/1/366 1174/1/366 1159/1/365 1252/1/632 1309/1/214 1279/1/367
f 445/1/637 448/1/638 437/1/639
f 935/1/544 936/1/543 934/1/641 933/1/642
f 1010/1/643 1008/1/643 1007/1/531 1004/1/644 1003/1/643 1001/1/643 999/1/643 351/1/643 1013/1/643 1012/1/643
f 677/1/645 691/1/646 679/1/647 678/1/648
f 556/1/652 560/1/653 551/1/654 550/1/655
f 1251/1/656 1252/1/632 1159/1/365 1157/1/657 1175/1/658
f 959/1/659 960/1/660 957/1/341 958/1/340
f 1269/1/664 1217/1/665 1219/1/666 1270/1/667
f 749/1/668 740/1/669 739/1/670 741/1/671
f 1013/1/484 973/1/483 972/1/672 998/1/673 1012/1/674
f 1451/1/675 1456/1/262 1457/1/261 1450/1/676
f 727/1/677 745/1/678 744/1/679 726/1/680
f 904/1/681 891/1/682 892/1/683 916/1/684
f 1107/1/685 1140/1/685 1106/1/685 1108/1/685
f 1323/1/462 1340/1/461 1339/1/686 1324/1/562
f 1385/1/687 1459/1/688 1384/1/689 1371/1/690 1372/1/691
f 372/1/623 546/1/189 476/1/192 401/1/692 374/1/540
f 986/1/693 985/1/694 984/1/695 983/1/696
f 549/1/697 565/1/698 564/1/699 548/1/700
f 988/1/707 990/1/708 989/1/709 987/1/710
f 1239/1/711 1189/1/220 1190/1/712 1249/1/713 1238/1/714
f 815/1/715 808/1/716 795/1/717 797/1/718
f 270/1/719 272/1/720 288/1/721 287/1/722
f 475/1/224 544/1/191 545/1/190 473/1/723 470/1/225
f 399/1/725 516/1/726 477/1/726 478/1/727
f 1093/1/728 1095/1/729 1094/1/730 1092/1/731
f 913/1/733 900/1/734 901/1/735 910/1/736
f 387/1/737 500/1/738 499/1/739 518/1/740
f 649/1/380 650/1/748 637/1/749 639/1/377 638/1/376
f 690/1/750 676/1/751 661/1/752 675/1/753 689/1/754
f 939/1/758 940/1/759 938/1/542 937/1/541
f 1192/1/279 1193/1/278 1273/1/283 1274/1/760 1271/1/761 1320/1/762 1216/1/763 1180/1/764 1179/1/765 1237/1/766
f 1004/1/644 1005/1/769 1002/1/631 1003/1/630
f 1269/1/664 1265/1/467 1266/1/323 1268/1/770
f 835/1/771 843/1/772 818/1/773 819/1/774
f 965/1/775 964/1/775 962/1/775 961/1/775 959/1/659 958/1/340 956/1/775 954/1/775 952/1/775 951/1/775 353/1/775
f 268/1/776 267/1/777 265/1/778
f 267/1/777 266/1/779 265/1/778
f 266/1/780 267/1/781 271/1/782
f 271/1/782 269/1/783 266/1/780
f 271/1/782 270/1/719 269/1/783
f 270/1/719 274/1/784 272/1/720
f 1370/1/785 1434/1/786 1436/1/787 1435/1/788 1452/1/789 1437/1/790 1433/1/791 1431/1/792 1432/1/428 1380/1/427
f 274/1/784 277/1/793 273/1/794
f 1361/1/795 1359/1/796 1414/1/797 1415/1/7 1360/1/6
f 276/1/228 279/1/798 278/1/229
f 268/1/799 280/1/800 279/1/798
f 1468/1/506 1389/1/505 1400/1/810
f 265/1/778 284/1/811 283/1/812 268/1/776
f 285/1/813 266/1/814 286/1/815
f 287/1/722 269/1/783 270/1/719
f 917/1/816 907/1/817 888/1/818 890/1/819
f 288/1/721 272/1/720 289/1/820
f 842/1/821 853/1/285 820/1/822 819/1/774 818/1/773
f 290/1/823 273/1/794 277/1/793
f 343/1/824 498/1/825 347/1/826 349/1/827 524/1/828
f 1229/1/829 1230/1/830 1228/1/831 1227/1/832
f 375/1/539 376/1/833 377/1/834 526/1/835 373/1/836
f 298/1/495 296/1/495 295/1/495 293/1/837 294/1/838 297/1/495 299/1/495 301/1/495 303/1/2 302/1/297 300/1/495
f 293/1/837 304/1/839 294/1/838
f 294/1/838 304/1/839 305/1/840
f 294/1/838 305/1/840 297/1/841
f 297/1/841 305/1/840 306/1/842
f 708/1/843 718/1/844 714/1/243 706/1/242
f 295/1/251 314/1/250 293/1/837
f 293/1/837 314/1/250 304/1/839
f 326/1/848 328/1/849 327/1/849 325/1/850
f 337/1/99 317/1/851 315/1/851 336/1/100
f 322/1/852 324/1/853 323/1/853 321/1/854
f 413/1/240 535/1/239 405/1/855 411/1/856
f 648/1/379 640/1/378 642/1/110
f 334/1/101 333/1/857 335/1/98
f 721/1/859 697/1/860 699/1/861 711/1/862
f 933/1/642 934/1/641 931/1/863 932/1/864
f 321/1/447 306/1/447 305/1/447 319/1/447
f 338/1/67 353/1/618 339/1/865
f 277/1/793 274/1/784 270/1/719 271/1/782 267/1/781 268/1/799 279/1/798 276/1/228 275/1/866
f 1234/1/324 1266/1/323 1264/1/363
f 685/1/867 669/1/868 670/1/869 671/1/870
f 1284/1/871 1294/1/872 1293/1/24 1286/1/23 1218/1/873 1236/1/874 1235/1/875
f 366/1/877 524/1/828 349/1/827 352/1/878
f 930/1/879 932/1/864 931/1/863 929/1/880
f 916/1/684 903/1/881 896/1/882 915/1/883
f 782/1/884 780/1/885 766/1/886 767/1/887
f 330/1/888 332/1/889 331/1/890 329/1/891
f 983/1/696 984/1/695 981/1/892 982/1/893
f 487/1/568 488/1/894 456/1/895 505/1/565
f 882/1/896 863/1/897 864/1/526 865/1/898
f 318/1/899 320/1/900 319/1/900 316/1/901
f 793/1/902 804/1/571 791/1/577 803/1/903 802/1/904 801/1/905 799/1/906 796/1/907 797/1/902 795/1/902 794/1/902 806/1/902
f 1057/1/908 1059/1/909 1058/1/910 1056/1/911
f 368/1/912 369/1/912 370/1/913 371/1/914 351/1/912 350/1/912 348/1/912
f 1321/1/460 1337/1/915 1342/1/357 1341/1/356
f 1369/1/459 1365/1/916 1366/1/563 1364/1/179
f 884/1/917 876/1/918 861/1/525 883/1/524
f 878/1/919 868/1/920 869/1/921 871/1/922
f 881/1/923 865/1/898 867/1/924 866/1/925 880/1/926
f 896/1/882 894/1/927 897/1/928 911/1/929
f 392/1/494 394/1/493 393/1/931 391/1/932
f 684/1/933 671/1/870 673/1/934 682/1/935
f 691/1/646 677/1/645 660/1/937 676/1/751 690/1/750
f 1011/1/938 998/1/939 995/1/940 996/1/941 997/1/938 1000/1/938 1002/1/938 1005/1/769 1006/1/530 1009/1/938
f 968/1/942 969/1/943 967/1/944 999/1/945
f 367/1/946 371/1/914 402/1/947
f 1450/1/676 1457/1/261 1449/1/274 1448/1/273
f 558/1/953 559/1/573 557/1/572 549/1/954
f 495/1/955 497/1/956 498/1/825 496/1/957
f 1281/1/368 1279/1/367 1310/1/964 1280/1/38
f 421/1/965 419/1/966 534/1/967 533/1/968 424/1/117
f 664/1/969 666/1/970 665/1/971 687/1/972
f 787/1/71 788/1/973 757/1/974 759/1/72
f 1276/1/975 1275/1/976 1274/1/760 1273/1/283 1278/1/282
f 420/1/977 421/1/116 422/1/115
f 306/1/842 307/1/473 299/1/472 297/1/841
f 429/1/981 428/1/982 430/1/983
f 1414/1/797 1355/1/984 1404/1/985
f 1331/1/194 1330/1/193 1344/1/417 1428/1/986
f 1086/1/476 1085/1/475 1083/1/585 1084/1/584
f 627/1/108 628/1/987 655/1/988 647/1/232
f 891/1/682 904/1/681 905/1/989 906/1/990 893/1/991
f 443/1/307 444/1/306 436/1/515
f 442/1/309 356/1/516 444/1/306
f 1124/1/993 1127/1/994 1126/1/995 1125/1/996
f 1303/1/629 1306/1/628 1225/1/617 1223/1/616
f 365/1/997 447/1/998 465/1/999
f 451/1/1000 450/1/1001 452/1/1002
f 451/1/1000 452/1/1002 453/1/1003
f 453/1/1003 452/1/1002 457/1/1004
f 724/1/1005 693/1/136 695/1/135 694/1/1006
f 781/1/1007 778/1/1008 770/1/1009 771/1/1010 777/1/1011
f 455/1/448 447/1/998 365/1/997 364/1/1012 356/1/516 442/1/309 441/1/468 446/1/471
f 558/1/1013 547/1/1014 554/1/1015 551/1/654
f 458/1/1016 459/1/1016 457/1/1016 452/1/1016 450/1/1001 456/1/1017 488/1/1016
f 453/1/1003 457/1/1004 460/1/449
f 878/1/919 871/1/922 870/1/1018 879/1/1019
f 1240/1/1020 1238/1/714 1249/1/713 1194/1/1021 1191/1/280 1192/1/279 1237/1/766
f 495/1/955 496/1/957 522/1/1025 494/1/1026 493/1/1027
f 1462/1/1032 1384/1/689 1459/1/688 1460/1/1033 1480/1/588 1479/1/276 1463/1/275
f 1189/1/220 1239/1/711 1242/1/398 1188/1/1034 1200/1/221
f 683/1/426 668/1/425 670/1/869 669/1/868
f 348/1/1035 350/1/1036 349/1/827 347/1/826
f 1370/1/785 1380/1/427 1388/1/430 1349/1/1037 1366/1/563 1367/1/1038
f 504/1/1039 505/1/1040 456/1/1017 450/1/1001 445/1/637 437/1/639 502/1/1041 503/1/1039
f 454/1/598 536/1/599 414/1/1042 428/1/982
f 538/1/1043 540/1/512 433/1/519 432/1/1044 357/1/517 358/1/1045 409/1/1046
f 949/1/1051 947/1/1052 946/1/1052 944/1/1052 942/1/1052 939/1/1052 937/1/1052 935/1/1052 933/1/1052 932/1/1052 930/1/1052 928/1/1052 922/1/1052 920/1/1052 952/1/1053
f 498/1/825 497/1/956 489/1/1054
f 994/1/1055 992/1/1055 990/1/1055 988/1/1055 986/1/1055 983/1/1055 982/1/1055 979/1/1055 978/1/1055 976/1/1056 975/1/1055 968/1/1055 999/1/443 997/1/446 996/1/1055
f 491/1/1057 490/1/1058 425/1/1059 426/1/1060
f 443/1/307 506/1/1061 507/1/1062
f 796/1/907 815/1/715 797/1/718
f 502/1/1041 437/1/639 448/1/638 438/1/1063 508/1/1064
f 1124/1/993 1125/1/996 1123/1/413 1122/1/412
f 599/1/1067 598/1/1068 597/1/1069 622/1/1070 596/1/1071
f 1202/1/1072 1188/1/1034 1242/1/398 1243/1/401 1186/1/1073
f 1301/1/1074 1214/1/212 1202/1/1072 1186/1/1073 1243/1/401 1244/1/400 1184/1/1075 1185/1/1076 1201/1/1077 1187/1/1078 1203/1/1079 1302/1/1080 1316/1/1081 1317/1/627
f 1345/1/9 1402/1/8 1410/1/1082 1347/1/1083 1349/1/1037
f 324/1/853 326/1/848 325/1/850 323/1/853
f 1347/1/1083 1410/1/1082 1413/1/1084 1346/1/1085 1366/1/563 1349/1/1037
f 398/1/1086 399/1/725 478/1/727 479/1/1087
f 470/1/225 468/1/582 482/1/581 481/1/226
f 430/1/447 428/1/447 414/1/1042 412/1/1088 514/1/447 515/1/447
f 1343/1/1089 1417/1/354 1342/1/357 1337/1/915 1335/1/1090
f 551/1/654 554/1/1015 552/1/1093 550/1/655
f 1162/1/465 1163/1/1094 1161/1/1095 1160/1/364
f 1383/1/265 1354/1/264 1407/1/520 1406/1/1096 1405/1/1097 1356/1/1098 1371/1/690 1384/1/689 1462/1/1032 1461/1/260
f 626/1/1099 619/1/453 601/1/452 599/1/1067
f 386/1/485 383/1/316 517/1/1100 519/1/1101 340/1/1102 339/1/1100 353/1/1100
f 342/1/1103 520/1/606 341/1/1104
f 820/1/822 853/1/285 821/1/284
f 753/1/1105 736/1/1106 738/1/1107 748/1/1108 752/1/1109
f 360/1/93 521/1/607 520/1/606 342/1/1103 522/1/1025 496/1/957
f 637/1/749 650/1/748 651/1/1110 636/1/111
f 979/1/439 982/1/893 981/1/892 980/1/440
f 1206/1/1111 1216/1/763 1320/1/762 1314/1/1112
f 343/1/824 524/1/828 344/1/1113
f 366/1/877 344/1/1113 524/1/828
f 289/1/820 272/1/720 274/1/784 273/1/794 290/1/823
f 513/1/1114 525/1/86 380/1/85
f 1304/1/1115 1289/1/168 1222/1/167 1288/1/1116 1290/1/1117
f 520/1/606 338/1/67 339/1/865
f 512/1/625 527/1/624 526/1/835
f 526/1/835 527/1/624 373/1/836
f 384/1/317 530/1/69 381/1/1120 390/1/318
f 813/1/1124 809/1/1125 799/1/906 800/1/1126
f 675/1/753 662/1/1128 663/1/1129 688/1/1130 689/1/754
f 540/1/512 538/1/1043 537/1/237 454/1/598 539/1/513
f 1393/1/19 1444/1/1134 1395/1/406 1394/1/1135
f 1348/1/564 1346/1/1085 1413/1/1084 1412/1/1136
f 1469/1/504 1471/1/1137 1470/1/145 1390/1/127 1430/1/555 1389/1/505
f 755/1/1138 732/1/1139 733/1/547 754/1/1140
f 404/1/1141 532/1/1142 531/1/1143 402/1/947 403/1/1144
f 1451/1/1145 1444/1/1134 1393/1/19 1445/1/1145 1453/1/1146 1456/1/262
f 367/1/946 402/1/947 531/1/1143
f 531/1/1143 366/1/877 367/1/946
f 265/1/778 266/1/814 285/1/813 284/1/811
f 1151/1/1150 1153/1/1150 1139/1/612 1136/1/611 1137/1/1151 1138/1/1152 1141/1/1150 1143/1/1150 1145/1/1153 1147/1/1154 1149/1/1150
f 526/1/835 525/1/86 513/1/1114 512/1/625
f 865/1/1156 864/1/1156 861/1/1156 860/1/1156 857/1/1157 855/1/255 854/1/1158 874/1/1156 870/1/1018 869/1/1159 867/1/1156
f 408/1/1160 535/1/239 410/1/238
f 537/1/237 538/1/1043 410/1/238
f 496/1/957 498/1/825 346/1/1161 360/1/93
f 1010/1/1162 1011/1/1163 1009/1/529 1008/1/528
f 346/1/1161 343/1/824 344/1/1113 345/1/1164 523/1/1165 360/1/93
f 1432/1/428 1431/1/792 1433/1/791 1473/1/144 1474/1/147 1475/1/429
f 541/1/1166 451/1/1000 455/1/448
f 837/1/182 838/1/1167 830/1/1168 831/1/183
f 1135/1/159 1137/1/1151 1136/1/611 1134/1/160
f 1299/1/259 1292/1/1169 1287/1/25 1293/1/24 1297/1/257
f 542/1/450 460/1/449 461/1/1170
f 1025/1/1171 1027/1/600 1026/1/603 1024/1/1172
f 858/1/304 859/1/303 876/1/918 884/1/917
f 1333/1/1173 1336/1/1174 1322/1/1174 1327/1/1175
f 474/1/1177 473/1/723 545/1/190
f 560/1/653 556/1/652 567/1/1178 570/1/1179
f 606/1/206 604/1/345 620/1/204
f 765/1/1180 783/1/1181 784/1/1182 764/1/1183
f 547/1/1014 549/1/697 548/1/700
f 1095/1/729 1097/1/13 1096/1/12 1094/1/730
f 553/1/1190 552/1/1093 547/1/1014
f 553/1/1190 547/1/1014 555/1/1191
f 552/1/1093 554/1/1015 547/1/1014
f 555/1/1191 547/1/1014 548/1/700
f 625/1/343 602/1/454 626/1/1192 596/1/1192 622/1/1192 621/1/1192 623/1/478 610/1/477 618/1/1192 617/1/1192 616/1/312 605/1/205 620/1/1192 624/1/1192
f 549/1/697 547/1/1014 558/1/1013
f 551/1/654 560/1/653 559/1/573
f 551/1/1194 559/1/573 558/1/953
f 1295/1/1195 1211/1/596 1296/1/595 1294/1/594
f 764/1/1183 784/1/1182 773/1/1196 763/1/1197
f 564/1/699 555/1/1191 548/1/700
f 566/1/1203 575/1/1204 567/1/1178 561/1/1205 569/1/1206
f 564/1/699 568/1/1207 563/1/1208
f 840/1/56 841/1/59 828/1/1209 827/1/1210
f 562/1/1211 563/1/1212 569/1/1206
f 562/1/1211 569/1/1206 561/1/1205
f 412/1/1088 414/1/1042 536/1/599 413/1/240 411/1/856
f 1374/1/1213 1372/1/691 1358/1/1214 1355/1/984 1359/1/796
f 566/1/1203 569/1/1206 574/1/1215
f 564/1/699 565/1/698 568/1/1207
f 568/1/1207 565/1/698 577/1/1216
f 575/1/1217 570/1/1179 567/1/1178
f 575/1/1217 571/1/574 570/1/1179
f 573/1/1218 572/1/575 571/1/574
f 752/1/1109 748/1/1108 739/1/670 740/1/669
f 566/1/1225 581/1/1225 575/1/1225
f 575/1/1217 578/1/1226 571/1/574
f 571/1/574 578/1/1227 573/1/1218
f 573/1/1228 588/1/1228 576/1/1228
f 565/1/1229 576/1/1230 577/1/1231
f 581/1/1232 578/1/1226 575/1/1217
f 369/1/1234 427/1/1234 426/1/1234 425/1/1234 423/1/118 424/1/117 403/1/1144 370/1/913
f 582/1/1235 580/1/410 581/1/1236
f 574/1/1237 583/1/1238 566/1/1239
f 574/1/1237 585/1/1240 583/1/1238
f 577/1/1241 585/1/1240 574/1/1237
f 585/1/1240 586/1/1242 583/1/1238
f 586/1/1242 582/1/1235 583/1/1238
f 585/1/1243 577/1/1231 576/1/1230
f 586/1/1242 584/1/1244 582/1/1235
f 587/1/1245 584/1/1244 586/1/1242
f 589/1/1246 586/1/1242 585/1/1243
f 277/1/793 275/1/866 291/1/1250 290/1/823
f 588/1/1251 573/1/1218 578/1/1227
f 468/1/582 470/1/225 471/1/1252 472/1/1253 365/1/997 466/1/1254 469/1/1255 467/1/579
f 424/1/117 533/1/968 532/1/1142 404/1/1141
f 1363/1/1256 1352/1/522 1353/1/521 1373/1/1257 1379/1/457
f 594/1/499 579/1/411 580/1/410
f 594/1/499 580/1/410 595/1/500
f 595/1/500 580/1/410 582/1/1235
f 591/1/1258 584/1/1244 587/1/1245
f 601/1/452 598/1/1068 599/1/1067
f 603/1/1262 600/1/346 601/1/1263
f 518/1/740 499/1/739 519/1/1264 517/1/1264
f 1182/1/1265 1207/1/1266 1201/1/1077
f 1332/1/1267 1429/1/432 1416/1/431 1334/1/1268
f 559/1/573 560/1/653 570/1/1179 571/1/574
f 1457/1/261 1461/1/260 1462/1/1032 1463/1/275 1449/1/274
f 609/1/1269 610/1/477 611/1/480
f 1300/1/1270 1291/1/1271 1301/1/1074 1317/1/627 1305/1/626
f 729/1/1272 728/1/1273 745/1/678 727/1/677
f 1182/1/1265 1201/1/1077 1183/1/1274 1250/1/1275 1248/1/1276
f 364/1/1012 362/1/1277 361/1/94 360/1/93 523/1/1165 359/1/1278 358/1/1045 357/1/517 356/1/516
f 376/1/833 516/1/1279 399/1/1279 398/1/1279 397/1/1279 395/1/1280 396/1/272 377/1/834
f 885/1/1281 875/1/254 856/1/256 858/1/304
f 1058/1/910 1059/1/909 1019/1/1282 1043/1/1283
f 610/1/477 609/1/1269 618/1/1284
f 624/1/344 620/1/204 604/1/345
f 971/1/1285 970/1/1285 969/1/1286 975/1/1287
f 619/1/453 626/1/1288 602/1/454
f 626/1/1099 599/1/1067 596/1/1071
f 1169/1/163 1171/1/270 1172/1/1289 1170/1/1290
f 629/1/107 630/1/456 628/1/987
f 627/1/108 629/1/107 628/1/987
f 1257/1/1291 1259/1/268 1224/1/271 1226/1/1292
f 635/1/112 633/1/358 634/1/360
f 1078/1/1293 1079/1/1294 1077/1/1295 1076/1/1296
f 1171/1/270 1178/1/269 1177/1/1297 1158/1/1298
f 705/1/245 713/1/244 719/1/1299 720/1/1300
f 754/1/1140 733/1/547 734/1/546
f 1419/1/1301 1394/1/1135 1395/1/406 1420/1/405
f 1074/1/1304 1075/1/1305 1073/1/1306 1072/1/1307
f 908/1/1308 887/1/1309 918/1/1310 912/1/1311
f 750/1/46 743/1/45 726/1/680 725/1/1312
f 531/1/1143 532/1/1142 344/1/1113 366/1/877
f 648/1/379 642/1/110 641/1/1315
f 652/1/1316 631/1/359 633/1/358
f 653/1/455 632/1/106 631/1/359
f 654/1/1317 653/1/1318 631/1/1319
f 654/1/1317 630/1/456 653/1/1318
f 655/1/988 628/1/987 630/1/456
f 654/1/1317 655/1/988 630/1/456
f 707/1/1320 709/1/489 715/1/488 717/1/1321
f 408/1/1160 407/1/1322 406/1/1323 405/1/855 535/1/239
f 659/1/1324 679/1/1324 658/1/1324
f 657/1/1325 656/1/1326 658/1/1327
f 658/1/1327 656/1/1326 659/1/1328
f 678/1/648 679/1/647 659/1/1329
f 660/1/937 677/1/645 678/1/648
f 661/1/752 676/1/751 660/1/937
f 687/1/972 663/1/1129 662/1/1128 664/1/969
f 662/1/1128 675/1/753 661/1/752
f 494/1/1026 522/1/1025 342/1/1103 341/1/1104
f 1450/1/676 1446/1/1330 1396/1/404 1395/1/406 1444/1/1134 1451/1/675
f 673/1/934 672/1/1331 674/1/1332
f 1070/1/1333 1071/1/1334 1068/1/1335 1069/1/1336
f 440/1/308 508/1/1064 438/1/1063 439/1/469
f 685/1/867 671/1/870 684/1/933
f 683/1/426 669/1/868 685/1/867
f 880/1/926 866/1/925 869/1/921 868/1/920
f 688/1/1130 663/1/1129 687/1/972
f 816/1/1340 807/1/1340 808/1/1340 815/1/1340 814/1/1340 809/1/1125 813/1/1124 812/1/1340 811/1/1341 817/1/1342 790/1/1340 792/1/570 805/1/486
f 774/1/1343 762/1/1344 763/1/1197 773/1/1196
f 1393/1/19 1394/1/1135 1419/1/355 1418/1/1345 1392/1/20
f 681/1/1346 680/1/1347 679/1/1348
f 682/1/1349 692/1/1350 681/1/1346
f 1072/1/1307 1073/1/1306 1071/1/1334 1070/1/1333
f 698/1/1351 694/1/1006 695/1/135 696/1/134 709/1/489 707/1/1352 708/1/1352 706/1/1352 705/1/1352 703/1/1352 704/1/1352 702/1/1352 699/1/1352
f 699/1/861 697/1/860 698/1/1351
f 734/1/546 735/1/545 753/1/1353 752/1/1109 749/1/668 751/1/43 750/1/1353 744/1/1353 745/1/678 728/1/1273 756/1/1354 755/1/1353 754/1/1353
f 1194/1/1021 1249/1/713 1190/1/712 1196/1/1355
f 702/1/1356 700/1/1357 699/1/861
f 1287/1/25 1288/1/1116 1222/1/167 1285/1/26
f 1404/1/985 1357/1/1358 1356/1/1098 1405/1/1097
f 1205/1/1359 1207/1/1266 1182/1/1265
f 1207/1/1266 1203/1/1079 1187/1/1078 1201/1/1077
f 712/1/1360 700/1/1357 701/1/1361
f 1401/1/1362 1403/1/1363 1411/1/1364 1410/1/1362
f 1144/1/1365 1146/1/1366 1145/1/1153 1143/1/1367
f 1091/1/1369 1093/1/728 1092/1/731 1089/1/1370
f 716/1/490 696/1/134 710/1/133
f 592/1/497 591/1/1258 587/1/1245 586/1/1242 589/1/1246
f 574/1/1215 569/1/1206 563/1/1208 568/1/1207 577/1/1373
f 718/1/844 713/1/244 714/1/243
f 719/1/1299 713/1/244 718/1/844
f 350/1/1036 351/1/1374 352/1/878 349/1/827
f 711/1/862 700/1/1357 712/1/1360
f 722/1/1375 697/1/860 721/1/859
f 1220/1/1376 1219/1/666 1217/1/665 1218/1/873 1286/1/23 1285/1/26
f 427/1/1377 369/1/1378 368/1/1378 492/1/1379
f 710/1/133 693/1/136 716/1/1383
f 723/1/1384 693/1/1385 724/1/1005
f 550/1/655 552/1/1093 562/1/1211 561/1/1205
f 282/1/1387 281/1/230 278/1/229 279/1/798 280/1/800
f 1080/1/1388 1082/1/583 1081/1/586 1079/1/1294
f 739/1/670 738/1/1107 736/1/1106
f 748/1/1108 738/1/1107 739/1/670
f 725/1/1312 726/1/680 744/1/679
f 703/1/1394 720/1/1300 712/1/1360 701/1/1361 704/1/1395
f 752/1/1109 740/1/669 749/1/668
f 1312/1/217 1315/1/1396 1319/1/1397 1314/1/1112 1271/1/761 1311/1/218
f 755/1/1398 756/1/1398 747/1/1398
f 728/1/1273 746/1/1399 756/1/1354
f 750/1/46 725/1/1312 744/1/679
f 1131/1/1400 1130/1/1401 1129/1/1402 1128/1/1403
f 758/1/1404 759/1/72 757/1/974
f 1004/1/644 1007/1/531 1006/1/530 1005/1/769
f 761/1/1405 775/1/614 760/1/73
f 1206/1/1111 1314/1/1112 1319/1/1397 1215/1/1406
f 761/1/1405 763/1/1197 762/1/1344
f 1031/1/1407 1032/1/1408 1030/1/1409 1029/1/601
f 310/1/298 302/1/297 303/1/2 309/1/1
f 766/1/886 768/1/1410 767/1/887
f 275/1/866 276/1/228 292/1/231 291/1/1250
f 768/1/1410 770/1/1009 769/1/1411
f 1150/1/1412 1152/1/1413 1151/1/1414 1149/1/1415
f 771/1/1010 758/1/1404 772/1/1416
f 333/1/857 334/1/101 331/1/890 332/1/889
f 757/1/974 788/1/973 758/1/1404
f 772/1/1416 777/1/1011 771/1/1010
f 471/1/1252 474/1/1177 513/1/1114 380/1/85 363/1/95 361/1/94 362/1/1277 364/1/1012 365/1/997 472/1/1253
f 1425/1/1417 1418/1/1345 1417/1/354 1343/1/1089
f 1479/1/276 1480/1/588 1478/1/593 1477/1/507 1466/1/51 1464/1/277
f 782/1/884 779/1/1418 781/1/1419
f 783/1/1181 780/1/885 782/1/884
f 786/1/615 775/1/614 785/1/1420
f 770/1/1009 778/1/1008 781/1/1007 779/1/1418 769/1/1411
f 582/1/1235 584/1/1244 591/1/1258 595/1/500
f 1109/1/1421 1115/1/1422 1114/1/1423 1110/1/1421
f 841/1/59 848/1/58 847/1/181 836/1/180 829/1/1424 828/1/1209
f 387/1/737 388/1/1425 501/1/1426 500/1/738
f 789/1/1427 803/1/903 791/1/577
f 317/1/851 318/1/899 316/1/901 315/1/851
f 311/1/295 312/1/267 298/1/266 300/1/296
f 1386/1/1428 1377/1/331 1387/1/330 1484/1/1429 1483/1/590 1482/1/589
f 799/1/906 809/1/1125 798/1/1430
f 799/1/906 798/1/1430 796/1/907
f 801/1/905 800/1/1126 799/1/906
f 1484/1/1429 1489/1/184 1486/1/188 1481/1/591
f 803/1/1431 810/1/1432 811/1/1341 802/1/904
f 789/1/1427 810/1/1432 803/1/1431
f 643/1/109 644/1/481 646/1/234 645/1/233
f 1020/1/1434 1022/1/1434 1024/1/1434 1026/1/1434 1028/1/1434 1030/1/1434 1032/1/1434 1034/1/1434 1036/1/1434 1038/1/1434 1040/1/1435 1043/1/1283 1019/1/1282 1018/1/1434
f 492/1/1379 491/1/1057 426/1/1060 427/1/1377
f 692/1/1350 682/1/935 673/1/934 674/1/1332 656/1/1326
f 404/1/1141 403/1/1144 424/1/117
f 817/1/1342 811/1/1341 810/1/1432
f 814/1/1436 798/1/1430 809/1/1125
f 1391/1/227 1392/1/20 1418/1/1345 1425/1/1417
f 541/1/1166 455/1/448 446/1/471 449/1/470 439/1/469 438/1/1063 448/1/638 445/1/637
f 812/1/1437 801/1/905 802/1/904 811/1/1341
f 790/1/578 804/1/571 792/1/570
f 434/1/518 357/1/517 432/1/1044 433/1/519
f 419/1/966 406/1/1323 407/1/1322 534/1/967
f 822/1/287 823/1/1438 821/1/284
f 826/1/1439 827/1/1210 825/1/1440
f 1128/1/1403 1129/1/1402 1126/1/995 1127/1/994
f 829/1/1424 836/1/180 831/1/183
f 988/1/707 987/1/710 985/1/694 986/1/693
f 1214/1/212 1208/1/211 1200/1/221 1188/1/1034 1202/1/1072
f 268/1/776 283/1/812 282/1/1387 280/1/800
f 1209/1/310 1195/1/1441 1197/1/1442 1199/1/219
f 839/1/1443 845/1/1444 832/1/1445
f 842/1/821 818/1/773 843/1/772
f 843/1/772 835/1/771 834/1/1446
f 843/1/1447 834/1/1446 844/1/1448
f 555/1/1191 564/1/699 563/1/1212 553/1/1190
f 1033/1/1449 1035/1/1450 1034/1/1451 1032/1/1408
f 573/1/1218 576/1/1453 565/1/698 572/1/575
f 851/1/1456 823/1/1438 824/1/1457
f 539/1/513 429/1/981 430/1/983 431/1/1458 435/1/514
f 1484/1/1429 1387/1/330 1376/1/333
f 857/1/1157 856/1/1459 855/1/255
f 861/1/525 876/1/918 860/1/1460
f 929/1/1461 931/1/1461 934/1/1461 936/1/1461 938/1/1461 940/1/1461 941/1/1461 943/1/1461 945/1/1461 948/1/1461 950/1/1462 964/1/1463 924/1/1461 923/1/1461 927/1/1461
f 1184/1/1075 1250/1/1275 1183/1/1274 1185/1/1076
f 474/1/1177 471/1/1252 470/1/225 473/1/723
f 612/1/479 613/1/510 614/1/1464 611/1/480
f 866/1/925 867/1/924 869/1/921
f 870/1/1018 871/1/922 869/1/1159
f 870/1/1018 874/1/1465 872/1/1466
f 796/1/907 798/1/1430 814/1/1436 815/1/715
f 879/1/1019 870/1/1018 877/1/1468
f 751/1/43 749/1/668 741/1/671 742/1/44
f 886/1/1469 873/1/1470 854/1/1158
f 643/1/109 645/1/233 641/1/1315 642/1/110
f 863/1/897 862/1/527 864/1/526
f 883/1/524 862/1/527 863/1/897
f 992/1/1471 994/1/1472 993/1/1473 991/1/1474
f 875/1/1475 885/1/1476 886/1/1469
f 881/1/923 882/1/896 865/1/898
f 1076/1/1296 1077/1/1295 1075/1/1305 1074/1/1304
f 890/1/819 888/1/1477 889/1/1478
f 1283/1/36 1294/1/594 1284/1/1479 1282/1/37
f 893/1/991 906/1/990 890/1/819
f 891/1/682 893/1/991 895/1/1480
f 895/1/1481 892/1/683 891/1/682
f 911/1/929 897/1/928 898/1/1482
f 962/1/1483 964/1/1463 963/1/1484 948/1/1485
f 990/1/708 992/1/1471 991/1/1474 989/1/709
f 720/1/1300 703/1/1394 705/1/245
f 975/1/1490 976/1/1491 974/1/1492 971/1/1490
f 915/1/883 896/1/882 911/1/929 914/1/1493
f 777/1/1494 788/1/1494 787/1/71 776/1/70 786/1/1494 785/1/1420 774/1/1343 773/1/1494 784/1/1494 783/1/1494 782/1/884 781/1/1419
f 894/1/927 896/1/882 903/1/881
f 899/1/1495 913/1/733 914/1/1496
f 755/1/1138 747/1/1497 731/1/1498 732/1/1139
f 838/1/1167 846/1/1499 845/1/1444 839/1/1443
f 917/1/1500 905/1/989 904/1/681
f 919/1/1501 907/1/817 917/1/1500
f 915/1/1502 914/1/1496 913/1/733 910/1/736 909/1/1503 912/1/1502 918/1/1502 919/1/1501 917/1/1500 904/1/681 916/1/1502
f 952/1/1504 920/1/1504 951/1/1504
f 951/1/1505 920/1/1506 921/1/1507
f 466/1/1254 464/1/1508 463/1/1509
f 924/1/1511 926/1/1511 923/1/1511
f 817/1/576 810/1/1432 789/1/1427 791/1/577
f 927/1/502 922/1/501 928/1/1512
f 813/1/1124 800/1/1126 801/1/905 812/1/1437
f 898/1/1482 900/1/734 913/1/733 899/1/1495
f 605/1/205 616/1/312 607/1/311 606/1/206
f 1413/1/1084 1410/1/1082 1411/1/1364 1412/1/1136
f 458/1/1513 488/1/894 487/1/568 486/1/1514 485/1/1514 484/1/1515 466/1/1254 463/1/1509 462/1/1516
f 1091/1/1369 1089/1/1370 1061/1/1517 1062/1/1518
f 907/1/817 919/1/1501 889/1/1519 888/1/818
f 928/1/1512 930/1/879 929/1/880 927/1/502
f 966/1/1520 353/1/1521 921/1/1522
f 921/1/1522 353/1/1521 951/1/1523
f 949/1/1051 952/1/1053 953/1/1524
f 953/1/1524 952/1/1053 954/1/1525
f 953/1/1524 954/1/1525 955/1/342
f 955/1/342 954/1/1525 956/1/339
f 960/1/660 959/1/659 961/1/1526
f 513/1/1114 474/1/1177 545/1/190 512/1/625
f 826/1/1439 825/1/1440 823/1/1438 851/1/1456 849/1/1527
f 963/1/1484 964/1/1463 950/1/1462
f 964/1/1528 965/1/1529 925/1/1530
f 353/1/1531 966/1/1532 965/1/1531
f 1176/1/1533 1255/1/1534 1251/1/656 1175/1/658
f 957/1/341 960/1/660 948/1/1485 947/1/1535 949/1/1535 953/1/1535 955/1/1535
f 963/1/1484 950/1/1536 948/1/1485
f 1409/1/177 1350/1/176 1348/1/564 1412/1/1136
f 969/1/1286 968/1/1537 975/1/1287
f 973/1/1538 970/1/1538 972/1/1538
f 970/1/1539 973/1/1540 969/1/943
f 973/1/1540 967/1/944 969/1/943
f 838/1/1167 839/1/1443 832/1/1445 830/1/1168
f 783/1/1181 765/1/1180 766/1/886 780/1/885
f 479/1/1087 480/1/1541 397/1/1542 398/1/1086
f 454/1/598 428/1/982 429/1/981 539/1/513
f 1023/1/395 1025/1/1171 1024/1/1172 1022/1/396
f 1154/1/1543 1152/1/1543 1150/1/1543 1148/1/1544 1146/1/1366 1144/1/1543 1142/1/1543 1106/1/1543 1140/1/1543 374/1/1543
f 977/1/1545 980/1/1545 981/1/1545 984/1/1545 985/1/1545 987/1/1545 989/1/1546 991/1/1545 993/1/1545 995/1/940 998/1/939 972/1/1547 970/1/1548 971/1/1549 974/1/1545
f 1055/1/1550 1054/1/1551 1052/1/1552 1050/1/1550 1048/1/1550 1046/1/1550 1045/1/1550 1060/1/1550 1059/1/1550 1057/1/1550
f 946/1/1553 945/1/1554 943/1/29 944/1/28
f 967/1/944 351/1/1555 999/1/945
f 716/1/490 709/1/489 696/1/134
f 1231/1/215 1251/1/656 1254/1/1557 1230/1/830 1229/1/829
f 1011/1/1163 1010/1/1162 1012/1/674
f 1011/1/1163 1012/1/674 998/1/673
f 1475/1/429 1474/1/147 1471/1/1137 1469/1/504 1476/1/509 1487/1/186
f 378/1/87 377/1/834 396/1/272
f 1050/1/1558 1052/1/1552 1051/1/1559 1049/1/1560
f 538/1/1043 409/1/1046 358/1/1045 359/1/1278 523/1/1165 345/1/1164 344/1/1113 532/1/1142 533/1/968 534/1/1561 407/1/1322 408/1/1160 410/1/238
f 1015/1/1562 1014/1/1562 1016/1/1562
f 1015/1/1563 1016/1/1564 1017/1/1565
f 1018/1/1566 1019/1/1567 1044/1/1568
f 1018/1/1566 1044/1/1568 1017/1/1565
f 1044/1/1569 1015/1/1563 1017/1/1565
f 1204/1/1570 1181/1/1571 1247/1/1572 1179/1/765 1180/1/764
f 1371/1/690 1356/1/1098 1357/1/1358 1358/1/1214 1372/1/691
f 1028/1/602 1029/1/601 1030/1/1409
f 543/1/451 542/1/450 464/1/1508 466/1/1254 365/1/997 465/1/999
f 1032/1/1408 1031/1/1407 1033/1/1449
f 833/1/1573 844/1/1448 834/1/1446 835/1/771
f 549/1/697 557/1/572 572/1/575 565/1/698
f 1015/1/1574 1044/1/1575 1045/1/1576
f 1047/1/290 1048/1/289 1049/1/1560
f 1049/1/1560 1048/1/289 1050/1/1558
f 764/1/1578 763/1/1578 761/1/1578 760/1/1578 759/1/72 758/1/1404 771/1/1010 770/1/1009 768/1/1410 766/1/886 765/1/1578
f 1053/1/1579 1054/1/1551 1055/1/1580
f 1106/1/1581 1142/1/1582 1141/1/1583 1138/1/1152 1137/1/1151 1135/1/1584 1133/1/1584 1131/1/1584 1128/1/1585 1127/1/1584 1124/1/1584 1122/1/1584 1121/1/1584 1118/1/1584 1116/1/1584 1115/1/1584 1109/1/1584 1108/1/1586
f 1035/1/1450 1037/1/137 1036/1/140 1034/1/1451
f 1059/1/1587 1060/1/1588 1019/1/1589
f 1019/1/1589 1060/1/1588 1044/1/1575
f 1044/1/1575 1060/1/1588 1045/1/1576
f 852/1/286 824/1/1457 823/1/1438 822/1/287
f 1058/1/1590 1043/1/1283 1040/1/1435 1041/1/1591 1042/1/1590 1047/1/1590 1049/1/1590 1051/1/1559 1053/1/1579 1056/1/1590
f 1062/1/1592 1061/1/1592 1063/1/1592
f 1062/1/1518 1063/1/1593 1067/1/1594
f 1067/1/1595 1063/1/1596 1064/1/1597
f 1065/1/1598 1066/1/1598 1064/1/1598
f 1064/1/1599 1066/1/1600 1067/1/1601
f 1269/1/664 1261/1/1604 1262/1/463 1265/1/467
f 758/1/1404 788/1/973 777/1/1011 772/1/1416
f 1079/1/1294 1078/1/1293 1080/1/1388
f 1154/1/1605 1139/1/612 1153/1/1606 1152/1/1413
f 1482/1/589 1480/1/588 1460/1/1033 1459/1/688 1385/1/687
f 1105/1/39 1066/1/1607 1090/1/40
f 320/1/495 318/1/495 317/1/495 337/1/495 335/1/495 291/1/495 292/1/495 281/1/495 282/1/495 283/1/495 284/1/495 285/1/495 324/1/495 322/1/495
f 1062/1/1518 457/1/1608 1091/1/1369
f 1101/1/1609 1100/1/1610 1102/1/557
f 1101/1/1609 1102/1/557 1088/1/556
f 1067/1/1594 457/1/1608 1062/1/1518
f 1093/1/1611 1091/1/1611 457/1/1611 1105/1/1611 1103/1/1611 1102/1/1611 1100/1/1610 1098/1/10 1097/1/1611 1095/1/1611
f 1096/1/12 1099/1/11 1101/1/1609 1088/1/556 1087/1/1612 1089/1/1612 1092/1/1612 1094/1/1612
f 1104/1/41 1090/1/1613 1088/1/556
f 1420/1/405 1396/1/404 1446/1/1330 1447/1/49 1397/1/48 1398/1/558 1338/1/558 1324/1/562 1339/1/686
f 1107/1/1614 1108/1/1614 1109/1/1614
f 1107/1/1615 1109/1/1615 1110/1/1615
f 1112/1/1616 1110/1/1616 1111/1/1616
f 340/1/1102 519/1/1101 499/1/1617 500/1/1617 501/1/1617 493/1/1027 494/1/1026 341/1/1104
f 1112/1/1618 1113/1/1618 1110/1/1618
f 702/1/1356 704/1/1395 701/1/1361 700/1/1357
f 1255/1/1619 1256/1/1619 1257/1/1620 1254/1/1621
f 1021/1/394 1020/1/397 1018/1/1566 1017/1/1565 1016/1/1564
f 650/1/1622 649/1/1622 648/1/379 641/1/1315 645/1/233 647/1/232 655/1/988 654/1/1317 631/1/1319 652/1/1622 651/1/1622
f 976/1/1491 978/1/442 977/1/441 974/1/1492
f 440/1/308 439/1/469 441/1/468 442/1/309
f 1154/1/1605 1111/1/613 1139/1/612
f 1113/1/1623 374/1/1624 1140/1/1625
f 503/1/1626 485/1/1627 486/1/567 504/1/566
f 1147/1/1154 1148/1/1544 1149/1/1415
f 1149/1/1415 1148/1/1544 1150/1/1412
f 1151/1/1414 1152/1/1413 1153/1/1606
f 1171/1/270 1158/1/1298 1156/1/1628 1172/1/1289
f 1165/1/1629 1155/1/1630 1161/1/1631
f 1155/1/1630 1156/1/1628 1157/1/657
f 1155/1/1630 1157/1/657 1159/1/365
f 1155/1/1630 1159/1/365 1161/1/1095
f 1166/1/1632 1165/1/1629 1161/1/1631
f 1159/1/365 1160/1/364 1161/1/1095
f 613/1/510 621/1/511 615/1/1633 614/1/1464
f 1161/1/1095 1163/1/1094 1166/1/1632
f 1162/1/465 1164/1/464 1163/1/1094
f 1163/1/1094 1164/1/464 1166/1/1632
f 1164/1/464 1167/1/1634 1166/1/1632
f 1166/1/1632 1167/1/1634 1168/1/164
f 1165/1/1629 1166/1/1632 1170/1/1290
f 1166/1/1632 1168/1/164 1170/1/1290
f 1168/1/164 1169/1/163 1170/1/1290
f 1165/1/1629 1170/1/1290 1172/1/1289
f 1155/1/1630 1165/1/1629 1156/1/1628
f 1165/1/1629 1172/1/1289 1156/1/1628
f 658/1/1635 679/1/1635 680/1/1347 657/1/1325
f 664/1/969 662/1/1636 661/1/1636 660/1/1636 678/1/1636 659/1/1328 656/1/1326 674/1/1332 672/1/1331 670/1/1636 668/1/425 667/1/424 666/1/970
f 926/1/1637 966/1/1638 921/1/1507 920/1/1506 923/1/1638
f 1263/1/466 1162/1/465 1160/1/364 1264/1/363 1266/1/323
f 416/1/1639 510/1/1640 509/1/1641 415/1/1642
f 837/1/182 847/1/181 846/1/1499 838/1/1167
f 1176/1/1533 1158/1/1298 1177/1/1297
f 394/1/493 528/1/89 379/1/88 396/1/272
f 459/1/1643 458/1/1513 462/1/1516 463/1/1509 464/1/1508 542/1/450 461/1/1170
f 665/1/971 686/1/1644 683/1/1644 685/1/1644 684/1/1644 682/1/1349 681/1/1346 679/1/1348 691/1/1644 690/1/1645 689/1/1644 688/1/1644 687/1/972
f 341/1/1104 520/1/606 339/1/865 340/1/1102
f 1204/1/1570 1182/1/1649 1181/1/1571
f 1185/1/1076 1183/1/1274 1201/1/1077
f 1189/1/220 1196/1/1355 1190/1/712
f 1409/1/177 1412/1/1136 1411/1/1364 1408/1/523
f 400/1/223 401/1/692 476/1/192 544/1/191 475/1/224
f 1191/1/280 1194/1/1021 1195/1/1441
f 1191/1/280 1195/1/1441 1198/1/281
f 1455/1/1651 1453/1/1146 1452/1/789 1454/1/1652 1381/1/1653 1382/1/1654
f 1189/1/220 1197/1/1442 1196/1/1355
f 1199/1/219 1197/1/1442 1189/1/220
f 1157/1/657 1156/1/1628 1158/1/1298 1176/1/1533 1175/1/658
f 894/1/927 903/1/881 916/1/684 892/1/683 895/1/1481
f 694/1/1006 698/1/1351 697/1/860 722/1/1375 723/1/1384 724/1/1005
f 1205/1/1359 1215/1/1406 1207/1/1266
f 579/1/411 594/1/499 593/1/498 590/1/1655
f 1210/1/1656 1195/1/1441 1209/1/310
f 1198/1/281 1195/1/1441 1210/1/1656 1272/1/1657 1295/1/1195 1294/1/594 1283/1/36
f 501/1/1426 388/1/1425 389/1/1658 391/1/1658 393/1/1658 395/1/1658 397/1/1542 480/1/1541 481/1/1658 482/1/1658 483/1/1658 484/1/1658 485/1/1627 503/1/1626 502/1/1658 508/1/1658 507/1/1658 506/1/1658 511/1/1659 417/1/1660 418/1/1658 420/1/1658 422/1/1658 423/1/1658 425/1/1059 490/1/1058 489/1/1658 497/1/1658 495/1/1658 493/1/1658
f 371/1/914 370/1/913 403/1/1144 402/1/947
f 1211/1/596 1272/1/1657 1210/1/1656 1209/1/310 1212/1/210
f 1236/1/874 1218/1/873 1217/1/665
f 918/1/1310 887/1/1309 889/1/1519 919/1/1501
f 905/1/989 917/1/816 890/1/819 906/1/990
f 1224/1/271 1225/1/617 1226/1/1292
f 635/1/112 636/1/111 651/1/1110 652/1/1316 633/1/358
f 1105/1/1663 457/1/1664 1067/1/1601 1066/1/1600
f 1118/1/492 1119/1/491 1117/1/1665 1116/1/1666
f 1100/1/1610 1101/1/1609 1099/1/11 1098/1/10
f 1233/1/362 1282/1/37 1235/1/875 1236/1/874 1267/1/325 1234/1/324
f 779/1/1418 782/1/884 767/1/887 768/1/1410 769/1/1411
f 1246/1/1667 1237/1/766 1179/1/765
f 1239/1/711 1238/1/714 1241/1/1668
f 1246/1/1667 1240/1/1669 1237/1/766
f 1245/1/1670 1240/1/1669 1246/1/1667
f 1241/1/1668 1238/1/714 1240/1/1020
f 1245/1/1670 1241/1/1668 1240/1/1669
f 1245/1/1670 1242/1/398 1241/1/1668
f 1239/1/711 1241/1/1668 1242/1/398
f 1245/1/399 1250/1/1275 1244/1/400
f 1246/1/1671 1179/1/765 1247/1/1572
f 1246/1/1671 1247/1/1572 1248/1/1276
f 1484/1/1429 1376/1/333 1388/1/430 1489/1/184
f 1184/1/1075 1244/1/400 1250/1/1275
f 1113/1/1623 1140/1/1625 1107/1/1672 1110/1/1672
f 1176/1/1533 1177/1/1297 1255/1/1534
f 872/1/1466 873/1/1470 877/1/1468 870/1/1018
f 1254/1/1557 1251/1/656 1255/1/1534
f 1229/1/829 1313/1/1673 1315/1/1396 1312/1/217 1307/1/1674
f 1177/1/1297 1256/1/1675 1255/1/1534
f 592/1/497 589/1/1246 588/1/1676 590/1/1655 593/1/498
f 1374/1/1213 1359/1/796 1361/1/795 1375/1/332
f 352/1/878 351/1/1374 371/1/914 367/1/946 366/1/877
f 525/1/86 526/1/835 377/1/834 378/1/87
f 269/1/783 287/1/722 286/1/815 266/1/814
f 925/1/1530 926/1/1677 924/1/1678 964/1/1679
f 673/1/934 671/1/870 670/1/869 672/1/1331
f 1146/1/1366 1148/1/1544 1147/1/1154 1145/1/1153
f 1266/1/323 1265/1/467 1263/1/466
f 1230/1/830 1254/1/1621 1257/1/1620 1226/1/1292 1228/1/831
f 1267/1/325 1236/1/874 1217/1/665
f 1217/1/665 1269/1/664 1267/1/325
f 1268/1/770 1267/1/325 1269/1/664
f 1015/1/1574 1045/1/1576 1046/1/1680 1014/1/1680
f 320/1/900 322/1/852 321/1/854 319/1/900
f 556/1/652 550/1/655 561/1/1205 567/1/1178
f 711/1/862 699/1/861 700/1/1357
f 824/1/1457 852/1/286 853/1/1681 842/1/1681 843/1/1447 844/1/1448 845/1/1681 846/1/1681 847/1/1681 848/1/1681 850/1/1681 849/1/1681 851/1/1681
f 1116/1/1666 1117/1/1665 1114/1/1423 1115/1/1422
f 1252/1/632 1251/1/656 1231/1/215 1309/1/214
f 1271/1/761 1314/1/1112 1320/1/762
f 1443/1/1682 1441/1/1683 1437/1/790 1452/1/789
f 392/1/494 391/1/932 389/1/319 390/1/318 381/1/1120
f 527/1/624 372/1/623 374/1/540 375/1/539 373/1/836
f 394/1/493 396/1/272 395/1/1280 393/1/931
f 1235/1/875 1282/1/37 1284/1/1479
f 451/1/1000 541/1/1166 445/1/637 450/1/1001
f 590/1/1685 588/1/1685 578/1/1685 579/1/1685
f 828/1/1686 829/1/1686 831/1/1686 830/1/1686 832/1/1686 833/1/1686 835/1/1686 819/1/774 820/1/822 821/1/1686 823/1/1438 825/1/1440 827/1/1686
f 1222/1/167 1220/1/1376 1285/1/26
f 328/1/849 330/1/888 329/1/891 327/1/849
f 1131/1/1400 1133/1/158 1132/1/161 1130/1/1401
f 417/1/1660 511/1/1659 510/1/1640 416/1/1639
f 939/1/758 942/1/27 941/1/30 940/1/759
f 1473/1/144 1433/1/791 1437/1/790 1441/1/1683 1442/1/21 1439/1/125 1438/1/124
f 443/1/307 436/1/515 435/1/514 431/1/1458
f 1308/1/213 1310/1/964 1279/1/367 1309/1/214
f 1142/1/1582 1144/1/1365 1143/1/1367 1141/1/1583
f 1211/1/596 1295/1/1195 1272/1/1657
f 1039/1/138 1041/1/1591 1040/1/1435 1038/1/139
f 1291/1/1271 1300/1/1270 1290/1/1117 1288/1/1116 1287/1/25 1292/1/1169
f 1381/1/1653 1454/1/1652 1435/1/788 1436/1/787 1368/1/458 1379/1/457
f 583/1/1238 582/1/1689 581/1/1689 566/1/1239
f 894/1/1690 895/1/1480 893/1/991 890/1/819 889/1/1478 887/1/1690 908/1/1690 902/1/1690 901/1/1691 900/1/734 898/1/1482 897/1/928
f 455/1/448 543/1/451 465/1/999 447/1/998
f 415/1/1642 509/1/1641 515/1/1692 514/1/1693
f 692/1/1350 656/1/1326 657/1/1325 680/1/1347 681/1/1346
f 1435/1/788 1454/1/1652 1452/1/789
f 665/1/971 666/1/970 667/1/424 686/1/423
f 507/1/1062 508/1/1064 440/1/308 443/1/307
f 855/1/255 875/1/254 886/1/1469 854/1/1158
f 1316/1/1081 1318/1/1694 1207/1/1266 1215/1/1406 1319/1/1397 1315/1/1396 1313/1/1673 1229/1/829 1306/1/1695
f 1307/1/1674 1231/1/215 1229/1/829
f 728/1/1273 729/1/1272 730/1/1696 746/1/1399
f 1322/1/1697 1336/1/1698 1337/1/915 1321/1/460
f 1311/1/218 1271/1/761 1274/1/760 1275/1/976 1276/1/975
f 1196/1/1355 1197/1/1442 1195/1/1441 1194/1/1021
f 1227/1/832 1228/1/831 1226/1/1292 1225/1/617 1306/1/1695 1229/1/829
f 1414/1/797 1359/1/796 1355/1/984
f 1269/1/664 1270/1/667 1260/1/1701 1261/1/1604
f 1316/1/1081 1306/1/628 1317/1/627
f 466/1/1254 484/1/1515 483/1/580 467/1/579 469/1/1255
f 1419/1/1703 1420/1/405 1340/1/461 1341/1/356
f 850/1/57 840/1/56 827/1/1210 826/1/1439 849/1/1527
f 1042/1/291 1041/1/1704 1039/1/1704 1037/1/1705 1035/1/1704 1033/1/1704 1031/1/1704 1029/1/1704 1027/1/1704 1025/1/1704 1023/1/1706 1021/1/1707 1016/1/1704 1014/1/1704 1046/1/288
f 1247/1/1572 1181/1/1571 1182/1/1649 1248/1/1276
f 1206/1/1111 1215/1/1406 1205/1/1708 1182/1/1649 1204/1/1570
f 598/1/1709 601/1/1263 600/1/346 604/1/345 606/1/1709 607/1/1709 608/1/1709 609/1/1709 611/1/1709 614/1/1464 615/1/1633 597/1/1709
f 1322/1/1697 1321/1/460 1323/1/462
f 1322/1/1697 1323/1/462 1325/1/1710
f 1323/1/462 1324/1/562 1325/1/1710
f 1322/1/1697 1325/1/1710 1327/1/1711
f 1324/1/562 1326/1/561 1325/1/1710
f 1327/1/1711 1325/1/1710 1326/1/561
f 1327/1/1175 1329/1/1712 1333/1/1173
f 1329/1/1713 1328/1/418 1330/1/193
f 1331/1/194 1332/1/1267 1333/1/195
f 1333/1/195 1332/1/1267 1334/1/1714
f 1336/1/1698 1333/1/195 1334/1/1714
f 1336/1/1698 1334/1/1714 1335/1/1090
f 1336/1/1698 1335/1/1090 1337/1/915
f 876/1/918 859/1/303 857/1/305 860/1/1460
f 1261/1/1604 1260/1/1701 1173/1/165 1168/1/164 1167/1/1634
f 1487/1/186 1476/1/509 1485/1/187
f 346/1/1161 498/1/825 343/1/824
f 1052/1/1552 1054/1/1551 1053/1/1579 1051/1/1559
f 1447/1/49 1446/1/1330 1450/1/676 1448/1/273 1465/1/50
f 1421/1/419 1328/1/418 1326/1/561
f 1366/1/563 1346/1/1085 1348/1/564
f 912/1/1311 909/1/1503 902/1/1715 908/1/1308
f 1358/1/1214 1357/1/1358 1404/1/985 1355/1/984
f 785/1/1420 775/1/614 761/1/1405 762/1/1344 774/1/1343
f 1203/1/1079 1207/1/1266 1318/1/1694 1316/1/1081 1302/1/1080
f 874/1/1465 854/1/1158 873/1/1470 872/1/1466
f 1376/1/333 1375/1/332 1361/1/795 1360/1/6 1362/1/5
f 1214/1/212 1301/1/1074 1298/1/258
f 1178/1/269 1259/1/268 1257/1/1291 1256/1/1675 1177/1/1297
f 1363/1/407 1369/1/459 1364/1/179
f 1369/1/459 1368/1/458 1365/1/916
f 1377/1/331 1374/1/1213 1375/1/332
f 1382/1/1654 1379/1/457 1373/1/1257
f 880/1/1716 868/1/920 878/1/919 879/1/1716 877/1/1716 873/1/1470 886/1/1469 885/1/1476 858/1/1716 884/1/1716 883/1/1716 863/1/897 882/1/896 881/1/1716
f 712/1/1717 720/1/1717 719/1/1299 718/1/844 717/1/1321 715/1/1717 716/1/1717 693/1/1385 723/1/1384 722/1/1717 721/1/1717 711/1/1717
f 1382/1/1654 1381/1/1653 1379/1/457
f 1216/1/763 1206/1/1111 1204/1/1570 1180/1/764
f 718/1/844 708/1/843 707/1/1320 717/1/1321
f 1282/1/37 1233/1/362 1232/1/361 1281/1/368 1280/1/38
f 832/1/1445 845/1/1444 844/1/1448 833/1/1573
f 914/1/1493 911/1/929 898/1/1482 899/1/1495
f 1377/1/331 1386/1/1428 1385/1/687 1372/1/691 1374/1/1213
f 443/1/307 431/1/1458 430/1/983 515/1/1720 509/1/1721 510/1/1720 511/1/1720 506/1/1061
f 994/1/1472 996/1/941 995/1/940 993/1/1473
f 1401/1/1722 1414/1/797 1403/1/1723
f 1401/1/1722 1402/1/8 1415/1/7
f 1401/1/1722 1415/1/7 1414/1/797
f 1404/1/985 1403/1/1724 1414/1/797
f 1406/1/1096 1403/1/1724 1404/1/985
f 1408/1/523 1403/1/1363 1406/1/1725
f 1406/1/1096 1404/1/985 1405/1/1097
f 1406/1/1096 1407/1/520 1408/1/523
f 1408/1/523 1411/1/1364 1403/1/1363
f 1410/1/1082 1402/1/8 1401/1/1722
f 1262/1/463 1261/1/1604 1167/1/1634 1164/1/464
f 1069/1/1336 1068/1/1335 1065/1/1726 1064/1/1597 1063/1/1596
f 753/1/1105 735/1/545 737/1/548 736/1/1106
f 1246/1/1671 1248/1/1276 1250/1/1275 1245/1/399
f 608/1/314 617/1/313 618/1/1284 609/1/1269
f 417/1/1727 416/1/1727 415/1/1642 514/1/1693 412/1/1088 411/1/856 405/1/855 406/1/1323 419/1/966 418/1/1728
f 1416/1/431 1440/1/126 1391/1/227 1425/1/1417 1343/1/1089 1335/1/1090 1334/1/1268
f 925/1/1530 965/1/1529 966/1/1729 926/1/1677
f 1354/1/264 1373/1/1257 1353/1/521 1407/1/520
f 1417/1/354 1418/1/1345 1419/1/355
f 1452/1/789 1453/1/1146 1445/1/22 1442/1/21 1443/1/1682
f 1292/1/1169 1299/1/259 1298/1/258 1301/1/1074 1291/1/1271
f 1339/1/686 1340/1/461 1420/1/405
f 947/1/1730 948/1/1731 945/1/1554 946/1/1553
f 1422/1/560 1423/1/416 1421/1/419
f 1423/1/416 1422/1/560 1424/1/1732
f 1326/1/561 1328/1/418 1329/1/1713 1327/1/1711
f 1400/1/810 1389/1/505 1424/1/1732
f 1424/1/1732 1389/1/505 1430/1/555
f 419/1/966 421/1/116 420/1/977 418/1/1728
f 1424/1/1732 1427/1/1733 1428/1/986
f 1424/1/1732 1430/1/555 1427/1/1733
f 1332/1/1267 1331/1/194 1428/1/986 1427/1/1733 1429/1/432
f 1368/1/458 1367/1/1038 1366/1/563 1365/1/916
f 1430/1/555 1429/1/432 1427/1/1733
f 355/1/92 521/1/607 360/1/93
f 382/1/91 529/1/90 392/1/494 381/1/1120 530/1/69
f 1220/1/1376 1222/1/167 1221/1/166 1173/1/165 1260/1/1701 1270/1/667 1219/1/666
f 1276/1/975 1278/1/282 1277/1/35 1280/1/38 1310/1/964 1308/1/213 1311/1/218
f 1423/1/416 1424/1/1732 1428/1/986 1344/1/417
f 1391/1/227 1440/1/126 1439/1/125
f 795/1/717 808/1/716 807/1/320 794/1/322
f 1443/1/1682 1442/1/21 1441/1/1683
f 1223/1/616 1258/1/162 1289/1/168 1304/1/1115
f 1400/1/810 1426/1/559 1399/1/47 1467/1/52 1468/1/506
f 347/1/826 498/1/825 489/1/1054 490/1/1734 491/1/1734 492/1/1735 368/1/1734 348/1/1035
f 961/1/1526 962/1/1483 948/1/1485 960/1/660
f 457/1/1004 459/1/1643 461/1/1170 460/1/449
f 730/1/1696 731/1/1498 747/1/1497 756/1/1354 746/1/1399
f 1304/1/1115 1290/1/1117 1300/1/1270 1305/1/626 1303/1/629 1223/1/616
f 460/1/449 455/1/448 451/1/1000 453/1/1003
f 1458/1/263 1456/1/262 1453/1/1146 1455/1/1651 1382/1/1654 1373/1/1257 1354/1/264 1378/1/263
f 1370/1/785 1367/1/1038 1368/1/458 1436/1/787 1434/1/786
f 733/1/1736 732/1/1736 731/1/1498 730/1/1696 729/1/1272 727/1/1737 726/1/1736 743/1/1736 742/1/44 741/1/671 739/1/670 736/1/1106 737/1/548
f 1390/1/127 1470/1/145 1472/1/123
f 1055/1/1580 1057/1/908 1056/1/911 1053/1/1579
f 909/1/1503 910/1/736 901/1/735 902/1/1715
f 793/1/569 806/1/321 805/1/486
f 1426/1/559 1400/1/810 1424/1/1732 1422/1/560
f 588/1/1676 589/1/1246 585/1/1243 576/1/1230
f 1482/1/589 1385/1/687 1386/1/1428
f 1467/1/52 1466/1/51 1477/1/507 1468/1/506
f 1484/1/1429 1481/1/591 1483/1/590
f 1486/1/188 1485/1/592 1481/1/591
f 1376/1/333 1362/1/5 1345/1/9 1349/1/1037 1388/1/430
f 615/1/1633 621/1/511 622/1/1070 597/1/1069
f 552/1/1093 553/1/1190 563/1/1212 562/1/1211
