# Blender 4.4.3
# www.blender.org
mtllib column.mtl
o Wall4.001
v 0.263623 0.257425 -1.900001
v 0.261472 -0.259608 -1.900001
v 0.261473 -0.259608 1.900001
v 0.263624 0.257425 1.900000
v -0.261473 0.259608 -1.900001
v -0.261473 0.259608 1.900001
v -0.263623 -0.257425 -1.900001
v -0.263622 -0.257425 1.900000
v 0.262547 -0.001091 -1.900001
v 0.262548 -0.001091 -0.000000
v 0.261472 -0.259608 -0.000000
v 0.263624 0.257425 -0.000000
v 0.262549 -0.001092 1.900001
v 0.001075 0.258516 -1.900001
v 0.001076 0.258516 -0.000001
v -0.261473 0.259608 0.000000
v 0.001076 0.258516 1.900001
v -0.262548 0.001092 -1.900001
v -0.262548 0.001092 0.000000
v -0.263622 -0.257425 0.000000
v -0.262547 0.001092 1.900001
v -0.001076 -0.258516 -1.900001
v -0.001075 -0.258516 0.000000
v -0.001074 -0.258516 1.900001
v 0.262010 -0.130350 -1.900001
v 0.262011 -0.130350 0.950001
v 0.261473 -0.259608 0.950001
v 0.263624 0.257425 0.950000
v 0.263086 0.128167 1.900000
v -0.130199 0.259062 -1.900001
v -0.130199 0.259062 -0.950001
v -0.261473 0.259608 0.950001
v -0.130199 0.259062 1.900001
v -0.263086 -0.128167 -1.900001
v -0.263086 -0.128167 -0.950001
v -0.263622 -0.257425 0.950000
v -0.263085 -0.128167 1.900000
v -0.132349 -0.257971 -1.900001
v -0.132348 -0.257971 0.950000
v -0.132348 -0.257971 1.900000
v 0.263085 0.128167 -1.900001
v 0.263085 0.128167 -0.950001
v 0.261472 -0.259608 -0.950001
v 0.263623 0.257425 -0.950001
v 0.262011 -0.130350 1.900001
v 0.132349 0.257971 -1.900001
v 0.132350 0.257971 0.950000
v -0.261473 0.259608 -0.950001
v 0.132350 0.257971 1.900000
v -0.262011 0.130350 -1.900001
v -0.262010 0.130350 0.950001
v -0.263623 -0.257425 -0.950001
v -0.262010 0.130350 1.900001
v 0.130198 -0.259062 -1.900001
v 0.130198 -0.259062 -0.950001
v 0.130199 -0.259062 1.900001
v -0.001075 -0.258516 0.950000
v 0.130199 -0.259062 -0.000000
v 0.130199 -0.259062 0.950000
v -0.132349 -0.257971 -0.950001
v -0.001075 -0.258516 -0.950001
v -0.132349 -0.257971 0.000000
v -0.262548 0.001092 0.950000
v -0.263085 -0.128167 0.000000
v -0.263085 -0.128167 0.950000
v -0.262011 0.130350 -0.950001
v -0.262548 0.001092 -0.950001
v -0.262011 0.130350 0.000000
v 0.001076 0.258516 0.950000
v -0.130199 0.259062 0.000000
v -0.130199 0.259062 0.950000
v 0.132349 0.257971 -0.950001
v 0.001075 0.258516 -0.950001
v 0.132350 0.257971 -0.000001
v 0.262548 -0.001091 0.950000
v 0.263086 0.128167 -0.000000
v 0.263086 0.128167 0.950000
v 0.262010 -0.130350 -0.950001
v 0.262548 -0.001091 -0.950001
v 0.262010 -0.130350 -0.000000
v 0.261741 -0.194979 -1.900001
v 0.261742 -0.194979 1.425001
v 0.261473 -0.259608 1.425001
v 0.263624 0.257425 1.425000
v 0.263355 0.192796 1.900000
v -0.195836 0.259335 -1.900001
v -0.195836 0.259335 -1.425001
v -0.261473 0.259608 1.425001
v -0.195836 0.259335 1.900001
v -0.263354 -0.192796 -1.900001
v -0.263354 -0.192796 -1.425001
v -0.263622 -0.257425 1.425000
v -0.263353 -0.192796 1.900000
v -0.197986 -0.257698 -1.900001
v -0.197985 -0.257698 1.425000
v -0.197985 -0.257698 1.900000
v 0.262816 0.063538 -1.900001
v 0.262817 0.063538 -0.475000
v 0.261472 -0.259608 -0.475000
v 0.263623 0.257425 -0.475001
v 0.262280 -0.065721 1.900001
v 0.066712 0.258244 -1.900001
v 0.066713 0.258244 0.475000
v -0.261473 0.259608 -0.475000
v 0.066713 0.258244 1.900000
v -0.262279 0.065721 -1.900001
v -0.262279 0.065721 0.475000
v -0.263623 -0.257425 -0.475001
v -0.262279 0.065721 1.900001
v 0.064561 -0.258789 -1.900001
v 0.064562 -0.258789 -0.475001
v 0.064563 -0.258789 1.900001
v -0.001075 -0.258516 1.425000
v 0.195836 -0.259335 -0.000000
v 0.195836 -0.259335 0.475000
v -0.197986 -0.257698 -0.475001
v -0.001075 -0.258516 -0.475001
v -0.066712 -0.258244 0.000000
v -0.262547 0.001092 1.425000
v -0.263354 -0.192796 0.000000
v -0.263354 -0.192796 0.475000
v -0.261742 0.194979 -0.475000
v -0.262548 0.001092 -0.475000
v -0.262279 0.065721 0.000000
v 0.001076 0.258516 1.425000
v -0.195836 0.259335 0.000000
v -0.195836 0.259335 0.475000
v 0.197986 0.257698 -0.475001
v 0.001075 0.258516 -0.475001
v 0.066713 0.258244 -0.000001
v 0.262549 -0.001092 1.425000
v 0.263355 0.192796 -0.000000
v 0.263355 0.192796 0.475000
v 0.261741 -0.194979 -0.475000
v 0.262548 -0.001091 -0.475000
v 0.262279 -0.065721 -0.000000
v 0.262278 -0.065721 -1.900001
v 0.262279 -0.065721 0.475000
v 0.261473 -0.259608 0.475000
v 0.263624 0.257425 0.475000
v 0.262818 0.063538 1.900000
v -0.064562 0.258789 -1.900001
v -0.064562 0.258789 -0.475001
v -0.261473 0.259608 0.475000
v -0.064561 0.258789 1.900001
v -0.262817 -0.063538 -1.900001
v -0.262817 -0.063538 -0.475000
v -0.263622 -0.257425 0.475000
v -0.262816 -0.063538 1.900000
v -0.066713 -0.258244 -1.900001
v -0.066712 -0.258244 0.475000
v -0.066711 -0.258244 1.900000
v 0.263354 0.192796 -1.900001
v 0.263354 0.192796 -1.425001
v 0.261472 -0.259608 -1.425001
v 0.263623 0.257425 -1.425001
v 0.261742 -0.194979 1.900001
v 0.197986 0.257698 -1.900001
v 0.197987 0.257698 1.425000
v -0.261473 0.259608 -1.425001
v 0.197987 0.257698 1.900000
v -0.261742 0.194979 -1.900001
v -0.261742 0.194979 1.425001
v -0.263623 -0.257425 -1.425001
v -0.261741 0.194979 1.900001
v 0.195835 -0.259335 -1.900001
v 0.195835 -0.259335 -1.425001
v 0.195836 -0.259335 1.900001
v -0.001075 -0.258516 0.475000
v 0.064562 -0.258789 -0.000000
v 0.064562 -0.258789 1.425000
v -0.066712 -0.258244 -1.425001
v -0.001075 -0.258516 -1.425001
v -0.197986 -0.257698 0.000000
v -0.262548 0.001092 0.475000
v -0.262817 -0.063538 0.000000
v -0.262816 -0.063538 1.425000
v -0.262279 0.065721 -1.425001
v -0.262548 0.001092 -1.425001
v -0.261742 0.194979 0.000000
v 0.001076 0.258516 0.475000
v -0.064562 0.258789 0.000000
v -0.064562 0.258789 1.425000
v 0.066712 0.258244 -1.425001
v 0.001075 0.258516 -1.425001
v 0.197987 0.257698 -0.000001
v 0.262548 -0.001091 0.475000
v 0.262817 0.063538 -0.000000
v 0.262817 0.063538 1.425000
v 0.262279 -0.065721 -1.425001
v 0.262547 -0.001091 -1.425001
v 0.261741 -0.194979 -0.000000
v 0.261742 -0.194979 0.475000
v 0.262010 -0.130350 0.475000
v 0.261742 -0.194979 0.950001
v 0.262010 -0.130350 -0.475000
v 0.262279 -0.065721 -0.950001
v 0.262279 -0.065721 -0.475000
v 0.261741 -0.194979 -1.425001
v 0.262010 -0.130350 -1.425001
v 0.261741 -0.194979 -0.950001
v 0.263086 0.128167 1.425000
v 0.263355 0.192796 0.950000
v 0.263355 0.192796 1.425000
v 0.262817 0.063538 0.950000
v 0.262817 0.063538 0.475000
v 0.263086 0.128167 0.475000
v 0.262011 -0.130350 1.425001
v 0.262279 -0.065721 0.950000
v 0.262280 -0.065721 1.425001
v 0.197987 0.257698 0.475000
v 0.132350 0.257971 0.475000
v 0.197987 0.257698 0.950000
v 0.132349 0.257971 -0.475001
v 0.066712 0.258244 -0.950001
v 0.066712 0.258244 -0.475001
v 0.197986 0.257698 -1.425001
v 0.132349 0.257971 -1.425001
v 0.197986 0.257698 -0.950001
v -0.130199 0.259062 1.425001
v -0.195836 0.259335 0.950000
v -0.195836 0.259335 1.425001
v -0.064562 0.258789 0.950000
v -0.064562 0.258789 0.475000
v -0.130199 0.259062 0.475000
v 0.132350 0.257971 1.425000
v 0.066713 0.258244 0.950000
v 0.066713 0.258244 1.425000
v -0.261742 0.194979 0.475000
v -0.262010 0.130350 0.475000
v -0.261742 0.194979 0.950001
v -0.262011 0.130350 -0.475000
v -0.262279 0.065721 -0.950001
v -0.262279 0.065721 -0.475000
v -0.261742 0.194979 -1.425001
v -0.262011 0.130350 -1.425001
v -0.261742 0.194979 -0.950001
v -0.263085 -0.128167 1.425000
v -0.263354 -0.192796 0.950000
v -0.263353 -0.192796 1.425000
v -0.262816 -0.063538 0.950000
v -0.262816 -0.063538 0.475000
v -0.263085 -0.128167 0.475000
v -0.262010 0.130350 1.425001
v -0.262279 0.065721 0.950000
v -0.262279 0.065721 1.425001
v -0.197985 -0.257698 0.475000
v -0.132349 -0.257971 0.475000
v -0.197985 -0.257698 0.950000
v -0.132349 -0.257971 -0.475001
v -0.066712 -0.258244 -0.950001
v -0.066712 -0.258244 -0.475001
v -0.197986 -0.257698 -1.425001
v -0.132349 -0.257971 -1.425001
v -0.197986 -0.257698 -0.950001
v 0.130199 -0.259062 1.425001
v 0.195836 -0.259335 0.950000
v 0.195836 -0.259335 1.425001
v 0.064562 -0.258789 0.950000
v 0.064562 -0.258789 0.475000
v 0.130199 -0.259062 0.475000
v -0.132348 -0.257971 1.425000
v -0.066712 -0.258244 0.950000
v -0.066711 -0.258244 1.425000
v 0.130199 -0.259062 -0.475001
v 0.195835 -0.259335 -0.950001
v 0.195835 -0.259335 -0.475000
v 0.064561 -0.258789 -1.425001
v 0.130198 -0.259062 -1.425001
v 0.064562 -0.258789 -0.950001
v -0.263085 -0.128167 -0.475000
v -0.263354 -0.192796 -0.950001
v -0.263354 -0.192796 -0.475000
v -0.262817 -0.063538 -1.425001
v -0.263086 -0.128167 -1.425001
v -0.262817 -0.063538 -0.950001
v -0.130199 0.259062 -0.475001
v -0.195836 0.259335 -0.950001
v -0.195836 0.259335 -0.475000
v -0.064562 0.258789 -1.425001
v -0.130199 0.259062 -1.425001
v -0.064562 0.258789 -0.950001
v 0.263086 0.128167 -0.475000
v 0.263354 0.192796 -0.950001
v 0.263354 0.192796 -0.475001
v 0.262816 0.063538 -1.425001
v 0.263085 0.128167 -1.425001
v 0.262817 0.063538 -0.950001
v 0.263488 0.225111 -1.900001
v 0.263488 0.225111 -1.662501
v 0.263354 0.192796 -1.662501
v 0.263623 0.257425 -1.662501
v 0.263488 0.225111 -1.425001
v -0.228655 0.259472 -1.900001
v -0.228655 0.259472 -1.662501
v -0.195836 0.259335 -1.662501
v -0.261473 0.259608 -1.662501
v -0.228655 0.259472 -1.425001
v -0.263489 -0.225111 -1.900001
v -0.263489 -0.225111 -1.662501
v -0.263354 -0.192796 -1.662501
v -0.263623 -0.257425 -1.662501
v -0.263489 -0.225111 -1.425001
v 0.228653 -0.259472 -1.900001
v 0.228653 -0.259472 -1.662501
v 0.195835 -0.259335 -1.662501
v 0.261472 -0.259608 -1.662501
v 0.228653 -0.259472 -1.425001
v -0.033893 -0.258380 0.237500
v -0.001075 -0.258516 0.237500
v -0.033893 -0.258380 0.475000
v 0.031744 -0.258653 -0.000000
v 0.031744 -0.258653 0.237500
v 0.228654 -0.259472 0.237500
v 0.261473 -0.259608 0.237500
v 0.228655 -0.259472 0.475000
v -0.033895 -0.258380 -1.900001
v -0.033894 -0.258380 -1.662501
v -0.066713 -0.258244 -1.662501
v -0.001076 -0.258516 -1.662501
v -0.033894 -0.258380 -1.425001
v -0.033893 -0.258380 0.000000
v -0.066712 -0.258244 0.237500
v -0.262413 0.033406 0.237500
v -0.262548 0.001092 0.237500
v -0.262413 0.033406 0.475000
v -0.262682 -0.031223 0.000000
v -0.262682 -0.031223 0.237500
v -0.263488 -0.225111 0.237500
v -0.263622 -0.257425 0.237500
v -0.263488 -0.225111 0.475000
v -0.262414 0.033406 -1.900001
v -0.262414 0.033406 -1.662501
v -0.262279 0.065721 -1.662501
v -0.262548 0.001092 -1.662501
v -0.262414 0.033406 -1.425001
v -0.262414 0.033406 0.000000
v -0.262279 0.065721 0.237500
v 0.033895 0.258380 0.237500
v 0.001076 0.258516 0.237500
v 0.033895 0.258380 0.475000
v -0.031743 0.258653 -0.000000
v -0.031743 0.258653 0.237500
v -0.228654 0.259472 0.237500
v -0.261473 0.259608 0.237500
v -0.228654 0.259472 0.475000
v 0.033893 0.258380 -1.900001
v 0.033893 0.258380 -1.662501
v 0.066712 0.258244 -1.662501
v 0.001075 0.258516 -1.662501
v 0.033893 0.258380 -1.425001
v 0.033895 0.258380 -0.000001
v 0.066713 0.258244 0.237499
v 0.262414 -0.033406 0.237500
v 0.262548 -0.001091 0.237500
v 0.262414 -0.033406 0.475000
v 0.262682 0.031224 -0.000000
v 0.262683 0.031224 0.237500
v 0.263490 0.225111 0.237500
v 0.263624 0.257425 0.237500
v 0.263490 0.225111 0.475000
v 0.262412 -0.033406 -1.900001
v 0.262413 -0.033406 -1.662501
v 0.262278 -0.065721 -1.662501
v 0.262547 -0.001091 -1.662501
v 0.262413 -0.033406 -1.425001
v 0.262414 -0.033406 -0.000000
v 0.262279 -0.065721 0.237500
v 0.261876 -0.162665 -0.000000
v 0.261876 -0.162665 0.237500
v 0.261742 -0.194979 0.237500
v 0.262010 -0.130350 0.237500
v 0.261876 -0.162665 0.475000
v 0.261877 -0.162665 0.950001
v 0.261877 -0.162665 1.187501
v 0.261742 -0.194979 1.187501
v 0.261875 -0.162665 -0.712501
v 0.262010 -0.130350 -0.712501
v 0.261875 -0.162665 -0.475000
v 0.262144 -0.098035 -0.950001
v 0.262144 -0.098035 -0.712501
v 0.262413 -0.033406 -0.712501
v 0.262548 -0.001091 -0.712501
v 0.262413 -0.033406 -0.475000
v 0.261875 -0.162665 -1.900001
v 0.261875 -0.162665 -1.662501
v 0.261741 -0.194979 -1.662501
v 0.262010 -0.130350 -1.662501
v 0.261875 -0.162665 -1.425001
v 0.261875 -0.162665 -0.950001
v 0.261741 -0.194979 -0.712501
v 0.262952 0.095853 1.187500
v 0.263086 0.128167 1.187500
v 0.262952 0.095853 1.425000
v 0.263221 0.160482 0.950000
v 0.263221 0.160482 1.187500
v 0.263490 0.225111 1.187500
v 0.263624 0.257425 1.187500
v 0.263490 0.225111 1.425000
v 0.262549 -0.001092 1.187500
v 0.262683 0.031224 0.950000
v 0.262683 0.031223 1.187500
v 0.262683 0.031224 0.712500
v 0.262817 0.063538 0.712500
v 0.263086 0.128167 0.237500
v 0.263220 0.160482 -0.000000
v 0.263221 0.160482 0.237500
v 0.262011 -0.130350 1.187501
v 0.261877 -0.162665 1.425001
v 0.262145 -0.098035 0.950001
v 0.262145 -0.098035 1.187500
v 0.262414 -0.033406 1.187500
v 0.262415 -0.033406 1.425000
v 0.165168 0.257834 -0.000001
v 0.165169 0.257834 0.237499
v 0.197987 0.257698 0.237499
v 0.132350 0.257971 0.237499
v 0.165169 0.257834 0.475000
v 0.165169 0.257834 0.950000
v 0.165169 0.257834 1.187500
v 0.197987 0.257698 1.187500
v 0.165167 0.257834 -0.712501
v 0.132349 0.257971 -0.712501
v 0.165167 0.257834 -0.475001
v 0.099530 0.258107 -0.950001
v 0.099530 0.258107 -0.712501
v 0.033893 0.258380 -0.712501
v 0.001075 0.258516 -0.712501
v 0.033893 0.258380 -0.475001
v 0.165167 0.257834 -1.900001
v 0.165167 0.257834 -1.662501
v 0.197986 0.257698 -1.662501
v 0.132349 0.257971 -1.662501
v 0.165167 0.257834 -1.425001
v 0.165167 0.257834 -0.950001
v 0.197986 0.257698 -0.712501
v -0.097380 0.258925 1.187500
v -0.130199 0.259062 1.187500
v -0.097380 0.258925 1.425000
v -0.163017 0.259198 0.950000
v -0.163017 0.259198 1.187500
v -0.228654 0.259472 1.187501
v -0.261473 0.259608 1.187501
v -0.228654 0.259472 1.425001
v 0.001076 0.258516 1.187500
v -0.031743 0.258653 0.950000
v -0.031743 0.258653 1.187500
v -0.031743 0.258653 0.712500
v -0.064562 0.258789 0.712500
v -0.130199 0.259062 0.237500
v -0.163017 0.259198 0.000000
v -0.163017 0.259198 0.237500
v 0.132350 0.257971 1.187500
v 0.165169 0.257834 1.425000
v 0.099532 0.258107 0.950000
v 0.099532 0.258107 1.187500
v 0.033895 0.258380 1.187500
v 0.033895 0.258380 1.425000
v -0.261876 0.162665 0.000000
v -0.261876 0.162665 0.237500
v -0.261742 0.194979 0.237500
v -0.262010 0.130350 0.237500
v -0.261876 0.162665 0.475000
v -0.261876 0.162665 0.950001
v -0.261876 0.162665 1.187501
v -0.261742 0.194979 1.187501
v -0.261877 0.162665 -0.712501
v -0.262011 0.130350 -0.712501
v -0.261877 0.162665 -0.475000
v -0.262145 0.098035 -0.950001
v -0.262145 0.098035 -0.712501
v -0.262414 0.033406 -0.712501
v -0.262548 0.001092 -0.712501
v -0.262414 0.033406 -0.475000
v -0.261877 0.162665 -1.900001
v -0.261877 0.162665 -1.662501
v -0.261742 0.194979 -1.662501
v -0.262011 0.130350 -1.662501
v -0.261877 0.162665 -1.425001
v -0.261877 0.162665 -0.950001
v -0.261742 0.194979 -0.712501
v -0.262950 -0.095853 1.187500
v -0.263085 -0.128167 1.187500
v -0.262950 -0.095853 1.425000
v -0.263219 -0.160482 0.950000
v -0.263219 -0.160482 1.187500
v -0.263487 -0.225111 1.187500
v -0.263622 -0.257425 1.187500
v -0.263487 -0.225111 1.425000
v -0.262547 0.001092 1.187500
v -0.262682 -0.031223 0.950000
v -0.262681 -0.031223 1.187500
v -0.262682 -0.031223 0.712500
v -0.262816 -0.063538 0.712500
v -0.263085 -0.128167 0.237500
v -0.263220 -0.160482 0.000000
v -0.263219 -0.160482 0.237500
v -0.262010 0.130350 1.187501
v -0.261876 0.162665 1.425001
v -0.262144 0.098035 0.950001
v -0.262144 0.098035 1.187500
v -0.262413 0.033406 1.187500
v -0.262413 0.033406 1.425000
v -0.165168 -0.257834 0.000000
v -0.165167 -0.257834 0.237500
v -0.197985 -0.257698 0.237500
v -0.132349 -0.257971 0.237500
v -0.165167 -0.257834 0.475000
v -0.165166 -0.257834 0.950000
v -0.165166 -0.257834 1.187500
v -0.197985 -0.257698 1.187500
v -0.165168 -0.257834 -0.712501
v -0.132349 -0.257971 -0.712501
v -0.165168 -0.257834 -0.475001
v -0.099531 -0.258107 -0.950001
v -0.099531 -0.258107 -0.712501
v -0.033894 -0.258380 -0.712501
v -0.001075 -0.258516 -0.712501
v -0.033894 -0.258380 -0.475001
v -0.165168 -0.257834 -1.900001
v -0.165168 -0.257834 -1.662501
v -0.197986 -0.257698 -1.662501
v -0.132349 -0.257971 -1.662501
v -0.165168 -0.257834 -1.425001
v -0.165168 -0.257834 -0.950001
v -0.197986 -0.257698 -0.712501
v 0.097381 -0.258925 1.187500
v 0.130199 -0.259062 1.187500
v 0.097381 -0.258925 1.425000
v 0.163018 -0.259198 0.950000
v 0.163018 -0.259198 1.187500
v 0.228655 -0.259472 1.187501
v 0.261473 -0.259608 1.187501
v 0.228655 -0.259472 1.425001
v -0.001075 -0.258516 1.187500
v 0.031744 -0.258653 0.950000
v 0.031744 -0.258653 1.187500
v 0.031744 -0.258653 0.712500
v 0.064562 -0.258789 0.712500
v 0.130199 -0.259062 0.237500
v 0.163017 -0.259198 -0.000000
v 0.163018 -0.259198 0.237500
v -0.132348 -0.257971 1.187500
v -0.165166 -0.257834 1.425000
v -0.099530 -0.258107 0.950000
v -0.099530 -0.258107 1.187500
v -0.033893 -0.258380 1.187500
v -0.033893 -0.258380 1.425000
v 0.097380 -0.258925 -0.712501
v 0.130198 -0.259062 -0.712501
v 0.097380 -0.258925 -0.475001
v 0.163016 -0.259198 -0.950001
v 0.163017 -0.259198 -0.712501
v 0.228653 -0.259472 -0.712501
v 0.261472 -0.259608 -0.712501
v 0.228653 -0.259472 -0.475000
v 0.097379 -0.258925 -1.900001
v 0.097379 -0.258925 -1.662501
v 0.064561 -0.258789 -1.662501
v 0.130198 -0.259062 -1.662501
v 0.097379 -0.258925 -1.425001
v 0.097380 -0.258925 -0.950001
v 0.064562 -0.258789 -0.712501
v -0.262952 -0.095853 -0.712501
v -0.263086 -0.128167 -0.712501
v -0.262951 -0.095853 -0.475000
v -0.263220 -0.160482 -0.950001
v -0.263220 -0.160482 -0.712501
v -0.263489 -0.225111 -0.712501
v -0.263623 -0.257425 -0.712501
v -0.263489 -0.225111 -0.475000
v -0.262952 -0.095853 -1.900001
v -0.262952 -0.095853 -1.662501
v -0.262817 -0.063538 -1.662501
v -0.263086 -0.128167 -1.662501
v -0.262952 -0.095853 -1.425001
v -0.262952 -0.095853 -0.950001
v -0.262817 -0.063538 -0.712501
v -0.097381 0.258925 -0.712501
v -0.130199 0.259062 -0.712501
v -0.097381 0.258925 -0.475001
v -0.163018 0.259198 -0.950001
v -0.163018 0.259198 -0.712501
v -0.228655 0.259472 -0.712501
v -0.261473 0.259608 -0.712501
v -0.228655 0.259472 -0.475000
v -0.097381 0.258925 -1.900001
v -0.097381 0.258925 -1.662501
v -0.064562 0.258789 -1.662501
v -0.130199 0.259062 -1.662501
v -0.097381 0.258925 -1.425001
v -0.097381 0.258925 -0.950001
v -0.064562 0.258789 -0.712501
v 0.262951 0.095853 -0.712501
v 0.263085 0.128167 -0.712501
v 0.262951 0.095853 -0.475000
v 0.263219 0.160482 -0.950001
v 0.263220 0.160482 -0.712501
v 0.263488 0.225111 -0.712501
v 0.263623 0.257425 -0.712501
v 0.263488 0.225111 -0.475001
v 0.262950 0.095853 -1.900001
v 0.262950 0.095853 -1.662501
v 0.262816 0.063538 -1.662501
v 0.263085 0.128167 -1.662501
v 0.262950 0.095853 -1.425001
v 0.262951 0.095853 -0.950001
v 0.262817 0.063538 -0.712501
v 0.262682 0.031224 -0.950001
v 0.262682 0.031224 -0.712501
v 0.262682 0.031223 -0.475000
v 0.262682 0.031224 -0.237500
v 0.262548 -0.001091 -0.237500
v 0.262682 0.031224 -1.187501
v 0.262816 0.063538 -1.187501
v 0.262951 0.095853 -1.187501
v 0.263085 0.128167 -1.187501
v 0.262681 0.031224 -1.900001
v 0.262681 0.031223 -1.662501
v 0.262681 0.031224 -1.425001
v 0.262547 -0.001091 -1.187501
v 0.263220 0.160482 -0.237501
v 0.263354 0.192796 -0.237501
v 0.263489 0.225111 -0.237501
v 0.263623 0.257425 -0.237501
v 0.263489 0.225111 -0.000000
v 0.263086 0.128167 -0.237500
v 0.263220 0.160482 -0.475001
v 0.263354 0.192796 -0.712501
v 0.263488 0.225111 -0.950001
v 0.262817 0.063538 -0.237500
v 0.262951 0.095853 -0.237500
v 0.262951 0.095853 -0.000000
v -0.031744 0.258653 -0.950001
v -0.031744 0.258653 -0.712501
v -0.031744 0.258653 -0.475001
v -0.031743 0.258653 -0.237501
v 0.001075 0.258516 -0.237501
v -0.031744 0.258653 -1.187501
v -0.064562 0.258789 -1.187501
v -0.097381 0.258925 -1.187501
v -0.130199 0.259062 -1.187501
v -0.031744 0.258653 -1.900001
v -0.031744 0.258653 -1.662501
v -0.031744 0.258653 -1.425001
v 0.001075 0.258516 -1.187501
v -0.163018 0.259198 -0.237500
v -0.195836 0.259335 -0.237500
v -0.228655 0.259472 -0.237500
v -0.261473 0.259608 -0.237500
v -0.228655 0.259472 0.000000
v -0.130199 0.259062 -0.237500
v -0.163018 0.259198 -0.475001
v -0.195836 0.259335 -0.712501
v -0.228655 0.259472 -0.950001
v -0.064562 0.258789 -0.237501
v -0.097381 0.258925 -0.237501
v -0.097381 0.258925 0.000000
v -0.262683 -0.031223 -0.950001
v -0.262683 -0.031223 -0.712501
v -0.262683 -0.031223 -0.475000
v -0.262683 -0.031223 -0.237500
v -0.262548 0.001092 -0.237500
v -0.262683 -0.031223 -1.187501
v -0.262817 -0.063538 -1.187501
v -0.262952 -0.095853 -1.187501
v -0.263086 -0.128167 -1.187501
v -0.262683 -0.031223 -1.900001
v -0.262683 -0.031223 -1.662501
v -0.262683 -0.031223 -1.425001
v -0.262548 0.001092 -1.187501
v -0.263220 -0.160482 -0.237500
v -0.263354 -0.192796 -0.237500
v -0.263489 -0.225111 -0.237500
v -0.263623 -0.257425 -0.237500
v -0.263488 -0.225111 0.000000
v -0.263085 -0.128167 -0.237500
v -0.263220 -0.160482 -0.475000
v -0.263354 -0.192796 -0.712501
v -0.263489 -0.225111 -0.950001
v -0.262817 -0.063538 -0.237500
v -0.262951 -0.095853 -0.237500
v -0.262951 -0.095853 0.000000
v 0.031743 -0.258653 -0.950001
v 0.031743 -0.258653 -0.712501
v 0.031743 -0.258653 -0.475001
v 0.031743 -0.258653 -0.237501
v -0.001075 -0.258516 -0.237501
v 0.031743 -0.258653 -1.187501
v 0.064561 -0.258789 -1.187501
v 0.097380 -0.258925 -1.187501
v 0.130198 -0.259062 -1.187501
v 0.031742 -0.258653 -1.900001
v 0.031743 -0.258653 -1.662501
v 0.031743 -0.258653 -1.425001
v -0.001075 -0.258516 -1.187501
v 0.163017 -0.259198 -0.237500
v 0.195835 -0.259335 -0.237500
v 0.228654 -0.259472 -0.237500
v 0.261472 -0.259608 -0.237500
v 0.228654 -0.259472 -0.000000
v 0.130199 -0.259062 -0.237501
v 0.163017 -0.259198 -0.475001
v 0.195835 -0.259335 -0.712501
v 0.228653 -0.259472 -0.950001
v 0.064562 -0.258789 -0.237501
v 0.097380 -0.258925 -0.237501
v 0.097381 -0.258925 -0.000000
v -0.099529 -0.258107 1.662500
v -0.066711 -0.258244 1.662500
v -0.099529 -0.258107 1.900000
v -0.033893 -0.258380 1.662500
v -0.001074 -0.258516 1.662501
v -0.033892 -0.258380 1.900001
v -0.132348 -0.257971 1.662500
v -0.099529 -0.258107 1.425000
v -0.066711 -0.258244 1.187500
v -0.033893 -0.258380 0.950000
v -0.230803 -0.257562 1.662500
v -0.197985 -0.257698 1.662500
v -0.230803 -0.257562 1.900000
v -0.165166 -0.257834 1.662500
v -0.165166 -0.257834 1.900000
v 0.130199 -0.259062 0.712500
v 0.163018 -0.259198 0.475000
v 0.163018 -0.259198 0.712500
v 0.195836 -0.259335 0.237500
v 0.097381 -0.258925 0.950000
v 0.097381 -0.258925 0.712500
v 0.097381 -0.258925 0.475000
v 0.097381 -0.258925 0.237500
v 0.031744 -0.258653 1.425000
v 0.031744 -0.258653 1.662501
v 0.064562 -0.258789 1.187500
v 0.163018 -0.259198 1.662501
v 0.195836 -0.259335 1.662501
v 0.163018 -0.259198 1.900001
v 0.228655 -0.259472 1.662501
v 0.261473 -0.259608 1.662501
v 0.228655 -0.259472 1.900001
v 0.130199 -0.259062 1.662501
v 0.163018 -0.259198 1.425001
v 0.195836 -0.259335 1.187500
v 0.228655 -0.259472 0.950001
v 0.064563 -0.258789 1.662501
v 0.031745 -0.258653 1.900001
v 0.097381 -0.258925 1.662501
v 0.097381 -0.258925 1.900001
v -0.230805 -0.257562 -0.950001
v -0.230805 -0.257562 -0.712501
v -0.230805 -0.257562 -0.475001
v -0.230804 -0.257562 -0.237500
v -0.230805 -0.257562 -1.187501
v -0.197986 -0.257698 -1.187501
v -0.165168 -0.257834 -1.187501
v -0.132349 -0.257971 -1.187501
v -0.230805 -0.257562 -1.900001
v -0.230805 -0.257562 -1.662501
v -0.230805 -0.257562 -1.425001
v -0.263623 -0.257425 -1.187501
v -0.099531 -0.258107 -0.237500
v -0.066712 -0.258244 -0.237501
v -0.099531 -0.258107 0.000000
v -0.033894 -0.258380 -0.237501
v -0.132349 -0.257971 -0.237500
v -0.099531 -0.258107 -0.475001
v -0.066712 -0.258244 -0.712501
v -0.033894 -0.258380 -0.950001
v -0.197986 -0.257698 -0.237500
v -0.230804 -0.257562 0.000000
v -0.165168 -0.257834 -0.237500
v -0.230803 -0.257562 0.950000
v -0.230803 -0.257562 1.187500
v -0.230803 -0.257562 1.425000
v -0.263622 -0.257425 1.662500
v -0.230803 -0.257562 0.712500
v -0.197985 -0.257698 0.712500
v -0.165167 -0.257834 0.712500
v -0.132348 -0.257971 0.712500
v -0.230804 -0.257562 0.237500
v -0.230803 -0.257562 0.475000
v -0.263622 -0.257425 0.712500
v -0.262144 0.098035 1.662501
v -0.262279 0.065721 1.662501
v -0.262144 0.098035 1.900001
v -0.262413 0.033406 1.662501
v -0.262547 0.001092 1.662501
v -0.262413 0.033406 1.900001
v -0.262010 0.130350 1.662501
v -0.262144 0.098035 1.425001
v -0.262279 0.065721 1.187500
v -0.262413 0.033406 0.950000
v -0.261607 0.227293 1.662501
v -0.261741 0.194979 1.662501
v -0.261607 0.227293 1.900001
v -0.261875 0.162665 1.662501
v -0.261875 0.162665 1.900001
v -0.263085 -0.128167 0.712500
v -0.263219 -0.160482 0.475000
v -0.263219 -0.160482 0.712500
v -0.263354 -0.192796 0.237500
v -0.262950 -0.095853 0.950000
v -0.262950 -0.095853 0.712500
v -0.262950 -0.095853 0.475000
v -0.262950 -0.095853 0.237500
v -0.262681 -0.031223 1.425000
v -0.262681 -0.031223 1.662501
v -0.262816 -0.063538 1.187500
v -0.263219 -0.160482 1.662500
v -0.263353 -0.192796 1.662500
v -0.263219 -0.160482 1.900000
v -0.263487 -0.225111 1.662500
v -0.263487 -0.225111 1.900000
v -0.263085 -0.128167 1.662500
v -0.263219 -0.160482 1.425000
v -0.263353 -0.192796 1.187500
v -0.263488 -0.225111 0.950000
v -0.262816 -0.063538 1.662500
v -0.262681 -0.031223 1.900001
v -0.262950 -0.095853 1.662500
v -0.262950 -0.095853 1.900000
v -0.261608 0.227293 -0.950001
v -0.261608 0.227293 -0.712501
v -0.261608 0.227293 -0.475000
v -0.261608 0.227293 -0.237500
v -0.261608 0.227293 -1.187501
v -0.261742 0.194979 -1.187501
v -0.261877 0.162665 -1.187501
v -0.262011 0.130350 -1.187501
v -0.261608 0.227293 -1.900001
v -0.261608 0.227293 -1.662501
v -0.261608 0.227293 -1.425001
v -0.261473 0.259608 -1.187501
v -0.262145 0.098035 -0.237500
v -0.262279 0.065721 -0.237500
v -0.262145 0.098035 0.000000
v -0.262414 0.033406 -0.237500
v -0.262011 0.130350 -0.237500
v -0.262145 0.098035 -0.475000
v -0.262279 0.065721 -0.712501
v -0.262414 0.033406 -0.950001
v -0.261742 0.194979 -0.237500
v -0.261607 0.227293 0.000000
v -0.261877 0.162665 -0.237500
v -0.261607 0.227293 0.950001
v -0.261607 0.227293 1.187501
v -0.261607 0.227293 1.425001
v -0.261473 0.259608 1.662501
v -0.261607 0.227293 0.712501
v -0.261742 0.194979 0.712501
v -0.261876 0.162665 0.712501
v -0.262010 0.130350 0.712501
v -0.261607 0.227293 0.237500
v -0.261607 0.227293 0.475000
v -0.261473 0.259608 0.712501
v 0.099532 0.258107 1.662500
v 0.066713 0.258244 1.662500
v 0.099532 0.258107 1.900000
v 0.033895 0.258380 1.662500
v 0.001076 0.258516 1.662501
v 0.033895 0.258380 1.900001
v 0.132350 0.257971 1.662500
v 0.099532 0.258107 1.425000
v 0.066713 0.258244 1.187500
v 0.033895 0.258380 0.950000
v 0.230806 0.257562 1.662500
v 0.197987 0.257698 1.662500
v 0.230806 0.257562 1.900000
v 0.165169 0.257834 1.662500
v 0.165169 0.257834 1.900000
v -0.130199 0.259062 0.712500
v -0.163017 0.259198 0.475000
v -0.163017 0.259198 0.712500
v -0.195836 0.259335 0.237500
v -0.097380 0.258925 0.950000
v -0.097380 0.258925 0.712500
v -0.097380 0.258925 0.475000
v -0.097380 0.258925 0.237500
v -0.031743 0.258653 1.425000
v -0.031743 0.258653 1.662501
v -0.064562 0.258789 1.187500
v -0.163017 0.259198 1.662501
v -0.195836 0.259335 1.662501
v -0.163017 0.259198 1.900001
v -0.228654 0.259472 1.662501
v -0.228654 0.259472 1.900001
v -0.130199 0.259062 1.662501
v -0.163017 0.259198 1.425001
v -0.195836 0.259335 1.187500
v -0.228654 0.259472 0.950001
v -0.064561 0.258789 1.662501
v -0.031742 0.258653 1.900001
v -0.097380 0.258925 1.662501
v -0.097380 0.258925 1.900001
v 0.230804 0.257562 -0.950001
v 0.230804 0.257562 -0.712501
v 0.230804 0.257562 -0.475001
v 0.230805 0.257562 -0.237501
v 0.230804 0.257562 -1.187501
v 0.197986 0.257698 -1.187501
v 0.165167 0.257834 -1.187501
v 0.132349 0.257971 -1.187501
v 0.230804 0.257562 -1.900001
v 0.230804 0.257562 -1.662501
v 0.230804 0.257562 -1.425001
v 0.263623 0.257425 -1.187501
v 0.099531 0.258107 -0.237501
v 0.066712 0.258244 -0.237501
v 0.099532 0.258107 -0.000001
v 0.033894 0.258380 -0.237501
v 0.132349 0.257971 -0.237501
v 0.099530 0.258107 -0.475001
v 0.066712 0.258244 -0.712501
v 0.033893 0.258380 -0.950001
v 0.197986 0.257698 -0.237501
v 0.230806 0.257562 -0.000001
v 0.165168 0.257834 -0.237501
v 0.230806 0.257562 0.950000
v 0.230806 0.257562 1.187500
v 0.230806 0.257562 1.425000
v 0.263624 0.257425 1.662500
v 0.230806 0.257562 0.712500
v 0.197987 0.257698 0.712500
v 0.165169 0.257834 0.712500
v 0.132350 0.257971 0.712500
v 0.230806 0.257562 0.237499
v 0.230806 0.257562 0.475000
v 0.263624 0.257425 0.712500
v 0.262146 -0.098035 1.662501
v 0.262280 -0.065721 1.662501
v 0.262146 -0.098035 1.900001
v 0.262415 -0.033406 1.662501
v 0.262549 -0.001092 1.662501
v 0.262415 -0.033406 1.900001
v 0.262011 -0.130350 1.662501
v 0.262146 -0.098035 1.425001
v 0.262280 -0.065721 1.187500
v 0.262414 -0.033406 0.950000
v 0.261608 -0.227293 1.662501
v 0.261742 -0.194979 1.662501
v 0.261608 -0.227293 1.900001
v 0.261877 -0.162665 1.662501
v 0.261877 -0.162665 1.900001
v 0.263086 0.128167 0.712500
v 0.263221 0.160482 0.475000
v 0.263221 0.160482 0.712500
v 0.263355 0.192796 0.237500
v 0.262952 0.095853 0.950000
v 0.262952 0.095853 0.712500
v 0.262952 0.095853 0.475000
v 0.262952 0.095853 0.237500
v 0.262683 0.031223 1.425000
v 0.262683 0.031223 1.662501
v 0.262817 0.063538 1.187500
v 0.263221 0.160482 1.662500
v 0.263355 0.192796 1.662500
v 0.263221 0.160482 1.900000
v 0.263490 0.225111 1.662500
v 0.263490 0.225111 1.900000
v 0.263086 0.128167 1.662500
v 0.263221 0.160482 1.425000
v 0.263355 0.192796 1.187500
v 0.263490 0.225111 0.950000
v 0.262818 0.063538 1.662500
v 0.262684 0.031223 1.900001
v 0.262952 0.095853 1.662500
v 0.262952 0.095853 1.900000
v 0.261606 -0.227293 -0.950001
v 0.261606 -0.227293 -0.712501
v 0.261606 -0.227293 -0.475000
v 0.261606 -0.227293 -0.237500
v 0.261606 -0.227293 -1.187501
v 0.261741 -0.194979 -1.187501
v 0.261875 -0.162665 -1.187501
v 0.262010 -0.130350 -1.187501
v 0.261606 -0.227293 -1.900001
v 0.261606 -0.227293 -1.662501
v 0.261606 -0.227293 -1.425001
v 0.261472 -0.259608 -1.187501
v 0.262144 -0.098035 -0.237500
v 0.262279 -0.065721 -0.237500
v 0.262145 -0.098035 -0.000000
v 0.262413 -0.033406 -0.237500
v 0.262010 -0.130350 -0.237500
v 0.262144 -0.098035 -0.475000
v 0.262279 -0.065721 -0.712501
v 0.262413 -0.033406 -0.950001
v 0.261741 -0.194979 -0.237500
v 0.261607 -0.227293 -0.000000
v 0.261875 -0.162665 -0.237500
v 0.261608 -0.227293 0.950001
v 0.261608 -0.227293 1.187501
v 0.261608 -0.227293 1.425001
v 0.261608 -0.227293 0.712501
v 0.261742 -0.194979 0.712501
v 0.261876 -0.162665 0.712501
v 0.262011 -0.130350 0.712501
v 0.261607 -0.227293 0.237500
v 0.261608 -0.227293 0.475000
v 0.261473 -0.259608 0.712501
v 0.262145 -0.098035 0.237500
v 0.262145 -0.098035 0.475000
v 0.262145 -0.098035 0.712501
v 0.262144 -0.098035 -1.187501
v 0.262279 -0.065721 -1.187501
v 0.262413 -0.033406 -1.187501
v 0.262144 -0.098035 -1.900001
v 0.262144 -0.098035 -1.662501
v 0.262144 -0.098035 -1.425001
v 0.263355 0.192796 0.712500
v 0.263490 0.225111 0.712500
v 0.262548 -0.001091 0.712500
v 0.262683 0.031224 0.475000
v 0.262817 0.063538 0.237500
v 0.262279 -0.065721 0.712500
v 0.262414 -0.033406 0.712500
v 0.099532 0.258107 0.237499
v 0.099532 0.258107 0.475000
v 0.099532 0.258107 0.712500
v 0.099530 0.258107 -1.187501
v 0.066712 0.258244 -1.187501
v 0.033893 0.258380 -1.187501
v 0.099530 0.258107 -1.900001
v 0.099530 0.258107 -1.662501
v 0.099530 0.258107 -1.425001
v -0.195836 0.259335 0.712500
v -0.228654 0.259472 0.712500
v 0.001076 0.258516 0.712500
v -0.031743 0.258653 0.475000
v -0.064562 0.258789 0.237500
v 0.066713 0.258244 0.712500
v 0.033895 0.258380 0.712500
v -0.262144 0.098035 0.237500
v -0.262144 0.098035 0.475000
v -0.262144 0.098035 0.712501
v -0.262145 0.098035 -1.187501
v -0.262279 0.065721 -1.187501
v -0.262414 0.033406 -1.187501
v -0.262145 0.098035 -1.900001
v -0.262145 0.098035 -1.662501
v -0.262145 0.098035 -1.425001
v -0.263354 -0.192796 0.712500
v -0.263488 -0.225111 0.712500
v -0.262548 0.001092 0.712500
v -0.262682 -0.031223 0.475000
v -0.262816 -0.063538 0.237500
v -0.262279 0.065721 0.712500
v -0.262413 0.033406 0.712500
v -0.099530 -0.258107 0.237500
v -0.099530 -0.258107 0.475000
v -0.099530 -0.258107 0.712500
v -0.099531 -0.258107 -1.187501
v -0.066712 -0.258244 -1.187501
v -0.033894 -0.258380 -1.187501
v -0.099531 -0.258107 -1.900001
v -0.099531 -0.258107 -1.662501
v -0.099531 -0.258107 -1.425001
v 0.195836 -0.259335 0.712500
v 0.228655 -0.259472 0.712500
v -0.001075 -0.258516 0.712500
v 0.031744 -0.258653 0.475000
v 0.064562 -0.258789 0.237500
v -0.066712 -0.258244 0.712500
v -0.033893 -0.258380 0.712500
v 0.163016 -0.259198 -1.187501
v 0.195835 -0.259335 -1.187501
v 0.228653 -0.259472 -1.187501
v 0.163016 -0.259198 -1.900001
v 0.163016 -0.259198 -1.662501
v 0.163016 -0.259198 -1.425001
v -0.263220 -0.160482 -1.187501
v -0.263354 -0.192796 -1.187501
v -0.263489 -0.225111 -1.187501
v -0.263220 -0.160482 -1.900001
v -0.263220 -0.160482 -1.662501
v -0.263220 -0.160482 -1.425001
v -0.163018 0.259198 -1.187501
v -0.195836 0.259335 -1.187501
v -0.228655 0.259472 -1.187501
v -0.163018 0.259198 -1.900001
v -0.163018 0.259198 -1.662501
v -0.163018 0.259198 -1.425001
v 0.263219 0.160482 -1.187501
v 0.263354 0.192796 -1.187501
v 0.263488 0.225111 -1.187501
v 0.263219 0.160482 -1.900001
v 0.263219 0.160482 -1.662501
v 0.263219 0.160482 -1.425001
vn 1.0000 -0.0042 -0.0000
vn 0.0042 1.0000 -0.0000
vn -1.0000 0.0042 -0.0000
vn -0.0042 -1.0000 -0.0000
vn -0.0041 -1.0000 -0.0000
vn -1.0000 0.0041 -0.0000
vn 0.0041 1.0000 -0.0000
vn 1.0000 -0.0041 -0.0000
vt 51.703560 -780.000000
vt 48.472088 -756.250000
vt 48.472088 -780.000000
vt 51.703560 -756.250000
vt 52.510040 -780.000000
vt 49.228165 -756.250000
vt 49.228165 -780.000000
vt 52.510040 -756.250000
vt 26.255020 -590.000000
vt 26.255020 -566.250000
vt 22.973143 -566.250000
vt 29.536898 -590.000000
vt 52.510040 -590.000000
vt 52.510040 -566.250000
vt 49.228165 -566.250000
vt 26.255020 -780.000000
vt 22.973143 -756.250000
vt 22.973143 -780.000000
vt 26.255020 -756.250000
vt 22.973143 -590.000000
vt 25.851780 -590.000000
vt 25.851780 -566.250000
vt 22.620308 -566.250000
vt 29.083254 -590.000000
vt 51.703560 -590.000000
vt 51.703560 -566.250000
vt 48.472088 -566.250000
vt 25.851780 -780.000000
vt 22.620308 -756.250000
vt 22.620308 -780.000000
vt 25.851780 -756.250000
vt 22.620308 -590.000000
vt 12.925890 -590.000000
vt 9.694418 -566.250000
vt 9.694418 -590.000000
vt 12.925890 -566.250000
vt 12.925890 -495.000000
vt 9.694418 -471.250000
vt 9.694418 -495.000000
vt 12.925890 -685.000000
vt 12.925890 -661.250000
vt 9.694418 -661.250000
vt 16.157364 -685.000000
vt 25.851780 -685.000000
vt 25.851780 -661.250000
vt 22.620308 -661.250000
vt 12.925890 -780.000000
vt 9.694418 -756.250000
vt 9.694418 -780.000000
vt 12.925890 -756.250000
vt 9.694418 -685.000000
vt 38.777672 -495.000000
vt 38.777672 -471.250000
vt 35.546200 -471.250000
vt 42.009144 -495.000000
vt 51.703560 -495.000000
vt 51.703560 -471.250000
vt 48.472088 -471.250000
vt 25.851780 -495.000000
vt 29.083254 -495.000000
vt 25.851780 -471.250000
vt 29.083254 -518.750000
vt 38.777672 -590.000000
vt 42.009144 -590.000000
vt 38.777672 -566.250000
vt 12.925890 -471.250000
vt 16.157364 -495.000000
vt 22.620308 -471.250000
vt 13.127510 -590.000000
vt 9.845633 -566.250000
vt 9.845633 -590.000000
vt 13.127510 -566.250000
vt 13.127510 -495.000000
vt 9.845633 -471.250000
vt 9.845633 -495.000000
vt 13.127510 -685.000000
vt 13.127510 -661.250000
vt 9.845633 -661.250000
vt 16.409388 -685.000000
vt 26.255020 -685.000000
vt 26.255020 -661.250000
vt 22.973143 -661.250000
vt 13.127510 -780.000000
vt 9.845633 -756.250000
vt 9.845633 -780.000000
vt 13.127510 -756.250000
vt 9.845633 -685.000000
vt 39.382530 -495.000000
vt 39.382530 -471.250000
vt 36.100655 -471.250000
vt 42.664406 -495.000000
vt 52.510040 -495.000000
vt 52.510040 -471.250000
vt 49.228165 -471.250000
vt 26.255020 -495.000000
vt 29.536898 -495.000000
vt 26.255020 -471.250000
vt 29.536898 -518.750000
vt 39.382530 -590.000000
vt 42.664406 -590.000000
vt 39.382530 -566.250000
vt 13.127510 -471.250000
vt 16.409388 -495.000000
vt 22.973143 -471.250000
vt 39.382530 -685.000000
vt 39.382530 -661.250000
vt 36.100655 -661.250000
vt 42.664406 -685.000000
vt 52.510040 -685.000000
vt 52.510040 -661.250000
vt 49.228165 -661.250000
vt 39.382530 -780.000000
vt 36.100655 -756.250000
vt 36.100655 -780.000000
vt 39.382530 -756.250000
vt 36.100655 -685.000000
vt 38.777672 -685.000000
vt 38.777672 -661.250000
vt 35.546200 -661.250000
vt 42.009144 -685.000000
vt 51.703560 -685.000000
vt 51.703560 -661.250000
vt 48.472088 -661.250000
vt 38.777672 -780.000000
vt 35.546200 -756.250000
vt 35.546200 -780.000000
vt 38.777672 -756.250000
vt 35.546200 -685.000000
vt 32.314728 -685.000000
vt 29.083254 -661.250000
vt 29.083254 -685.000000
vt 32.314728 -661.250000
vt 32.314728 -637.500000
vt 29.083254 -613.750000
vt 29.083254 -637.500000
vt 32.314728 -732.500000
vt 32.314728 -708.750000
vt 29.083254 -708.750000
vt 35.546200 -732.500000
vt 38.777672 -732.500000
vt 38.777672 -708.750000
vt 35.546200 -708.750000
vt 32.314728 -780.000000
vt 29.083254 -756.250000
vt 29.083254 -780.000000
vt 32.314728 -756.250000
vt 29.083254 -732.500000
vt 45.240616 -637.500000
vt 45.240616 -613.750000
vt 42.009144 -613.750000
vt 48.472088 -637.500000
vt 51.703560 -637.500000
vt 51.703560 -613.750000
vt 48.472088 -613.750000
vt 38.777672 -637.500000
vt 42.009144 -637.500000
vt 38.777672 -613.750000
vt 42.009144 -661.250000
vt 45.240616 -685.000000
vt 48.472088 -685.000000
vt 45.240616 -661.250000
vt 32.314728 -613.750000
vt 35.546200 -637.500000
vt 35.546200 -613.750000
vt 32.818775 -685.000000
vt 29.536898 -661.250000
vt 29.536898 -685.000000
vt 32.818775 -661.250000
vt 32.818775 -637.500000
vt 29.536898 -613.750000
vt 29.536898 -637.500000
vt 32.818775 -732.500000
vt 32.818775 -708.750000
vt 29.536898 -708.750000
vt 36.100655 -732.500000
vt 39.382530 -732.500000
vt 39.382530 -708.750000
vt 36.100655 -708.750000
vt 32.818775 -780.000000
vt 29.536898 -756.250000
vt 29.536898 -780.000000
vt 32.818775 -756.250000
vt 29.536898 -732.500000
vt 45.946285 -637.500000
vt 45.946285 -613.750000
vt 42.664406 -613.750000
vt 49.228165 -637.500000
vt 52.510040 -637.500000
vt 52.510040 -613.750000
vt 49.228165 -613.750000
vt 39.382530 -637.500000
vt 42.664406 -637.500000
vt 39.382530 -613.750000
vt 42.664406 -661.250000
vt 45.946285 -685.000000
vt 49.228165 -685.000000
vt 45.946285 -661.250000
vt 32.818775 -613.750000
vt 36.100655 -637.500000
vt 36.100655 -613.750000
vt 19.691265 -447.500000
vt 19.691265 -423.750000
vt 16.409388 -423.750000
vt 22.973143 -447.500000
vt 26.255020 -447.500000
vt 26.255020 -423.750000
vt 22.973143 -423.750000
vt 13.127510 -447.500000
vt 16.409388 -447.500000
vt 13.127510 -423.750000
vt 16.409388 -471.250000
vt 19.691265 -495.000000
vt 22.973143 -495.000000
vt 19.691265 -471.250000
vt 6.563755 -447.500000
vt 6.563755 -423.750000
vt 3.281878 -423.750000
vt 9.845633 -447.500000
vt 9.845633 -423.750000
vt 39.382530 -542.500000
vt 42.664406 -542.500000
vt 39.382530 -518.750000
vt 42.664406 -566.250000
vt 45.946285 -590.000000
vt 49.228165 -590.000000
vt 45.946285 -566.250000
vt 32.818775 -495.000000
vt 36.100655 -518.750000
vt 36.100655 -495.000000
vt 32.818775 -518.750000
vt 32.818775 -542.500000
vt 36.100655 -566.250000
vt 36.100655 -542.500000
vt 29.536898 -447.500000
vt 29.536898 -471.250000
vt 32.818775 -471.250000
vt 45.946285 -447.500000
vt 45.946285 -423.750000
vt 42.664406 -423.750000
vt 49.228165 -447.500000
vt 52.510040 -447.500000
vt 52.510040 -423.750000
vt 49.228165 -423.750000
vt 39.382530 -447.500000
vt 42.664406 -447.500000
vt 39.382530 -423.750000
vt 42.664406 -471.250000
vt 45.946285 -495.000000
vt 49.228165 -495.000000
vt 45.946285 -471.250000
vt 32.818775 -447.500000
vt 32.818775 -423.750000
vt 29.536898 -423.750000
vt 36.100655 -447.500000
vt 36.100655 -423.750000
vt 6.563755 -685.000000
vt 3.281878 -661.250000
vt 3.281878 -685.000000
vt 6.563755 -661.250000
vt 6.563755 -637.500000
vt 3.281878 -613.750000
vt 3.281878 -637.500000
vt 6.563755 -732.500000
vt 6.563755 -708.750000
vt 3.281878 -708.750000
vt 9.845633 -732.500000
vt 13.127510 -732.500000
vt 13.127510 -708.750000
vt 9.845633 -708.750000
vt 6.563755 -780.000000
vt 3.281878 -756.250000
vt 3.281878 -780.000000
vt 6.563755 -756.250000
vt 3.281878 -732.500000
vt 19.691265 -637.500000
vt 19.691265 -613.750000
vt 16.409388 -613.750000
vt 22.973143 -637.500000
vt 26.255020 -637.500000
vt 26.255020 -613.750000
vt 22.973143 -613.750000
vt 13.127510 -637.500000
vt 16.409388 -637.500000
vt 13.127510 -613.750000
vt 16.409388 -661.250000
vt 19.691265 -685.000000
vt 22.973143 -685.000000
vt 19.691265 -661.250000
vt 6.563755 -613.750000
vt 9.845633 -637.500000
vt 9.845633 -613.750000
vt 6.563755 -495.000000
vt 3.281878 -471.250000
vt 3.281878 -495.000000
vt 6.563755 -471.250000
vt 3.281878 -447.500000
vt 6.563755 -542.500000
vt 6.563755 -518.750000
vt 3.281878 -518.750000
vt 9.845633 -542.500000
vt 13.127510 -542.500000
vt 13.127510 -518.750000
vt 9.845633 -518.750000
vt 6.563755 -590.000000
vt 3.281878 -566.250000
vt 3.281878 -590.000000
vt 6.563755 -566.250000
vt 3.281878 -542.500000
vt 19.388836 -447.500000
vt 19.388836 -423.750000
vt 16.157364 -423.750000
vt 22.620308 -447.500000
vt 25.851780 -447.500000
vt 25.851780 -423.750000
vt 22.620308 -423.750000
vt 12.925890 -447.500000
vt 16.157364 -447.500000
vt 12.925890 -423.750000
vt 16.157364 -471.250000
vt 19.388836 -495.000000
vt 22.620308 -495.000000
vt 19.388836 -471.250000
vt 6.462945 -447.500000
vt 6.462945 -423.750000
vt 3.231472 -423.750000
vt 9.694418 -447.500000
vt 9.694418 -423.750000
vt 38.777672 -542.500000
vt 42.009144 -542.500000
vt 38.777672 -518.750000
vt 42.009144 -566.250000
vt 45.240616 -590.000000
vt 48.472088 -590.000000
vt 45.240616 -566.250000
vt 32.314728 -495.000000
vt 35.546200 -518.750000
vt 35.546200 -495.000000
vt 32.314728 -518.750000
vt 32.314728 -542.500000
vt 35.546200 -566.250000
vt 35.546200 -542.500000
vt 29.083254 -447.500000
vt 29.083254 -471.250000
vt 32.314728 -471.250000
vt 45.240616 -447.500000
vt 45.240616 -423.750000
vt 42.009144 -423.750000
vt 48.472088 -447.500000
vt 51.703560 -447.500000
vt 51.703560 -423.750000
vt 48.472088 -423.750000
vt 38.777672 -447.500000
vt 42.009144 -447.500000
vt 38.777672 -423.750000
vt 42.009144 -471.250000
vt 45.240616 -495.000000
vt 48.472088 -495.000000
vt 45.240616 -471.250000
vt 32.314728 -447.500000
vt 32.314728 -423.750000
vt 29.083254 -423.750000
vt 35.546200 -447.500000
vt 35.546200 -423.750000
vt 6.462945 -685.000000
vt 3.231472 -661.250000
vt 3.231472 -685.000000
vt 6.462945 -661.250000
vt 6.462945 -637.500000
vt 3.231472 -613.750000
vt 3.231472 -637.500000
vt 6.462945 -732.500000
vt 6.462945 -708.750000
vt 3.231472 -708.750000
vt 9.694418 -732.500000
vt 12.925890 -732.500000
vt 12.925890 -708.750000
vt 9.694418 -708.750000
vt 6.462945 -780.000000
vt 3.231472 -756.250000
vt 3.231472 -780.000000
vt 6.462945 -756.250000
vt 3.231472 -732.500000
vt 19.388836 -637.500000
vt 19.388836 -613.750000
vt 16.157364 -613.750000
vt 22.620308 -637.500000
vt 25.851780 -637.500000
vt 25.851780 -613.750000
vt 22.620308 -613.750000
vt 12.925890 -637.500000
vt 16.157364 -637.500000
vt 12.925890 -613.750000
vt 16.157364 -661.250000
vt 19.388836 -685.000000
vt 22.620308 -685.000000
vt 19.388836 -661.250000
vt 6.462945 -613.750000
vt 9.694418 -637.500000
vt 9.694418 -613.750000
vt 6.462945 -495.000000
vt 3.231472 -471.250000
vt 3.231472 -495.000000
vt 6.462945 -471.250000
vt 3.231472 -447.500000
vt 6.462945 -542.500000
vt 6.462945 -518.750000
vt 3.231472 -518.750000
vt 9.694418 -542.500000
vt 12.925890 -542.500000
vt 12.925890 -518.750000
vt 9.694418 -518.750000
vt 6.462945 -590.000000
vt 3.231472 -566.250000
vt 3.231472 -590.000000
vt 6.462945 -566.250000
vt 3.231472 -542.500000
vt 19.388836 -590.000000
vt 16.157364 -566.250000
vt 16.157364 -590.000000
vt 19.388836 -566.250000
vt 19.388836 -542.500000
vt 16.157364 -518.750000
vt 16.157364 -542.500000
vt 19.388836 -732.500000
vt 19.388836 -708.750000
vt 16.157364 -708.750000
vt 22.620308 -732.500000
vt 25.851780 -732.500000
vt 25.851780 -708.750000
vt 22.620308 -708.750000
vt 19.388836 -780.000000
vt 16.157364 -756.250000
vt 16.157364 -780.000000
vt 19.388836 -756.250000
vt 16.157364 -732.500000
vt 45.240616 -542.500000
vt 45.240616 -518.750000
vt 42.009144 -518.750000
vt 48.472088 -542.500000
vt 51.703560 -542.500000
vt 51.703560 -518.750000
vt 48.472088 -518.750000
vt 25.851780 -542.500000
vt 29.083254 -542.500000
vt 25.851780 -518.750000
vt 29.083254 -566.250000
vt 32.314728 -590.000000
vt 35.546200 -590.000000
vt 32.314728 -566.250000
vt 19.388836 -518.750000
vt 22.620308 -542.500000
vt 22.620308 -518.750000
vt 19.691265 -590.000000
vt 16.409388 -566.250000
vt 16.409388 -590.000000
vt 19.691265 -566.250000
vt 19.691265 -542.500000
vt 16.409388 -518.750000
vt 16.409388 -542.500000
vt 19.691265 -732.500000
vt 19.691265 -708.750000
vt 16.409388 -708.750000
vt 22.973143 -732.500000
vt 26.255020 -732.500000
vt 26.255020 -708.750000
vt 22.973143 -708.750000
vt 19.691265 -780.000000
vt 16.409388 -756.250000
vt 16.409388 -780.000000
vt 19.691265 -756.250000
vt 16.409388 -732.500000
vt 45.946285 -542.500000
vt 45.946285 -518.750000
vt 42.664406 -518.750000
vt 49.228165 -542.500000
vt 52.510040 -542.500000
vt 52.510040 -518.750000
vt 49.228165 -518.750000
vt 26.255020 -542.500000
vt 29.536898 -542.500000
vt 26.255020 -518.750000
vt 29.536898 -566.250000
vt 32.818775 -590.000000
vt 36.100655 -590.000000
vt 32.818775 -566.250000
vt 19.691265 -518.750000
vt 22.973143 -542.500000
vt 22.973143 -518.750000
vt 45.946285 -732.500000
vt 45.946285 -708.750000
vt 42.664406 -708.750000
vt 49.228165 -732.500000
vt 52.510040 -732.500000
vt 52.510040 -708.750000
vt 49.228165 -708.750000
vt 45.946285 -780.000000
vt 42.664406 -756.250000
vt 42.664406 -780.000000
vt 45.946285 -756.250000
vt 42.664406 -732.500000
vt 45.240616 -732.500000
vt 45.240616 -708.750000
vt 42.009144 -708.750000
vt 48.472088 -732.500000
vt 51.703560 -732.500000
vt 51.703560 -708.750000
vt 48.472088 -708.750000
vt 45.240616 -780.000000
vt 42.009144 -756.250000
vt 42.009144 -780.000000
vt 45.240616 -756.250000
vt 42.009144 -732.500000
vt 0.000000 -518.750000
vt 0.000000 -542.500000
vt 0.000000 -495.000000
vt 0.000000 -566.250000
vt 0.000000 -590.000000
vt 0.000000 -423.750000
vt 0.000000 -447.500000
vt 0.000000 -400.000000
vt 0.000000 -471.250000
vt 0.000000 -708.750000
vt 0.000000 -732.500000
vt 0.000000 -685.000000
vt 0.000000 -756.250000
vt 0.000000 -780.000000
vt 0.000000 -613.750000
vt 0.000000 -637.500000
vt 0.000000 -661.250000
vt 35.546200 -400.000000
vt 32.314728 -400.000000
vt 38.777672 -400.000000
vt 29.083254 -400.000000
vt 25.851780 -400.000000
vt 48.472088 -400.000000
vt 45.240616 -400.000000
vt 51.703560 -400.000000
vt 42.009144 -400.000000
vt 9.694418 -400.000000
vt 6.462945 -400.000000
vt 12.925890 -400.000000
vt 3.231472 -400.000000
vt 22.620308 -400.000000
vt 19.388836 -400.000000
vt 16.157364 -400.000000
vt 36.100655 -400.000000
vt 32.818775 -400.000000
vt 39.382530 -400.000000
vt 29.536898 -400.000000
vt 26.255020 -400.000000
vt 49.228165 -400.000000
vt 45.946285 -400.000000
vt 52.510040 -400.000000
vt 42.664406 -400.000000
vt 9.845633 -400.000000
vt 6.563755 -400.000000
vt 13.127510 -400.000000
vt 3.281878 -400.000000
vt 22.973143 -400.000000
vt 19.691265 -400.000000
vt 16.409388 -400.000000
s 1
usemtl Material__27_1
f 1/1/1 290/2/1 289/3/1
f 1/1/1 292/4/1 290/2/1
f 5/5/2 295/6/2 294/7/2
f 5/5/2 297/8/2 295/6/2
f 7/1/3 300/2/3 299/3/3
f 7/1/3 302/4/3 300/2/3
f 2/5/4 305/6/4 304/7/4
f 2/5/4 307/8/4 305/6/4
f 23/9/4 310/10/4 309/11/5
f 23/9/4 312/12/4 310/10/4
f 11/13/4 315/14/4 314/15/4
f 22/16/4 318/17/5 317/18/5
f 22/16/4 320/19/4 318/17/5
f 23/9/4 309/11/5 322/20/5
f 19/21/3 325/22/3 324/23/3
f 19/21/3 327/24/3 325/22/3
f 20/25/6 330/26/6 329/27/6
f 18/28/3 333/29/3 332/30/3
f 18/28/3 335/31/3 333/29/3
f 19/21/3 324/23/3 337/32/3
f 15/9/2 340/10/2 339/11/7
f 15/9/2 342/12/2 340/10/2
f 16/13/2 345/14/2 344/15/2
f 14/16/2 348/17/7 347/18/7
f 14/16/2 350/19/2 348/17/7
f 15/9/2 339/11/7 352/20/7
f 10/21/1 355/22/1 354/23/1
f 10/21/1 357/24/1 355/22/1
f 12/25/1 360/26/1 359/27/1
f 9/28/1 363/29/1 362/30/1
f 9/28/1 365/31/1 363/29/1
f 10/21/1 354/23/1 367/32/1
f 80/33/1 370/34/1 369/35/1
f 80/33/1 372/36/1 370/34/1
f 26/37/1 375/38/1 374/39/1
f 78/40/1 378/41/1 377/42/1
f 78/40/1 380/43/1 378/41/1
f 79/44/1 383/45/1 382/46/1
f 25/47/1 386/48/1 385/49/1
f 25/47/1 388/50/1 386/48/1
f 78/40/1 377/42/1 390/51/1
f 77/52/1 393/53/1 392/54/1
f 77/52/1 395/55/1 393/53/1
f 28/56/1 398/57/1 397/58/1
f 75/59/1 401/60/1 400/61/1
f 75/59/1 403/62/1 401/60/1
f 76/63/1 406/64/1 405/65/1
f 26/37/1 408/66/1 375/38/1
f 26/37/1 410/67/8 408/66/1
f 75/59/1 400/61/1 412/68/1
f 74/69/2 415/70/2 414/71/2
f 74/69/2 417/72/2 415/70/2
f 47/73/2 420/74/2 419/75/2
f 72/76/2 423/77/2 422/78/2
f 72/76/2 425/79/2 423/77/2
f 73/80/2 428/81/2 427/82/7
f 46/83/2 431/84/2 430/85/2
f 46/83/2 433/86/2 431/84/2
f 72/76/2 422/78/2 435/87/2
f 71/88/2 438/89/2 437/90/2
f 71/88/2 440/91/2 438/89/2
f 32/92/2 443/93/2 442/94/2
f 69/95/2 446/96/2 445/97/2
f 69/95/2 448/98/2 446/96/2
f 70/99/2 451/100/2 450/101/2
f 47/73/2 453/102/2 420/74/2
f 47/73/2 455/103/2 453/102/2
f 69/95/2 445/97/2 457/104/7
f 68/33/3 460/34/3 459/35/3
f 68/33/3 462/36/6 460/34/3
f 51/37/3 465/38/6 464/39/6
f 66/40/3 468/41/3 467/42/3
f 66/40/3 470/43/6 468/41/3
f 67/44/3 473/45/3 472/46/3
f 50/47/3 476/48/3 475/49/3
f 50/47/3 478/50/3 476/48/3
f 66/40/3 467/42/3 480/51/3
f 65/52/3 483/53/3 482/54/3
f 65/52/3 485/55/3 483/53/3
f 36/56/6 488/57/3 487/58/3
f 63/59/3 491/60/6 490/61/6
f 63/59/3 493/62/6 491/60/6
f 64/63/3 496/64/3 495/65/3
f 51/37/3 498/66/3 465/38/6
f 51/37/3 500/67/3 498/66/3
f 63/59/3 490/61/6 502/68/3
f 62/69/4 505/70/4 504/71/4
f 62/69/4 507/72/4 505/70/4
f 39/73/4 510/74/4 509/75/4
f 60/76/4 513/77/4 512/78/4
f 60/76/4 515/79/4 513/77/4
f 61/80/4 518/81/4 517/82/5
f 38/83/4 521/84/4 520/85/4
f 38/83/4 523/86/4 521/84/4
f 60/76/4 512/78/4 525/87/4
f 59/88/4 528/89/4 527/90/4
f 59/88/4 530/91/4 528/89/4
f 27/92/4 533/93/4 532/94/4
f 57/95/4 536/96/4 535/97/4
f 57/95/4 538/98/4 536/96/4
f 58/99/4 541/100/4 540/101/4
f 39/73/4 543/102/4 510/74/4
f 39/73/4 545/103/4 543/102/4
f 57/95/4 535/97/4 547/104/5
f 55/105/4 550/106/4 549/107/4
f 55/105/4 552/108/4 550/106/4
f 43/109/4 555/110/4 554/111/4
f 54/112/4 558/113/4 557/114/4
f 54/112/4 560/115/4 558/113/4
f 55/105/4 549/107/4 562/116/4
f 35/117/3 565/118/6 564/119/3
f 35/117/3 567/120/6 565/118/6
f 52/121/3 570/122/3 569/123/3
f 34/124/3 573/125/3 572/126/3
f 34/124/3 575/127/3 573/125/3
f 35/117/3 564/119/3 577/128/3
f 31/105/2 580/106/2 579/107/2
f 31/105/2 582/108/2 580/106/2
f 48/109/2 585/110/2 584/111/2
f 30/112/2 588/113/2 587/114/2
f 30/112/2 590/115/2 588/113/2
f 31/105/2 579/107/2 592/116/2
f 42/117/1 595/118/1 594/119/1
f 42/117/1 597/120/1 595/118/1
f 44/121/1 600/122/1 599/123/1
f 41/124/1 603/125/1 602/126/1
f 41/124/1 605/127/1 603/125/1
f 42/117/1 594/119/1 607/128/8
f 288/129/1 610/130/1 609/131/1
f 288/129/1 608/132/1 610/130/1
f 98/133/1 612/134/1 611/135/1
f 286/136/1 615/137/1 614/138/1
f 286/136/1 606/139/1 615/137/1
f 287/140/1 617/141/1 616/142/1
f 97/143/1 619/144/1 618/145/1
f 97/143/1 604/146/1 619/144/1
f 286/136/1 614/138/1 620/147/1
f 285/148/1 623/149/1 622/150/1
f 285/148/1 601/151/1 623/149/1
f 100/152/1 625/153/1 624/154/1
f 283/155/1 628/156/8 627/157/1
f 283/155/1 598/158/1 628/156/8
f 284/159/1 630/160/1 629/161/1
f 98/133/1 631/162/1 612/134/1
f 98/133/1 596/163/1 631/162/1
f 283/155/1 627/157/1 632/164/1
f 282/165/2 635/166/2 634/167/2
f 282/165/2 593/168/2 635/166/2
f 143/169/2 637/170/2 636/171/2
f 280/172/2 640/173/2 639/174/2
f 280/172/2 591/175/2 640/173/2
f 281/176/2 642/177/2 641/178/2
f 142/179/2 644/180/2 643/181/2
f 142/179/2 589/182/2 644/180/2
f 280/172/2 639/174/2 645/183/2
f 279/184/2 648/185/2 647/186/2
f 279/184/2 586/187/2 648/185/2
f 104/188/2 650/189/2 649/190/2
f 277/191/2 653/192/2 652/193/2
f 277/191/2 583/194/2 653/192/2
f 278/195/2 655/196/2 654/197/2
f 143/169/2 656/198/2 637/170/2
f 143/169/2 581/199/2 656/198/2
f 277/191/2 652/193/2 657/200/2
f 276/129/3 660/130/3 659/131/3
f 276/129/3 578/132/3 660/130/3
f 147/133/3 662/134/3 661/135/3
f 274/136/3 665/137/3 664/138/3
f 274/136/3 576/139/3 665/137/3
f 275/140/3 667/141/3 666/142/3
f 146/143/3 669/144/3 668/145/3
f 146/143/3 574/146/3 669/144/3
f 274/136/3 664/138/3 670/147/3
f 273/148/3 673/149/3 672/150/3
f 273/148/3 571/151/3 673/149/3
f 108/152/3 675/153/6 674/154/3
f 271/155/3 678/156/3 677/157/3
f 271/155/3 568/158/3 678/156/3
f 272/159/3 680/160/3 679/161/3
f 147/133/3 681/162/3 662/134/3
f 147/133/3 566/163/6 681/162/3
f 271/155/3 677/157/3 682/164/6
f 270/165/4 685/166/4 684/167/4
f 270/165/4 563/168/4 685/166/4
f 111/169/4 687/170/4 686/171/4
f 268/172/4 690/173/4 689/174/4
f 268/172/4 561/175/4 690/173/4
f 269/176/4 692/177/4 691/178/4
f 110/179/4 694/180/4 693/181/4
f 110/179/4 559/182/4 694/180/4
f 268/172/4 689/174/4 695/183/4
f 267/184/4 698/185/4 697/186/4
f 267/184/4 556/187/4 698/185/4
f 99/188/4 700/189/4 699/190/4
f 265/191/4 703/192/4 702/193/4
f 265/191/4 553/194/4 703/192/4
f 266/195/4 705/196/4 704/197/4
f 111/169/4 706/198/4 687/170/4
f 111/169/4 551/199/4 706/198/4
f 265/191/4 702/193/4 707/200/4
f 264/201/4 710/202/4 709/203/4
f 264/201/4 548/204/5 710/202/4
f 113/205/4 713/206/4 712/207/5
f 262/208/4 716/209/4 715/210/4
f 262/208/4 546/211/4 716/209/4
f 263/212/4 718/213/5 717/214/4
f 95/215/4 720/216/4 719/217/4
f 95/215/4 544/218/4 720/216/4
f 262/208/4 715/210/4 722/219/4
f 261/220/4 725/221/4 724/222/4
f 261/220/4 542/223/4 725/221/4
f 114/224/4 701/225/4 727/226/4
f 259/227/4 729/228/4 728/229/4
f 259/227/4 539/230/4 729/228/4
f 260/231/4 731/232/4 730/233/4
f 113/205/4 732/234/4 713/206/4
f 113/205/4 537/235/4 732/234/4
f 259/227/4 728/229/4 734/236/4
f 258/237/4 736/238/4 735/239/4
f 258/237/4 534/240/4 736/238/4
f 83/241/4 739/242/4 738/243/4
f 256/244/4 742/245/4 741/246/4
f 256/244/4 531/247/4 742/245/4
f 257/248/4 744/249/4 743/250/4
f 171/251/4 745/252/4 733/253/4
f 171/251/4 529/254/4 745/252/4
f 256/244/4 741/246/4 747/255/4
f 255/256/4 750/257/4 749/258/4
f 255/256/4 526/259/4 750/257/4
f 116/260/4 752/261/4 751/262/4
f 253/263/4 754/264/4 753/265/4
f 253/263/4 524/266/4 754/264/4
f 254/267/4 756/268/4 755/269/4
f 94/270/4 758/271/4 757/272/4
f 94/270/4 522/273/4 758/271/4
f 253/263/4 753/265/4 759/274/4
f 252/275/4 762/276/4 761/277/4
f 252/275/4 519/278/5 762/276/4
f 117/279/4 688/280/4 764/281/5
f 250/282/4 766/283/4 765/284/4
f 250/282/4 516/285/4 766/283/4
f 251/286/4 768/287/5 767/288/4
f 116/260/4 769/289/4 752/261/4
f 116/260/4 514/290/4 769/289/4
f 250/282/4 765/284/4 771/291/4
f 249/292/4 773/293/4 772/294/4
f 249/292/4 511/295/4 773/293/4
f 95/215/4 719/217/4 774/296/4
f 247/297/4 777/298/4 776/299/4
f 247/297/4 508/300/4 777/298/4
f 248/301/4 779/302/4 778/303/4
f 174/304/4 780/305/4 770/306/4
f 174/304/4 506/307/4 780/305/4
f 247/297/4 776/299/4 781/308/4
f 246/309/3 784/310/3 783/311/3
f 246/309/3 503/312/6 784/310/3
f 119/313/3 787/314/3 786/315/6
f 244/316/3 790/317/3 789/318/3
f 244/316/3 501/319/3 790/317/3
f 245/320/3 792/321/3 791/322/3
f 163/323/3 794/324/6 793/325/6
f 163/323/3 499/326/6 794/324/6
f 244/316/3 789/318/3 796/327/3
f 243/328/3 799/329/3 798/330/3
f 243/328/3 497/331/3 799/329/3
f 120/332/3 676/333/6 801/334/3
f 241/335/3 803/336/3 802/337/3
f 241/335/3 494/338/3 803/336/3
f 242/339/3 805/340/3 804/341/3
f 119/313/3 806/342/3 787/314/3
f 119/313/3 492/343/3 806/342/3
f 241/335/3 802/337/3 808/344/3
f 240/345/3 810/346/3 809/347/6
f 240/345/3 489/348/3 810/346/3
f 92/349/3 775/350/3 812/351/3
f 238/352/3 815/353/6 814/354/3
f 238/352/3 486/355/3 815/353/6
f 239/356/3 817/357/6 816/358/6
f 177/359/3 818/360/3 807/361/3
f 177/359/3 484/362/3 818/360/3
f 238/352/3 814/354/3 820/363/3
f 237/364/3 823/365/3 822/366/3
f 237/364/3 481/367/3 823/365/3
f 122/368/3 825/369/3 824/370/3
f 235/371/3 827/372/3 826/373/3
f 235/371/3 479/374/3 827/372/3
f 236/375/3 829/376/3 828/377/3
f 162/378/3 831/379/3 830/380/3
f 162/378/3 477/381/3 831/379/3
f 235/371/3 826/373/3 832/382/3
f 234/383/3 835/384/3 834/385/6
f 234/383/3 474/386/3 835/384/3
f 123/387/3 663/388/3 837/389/3
f 232/390/3 839/391/6 838/392/3
f 232/390/3 471/393/6 839/391/6
f 233/394/3 841/395/3 840/396/3
f 122/368/3 842/397/3 825/369/3
f 122/368/3 469/398/3 842/397/3
f 232/390/3 838/392/3 844/399/3
f 231/400/3 846/401/3 845/402/3
f 231/400/3 466/403/3 846/401/3
f 163/323/3 793/325/3 847/404/3
f 229/405/3 850/406/3 849/407/3
f 229/405/3 463/408/6 850/406/3
f 230/409/3 852/410/3 851/411/6
f 180/412/3 853/413/3 843/414/3
f 180/412/3 461/415/3 853/413/3
f 229/405/3 849/407/3 854/416/3
f 228/201/2 857/202/2 856/203/2
f 228/201/2 458/204/7 857/202/2
f 125/205/2 860/206/2 859/207/7
f 226/208/2 863/209/2 862/210/2
f 226/208/2 456/211/2 863/209/2
f 227/212/2 865/213/7 864/214/2
f 159/215/2 867/216/2 866/217/2
f 159/215/2 454/218/2 867/216/2
f 226/208/2 862/210/2 869/219/2
f 225/220/2 872/221/2 871/222/2
f 225/220/2 452/223/2 872/221/2
f 126/224/2 651/225/2 874/226/2
f 223/227/2 876/228/2 875/229/2
f 223/227/2 449/230/2 876/228/2
f 224/231/2 878/232/2 877/233/2
f 125/205/2 879/234/2 860/206/2
f 125/205/2 447/235/2 879/234/2
f 223/227/2 875/229/2 881/236/2
f 222/237/2 883/238/2 882/239/2
f 222/237/2 444/240/2 883/238/2
f 88/241/2 848/242/2 885/243/2
f 220/244/2 888/245/2 887/246/2
f 220/244/2 441/247/2 888/245/2
f 221/248/2 890/249/2 889/250/2
f 183/251/2 891/252/2 880/253/2
f 183/251/2 439/254/2 891/252/2
f 220/244/2 887/246/2 893/255/2
f 219/256/2 896/257/2 895/258/2
f 219/256/2 436/259/2 896/257/2
f 128/260/2 898/261/2 897/262/2
f 217/263/2 900/264/2 899/265/2
f 217/263/2 434/266/2 900/264/2
f 218/267/2 902/268/2 901/269/2
f 158/270/2 904/271/2 903/272/2
f 158/270/2 432/273/2 904/271/2
f 217/263/2 899/265/2 905/274/2
f 216/275/2 908/276/2 907/277/2
f 216/275/2 429/278/7 908/276/2
f 129/279/2 638/280/2 910/281/7
f 214/282/2 912/283/2 911/284/2
f 214/282/2 426/285/2 912/283/2
f 215/286/2 914/287/7 913/288/2
f 128/260/2 915/289/2 898/261/2
f 128/260/2 424/290/2 915/289/2
f 214/282/2 911/284/2 917/291/2
f 213/292/2 919/293/2 918/294/2
f 213/292/2 421/295/2 919/293/2
f 159/215/2 866/217/2 920/296/2
f 211/297/2 923/298/2 922/299/2
f 211/297/2 418/300/2 923/298/2
f 212/301/2 925/302/2 924/303/2
f 186/304/2 926/305/2 916/306/2
f 186/304/2 416/307/2 926/305/2
f 211/297/2 922/299/2 927/308/2
f 210/309/1 930/310/1 929/311/1
f 210/309/1 413/312/1 930/310/1
f 131/313/1 933/314/1 932/315/1
f 208/316/1 936/317/1 935/318/1
f 208/316/1 411/319/1 936/317/1
f 209/320/1 938/321/1 937/322/1
f 82/323/1 940/324/1 939/325/1
f 82/323/1 409/326/1 940/324/1
f 208/316/1 935/318/1 942/327/1
f 207/328/1 945/329/1 944/330/1
f 207/328/1 407/331/1 945/329/1
f 132/332/1 626/333/1 947/334/1
f 205/335/1 949/336/1 948/337/1
f 205/335/1 404/338/1 949/336/1
f 206/339/1 951/340/1 950/341/1
f 131/313/1 952/342/8 933/314/1
f 131/313/1 402/343/1 952/342/8
f 205/335/1 948/337/1 954/344/1
f 204/345/1 956/346/1 955/347/1
f 204/345/1 399/348/1 956/346/1
f 84/349/1 921/350/1 958/351/1
f 202/352/1 961/353/1 960/354/1
f 202/352/1 396/355/1 961/353/1
f 203/356/1 963/357/1 962/358/1
f 189/359/1 964/360/1 953/361/1
f 189/359/1 394/362/1 964/360/1
f 202/352/1 960/354/1 966/363/1
f 201/364/1 969/365/1 968/366/1
f 201/364/1 391/367/1 969/365/1
f 134/368/1 971/369/1 970/370/1
f 199/371/1 973/372/1 972/373/1
f 199/371/1 389/374/1 973/372/1
f 200/375/1 975/376/1 974/377/1
f 81/378/1 977/379/1 976/380/1
f 81/378/1 387/381/1 977/379/1
f 199/371/1 972/373/1 978/382/1
f 198/383/1 981/384/1 980/385/1
f 198/383/1 384/386/1 981/384/1
f 135/387/1 613/388/1 983/389/1
f 196/390/1 985/391/1 984/392/1
f 196/390/1 381/393/1 985/391/1
f 197/394/1 987/395/1 986/396/1
f 134/368/1 988/397/1 971/369/1
f 134/368/1 379/398/1 988/397/1
f 196/390/1 984/392/1 990/399/1
f 195/400/1 992/401/1 991/402/1
f 195/400/1 376/403/1 992/401/1
f 82/323/1 939/325/1 993/404/1
f 193/405/1 995/406/1 994/407/1
f 193/405/1 373/408/8 995/406/1
f 194/409/1 997/410/1 996/411/1
f 192/412/1 998/413/1 989/414/1
f 192/412/1 371/415/1 998/413/1
f 193/405/1 994/407/1 999/416/1
f 136/417/1 1001/418/1 982/419/1
f 136/417/1 368/420/1 1001/418/1
f 138/421/1 1003/422/1 1002/423/1
f 190/424/1 1005/425/1 1004/426/1
f 190/424/1 366/427/8 1005/425/1
f 191/428/1 621/429/1 1006/430/1
f 137/431/1 1008/432/1 1007/433/8
f 137/431/1 364/434/1 1008/432/1
f 190/424/1 1004/426/1 1009/435/1
f 133/436/1 1010/437/1 946/438/1
f 133/436/1 361/439/1 1010/437/1
f 140/440/1 928/441/1 1011/442/1
f 187/443/1 1013/444/1 1012/445/1
f 187/443/1 358/446/1 1013/444/1
f 188/447/1 633/448/1 1014/449/1
f 138/421/1 1015/450/1 1003/422/1
f 138/421/1 356/451/1 1015/450/1
f 187/443/1 1012/445/1 1016/452/1
f 130/453/2 1017/454/2 909/455/2
f 130/453/2 353/456/2 1017/454/2
f 103/457/2 1019/458/2 1018/459/2
f 184/460/2 1021/461/2 1020/462/2
f 184/460/2 351/463/7 1021/461/2
f 185/464/2 646/465/2 1022/466/7
f 102/467/2 1024/468/2 1023/469/2
f 102/467/2 349/470/2 1024/468/2
f 184/460/2 1020/462/2 1025/471/2
f 127/472/2 1026/473/2 873/474/2
f 127/472/2 346/475/2 1026/473/2
f 144/476/2 855/477/2 1027/478/2
f 181/479/2 1029/480/2 1028/481/2
f 181/479/2 343/482/2 1029/480/2
f 182/483/2 658/484/2 1030/485/2
f 103/457/2 1031/486/2 1019/458/2
f 103/457/2 341/487/7 1031/486/2
f 181/479/2 1028/481/2 1032/488/7
f 124/417/3 1033/418/3 836/419/6
f 124/417/3 338/420/3 1033/418/3
f 107/421/3 1035/422/3 1034/423/3
f 178/424/3 1037/425/3 1036/426/6
f 178/424/3 336/427/3 1037/425/3
f 179/428/3 671/429/3 1038/430/3
f 106/431/3 1040/432/6 1039/433/6
f 106/431/3 334/434/3 1040/432/6
f 178/424/3 1036/426/6 1041/435/6
f 121/436/3 1042/437/3 800/438/3
f 121/436/3 331/439/6 1042/437/3
f 148/440/6 782/441/6 1043/442/6
f 175/443/3 1045/444/6 1044/445/3
f 175/443/3 328/446/3 1045/444/6
f 176/447/3 683/448/6 1046/449/6
f 107/421/3 1047/450/3 1035/422/3
f 107/421/3 326/451/3 1047/450/3
f 175/443/3 1044/445/3 1048/452/3
f 118/453/4 1049/454/4 763/455/4
f 118/453/4 323/456/4 1049/454/4
f 151/457/4 1051/458/4 1050/459/4
f 172/460/4 1053/461/4 1052/462/4
f 172/460/4 321/463/5 1053/461/4
f 173/464/4 696/465/4 1054/466/5
f 150/467/4 1056/468/4 1055/469/4
f 150/467/4 319/470/4 1056/468/4
f 172/460/4 1052/462/4 1057/471/4
f 115/472/4 1058/473/4 726/474/4
f 115/472/4 316/475/4 1058/473/4
f 139/476/4 1000/477/4 1059/478/4
f 169/479/4 1061/480/4 1060/481/4
f 169/479/4 313/482/4 1061/480/4
f 170/483/4 708/484/4 1062/485/4
f 151/457/4 1063/486/4 1051/458/4
f 151/457/4 311/487/5 1063/486/4
f 169/479/4 1060/481/4 1064/488/5
f 167/489/4 1066/490/4 1065/491/4
f 167/489/4 308/492/4 1066/490/4
f 155/493/4 979/494/4 1067/495/4
f 166/496/4 1069/497/4 1068/498/4
f 166/496/4 306/499/4 1069/497/4
f 167/489/4 1065/491/4 1070/500/4
f 91/501/3 1072/502/3 1071/503/6
f 91/501/3 303/504/3 1072/502/3
f 164/505/3 760/506/3 1073/507/3
f 90/508/3 1075/509/6 1074/510/6
f 90/508/3 301/511/3 1075/509/6
f 91/501/3 1071/503/6 1076/512/6
f 87/489/2 1078/490/2 1077/491/2
f 87/489/2 298/492/2 1078/490/2
f 160/493/2 833/494/2 1079/495/2
f 86/496/2 1081/497/2 1080/498/2
f 86/496/2 296/499/2 1081/497/2
f 87/489/2 1077/491/2 1082/500/2
f 154/501/1 1084/502/1 1083/503/1
f 154/501/1 293/504/1 1084/502/1
f 156/505/1 906/506/1 1085/507/1
f 153/508/1 1087/509/1 1086/510/1
f 153/508/1 291/511/1 1087/509/1
f 154/501/1 1083/503/1 1088/512/1
f 1088/512/1 617/141/1 287/140/1
f 1088/512/1 1083/503/1 617/141/1
f 1083/503/1 42/117/1 617/141/1
f 1087/509/1 1088/512/1 287/140/1
f 1087/509/1 291/511/1 1088/512/1
f 291/511/1 154/501/1 1088/512/1
f 1086/510/1 605/127/1 41/124/1
f 1086/510/1 1087/509/1 605/127/1
f 1087/509/1 287/140/1 605/127/1
f 1085/507/1 630/160/1 284/159/1
f 1085/507/1 906/506/1 630/160/1
f 906/506/1 44/121/1 630/160/1
f 1084/502/1 1085/507/1 284/159/1
f 1084/502/1 293/504/1 1085/507/1
f 293/504/1 156/505/1 1085/507/1
f 1083/503/1 597/120/1 42/117/1
f 1083/503/1 1084/502/1 597/120/1
f 1084/502/1 284/159/1 597/120/1
f 1082/500/2 642/177/2 281/176/2
f 1082/500/2 1077/491/2 642/177/2
f 1077/491/2 31/105/2 642/177/2
f 1081/497/2 1082/500/2 281/176/2
f 1081/497/2 296/499/2 1082/500/2
f 296/499/2 87/489/2 1082/500/2
f 1080/498/2 590/115/2 30/112/2
f 1080/498/2 1081/497/2 590/115/2
f 1081/497/2 281/176/2 590/115/2
f 1079/495/2 655/196/2 278/195/2
f 1079/495/2 833/494/2 655/196/2
f 833/494/2 48/109/2 655/196/2
f 1078/490/2 1079/495/2 278/195/2
f 1078/490/2 298/492/2 1079/495/2
f 298/492/2 160/493/2 1079/495/2
f 1077/491/2 582/108/2 31/105/2
f 1077/491/2 1078/490/2 582/108/2
f 1078/490/2 278/195/2 582/108/2
f 1076/512/6 667/141/3 275/140/3
f 1076/512/6 1071/503/6 667/141/3
f 1071/503/6 35/117/3 667/141/3
f 1075/509/6 1076/512/6 275/140/3
f 1075/509/6 301/511/3 1076/512/6
f 301/511/3 91/501/3 1076/512/6
f 1074/510/6 575/127/3 34/124/3
f 1074/510/6 1075/509/6 575/127/3
f 1075/509/6 275/140/3 575/127/3
f 1073/507/3 680/160/3 272/159/3
f 1073/507/3 760/506/3 680/160/3
f 760/506/3 52/121/3 680/160/3
f 1072/502/3 1073/507/3 272/159/3
f 1072/502/3 303/504/3 1073/507/3
f 303/504/3 164/505/3 1073/507/3
f 1071/503/6 567/120/6 35/117/3
f 1071/503/6 1072/502/3 567/120/6
f 1072/502/3 272/159/3 567/120/6
f 1070/500/4 692/177/4 269/176/4
f 1070/500/4 1065/491/4 692/177/4
f 1065/491/4 55/105/4 692/177/4
f 1069/497/4 1070/500/4 269/176/4
f 1069/497/4 306/499/4 1070/500/4
f 306/499/4 167/489/4 1070/500/4
f 1068/498/4 560/115/4 54/112/4
f 1068/498/4 1069/497/4 560/115/4
f 1069/497/4 269/176/4 560/115/4
f 1067/495/4 705/196/4 266/195/4
f 1067/495/4 979/494/4 705/196/4
f 979/494/4 43/109/4 705/196/4
f 1066/490/4 1067/495/4 266/195/4
f 1066/490/4 308/492/4 1067/495/4
f 308/492/4 155/493/4 1067/495/4
f 1065/491/4 552/108/4 55/105/4
f 1065/491/4 1066/490/4 552/108/4
f 1066/490/4 266/195/4 552/108/4
f 1064/488/5 718/213/5 263/212/4
f 1064/488/5 1060/481/4 718/213/5
f 1060/481/4 57/95/4 718/213/5
f 1063/486/4 1064/488/5 263/212/4
f 1063/486/4 311/487/5 1064/488/5
f 311/487/5 169/479/4 1064/488/5
f 1051/458/4 545/103/4 39/73/4
f 1051/458/4 1063/486/4 545/103/4
f 1063/486/4 263/212/4 545/103/4
f 1062/485/4 731/232/4 260/231/4
f 1062/485/4 708/484/4 731/232/4
f 708/484/4 58/99/4 731/232/4
f 1061/480/4 1062/485/4 260/231/4
f 1061/480/4 313/482/4 1062/485/4
f 313/482/4 170/483/4 1062/485/4
f 1060/481/4 538/98/4 57/95/4
f 1060/481/4 1061/480/4 538/98/4
f 1061/480/4 260/231/4 538/98/4
f 1059/478/4 744/249/4 257/248/4
f 1059/478/4 1000/477/4 744/249/4
f 1000/477/4 27/92/4 744/249/4
f 1058/473/4 1059/478/4 257/248/4
f 1058/473/4 316/475/4 1059/478/4
f 316/475/4 139/476/4 1059/478/4
f 726/474/4 530/91/4 59/88/4
f 726/474/4 1058/473/4 530/91/4
f 1058/473/4 257/248/4 530/91/4
f 1057/471/4 756/268/4 254/267/4
f 1057/471/4 1052/462/4 756/268/4
f 1052/462/4 60/76/4 756/268/4
f 1056/468/4 1057/471/4 254/267/4
f 1056/468/4 319/470/4 1057/471/4
f 319/470/4 172/460/4 1057/471/4
f 1055/469/4 523/86/4 38/83/4
f 1055/469/4 1056/468/4 523/86/4
f 1056/468/4 254/267/4 523/86/4
f 1054/466/5 768/287/5 251/286/4
f 1054/466/5 696/465/4 768/287/5
f 696/465/4 61/80/4 768/287/5
f 1053/461/4 1054/466/5 251/286/4
f 1053/461/4 321/463/5 1054/466/5
f 321/463/5 173/464/4 1054/466/5
f 1052/462/4 515/79/4 60/76/4
f 1052/462/4 1053/461/4 515/79/4
f 1053/461/4 251/286/4 515/79/4
f 1050/459/4 779/302/4 248/301/4
f 1050/459/4 1051/458/4 779/302/4
f 1051/458/4 39/73/4 779/302/4
f 1049/454/4 1050/459/4 248/301/4
f 1049/454/4 323/456/4 1050/459/4
f 323/456/4 151/457/4 1050/459/4
f 763/455/4 507/72/4 62/69/4
f 763/455/4 1049/454/4 507/72/4
f 1049/454/4 248/301/4 507/72/4
f 1048/452/3 792/321/3 245/320/3
f 1048/452/3 1044/445/3 792/321/3
f 1044/445/3 63/59/3 792/321/3
f 1047/450/3 1048/452/3 245/320/3
f 1047/450/3 326/451/3 1048/452/3
f 326/451/3 175/443/3 1048/452/3
f 1035/422/3 500/67/3 51/37/3
f 1035/422/3 1047/450/3 500/67/3
f 1047/450/3 245/320/3 500/67/3
f 1046/449/6 805/340/3 242/339/3
f 1046/449/6 683/448/6 805/340/3
f 683/448/6 64/63/3 805/340/3
f 1045/444/6 1046/449/6 242/339/3
f 1045/444/6 328/446/3 1046/449/6
f 328/446/3 176/447/3 1046/449/6
f 1044/445/3 493/62/6 63/59/3
f 1044/445/3 1045/444/6 493/62/6
f 1045/444/6 242/339/3 493/62/6
f 1043/442/6 817/357/6 239/356/3
f 1043/442/6 782/441/6 817/357/6
f 782/441/6 36/56/6 817/357/6
f 1042/437/3 1043/442/6 239/356/3
f 1042/437/3 331/439/6 1043/442/6
f 331/439/6 148/440/6 1043/442/6
f 800/438/3 485/55/3 65/52/3
f 800/438/3 1042/437/3 485/55/3
f 1042/437/3 239/356/3 485/55/3
f 1041/435/6 829/376/3 236/375/3
f 1041/435/6 1036/426/6 829/376/3
f 1036/426/6 66/40/3 829/376/3
f 1040/432/6 1041/435/6 236/375/3
f 1040/432/6 334/434/3 1041/435/6
f 334/434/3 178/424/3 1041/435/6
f 1039/433/6 478/50/3 50/47/3
f 1039/433/6 1040/432/6 478/50/3
f 1040/432/6 236/375/3 478/50/3
f 1038/430/3 841/395/3 233/394/3
f 1038/430/3 671/429/3 841/395/3
f 671/429/3 67/44/3 841/395/3
f 1037/425/3 1038/430/3 233/394/3
f 1037/425/3 336/427/3 1038/430/3
f 336/427/3 179/428/3 1038/430/3
f 1036/426/6 470/43/6 66/40/3
f 1036/426/6 1037/425/3 470/43/6
f 1037/425/3 233/394/3 470/43/6
f 1034/423/3 852/410/3 230/409/3
f 1034/423/3 1035/422/3 852/410/3
f 1035/422/3 51/37/3 852/410/3
f 1033/418/3 1034/423/3 230/409/3
f 1033/418/3 338/420/3 1034/423/3
f 338/420/3 107/421/3 1034/423/3
f 836/419/6 462/36/6 68/33/3
f 836/419/6 1033/418/3 462/36/6
f 1033/418/3 230/409/3 462/36/6
f 1032/488/7 865/213/7 227/212/2
f 1032/488/7 1028/481/2 865/213/7
f 1028/481/2 69/95/2 865/213/7
f 1031/486/2 1032/488/7 227/212/2
f 1031/486/2 341/487/7 1032/488/7
f 341/487/7 181/479/2 1032/488/7
f 1019/458/2 455/103/2 47/73/2
f 1019/458/2 1031/486/2 455/103/2
f 1031/486/2 227/212/2 455/103/2
f 1030/485/2 878/232/2 224/231/2
f 1030/485/2 658/484/2 878/232/2
f 658/484/2 70/99/2 878/232/2
f 1029/480/2 1030/485/2 224/231/2
f 1029/480/2 343/482/2 1030/485/2
f 343/482/2 182/483/2 1030/485/2
f 1028/481/2 448/98/2 69/95/2
f 1028/481/2 1029/480/2 448/98/2
f 1029/480/2 224/231/2 448/98/2
f 1027/478/2 890/249/2 221/248/2
f 1027/478/2 855/477/2 890/249/2
f 855/477/2 32/92/2 890/249/2
f 1026/473/2 1027/478/2 221/248/2
f 1026/473/2 346/475/2 1027/478/2
f 346/475/2 144/476/2 1027/478/2
f 873/474/2 440/91/2 71/88/2
f 873/474/2 1026/473/2 440/91/2
f 1026/473/2 221/248/2 440/91/2
f 1025/471/2 902/268/2 218/267/2
f 1025/471/2 1020/462/2 902/268/2
f 1020/462/2 72/76/2 902/268/2
f 1024/468/2 1025/471/2 218/267/2
f 1024/468/2 349/470/2 1025/471/2
f 349/470/2 184/460/2 1025/471/2
f 1023/469/2 433/86/2 46/83/2
f 1023/469/2 1024/468/2 433/86/2
f 1024/468/2 218/267/2 433/86/2
f 1022/466/7 914/287/7 215/286/2
f 1022/466/7 646/465/2 914/287/7
f 646/465/2 73/80/2 914/287/7
f 1021/461/2 1022/466/7 215/286/2
f 1021/461/2 351/463/7 1022/466/7
f 351/463/7 185/464/2 1022/466/7
f 1020/462/2 425/79/2 72/76/2
f 1020/462/2 1021/461/2 425/79/2
f 1021/461/2 215/286/2 425/79/2
f 1018/459/2 925/302/2 212/301/2
f 1018/459/2 1019/458/2 925/302/2
f 1019/458/2 47/73/2 925/302/2
f 1017/454/2 1018/459/2 212/301/2
f 1017/454/2 353/456/2 1018/459/2
f 353/456/2 103/457/2 1018/459/2
f 909/455/2 417/72/2 74/69/2
f 909/455/2 1017/454/2 417/72/2
f 1017/454/2 212/301/2 417/72/2
f 1016/452/1 938/321/1 209/320/1
f 1016/452/1 1012/445/1 938/321/1
f 1012/445/1 75/59/1 938/321/1
f 1015/450/1 1016/452/1 209/320/1
f 1015/450/1 356/451/1 1016/452/1
f 356/451/1 187/443/1 1016/452/1
f 1003/422/1 410/67/8 26/37/1
f 1003/422/1 1015/450/1 410/67/8
f 1015/450/1 209/320/1 410/67/8
f 1014/449/1 951/340/1 206/339/1
f 1014/449/1 633/448/1 951/340/1
f 633/448/1 76/63/1 951/340/1
f 1013/444/1 1014/449/1 206/339/1
f 1013/444/1 358/446/1 1014/449/1
f 358/446/1 188/447/1 1014/449/1
f 1012/445/1 403/62/1 75/59/1
f 1012/445/1 1013/444/1 403/62/1
f 1013/444/1 206/339/1 403/62/1
f 1011/442/1 963/357/1 203/356/1
f 1011/442/1 928/441/1 963/357/1
f 928/441/1 28/56/1 963/357/1
f 1010/437/1 1011/442/1 203/356/1
f 1010/437/1 361/439/1 1011/442/1
f 361/439/1 140/440/1 1011/442/1
f 946/438/1 395/55/1 77/52/1
f 946/438/1 1010/437/1 395/55/1
f 1010/437/1 203/356/1 395/55/1
f 1009/435/1 975/376/1 200/375/1
f 1009/435/1 1004/426/1 975/376/1
f 1004/426/1 78/40/1 975/376/1
f 1008/432/1 1009/435/1 200/375/1
f 1008/432/1 364/434/1 1009/435/1
f 364/434/1 190/424/1 1009/435/1
f 1007/433/8 388/50/1 25/47/1
f 1007/433/8 1008/432/1 388/50/1
f 1008/432/1 200/375/1 388/50/1
f 1006/430/1 987/395/1 197/394/1
f 1006/430/1 621/429/1 987/395/1
f 621/429/1 79/44/1 987/395/1
f 1005/425/1 1006/430/1 197/394/1
f 1005/425/1 366/427/8 1006/430/1
f 366/427/8 191/428/1 1006/430/1
f 1004/426/1 380/43/1 78/40/1
f 1004/426/1 1005/425/1 380/43/1
f 1005/425/1 197/394/1 380/43/1
f 1002/423/1 997/410/1 194/409/1
f 1002/423/1 1003/422/1 997/410/1
f 1003/422/1 26/37/1 997/410/1
f 1001/418/1 1002/423/1 194/409/1
f 1001/418/1 368/420/1 1002/423/1
f 368/420/1 138/421/1 1002/423/1
f 982/419/1 372/36/1 80/33/1
f 982/419/1 1001/418/1 372/36/1
f 1001/418/1 194/409/1 372/36/1
f 999/416/1 1000/513/1 139/514/1
f 999/416/1 994/407/1 1000/513/1
f 994/407/1 27/515/1 1000/513/1
f 998/413/1 999/416/1 139/514/1
f 998/413/1 371/415/1 999/416/1
f 371/415/1 193/405/1 999/416/1
f 989/414/1 315/516/1 11/517/1
f 989/414/1 998/413/1 315/516/1
f 998/413/1 139/514/1 315/516/1
f 996/411/1 374/39/1 195/400/1
f 996/411/1 997/410/1 374/39/1
f 997/410/1 26/37/1 374/39/1
f 995/406/1 996/411/1 195/400/1
f 995/406/1 373/408/8 996/411/1
f 373/408/8 194/409/1 996/411/1
f 994/407/1 991/402/1 27/515/1
f 994/407/1 995/406/1 991/402/1
f 995/406/1 195/400/1 991/402/1
f 993/404/1 739/518/1 83/519/1
f 993/404/1 939/325/1 739/518/1
f 939/325/1 3/520/1 739/518/1
f 992/401/1 993/404/1 83/519/1
f 992/401/1 376/403/1 993/404/1
f 376/403/1 82/323/1 993/404/1
f 991/402/1 533/521/1 27/515/1
f 991/402/1 992/401/1 533/521/1
f 992/401/1 83/519/1 533/521/1
f 990/399/1 369/35/1 192/412/1
f 990/399/1 984/392/1 369/35/1
f 984/392/1 80/33/1 369/35/1
f 988/397/1 990/399/1 192/412/1
f 988/397/1 379/398/1 990/399/1
f 379/398/1 196/390/1 990/399/1
f 971/369/1 989/414/1 11/517/1
f 971/369/1 988/397/1 989/414/1
f 988/397/1 192/412/1 989/414/1
f 986/396/1 382/46/1 198/383/1
f 986/396/1 987/395/1 382/46/1
f 987/395/1 79/44/1 382/46/1
f 985/391/1 986/396/1 198/383/1
f 985/391/1 381/393/1 986/396/1
f 381/393/1 197/394/1 986/396/1
f 984/392/1 980/385/1 80/33/1
f 984/392/1 985/391/1 980/385/1
f 985/391/1 198/383/1 980/385/1
f 983/389/1 367/32/1 136/417/1
f 983/389/1 613/388/1 367/32/1
f 613/388/1 10/21/1 367/32/1
f 981/384/1 983/389/1 136/417/1
f 981/384/1 384/386/1 983/389/1
f 384/386/1 135/387/1 983/389/1
f 980/385/1 982/419/1 80/33/1
f 980/385/1 981/384/1 982/419/1
f 981/384/1 136/417/1 982/419/1
f 978/382/1 979/522/1 155/523/1
f 978/382/1 972/373/1 979/522/1
f 972/373/1 43/524/1 979/522/1
f 977/379/1 978/382/1 155/523/1
f 977/379/1 387/381/1 978/382/1
f 387/381/1 199/371/1 978/382/1
f 976/380/1 307/525/1 2/526/1
f 976/380/1 977/379/1 307/525/1
f 977/379/1 155/523/1 307/525/1
f 974/377/1 390/51/1 201/364/1
f 974/377/1 975/376/1 390/51/1
f 975/376/1 78/40/1 390/51/1
f 973/372/1 974/377/1 201/364/1
f 973/372/1 389/374/1 974/377/1
f 389/374/1 200/375/1 974/377/1
f 972/373/1 968/366/1 43/524/1
f 972/373/1 973/372/1 968/366/1
f 973/372/1 201/364/1 968/366/1
f 970/370/1 700/527/1 99/528/1
f 970/370/1 971/369/1 700/527/1
f 971/369/1 11/517/1 700/527/1
f 969/365/1 970/370/1 99/528/1
f 969/365/1 391/367/1 970/370/1
f 391/367/1 134/368/1 970/370/1
f 968/366/1 555/529/1 43/524/1
f 968/366/1 969/365/1 555/529/1
f 969/365/1 99/528/1 555/529/1
f 966/363/1 967/530/8 141/531/1
f 966/363/1 960/354/1 967/530/8
f 960/354/1 29/532/1 967/530/8
f 964/360/1 966/363/1 141/531/1
f 964/360/1 394/362/1 966/363/1
f 394/362/1 202/352/1 966/363/1
f 953/361/1 965/533/1 13/534/1
f 953/361/1 964/360/1 965/533/1
f 964/360/1 141/531/1 965/533/1
f 962/358/1 397/58/1 204/345/1
f 962/358/1 963/357/1 397/58/1
f 963/357/1 28/56/1 397/58/1
f 961/353/1 962/358/1 204/345/1
f 961/353/1 396/355/1 962/358/1
f 396/355/1 203/356/1 962/358/1
f 960/354/1 955/347/1 29/532/1
f 960/354/1 961/353/1 955/347/1
f 961/353/1 204/345/1 955/347/1
f 958/351/1 959/535/1 85/536/1
f 958/351/1 921/350/1 959/535/1
f 921/350/1 4/537/1 959/535/1
f 956/346/1 958/351/1 85/536/1
f 956/346/1 399/348/1 958/351/1
f 399/348/1 84/349/1 958/351/1
f 955/347/1 957/538/1 29/532/1
f 955/347/1 956/346/1 957/538/1
f 956/346/1 85/536/1 957/538/1
f 954/344/1 392/54/1 189/359/1
f 954/344/1 948/337/1 392/54/1
f 948/337/1 77/52/1 392/54/1
f 952/342/8 954/344/1 189/359/1
f 952/342/8 402/343/1 954/344/1
f 402/343/1 205/335/1 954/344/1
f 933/314/1 953/361/1 13/534/1
f 933/314/1 952/342/8 953/361/1
f 952/342/8 189/359/1 953/361/1
f 950/341/1 405/65/1 207/328/1
f 950/341/1 951/340/1 405/65/1
f 951/340/1 76/63/1 405/65/1
f 949/336/1 950/341/1 207/328/1
f 949/336/1 404/338/1 950/341/1
f 404/338/1 206/339/1 950/341/1
f 948/337/1 944/330/1 77/52/1
f 948/337/1 949/336/1 944/330/1
f 949/336/1 207/328/1 944/330/1
f 947/334/1 359/27/1 133/436/1
f 947/334/1 626/333/1 359/27/1
f 626/333/1 12/25/1 359/27/1
f 945/329/1 947/334/1 133/436/1
f 945/329/1 407/331/1 947/334/1
f 407/331/1 132/332/1 947/334/1
f 944/330/1 946/438/1 77/52/1
f 944/330/1 945/329/1 946/438/1
f 945/329/1 133/436/1 946/438/1
f 942/327/1 943/539/1 157/540/1
f 942/327/1 935/318/1 943/539/1
f 935/318/1 45/541/1 943/539/1
f 940/324/1 942/327/1 157/540/1
f 940/324/1 409/326/1 942/327/1
f 409/326/1 208/316/1 942/327/1
f 939/325/1 941/542/1 3/520/1
f 939/325/1 940/324/1 941/542/1
f 940/324/1 157/540/1 941/542/1
f 937/322/1 412/68/1 210/309/1
f 937/322/1 938/321/1 412/68/1
f 938/321/1 75/59/1 412/68/1
f 936/317/1 937/322/1 210/309/1
f 936/317/1 411/319/1 937/322/1
f 411/319/1 209/320/1 937/322/1
f 935/318/1 929/311/1 45/541/1
f 935/318/1 936/317/1 929/311/1
f 936/317/1 210/309/1 929/311/1
f 932/315/1 934/543/1 101/544/1
f 932/315/1 933/314/1 934/543/1
f 933/314/1 13/534/1 934/543/1
f 930/310/1 932/315/1 101/544/1
f 930/310/1 413/312/1 932/315/1
f 413/312/1 131/313/1 932/315/1
f 929/311/1 931/545/1 45/541/1
f 929/311/1 930/310/1 931/545/1
f 930/310/1 101/544/1 931/545/1
f 927/308/2 928/513/2 140/514/2
f 927/308/2 922/299/2 928/513/2
f 922/299/2 28/515/2 928/513/2
f 926/305/2 927/308/2 140/514/2
f 926/305/2 416/307/2 927/308/2
f 416/307/2 211/297/2 927/308/2
f 916/306/2 360/516/2 12/517/2
f 916/306/2 926/305/2 360/516/2
f 926/305/2 140/514/2 360/516/2
f 924/303/2 419/75/2 213/292/2
f 924/303/2 925/302/2 419/75/2
f 925/302/2 47/73/2 419/75/2
f 923/298/2 924/303/2 213/292/2
f 923/298/2 418/300/2 924/303/2
f 418/300/2 212/301/2 924/303/2
f 922/299/2 918/294/2 28/515/2
f 922/299/2 923/298/2 918/294/2
f 923/298/2 213/292/2 918/294/2
f 920/296/2 921/518/2 84/519/2
f 920/296/2 866/217/2 921/518/2
f 866/217/2 4/520/2 921/518/2
f 919/293/2 920/296/2 84/519/2
f 919/293/2 421/295/2 920/296/2
f 421/295/2 159/215/2 920/296/2
f 918/294/2 398/521/2 28/515/2
f 918/294/2 919/293/2 398/521/2
f 919/293/2 84/519/2 398/521/2
f 917/291/2 414/71/2 186/304/2
f 917/291/2 911/284/2 414/71/2
f 911/284/2 74/69/2 414/71/2
f 915/289/2 917/291/2 186/304/2
f 915/289/2 424/290/2 917/291/2
f 424/290/2 214/282/2 917/291/2
f 898/261/2 916/306/2 12/517/2
f 898/261/2 915/289/2 916/306/2
f 915/289/2 186/304/2 916/306/2
f 913/288/2 427/82/7 216/275/2
f 913/288/2 914/287/7 427/82/7
f 914/287/7 73/80/2 427/82/7
f 912/283/2 913/288/2 216/275/2
f 912/283/2 426/285/2 913/288/2
f 426/285/2 215/286/2 913/288/2
f 911/284/2 907/277/2 74/69/2
f 911/284/2 912/283/2 907/277/2
f 912/283/2 216/275/2 907/277/2
f 910/281/7 352/20/7 130/453/2
f 910/281/7 638/280/2 352/20/7
f 638/280/2 15/9/2 352/20/7
f 908/276/2 910/281/7 130/453/2
f 908/276/2 429/278/7 910/281/7
f 429/278/7 129/279/2 910/281/7
f 907/277/2 909/455/2 74/69/2
f 907/277/2 908/276/2 909/455/2
f 908/276/2 130/453/2 909/455/2
f 905/274/2 906/522/2 156/523/2
f 905/274/2 899/265/2 906/522/2
f 899/265/2 44/524/2 906/522/2
f 904/271/2 905/274/2 156/523/2
f 904/271/2 432/273/2 905/274/2
f 432/273/2 217/263/2 905/274/2
f 903/272/2 292/525/2 1/526/2
f 903/272/2 904/271/2 292/525/2
f 904/271/2 156/523/2 292/525/2
f 901/269/2 435/87/2 219/256/2
f 901/269/2 902/268/2 435/87/2
f 902/268/2 72/76/2 435/87/2
f 900/264/2 901/269/2 219/256/2
f 900/264/2 434/266/2 901/269/2
f 434/266/2 218/267/2 901/269/2
f 899/265/2 895/258/2 44/524/2
f 899/265/2 900/264/2 895/258/2
f 900/264/2 219/256/2 895/258/2
f 897/262/2 625/527/2 100/528/2
f 897/262/2 898/261/2 625/527/2
f 898/261/2 12/517/2 625/527/2
f 896/257/2 897/262/2 100/528/2
f 896/257/2 436/259/2 897/262/2
f 436/259/2 128/260/2 897/262/2
f 895/258/2 600/529/2 44/524/2
f 895/258/2 896/257/2 600/529/2
f 896/257/2 100/528/2 600/529/2
f 893/255/2 894/546/2 145/547/2
f 893/255/2 887/246/2 894/546/2
f 887/246/2 33/548/2 894/546/2
f 891/252/2 893/255/2 145/547/2
f 891/252/2 439/254/2 893/255/2
f 439/254/2 220/244/2 893/255/2
f 880/253/2 892/549/2 17/550/2
f 880/253/2 891/252/2 892/549/2
f 891/252/2 145/547/2 892/549/2
f 889/250/2 442/94/2 222/237/2
f 889/250/2 890/249/2 442/94/2
f 890/249/2 32/92/2 442/94/2
f 888/245/2 889/250/2 222/237/2
f 888/245/2 441/247/2 889/250/2
f 441/247/2 221/248/2 889/250/2
f 887/246/2 882/239/2 33/548/2
f 887/246/2 888/245/2 882/239/2
f 888/245/2 222/237/2 882/239/2
f 885/243/2 886/551/2 89/552/2
f 885/243/2 848/242/2 886/551/2
f 848/242/2 6/553/2 886/551/2
f 883/238/2 885/243/2 89/552/2
f 883/238/2 444/240/2 885/243/2
f 444/240/2 88/241/2 885/243/2
f 882/239/2 884/554/2 33/548/2
f 882/239/2 883/238/2 884/554/2
f 883/238/2 89/552/2 884/554/2
f 881/236/2 437/90/2 183/251/2
f 881/236/2 875/229/2 437/90/2
f 875/229/2 71/88/2 437/90/2
f 879/234/2 881/236/2 183/251/2
f 879/234/2 447/235/2 881/236/2
f 447/235/2 223/227/2 881/236/2
f 860/206/2 880/253/2 17/550/2
f 860/206/2 879/234/2 880/253/2
f 879/234/2 183/251/2 880/253/2
f 877/233/2 450/101/2 225/220/2
f 877/233/2 878/232/2 450/101/2
f 878/232/2 70/99/2 450/101/2
f 876/228/2 877/233/2 225/220/2
f 876/228/2 449/230/2 877/233/2
f 449/230/2 224/231/2 877/233/2
f 875/229/2 871/222/2 71/88/2
f 875/229/2 876/228/2 871/222/2
f 876/228/2 225/220/2 871/222/2
f 874/226/2 344/15/2 127/472/2
f 874/226/2 651/225/2 344/15/2
f 651/225/2 16/13/2 344/15/2
f 872/221/2 874/226/2 127/472/2
f 872/221/2 452/223/2 874/226/2
f 452/223/2 126/224/2 874/226/2
f 871/222/2 873/474/2 71/88/2
f 871/222/2 872/221/2 873/474/2
f 872/221/2 127/472/2 873/474/2
f 869/219/2 870/555/2 161/556/2
f 869/219/2 862/210/2 870/555/2
f 862/210/2 49/557/2 870/555/2
f 867/216/2 869/219/2 161/556/2
f 867/216/2 454/218/2 869/219/2
f 454/218/2 226/208/2 869/219/2
f 866/217/2 868/558/2 4/520/2
f 866/217/2 867/216/2 868/558/2
f 867/216/2 161/556/2 868/558/2
f 864/214/2 457/104/7 228/201/2
f 864/214/2 865/213/7 457/104/7
f 865/213/7 69/95/2 457/104/7
f 863/209/2 864/214/2 228/201/2
f 863/209/2 456/211/2 864/214/2
f 456/211/2 227/212/2 864/214/2
f 862/210/2 856/203/2 49/557/2
f 862/210/2 863/209/2 856/203/2
f 863/209/2 228/201/2 856/203/2
f 859/207/7 861/559/7 105/560/2
f 859/207/7 860/206/2 861/559/7
f 860/206/2 17/550/2 861/559/7
f 857/202/2 859/207/7 105/560/2
f 857/202/2 458/204/7 859/207/7
f 458/204/7 125/205/2 859/207/7
f 856/203/2 858/561/2 49/557/2
f 856/203/2 857/202/2 858/561/2
f 857/202/2 105/560/2 858/561/2
f 854/416/3 855/513/3 144/514/3
f 854/416/3 849/407/3 855/513/3
f 849/407/3 32/515/3 855/513/3
f 853/413/3 854/416/3 144/514/3
f 853/413/3 461/415/3 854/416/3
f 461/415/3 229/405/3 854/416/3
f 843/414/3 345/516/3 16/517/3
f 843/414/3 853/413/3 345/516/3
f 853/413/3 144/514/3 345/516/3
f 851/411/6 464/39/6 231/400/3
f 851/411/6 852/410/3 464/39/6
f 852/410/3 51/37/3 464/39/6
f 850/406/3 851/411/6 231/400/3
f 850/406/3 463/408/6 851/411/6
f 463/408/6 230/409/3 851/411/6
f 849/407/3 845/402/3 32/515/3
f 849/407/3 850/406/3 845/402/3
f 850/406/3 231/400/3 845/402/3
f 847/404/3 848/518/3 88/519/3
f 847/404/3 793/325/3 848/518/3
f 793/325/3 6/520/3 848/518/3
f 846/401/3 847/404/3 88/519/3
f 846/401/3 466/403/3 847/404/3
f 466/403/3 163/323/3 847/404/3
f 845/402/3 443/521/3 32/515/3
f 845/402/3 846/401/3 443/521/3
f 846/401/3 88/519/3 443/521/3
f 844/399/3 459/35/3 180/412/3
f 844/399/3 838/392/3 459/35/3
f 838/392/3 68/33/3 459/35/3
f 842/397/3 844/399/3 180/412/3
f 842/397/3 469/398/3 844/399/3
f 469/398/3 232/390/3 844/399/3
f 825/369/3 843/414/3 16/517/3
f 825/369/3 842/397/3 843/414/3
f 842/397/3 180/412/3 843/414/3
f 840/396/3 472/46/3 234/383/3
f 840/396/3 841/395/3 472/46/3
f 841/395/3 67/44/3 472/46/3
f 839/391/6 840/396/3 234/383/3
f 839/391/6 471/393/6 840/396/3
f 471/393/6 233/394/3 840/396/3
f 838/392/3 834/385/6 68/33/3
f 838/392/3 839/391/6 834/385/6
f 839/391/6 234/383/3 834/385/6
f 837/389/3 337/32/3 124/417/3
f 837/389/3 663/388/3 337/32/3
f 663/388/3 19/21/3 337/32/3
f 835/384/3 837/389/3 124/417/3
f 835/384/3 474/386/3 837/389/3
f 474/386/3 123/387/3 837/389/3
f 834/385/6 836/419/6 68/33/3
f 834/385/6 835/384/3 836/419/6
f 835/384/3 124/417/3 836/419/6
f 832/382/3 833/522/3 160/523/3
f 832/382/3 826/373/3 833/522/3
f 826/373/3 48/524/3 833/522/3
f 831/379/3 832/382/3 160/523/3
f 831/379/3 477/381/3 832/382/3
f 477/381/3 235/371/3 832/382/3
f 830/380/3 297/525/3 5/526/3
f 830/380/3 831/379/3 297/525/3
f 831/379/3 160/523/3 297/525/3
f 828/377/3 480/51/3 237/364/3
f 828/377/3 829/376/3 480/51/3
f 829/376/3 66/40/3 480/51/3
f 827/372/3 828/377/3 237/364/3
f 827/372/3 479/374/3 828/377/3
f 479/374/3 236/375/3 828/377/3
f 826/373/3 822/366/3 48/524/3
f 826/373/3 827/372/3 822/366/3
f 827/372/3 237/364/3 822/366/3
f 824/370/3 650/527/3 104/528/3
f 824/370/3 825/369/3 650/527/3
f 825/369/3 16/517/3 650/527/3
f 823/365/3 824/370/3 104/528/3
f 823/365/3 481/367/3 824/370/3
f 481/367/3 122/368/3 824/370/3
f 822/366/3 585/529/3 48/524/3
f 822/366/3 823/365/3 585/529/3
f 823/365/3 104/528/3 585/529/3
f 820/363/3 821/530/3 149/531/3
f 820/363/3 814/354/3 821/530/3
f 814/354/3 37/532/3 821/530/3
f 818/360/3 820/363/3 149/531/3
f 818/360/3 484/362/3 820/363/3
f 484/362/3 238/352/3 820/363/3
f 807/361/3 819/533/3 21/534/3
f 807/361/3 818/360/3 819/533/3
f 818/360/3 149/531/3 819/533/3
f 816/358/6 487/58/3 240/345/3
f 816/358/6 817/357/6 487/58/3
f 817/357/6 36/56/6 487/58/3
f 815/353/6 816/358/6 240/345/3
f 815/353/6 486/355/3 816/358/6
f 486/355/3 239/356/3 816/358/6
f 814/354/3 809/347/6 37/532/3
f 814/354/3 815/353/6 809/347/6
f 815/353/6 240/345/3 809/347/6
f 812/351/3 813/535/3 93/536/3
f 812/351/3 775/350/3 813/535/3
f 775/350/3 8/537/3 813/535/3
f 810/346/3 812/351/3 93/536/3
f 810/346/3 489/348/3 812/351/3
f 489/348/3 92/349/3 812/351/3
f 809/347/6 811/538/6 37/532/3
f 809/347/6 810/346/3 811/538/6
f 810/346/3 93/536/3 811/538/6
f 808/344/3 482/54/3 177/359/3
f 808/344/3 802/337/3 482/54/3
f 802/337/3 65/52/3 482/54/3
f 806/342/3 808/344/3 177/359/3
f 806/342/3 492/343/3 808/344/3
f 492/343/3 241/335/3 808/344/3
f 787/314/3 807/361/3 21/534/3
f 787/314/3 806/342/3 807/361/3
f 806/342/3 177/359/3 807/361/3
f 804/341/3 495/65/3 243/328/3
f 804/341/3 805/340/3 495/65/3
f 805/340/3 64/63/3 495/65/3
f 803/336/3 804/341/3 243/328/3
f 803/336/3 494/338/3 804/341/3
f 494/338/3 242/339/3 804/341/3
f 802/337/3 798/330/3 65/52/3
f 802/337/3 803/336/3 798/330/3
f 803/336/3 243/328/3 798/330/3
f 801/334/3 329/27/6 121/436/3
f 801/334/3 676/333/6 329/27/6
f 676/333/6 20/25/6 329/27/6
f 799/329/3 801/334/3 121/436/3
f 799/329/3 497/331/3 801/334/3
f 497/331/3 120/332/3 801/334/3
f 798/330/3 800/438/3 65/52/3
f 798/330/3 799/329/3 800/438/3
f 799/329/3 121/436/3 800/438/3
f 796/327/3 797/539/3 165/540/3
f 796/327/3 789/318/3 797/539/3
f 789/318/3 53/541/3 797/539/3
f 794/324/6 796/327/3 165/540/3
f 794/324/6 499/326/6 796/327/3
f 499/326/6 244/316/3 796/327/3
f 793/325/6 795/542/6 6/520/6
f 793/325/6 794/324/6 795/542/6
f 794/324/6 165/540/3 795/542/6
f 791/322/3 502/68/3 246/309/3
f 791/322/3 792/321/3 502/68/3
f 792/321/3 63/59/3 502/68/3
f 790/317/3 791/322/3 246/309/3
f 790/317/3 501/319/3 791/322/3
f 501/319/3 245/320/3 791/322/3
f 789/318/3 783/311/3 53/541/3
f 789/318/3 790/317/3 783/311/3
f 790/317/3 246/309/3 783/311/3
f 786/315/6 788/543/6 109/544/3
f 786/315/6 787/314/3 788/543/6
f 787/314/3 21/534/3 788/543/6
f 784/310/3 786/315/6 109/544/3
f 784/310/3 503/312/6 786/315/6
f 503/312/6 119/313/3 786/315/6
f 783/311/3 785/545/3 53/541/3
f 783/311/3 784/310/3 785/545/3
f 784/310/3 109/544/3 785/545/3
f 781/308/4 782/513/4 148/514/4
f 781/308/4 776/299/4 782/513/4
f 776/299/4 36/515/4 782/513/4
f 780/305/4 781/308/4 148/514/4
f 780/305/4 506/307/4 781/308/4
f 506/307/4 247/297/4 781/308/4
f 770/306/4 330/516/4 20/517/4
f 770/306/4 780/305/4 330/516/4
f 780/305/4 148/514/4 330/516/4
f 778/303/4 509/75/4 249/292/4
f 778/303/4 779/302/4 509/75/4
f 779/302/4 39/73/4 509/75/4
f 777/298/4 778/303/4 249/292/4
f 777/298/4 508/300/4 778/303/4
f 508/300/4 248/301/4 778/303/4
f 776/299/4 772/294/4 36/515/4
f 776/299/4 777/298/4 772/294/4
f 777/298/4 249/292/4 772/294/4
f 774/296/4 775/518/4 92/519/4
f 774/296/4 719/217/4 775/518/4
f 719/217/4 8/520/4 775/518/4
f 773/293/4 774/296/4 92/519/4
f 773/293/4 511/295/4 774/296/4
f 511/295/4 95/215/4 774/296/4
f 772/294/4 488/521/4 36/515/4
f 772/294/4 773/293/4 488/521/4
f 773/293/4 92/519/4 488/521/4
f 771/291/4 504/71/4 174/304/4
f 771/291/4 765/284/4 504/71/4
f 765/284/4 62/69/4 504/71/4
f 769/289/4 771/291/4 174/304/4
f 769/289/4 514/290/4 771/291/4
f 514/290/4 250/282/4 771/291/4
f 752/261/4 770/306/4 20/517/4
f 752/261/4 769/289/4 770/306/4
f 769/289/4 174/304/4 770/306/4
f 767/288/4 517/82/5 252/275/4
f 767/288/4 768/287/5 517/82/5
f 768/287/5 61/80/4 517/82/5
f 766/283/4 767/288/4 252/275/4
f 766/283/4 516/285/4 767/288/4
f 516/285/4 251/286/4 767/288/4
f 765/284/4 761/277/4 62/69/4
f 765/284/4 766/283/4 761/277/4
f 766/283/4 252/275/4 761/277/4
f 764/281/5 322/20/5 118/453/4
f 764/281/5 688/280/4 322/20/5
f 688/280/4 23/9/4 322/20/5
f 762/276/4 764/281/5 118/453/4
f 762/276/4 519/278/5 764/281/5
f 519/278/5 117/279/4 764/281/5
f 761/277/4 763/455/4 62/69/4
f 761/277/4 762/276/4 763/455/4
f 762/276/4 118/453/4 763/455/4
f 759/274/4 760/522/4 164/523/4
f 759/274/4 753/265/4 760/522/4
f 753/265/4 52/524/4 760/522/4
f 758/271/4 759/274/4 164/523/4
f 758/271/4 522/273/4 759/274/4
f 522/273/4 253/263/4 759/274/4
f 757/272/4 302/525/4 7/526/4
f 757/272/4 758/271/4 302/525/4
f 758/271/4 164/523/4 302/525/4
f 755/269/4 525/87/4 255/256/4
f 755/269/4 756/268/4 525/87/4
f 756/268/4 60/76/4 525/87/4
f 754/264/4 755/269/4 255/256/4
f 754/264/4 524/266/4 755/269/4
f 524/266/4 254/267/4 755/269/4
f 753/265/4 749/258/4 52/524/4
f 753/265/4 754/264/4 749/258/4
f 754/264/4 255/256/4 749/258/4
f 751/262/4 675/527/4 108/528/4
f 751/262/4 752/261/4 675/527/4
f 752/261/4 20/517/4 675/527/4
f 750/257/4 751/262/4 108/528/4
f 750/257/4 526/259/4 751/262/4
f 526/259/4 116/260/4 751/262/4
f 749/258/4 570/529/4 52/524/4
f 749/258/4 750/257/4 570/529/4
f 750/257/4 108/528/4 570/529/4
f 747/255/4 748/546/4 112/547/4
f 747/255/4 741/246/4 748/546/4
f 741/246/4 56/548/4 748/546/4
f 745/252/4 747/255/4 112/547/4
f 745/252/4 529/254/4 747/255/4
f 529/254/4 256/244/4 747/255/4
f 733/253/4 746/549/4 24/550/4
f 733/253/4 745/252/4 746/549/4
f 745/252/4 112/547/4 746/549/4
f 743/250/4 532/94/4 258/237/4
f 743/250/4 744/249/4 532/94/4
f 744/249/4 27/92/4 532/94/4
f 742/245/4 743/250/4 258/237/4
f 742/245/4 531/247/4 743/250/4
f 531/247/4 257/248/4 743/250/4
f 741/246/4 735/239/4 56/548/4
f 741/246/4 742/245/4 735/239/4
f 742/245/4 258/237/4 735/239/4
f 738/243/4 740/551/4 168/552/4
f 738/243/4 739/242/4 740/551/4
f 739/242/4 3/553/4 740/551/4
f 736/238/4 738/243/4 168/552/4
f 736/238/4 534/240/4 738/243/4
f 534/240/4 83/241/4 738/243/4
f 735/239/4 737/554/4 56/548/4
f 735/239/4 736/238/4 737/554/4
f 736/238/4 168/552/4 737/554/4
f 734/236/4 527/90/4 171/251/4
f 734/236/4 728/229/4 527/90/4
f 728/229/4 59/88/4 527/90/4
f 732/234/4 734/236/4 171/251/4
f 732/234/4 537/235/4 734/236/4
f 537/235/4 259/227/4 734/236/4
f 713/206/4 733/253/4 24/550/4
f 713/206/4 732/234/4 733/253/4
f 732/234/4 171/251/4 733/253/4
f 730/233/4 540/101/4 261/220/4
f 730/233/4 731/232/4 540/101/4
f 731/232/4 58/99/4 540/101/4
f 729/228/4 730/233/4 261/220/4
f 729/228/4 539/230/4 730/233/4
f 539/230/4 260/231/4 730/233/4
f 728/229/4 724/222/4 59/88/4
f 728/229/4 729/228/4 724/222/4
f 729/228/4 261/220/4 724/222/4
f 727/226/4 314/15/4 115/472/4
f 727/226/4 701/225/4 314/15/4
f 701/225/4 11/13/4 314/15/4
f 725/221/4 727/226/4 115/472/4
f 725/221/4 542/223/4 727/226/4
f 542/223/4 114/224/4 727/226/4
f 724/222/4 726/474/4 59/88/4
f 724/222/4 725/221/4 726/474/4
f 725/221/4 115/472/4 726/474/4
f 722/219/4 723/555/4 96/556/4
f 722/219/4 715/210/4 723/555/4
f 715/210/4 40/557/4 723/555/4
f 720/216/4 722/219/4 96/556/4
f 720/216/4 544/218/4 722/219/4
f 544/218/4 262/208/4 722/219/4
f 719/217/4 721/558/4 8/520/4
f 719/217/4 720/216/4 721/558/4
f 720/216/4 96/556/4 721/558/4
f 717/214/4 547/104/5 264/201/4
f 717/214/4 718/213/5 547/104/5
f 718/213/5 57/95/4 547/104/5
f 716/209/4 717/214/4 264/201/4
f 716/209/4 546/211/4 717/214/4
f 546/211/4 263/212/4 717/214/4
f 715/210/4 709/203/4 40/557/4
f 715/210/4 716/209/4 709/203/4
f 716/209/4 264/201/4 709/203/4
f 712/207/5 714/559/5 152/560/4
f 712/207/5 713/206/4 714/559/5
f 713/206/4 24/550/4 714/559/5
f 710/202/4 712/207/5 152/560/4
f 710/202/4 548/204/5 712/207/5
f 548/204/5 113/205/4 712/207/5
f 709/203/4 711/561/4 40/557/4
f 709/203/4 710/202/4 711/561/4
f 710/202/4 152/560/4 711/561/4
f 707/200/4 708/484/4 170/483/4
f 707/200/4 702/193/4 708/484/4
f 702/193/4 58/99/4 708/484/4
f 706/198/4 707/200/4 170/483/4
f 706/198/4 551/199/4 707/200/4
f 551/199/4 265/191/4 707/200/4
f 687/170/4 312/12/4 23/9/4
f 687/170/4 706/198/4 312/12/4
f 706/198/4 170/483/4 312/12/4
f 704/197/4 554/111/4 267/184/4
f 704/197/4 705/196/4 554/111/4
f 705/196/4 43/109/4 554/111/4
f 703/192/4 704/197/4 267/184/4
f 703/192/4 553/194/4 704/197/4
f 553/194/4 266/195/4 704/197/4
f 702/193/4 697/186/4 58/99/4
f 702/193/4 703/192/4 697/186/4
f 703/192/4 267/184/4 697/186/4
f 699/190/4 701/225/4 114/224/4
f 699/190/4 700/189/4 701/225/4
f 700/189/4 11/13/4 701/225/4
f 698/185/4 699/190/4 114/224/4
f 698/185/4 556/187/4 699/190/4
f 556/187/4 99/188/4 699/190/4
f 697/186/4 541/100/4 58/99/4
f 697/186/4 698/185/4 541/100/4
f 698/185/4 114/224/4 541/100/4
f 695/183/4 696/465/4 173/464/4
f 695/183/4 689/174/4 696/465/4
f 689/174/4 61/80/4 696/465/4
f 694/180/4 695/183/4 173/464/4
f 694/180/4 559/182/4 695/183/4
f 559/182/4 268/172/4 695/183/4
f 693/181/4 320/19/4 22/16/4
f 693/181/4 694/180/4 320/19/4
f 694/180/4 173/464/4 320/19/4
f 691/178/4 562/116/4 270/165/4
f 691/178/4 692/177/4 562/116/4
f 692/177/4 55/105/4 562/116/4
f 690/173/4 691/178/4 270/165/4
f 690/173/4 561/175/4 691/178/4
f 561/175/4 269/176/4 691/178/4
f 689/174/4 684/167/4 61/80/4
f 689/174/4 690/173/4 684/167/4
f 690/173/4 270/165/4 684/167/4
f 686/171/4 688/280/4 117/279/4
f 686/171/4 687/170/4 688/280/4
f 687/170/4 23/9/4 688/280/4
f 685/166/4 686/171/4 117/279/4
f 685/166/4 563/168/4 686/171/4
f 563/168/4 111/169/4 686/171/4
f 684/167/4 518/81/4 61/80/4
f 684/167/4 685/166/4 518/81/4
f 685/166/4 117/279/4 518/81/4
f 682/164/6 683/448/6 176/447/3
f 682/164/6 677/157/3 683/448/6
f 677/157/3 64/63/3 683/448/6
f 681/162/3 682/164/6 176/447/3
f 681/162/3 566/163/6 682/164/6
f 566/163/6 271/155/3 682/164/6
f 662/134/3 327/24/3 19/21/3
f 662/134/3 681/162/3 327/24/3
f 681/162/3 176/447/3 327/24/3
f 679/161/3 569/123/3 273/148/3
f 679/161/3 680/160/3 569/123/3
f 680/160/3 52/121/3 569/123/3
f 678/156/3 679/161/3 273/148/3
f 678/156/3 568/158/3 679/161/3
f 568/158/3 272/159/3 679/161/3
f 677/157/3 672/150/3 64/63/3
f 677/157/3 678/156/3 672/150/3
f 678/156/3 273/148/3 672/150/3
f 674/154/3 676/333/6 120/332/3
f 674/154/3 675/153/6 676/333/6
f 675/153/6 20/25/6 676/333/6
f 673/149/3 674/154/3 120/332/3
f 673/149/3 571/151/3 674/154/3
f 571/151/3 108/152/3 674/154/3
f 672/150/3 496/64/3 64/63/3
f 672/150/3 673/149/3 496/64/3
f 673/149/3 120/332/3 496/64/3
f 670/147/3 671/429/3 179/428/3
f 670/147/3 664/138/3 671/429/3
f 664/138/3 67/44/3 671/429/3
f 669/144/3 670/147/3 179/428/3
f 669/144/3 574/146/3 670/147/3
f 574/146/3 274/136/3 670/147/3
f 668/145/3 335/31/3 18/28/3
f 668/145/3 669/144/3 335/31/3
f 669/144/3 179/428/3 335/31/3
f 666/142/3 577/128/3 276/129/3
f 666/142/3 667/141/3 577/128/3
f 667/141/3 35/117/3 577/128/3
f 665/137/3 666/142/3 276/129/3
f 665/137/3 576/139/3 666/142/3
f 576/139/3 275/140/3 666/142/3
f 664/138/3 659/131/3 67/44/3
f 664/138/3 665/137/3 659/131/3
f 665/137/3 276/129/3 659/131/3
f 661/135/3 663/388/3 123/387/3
f 661/135/3 662/134/3 663/388/3
f 662/134/3 19/21/3 663/388/3
f 660/130/3 661/135/3 123/387/3
f 660/130/3 578/132/3 661/135/3
f 578/132/3 147/133/3 661/135/3
f 659/131/3 473/45/3 67/44/3
f 659/131/3 660/130/3 473/45/3
f 660/130/3 123/387/3 473/45/3
f 657/200/2 658/484/2 182/483/2
f 657/200/2 652/193/2 658/484/2
f 652/193/2 70/99/2 658/484/2
f 656/198/2 657/200/2 182/483/2
f 656/198/2 581/199/2 657/200/2
f 581/199/2 277/191/2 657/200/2
f 637/170/2 342/12/2 15/9/2
f 637/170/2 656/198/2 342/12/2
f 656/198/2 182/483/2 342/12/2
f 654/197/2 584/111/2 279/184/2
f 654/197/2 655/196/2 584/111/2
f 655/196/2 48/109/2 584/111/2
f 653/192/2 654/197/2 279/184/2
f 653/192/2 583/194/2 654/197/2
f 583/194/2 278/195/2 654/197/2
f 652/193/2 647/186/2 70/99/2
f 652/193/2 653/192/2 647/186/2
f 653/192/2 279/184/2 647/186/2
f 649/190/2 651/225/2 126/224/2
f 649/190/2 650/189/2 651/225/2
f 650/189/2 16/13/2 651/225/2
f 648/185/2 649/190/2 126/224/2
f 648/185/2 586/187/2 649/190/2
f 586/187/2 104/188/2 649/190/2
f 647/186/2 451/100/2 70/99/2
f 647/186/2 648/185/2 451/100/2
f 648/185/2 126/224/2 451/100/2
f 645/183/2 646/465/2 185/464/2
f 645/183/2 639/174/2 646/465/2
f 639/174/2 73/80/2 646/465/2
f 644/180/2 645/183/2 185/464/2
f 644/180/2 589/182/2 645/183/2
f 589/182/2 280/172/2 645/183/2
f 643/181/2 350/19/2 14/16/2
f 643/181/2 644/180/2 350/19/2
f 644/180/2 185/464/2 350/19/2
f 641/178/2 592/116/2 282/165/2
f 641/178/2 642/177/2 592/116/2
f 642/177/2 31/105/2 592/116/2
f 640/173/2 641/178/2 282/165/2
f 640/173/2 591/175/2 641/178/2
f 591/175/2 281/176/2 641/178/2
f 639/174/2 634/167/2 73/80/2
f 639/174/2 640/173/2 634/167/2
f 640/173/2 282/165/2 634/167/2
f 636/171/2 638/280/2 129/279/2
f 636/171/2 637/170/2 638/280/2
f 637/170/2 15/9/2 638/280/2
f 635/166/2 636/171/2 129/279/2
f 635/166/2 593/168/2 636/171/2
f 593/168/2 143/169/2 636/171/2
f 634/167/2 428/81/2 73/80/2
f 634/167/2 635/166/2 428/81/2
f 635/166/2 129/279/2 428/81/2
f 632/164/1 633/448/1 188/447/1
f 632/164/1 627/157/1 633/448/1
f 627/157/1 76/63/1 633/448/1
f 631/162/1 632/164/1 188/447/1
f 631/162/1 596/163/1 632/164/1
f 596/163/1 283/155/1 632/164/1
f 612/134/1 357/24/1 10/21/1
f 612/134/1 631/162/1 357/24/1
f 631/162/1 188/447/1 357/24/1
f 629/161/1 599/123/1 285/148/1
f 629/161/1 630/160/1 599/123/1
f 630/160/1 44/121/1 599/123/1
f 628/156/8 629/161/1 285/148/1
f 628/156/8 598/158/1 629/161/1
f 598/158/1 284/159/1 629/161/1
f 627/157/1 622/150/1 76/63/1
f 627/157/1 628/156/8 622/150/1
f 628/156/8 285/148/1 622/150/1
f 624/154/1 626/333/1 132/332/1
f 624/154/1 625/153/1 626/333/1
f 625/153/1 12/25/1 626/333/1
f 623/149/1 624/154/1 132/332/1
f 623/149/1 601/151/1 624/154/1
f 601/151/1 100/152/1 624/154/1
f 622/150/1 406/64/1 76/63/1
f 622/150/1 623/149/1 406/64/1
f 623/149/1 132/332/1 406/64/1
f 620/147/1 621/429/1 191/428/1
f 620/147/1 614/138/1 621/429/1
f 614/138/1 79/44/1 621/429/1
f 619/144/1 620/147/1 191/428/1
f 619/144/1 604/146/1 620/147/1
f 604/146/1 286/136/1 620/147/1
f 618/145/1 365/31/1 9/28/1
f 618/145/1 619/144/1 365/31/1
f 619/144/1 191/428/1 365/31/1
f 616/142/1 607/128/8 288/129/1
f 616/142/1 617/141/1 607/128/8
f 617/141/1 42/117/1 607/128/8
f 615/137/1 616/142/1 288/129/1
f 615/137/1 606/139/1 616/142/1
f 606/139/1 287/140/1 616/142/1
f 614/138/1 609/131/1 79/44/1
f 614/138/1 615/137/1 609/131/1
f 615/137/1 288/129/1 609/131/1
f 611/135/1 613/388/1 135/387/1
f 611/135/1 612/134/1 613/388/1
f 612/134/1 10/21/1 613/388/1
f 610/130/1 611/135/1 135/387/1
f 610/130/1 608/132/1 611/135/1
f 608/132/1 98/133/1 611/135/1
f 609/131/1 383/45/1 79/44/1
f 609/131/1 610/130/1 383/45/1
f 610/130/1 135/387/1 383/45/1
f 607/128/8 608/132/1 288/129/1
f 607/128/8 594/119/1 608/132/1
f 594/119/1 98/133/1 608/132/1
f 603/125/1 606/139/1 286/136/1
f 603/125/1 605/127/1 606/139/1
f 605/127/1 287/140/1 606/139/1
f 602/126/1 604/146/1 97/143/1
f 602/126/1 603/125/1 604/146/1
f 603/125/1 286/136/1 604/146/1
f 599/123/1 601/151/1 285/148/1
f 599/123/1 600/122/1 601/151/1
f 600/122/1 100/152/1 601/151/1
f 595/118/1 598/158/1 283/155/1
f 595/118/1 597/120/1 598/158/1
f 597/120/1 284/159/1 598/158/1
f 594/119/1 596/163/1 98/133/1
f 594/119/1 595/118/1 596/163/1
f 595/118/1 283/155/1 596/163/1
f 592/116/2 593/168/2 282/165/2
f 592/116/2 579/107/2 593/168/2
f 579/107/2 143/169/2 593/168/2
f 588/113/2 591/175/2 280/172/2
f 588/113/2 590/115/2 591/175/2
f 590/115/2 281/176/2 591/175/2
f 587/114/2 589/182/2 142/179/2
f 587/114/2 588/113/2 589/182/2
f 588/113/2 280/172/2 589/182/2
f 584/111/2 586/187/2 279/184/2
f 584/111/2 585/110/2 586/187/2
f 585/110/2 104/188/2 586/187/2
f 580/106/2 583/194/2 277/191/2
f 580/106/2 582/108/2 583/194/2
f 582/108/2 278/195/2 583/194/2
f 579/107/2 581/199/2 143/169/2
f 579/107/2 580/106/2 581/199/2
f 580/106/2 277/191/2 581/199/2
f 577/128/3 578/132/3 276/129/3
f 577/128/3 564/119/3 578/132/3
f 564/119/3 147/133/3 578/132/3
f 573/125/3 576/139/3 274/136/3
f 573/125/3 575/127/3 576/139/3
f 575/127/3 275/140/3 576/139/3
f 572/126/3 574/146/3 146/143/3
f 572/126/3 573/125/3 574/146/3
f 573/125/3 274/136/3 574/146/3
f 569/123/3 571/151/3 273/148/3
f 569/123/3 570/122/3 571/151/3
f 570/122/3 108/152/3 571/151/3
f 565/118/6 568/158/3 271/155/3
f 565/118/6 567/120/6 568/158/3
f 567/120/6 272/159/3 568/158/3
f 564/119/3 566/163/6 147/133/3
f 564/119/3 565/118/6 566/163/6
f 565/118/6 271/155/3 566/163/6
f 562/116/4 563/168/4 270/165/4
f 562/116/4 549/107/4 563/168/4
f 549/107/4 111/169/4 563/168/4
f 558/113/4 561/175/4 268/172/4
f 558/113/4 560/115/4 561/175/4
f 560/115/4 269/176/4 561/175/4
f 557/114/4 559/182/4 110/179/4
f 557/114/4 558/113/4 559/182/4
f 558/113/4 268/172/4 559/182/4
f 554/111/4 556/187/4 267/184/4
f 554/111/4 555/110/4 556/187/4
f 555/110/4 99/188/4 556/187/4
f 550/106/4 553/194/4 265/191/4
f 550/106/4 552/108/4 553/194/4
f 552/108/4 266/195/4 553/194/4
f 549/107/4 551/199/4 111/169/4
f 549/107/4 550/106/4 551/199/4
f 550/106/4 265/191/4 551/199/4
f 547/104/5 548/204/5 264/201/4
f 547/104/5 535/97/4 548/204/5
f 535/97/4 113/205/4 548/204/5
f 543/102/4 546/211/4 262/208/4
f 543/102/4 545/103/4 546/211/4
f 545/103/4 263/212/4 546/211/4
f 510/74/4 544/218/4 95/215/4
f 510/74/4 543/102/4 544/218/4
f 543/102/4 262/208/4 544/218/4
f 540/101/4 542/223/4 261/220/4
f 540/101/4 541/100/4 542/223/4
f 541/100/4 114/224/4 542/223/4
f 536/96/4 539/230/4 259/227/4
f 536/96/4 538/98/4 539/230/4
f 538/98/4 260/231/4 539/230/4
f 535/97/4 537/235/4 113/205/4
f 535/97/4 536/96/4 537/235/4
f 536/96/4 259/227/4 537/235/4
f 532/94/4 534/240/4 258/237/4
f 532/94/4 533/93/4 534/240/4
f 533/93/4 83/241/4 534/240/4
f 528/89/4 531/247/4 256/244/4
f 528/89/4 530/91/4 531/247/4
f 530/91/4 257/248/4 531/247/4
f 527/90/4 529/254/4 171/251/4
f 527/90/4 528/89/4 529/254/4
f 528/89/4 256/244/4 529/254/4
f 525/87/4 526/259/4 255/256/4
f 525/87/4 512/78/4 526/259/4
f 512/78/4 116/260/4 526/259/4
f 521/84/4 524/266/4 253/263/4
f 521/84/4 523/86/4 524/266/4
f 523/86/4 254/267/4 524/266/4
f 520/85/4 522/273/4 94/270/4
f 520/85/4 521/84/4 522/273/4
f 521/84/4 253/263/4 522/273/4
f 517/82/5 519/278/5 252/275/4
f 517/82/5 518/81/4 519/278/5
f 518/81/4 117/279/4 519/278/5
f 513/77/4 516/285/4 250/282/4
f 513/77/4 515/79/4 516/285/4
f 515/79/4 251/286/4 516/285/4
f 512/78/4 514/290/4 116/260/4
f 512/78/4 513/77/4 514/290/4
f 513/77/4 250/282/4 514/290/4
f 509/75/4 511/295/4 249/292/4
f 509/75/4 510/74/4 511/295/4
f 510/74/4 95/215/4 511/295/4
f 505/70/4 508/300/4 247/297/4
f 505/70/4 507/72/4 508/300/4
f 507/72/4 248/301/4 508/300/4
f 504/71/4 506/307/4 174/304/4
f 504/71/4 505/70/4 506/307/4
f 505/70/4 247/297/4 506/307/4
f 502/68/3 503/312/6 246/309/3
f 502/68/3 490/61/6 503/312/6
f 490/61/6 119/313/3 503/312/6
f 498/66/3 501/319/3 244/316/3
f 498/66/3 500/67/3 501/319/3
f 500/67/3 245/320/3 501/319/3
f 465/38/6 499/326/6 163/323/3
f 465/38/6 498/66/3 499/326/6
f 498/66/3 244/316/3 499/326/6
f 495/65/3 497/331/3 243/328/3
f 495/65/3 496/64/3 497/331/3
f 496/64/3 120/332/3 497/331/3
f 491/60/6 494/338/3 241/335/3
f 491/60/6 493/62/6 494/338/3
f 493/62/6 242/339/3 494/338/3
f 490/61/6 492/343/3 119/313/3
f 490/61/6 491/60/6 492/343/3
f 491/60/6 241/335/3 492/343/3
f 487/58/3 489/348/3 240/345/3
f 487/58/3 488/57/3 489/348/3
f 488/57/3 92/349/3 489/348/3
f 483/53/3 486/355/3 238/352/3
f 483/53/3 485/55/3 486/355/3
f 485/55/3 239/356/3 486/355/3
f 482/54/3 484/362/3 177/359/3
f 482/54/3 483/53/3 484/362/3
f 483/53/3 238/352/3 484/362/3
f 480/51/3 481/367/3 237/364/3
f 480/51/3 467/42/3 481/367/3
f 467/42/3 122/368/3 481/367/3
f 476/48/3 479/374/3 235/371/3
f 476/48/3 478/50/3 479/374/3
f 478/50/3 236/375/3 479/374/3
f 475/49/3 477/381/3 162/378/3
f 475/49/3 476/48/3 477/381/3
f 476/48/3 235/371/3 477/381/3
f 472/46/3 474/386/3 234/383/3
f 472/46/3 473/45/3 474/386/3
f 473/45/3 123/387/3 474/386/3
f 468/41/3 471/393/6 232/390/3
f 468/41/3 470/43/6 471/393/6
f 470/43/6 233/394/3 471/393/6
f 467/42/3 469/398/3 122/368/3
f 467/42/3 468/41/3 469/398/3
f 468/41/3 232/390/3 469/398/3
f 464/39/6 466/403/3 231/400/3
f 464/39/6 465/38/6 466/403/3
f 465/38/6 163/323/3 466/403/3
f 460/34/3 463/408/6 229/405/3
f 460/34/3 462/36/6 463/408/6
f 462/36/6 230/409/3 463/408/6
f 459/35/3 461/415/3 180/412/3
f 459/35/3 460/34/3 461/415/3
f 460/34/3 229/405/3 461/415/3
f 457/104/7 458/204/7 228/201/2
f 457/104/7 445/97/2 458/204/7
f 445/97/2 125/205/2 458/204/7
f 453/102/2 456/211/2 226/208/2
f 453/102/2 455/103/2 456/211/2
f 455/103/2 227/212/2 456/211/2
f 420/74/2 454/218/2 159/215/2
f 420/74/2 453/102/2 454/218/2
f 453/102/2 226/208/2 454/218/2
f 450/101/2 452/223/2 225/220/2
f 450/101/2 451/100/2 452/223/2
f 451/100/2 126/224/2 452/223/2
f 446/96/2 449/230/2 223/227/2
f 446/96/2 448/98/2 449/230/2
f 448/98/2 224/231/2 449/230/2
f 445/97/2 447/235/2 125/205/2
f 445/97/2 446/96/2 447/235/2
f 446/96/2 223/227/2 447/235/2
f 442/94/2 444/240/2 222/237/2
f 442/94/2 443/93/2 444/240/2
f 443/93/2 88/241/2 444/240/2
f 438/89/2 441/247/2 220/244/2
f 438/89/2 440/91/2 441/247/2
f 440/91/2 221/248/2 441/247/2
f 437/90/2 439/254/2 183/251/2
f 437/90/2 438/89/2 439/254/2
f 438/89/2 220/244/2 439/254/2
f 435/87/2 436/259/2 219/256/2
f 435/87/2 422/78/2 436/259/2
f 422/78/2 128/260/2 436/259/2
f 431/84/2 434/266/2 217/263/2
f 431/84/2 433/86/2 434/266/2
f 433/86/2 218/267/2 434/266/2
f 430/85/2 432/273/2 158/270/2
f 430/85/2 431/84/2 432/273/2
f 431/84/2 217/263/2 432/273/2
f 427/82/7 429/278/7 216/275/2
f 427/82/7 428/81/2 429/278/7
f 428/81/2 129/279/2 429/278/7
f 423/77/2 426/285/2 214/282/2
f 423/77/2 425/79/2 426/285/2
f 425/79/2 215/286/2 426/285/2
f 422/78/2 424/290/2 128/260/2
f 422/78/2 423/77/2 424/290/2
f 423/77/2 214/282/2 424/290/2
f 419/75/2 421/295/2 213/292/2
f 419/75/2 420/74/2 421/295/2
f 420/74/2 159/215/2 421/295/2
f 415/70/2 418/300/2 211/297/2
f 415/70/2 417/72/2 418/300/2
f 417/72/2 212/301/2 418/300/2
f 414/71/2 416/307/2 186/304/2
f 414/71/2 415/70/2 416/307/2
f 415/70/2 211/297/2 416/307/2
f 412/68/1 413/312/1 210/309/1
f 412/68/1 400/61/1 413/312/1
f 400/61/1 131/313/1 413/312/1
f 408/66/1 411/319/1 208/316/1
f 408/66/1 410/67/8 411/319/1
f 410/67/8 209/320/1 411/319/1
f 375/38/1 409/326/1 82/323/1
f 375/38/1 408/66/1 409/326/1
f 408/66/1 208/316/1 409/326/1
f 405/65/1 407/331/1 207/328/1
f 405/65/1 406/64/1 407/331/1
f 406/64/1 132/332/1 407/331/1
f 401/60/1 404/338/1 205/335/1
f 401/60/1 403/62/1 404/338/1
f 403/62/1 206/339/1 404/338/1
f 400/61/1 402/343/1 131/313/1
f 400/61/1 401/60/1 402/343/1
f 401/60/1 205/335/1 402/343/1
f 397/58/1 399/348/1 204/345/1
f 397/58/1 398/57/1 399/348/1
f 398/57/1 84/349/1 399/348/1
f 393/53/1 396/355/1 202/352/1
f 393/53/1 395/55/1 396/355/1
f 395/55/1 203/356/1 396/355/1
f 392/54/1 394/362/1 189/359/1
f 392/54/1 393/53/1 394/362/1
f 393/53/1 202/352/1 394/362/1
f 390/51/1 391/367/1 201/364/1
f 390/51/1 377/42/1 391/367/1
f 377/42/1 134/368/1 391/367/1
f 386/48/1 389/374/1 199/371/1
f 386/48/1 388/50/1 389/374/1
f 388/50/1 200/375/1 389/374/1
f 385/49/1 387/381/1 81/378/1
f 385/49/1 386/48/1 387/381/1
f 386/48/1 199/371/1 387/381/1
f 382/46/1 384/386/1 198/383/1
f 382/46/1 383/45/1 384/386/1
f 383/45/1 135/387/1 384/386/1
f 378/41/1 381/393/1 196/390/1
f 378/41/1 380/43/1 381/393/1
f 380/43/1 197/394/1 381/393/1
f 377/42/1 379/398/1 134/368/1
f 377/42/1 378/41/1 379/398/1
f 378/41/1 196/390/1 379/398/1
f 374/39/1 376/403/1 195/400/1
f 374/39/1 375/38/1 376/403/1
f 375/38/1 82/323/1 376/403/1
f 370/34/1 373/408/8 193/405/1
f 370/34/1 372/36/1 373/408/8
f 372/36/1 194/409/1 373/408/8
f 369/35/1 371/415/1 192/412/1
f 369/35/1 370/34/1 371/415/1
f 370/34/1 193/405/1 371/415/1
f 367/32/1 368/420/1 136/417/1
f 367/32/1 354/23/1 368/420/1
f 354/23/1 138/421/1 368/420/1
f 363/29/1 366/427/8 190/424/1
f 363/29/1 365/31/1 366/427/8
f 365/31/1 191/428/1 366/427/8
f 362/30/1 364/434/1 137/431/1
f 362/30/1 363/29/1 364/434/1
f 363/29/1 190/424/1 364/434/1
f 359/27/1 361/439/1 133/436/1
f 359/27/1 360/26/1 361/439/1
f 360/26/1 140/440/1 361/439/1
f 355/22/1 358/446/1 187/443/1
f 355/22/1 357/24/1 358/446/1
f 357/24/1 188/447/1 358/446/1
f 354/23/1 356/451/1 138/421/1
f 354/23/1 355/22/1 356/451/1
f 355/22/1 187/443/1 356/451/1
f 352/20/7 353/456/2 130/453/2
f 352/20/7 339/11/7 353/456/2
f 339/11/7 103/457/2 353/456/2
f 348/17/7 351/463/7 184/460/2
f 348/17/7 350/19/2 351/463/7
f 350/19/2 185/464/2 351/463/7
f 347/18/7 349/470/2 102/467/2
f 347/18/7 348/17/7 349/470/2
f 348/17/7 184/460/2 349/470/2
f 344/15/2 346/475/2 127/472/2
f 344/15/2 345/14/2 346/475/2
f 345/14/2 144/476/2 346/475/2
f 340/10/2 343/482/2 181/479/2
f 340/10/2 342/12/2 343/482/2
f 342/12/2 182/483/2 343/482/2
f 339/11/7 341/487/7 103/457/2
f 339/11/7 340/10/2 341/487/7
f 340/10/2 181/479/2 341/487/7
f 337/32/3 338/420/3 124/417/3
f 337/32/3 324/23/3 338/420/3
f 324/23/3 107/421/3 338/420/3
f 333/29/3 336/427/3 178/424/3
f 333/29/3 335/31/3 336/427/3
f 335/31/3 179/428/3 336/427/3
f 332/30/3 334/434/3 106/431/3
f 332/30/3 333/29/3 334/434/3
f 333/29/3 178/424/3 334/434/3
f 329/27/6 331/439/6 121/436/3
f 329/27/6 330/26/6 331/439/6
f 330/26/6 148/440/6 331/439/6
f 325/22/3 328/446/3 175/443/3
f 325/22/3 327/24/3 328/446/3
f 327/24/3 176/447/3 328/446/3
f 324/23/3 326/451/3 107/421/3
f 324/23/3 325/22/3 326/451/3
f 325/22/3 175/443/3 326/451/3
f 322/20/5 323/456/4 118/453/4
f 322/20/5 309/11/5 323/456/4
f 309/11/5 151/457/4 323/456/4
f 318/17/5 321/463/5 172/460/4
f 318/17/5 320/19/4 321/463/5
f 320/19/4 173/464/4 321/463/5
f 317/18/5 319/470/4 150/467/4
f 317/18/5 318/17/5 319/470/4
f 318/17/5 172/460/4 319/470/4
f 314/15/4 316/475/4 115/472/4
f 314/15/4 315/14/4 316/475/4
f 315/14/4 139/476/4 316/475/4
f 310/10/4 313/482/4 169/479/4
f 310/10/4 312/12/4 313/482/4
f 312/12/4 170/483/4 313/482/4
f 309/11/5 311/487/5 151/457/4
f 309/11/5 310/10/4 311/487/5
f 310/10/4 169/479/4 311/487/5
f 305/6/4 308/492/4 167/489/4
f 305/6/4 307/8/4 308/492/4
f 307/8/4 155/493/4 308/492/4
f 304/7/4 306/499/4 166/496/4
f 304/7/4 305/6/4 306/499/4
f 305/6/4 167/489/4 306/499/4
f 300/2/3 303/504/3 91/501/3
f 300/2/3 302/4/3 303/504/3
f 302/4/3 164/505/3 303/504/3
f 299/3/3 301/511/3 90/508/3
f 299/3/3 300/2/3 301/511/3
f 300/2/3 91/501/3 301/511/3
f 295/6/2 298/492/2 87/489/2
f 295/6/2 297/8/2 298/492/2
f 297/8/2 160/493/2 298/492/2
f 294/7/2 296/499/2 86/496/2
f 294/7/2 295/6/2 296/499/2
f 295/6/2 87/489/2 296/499/2
f 290/2/1 293/504/1 154/501/1
f 290/2/1 292/4/1 293/504/1
f 292/4/1 156/505/1 293/504/1
f 289/3/1 291/511/1 153/508/1
f 289/3/1 290/2/1 291/511/1
f 290/2/1 154/501/1 291/511/1
