# Blender 4.0.2
# www.blender.org
mtllib iilab2.mtl
o Body__10_
v -28.424038 1.640001 -6.931736
v -28.429451 1.640001 -6.931585
v -28.424040 1.640001 -6.931657
v -28.442825 1.640001 -3.705845
v -28.437414 1.640001 -3.705995
v -28.442825 1.640001 -3.705923
v -28.419039 1.640001 -6.931724
v -28.427004 1.640001 -3.706134
v -28.432005 1.640001 -3.706146
v -28.442825 1.690001 -3.705844
v -28.434856 1.690001 -6.931435
v -28.424038 1.690001 -6.931737
v -28.432005 1.690001 -3.706146
v -28.439859 1.640001 -6.931446
v -28.439859 1.510000 -6.931447
v -28.419039 1.510000 -6.931724
v -28.434856 1.640001 -6.931434
v -28.427004 1.510001 -3.706133
v -28.447824 1.640001 -3.705857
v -28.447823 1.510001 -3.705856
vn -0.0001 -1.0000 -0.0038
vn -0.0001 -1.0000 -0.0039
vn -0.0000 1.0000 -0.0000
vn -0.0133 -0.0000 -0.9999
vn -0.0134 -0.0000 -0.9999
vn -0.0000 -0.2425 0.9701
vn -0.0133 0.0001 -0.9999
vn -0.0278 -0.0000 -0.9996
vn -0.0277 -0.0000 -0.9996
vn -0.0280 -0.0000 -0.9996
vn 1.0000 -0.0000 0.0025
vn -0.0000 1.0000 -0.0023
vn -0.0015 1.0000 -0.0023
vn -0.0000 1.0000 0.0015
vn -1.0000 -0.0000 -0.0025
vn -0.0000 -1.0000 -0.0000
vn 0.0277 -0.0000 0.9996
vn 0.0279 -0.0000 0.9996
vn 0.0005 -1.0000 -0.0000
vn 0.0133 -0.0000 0.9999
vn 0.0132 -0.0000 0.9999
vn 0.0133 0.0005 0.9999
vn 0.0134 -0.0000 0.9999
vn -0.9992 0.0008 -0.0393
vn -0.9993 -0.0000 -0.0369
vn -1.0000 -0.0000 -0.0000
vn -0.9998 0.0004 -0.0210
vn -0.9997 0.0001 -0.0234
vn -1.0000 0.0001 -0.0025
vn 1.0000 -0.0000 0.0099
vn 1.0000 0.0001 0.0099
vn 0.9997 -0.0000 0.0242
vn 0.9997 0.0074 0.0242
vn 0.9992 -0.0002 0.0394
vt 1079.104126 -410.981720
vt 1079.103516 -410.989563
vt 1079.642578 -411.036743
vt 1057.136841 -732.827698
vt 1057.137329 -732.819824
vt 1056.598389 -732.772644
vt -1079.103516 -410.989563
vt -1055.561279 -732.681946
vt -1078.605347 -410.945984
vt -1056.059937 -732.717651
vt -1056.598389 -732.772644
vt -1057.136841 -732.827698
vt -1079.104126 -410.981720
vt -1080.181030 -411.091736
vt 2.082237 0.000000
vt 0.000000 -13.000000
vt 2.082237 -13.000000
vt 0.500062 0.000000
vt 0.000000 0.000000
vt 1.041119 0.000000
vt 1.082476 0.000000
vt 0.541238 -5.000000
vt 1.082476 -5.000000
vt 0.000000 -5.000000
vt 322.560150 -13.000000
vt 322.560150 0.000000
vt -1080.679688 -411.127472
vt -1079.642578 -411.036713
vt -1057.137329 -732.819824
vt -1057.635498 -732.863403
vt 1078.605347 -410.945984
vt 1057.635498 -732.863403
vt 1080.679688 -411.127472
vt 1055.561279 -732.681946
vt 322.560150 -5.000000
vt 322.552246 -5.000000
s 0
usemtl Material__28_2
f 1/1/1 3/2/1 2/3/1
f 4/4/2 6/5/2 5/6/2
f 3/7/3 8/8/3 7/9/3
f 8/8/3 3/7/3 9/10/3
f 8/8/3 9/10/3 5/11/3
f 10/12/3 12/13/3 11/14/3
f 10/12/3 13/10/3 12/13/3
f 14/15/4 16/16/4 15/17/4
f 16/16/4 14/15/4 3/18/4
f 7/19/5 16/16/5 3/18/5
f 3/18/6 14/15/6 2/20/7
f 11/21/8 2/22/8 17/23/8
f 2/22/9 11/21/9 1/24/9
f 1/24/10 11/21/10 12/19/10
f 16/25/11 8/19/11 18/16/11
f 16/25/11 7/26/11 8/19/11
f 14/27/12 17/14/13 2/28/3
f 17/14/14 14/27/3 6/29/3
f 6/29/3 14/27/3 19/30/3
f 20/25/15 14/19/15 15/16/15
f 20/25/15 19/26/15 14/19/15
f 16/31/16 20/32/16 15/33/16
f 16/31/16 18/34/16 20/32/16
f 5/22/17 10/19/17 4/24/17
f 10/19/18 5/22/18 9/23/18
f 10/19/18 9/23/18 13/21/18
f 19/19/19 5/20/16 6/18/20
f 5/20/21 19/19/22 20/16/21
f 20/16/23 8/15/23 5/20/23
f 8/15/20 20/16/20 18/17/20
f 11/19/15 4/35/24 10/26/15
f 4/35/25 11/19/26 6/36/27
f 6/36/28 11/19/29 17/24/29
f 3/36/30 13/19/11 9/24/11
f 13/19/11 3/36/31 12/26/11
f 12/26/32 3/36/33 1/35/34
o Body__11_
v -28.424038 1.790001 -6.931737
v -28.429449 1.790001 -6.931585
v -28.424040 1.790001 -6.931657
v -28.442823 1.790001 -3.705845
v -28.437414 1.790001 -3.705995
v -28.442823 1.790001 -3.705923
v -28.419037 1.790001 -6.931725
v -28.427004 1.790001 -3.706133
v -28.432003 1.790001 -3.706145
v -28.442823 1.840001 -3.705845
v -28.434855 1.840001 -6.931435
v -28.424038 1.840001 -6.931736
v -28.432003 1.840001 -3.706146
v -28.439857 1.660001 -6.931446
v -28.419037 1.660001 -6.931724
v -28.439857 1.790001 -6.931447
v -28.434855 1.790001 -6.931435
v -28.427004 1.660001 -3.706133
v -28.447821 1.790001 -3.705857
v -28.447821 1.660001 -3.705857
vn -0.0000 -1.0000 -0.0000
vn -0.0001 -1.0000 -0.0039
vn -0.0000 1.0000 -0.0000
vn -0.0000 1.0000 -0.0015
vn -0.0000 1.0000 0.0023
vn 0.0015 1.0000 0.0023
vn -0.0134 -0.0000 -0.9999
vn -0.0133 -0.0000 -0.9999
vn -0.0000 0.9912 -0.1322
vn -0.0133 0.0006 -0.9999
vn 0.9922 0.0812 -0.0945
vn -0.0000 0.7071 -0.7071
vn -0.0278 -0.0000 -0.9996
vn -0.0282 -0.0000 -0.9996
vn -0.0279 0.0001 -0.9996
vn -0.0274 -0.0001 -0.9996
vn 1.0000 -0.0000 0.0025
vn 0.0008 1.0000 0.0009
vn -0.0014 1.0000 0.0008
vn -1.0000 -0.0000 -0.0025
vn 0.0277 -0.0000 0.9996
vn 0.0278 -0.0000 0.9996
vn 0.0132 -0.0000 0.9999
vn 0.0133 -0.0000 0.9999
vn -0.0000 -0.8321 -0.5547
vn 0.0131 -0.0001 0.9999
vn -0.9992 -0.0090 -0.0395
vn -0.2457 0.9686 -0.0380
vn -0.2461 0.9692 -0.0000
vn -0.9997 0.0070 -0.0228
vn -0.2493 -0.0471 0.9673
vn 0.9999 -0.0000 0.0100
vn 0.9999 0.0001 0.0100
vn 0.9997 -0.0000 0.0239
vn 0.9997 0.0076 0.0239
vn 0.9992 -0.0000 0.0394
vt 1079.104126 -410.981720
vt 1079.103516 -410.989563
vt 1079.642578 -411.036743
vt 1057.136841 -732.827698
vt 1057.137329 -732.819824
vt 1056.598389 -732.772644
vt -1079.103516 -410.989563
vt -1055.561279 -732.681946
vt -1078.605347 -410.945984
vt -1056.059937 -732.717651
vt -1056.598389 -732.772644
vt -1057.136841 -732.827698
vt -1079.104126 -410.981720
vt -1080.181030 -411.091736
vt 2.082237 -13.000000
vt 0.000000 0.000000
vt 0.000000 -13.000000
vt 2.082237 0.000000
vt 0.500062 0.000000
vt 1.041119 0.000000
vt 1.082476 0.000000
vt 0.541238 -5.000000
vt 1.082476 -5.000000
vt 0.000000 -5.000000
vt 322.560150 -13.000000
vt 322.560150 0.000000
vt -1080.679688 -411.127472
vt -1079.642578 -411.036713
vt -1057.137329 -732.819824
vt -1057.635498 -732.863403
vt 1078.605347 -410.945984
vt 1057.635498 -732.863403
vt 1080.679688 -411.127472
vt 1055.561279 -732.681946
vt 322.560150 -5.000000
vt 322.552246 -5.000000
s 0
usemtl Material__28_2
f 21/37/35 23/38/35 22/39/35
f 24/40/36 26/41/36 25/42/36
f 23/43/37 28/44/37 27/45/37
f 28/44/37 23/43/37 29/46/38
f 28/44/39 29/46/40 25/47/37
f 30/48/37 32/49/37 31/50/37
f 30/48/37 33/46/37 32/49/37
f 34/51/41 27/52/41 35/53/41
f 27/52/42 34/51/42 36/54/42
f 27/52/43 36/54/43 23/55/44
f 23/55/45 36/54/46 22/56/42
f 31/57/47 22/58/47 37/59/47
f 22/58/48 31/57/48 21/60/49
f 21/60/50 31/57/47 32/52/47
f 35/61/51 28/52/51 38/53/51
f 35/61/51 27/62/51 28/52/51
f 36/63/39 37/50/52 22/64/37
f 37/50/53 36/63/37 26/65/37
f 26/65/37 36/63/37 39/66/37
f 40/61/54 36/52/54 34/53/54
f 40/61/54 39/62/54 36/52/54
f 35/67/35 40/68/35 34/69/35
f 35/67/35 38/70/35 40/68/35
f 33/57/55 25/58/55 29/59/55
f 25/58/56 33/57/56 30/52/56
f 30/52/56 24/60/56 25/58/56
f 28/54/57 40/53/57 38/51/57
f 40/53/58 28/54/58 25/56/58
f 40/53/58 25/56/58 39/52/58
f 39/52/59 25/56/59 26/55/60
f 31/52/54 24/71/61 30/62/54
f 24/71/62 31/52/63 26/72/64
f 26/72/65 31/52/54 37/60/54
f 23/72/66 33/52/51 29/60/51
f 33/52/51 23/72/67 32/62/51
f 32/62/68 23/72/69 21/71/70
o Body__12_
v -28.424038 1.940001 -6.931736
v -28.429449 1.940001 -6.931585
v -28.424040 1.940001 -6.931657
v -28.442823 1.940001 -3.705845
v -28.437414 1.940001 -3.705995
v -28.442823 1.940001 -3.705923
v -28.419037 1.940001 -6.931724
v -28.427004 1.940001 -3.706133
v -28.432003 1.940001 -3.706145
v -28.442823 1.990001 -3.705845
v -28.434855 1.990000 -6.931435
v -28.424038 1.990000 -6.931737
v -28.432003 1.990001 -3.706146
v -28.439857 1.940001 -6.931447
v -28.439857 1.810001 -6.931447
v -28.419037 1.810001 -6.931724
v -28.434855 1.940001 -6.931435
v -28.427004 1.810001 -3.706133
v -28.447821 1.940001 -3.705857
v -28.447821 1.810001 -3.705857
vn -0.0000 -1.0000 -0.0000
vn 0.0001 -1.0000 0.0039
vn -0.0000 1.0000 -0.0000
vn -0.0133 -0.0000 -0.9999
vn -0.0000 0.9701 -0.2425
vn -0.0134 -0.0009 -0.9999
vn -0.0000 0.8682 0.4961
vn -0.9716 0.1987 0.1283
vn -0.0278 -0.0000 -0.9996
vn -0.0277 -0.0000 -0.9996
vn -0.0280 -0.0000 -0.9996
vn 1.0000 -0.0000 0.0025
vn -0.0000 1.0000 0.0023
vn 0.0008 1.0000 0.0008
vn -0.0000 1.0000 0.0001
vn -0.0015 1.0000 0.0008
vn -1.0000 -0.0000 -0.0025
vn 0.0277 -0.0000 0.9996
vn 0.0276 -0.0000 0.9996
vn 0.0278 -0.0000 0.9996
vn 0.0132 -0.0000 0.9999
vn 0.0133 -0.0000 0.9999
vn -0.9992 -0.0093 -0.0396
vn -0.2457 0.9686 -0.0381
vn -0.2461 0.9692 -0.0000
vn -0.9997 0.0070 -0.0228
vn -0.2493 -0.0471 0.9673
vn 1.0000 -0.0001 0.0099
vn 1.0000 0.0001 0.0025
vn 1.0000 0.0001 0.0099
vn 0.9997 -0.0000 0.0242
vn 0.9997 0.0074 0.0243
vn 0.9992 -0.0000 0.0394
vt 1079.104126 -410.981720
vt 1079.103516 -410.989563
vt 1079.642578 -411.036743
vt 1057.136841 -732.827698
vt 1057.137329 -732.819824
vt 1056.598389 -732.772644
vt -1079.103516 -410.989563
vt -1055.561279 -732.681946
vt -1078.605347 -410.945984
vt -1056.059937 -732.717651
vt -1056.598389 -732.772644
vt -1057.136841 -732.827698
vt -1079.104126 -410.981720
vt -1080.181030 -411.091736
vt 2.082237 0.000000
vt 0.000000 -13.000000
vt 2.082237 -13.000000
vt 0.000000 0.000000
vt 1.041119 0.000000
vt 0.500062 0.000000
vt 1.082476 0.000000
vt 0.541238 -5.000000
vt 1.082476 -5.000000
vt 0.000000 -5.000000
vt 322.560150 -13.000000
vt 322.560150 0.000000
vt -1080.679688 -411.127472
vt -1079.642578 -411.036713
vt -1057.137329 -732.819824
vt -1057.635498 -732.863403
vt 1078.605347 -410.945984
vt 1057.635498 -732.863403
vt 1080.679688 -411.127472
vt 1055.561279 -732.681946
vt 322.560150 -5.000000
vt 322.552246 -5.000000
s 0
usemtl Material__28_2
f 41/73/71 43/74/71 42/75/71
f 44/76/72 46/77/72 45/78/72
f 43/79/73 48/80/73 47/81/73
f 48/80/73 43/79/73 49/82/73
f 48/80/73 49/82/73 45/83/73
f 50/84/73 52/85/73 51/86/73
f 50/84/73 53/82/73 52/85/73
f 54/87/74 56/88/74 55/89/74
f 56/88/74 54/87/74 47/90/74
f 47/90/75 54/87/75 42/91/76
f 47/90/77 42/91/78 43/92/74
f 51/93/79 42/94/79 57/95/79
f 42/94/80 51/93/80 41/96/80
f 41/96/81 51/93/81 52/90/81
f 56/97/82 48/90/82 58/88/82
f 56/97/82 47/98/82 48/90/82
f 54/99/83 57/86/84 42/100/85
f 57/86/86 54/99/73 46/101/73
f 46/101/73 54/99/73 59/102/73
f 60/97/87 54/90/87 55/88/87
f 60/97/87 59/98/87 54/90/87
f 56/103/71 60/104/71 55/105/71
f 56/103/71 58/106/71 60/104/71
f 53/93/88 45/94/88 49/95/88
f 45/94/89 53/93/89 44/96/89
f 44/96/90 53/93/90 50/90/90
f 48/87/91 60/88/91 58/89/91
f 60/88/91 48/87/91 46/92/91
f 59/90/92 60/88/92 46/92/92
f 46/92/73 48/87/73 45/91/92
f 51/90/87 44/107/93 50/98/87
f 44/107/94 51/90/95 46/108/96
f 46/108/97 51/90/87 57/96/87
f 43/108/98 53/90/82 49/96/82
f 53/90/99 43/108/100 52/98/99
f 52/98/101 43/108/102 41/107/103
o Body__13_
v -28.424038 2.090001 -6.931737
v -28.429451 2.090001 -6.931586
v -28.424040 2.090001 -6.931658
v -28.442823 2.090001 -3.705845
v -28.437414 2.090001 -3.705995
v -28.442823 2.090001 -3.705923
v -28.439857 2.090001 -6.931447
v -28.434856 2.090001 -6.931435
v -28.447823 2.090001 -3.705857
v -28.419037 1.960001 -6.931724
v -28.439857 1.960001 -6.931447
v -28.447823 1.960001 -3.705857
v -28.427004 1.960001 -3.706133
v -28.419037 2.090001 -6.931725
v -28.427004 2.090001 -3.706133
v -28.432003 2.090001 -3.706146
v -28.442823 2.140001 -3.705845
v -28.434856 2.140001 -6.931435
v -28.424038 2.140001 -6.931737
v -28.432003 2.140001 -3.706146
vn -0.0001 -1.0000 -0.0039
vn -0.0000 -1.0000 -0.0000
vn -0.0000 1.0000 -0.0000
vn -0.0000 1.0000 -0.0015
vn -0.0000 1.0000 0.0023
vn 0.0015 1.0000 0.0023
vn 1.0000 -0.0000 0.0025
vn 0.0132 -0.0000 0.9999
vn 0.0133 -0.0000 0.9999
vn 0.0132 0.0003 0.9999
vn 0.0135 0.0001 0.9999
vn 0.0003 1.0000 -0.0000
vn -1.0000 -0.0000 -0.0025
vn -0.0134 -0.0000 -0.9999
vn -0.0132 -0.0000 -0.9999
vn -0.0133 -0.0003 -0.9999
vn -0.0136 -0.0000 -0.9999
vn -0.0133 -0.0000 -0.9999
vn -0.0130 0.0001 -0.9999
vn 0.0278 -0.0000 0.9996
vn -0.0279 -0.0000 -0.9996
vn -0.0280 -0.0000 -0.9996
vn -0.9992 -0.0092 -0.0395
vn -0.2457 0.9686 -0.0380
vn -0.2461 0.9692 -0.0000
vn -0.9997 0.0070 -0.0228
vn -0.2493 -0.0471 0.9673
vn 0.9999 -0.0000 0.0100
vn 0.9997 -0.0000 0.0239
vn 0.9997 0.0076 0.0239
vn 0.9992 -0.0002 0.0394
vt 1079.104126 -410.981720
vt 1079.103516 -410.989563
vt 1079.642578 -411.036743
vt 1057.136841 -732.827698
vt 1057.137329 -732.819824
vt 1056.598389 -732.772644
vt -1080.679688 -411.127472
vt -1080.181030 -411.091736
vt -1079.642578 -411.036713
vt -1057.137329 -732.819824
vt -1057.635498 -732.863403
vt 1078.605347 -410.945984
vt 1057.635498 -732.863403
vt 1080.679688 -411.127472
vt 1055.561279 -732.681946
vt -1079.103516 -410.989563
vt -1055.561279 -732.681946
vt -1078.605347 -410.945984
vt -1056.059937 -732.717651
vt -1056.598389 -732.772644
vt -1057.136841 -732.827698
vt -1079.104126 -410.981720
vt 322.560150 -13.000000
vt 0.000000 0.000000
vt 0.000000 -13.000000
vt 322.560150 0.000000
vt 2.082237 0.000000
vt 2.082237 -13.000000
vt 0.500062 0.000000
vt 1.041119 0.000000
vt 1.082476 -5.000000
vt 0.000000 -5.000000
vt 0.541238 -5.000000
vt 1.082476 0.000000
vt 322.560150 -5.000000
vt 322.552246 -5.000000
s 0
usemtl Material__28_2
f 61/109/104 63/110/104 62/111/104
f 64/112/105 66/113/105 65/114/105
f 67/115/106 68/116/106 62/117/106
f 68/116/106 67/115/106 66/118/106
f 66/118/106 67/115/106 69/119/106
f 70/120/105 72/121/105 71/122/105
f 70/120/105 73/123/105 72/121/105
f 63/124/106 75/125/106 74/126/106
f 75/125/106 63/124/106 76/127/107
f 75/125/108 76/127/109 65/128/106
f 77/129/106 79/130/106 78/116/106
f 77/129/106 80/127/106 79/130/106
f 70/131/110 75/132/110 73/133/110
f 70/131/110 74/134/110 75/132/110
f 75/135/111 72/133/111 73/136/111
f 72/133/112 75/135/112 66/137/113
f 72/133/111 66/137/114 69/132/111
f 66/137/115 75/135/106 65/138/112
f 72/131/116 67/132/116 71/133/116
f 72/131/116 69/134/116 67/132/116
f 62/138/117 71/136/117 67/135/117
f 71/136/118 62/138/118 63/137/119
f 74/132/118 71/136/120 63/137/118
f 71/136/121 74/132/122 70/133/121
f 76/139/106 64/140/106 65/141/123
f 64/140/123 76/139/123 77/132/123
f 77/132/123 76/139/123 80/142/123
f 68/139/105 61/140/105 62/141/124
f 61/140/124 68/139/124 79/132/124
f 79/132/125 68/139/125 78/142/125
f 78/132/116 64/143/126 77/134/116
f 64/143/127 78/132/128 66/144/129
f 66/144/130 78/132/116 68/140/116
f 76/140/110 79/134/110 80/132/110
f 79/134/110 76/140/110 63/144/131
f 79/134/132 63/144/133 61/143/134
o Body__14_
v -28.424040 2.240001 -6.931736
v -28.429453 2.240000 -6.931585
v -28.424044 2.240000 -6.931658
v -28.442827 2.240001 -3.705845
v -28.437416 2.240001 -3.705995
v -28.442827 2.240001 -3.705924
v -28.419041 2.240000 -6.931724
v -28.427006 2.240001 -3.706134
v -28.432007 2.240001 -3.706146
v -28.442827 2.290001 -3.705845
v -28.434858 2.290002 -6.931436
v -28.424040 2.290000 -6.931736
v -28.432007 2.290001 -3.706146
v -28.439861 2.110001 -6.931447
v -28.419041 2.110001 -6.931725
v -28.439861 2.240000 -6.931447
v -28.434858 2.240000 -6.931435
v -28.427006 2.110001 -3.706133
v -28.447824 2.240001 -3.705857
v -28.447824 2.110001 -3.705857
vn -0.0001 -1.0000 -0.0039
vn -0.0000 -1.0000 -0.0000
vn -0.0000 1.0000 -0.0000
vn -0.0000 1.0000 -0.0015
vn -0.0000 1.0000 0.0023
vn 0.0015 1.0000 0.0023
vn 0.0001 1.0000 -0.0000
vn -0.0134 -0.0000 -0.9999
vn -0.0133 -0.0000 -0.9999
vn -0.0000 0.9701 -0.2425
vn -0.0132 -0.0009 -0.9999
vn -0.9703 -0.2416 0.0119
vn -0.0278 -0.0000 -0.9996
vn -0.0280 -0.0000 -0.9996
vn -0.0277 -0.0000 -0.9996
vn 1.0000 -0.0000 0.0025
vn 0.0008 1.0000 0.0009
vn -0.0014 1.0000 0.0008
vn -1.0000 -0.0000 -0.0025
vn 0.0280 -0.0000 0.9996
vn 0.0276 -0.0000 0.9996
vn 0.0278 -0.0000 0.9996
vn 0.0133 -0.0000 0.9999
vn 0.0132 -0.0000 0.9999
vn 0.0135 -0.0000 0.9999
vn -0.0000 -0.9615 -0.2747
vn -0.9999 0.0002 -0.0148
vn -0.9999 -0.0000 -0.0124
vn -1.0000 -0.0000 -0.0000
vn -1.0000 0.0001 -0.0086
vn -0.9999 0.0001 -0.0111
vn -1.0000 0.0001 -0.0025
vn 0.9998 0.0003 0.0200
vn 0.9998 0.0175 0.0024
vn 0.9988 -0.0000 0.0493
vn 0.9995 0.0002 0.0318
vn 0.9999 -0.0001 0.0149
vt 1079.104126 -410.981720
vt 1079.103516 -410.989563
vt 1079.642578 -411.036743
vt 1057.136841 -732.827698
vt 1057.137329 -732.819824
vt 1056.598389 -732.772644
vt -1079.103516 -410.989563
vt -1055.561279 -732.681946
vt -1078.605347 -410.945984
vt -1056.059937 -732.717651
vt -1056.598389 -732.772644
vt -1057.136841 -732.827698
vt -1079.104126 -410.981720
vt -1080.181030 -411.091736
vt 2.082237 -13.000000
vt 0.000000 0.000000
vt 0.000000 -13.000000
vt 2.082237 0.000000
vt 1.041119 0.000000
vt 0.500062 0.000000
vt 1.082476 0.000000
vt 0.541238 -5.000000
vt 1.082476 -5.000000
vt 0.000000 -5.000000
vt 322.560150 -13.000000
vt 322.560150 0.000000
vt -1080.679688 -411.127472
vt -1079.642578 -411.036713
vt -1057.137329 -732.819824
vt -1057.635498 -732.863403
vt 1078.605347 -410.945984
vt 1057.635498 -732.863403
vt 1080.679688 -411.127472
vt 1055.561279 -732.681946
vt 322.560150 -5.000000
vt 322.552246 -5.000000
s 0
usemtl Material__28_2
f 81/145/135 83/146/135 82/147/135
f 84/148/136 86/149/136 85/150/136
f 83/151/137 88/152/137 87/153/137
f 88/152/137 83/151/137 89/154/138
f 88/152/139 89/154/140 85/155/137
f 90/156/141 92/157/141 91/158/141
f 90/156/137 93/154/137 92/157/137
f 94/159/142 87/160/142 95/161/142
f 87/160/143 94/159/143 96/162/143
f 87/160/144 96/162/144 82/163/145
f 87/160/136 82/163/146 83/164/143
f 91/165/147 82/166/147 97/167/147
f 82/166/148 91/165/148 81/168/148
f 81/168/149 91/165/149 92/160/149
f 95/169/150 88/160/150 98/161/150
f 95/169/150 87/170/150 88/160/150
f 96/171/139 97/158/151 82/172/137
f 97/158/152 96/171/137 86/173/137
f 86/173/137 96/171/137 99/174/137
f 100/169/153 96/160/153 94/161/153
f 100/169/153 99/170/153 96/160/153
f 95/175/136 100/176/136 94/177/136
f 95/175/136 98/178/136 100/176/136
f 93/165/154 85/166/154 89/167/154
f 85/166/155 93/165/155 84/168/155
f 84/168/156 93/165/156 90/160/156
f 88/162/157 100/161/157 98/159/157
f 100/161/158 88/162/158 86/164/158
f 100/161/159 86/164/159 99/160/159
f 86/164/160 88/162/160 85/163/158
f 91/160/153 84/179/161 90/170/153
f 84/179/162 91/160/163 86/180/164
f 86/180/165 91/160/166 97/168/166
f 83/180/167 93/160/150 89/168/150
f 93/160/150 83/180/168 92/170/150
f 92/170/169 83/180/170 81/179/171
o Body__15_
v -28.424038 2.390001 -6.931736
v -28.429451 2.390001 -6.931585
v -28.424040 2.390001 -6.931657
v -28.442823 2.390001 -3.705845
v -28.437414 2.390001 -3.705995
v -28.442823 2.390001 -3.705924
v -28.419037 2.390001 -6.931724
v -28.427004 2.390001 -3.706134
v -28.432003 2.390001 -3.706146
v -28.442823 2.440001 -3.705845
v -28.434856 2.440001 -6.931435
v -28.424038 2.440001 -6.931736
v -28.432003 2.440001 -3.706146
v -28.439857 2.260000 -6.931447
v -28.419037 2.260000 -6.931724
v -28.439857 2.390001 -6.931447
v -28.434856 2.390001 -6.931435
v -28.427004 2.260001 -3.706134
v -28.447823 2.390001 -3.705857
v -28.447823 2.260001 -3.705857
vn -0.0000 -1.0000 0.0019
vn 0.0001 -1.0000 0.0039
vn -0.0000 1.0000 -0.0000
vn -0.0133 -0.0000 -0.9999
vn 0.9999 -0.0000 -0.0130
vn -0.0278 -0.0000 -0.9996
vn -0.0279 -0.0000 -0.9996
vn -0.0277 -0.0000 -0.9996
vn 1.0000 -0.0000 0.0025
vn -0.0000 1.0000 -0.0023
vn -0.0015 1.0000 -0.0023
vn -0.0000 1.0000 0.0001
vn -0.0000 1.0000 0.0015
vn -1.0000 -0.0000 -0.0025
vn -0.0000 -1.0000 -0.0000
vn -0.0000 0.9487 -0.3162
vn 0.0280 -0.0001 0.9996
vn 0.0278 -0.0000 0.9996
vn 0.0001 0.9663 0.2574
vn -0.0000 0.9662 0.2577
vn 0.0133 -0.0000 0.9999
vn 0.0132 -0.0000 0.9999
vn 0.0133 -0.0003 0.9999
vn 0.0134 -0.0000 0.9999
vn -1.0000 -0.0000 -0.0000
vn -0.9998 0.0198 -0.0000
vn -0.9992 -0.0001 -0.0394
vn -0.9998 0.0003 -0.0223
vn -0.9998 -0.0000 -0.0223
vn 1.0000 -0.0000 0.0099
vn 1.0000 0.0001 0.0099
vn 0.9997 -0.0000 0.0242
vn 0.9997 0.0074 0.0242
vn 0.9992 0.0001 0.0394
vt 1079.104126 -410.981720
vt 1079.103516 -410.989563
vt 1079.642578 -411.036743
vt 1057.136841 -732.827698
vt 1057.137329 -732.819824
vt 1056.598389 -732.772644
vt -1079.103516 -410.989563
vt -1055.561279 -732.681946
vt -1078.605347 -410.945984
vt -1056.059937 -732.717651
vt -1056.598389 -732.772644
vt -1057.136841 -732.827698
vt -1079.104126 -410.981720
vt -1080.181030 -411.091736
vt 2.082237 -13.000000
vt 0.000000 0.000000
vt 0.000000 -13.000000
vt 2.082237 0.000000
vt 0.500062 0.000000
vt 1.041119 0.000000
vt 1.082476 0.000000
vt 0.541238 -5.000000
vt 1.082476 -5.000000
vt 0.000000 -5.000000
vt 322.560150 -13.000000
vt 322.560150 0.000000
vt -1080.679688 -411.127472
vt -1079.642578 -411.036713
vt -1057.137329 -732.819824
vt -1057.635498 -732.863403
vt 1078.605347 -410.945984
vt 1057.635498 -732.863403
vt 1080.679688 -411.127472
vt 1055.561279 -732.681946
vt 322.552246 -5.000000
vt 322.560150 -5.000000
s 0
usemtl Material__28_2
f 101/181/172 103/182/172 102/183/172
f 104/184/173 106/185/173 105/186/173
f 103/187/174 108/188/174 107/189/174
f 108/188/174 103/187/174 109/190/174
f 108/188/174 109/190/174 105/191/174
f 110/192/174 112/193/174 111/194/174
f 110/192/174 113/190/174 112/193/174
f 114/195/175 107/196/175 115/197/175
f 107/196/175 114/195/175 116/198/175
f 107/196/174 116/198/174 103/199/175
f 103/199/176 116/198/174 102/200/175
f 111/201/177 102/202/177 117/203/177
f 102/202/178 111/201/178 112/196/178
f 112/196/179 101/204/179 102/202/179
f 115/205/180 108/196/180 118/197/180
f 115/205/180 107/206/180 108/196/180
f 116/207/181 117/194/182 102/208/183
f 117/194/184 116/207/174 106/209/174
f 106/209/174 116/207/174 119/210/174
f 120/205/185 116/196/185 114/197/185
f 120/205/185 119/206/185 116/196/185
f 115/211/186 120/212/186 114/213/186
f 115/211/186 118/214/186 120/212/186
f 109/203/187 104/204/187 105/202/188
f 104/204/189 109/203/189 113/201/189
f 104/204/189 113/201/189 110/196/189
f 119/196/190 105/200/191 106/199/192
f 105/200/193 119/196/194 120/197/193
f 120/197/195 108/198/195 105/200/195
f 108/198/192 120/197/192 118/195/192
f 110/206/196 106/215/197 104/216/198
f 106/215/199 110/206/185 111/196/185
f 106/215/200 111/196/185 117/204/185
f 103/215/201 113/196/180 109/204/180
f 113/196/180 103/215/202 112/206/180
f 112/206/203 103/215/204 101/216/205
o Body__16_
v -28.424038 2.540000 -6.931737
v -28.429451 2.540000 -6.931585
v -28.424040 2.540000 -6.931658
v -28.442825 2.540001 -3.705845
v -28.437414 2.540001 -3.705996
v -28.442825 2.540001 -3.705923
v -28.419039 2.410001 -6.931724
v -28.427004 2.410002 -3.706133
v -28.427004 2.540001 -3.706133
v -28.419039 2.540000 -6.931725
v -28.439859 2.540000 -6.931447
v -28.439859 2.410002 -6.931447
v -28.447823 2.410002 -3.705857
v -28.447823 2.540001 -3.705857
v -28.432005 2.590001 -3.706146
v -28.432005 2.540001 -3.706146
v -28.442825 2.590001 -3.705845
v -28.434856 2.590001 -6.931435
v -28.424038 2.590001 -6.931736
v -28.434856 2.540000 -6.931435
vn 0.0001 -1.0000 0.0019
vn -0.0000 -1.0000 -0.0000
vn 1.0000 -0.0000 0.0025
vn -0.0131 -0.0000 -0.9999
vn -0.0136 -0.0000 -0.9999
vn -0.0133 -0.0000 -0.9999
vn -0.0000 -0.6000 0.8000
vn 0.0132 -0.0000 0.9999
vn 0.0133 -0.0000 0.9999
vn -0.0000 0.9874 0.1580
vn 0.0131 -0.0006 0.9999
vn -0.0000 -0.9701 -0.2425
vn 0.9879 -0.1467 -0.0499
vn 0.0133 -0.0001 0.9999
vn 0.0278 -0.0000 0.9996
vn 0.0279 -0.0000 0.9996
vn -1.0000 -0.0000 -0.0025
vn -0.0000 1.0000 -0.0000
vn -1.0000 -0.0000 -0.0000
vn -0.9998 0.0197 -0.0000
vn -0.9992 -0.0000 -0.0393
vn -0.9998 0.0003 -0.0222
vn -0.9998 -0.0000 -0.0222
vn -0.0000 -0.9864 0.1644
vn -0.0279 -0.0000 -0.9996
vn -0.0278 -0.0000 -0.9996
vn 0.0013 1.0000 -0.0007
vn -0.0000 1.0000 -0.0023
vn -0.0007 1.0000 -0.0010
vn 1.0000 -0.0000 0.0099
vn 1.0000 -0.0001 0.0025
vn 0.9997 -0.0000 0.0242
vn 0.9997 0.0074 0.0242
vn 0.9992 0.0001 0.0394
vt 1079.104126 -410.981720
vt 1079.103516 -410.989563
vt 1079.642578 -411.036743
vt 1057.136841 -732.827698
vt 1057.137329 -732.819824
vt 1056.598389 -732.772644
vt 322.560150 -13.000000
vt 0.000000 0.000000
vt 0.000000 -13.000000
vt 322.560150 0.000000
vt 2.082237 0.000000
vt 1.041119 0.000000
vt 2.082237 -13.000000
vt 0.500062 0.000000
vt 1.082476 0.000000
vt 0.541238 -5.000000
vt 1.082476 -5.000000
vt 0.000000 -5.000000
vt -1057.136841 -732.827698
vt -1079.104126 -410.981720
vt -1080.181030 -411.091736
vt -1056.059937 -732.717651
vt -1080.679688 -411.127472
vt -1079.642578 -411.036713
vt -1057.137329 -732.819824
vt -1057.635498 -732.863403
vt 1078.605347 -410.945984
vt 1057.635498 -732.863403
vt 1080.679688 -411.127472
vt 1055.561279 -732.681946
vt 322.552246 -5.000000
vt 322.560150 -5.000000
vt -1079.103516 -410.989563
vt -1055.561279 -732.681946
vt -1078.605347 -410.945984
vt -1056.598389 -732.772644
s 0
usemtl Material__28_2
f 121/217/206 123/218/206 122/219/206
f 124/220/207 126/221/207 125/222/207
f 127/223/208 129/224/208 128/225/208
f 127/223/208 130/226/208 129/224/208
f 131/227/209 122/228/209 132/229/209
f 130/224/210 132/229/210 122/228/210
f 132/229/211 130/224/211 127/225/211
f 130/224/212 122/228/212 123/230/211
f 129/227/213 133/225/213 128/229/213
f 133/225/214 129/227/214 134/224/214
f 134/224/215 129/227/215 125/228/216
f 134/224/217 125/228/218 126/230/219
f 135/231/220 125/232/220 136/233/220
f 125/232/221 135/231/221 124/234/221
f 124/234/220 135/231/220 137/224/220
f 133/223/222 131/224/222 132/225/222
f 133/223/222 134/226/222 131/224/222
f 137/235/223 139/236/223 138/237/223
f 137/235/223 135/238/223 139/236/223
f 131/239/223 140/237/223 122/240/223
f 140/237/223 131/239/223 126/241/223
f 126/241/223 131/239/223 134/242/223
f 127/243/207 133/244/207 132/245/207
f 127/243/207 128/246/207 133/244/207
f 137/226/224 126/247/225 124/248/226
f 126/247/227 137/226/222 138/224/222
f 126/247/228 138/224/222 140/234/222
f 140/233/229 121/234/229 122/232/230
f 121/234/230 140/233/230 138/231/230
f 121/234/231 138/231/231 139/224/231
f 123/249/223 129/250/223 130/251/223
f 129/250/223 123/249/223 136/238/232
f 129/250/233 136/238/234 125/252/223
f 123/247/235 135/224/208 136/234/208
f 135/224/236 123/247/235 139/226/236
f 139/226/237 123/247/238 121/248/239
o Body__17_
v -28.424038 2.690001 -6.931736
v -28.429451 2.690001 -6.931585
v -28.424040 2.690001 -6.931658
v -28.442825 2.690001 -3.705845
v -28.437414 2.690001 -3.705996
v -28.442825 2.690001 -3.705924
v -28.439859 2.690001 -6.931447
v -28.434856 2.690001 -6.931436
v -28.447823 2.690001 -3.705857
v -28.419039 2.560000 -6.931725
v -28.439859 2.560000 -6.931447
v -28.447823 2.560001 -3.705857
v -28.427004 2.560001 -3.706133
v -28.419039 2.690001 -6.931724
v -28.427004 2.690001 -3.706134
v -28.432005 2.690001 -3.706146
v -28.442825 2.740001 -3.705845
v -28.434856 2.740000 -6.931436
v -28.424038 2.740000 -6.931736
v -28.432005 2.740001 -3.706146
vn -0.0001 -1.0000 -0.0039
vn -0.0000 -1.0000 -0.0000
vn -0.0000 1.0000 0.0023
vn 0.0007 1.0000 0.0010
vn -0.0000 1.0000 -0.0000
vn -0.0013 1.0000 0.0007
vn 1.0000 -0.0000 0.0025
vn 0.0133 -0.0000 0.9999
vn -0.9999 -0.0000 0.0130
vn 0.0132 -0.0000 0.9999
vn -1.0000 -0.0000 -0.0025
vn -0.0134 -0.0000 -0.9999
vn -0.0133 -0.0000 -0.9999
vn 0.0278 -0.0000 0.9996
vn 0.0280 -0.0000 0.9996
vn -0.0276 -0.0000 -0.9996
vn -0.0280 -0.0000 -0.9996
vn -0.9992 0.0102 -0.0391
vn -0.2778 -0.9604 -0.0195
vn -0.2461 -0.9692 -0.0000
vn -0.9998 -0.0027 -0.0191
vn -0.2526 0.0074 -0.9675
vn 1.0000 -0.0001 0.0025
vn 1.0000 -0.0001 0.0097
vn 0.9997 -0.0000 0.0246
vn 0.9997 0.0072 0.0246
vn 0.9992 -0.0002 0.0394
vt 1079.104126 -410.981720
vt 1079.103516 -410.989563
vt 1079.642578 -411.036743
vt 1057.136841 -732.827698
vt 1057.137329 -732.819824
vt 1056.598389 -732.772644
vt -1080.679688 -411.127472
vt -1080.181030 -411.091736
vt -1079.642578 -411.036713
vt -1057.137329 -732.819824
vt -1057.635498 -732.863403
vt 1078.605347 -410.945984
vt 1057.635498 -732.863403
vt 1080.679688 -411.127472
vt 1055.561279 -732.681946
vt -1079.103516 -410.989563
vt -1055.561279 -732.681946
vt -1078.605347 -410.945984
vt -1056.059937 -732.717651
vt -1056.598389 -732.772644
vt -1057.136841 -732.827698
vt -1079.104126 -410.981720
vt 322.560150 -13.000000
vt 0.000000 0.000000
vt 0.000000 -13.000000
vt 322.560150 0.000000
vt 1.041119 0.000000
vt 0.500062 0.000000
vt 2.082237 0.000000
vt 2.082237 -13.000000
vt 1.082476 0.000000
vt 0.541238 -5.000000
vt 1.082476 -5.000000
vt 0.000000 -5.000000
vt 322.560150 -5.000000
vt 322.552246 -5.000000
s 0
usemtl Material__28_2
f 141/253/240 143/254/240 142/255/240
f 144/256/241 146/257/241 145/258/241
f 147/259/242 148/260/243 142/261/244
f 148/260/245 147/259/244 146/262/244
f 146/262/244 147/259/244 149/263/244
f 150/264/241 152/265/241 151/266/241
f 150/264/241 153/267/241 152/265/241
f 143/268/244 155/269/244 154/270/244
f 155/269/244 143/268/244 156/271/244
f 155/269/244 156/271/244 145/272/244
f 157/273/244 159/274/244 158/260/244
f 157/273/244 160/271/244 159/274/244
f 150/275/246 155/276/246 153/277/246
f 150/275/246 154/278/246 155/276/246
f 145/279/247 146/280/248 155/281/244
f 149/276/244 155/281/244 146/280/247
f 152/277/247 155/281/247 149/276/247
f 155/281/249 152/277/249 153/282/249
f 152/275/250 147/276/250 151/277/250
f 152/275/250 149/278/250 147/276/250
f 147/281/251 150/277/251 151/282/251
f 150/277/252 147/281/252 143/280/252
f 154/276/251 150/277/251 143/280/251
f 143/280/244 147/281/244 142/279/252
f 160/283/253 145/284/253 156/285/253
f 145/284/253 160/283/253 157/276/253
f 157/276/254 144/286/254 145/284/254
f 158/283/255 142/284/255 148/285/255
f 142/284/256 158/283/256 141/286/256
f 141/286/255 158/283/255 159/276/255
f 158/276/250 144/287/257 157/278/250
f 144/287/258 158/276/259 146/288/260
f 146/288/261 158/276/250 148/286/250
f 156/286/246 159/278/246 160/276/246
f 159/278/262 156/286/262 143/288/263
f 159/278/264 143/288/265 141/287/266
o Body__18_
v -28.424038 2.839999 -6.931737
v -28.429449 2.839999 -6.931585
v -28.424040 2.839999 -6.931657
v -28.442823 2.840000 -3.705845
v -28.437414 2.840000 -3.705995
v -28.442823 2.840000 -3.705923
v -28.419037 2.710000 -6.931724
v -28.439857 2.710001 -6.931447
v -28.447821 2.710001 -3.705857
v -28.427004 2.710001 -3.706133
v -28.419037 2.839999 -6.931724
v -28.439857 2.839999 -6.931447
v -28.442825 2.890001 -3.705845
v -28.434858 2.890001 -6.931434
v -28.424040 2.890001 -6.931736
v -28.432005 2.890001 -3.706146
v -28.427004 2.840000 -3.706133
v -28.432003 2.840000 -3.706146
v -28.434855 2.839999 -6.931435
v -28.447821 2.840000 -3.705857
vn -0.0000 -1.0000 -0.0000
vn -0.0133 -0.0000 -0.9999
vn -0.0000 1.0000 -0.0000
vn -0.9999 -0.0000 0.0132
vn 1.0000 -0.0000 0.0025
vn 0.0280 -0.0000 0.9996
vn 0.0278 -0.0000 0.9996
vn -0.0000 1.0000 0.0023
vn 0.0008 1.0000 0.0009
vn -0.0014 1.0000 0.0008
vn -1.0000 -0.0000 -0.0025
vn 0.0013 1.0000 -0.0007
vn -0.0000 1.0000 -0.0023
vn -0.0007 1.0000 -0.0010
vn -1.0000 -0.0001 -0.0025
vn -0.9992 -0.0092 -0.0396
vn -0.2492 0.9677 -0.0380
vn -0.2496 0.9683 -0.0000
vn -0.9997 0.0070 -0.0228
vn -0.2529 -0.0470 0.9663
vn -0.0276 -0.0000 -0.9996
vn -0.0280 -0.0000 -0.9996
vn -0.0282 -0.0000 -0.9996
vn -0.0279 -0.0000 -0.9996
vn 0.0132 -0.0000 0.9999
vn 0.0133 -0.0000 0.9999
vn -0.0000 0.7071 0.7071
vn 0.9999 -0.0000 0.0100
vn 1.0000 0.0001 0.0025
vn 0.9997 0.0001 0.0239
vn 0.9997 0.0077 0.0240
vn 0.9992 -0.0000 0.0394
vt 1079.104126 -410.981720
vt 1079.103516 -410.989563
vt 1079.642578 -411.036743
vt 1057.136841 -732.827698
vt 1057.137329 -732.819824
vt 1056.598389 -732.772644
vt 1078.605347 -410.945984
vt 1057.635498 -732.863403
vt 1080.679688 -411.127472
vt 1055.561279 -732.681946
vt 2.082237 -13.000000
vt 0.000000 0.000000
vt 0.000000 -13.000000
vt 2.082237 0.000000
vt 1.041119 0.000000
vt 0.500062 0.000000
vt -1057.136841 -732.827698
vt -1079.104126 -410.981720
vt -1080.181030 -411.091736
vt -1056.059937 -732.717651
vt 322.560150 -13.000000
vt 322.560150 0.000000
vt 1.082476 0.000000
vt 0.541238 -5.000000
vt 1.082476 -5.000000
vt 0.000000 -5.000000
vt -1080.679688 -411.127472
vt -1079.642578 -411.036713
vt -1057.137329 -732.819824
vt -1057.635498 -732.863403
vt -1079.103516 -410.989563
vt -1055.561279 -732.681946
vt -1078.605347 -410.945984
vt -1056.598389 -732.772644
vt 322.560150 -5.000000
vt 322.552246 -5.000000
s 0
usemtl Material__28_2
f 161/289/267 163/290/267 162/291/267
f 164/292/267 166/293/267 165/294/267
f 167/295/267 169/296/267 168/297/267
f 167/295/267 170/298/267 169/296/267
f 168/299/268 171/300/268 167/301/268
f 171/300/268 168/299/268 172/302/268
f 171/300/269 172/302/269 162/303/268
f 171/300/269 162/303/270 163/304/268
f 173/305/269 175/306/269 174/307/269
f 173/305/269 176/308/269 175/306/269
f 167/309/271 177/300/271 170/301/271
f 167/309/271 171/310/271 177/300/271
f 176/311/272 165/312/272 178/313/272
f 165/312/273 176/311/273 173/300/273
f 173/300/273 164/314/273 165/312/273
f 172/315/274 179/307/275 162/316/269
f 179/307/276 172/315/269 166/317/269
f 166/317/269 172/315/269 180/318/269
f 169/309/277 172/300/277 168/301/277
f 169/309/277 180/310/277 172/300/277
f 163/319/269 177/320/269 171/321/269
f 177/320/269 163/319/269 178/308/278
f 177/320/279 178/308/280 165/322/269
f 174/300/281 164/323/282 173/310/281
f 164/323/283 174/300/284 166/324/285
f 166/324/286 174/300/281 179/314/281
f 174/311/287 162/312/287 179/313/288
f 162/312/289 174/311/289 161/314/289
f 161/314/290 174/311/290 175/300/290
f 177/302/291 169/301/291 170/299/291
f 169/301/292 177/302/292 166/304/292
f 180/300/291 169/301/291 166/304/291
f 166/304/293 177/302/293 165/303/291
f 163/324/294 176/300/295 178/314/295
f 176/300/271 163/324/294 175/310/271
f 175/310/296 163/324/297 161/323/298
o Body__19_
v -28.424040 2.990001 -6.931737
v -28.429451 2.990001 -6.931585
v -28.424042 2.990001 -6.931658
v -28.442825 2.990001 -3.705845
v -28.437416 2.990001 -3.705996
v -28.442825 2.990001 -3.705923
v -28.419037 2.990000 -6.931724
v -28.427006 2.990001 -3.706133
v -28.432005 2.990001 -3.706146
v -28.442823 3.040001 -3.705845
v -28.434855 3.040002 -6.931435
v -28.424036 3.040000 -6.931736
v -28.432003 3.040001 -3.706146
v -28.439859 2.990000 -6.931447
v -28.439859 2.860001 -6.931447
v -28.419037 2.860001 -6.931725
v -28.434856 2.990001 -6.931435
v -28.427006 2.860001 -3.706134
v -28.447823 2.990002 -3.705857
v -28.447823 2.860001 -3.705857
vn -0.0000 -1.0000 -0.0000
vn 0.0002 1.0000 -0.0000
vn -0.0000 1.0000 -0.0000
vn 0.0001 1.0000 -0.0000
vn -0.0131 0.0002 -0.9999
vn -0.0133 -0.0000 -0.9999
vn -0.0133 0.0003 -0.9999
vn -0.0099 0.5547 -0.8320
vn -0.0095 0.5547 -0.8320
vn -0.0133 -0.0002 -0.9999
vn -0.0093 -0.8682 -0.4961
vn -0.5634 -0.7196 -0.4059
vn -0.0276 -0.0000 -0.9996
vn -0.0282 -0.0000 -0.9996
vn -0.0278 -0.0000 -0.9996
vn 1.0000 -0.0000 0.0025
vn -0.0002 1.0000 -0.0046
vn -0.0032 1.0000 -0.0042
vn -0.0000 1.0000 -0.0001
vn 0.0004 1.0000 0.0030
vn -0.0002 1.0000 -0.0000
vn -1.0000 -0.0000 -0.0025
vn 0.0277 -0.0000 0.9996
vn 0.0278 -0.0000 0.9996
vn 0.0280 -0.0000 0.9996
vn 0.0133 -0.0000 0.9999
vn 0.0132 -0.0000 0.9999
vn -0.0000 0.9806 -0.1961
vn -0.9992 -0.0091 -0.0396
vn -0.2457 0.9686 -0.0380
vn -0.2461 0.9692 -0.0000
vn -0.9997 0.0071 -0.0228
vn -0.2494 -0.0471 0.9673
vn 1.0000 -0.0001 0.0099
vn 1.0000 -0.0001 0.0025
vn 1.0000 -0.0000 0.0099
vn 0.9997 -0.0002 0.0242
vn 0.9997 0.0071 0.0242
vn 0.9992 -0.0001 0.0394
vt 1079.104126 -410.981720
vt 1079.103516 -410.989563
vt 1079.642578 -411.036743
vt 1057.136841 -732.827698
vt 1057.137329 -732.819824
vt 1056.598389 -732.772644
vt -1079.103516 -410.989563
vt -1055.561279 -732.681946
vt -1078.605347 -410.945984
vt -1056.059937 -732.717651
vt -1056.598389 -732.772644
vt -1057.136841 -732.827698
vt -1079.104126 -410.981720
vt -1080.181030 -411.091736
vt 2.082237 0.000000
vt 0.000000 -13.000000
vt 2.082237 -13.000000
vt 0.000000 0.000000
vt 1.041119 0.000000
vt 0.500062 0.000000
vt 1.082476 0.000000
vt 0.541238 -5.000000
vt 1.082476 -5.000000
vt 0.000000 -5.000000
vt 322.560150 -13.000000
vt 322.560150 0.000000
vt -1080.679688 -411.127472
vt -1079.642578 -411.036713
vt -1057.137329 -732.819824
vt -1057.635498 -732.863403
vt 1078.605347 -410.945984
vt 1057.635498 -732.863403
vt 1080.679688 -411.127472
vt 1055.561279 -732.681946
vt 322.560150 -5.000000
vt 322.552246 -5.000000
s 0
usemtl Material__28_2
f 181/325/299 183/326/299 182/327/299
f 184/328/299 186/329/299 185/330/299
f 183/331/300 188/332/300 187/333/300
f 188/332/301 183/331/301 189/334/301
f 188/332/301 189/334/301 185/335/301
f 190/336/302 192/337/302 191/338/302
f 190/336/301 193/334/301 192/337/301
f 194/339/303 196/340/304 195/341/304
f 196/340/304 194/339/305 187/342/304
f 187/342/306 194/339/307 182/343/308
f 187/342/309 182/343/310 183/344/304
f 191/345/311 182/346/311 197/347/311
f 182/346/312 191/345/312 181/348/312
f 181/348/313 191/345/313 192/342/313
f 196/349/314 188/342/314 198/340/314
f 196/349/314 187/350/314 188/342/314
f 194/351/315 197/338/316 182/352/317
f 197/338/318 194/351/319 186/353/319
f 186/353/300 194/351/300 199/354/300
f 200/349/320 194/342/320 195/340/320
f 200/349/320 199/350/320 194/342/320
f 196/355/299 200/356/299 195/357/299
f 196/355/299 198/358/299 200/356/299
f 193/345/321 185/346/321 189/347/321
f 185/346/322 193/345/322 190/342/322
f 190/342/323 184/348/323 185/346/323
f 188/339/324 200/340/324 198/341/324
f 200/340/325 188/339/325 186/344/325
f 199/342/324 200/340/324 186/344/324
f 186/344/326 188/339/326 185/343/324
f 191/342/320 184/359/327 190/350/320
f 184/359/328 191/342/329 186/360/330
f 186/360/331 191/342/320 197/348/320
f 183/360/332 193/342/333 189/348/333
f 193/342/333 183/360/334 192/350/333
f 192/350/335 183/360/336 181/359/337
o Body__20_
v -28.424038 3.140001 -6.931736
v -28.429451 3.140001 -6.931586
v -28.424040 3.140002 -6.931658
v -28.442823 3.140001 -3.705845
v -28.437414 3.140002 -3.705995
v -28.442823 3.140002 -3.705924
v -28.419037 3.140001 -6.931724
v -28.427004 3.140002 -3.706133
v -28.432003 3.140002 -3.706146
v -28.442823 3.190001 -3.705845
v -28.434856 3.190001 -6.931436
v -28.424038 3.190001 -6.931736
v -28.432003 3.190001 -3.706146
v -28.439857 3.140001 -6.931448
v -28.439857 3.010000 -6.931447
v -28.419037 3.010000 -6.931725
v -28.434856 3.140001 -6.931436
v -28.427004 3.010001 -3.706133
v -28.447823 3.140002 -3.705857
v -28.447823 3.010001 -3.705857
vn 0.0001 -1.0000 0.0039
vn -0.0001 -1.0000 -0.0039
vn 0.0002 1.0000 -0.0000
vn -0.0000 1.0000 -0.0000
vn -0.0133 -0.0000 -0.9999
vn -0.0133 -0.0003 -0.9999
vn -0.0003 0.5300 -0.8480
vn -0.0000 0.5300 -0.8480
vn -0.0134 -0.0014 -0.9999
vn -0.0176 -0.2425 -0.9700
vn -0.5469 -0.1860 -0.8163
vn -0.0278 -0.0000 -0.9996
vn -0.0275 -0.0000 -0.9996
vn -0.0279 -0.0000 -0.9996
vn 1.0000 -0.0000 0.0025
vn -1.0000 -0.0000 -0.0025
vn -0.0000 -1.0000 -0.0000
vn 0.0279 -0.0000 0.9996
vn 0.0278 -0.0000 0.9996
vn 0.0132 -0.0000 0.9999
vn 0.0133 -0.0000 0.9999
vn 0.0133 -0.0005 0.9999
vn 0.0005 1.0000 -0.0001
vn 0.0005 0.8824 0.4705
vn 0.9999 0.0110 -0.0074
vn -0.9992 0.0003 -0.0394
vn -0.9996 0.0006 -0.0288
vn -1.0000 -0.0000 0.0083
vn -0.9998 0.0005 -0.0209
vn -0.9995 -0.0000 -0.0317
vn 1.0000 -0.0000 0.0097
vn 1.0000 0.0001 0.0097
vn 0.9997 -0.0000 0.0245
vn 0.9997 0.0072 0.0245
vn 0.9992 0.0001 0.0394
vt 1079.104126 -410.981720
vt 1079.103516 -410.989563
vt 1079.642578 -411.036743
vt 1057.136841 -732.827698
vt 1057.137329 -732.819824
vt 1056.598389 -732.772644
vt -1079.103516 -410.989563
vt -1055.561279 -732.681946
vt -1078.605347 -410.945984
vt -1056.059937 -732.717651
vt -1056.598389 -732.772644
vt -1057.136841 -732.827698
vt -1079.104126 -410.981720
vt -1080.181030 -411.091736
vt 2.082237 0.000000
vt 0.000000 -13.000000
vt 2.082237 -13.000000
vt 0.000000 0.000000
vt 1.041119 0.000000
vt 0.500062 0.000000
vt 1.082476 0.000000
vt 0.541238 -5.000000
vt 1.082476 -5.000000
vt 0.000000 -5.000000
vt 322.560150 -13.000000
vt 322.560150 0.000000
vt -1080.679688 -411.127472
vt -1079.642578 -411.036713
vt -1057.137329 -732.819824
vt -1057.635498 -732.863403
vt 1078.605347 -410.945984
vt 1057.635498 -732.863403
vt 1080.679688 -411.127472
vt 1055.561279 -732.681946
vt 322.560150 -5.000000
vt 322.552246 -5.000000
s 0
usemtl Material__28_2
f 201/361/338 203/362/338 202/363/338
f 204/364/339 206/365/339 205/366/339
f 203/367/340 208/368/340 207/369/340
f 208/368/341 203/367/341 209/370/341
f 208/368/341 209/370/341 205/371/341
f 210/372/341 212/373/341 211/374/341
f 210/372/341 213/370/341 212/373/341
f 214/375/342 216/376/342 215/377/342
f 216/376/342 214/375/342 207/378/343
f 207/378/344 214/375/345 202/379/346
f 207/378/347 202/379/348 203/380/342
f 211/381/349 202/382/349 217/383/349
f 202/382/350 211/381/350 201/384/350
f 201/384/351 211/381/351 212/378/351
f 216/385/352 208/378/352 218/376/352
f 216/385/352 207/386/352 208/378/352
f 214/387/341 217/374/341 202/388/341
f 217/374/341 214/387/341 206/389/341
f 206/389/341 214/387/341 219/390/341
f 220/385/353 214/378/353 215/376/353
f 220/385/353 219/386/353 214/378/353
f 216/391/354 220/392/354 215/393/354
f 216/391/354 218/394/354 220/392/354
f 213/381/355 205/382/355 209/383/355
f 210/378/356 205/382/356 213/381/356
f 205/382/356 210/378/356 204/384/356
f 208/375/357 220/376/357 218/377/357
f 220/376/358 208/375/358 219/378/359
f 219/378/360 208/375/341 205/379/358
f 219/378/361 205/379/362 206/380/358
f 211/378/353 204/395/363 210/386/353
f 204/395/364 211/378/365 206/396/366
f 206/396/367 211/378/353 217/384/353
f 203/396/368 213/378/352 209/384/352
f 213/378/352 203/396/369 212/386/352
f 212/386/370 203/396/371 201/395/372
o Body__2_
v -28.424038 0.440000 -6.931737
v -28.429451 0.440000 -6.931586
v -28.424040 0.440000 -6.931658
v -28.442823 0.440001 -3.705845
v -28.437414 0.440001 -3.705996
v -28.442823 0.440001 -3.705924
v -28.419037 0.310000 -6.931724
v -28.439857 0.310000 -6.931447
v -28.447823 0.310001 -3.705857
v -28.427004 0.310001 -3.706134
v -28.439857 0.440000 -6.931447
v -28.419037 0.440000 -6.931725
v -28.434856 0.440000 -6.931436
v -28.434856 0.490000 -6.931436
v -28.424038 0.490000 -6.931736
v -28.427004 0.440001 -3.706134
v -28.447823 0.440001 -3.705857
v -28.432003 0.440001 -3.706147
v -28.432003 0.490001 -3.706146
v -28.442823 0.490001 -3.705845
vn -0.0000 -1.0000 -0.0011
vn -0.0000 -1.0000 0.0009
vn -0.0000 -1.0000 -0.0000
vn -0.0134 -0.0000 -0.9999
vn -0.0132 -0.0000 -0.9999
vn -0.0131 -0.0001 -0.9999
vn -0.0136 -0.0000 -0.9999
vn -0.0133 -0.0000 -0.9999
vn -0.0128 0.0002 -0.9999
vn -0.0279 -0.0000 -0.9996
vn -0.0278 -0.0000 -0.9996
vn 1.0000 -0.0000 0.0025
vn -0.0000 1.0000 -0.0000
vn -1.0000 -0.0000 -0.0025
vn 0.0004 1.0000 -0.0002
vn -0.0000 1.0000 -0.0006
vn -0.0002 1.0000 -0.0001
vn 0.0280 -0.0000 0.9996
vn 0.0279 -0.0000 0.9996
vn 0.0278 -0.0000 0.9996
vn -0.0000 0.9487 0.3162
vn 0.0133 -0.0000 0.9999
vn 0.0134 -0.0000 0.9999
vn 1.0000 -0.0001 0.0025
vn 1.0000 0.0001 0.0025
vn 0.9999 -0.0000 0.0100
vn 0.9997 -0.0000 0.0239
vn 0.9997 0.0076 0.0239
vn 0.9992 -0.0001 0.0394
vn -0.9999 0.0002 -0.0148
vn -0.9999 -0.0000 -0.0124
vn -1.0000 -0.0000 -0.0000
vn -1.0000 0.0002 -0.0087
vn -0.9999 -0.0000 -0.0111
vt 1079.104126 -410.981720
vt 1079.103516 -410.989563
vt 1079.642578 -411.036743
vt 1057.136841 -732.827698
vt 1057.137329 -732.819824
vt 1056.598389 -732.772644
vt 1078.605347 -410.945984
vt 1057.635498 -732.863403
vt 1080.679688 -411.127472
vt 1055.561279 -732.681946
vt 2.082237 0.000000
vt 1.041119 0.000000
vt 2.082237 -13.000000
vt 0.500062 0.000000
vt 0.000000 0.000000
vt 0.000000 -13.000000
vt 1.082476 -5.000000
vt 0.000000 -5.000000
vt 0.541238 -5.000000
vt 1.082476 0.000000
vt 322.560150 -13.000000
vt 322.560150 0.000000
vt -1080.679688 -411.127472
vt -1080.181030 -411.091736
vt -1079.642578 -411.036713
vt -1057.137329 -732.819824
vt -1057.635498 -732.863403
vt -1079.103516 -410.989563
vt -1055.561279 -732.681946
vt -1078.605347 -410.945984
vt -1056.059937 -732.717651
vt -1056.598389 -732.772644
vt -1057.136841 -732.827698
vt -1079.104126 -410.981720
vt 322.552246 -5.000000
vt 322.560150 -5.000000
s 0
usemtl Material__28_2
f 221/397/373 223/398/373 222/399/373
f 224/400/374 226/401/374 225/402/374
f 227/403/375 229/404/375 228/405/375
f 227/403/375 230/406/375 229/404/375
f 231/407/376 222/408/376 228/409/376
f 223/410/377 228/409/377 222/408/377
f 232/411/378 228/409/379 223/410/379
f 228/409/380 232/411/381 227/412/380
f 233/413/375 221/414/375 222/415/382
f 221/414/383 233/413/383 234/416/383
f 221/414/383 234/416/383 235/411/383
f 227/417/384 236/411/384 230/412/384
f 227/417/384 232/418/384 236/411/384
f 231/419/385 233/420/385 222/421/385
f 233/420/385 231/419/385 226/422/385
f 226/422/385 231/419/385 237/423/385
f 229/417/386 231/411/386 228/412/386
f 229/417/386 237/418/386 231/411/386
f 223/424/385 236/425/385 232/426/385
f 236/425/385 223/424/385 238/427/387
f 236/425/388 238/427/389 225/428/385
f 239/416/390 225/415/390 238/413/390
f 225/415/391 239/416/391 224/414/391
f 224/414/392 239/416/392 240/411/392
f 226/410/393 236/407/393 225/408/394
f 236/407/394 226/410/394 230/409/394
f 237/411/395 230/409/395 226/410/395
f 230/409/394 237/411/394 229/412/394
f 240/429/385 235/430/385 234/420/385
f 240/429/385 239/427/385 235/430/385
f 238/414/396 235/418/396 239/411/396
f 235/418/397 238/414/397 223/431/398
f 235/418/399 223/431/400 221/432/401
f 234/411/386 224/432/402 240/418/386
f 224/432/403 234/411/404 226/431/405
f 226/431/406 234/411/386 233/414/386
o Body__3_
v -28.424038 0.590000 -6.931736
v -28.429451 0.590000 -6.931585
v -28.424040 0.590000 -6.931657
v -28.442823 0.590001 -3.705845
v -28.437414 0.590001 -3.705995
v -28.442823 0.590001 -3.705923
v -28.434856 0.640000 -6.931435
v -28.442823 0.640001 -3.705844
v -28.434856 0.590000 -6.931435
v -28.439857 0.590000 -6.931447
v -28.439857 0.460000 -6.931447
v -28.419037 0.460000 -6.931725
v -28.419037 0.590000 -6.931724
v -28.424038 0.640000 -6.931736
v -28.427004 0.590001 -3.706133
v -28.427004 0.460001 -3.706133
v -28.447823 0.590001 -3.705857
v -28.447823 0.460001 -3.705857
v -28.432003 0.590001 -3.706146
v -28.432003 0.640001 -3.706146
vn -0.0000 -1.0000 -0.0000
vn -0.0000 -1.0000 0.0010
vn -1.0000 -0.0001 -0.0025
vn -0.9998 -0.0096 -0.0150
vn -0.2460 0.9692 -0.0157
vn -0.2461 0.9692 -0.0000
vn -0.9999 0.0070 -0.0105
vn -0.2494 -0.0224 0.9681
vn -1.0000 -0.0000 -0.0025
vn -0.0134 -0.0000 -0.9999
vn -0.0133 -0.0000 -0.9999
vn -0.0000 0.9701 0.2425
vn -0.0278 -0.0000 -0.9996
vn -0.0279 -0.0000 -0.9996
vn -0.0277 -0.0000 -0.9996
vn -0.0000 0.9701 -0.2425
vn 0.0133 -0.0000 0.9999
vn 0.0132 -0.0000 0.9999
vn -0.0000 1.0000 0.0006
vn 0.0002 1.0000 0.0003
vn -0.0000 1.0000 -0.0001
vn -0.0003 1.0000 0.0002
vn -0.0000 1.0000 -0.0000
vn -0.0000 0.9965 0.0830
vn 0.0279 -0.0000 0.9996
vn 1.0000 -0.0000 0.0099
vn 1.0000 -0.0000 0.0025
vn 1.0000 0.0001 0.0099
vn 0.9997 -0.0000 0.0242
vn 0.9997 0.0074 0.0242
vn 0.9992 -0.0000 0.0395
vt 1079.104126 -410.981720
vt 1079.103516 -410.989563
vt 1079.642578 -411.036743
vt 1057.136841 -732.827698
vt 1057.137329 -732.819824
vt 1056.598389 -732.772644
vt 0.000000 0.000000
vt 322.560150 -5.000000
vt 322.560150 0.000000
vt 322.552246 -5.000000
vt 0.000000 -5.000000
vt 2.082237 0.000000
vt 0.000000 -13.000000
vt 2.082237 -13.000000
vt 0.500062 0.000000
vt 1.041119 0.000000
vt 1.082476 0.000000
vt 0.541238 -5.000000
vt 1.082476 -5.000000
vt -1080.679688 -411.127472
vt -1080.181030 -411.091736
vt -1079.642578 -411.036713
vt -1057.137329 -732.819824
vt -1057.635498 -732.863403
vt -1079.103516 -410.989563
vt -1055.561279 -732.681946
vt -1078.605347 -410.945984
vt -1056.059937 -732.717651
vt -1056.598389 -732.772644
vt 1078.605347 -410.945984
vt 1057.635498 -732.863403
vt 1080.679688 -411.127472
vt 1055.561279 -732.681946
vt 322.560150 -13.000000
vt -1057.136841 -732.827698
vt -1079.104126 -410.981720
s 0
usemtl Material__28_2
f 241/433/407 243/434/407 242/435/407
f 244/436/408 246/437/408 245/438/408
f 247/439/409 244/440/410 248/441/409
f 244/440/411 247/439/412 246/442/413
f 246/442/414 247/439/415 249/443/415
f 250/444/416 252/445/416 251/446/416
f 252/445/417 250/444/417 243/447/417
f 253/439/416 252/445/416 243/447/416
f 243/447/418 250/444/418 242/448/417
f 247/449/419 242/450/419 249/451/419
f 254/439/420 242/450/420 247/449/420
f 242/450/421 254/439/421 241/443/421
f 246/447/422 255/444/422 245/448/423
f 255/444/424 246/447/424 256/446/424
f 257/439/424 256/446/424 246/447/424
f 256/446/423 257/439/423 258/445/423
f 250/452/425 249/453/426 242/454/427
f 249/453/428 250/452/429 246/455/429
f 246/455/429 250/452/429 257/456/429
f 243/457/429 255/458/429 253/459/429
f 255/458/429 243/457/429 259/460/429
f 255/458/429 259/460/429 245/461/429
f 259/451/430 244/443/430 245/450/431
f 244/443/431 259/451/431 248/439/431
f 248/439/431 259/451/431 260/449/431
f 252/462/407 258/463/407 251/464/407
f 252/462/407 256/465/407 258/463/407
f 258/466/415 250/439/415 251/445/415
f 258/466/415 257/441/415 250/439/415
f 248/467/429 254/468/429 247/453/429
f 248/467/429 260/460/429 254/468/429
f 243/442/432 260/439/433 259/443/433
f 260/439/433 243/442/434 254/441/433
f 254/441/435 243/442/436 241/440/437
f 252/466/433 255/439/433 256/445/433
f 252/466/433 253/441/433 255/439/433
o Body__4_
v -28.424038 0.740000 -6.931737
v -28.429449 0.740000 -6.931585
v -28.424040 0.740000 -6.931657
v -28.442823 0.740001 -3.705845
v -28.437414 0.740001 -3.705995
v -28.442823 0.740001 -3.705923
v -28.419037 0.740000 -6.931725
v -28.427004 0.740001 -3.706133
v -28.432003 0.740001 -3.706145
v -28.442825 0.790001 -3.705845
v -28.434858 0.790000 -6.931434
v -28.424040 0.790000 -6.931736
v -28.432005 0.790001 -3.706146
v -28.439857 0.740000 -6.931447
v -28.439857 0.610000 -6.931447
v -28.419037 0.610000 -6.931724
v -28.434855 0.740000 -6.931435
v -28.427004 0.610001 -3.706133
v -28.447821 0.740001 -3.705857
v -28.447821 0.610001 -3.705857
vn -0.0000 -1.0000 -0.0010
vn -0.0000 -1.0000 -0.0000
vn -0.0000 1.0000 -0.0000
vn -0.0133 -0.0000 -0.9999
vn -0.0137 -0.0000 -0.9999
vn -0.0000 0.9701 0.2425
vn -0.0000 -0.9975 -0.0712
vn -0.0278 -0.0000 -0.9996
vn -0.0280 -0.0000 -0.9996
vn 1.0000 -0.0000 0.0025
vn -1.0000 -0.0000 -0.0025
vn 0.0278 -0.0000 0.9996
vn 0.0276 -0.0000 0.9996
vn 0.0133 -0.0000 0.9999
vn 0.0132 -0.0000 0.9999
vn -1.0000 -0.0001 -0.0025
vn -0.9992 -0.0092 -0.0396
vn -0.2492 0.9677 -0.0380
vn -0.2496 0.9683 -0.0000
vn -0.9997 0.0070 -0.0228
vn -0.2529 -0.0470 0.9663
vn 0.9999 -0.0001 0.0100
vn 1.0000 0.0001 0.0025
vn 0.9999 -0.0000 0.0100
vn 0.9997 0.0001 0.0239
vn 0.9997 0.0077 0.0240
vn 0.9992 -0.0000 0.0394
vt 1079.104126 -410.981720
vt 1079.103516 -410.989563
vt 1079.642578 -411.036743
vt 1057.136841 -732.827698
vt 1057.137329 -732.819824
vt 1056.598389 -732.772644
vt -1079.103516 -410.989563
vt -1055.561279 -732.681946
vt -1078.605347 -410.945984
vt -1056.059937 -732.717651
vt -1056.598389 -732.772644
vt -1057.136841 -732.827698
vt -1079.104126 -410.981720
vt -1080.181030 -411.091736
vt 2.082237 0.000000
vt 0.000000 -13.000000
vt 2.082237 -13.000000
vt 0.500062 0.000000
vt 0.000000 0.000000
vt 1.041119 0.000000
vt 1.082476 -5.000000
vt 0.000000 -5.000000
vt 0.541238 -5.000000
vt 1.082476 0.000000
vt 322.560150 -13.000000
vt 322.560150 0.000000
vt -1080.679688 -411.127472
vt -1079.642578 -411.036713
vt -1057.137329 -732.819824
vt -1057.635498 -732.863403
vt 1078.605347 -410.945984
vt 1057.635498 -732.863403
vt 1080.679688 -411.127472
vt 1055.561279 -732.681946
vt 322.560150 -5.000000
vt 322.552246 -5.000000
s 0
usemtl Material__28_2
f 261/469/438 263/470/438 262/471/438
f 264/472/439 266/473/439 265/474/439
f 263/475/440 268/476/440 267/477/440
f 268/476/440 263/475/440 269/478/440
f 268/476/440 269/478/440 265/479/440
f 270/480/440 272/481/440 271/482/440
f 270/480/440 273/478/440 272/481/440
f 274/483/441 276/484/441 275/485/441
f 276/484/441 274/483/441 263/486/441
f 267/487/441 276/484/442 263/486/442
f 263/486/443 274/483/443 262/488/441
f 277/489/444 261/490/444 262/491/445
f 261/490/446 277/489/446 272/487/446
f 272/487/445 277/489/445 271/492/445
f 276/493/447 268/487/447 278/484/447
f 276/493/447 267/494/447 268/487/447
f 274/495/440 277/482/440 262/496/440
f 277/482/440 274/495/440 266/497/440
f 266/497/440 274/495/440 279/498/440
f 280/493/448 274/487/448 275/484/448
f 280/493/448 279/494/448 274/487/448
f 276/499/439 280/500/439 275/501/439
f 276/499/439 278/502/439 280/500/439
f 265/491/449 270/487/449 264/490/449
f 270/487/450 265/491/450 269/489/450
f 270/487/449 269/489/449 273/492/449
f 266/486/440 268/483/440 265/488/451
f 268/483/452 266/486/452 278/485/452
f 279/487/452 278/485/452 266/486/452
f 278/485/451 279/487/451 280/484/451
f 271/487/453 264/503/454 270/494/453
f 264/503/455 271/487/456 266/504/457
f 266/504/458 271/487/453 277/490/453
f 263/504/459 273/487/460 269/490/460
f 273/487/447 263/504/461 272/494/447
f 272/494/462 263/504/463 261/503/464
o Body__5_
v -28.424040 0.890000 -6.931736
v -28.429453 0.890000 -6.931585
v -28.424042 0.890000 -6.931658
v -28.442825 0.890001 -3.705845
v -28.437416 0.890001 -3.705996
v -28.442825 0.890001 -3.705923
v -28.419037 0.890000 -6.931724
v -28.427006 0.890001 -3.706133
v -28.432005 0.890001 -3.706146
v -28.442823 0.940001 -3.705845
v -28.434855 0.940000 -6.931435
v -28.424038 0.940000 -6.931737
v -28.432003 0.940001 -3.706146
v -28.439859 0.890000 -6.931447
v -28.439859 0.760000 -6.931447
v -28.419037 0.760000 -6.931725
v -28.434858 0.890000 -6.931435
v -28.427006 0.760001 -3.706133
v -28.447824 0.890001 -3.705857
v -28.447824 0.760001 -3.705857
vn -0.0000 -1.0000 -0.0000
vn -0.0000 -1.0000 0.0010
vn -0.0000 1.0000 -0.0000
vn -0.0134 -0.0000 -0.9999
vn -0.0132 -0.0000 -0.9999
vn -0.0133 -0.0000 -0.9999
vn -0.0000 -0.9899 0.1414
vn -0.0279 -0.0000 -0.9996
vn -0.0278 -0.0000 -0.9996
vn -0.0280 -0.0000 -0.9996
vn 1.0000 -0.0000 0.0025
vn -0.0000 1.0000 -0.0011
vn -0.0008 1.0000 -0.0011
vn -0.0000 1.0000 0.0008
vn -1.0000 -0.0000 -0.0025
vn 0.0277 -0.0000 0.9996
vn 0.0278 -0.0000 0.9996
vn 0.0132 -0.0000 0.9999
vn 0.0133 -0.0000 0.9999
vn -0.0000 0.9964 -0.0848
vn 0.0134 0.0003 0.9999
vn 0.9963 0.0845 -0.0132
vn -0.9992 -0.0092 -0.0395
vn -0.2457 0.9686 -0.0380
vn -0.2461 0.9692 -0.0000
vn -0.9997 0.0071 -0.0228
vn -0.2494 -0.0470 0.9673
vn -1.0000 0.0001 -0.0025
vn 1.0000 -0.0001 0.0099
vn 1.0000 -0.0001 0.0025
vn 1.0000 -0.0000 0.0099
vn 0.9997 -0.0001 0.0242
vn 0.9997 0.0073 0.0242
vn 0.9992 -0.0001 0.0394
vt 1079.104126 -410.981720
vt 1079.103516 -410.989563
vt 1079.642578 -411.036743
vt 1057.136841 -732.827698
vt 1057.137329 -732.819824
vt 1056.598389 -732.772644
vt -1079.103516 -410.989563
vt -1055.561279 -732.681946
vt -1078.605347 -410.945984
vt -1056.059937 -732.717651
vt -1056.598389 -732.772644
vt -1057.136841 -732.827698
vt -1079.104126 -410.981720
vt -1080.181030 -411.091736
vt 2.082237 0.000000
vt 0.000000 -13.000000
vt 2.082237 -13.000000
vt 1.041119 0.000000
vt 0.000000 0.000000
vt 0.500062 0.000000
vt 1.082476 -5.000000
vt 0.000000 -5.000000
vt 0.541238 -5.000000
vt 1.082476 0.000000
vt 322.560150 -13.000000
vt 322.560150 0.000000
vt -1080.679688 -411.127472
vt -1079.642578 -411.036713
vt -1057.137329 -732.819824
vt -1057.635498 -732.863403
vt 1078.605347 -410.945984
vt 1057.635498 -732.863403
vt 1080.679688 -411.127472
vt 1055.561279 -732.681946
vt 322.560150 -5.000000
vt 322.552246 -5.000000
s 0
usemtl Material__28_2
f 281/505/465 283/506/465 282/507/465
f 284/508/466 286/509/466 285/510/466
f 283/511/467 288/512/467 287/513/467
f 288/512/467 283/511/467 289/514/467
f 288/512/467 289/514/467 285/515/467
f 290/516/467 292/517/467 291/518/467
f 290/516/467 293/514/467 292/517/467
f 294/519/468 296/520/468 295/521/468
f 296/520/469 294/519/469 282/522/469
f 282/522/468 287/523/468 296/520/468
f 287/523/465 282/522/465 283/524/470
f 297/525/471 281/526/471 282/527/472
f 281/526/473 297/525/473 292/523/473
f 292/523/474 297/525/474 291/528/474
f 296/529/475 288/523/475 298/520/475
f 296/529/475 287/530/475 288/523/475
f 294/531/476 297/518/477 282/532/467
f 297/518/478 294/531/467 286/533/467
f 286/533/467 294/531/467 299/534/467
f 300/529/479 294/523/479 295/520/479
f 300/529/479 299/530/479 294/523/479
f 296/535/465 300/536/465 295/537/465
f 296/535/465 298/538/465 300/536/465
f 293/528/480 285/527/480 289/525/480
f 285/527/481 293/528/481 284/526/481
f 284/526/481 293/528/481 290/523/481
f 288/519/482 300/520/482 298/521/482
f 300/520/483 288/519/483 299/523/483
f 299/523/484 288/519/484 285/522/485
f 299/523/465 285/522/486 286/524/483
f 291/523/479 284/539/487 290/530/479
f 284/539/488 291/523/489 286/540/490
f 286/540/491 291/523/492 297/526/492
f 283/540/493 293/523/494 289/526/494
f 293/523/494 283/540/495 292/530/494
f 292/530/496 283/540/497 281/539/498
o Body__6_
v -28.424038 1.040001 -6.931736
v -28.429449 1.040001 -6.931585
v -28.424040 1.040001 -6.931658
v -28.442823 1.040002 -3.705845
v -28.437414 1.040001 -3.705995
v -28.442823 1.040002 -3.705923
v -28.419037 1.040001 -6.931724
v -28.427004 1.040001 -3.706133
v -28.432003 1.040001 -3.706146
v -28.442823 1.090001 -3.705845
v -28.434855 1.090001 -6.931435
v -28.424038 1.090001 -6.931736
v -28.432003 1.090001 -3.706145
v -28.439857 1.040001 -6.931448
v -28.439857 0.910000 -6.931447
v -28.419037 0.910000 -6.931725
v -28.434855 1.040001 -6.931435
v -28.427004 0.910001 -3.706133
v -28.447821 1.040002 -3.705857
v -28.447821 0.910001 -3.705857
vn -0.0000 -1.0000 -0.0011
vn -0.0002 -1.0000 -0.0000
vn -0.0000 1.0000 -0.0000
vn -0.0133 -0.0000 -0.9999
vn -0.0132 -0.0000 -0.9999
vn -0.0134 -0.0000 -0.9999
vn -0.0000 -0.9923 0.1240
vn -0.0279 -0.0000 -0.9996
vn -0.0278 -0.0000 -0.9996
vn 1.0000 -0.0000 0.0025
vn -1.0000 -0.0000 -0.0025
vn -0.0000 -1.0000 -0.0000
vn 0.0280 -0.0000 0.9996
vn 0.0276 -0.0000 0.9996
vn 0.0277 -0.0000 0.9996
vn 0.0132 -0.0000 0.9999
vn 0.0133 -0.0000 0.9999
vn 0.0133 0.0003 0.9999
vn -0.0132 0.2873 -0.9577
vn -0.0136 0.2873 -0.9577
vn 0.0132 -0.0002 0.9999
vn 0.0105 -0.4472 0.8944
vn 0.2786 0.4262 -0.8606
vn -0.9992 -0.0092 -0.0395
vn -0.2457 0.9686 -0.0380
vn -0.2461 0.9692 -0.0000
vn -0.9997 0.0070 -0.0228
vn -0.2493 -0.0471 0.9673
vn 1.0000 -0.0000 0.0097
vn 0.9997 -0.0000 0.0246
vn 0.9997 0.0072 0.0246
vn 0.9992 -0.0001 0.0394
vt 1079.104126 -410.981720
vt 1079.103516 -410.989563
vt 1079.642578 -411.036743
vt 1057.136841 -732.827698
vt 1057.137329 -732.819824
vt 1056.598389 -732.772644
vt -1079.103516 -410.989563
vt -1055.561279 -732.681946
vt -1078.605347 -410.945984
vt -1056.059937 -732.717651
vt -1056.598389 -732.772644
vt -1057.136841 -732.827698
vt -1079.104126 -410.981720
vt -1080.181030 -411.091736
vt 0.500062 0.000000
vt 2.082237 0.000000
vt 1.041119 0.000000
vt 2.082237 -13.000000
vt 0.000000 0.000000
vt 0.000000 -13.000000
vt 1.082476 -5.000000
vt 0.000000 -5.000000
vt 0.541238 -5.000000
vt 1.082476 0.000000
vt 322.560150 -13.000000
vt 322.560150 0.000000
vt -1080.679688 -411.127472
vt -1079.642578 -411.036713
vt -1057.137329 -732.819824
vt -1057.635498 -732.863403
vt 1078.605347 -410.945984
vt 1057.635498 -732.863403
vt 1080.679688 -411.127472
vt 1055.561279 -732.681946
vt 322.560150 -5.000000
vt 322.552246 -5.000000
s 0
usemtl Material__28_2
f 301/541/499 303/542/499 302/543/499
f 304/544/500 306/545/500 305/546/500
f 303/547/501 308/548/501 307/549/501
f 308/548/501 303/547/501 309/550/501
f 308/548/501 309/550/501 305/551/501
f 310/552/501 312/553/501 311/554/501
f 310/552/501 313/550/501 312/553/501
f 303/555/501 314/556/501 302/557/502
f 314/556/502 303/555/502 315/558/502
f 307/559/503 315/558/503 303/555/503
f 315/558/504 307/559/504 316/560/504
f 317/561/505 301/562/505 302/563/506
f 301/562/506 317/561/506 312/559/506
f 312/559/507 317/561/507 311/564/507
f 316/565/508 308/559/508 318/560/508
f 316/565/508 307/566/508 308/559/508
f 314/567/501 317/554/501 302/568/501
f 317/554/501 314/567/501 306/569/501
f 306/569/501 314/567/501 319/570/501
f 320/565/509 314/559/509 315/560/509
f 320/565/509 319/566/509 314/559/509
f 316/571/510 320/572/510 315/573/510
f 316/571/510 318/574/510 320/572/510
f 313/564/511 305/563/511 309/561/511
f 305/563/512 313/564/512 304/562/512
f 304/562/513 313/564/513 310/559/513
f 308/556/514 320/560/514 318/558/514
f 320/560/515 308/556/515 319/559/516
f 319/559/517 308/556/518 305/557/519
f 319/559/520 305/557/521 306/555/515
f 311/559/509 304/575/522 310/566/509
f 304/575/523 311/559/524 306/576/525
f 306/576/526 311/559/509 317/562/509
f 309/562/508 312/566/508 313/559/508
f 312/566/508 309/562/508 303/576/527
f 312/566/528 303/576/529 301/575/530
o Body__7_
v -28.424038 1.190001 -6.931736
v -28.429449 1.190001 -6.931585
v -28.424040 1.190001 -6.931657
v -28.442823 1.190001 -3.705845
v -28.437414 1.190001 -3.705995
v -28.442823 1.190001 -3.705923
v -28.419037 1.190001 -6.931724
v -28.427004 1.190001 -3.706133
v -28.432003 1.190001 -3.706146
v -28.442823 1.240001 -3.705845
v -28.434855 1.240000 -6.931434
v -28.424038 1.240000 -6.931736
v -28.432003 1.240001 -3.706146
v -28.439857 1.190001 -6.931447
v -28.439857 1.060001 -6.931448
v -28.419037 1.060001 -6.931724
v -28.434855 1.190001 -6.931435
v -28.427004 1.060001 -3.706133
v -28.447821 1.190001 -3.705857
v -28.447821 1.060001 -3.705857
vn -0.0001 -1.0000 -0.0009
vn -0.0000 -1.0000 -0.0009
vn -0.0000 1.0000 -0.0000
vn -0.0000 1.0000 -0.0007
vn -0.0000 1.0000 0.0011
vn 0.0007 1.0000 0.0011
vn -0.0000 1.0000 0.0002
vn -0.0133 -0.0000 -0.9999
vn -0.0132 -0.0000 -0.9999
vn -0.0136 -0.0000 -0.9999
vn -0.0000 0.8944 0.4472
vn -0.0133 -0.0001 -0.9999
vn -0.0276 -0.0000 -0.9996
vn -0.0280 -0.0000 -0.9996
vn -0.0277 -0.0000 -0.9996
vn 1.0000 -0.0000 0.0025
vn -1.0000 -0.0000 -0.0025
vn -0.0000 -1.0000 -0.0000
vn 0.0278 -0.0000 0.9996
vn 0.0279 -0.0000 0.9996
vn 0.0133 -0.0000 0.9999
vn 0.0136 0.0001 0.9999
vn 0.0133 0.0003 0.9999
vn 0.0132 -0.0000 0.9999
vn 0.0003 1.0000 -0.0000
vn 0.0003 -1.0000 -0.0000
vn 0.9999 -0.0000 -0.0134
vn -0.9992 0.0006 -0.0393
vn -0.9993 -0.0000 -0.0369
vn -1.0000 -0.0000 -0.0000
vn -0.9998 0.0003 -0.0210
vn -0.9997 -0.0000 -0.0234
vn 1.0000 0.0001 0.0073
vn 1.0000 0.0048 0.0025
vn 0.9997 -0.0000 0.0242
vn 0.9998 -0.0000 0.0194
vn 0.9999 -0.0000 0.0149
vt 1079.104126 -410.981720
vt 1079.103516 -410.989563
vt 1079.642578 -411.036743
vt 1057.136841 -732.827698
vt 1057.137329 -732.819824
vt 1056.598389 -732.772644
vt -1079.103516 -410.989563
vt -1055.561279 -732.681946
vt -1078.605347 -410.945984
vt -1056.059937 -732.717651
vt -1056.598389 -732.772644
vt -1057.136841 -732.827698
vt -1079.104126 -410.981720
vt -1080.181030 -411.091736
vt 2.082237 0.000000
vt 0.000000 -13.000000
vt 2.082237 -13.000000
vt 0.500062 0.000000
vt 0.000000 0.000000
vt 1.041119 0.000000
vt 1.082476 0.000000
vt 0.541238 -5.000000
vt 1.082476 -5.000000
vt 0.000000 -5.000000
vt 322.560150 -13.000000
vt 322.560150 0.000000
vt -1080.679688 -411.127472
vt -1079.642578 -411.036713
vt -1057.137329 -732.819824
vt -1057.635498 -732.863403
vt 1078.605347 -410.945984
vt 1057.635498 -732.863403
vt 1080.679688 -411.127472
vt 1055.561279 -732.681946
vt 322.560150 -5.000000
vt 322.552246 -5.000000
s 0
usemtl Material__28_2
f 321/577/531 323/578/531 322/579/531
f 324/580/532 326/581/532 325/582/532
f 323/583/533 328/584/533 327/585/533
f 328/584/533 323/583/533 329/586/534
f 328/584/535 329/586/536 325/587/537
f 330/588/533 332/589/533 331/590/533
f 330/588/533 333/586/533 332/589/533
f 334/591/538 336/592/538 335/593/538
f 336/592/538 334/591/538 323/594/538
f 327/595/539 336/592/540 323/594/540
f 323/594/541 334/591/541 322/596/542
f 331/597/543 322/598/543 337/599/544
f 332/595/544 322/598/544 331/597/544
f 322/598/545 332/595/545 321/600/545
f 336/601/546 328/595/546 338/592/546
f 336/601/546 327/602/546 328/595/546
f 334/603/533 337/590/533 322/604/533
f 337/590/533 334/603/533 326/605/533
f 326/605/533 334/603/533 339/606/533
f 340/601/547 334/595/547 335/592/547
f 340/601/547 339/602/547 334/595/547
f 336/607/548 340/608/548 335/609/548
f 336/607/548 338/610/548 340/608/548
f 325/598/549 330/595/549 324/600/549
f 330/595/550 325/598/550 329/599/550
f 330/595/549 329/599/549 333/597/549
f 338/593/551 339/595/552 340/592/551
f 339/595/553 338/593/554 328/591/554
f 339/595/555 328/591/533 325/596/554
f 339/595/556 325/596/557 326/594/551
f 331/595/547 324/611/558 330/602/547
f 324/611/559 331/595/560 326/612/561
f 326/612/562 331/595/547 337/600/547
f 323/612/563 333/595/546 329/600/546
f 333/595/546 323/612/564 332/602/546
f 332/602/565 323/612/566 321/611/567
o Body__8_
v -28.424038 1.340001 -6.931736
v -28.429451 1.340001 -6.931585
v -28.424040 1.340001 -6.931657
v -28.442823 1.340001 -3.705845
v -28.437414 1.340001 -3.705995
v -28.442823 1.340001 -3.705923
v -28.419037 1.340001 -6.931724
v -28.427004 1.340001 -3.706133
v -28.432003 1.340001 -3.706146
v -28.442823 1.390001 -3.705845
v -28.434856 1.390001 -6.931435
v -28.424038 1.390001 -6.931737
v -28.432003 1.390001 -3.706146
v -28.439857 1.340001 -6.931447
v -28.439857 1.210001 -6.931447
v -28.419037 1.210001 -6.931724
v -28.434856 1.340001 -6.931435
v -28.427004 1.210001 -3.706133
v -28.447823 1.340001 -3.705857
v -28.447823 1.210001 -3.705857
vn 0.0001 -1.0000 0.0019
vn -0.0000 -1.0000 -0.0000
vn -0.0000 1.0000 -0.0000
vn 0.0007 1.0000 -0.0004
vn -0.0000 1.0000 -0.0011
vn -0.0004 1.0000 -0.0005
vn -0.0000 1.0000 -0.0002
vn -0.0132 -0.0000 -0.9999
vn -0.0134 -0.0000 -0.9999
vn -0.0133 -0.0000 -0.9999
vn -0.0133 0.0001 -0.9999
vn -0.0000 -0.9864 -0.1644
vn -0.0003 -0.9864 -0.1646
vn -0.0279 -0.0000 -0.9996
vn -0.0281 -0.0000 -0.9996
vn -0.0278 -0.0000 -0.9996
vn -0.0280 -0.0000 -0.9996
vn 1.0000 -0.0000 0.0025
vn -1.0000 -0.0000 -0.0025
vn 0.0279 -0.0000 0.9996
vn 0.0278 -0.0000 0.9996
vn 0.0133 -0.0000 0.9999
vn 0.0132 -0.0000 0.9999
vn -0.0000 0.8944 0.4472
vn 0.0132 -0.0013 0.9999
vn -0.0000 -0.9615 0.2747
vn 0.8938 -0.4328 0.1172
vn 0.0133 -0.0001 0.9999
vn -1.0000 -0.0000 -0.0000
vn -0.9998 0.0197 -0.0000
vn -0.9992 -0.0000 -0.0393
vn -0.9998 0.0003 -0.0222
vn -1.0000 0.0001 -0.0025
vn -0.9998 -0.0001 -0.0222
vn 0.9999 -0.0001 0.0100
vn 1.0000 0.0001 0.0025
vn 0.9999 0.0001 0.0100
vn 0.9997 -0.0000 0.0239
vn 0.9997 0.0076 0.0239
vn 0.9992 0.0001 0.0394
vt 1079.104126 -410.981720
vt 1079.103516 -410.989563
vt 1079.642578 -411.036743
vt 1057.136841 -732.827698
vt 1057.137329 -732.819824
vt 1056.598389 -732.772644
vt -1079.103516 -410.989563
vt -1055.561279 -732.681946
vt -1078.605347 -410.945984
vt -1056.059937 -732.717651
vt -1056.598389 -732.772644
vt -1057.136841 -732.827698
vt -1079.104126 -410.981720
vt -1080.181030 -411.091736
vt 2.082237 0.000000
vt 1.041119 0.000000
vt 2.082237 -13.000000
vt 0.000000 0.000000
vt 0.000000 -13.000000
vt 0.500062 0.000000
vt 1.082476 -5.000000
vt 0.000000 -5.000000
vt 0.541238 -5.000000
vt 1.082476 0.000000
vt 322.560150 -13.000000
vt 322.560150 0.000000
vt -1080.679688 -411.127472
vt -1079.642578 -411.036713
vt -1057.137329 -732.819824
vt -1057.635498 -732.863403
vt 1078.605347 -410.945984
vt 1057.635498 -732.863403
vt 1080.679688 -411.127472
vt 1055.561279 -732.681946
vt 322.552246 -5.000000
vt 322.560150 -5.000000
s 0
usemtl Material__28_2
f 341/613/568 343/614/568 342/615/568
f 344/616/569 346/617/569 345/618/569
f 343/619/570 348/620/570 347/621/570
f 348/620/570 343/619/570 349/622/571
f 348/620/572 349/622/573 345/623/574
f 350/624/570 352/625/570 351/626/570
f 350/624/570 353/622/570 352/625/570
f 354/627/575 342/628/575 355/629/575
f 347/630/576 355/629/576 342/628/576
f 355/629/577 347/630/577 356/631/577
f 347/630/570 342/628/570 343/632/578
f 357/633/579 341/634/580 342/635/581
f 341/634/582 357/633/583 352/630/583
f 352/630/584 357/633/584 351/636/584
f 356/637/585 348/630/585 358/631/585
f 356/637/585 347/638/585 348/630/585
f 354/639/570 357/626/570 342/640/570
f 357/626/570 354/639/570 346/641/570
f 346/641/570 354/639/570 359/642/570
f 360/637/586 354/630/586 355/631/586
f 360/637/586 359/638/586 354/630/586
f 356/643/569 360/644/569 355/645/569
f 356/643/569 358/646/569 360/644/569
f 353/636/587 345/635/587 349/633/587
f 345/635/588 353/636/588 344/634/588
f 344/634/588 353/636/588 350/630/588
f 358/629/589 359/630/589 360/631/589
f 359/630/590 358/629/590 348/627/590
f 359/630/591 348/627/591 345/628/592
f 359/630/593 345/628/594 346/632/595
f 350/638/596 346/647/597 344/648/598
f 346/647/599 350/638/600 351/630/600
f 346/647/601 351/630/586 357/634/586
f 343/647/602 353/630/585 349/634/585
f 353/630/603 343/647/604 352/638/603
f 352/638/605 343/647/606 341/648/607
o Body__9_
v -28.424040 1.490000 -6.931736
v -28.429453 1.490000 -6.931586
v -28.424042 1.490000 -6.931658
v -28.442827 1.490001 -3.705845
v -28.437416 1.490001 -3.705996
v -28.442827 1.490001 -3.705924
v -28.419041 1.490000 -6.931724
v -28.427006 1.490001 -3.706134
v -28.432007 1.490001 -3.706146
v -28.442827 1.540001 -3.705845
v -28.434858 1.540001 -6.931435
v -28.424040 1.540001 -6.931736
v -28.432007 1.540001 -3.706146
v -28.439859 1.360000 -6.931447
v -28.419041 1.360000 -6.931724
v -28.439859 1.490000 -6.931447
v -28.434858 1.490000 -6.931435
v -28.427006 1.360001 -3.706134
v -28.447824 1.490001 -3.705857
v -28.447824 1.360001 -3.705857
vn -0.0000 -1.0000 -0.0000
vn 0.0001 -1.0000 0.0039
vn -0.0000 1.0000 -0.0000
vn -0.0133 -0.0000 -0.9999
vn -0.0132 -0.0000 -0.9999
vn 0.9999 -0.0000 -0.0133
vn -0.0278 -0.0000 -0.9996
vn -0.0281 -0.0000 -0.9996
vn -0.0280 -0.0003 -0.9996
vn -0.0280 -0.0000 -0.9996
vn 1.0000 -0.0000 0.0025
vn -0.0000 1.0000 0.0023
vn 0.0007 1.0000 0.0010
vn -0.0000 1.0000 -0.0001
vn -0.0013 1.0000 0.0007
vn -1.0000 -0.0000 -0.0025
vn 0.0278 -0.0000 0.9996
vn 0.0133 -0.0000 0.9999
vn 0.0132 -0.0000 0.9999
vn 0.0135 -0.0000 0.9999
vn -0.0000 0.7071 0.7071
vn -0.0000 -0.3827 0.9239
vn -0.9999 0.0002 -0.0148
vn -0.9999 -0.0000 -0.0124
vn -1.0000 -0.0000 -0.0000
vn -1.0000 0.0001 -0.0087
vn -0.9999 -0.0000 -0.0111
vn 1.0000 0.0049 0.0025
vn 0.9997 -0.0000 0.0242
vn 0.9998 -0.0000 0.0193
vn 0.9999 -0.0000 0.0149
vt 1079.104126 -410.981720
vt 1079.103516 -410.989563
vt 1079.642578 -411.036743
vt 1057.136841 -732.827698
vt 1057.137329 -732.819824
vt 1056.598389 -732.772644
vt -1079.103516 -410.989563
vt -1055.561279 -732.681946
vt -1078.605347 -410.945984
vt -1056.059937 -732.717651
vt -1056.598389 -732.772644
vt -1057.136841 -732.827698
vt -1079.104126 -410.981720
vt -1080.181030 -411.091736
vt 2.082237 -13.000000
vt 0.000000 0.000000
vt 0.000000 -13.000000
vt 2.082237 0.000000
vt 1.041119 0.000000
vt 0.500062 0.000000
vt 1.082476 0.000000
vt 0.541238 -5.000000
vt 1.082476 -5.000000
vt 0.000000 -5.000000
vt 322.560150 -13.000000
vt 322.560150 0.000000
vt -1080.679688 -411.127472
vt -1079.642578 -411.036713
vt -1057.137329 -732.819824
vt -1057.635498 -732.863403
vt 1078.605347 -410.945984
vt 1057.635498 -732.863403
vt 1080.679688 -411.127472
vt 1055.561279 -732.681946
vt 322.560150 -5.000000
vt 322.552246 -5.000000
s 0
usemtl Material__28_2
f 361/649/608 363/650/608 362/651/608
f 364/652/609 366/653/609 365/654/609
f 363/655/610 368/656/610 367/657/610
f 368/656/610 363/655/610 369/658/610
f 368/656/610 369/658/610 365/659/610
f 370/660/610 372/661/610 371/662/610
f 370/660/610 373/658/610 372/661/610
f 374/663/611 367/664/611 375/665/611
f 367/664/611 374/663/611 376/666/611
f 367/664/608 376/666/608 362/667/612
f 367/664/608 362/667/613 363/668/611
f 371/669/614 362/670/614 377/671/614
f 362/670/614 371/669/614 372/664/615
f 372/664/616 361/672/617 362/670/617
f 375/673/618 368/664/618 378/665/618
f 375/673/618 367/674/618 368/664/618
f 376/675/619 377/662/620 362/676/621
f 377/662/622 376/675/610 366/677/610
f 366/677/610 376/675/610 379/678/610
f 380/673/623 376/664/623 374/665/623
f 380/673/623 379/674/623 376/664/623
f 375/679/608 380/680/608 374/681/608
f 375/679/608 378/682/608 380/680/608
f 369/671/608 364/672/608 365/670/624
f 364/672/624 369/671/624 373/669/624
f 364/672/624 373/669/624 370/664/624
f 368/666/625 380/665/625 378/663/625
f 380/665/626 368/666/626 366/668/626
f 380/665/627 366/668/627 379/664/626
f 366/668/628 368/666/628 365/667/629
f 371/664/623 364/683/630 370/674/623
f 364/683/631 371/664/632 366/684/633
f 366/684/634 371/664/623 377/672/623
f 369/672/618 372/674/618 373/664/618
f 372/674/618 369/672/618 363/684/635
f 372/674/636 363/684/637 361/683/638
o DoorFrame
v -17.448620 2.444999 -18.797401
v -18.728615 2.444999 -18.800989
v -18.728558 2.444999 -18.820990
v -17.448563 2.444999 -18.817402
v -17.448620 0.299999 -18.797401
v -17.448563 0.299998 -18.817402
v -17.514580 2.378999 -18.811590
v -18.662577 2.378999 -18.814808
v -18.688614 2.404999 -18.800877
v -17.488621 2.404998 -18.797514
v -18.692999 0.299999 -19.020887
v -18.693562 0.299999 -18.820890
v -18.653561 0.299998 -18.820778
v -18.652998 0.299999 -19.020777
v -17.513985 2.378999 -19.023582
v -18.661982 2.378999 -19.026800
v -18.660486 2.377499 -19.025688
v -17.515488 2.377499 -19.022480
v -17.516699 2.376292 -19.021065
v -18.659283 2.376292 -19.024267
v -17.517553 2.375443 -19.019407
v -18.658440 2.375443 -19.022602
v -18.658001 2.375000 -19.020792
v -17.518003 2.375000 -19.017597
v -17.516079 2.377499 -18.812698
v -18.661074 2.377499 -18.815908
v -18.659863 2.376292 -18.817327
v -17.517281 2.376292 -18.814123
v -18.659012 2.375443 -18.818985
v -17.518124 2.375443 -18.815784
v -17.518562 2.375000 -18.817598
v -18.658562 2.375000 -18.820791
v -17.523003 2.369998 -19.017611
v -17.523561 2.369998 -18.817612
v -17.523563 0.299998 -18.817612
v -17.523005 0.299999 -19.017611
v -17.448004 2.444999 -19.017399
v -17.448004 0.299998 -19.017399
v -17.518003 0.299999 -19.017597
v -18.727999 2.444999 -19.020990
v -18.658001 0.299999 -19.020792
v -18.727999 0.299998 -19.020988
v -17.447947 2.444999 -19.037399
v -17.447947 0.299999 -19.037399
v -18.652996 2.369998 -19.020777
v -18.692999 2.409999 -19.020887
v -17.483004 2.409999 -19.017498
v -17.483004 0.299999 -19.017498
v -18.653561 2.369998 -18.820778
v -18.658562 0.299999 -18.820791
v -18.659250 0.299998 -18.818411
v -18.660633 0.299999 -18.816347
v -18.662579 0.299999 -18.814806
v -17.514578 0.299998 -18.811588
v -17.516516 0.299999 -18.813141
v -17.517885 0.299999 -18.815210
v -17.518562 0.299999 -18.817596
v -18.661985 0.299999 -19.026802
v -18.660049 0.299999 -19.025246
v -18.658678 0.299998 -19.023176
v -18.727942 2.444999 -19.040987
v -18.727942 0.299999 -19.040987
v -18.687943 0.299999 -19.040874
v -18.687943 2.404999 -19.040874
v -17.487946 2.404998 -19.037514
v -17.487944 0.299998 -19.037512
v -17.483562 2.409999 -18.817499
v -18.693562 2.409999 -18.820890
v -17.483562 0.299998 -18.817499
v -18.688614 0.299998 -18.800877
v -18.728558 0.299999 -18.820988
v -17.513983 0.299999 -19.023582
v -17.515928 0.299999 -19.022041
v -17.517313 0.299998 -19.019978
v -17.488619 0.299999 -18.797514
v -18.728615 0.299998 -18.800989
v -17.542101 0.299999 -18.982664
v -17.542191 0.299999 -18.950663
v -17.523102 0.299999 -18.982611
v -17.523191 0.299999 -18.950611
v -17.542101 2.350999 -18.982664
v -17.542191 2.350999 -18.950663
v -17.523190 2.369998 -18.950613
v -17.523100 2.369998 -18.982611
v -18.634098 2.350999 -18.985723
v -18.634188 2.350999 -18.953724
v -18.653185 2.369998 -18.953777
v -18.653095 2.369998 -18.985777
v -18.634098 0.299998 -18.985723
v -18.634188 0.299998 -18.953724
v -18.653187 0.299998 -18.953777
v -18.653097 0.299999 -18.985777
vn -0.0000 1.0000 -0.0000
vn 1.0000 -0.0000 0.0029
vn -0.0025 -0.4742 0.8804
vn -0.0000 -1.0000 -0.0000
vn -0.1135 -0.5903 -0.7992
vn 0.0337 -0.6181 -0.7853
vn 0.0024 -0.4970 -0.8678
vn 0.0023 -0.4965 -0.8681
vn -0.0286 -0.6170 -0.7865
vn 0.0461 -0.5929 -0.8039
vn -0.0267 -0.7736 -0.6331
vn 0.0457 -0.7609 -0.6472
vn 0.0197 -0.7862 -0.6177
vn -0.0325 -0.7609 -0.6480
vn 0.0306 -0.7735 -0.6331
vn -0.0168 -0.7864 -0.6175
vn -0.0201 -0.8937 -0.4483
vn 0.0360 -0.8899 -0.4548
vn 0.0117 -0.9048 -0.4257
vn -0.0214 -0.8907 -0.4541
vn 0.0219 -0.8941 -0.4474
vn -0.0094 -0.9054 -0.4244
vn -0.0221 -0.9709 -0.2384
vn 0.0004 -0.9922 -0.1246
vn -0.0029 -0.9761 -0.2173
vn 0.0043 -0.9764 -0.2161
vn 0.0003 -0.9922 -0.1244
vn 0.1162 -0.9647 -0.2362
vn 0.1130 -0.5890 0.8002
vn -0.0334 -0.6166 0.7866
vn -0.0024 -0.4953 0.8687
vn -0.0023 -0.4961 0.8683
vn 0.0289 -0.6166 0.7867
vn -0.0456 -0.5923 0.8044
vn 0.0268 -0.7746 0.6319
vn -0.0452 -0.7618 0.6462
vn -0.0200 -0.7872 0.6164
vn 0.0326 -0.7618 0.6470
vn -0.0302 -0.7743 0.6321
vn 0.0166 -0.7870 0.6168
vn 0.0200 -0.8937 0.4483
vn -0.0356 -0.8899 0.4548
vn -0.0118 -0.9048 0.4257
vn 0.0213 -0.8903 0.4549
vn -0.0219 -0.8936 0.4483
vn 0.0095 -0.9048 0.4256
vn 0.0219 -0.9710 0.2379
vn -0.0004 -0.9922 0.1243
vn 0.0029 -0.9762 0.2169
vn -0.0043 -0.9762 0.2167
vn -0.0003 -0.9922 0.1243
vn -0.1160 -0.9646 0.2367
vn -1.0000 -0.0000 -0.0028
vn -0.0028 -0.0000 1.0000
vn -0.0027 -0.0000 1.0000
vn 0.0028 -0.0000 -1.0000
vn 0.9589 0.1530 0.2390
vn 0.9918 -0.0000 0.1275
vn 0.9752 0.0035 0.2211
vn 0.9919 0.0001 0.1274
vn 0.9604 -0.0217 0.2776
vn 0.9607 -0.0000 0.2777
vn 0.9044 0.0105 0.4266
vn 0.8901 -0.0000 0.4558
vn 0.8932 -0.0203 0.4492
vn 0.8300 -0.0342 0.5568
vn 0.8305 -0.0000 0.5571
vn 0.7858 0.0187 0.6182
vn 0.7603 -0.0000 0.6495
vn 0.7723 -0.0283 0.6346
vn 0.4938 0.0001 0.8696
vn 0.6213 -0.0000 0.7836
vn 0.6206 -0.0446 0.7829
vn 0.5827 0.1533 0.7981
vn 0.6140 -0.0320 0.7887
vn 0.4934 -0.0000 0.8698
vn -0.6188 -0.0304 0.7850
vn -0.5887 0.1535 0.7937
vn -0.4978 -0.0000 0.8673
vn -0.6249 -0.0423 0.7795
vn -0.6255 -0.0000 0.7803
vn -0.4983 0.0001 0.8670
vn -0.7647 -0.0000 0.6443
vn -0.7888 0.0178 0.6144
vn -0.7764 -0.0279 0.6296
vn -0.8338 -0.0000 0.5520
vn -0.8334 -0.0337 0.5517
vn -0.8917 -0.0000 0.4527
vn -0.9057 0.0103 0.4239
vn -0.8948 -0.0210 0.4459
vn -0.9618 -0.0223 0.2729
vn -0.9926 0.0001 0.1216
vn -0.9620 -0.0000 0.2730
vn -0.9769 0.0036 0.2138
vn -0.9926 -0.0000 0.1216
vn -0.9603 0.1540 0.2326
vn 0.6203 -0.0312 -0.7837
vn 0.5895 0.1545 -0.7928
vn 0.4996 -0.0000 -0.8663
vn 0.6262 -0.0434 -0.7785
vn 0.6264 -0.0000 -0.7795
vn 0.4988 0.0001 -0.8667
vn 0.7631 0.0005 -0.6463
vn 0.7877 0.0183 -0.6157
vn 0.7750 -0.0285 -0.6313
vn 0.8340 0.0004 -0.5518
vn 0.8335 -0.0344 -0.5515
vn 0.8339 -0.0000 -0.5518
vn 0.8921 -0.0000 -0.4518
vn 0.9064 0.0106 -0.4224
vn 0.8952 -0.0205 -0.4452
vn 0.9617 -0.0218 -0.2734
vn 0.9925 0.0001 -0.1220
vn 0.9619 -0.0000 -0.2734
vn 0.9767 0.0035 -0.2147
vn 0.9926 -0.0000 -0.1215
vn 0.9602 0.1540 -0.2330
vn 0.0029 -0.0000 -1.0000
vn 0.0028 0.0001 -1.0000
vn 1.0000 -0.0000 0.0028
vn -0.0000 -1.0000 0.0004
vn -0.0000 -1.0000 0.0001
vn -0.0000 -1.0000 -0.0005
vn -0.0000 -1.0000 -0.0001
vn -0.0003 -1.0000 -0.0000
vn 0.4719 -0.0000 0.8817
vn 0.4718 -0.0000 0.8817
vn 0.0027 -0.0000 -1.0000
vn -0.4717 -0.0000 -0.8818
vn -0.0029 -0.0000 1.0000
vn -0.0027 0.0003 1.0000
vn -0.0026 -0.0000 1.0000
vn -0.0001 -1.0000 -0.0000
vn 0.0024 -1.0000 0.0012
vn 0.0002 -1.0000 -0.0003
vn -0.0008 -1.0000 0.0004
vn -0.0005 -1.0000 0.0005
vn -0.0004 -1.0000 -0.0008
vn 0.0003 -1.0000 -0.0000
vn -1.0000 -0.0000 -0.0029
vn -0.4767 -0.0000 0.8791
vn -0.4765 -0.0000 0.8792
vn 0.0025 -0.4742 -0.8804
vn 0.0025 -0.4741 -0.8804
vn -0.5859 0.1523 -0.7960
vn -0.6155 -0.0299 -0.7876
vn -0.4937 -0.0000 -0.8696
vn -0.4936 0.0001 -0.8697
vn -0.6203 0.0006 -0.7843
vn -0.6198 -0.0416 -0.7837
vn -0.7842 0.0175 -0.6203
vn -0.7603 0.0007 -0.6496
vn -0.7722 -0.0280 -0.6348
vn -0.8301 -0.0338 -0.5566
vn -0.8310 -0.0000 -0.5563
vn -0.8306 -0.0000 -0.5569
vn -0.9031 0.0104 -0.4293
vn -0.8889 -0.0000 -0.4582
vn -0.8921 -0.0215 -0.4513
vn -0.9918 0.0001 -0.1276
vn -0.9602 -0.0229 -0.2783
vn -0.9605 -0.0000 -0.2784
vn -0.9589 0.1536 -0.2387
vn -0.9918 -0.0000 -0.1277
vn -0.9756 0.0037 -0.2196
vn 0.4766 -0.0000 -0.8791
vn 0.4765 -0.0000 -0.8792
vn -0.0000 -1.0000 -0.0004
vn -0.0000 -1.0000 0.0005
vn -0.0028 0.0002 1.0000
vt 128.000000 0.000000
vt 0.000000 2.000000
vt 0.000000 0.000000
vt 128.000000 2.000000
vt 214.500000 0.000000
vt 214.500000 2.000000
vt 114.800072 -0.000081
vt -2.600000 2.952965
vt -0.000068 -0.000081
vt 117.400002 2.952965
vt 20.000000 0.000000
vt -0.000000 4.000000
vt 20.000000 4.000000
vt -0.400068 -2.159110
vt 114.250015 -2.345903
vt 114.400070 -2.159110
vt -0.250015 -2.345903
vt -0.129353 -2.532739
vt 114.129356 -2.532739
vt -0.044554 -2.719575
vt 114.044556 -2.719575
vt 114.000153 -2.906410
vt -0.000150 -2.906410
vt 0.000000 207.000000
vt 20.000000 207.000000
vt 0.000000 6.999850
vt 207.500153 6.999850
vt 207.500153 121.000153
vt 214.500000 128.000000
vt 0.000000 121.000153
vt 0.000000 128.000000
vt 207.000000 4.000000
vt 211.000000 0.000000
vt 207.000000 117.000000
vt 211.000000 121.000000
vt 0.000000 121.000000
vt 0.000000 117.000000
vt 0.000000 113.000000
vt 20.000000 113.000000
vt 0.000000 -2.906410
vt 207.500153 -2.906410
vt 207.544556 -2.719575
vt 0.000000 -2.657274
vt 207.629349 -2.532739
vt 0.000000 -2.408138
vt 207.750015 -2.345903
vt 0.000000 -2.159022
vt 207.900070 -2.159110
vt 207.500000 -2.159022
vt 207.500000 -2.408138
vt 207.500000 -2.657274
vt 207.500000 -2.906410
vt 214.500000 -124.000000
vt 0.000000 -120.000000
vt 0.000000 -124.000000
vt 210.500000 -120.000000
vt 214.500000 4.000000
vt 210.500000 0.000000
vt 20.000000 121.000000
vt 0.000000 211.000000
vt 20.000000 211.000000
vt -0.000000 -121.000000
vt 0.238541 -114.068520
vt 0.000000 -114.000153
vt 0.444989 -114.206200
vt 0.599778 -114.400124
vt 2.000000 -117.000000
vt 2.000000 -121.000000
vt 207.900070 -0.000081
vt 0.000000 2.952965
vt 0.000000 0.000006
vt 210.500000 2.952965
vt -211.000000 121.000000
vt -207.000000 117.000000
vt -207.000000 4.000000
vt -211.000000 0.000000
vt -0.000000 7.000000
vt 2.000000 3.000000
vt 2.000000 7.000000
vt 0.000000 0.000150
vt 0.599778 0.400127
vt 0.444989 0.206201
vt 0.238541 0.068522
vt -2.000000 121.000000
vt -0.000000 114.000153
vt -2.000000 117.000000
vt -0.599778 114.400124
vt -0.444989 114.206200
vt -0.238541 114.068520
vt 20.000000 117.000000
vt 207.899994 2.952965
vt 207.899994 0.000006
vt -0.238541 -0.068522
vt -0.000000 -7.000000
vt -0.000000 -0.000150
vt -0.444989 -0.206201
vt -0.599778 -0.400127
vt -2.000000 -3.000000
vt -2.000000 -7.000000
vt -111.099998 33.109035
vt -113.000000 33.109035
vt -111.099998 29.909035
vt -113.000000 29.909035
vt 205.100006 0.000000
vt 0.000000 3.200000
vt 205.100006 3.200000
vt 207.000000 0.000000
vt 207.000000 3.200000
vt 109.199997 -0.000000
vt 109.199997 3.200000
vt 113.000000 0.000000
vt 113.000000 3.200000
vt 0.000000 1.900000
vt 207.000000 1.900000
vt 207.000000 -111.099998
vt 205.100006 -109.199997
vt 0.000000 -111.099998
vt 0.000000 -109.199997
vt 205.100006 1.900000
vt 205.100006 111.099998
vt 207.000000 113.000000
vt 0.000000 111.099998
vt -1.900000 29.909035
vt -0.000000 29.909035
vt -1.900000 33.109035
vt -0.000000 33.109035
s 0
usemtl Material__25
f 381/685/639 383/686/639 382/687/639
f 381/685/639 384/688/639 383/686/639
f 385/689/640 384/686/640 381/687/640
f 385/689/640 386/690/640 384/686/640
f 387/691/641 389/692/641 388/693/641
f 387/691/641 390/694/641 389/692/641
f 391/695/642 393/696/642 392/687/642
f 391/695/642 394/697/642 393/696/642
f 395/698/643 397/699/644 396/700/645
f 395/698/646 398/701/647 397/699/648
f 399/702/649 397/699/650 398/701/651
f 399/702/652 400/703/653 397/699/654
f 401/704/655 400/703/656 399/702/657
f 401/704/658 402/705/659 400/703/660
f 401/704/661 403/706/662 402/705/663
f 401/704/664 404/707/665 403/706/666
f 388/698/667 405/699/668 387/700/669
f 388/698/670 406/701/671 405/699/672
f 407/702/673 405/699/674 406/701/675
f 407/702/676 408/703/677 405/699/678
f 409/704/679 408/703/680 407/702/681
f 409/704/682 410/705/683 408/703/684
f 409/704/685 411/706/686 410/705/687
f 409/704/688 412/707/689 411/706/690
f 413/695/691 415/708/691 414/687/691
f 413/695/691 416/709/691 415/708/691
f 417/689/692 419/710/692 418/687/692
f 419/710/692 417/689/692 404/711/692
f 404/711/692 417/689/692 403/712/692
f 420/713/692 403/712/692 417/689/692
f 420/713/692 421/714/692 403/712/692
f 421/714/693 420/713/693 422/715/693
f 423/689/640 418/686/640 424/687/640
f 423/689/640 417/690/640 418/686/640
f 391/687/694 425/716/694 394/696/694
f 425/716/694 391/687/694 426/717/694
f 425/716/694 426/717/694 413/718/694
f 413/718/694 426/717/694 427/719/694
f 428/720/694 413/718/694 427/719/694
f 413/718/694 428/720/694 416/721/694
f 425/695/642 414/722/642 429/687/642
f 425/695/642 413/723/642 414/722/642
f 430/724/695 412/725/696 409/726/697
f 430/724/698 409/726/699 431/727/700
f 407/728/701 431/727/702 409/726/703
f 407/728/704 432/729/705 431/727/705
f 406/730/706 432/729/707 407/728/708
f 433/731/709 432/729/710 406/730/711
f 433/731/712 406/730/713 388/732/714
f 405/701/715 434/733/716 387/698/717
f 405/701/718 435/734/719 434/733/720
f 435/734/721 405/701/722 408/702/723
f 435/734/724 408/702/725 436/735/724
f 436/735/726 408/702/727 410/704/728
f 410/704/729 437/736/730 436/735/731
f 410/704/732 411/707/733 437/736/734
f 397/701/735 438/733/736 396/698/737
f 397/701/738 439/734/739 438/733/740
f 439/734/741 397/701/742 400/702/743
f 439/734/744 400/702/745 440/735/746
f 440/735/747 400/702/748 402/704/749
f 402/704/750 421/736/751 440/735/752
f 402/704/753 403/707/754 421/736/755
f 441/737/694 443/738/694 442/739/694
f 443/738/756 441/737/756 444/740/756
f 423/741/694 444/740/694 441/737/694
f 423/741/757 445/742/757 444/740/757
f 424/696/756 445/742/756 423/741/756
f 445/742/694 424/696/694 446/687/694
f 427/695/639 448/720/639 447/687/639
f 427/695/639 426/743/639 448/720/639
f 428/695/758 447/744/758 449/687/758
f 428/695/758 427/745/758 447/744/758
f 422/746/759 440/747/759 421/748/760
f 440/747/761 422/746/761 439/749/762
f 439/749/763 422/746/642 438/750/642
f 438/750/642 422/746/642 443/751/642
f 443/751/762 422/746/762 442/752/762
f 388/753/764 450/754/764 433/755/764
f 388/753/765 389/756/765 450/754/765
f 383/689/766 430/710/766 451/687/766
f 430/710/694 383/689/694 412/711/694
f 412/711/694 383/689/694 384/713/694
f 384/713/694 411/712/694 412/711/694
f 384/713/694 437/714/694 411/712/694
f 437/714/694 384/713/694 386/715/694
f 395/753/767 446/754/767 452/755/767
f 395/753/767 445/756/767 446/754/767
f 447/757/693 415/721/693 449/720/693
f 415/721/768 447/757/768 414/758/768
f 414/758/692 447/757/692 429/759/692
f 448/760/692 429/759/692 447/757/692
f 392/687/769 429/759/693 448/760/693
f 429/759/768 392/687/770 393/696/768
f 394/695/758 429/708/758 393/687/758
f 394/695/758 425/709/758 429/708/758
f 418/761/762 446/762/762 424/763/762
f 446/762/642 418/761/642 419/764/642
f 446/762/771 419/764/771 452/765/771
f 452/765/642 419/764/642 453/766/642
f 453/766/772 419/764/772 454/767/760
f 385/768/760 437/769/760 386/720/760
f 437/769/642 385/768/642 455/770/642
f 437/769/773 455/770/773 434/771/642
f 437/769/774 434/771/775 435/772/760
f 437/769/642 435/772/776 436/773/777
f 426/695/691 392/744/691 448/687/691
f 426/695/691 391/745/691 392/744/691
f 441/685/639 417/686/639 423/687/639
f 441/685/639 420/688/639 417/686/639
f 442/689/778 420/686/778 441/687/778
f 442/689/778 422/690/778 420/686/778
f 416/774/642 449/720/642 415/721/642
f 416/774/642 428/743/642 449/720/642
f 387/693/779 455/775/779 390/692/779
f 387/693/780 434/776/780 455/775/780
f 396/691/781 445/692/781 395/693/781
f 396/691/782 444/694/782 445/692/782
f 452/731/783 398/730/784 395/732/785
f 452/731/786 453/729/787 398/730/788
f 398/730/789 453/729/790 399/728/791
f 399/728/792 453/729/793 454/727/794
f 399/728/795 454/727/796 401/726/797
f 419/724/798 401/726/799 454/727/800
f 419/724/801 404/725/802 401/726/803
f 381/737/692 455/738/692 385/739/692
f 455/738/693 381/737/693 390/740/693
f 390/740/692 381/737/692 389/742/692
f 382/741/692 389/742/692 381/737/692
f 382/741/768 450/687/768 389/742/768
f 450/687/692 382/741/692 456/696/692
f 396/693/804 443/775/804 444/692/804
f 396/693/805 438/776/805 443/775/805
f 431/777/806 451/778/806 430/779/762
f 451/778/807 431/777/807 432/780/760
f 451/778/642 432/780/763 433/781/642
f 451/778/762 433/781/762 450/782/762
f 451/778/762 450/782/762 456/783/762
f 382/689/778 451/686/778 456/687/778
f 382/689/778 383/690/778 451/686/778
f 457/784/642 459/785/642 458/786/642
f 458/786/642 459/785/642 460/787/642
f 461/687/691 457/788/691 462/789/691
f 462/789/691 457/788/691 458/790/691
f 463/687/758 460/791/758 464/789/758
f 464/789/758 460/791/758 459/792/758
f 465/687/642 461/793/642 466/789/642
f 466/789/642 461/793/642 462/794/642
f 467/687/639 463/795/639 468/789/639
f 468/789/639 463/795/639 464/796/639
f 469/687/758 465/788/758 470/789/758
f 470/789/758 465/788/758 466/790/758
f 470/687/768 466/788/768 471/797/768
f 471/797/693 466/788/693 467/798/693
f 467/798/692 466/788/692 463/799/692
f 463/799/808 466/788/808 462/800/808
f 463/799/693 462/800/693 460/801/693
f 460/801/693 462/800/693 458/802/693
f 471/687/691 467/791/691 472/789/691
f 472/789/691 467/791/691 468/792/691
f 469/797/756 472/687/756 465/803/756
f 465/803/766 472/687/766 468/791/766
f 465/803/694 468/791/694 461/804/694
f 461/804/694 468/791/694 464/805/694
f 461/804/756 464/805/756 459/722/756
f 459/722/766 457/806/766 461/804/766
f 470/807/642 471/808/642 469/809/642
f 469/809/771 471/808/771 472/810/771
o DoorHandle
v -18.158762 1.301042 -18.924332
v -18.266472 1.298210 -18.924936
v -18.266243 1.301346 -18.924839
v -18.264875 1.298109 -18.944607
v -18.264906 1.296348 -18.944078
v -18.264828 1.299928 -18.944790
v -18.263735 1.309964 -18.933857
v -18.274958 1.310037 -18.940800
v -18.264126 1.309612 -18.937527
v -18.279432 1.290032 -18.979723
v -18.279493 1.289998 -18.947092
v -18.276625 1.290037 -18.939684
v -18.264044 1.290356 -18.937414
v -18.268818 1.290415 -18.938768
v -18.264824 1.290006 -18.933777
v -18.279516 1.309964 -18.949726
v -18.279432 1.309964 -18.979723
v -18.276150 1.309692 -18.979715
v -18.266804 1.306273 -19.080336
v -18.158329 1.307775 -19.078745
v -18.267147 1.308359 -19.077900
v -18.265953 1.303703 -19.081903
v -18.264549 1.300523 -19.082676
v -18.158319 1.302697 -19.082129
v -18.158321 1.296134 -19.081724
v -18.264240 1.297409 -19.082373
v -18.264027 1.293611 -19.080406
v -18.267580 1.295233 -19.081144
v -18.268223 1.299997 -19.059029
v -18.268412 1.298255 -19.059040
v -18.268482 1.301844 -19.058729
v -18.268343 1.292923 -19.079216
v -18.274473 1.290455 -19.072147
v -18.273281 1.289923 -19.067753
v -18.264351 1.290034 -19.071730
v -18.284559 1.291901 -19.027740
v -18.283726 1.291615 -19.060459
v -18.285938 1.293567 -19.060421
v -18.287628 1.295981 -19.027748
v -18.274363 1.309496 -19.062225
v -18.274467 1.309227 -19.058685
v -18.277653 1.309983 -19.060760
v -18.273338 1.291174 -19.060331
v -18.274176 1.290481 -19.062645
v -18.278303 1.289871 -19.027723
v -18.277370 1.290017 -19.059156
v -18.288578 1.300670 -19.027750
v -18.288227 1.300171 -19.061150
v -18.287657 1.303397 -19.060743
v -18.282621 1.290841 -18.979733
v -18.276150 1.290304 -18.979715
v -18.273136 1.291627 -18.979706
v -18.286642 1.293854 -18.979744
v -18.270714 1.293856 -18.979702
v -18.288467 1.298352 -18.979750
v -18.269148 1.296751 -18.979694
v -18.268606 1.299998 -18.979694
v -18.288467 1.301644 -18.979752
v -18.269148 1.303245 -18.979694
v -18.287401 1.304758 -18.979746
v -18.270714 1.306140 -18.979702
v -18.284117 1.308432 -18.979738
v -18.273136 1.308370 -18.979706
v -18.287607 1.304320 -18.946781
v -18.286486 1.303943 -18.941498
v -18.288082 1.300993 -18.944265
v -18.285816 1.306912 -18.946701
v -18.284843 1.306342 -18.941372
v -18.283232 1.329983 -18.979733
v -18.289095 1.329005 -18.987751
v -18.281082 1.330036 -18.987730
v -18.289949 1.328666 -18.979753
v -18.296150 1.326061 -18.979773
v -18.296083 1.325979 -18.987772
v -18.302198 1.321439 -18.987789
v -18.303259 1.320320 -18.979794
v -18.307098 1.315012 -18.987803
v -18.308134 1.313154 -18.979807
v -18.310209 1.307560 -18.987810
v -18.310352 1.306674 -18.979811
v -18.311199 1.299998 -18.979815
v -18.311085 1.299998 -18.987812
v -18.310209 1.292437 -18.987812
v -18.310352 1.293323 -18.979811
v -18.308134 1.286843 -18.979807
v -18.307096 1.284983 -18.987801
v -18.303259 1.279676 -18.979794
v -18.302198 1.278557 -18.987789
v -18.296148 1.273936 -18.979773
v -18.296083 1.274018 -18.987772
v -18.289940 1.271297 -18.987755
v -18.287914 1.270719 -18.979748
v -18.281977 1.269918 -18.987734
v -18.281105 1.269998 -18.979731
v -18.274410 1.270660 -18.979710
v -18.274406 1.270750 -18.987711
v -18.268049 1.272935 -18.987690
v -18.266180 1.273906 -18.979687
v -18.260424 1.278023 -18.987675
v -18.259045 1.279532 -18.979668
v -18.255074 1.284975 -18.987658
v -18.254078 1.286845 -18.979654
v -18.251957 1.292432 -18.987648
v -18.251858 1.293323 -18.979649
v -18.251015 1.300001 -18.979645
v -18.251083 1.299999 -18.987644
v -18.251957 1.307563 -18.987648
v -18.251858 1.306674 -18.979649
v -18.254076 1.313149 -18.979654
v -18.255072 1.315020 -18.987658
v -18.259045 1.320466 -18.979666
v -18.259090 1.320404 -18.987667
v -18.264164 1.324817 -18.987680
v -18.265976 1.325972 -18.979689
v -18.272379 1.328876 -18.987705
v -18.274410 1.329337 -18.979712
v -18.158758 1.295981 -18.925228
v -18.158754 1.306907 -18.926998
v -18.158754 1.293226 -18.927032
v -18.158743 1.309456 -18.931141
v -18.158743 1.290436 -18.931101
v -18.158726 1.290380 -18.937492
v -18.158735 1.309998 -18.934387
v -18.158724 1.309457 -18.937635
v -18.158712 1.293225 -18.941744
v -18.158716 1.307890 -18.940529
v -18.158710 1.305468 -18.942759
v -18.158707 1.295981 -18.943544
v -18.158705 1.300615 -18.944475
v -18.264790 1.307873 -18.928463
v -18.264128 1.309293 -18.930943
v -18.265598 1.291167 -18.929943
v -18.265526 1.292732 -18.927834
v -18.265896 1.295288 -18.925974
v -18.270699 1.295298 -18.926809
v -18.271038 1.292607 -18.929111
v -18.272141 1.298051 -18.926332
v -18.272177 1.300898 -18.926165
v -18.277321 1.298052 -18.928959
v -18.271877 1.303817 -18.926823
v -18.265858 1.304211 -18.925659
v -18.267399 1.306385 -18.927252
v -18.276775 1.295287 -18.929789
v -18.281164 1.295268 -18.933434
v -18.277403 1.300976 -18.928837
v -18.275547 1.292337 -18.931730
v -18.270355 1.290359 -18.933069
v -18.281956 1.298137 -18.932810
v -18.275915 1.290748 -18.935314
v -18.278919 1.292312 -18.934534
v -18.281727 1.292292 -18.938019
v -18.280411 1.290752 -18.940998
v -18.285101 1.298014 -18.937122
v -18.284334 1.295292 -18.937752
v -18.283789 1.292346 -18.941969
v -18.282999 1.301063 -18.933746
v -18.282616 1.290808 -18.947794
v -18.285156 1.292467 -18.946529
v -18.286997 1.295294 -18.944284
v -18.287140 1.298052 -18.941519
v -18.288403 1.298168 -18.946711
v -18.288553 1.301645 -18.949747
v -18.286457 1.300902 -18.939383
v -18.284670 1.303751 -18.937466
v -18.281536 1.303824 -18.933210
v -18.281603 1.306384 -18.935570
v -18.277006 1.303821 -18.929440
v -18.276178 1.306342 -18.930695
v -18.272114 1.306342 -18.928574
v -18.282024 1.308341 -18.940220
v -18.283911 1.308306 -18.945997
v -18.282248 1.309361 -18.948061
v -18.276588 1.308310 -18.933538
v -18.270439 1.308299 -18.930218
v -18.278496 1.309573 -18.939310
v -18.271715 1.309550 -18.933573
v -18.264482 1.308260 -18.940331
v -18.263908 1.305938 -18.942724
v -18.263779 1.303175 -18.944159
v -18.263748 1.293659 -18.942429
v -18.264284 1.291589 -18.940092
v -18.275883 1.290366 -18.948360
v -18.273830 1.290208 -18.941284
v -18.272758 1.290784 -18.942982
v -18.272963 1.291697 -18.947794
v -18.267948 1.291734 -18.941261
v -18.271273 1.291661 -18.943857
v -18.266825 1.292992 -18.942345
v -18.269209 1.293681 -18.945015
v -18.266506 1.294452 -18.943548
v -18.271324 1.292933 -18.947437
v -18.270338 1.294257 -18.947878
v -18.266630 1.297263 -18.945213
v -18.267363 1.300001 -18.946196
v -18.268150 1.296209 -18.945993
v -18.267887 1.298086 -18.946552
v -18.268610 1.299998 -18.948606
v -18.268909 1.297479 -18.948570
v -18.269222 1.296168 -18.947906
v -18.270361 1.305761 -18.947912
v -18.273096 1.308332 -18.948643
v -18.269207 1.303598 -18.948164
v -18.275946 1.309646 -18.948557
v -18.283426 1.292382 -19.065670
v -18.284016 1.295267 -19.069803
v -18.286760 1.295272 -19.062496
v -18.281361 1.292313 -19.069477
v -18.286751 1.298019 -19.066046
v -18.287851 1.297171 -19.060862
v -18.284548 1.298187 -19.070774
v -18.286905 1.300777 -19.066233
v -18.278530 1.292313 -19.072914
v -18.278990 1.290373 -19.066418
v -18.281345 1.298069 -19.074844
v -18.284363 1.300894 -19.071369
v -18.280178 1.295287 -19.074564
v -18.273018 1.291717 -19.075979
v -18.274113 1.292866 -19.077002
v -18.269329 1.291132 -19.076483
v -18.264330 1.290392 -19.075588
v -18.264202 1.291678 -19.078259
v -18.158329 1.292107 -19.078527
v -18.274416 1.295289 -19.078888
v -18.275339 1.297847 -19.079453
v -18.268736 1.298107 -19.081957
v -18.268431 1.300797 -19.082184
v -18.273121 1.300755 -19.080730
v -18.271358 1.303823 -19.080587
v -18.276972 1.300571 -19.078691
v -18.274319 1.306414 -19.077639
v -18.276045 1.303847 -19.078379
v -18.281080 1.300648 -19.075361
v -18.281168 1.303870 -19.074165
v -18.279919 1.306345 -19.073330
v -18.284216 1.303810 -19.070122
v -18.283815 1.306236 -19.068020
v -18.286226 1.303772 -19.065880
v -18.279520 1.308324 -19.070604
v -18.273762 1.308348 -19.075426
v -18.283550 1.308254 -19.062521
v -18.285723 1.306342 -19.061880
v -18.286842 1.305467 -19.027746
v -18.284613 1.307889 -19.027739
v -18.280533 1.309607 -19.063196
v -18.280010 1.309920 -19.027727
v -18.274408 1.309566 -19.071945
v -18.266594 1.309558 -19.075287
v -18.271561 1.309998 -19.070257
v -18.158342 1.309862 -19.074032
v -18.263199 1.309953 -19.071712
v -18.158358 1.309515 -19.068913
v -18.271275 1.309551 -19.066721
v -18.267572 1.309555 -19.068914
v -18.271738 1.308275 -19.062130
v -18.271616 1.307554 -19.059576
v -18.268894 1.308326 -19.065477
v -18.264704 1.308888 -19.067942
v -18.266783 1.306364 -19.064104
v -18.264389 1.307149 -19.065639
v -18.263868 1.305028 -19.064022
v -18.269558 1.307061 -19.062723
v -18.268709 1.305536 -19.061804
v -18.269768 1.305275 -19.059132
v -18.264692 1.303732 -19.063293
v -18.264278 1.301742 -19.062778
v -18.266211 1.302932 -19.062296
v -18.268915 1.303820 -19.059458
v -18.267838 1.303835 -19.061409
v -18.267576 1.301968 -19.060839
v -18.267391 1.299998 -19.060728
v -18.265135 1.299999 -19.062445
v -18.263937 1.298139 -19.062840
v -18.273624 1.308934 -19.027710
v -18.269114 1.303926 -19.027697
v -18.268673 1.297353 -19.027697
v -18.269203 1.295793 -19.058979
v -18.272184 1.292066 -19.027706
v -18.271164 1.292903 -19.059582
v -18.264484 1.291062 -19.068062
v -18.264277 1.292739 -19.065765
v -18.158361 1.291022 -19.067741
v -18.158371 1.294529 -19.064016
v -18.263908 1.294813 -19.064114
v -18.158375 1.298947 -19.062332
v -18.158371 1.305345 -19.063808
v -18.158344 1.290026 -19.074053
v -18.267593 1.290584 -19.068569
v -18.270670 1.290741 -19.066357
v -18.269468 1.291743 -19.065023
v -18.266781 1.293654 -19.064085
v -18.268997 1.293605 -19.062323
v -18.267967 1.296228 -19.061235
v -18.265310 1.296335 -19.063129
v -18.269699 1.294459 -19.060062
v -18.265833 1.298075 -19.062292
v -18.267376 1.298007 -19.061066
v -18.274319 1.270750 -19.019711
v -18.281887 1.269919 -19.019733
v -18.291958 1.271900 -19.019762
v -18.265862 1.273907 -19.019690
v -18.300800 1.277342 -19.019785
v -18.257534 1.281041 -19.019663
v -18.307018 1.284754 -19.019800
v -18.253033 1.289020 -19.019653
v -18.310518 1.294175 -19.019812
v -18.251328 1.295527 -19.019646
v -18.310946 1.302251 -19.019815
v -18.251066 1.303144 -19.019644
v -18.309319 1.310161 -19.019810
v -18.253033 1.310974 -19.019651
v -18.305782 1.316897 -19.019798
v -18.257534 1.318955 -19.019663
v -18.301424 1.322017 -19.019789
v -18.264074 1.324817 -19.019682
v -18.294847 1.326713 -19.019768
v -18.272287 1.328875 -19.019705
v -18.287668 1.329246 -19.019747
v -18.280991 1.330036 -19.019728
v -18.281134 1.290449 -19.061459
v -18.289814 1.271331 -19.027754
v -18.283386 1.270032 -19.027737
v -18.274275 1.270660 -19.027710
v -18.266048 1.273904 -19.027687
v -18.295891 1.273903 -19.027771
v -18.301376 1.278007 -19.027786
v -18.258909 1.279532 -19.027668
v -18.305836 1.283047 -19.027798
v -18.253834 1.287067 -19.027655
v -18.308897 1.289038 -19.027807
v -18.251213 1.295511 -19.027645
v -18.310724 1.295688 -19.027811
v -18.251053 1.302240 -19.027645
v -18.310715 1.304351 -19.027813
v -18.252285 1.308973 -19.027651
v -18.308897 1.310959 -19.027807
v -18.254990 1.314999 -19.027657
v -18.305836 1.316950 -19.027798
v -18.258909 1.320466 -19.027668
v -18.299807 1.323423 -19.027782
v -18.265839 1.325971 -19.027689
v -18.293989 1.327028 -19.027765
v -18.274277 1.329337 -19.027710
v -18.287668 1.329337 -19.027748
v -18.280970 1.329999 -19.027727
v -18.268875 1.309492 -18.939028
v -18.272867 1.309188 -18.943251
v -18.268042 1.308294 -18.941267
v -18.272165 1.308310 -18.945396
v -18.265633 1.307096 -18.941925
v -18.269184 1.307694 -18.943081
v -18.271305 1.307039 -18.947462
v -18.269224 1.306314 -18.945038
v -18.266508 1.305544 -18.943550
v -18.268148 1.303792 -18.945990
v -18.266031 1.303848 -18.944324
v -18.268564 1.301832 -18.947803
v -18.267122 1.301994 -18.945698
v -18.264902 1.301858 -18.944620
vn -0.0107 -0.0308 0.9995
vn 0.0238 -0.0521 0.9984
vn 0.0019 -0.0253 0.9997
vn 0.9930 -0.1174 -0.0117
vn 0.9946 -0.0983 -0.0324
vn 0.9987 -0.0092 -0.0493
vn 0.0499 0.9914 -0.1209
vn 0.0419 0.9931 -0.1097
vn 0.0880 0.9916 -0.0942
vn 0.0164 -0.9999 0.0033
vn 0.0136 -0.9997 -0.0184
vn 0.0360 -0.9989 -0.0289
vn -0.0045 -0.9986 -0.0523
vn 0.0089 -0.9937 -0.1116
vn 0.0349 -0.9960 -0.0824
vn 0.0840 0.9963 -0.0161
vn 0.0813 0.9967 0.0068
vn 0.0985 0.9951 0.0014
vn 0.0001 0.7622 -0.6473
vn 0.0218 0.7406 -0.6716
vn -0.0271 0.7600 -0.6494
vn 0.0244 0.2158 -0.9761
vn -0.0449 0.2353 -0.9709
vn 0.0068 0.2523 -0.9676
vn -0.0361 0.5704 -0.8206
vn 0.0089 0.5545 -0.8321
vn -0.0216 0.5546 -0.8319
vn -0.0421 0.5217 -0.8521
vn 0.0270 0.5392 -0.8417
vn 0.0073 0.5203 -0.8539
vn 0.0060 -0.0544 -0.9985
vn 0.0243 -0.0616 -0.9978
vn -0.0120 -0.1026 -0.9946
vn -0.0022 -0.0962 -0.9954
vn 0.0158 -0.0777 -0.9969
vn 0.0196 -0.1067 -0.9941
vn 0.0182 -0.4701 -0.8824
vn -0.0072 -0.4597 -0.8880
vn 0.0119 -0.4355 -0.9001
vn -0.0336 -0.4791 -0.8771
vn -0.0481 -0.4421 -0.8957
vn -0.0204 -0.4607 -0.8873
vn 0.5171 -0.0770 0.8524
vn 0.5362 -0.1304 0.8340
vn 0.5296 0.0065 0.8482
vn -0.1154 -0.6178 -0.7778
vn -0.1472 -0.6121 -0.7769
vn -0.0990 -0.6071 -0.7884
vn -0.0324 -0.9942 -0.1028
vn -0.0643 -0.9928 -0.1013
vn -0.0333 -0.9881 -0.1504
vn -0.6617 -0.7496 -0.0157
vn -0.6311 -0.7757 -0.0021
vn -0.6833 -0.7301 0.0070
vn -0.7986 -0.6018 0.0005
vn -0.7971 -0.6023 0.0438
vn -0.8021 -0.5972 0.0023
vn 0.1493 0.9836 0.1010
vn 0.2136 0.9719 0.0991
vn 0.1573 0.9855 0.0641
vn 0.4791 -0.8670 0.1371
vn 0.5052 -0.8624 0.0316
vn 0.5571 -0.8270 0.0753
vn 0.1372 -0.9902 0.0252
vn 0.0884 -0.9960 -0.0155
vn 0.2340 -0.9709 -0.0507
vn -0.9842 0.1753 -0.0264
vn -0.9854 0.1698 0.0106
vn -0.9794 0.2016 0.0146
vn 0.0026 -0.0020 -1.0000
vn 0.0028 -0.0029 -1.0000
vn 0.0028 -0.0001 -1.0000
vn 0.0028 0.0002 -1.0000
vn 0.0033 0.0010 -1.0000
vn 0.0026 0.0009 -1.0000
vn 0.0021 -0.0000 -1.0000
vn 0.0028 -0.0000 -1.0000
vn 0.0028 -0.0005 -1.0000
vn 0.0027 -0.0012 -1.0000
vn 0.0029 -0.0002 -1.0000
vn 0.0033 -0.0004 -1.0000
vn 0.0028 0.0010 -1.0000
vn 0.0032 -0.0005 -1.0000
vn 0.0030 -0.0006 -1.0000
vn 0.0031 -0.0001 -1.0000
vn 0.0032 -0.0008 -1.0000
vn 0.0029 0.0005 -1.0000
vn 0.0033 0.0005 -1.0000
vn 0.0027 0.0008 -1.0000
vn 0.0029 0.0011 -1.0000
vn 0.0028 0.0005 -1.0000
vn 0.0029 -0.0012 -1.0000
vn 0.0032 -0.0012 -1.0000
vn 0.0026 -0.0010 -1.0000
vn 0.0022 -0.0000 -1.0000
vn 0.0027 -0.0002 -1.0000
vn 0.0024 -0.0003 -1.0000
vn 0.0031 0.0018 -1.0000
vn 0.0031 0.0015 -1.0000
vn 0.0030 0.0003 -1.0000
vn 0.0019 -0.0003 -1.0000
vn 0.0031 -0.0005 -1.0000
vn 0.0029 -0.0001 -1.0000
vn 0.0026 0.0027 -1.0000
vn 0.0024 0.0023 -1.0000
vn -0.9283 0.2831 0.2412
vn -0.9260 0.3042 0.2234
vn -0.9335 0.2929 0.2070
vn -0.8142 0.5386 0.2168
vn -0.7944 0.5612 0.2325
vn -0.8087 0.5540 0.1976
vn -0.8121 0.5402 0.2206
vn -0.8075 0.5555 0.1985
vn -0.8134 0.5442 0.2054
vn -0.1212 0.9912 -0.0527
vn -0.1344 0.9907 -0.0220
vn -0.1136 0.9935 -0.0089
vn -0.1719 0.9849 0.0198
vn -0.2078 0.9782 0.0006
vn -0.1947 0.9799 0.0443
vn -0.4022 0.9154 0.0146
vn -0.3795 0.9252 -0.0061
vn -0.3865 0.9220 -0.0231
vn -0.4190 0.9079 -0.0128
vn -0.3922 0.9199 -0.0007
vn -0.3945 0.9186 -0.0214
vn -0.5985 0.8008 -0.0218
vn -0.6054 0.7959 -0.0072
vn -0.5739 0.8189 0.0115
vn -0.6351 0.7721 0.0220
vn -0.6304 0.7738 0.0619
vn -0.6235 0.7817 0.0090
vn -0.8005 0.5983 -0.0355
vn -0.8166 0.5770 -0.0163
vn -0.7898 0.6132 -0.0165
vn -0.8363 0.5478 0.0215
vn -0.8251 0.5640 0.0330
vn -0.8126 0.5824 0.0236
vn -0.9192 0.3901 -0.0536
vn -0.9256 0.3778 -0.0241
vn -0.9174 0.3977 -0.0112
vn -0.9391 0.3431 0.0176
vn -0.9508 0.3098 -0.0006
vn -0.9462 0.3209 0.0422
vn -0.9939 0.1099 0.0131
vn -0.9908 0.1352 -0.0077
vn -0.9916 0.1267 -0.0245
vn -0.9957 0.0917 -0.0142
vn -0.9931 0.1170 -0.0122
vn -0.9927 0.1187 -0.0235
vn -0.9926 -0.1187 -0.0236
vn -0.9931 -0.1170 -0.0122
vn -0.9908 -0.1352 -0.0026
vn -0.9908 -0.1353 -0.0078
vn -0.9888 -0.1490 -0.0080
vn -0.9916 -0.1269 -0.0245
vn -0.9414 -0.3373 0.0006
vn -0.9532 -0.3023 0.0041
vn -0.9392 -0.3430 0.0176
vn -0.9254 -0.3781 -0.0242
vn -0.9221 -0.3829 -0.0569
vn -0.9233 -0.3805 -0.0531
vn -0.8251 -0.5641 0.0330
vn -0.8364 -0.5477 0.0215
vn -0.8130 -0.5821 0.0110
vn -0.7899 -0.6130 -0.0165
vn -0.7997 -0.6003 -0.0070
vn -0.8007 -0.5980 -0.0357
vn -0.6213 -0.7826 0.0386
vn -0.6343 -0.7728 0.0221
vn -0.6231 -0.7821 0.0088
vn -0.5840 -0.8117 -0.0103
vn -0.6064 -0.7952 0.0007
vn -0.5987 -0.8007 -0.0212
vn -0.4021 -0.9154 -0.0210
vn -0.3923 -0.9198 -0.0000
vn -0.4136 -0.9104 -0.0079
vn -0.3565 -0.9341 0.0211
vn -0.3657 -0.9301 0.0353
vn -0.3839 -0.9230 0.0274
vn -0.1785 -0.9828 -0.0480
vn -0.1619 -0.9866 -0.0219
vn -0.1845 -0.9828 -0.0091
vn -0.1260 -0.9918 0.0201
vn -0.0947 -0.9955 0.0025
vn -0.1027 -0.9937 0.0449
vn 0.1146 -0.9933 0.0163
vn 0.0896 -0.9960 -0.0048
vn 0.0977 -0.9950 -0.0217
vn 0.1326 -0.9911 -0.0110
vn 0.1032 -0.9947 0.0022
vn 0.1057 -0.9942 -0.0201
vn 0.3282 -0.9444 -0.0195
vn 0.3375 -0.9413 -0.0045
vn 0.3161 -0.9487 -0.0058
vn 0.3751 -0.9267 0.0233
vn 0.3649 -0.9303 0.0376
vn 0.3466 -0.9375 0.0297
vn 0.5478 -0.8352 -0.0489
vn 0.5622 -0.8267 -0.0226
vn 0.5406 -0.8412 -0.0098
vn 0.6132 -0.7891 0.0356
vn 0.6285 -0.7775 0.0233
vn 0.6222 -0.7800 0.0663
vn 0.7936 -0.6077 -0.0303
vn 0.8078 -0.5891 -0.0208
vn 0.7874 -0.6162 -0.0179
vn 0.8317 -0.5547 0.0247
vn 0.8255 -0.5632 0.0371
vn 0.8122 -0.5827 0.0276
vn 0.9192 -0.3907 -0.0497
vn 0.9251 -0.3792 -0.0189
vn 0.9171 -0.3986 -0.0057
vn 0.9387 -0.3439 0.0231
vn 0.9509 -0.3093 0.0040
vn 0.9457 -0.3216 0.0479
vn 0.9939 -0.1091 0.0188
vn 0.9909 -0.1344 -0.0023
vn 0.9918 -0.1261 -0.0191
vn 0.9958 -0.0914 -0.0085
vn 0.9931 -0.1169 -0.0065
vn 0.9928 -0.1185 -0.0178
vn 0.9928 0.1185 -0.0178
vn 0.9931 0.1168 -0.0066
vn 0.9958 0.0913 -0.0085
vn 0.9909 0.1343 -0.0023
vn 0.9939 0.1090 0.0187
vn 0.9919 0.1259 -0.0192
vn 0.9456 0.3218 0.0477
vn 0.9522 0.3052 0.0115
vn 0.9387 0.3440 0.0230
vn 0.9259 0.3773 -0.0185
vn 0.9226 0.3827 -0.0486
vn 0.9172 0.3983 -0.0058
vn 0.8258 0.5627 0.0389
vn 0.8319 0.5544 0.0245
vn 0.8156 0.5784 0.0164
vn 0.7956 0.6058 -0.0045
vn 0.8091 0.5876 0.0041
vn 0.8031 0.5956 -0.0178
vn 0.6542 0.7561 -0.0182
vn 0.6466 0.7629 0.0035
vn 0.6637 0.7480 -0.0048
vn 0.6153 0.7880 0.0240
vn 0.6230 0.7813 0.0382
vn 0.6385 0.7690 0.0303
vn 0.4498 0.8917 -0.0494
vn 0.4353 0.9000 -0.0231
vn 0.4587 0.8885 -0.0100
vn 0.3766 0.9257 0.0348
vn 0.3588 0.9331 0.0225
vn 0.3641 0.9290 0.0657
vn 0.1299 0.9910 -0.0322
vn 0.1064 0.9941 -0.0228
vn 0.1403 0.9899 -0.0199
vn 0.0648 0.9976 0.0226
vn 0.0751 0.9966 0.0350
vn 0.0986 0.9948 0.0256
vn 1.0000 -0.0000 0.0033
vn 1.0000 0.0001 0.0028
vn 1.0000 0.0001 0.0025
vn 1.0000 0.0001 0.0017
vn 1.0000 -0.0000 0.0021
vn 1.0000 0.0003 0.0022
vn 1.0000 0.0002 0.0029
vn 1.0000 0.0001 0.0027
vn 1.0000 -0.0003 0.0031
vn 1.0000 -0.0000 0.0030
vn 1.0000 0.0003 0.0025
vn 1.0000 0.0002 0.0028
vn 1.0000 -0.0003 0.0029
vn 1.0000 -0.0000 0.0027
vn 1.0000 -0.0001 0.0024
vn 1.0000 0.0002 0.0024
vn 1.0000 -0.0000 0.0035
vn 1.0000 0.0002 0.0031
vn 1.0000 -0.0001 0.0026
vn 1.0000 0.0005 0.0028
vn 1.0000 0.0001 0.0030
vn 1.0000 0.0004 0.0025
vn 1.0000 -0.0004 0.0034
vn 1.0000 0.0001 0.0029
vn 1.0000 -0.0002 0.0022
vn -0.0215 0.8679 0.4962
vn 0.0039 0.8534 0.5213
vn 0.0392 0.8786 0.4759
vn -0.0005 0.8633 0.5047
vn -0.0316 0.8512 0.5239
vn 0.0278 0.8508 0.5247
vn -0.0323 0.9742 0.2233
vn 0.0242 0.9720 0.2336
vn 0.0260 0.9759 0.2168
vn 0.0006 0.9910 0.1338
vn -0.0098 0.9863 0.1648
vn 0.0276 0.9860 0.1647
vn -0.0253 -0.7990 0.6008
vn 0.0038 -0.8262 0.5634
vn 0.0248 -0.8012 0.5979
vn 0.0037 -0.8093 0.5874
vn -0.0267 -0.8239 0.5661
vn 0.0394 -0.8248 0.5640
vn -0.0037 -0.5476 0.8367
vn 0.0361 -0.5472 0.8362
vn -0.0027 -0.5257 0.8507
vn -0.0016 -0.5883 0.8086
vn 0.0302 -0.6064 0.7946
vn 0.0376 -0.5835 0.8113
vn 0.0017 -0.3411 0.9400
vn 0.0165 -0.3039 0.9526
vn -0.0041 -0.3352 0.9421
vn 0.0076 -0.1744 0.9846
vn -0.0006 -0.1745 0.9847
vn -0.0016 -0.1801 0.9836
vn -0.1638 -0.3653 0.9164
vn -0.1502 -0.3552 0.9227
vn -0.1930 -0.3367 0.9216
vn -0.1286 -0.5981 0.7911
vn -0.1462 -0.5632 0.8133
vn -0.1598 -0.6199 0.7682
vn -0.1562 -0.6374 0.7545
vn -0.1496 -0.6196 0.7706
vn -0.1972 -0.6126 0.7654
vn -0.1576 -0.7978 0.5820
vn -0.1010 -0.7973 0.5950
vn -0.1216 -0.7807 0.6130
vn -0.2303 -0.2806 0.9318
vn -0.2076 -0.2929 0.9333
vn -0.2202 -0.2683 0.9378
vn -0.2297 -0.0782 0.9701
vn -0.2189 -0.0512 0.9744
vn -0.2451 -0.0585 0.9677
vn -0.1988 -0.0195 0.9799
vn -0.2207 -0.0068 0.9753
vn -0.2373 -0.0434 0.9705
vn -0.4178 -0.3653 0.8319
vn -0.4289 -0.3572 0.8297
vn -0.4350 -0.3744 0.8189
vn -0.4486 -0.0575 0.8919
vn -0.4597 -0.0394 0.8872
vn -0.4628 -0.0723 0.8835
vn -0.2290 0.2292 0.9461
vn -0.2127 0.2464 0.9455
vn -0.2633 0.2403 0.9343
vn -0.1932 0.2918 0.9368
vn -0.2202 0.3208 0.9212
vn -0.2152 0.2713 0.9381
vn -0.1966 0.4845 0.8524
vn -0.1886 0.4857 0.8536
vn -0.2215 0.4907 0.8427
vn -0.3688 -0.5663 0.7371
vn -0.3646 -0.5855 0.7241
vn -0.3557 -0.5807 0.7323
vn -0.4123 -0.3383 0.8459
vn -0.4143 -0.3332 0.8470
vn -0.4244 -0.3335 0.8418
vn -0.5939 -0.3355 0.7313
vn -0.6026 -0.3364 0.7237
vn -0.6013 -0.3398 0.7231
vn -0.4534 -0.0469 0.8901
vn -0.4718 -0.0526 0.8801
vn -0.4527 -0.0519 0.8902
vn -0.4448 0.2362 0.8639
vn -0.4357 0.2411 0.8672
vn -0.4453 0.2564 0.8579
vn -0.3857 -0.6102 0.6920
vn -0.3662 -0.6149 0.6984
vn -0.3495 -0.6075 0.7133
vn -0.5153 -0.5914 0.6202
vn -0.5040 -0.6131 0.6084
vn -0.4963 -0.6137 0.6140
vn -0.1826 -0.8642 0.4688
vn -0.1461 -0.8778 0.4562
vn -0.1481 -0.8637 0.4818
vn -0.2211 -0.8550 0.4691
vn -0.2193 -0.8715 0.4387
vn -0.1885 -0.8720 0.4517
vn -0.0432 -0.9619 0.2701
vn -0.0051 -0.9579 0.2871
vn -0.0383 -0.9537 0.2983
vn 0.0038 -0.9636 0.2672
vn 0.0096 -0.9529 0.3031
vn -0.0298 -0.9552 0.2946
vn -0.6290 -0.0461 0.7760
vn -0.6411 -0.0470 0.7660
vn -0.6402 -0.0525 0.7664
vn -0.6049 -0.3179 0.7301
vn -0.6101 -0.3256 0.7223
vn -0.5975 -0.3324 0.7298
vn -0.2477 -0.8755 0.4148
vn -0.2263 -0.8916 0.3921
vn -0.2280 -0.8785 0.4198
vn -0.1583 -0.9724 0.1715
vn -0.1356 -0.9737 0.1833
vn -0.1359 -0.9708 0.1979
vn -0.0379 -0.9934 0.1084
vn -0.0703 -0.9931 0.0939
vn -0.0517 -0.9957 0.0773
vn 0.0628 -0.9921 -0.1084
vn 0.0480 -0.9885 -0.1437
vn 0.0797 -0.9889 -0.1252
vn -0.5246 -0.6005 0.6035
vn -0.4966 -0.6165 0.6110
vn -0.4957 -0.6041 0.6240
vn -0.3204 -0.8536 0.4107
vn -0.3404 -0.8453 0.4119
vn -0.3522 -0.8497 0.3925
vn -0.3731 -0.8745 0.3100
vn -0.3807 -0.8729 0.3051
vn -0.3783 -0.8782 0.2926
vn -0.5989 -0.6342 0.4889
vn -0.6111 -0.6254 0.4853
vn -0.5977 -0.6424 0.4798
vn -0.2476 -0.9504 0.1884
vn -0.2331 -0.9510 0.2031
vn -0.2631 -0.9443 0.1977
vn -0.3674 -0.8826 0.2934
vn -0.3666 -0.8780 0.3076
vn -0.3742 -0.8816 0.2876
vn -0.7502 -0.3319 0.5719
vn -0.7625 -0.3227 0.5607
vn -0.7600 -0.3410 0.5533
vn -0.6468 -0.6002 0.4705
vn -0.6487 -0.6048 0.4619
vn -0.6411 -0.6063 0.4706
vn -0.7506 -0.3501 0.5605
vn -0.7558 -0.3407 0.5592
vn -0.7644 -0.3392 0.5484
vn -0.4806 -0.8434 0.2403
vn -0.4680 -0.8532 0.2304
vn -0.4623 -0.8523 0.2444
vn -0.6917 -0.6245 0.3628
vn -0.6926 -0.6313 0.3491
vn -0.6898 -0.6349 0.3481
vn -0.6568 0.0182 0.7538
vn -0.6614 0.0040 0.7500
vn -0.6544 0.0026 0.7562
vn -0.8021 -0.1051 0.5879
vn -0.7966 -0.0925 0.5974
vn -0.8104 -0.0926 0.5785
vn -0.2172 -0.9750 0.0461
vn -0.1956 -0.9796 0.0454
vn -0.1980 -0.9778 0.0680
vn -0.4435 -0.8849 0.1424
vn -0.4519 -0.8791 0.1517
vn -0.4667 -0.8748 0.1301
vn -0.2804 -0.9552 0.0947
vn -0.2620 -0.9583 0.1139
vn -0.2758 -0.9503 0.1443
vn -0.4954 -0.8612 0.1139
vn -0.4767 -0.8712 0.1176
vn -0.5005 -0.8548 0.1373
vn -0.7314 -0.6422 0.2295
vn -0.7427 -0.6415 0.1921
vn -0.7253 -0.6589 0.1994
vn -0.7627 -0.5717 0.3022
vn -0.7558 -0.5807 0.3024
vn -0.7410 -0.5894 0.3219
vn -0.8216 -0.5691 0.0330
vn -0.8451 -0.5340 0.0272
vn -0.8289 -0.5593 -0.0062
vn -0.8542 -0.3352 0.3975
vn -0.8583 -0.3282 0.3945
vn -0.8553 -0.3438 0.3876
vn -0.8513 -0.3956 0.3446
vn -0.8462 -0.3860 0.3674
vn -0.8546 -0.3896 0.3435
vn -0.8929 -0.4494 0.0293
vn -0.9063 -0.4226 -0.0093
vn -0.8911 -0.4538 -0.0069
vn -0.9218 -0.3868 0.0243
vn -0.9257 -0.3772 -0.0275
vn -0.9281 -0.3723 -0.0018
vn -1.0000 -0.0057 -0.0026
vn -1.0000 -0.0015 -0.0021
vn -0.9997 0.0018 -0.0252
vn -0.9987 -0.0509 0.0013
vn -0.9992 -0.0304 -0.0260
vn -0.9983 -0.0481 -0.0314
vn -0.9408 -0.2505 0.2284
vn -0.9377 -0.2711 0.2172
vn -0.9274 -0.2836 0.2439
vn -0.9028 -0.0988 0.4186
vn -0.9014 -0.0956 0.4223
vn -0.9087 -0.0934 0.4069
vn -0.8545 0.0196 0.5190
vn -0.8556 0.0047 0.5177
vn -0.8511 0.0069 0.5250
vn -0.9685 -0.0987 0.2284
vn -0.9624 -0.0839 0.2585
vn -0.9691 -0.0896 0.2300
vn -0.9496 -0.0105 0.3133
vn -0.9470 -0.0145 0.3209
vn -0.9482 -0.0049 0.3177
vn -0.9937 0.0616 0.0936
vn -0.9960 0.0355 0.0819
vn -0.9939 0.0138 0.1094
vn -0.9753 0.1958 0.1026
vn -0.9658 0.2193 0.1380
vn -0.9681 0.2277 0.1046
vn -0.9439 0.3303 0.0020
vn -0.9342 0.3564 0.0156
vn -0.9447 0.3267 -0.0286
vn -0.9477 0.3192 0.0045
vn -0.9462 0.3224 -0.0291
vn -0.9515 0.3075 -0.0045
vn -0.9293 0.1949 0.3138
vn -0.9243 0.2083 0.3199
vn -0.9274 0.2093 0.3099
vn -0.8757 0.2725 0.3987
vn -0.8681 0.2688 0.4173
vn -0.8715 0.2769 0.4048
vn -0.8420 0.1769 0.5097
vn -0.8386 0.1859 0.5121
vn -0.8432 0.1855 0.5046
vn -0.7750 0.5091 0.3744
vn -0.7658 0.5188 0.3800
vn -0.7758 0.5139 0.3662
vn -0.7770 0.2964 0.5554
vn -0.7674 0.2953 0.5691
vn -0.7715 0.3037 0.5590
vn -0.6472 0.1995 0.7358
vn -0.6475 0.1895 0.7382
vn -0.6406 0.2033 0.7404
vn -0.7260 0.5567 0.4037
vn -0.7220 0.5634 0.4017
vn -0.7335 0.5540 0.3938
vn -0.7233 0.4519 0.5221
vn -0.7128 0.4630 0.5268
vn -0.7193 0.4676 0.5137
vn -0.6214 0.2465 0.7438
vn -0.6216 0.2382 0.7462
vn -0.6137 0.2405 0.7520
vn -0.4474 0.2442 0.8604
vn -0.4354 0.2437 0.8666
vn -0.4389 0.2474 0.8638
vn -0.5428 0.5098 0.6674
vn -0.5548 0.5098 0.6574
vn -0.5515 0.5076 0.6620
vn -0.5449 0.5629 0.6215
vn -0.5543 0.5567 0.6187
vn -0.5483 0.5520 0.6282
vn -0.3884 0.5010 0.7734
vn -0.3951 0.5044 0.7677
vn -0.4050 0.4882 0.7731
vn -0.3960 0.5152 0.7601
vn -0.4121 0.5082 0.7563
vn -0.3967 0.5095 0.7636
vn -0.2325 0.5395 0.8093
vn -0.2257 0.5285 0.8184
vn -0.2257 0.5439 0.8083
vn -0.6319 0.6917 0.3497
vn -0.6363 0.6933 0.3382
vn -0.6350 0.6834 0.3601
vn -0.6143 0.7610 0.2086
vn -0.6183 0.7619 0.1928
vn -0.6295 0.7537 0.1885
vn -0.6151 0.7601 0.2095
vn -0.6314 0.7525 0.1874
vn -0.6429 0.7325 0.2239
vn -0.4154 0.8974 0.1489
vn -0.3785 0.9151 0.1388
vn -0.4160 0.9020 0.1158
vn -0.4869 0.6801 0.5481
vn -0.4744 0.6875 0.5498
vn -0.4847 0.6862 0.5424
vn -0.2946 0.7608 0.5783
vn -0.2977 0.7652 0.5708
vn -0.3094 0.7672 0.5618
vn -0.4679 0.8003 0.3750
vn -0.4536 0.8010 0.3907
vn -0.4535 0.8085 0.3751
vn -0.1940 0.7129 0.6739
vn -0.1777 0.7256 0.6648
vn -0.1932 0.7228 0.6635
vn -0.3054 0.7524 0.5837
vn -0.3078 0.7632 0.5681
vn -0.3248 0.7488 0.5778
vn -0.3508 0.9243 0.1501
vn -0.3537 0.9280 0.1174
vn -0.3628 0.9239 0.1215
vn -0.3720 0.8708 0.3215
vn -0.3887 0.8676 0.3101
vn -0.3942 0.8621 0.3183
vn -0.1059 0.9935 0.0428
vn -0.1105 0.9937 0.0198
vn -0.1379 0.9902 0.0219
vn -0.1492 0.9860 0.0749
vn -0.1806 0.9816 0.0620
vn -0.1797 0.9795 0.0906
vn -0.2321 0.9333 0.2741
vn -0.2625 0.9278 0.2651
vn -0.2303 0.9287 0.2908
vn -0.1022 0.9917 0.0777
vn -0.0943 0.9879 0.1230
vn -0.0761 0.9910 0.1103
vn -0.2473 0.8697 0.4271
vn -0.2139 0.8845 0.4147
vn -0.2297 0.8861 0.4025
vn -0.0097 0.9990 0.0444
vn 0.0238 0.9967 0.0780
vn 0.0432 0.9977 0.0523
vn -0.0918 0.9236 0.3721
vn -0.1283 0.9185 0.3741
vn -0.0832 0.9099 0.4064
vn -0.1059 0.9699 0.2192
vn -0.1231 0.9760 0.1795
vn -0.1354 0.9638 0.2295
vn -0.0687 0.8744 0.4803
vn -0.1002 0.8920 0.4409
vn -0.1083 0.8669 0.4866
vn -0.1837 0.7522 0.6329
vn -0.1284 0.7566 0.6411
vn -0.1389 0.7611 0.6336
vn 0.0184 0.6242 0.7810
vn -0.0007 0.5739 0.8189
vn 0.0265 0.6025 0.7977
vn 0.0115 0.6263 0.7795
vn -0.0280 0.6090 0.7927
vn 0.0173 0.5775 0.8162
vn 0.0302 0.9861 -0.1633
vn 0.0013 0.9847 -0.1744
vn -0.0115 0.9863 -0.1647
vn -0.0111 0.9953 -0.0958
vn 0.0033 0.9978 -0.0670
vn 0.0055 0.9925 -0.1217
vn 0.0288 0.4139 0.9098
vn -0.0048 0.4147 0.9100
vn -0.0216 0.4130 0.9105
vn 0.0197 0.2611 0.9651
vn 0.0191 0.3020 0.9531
vn -0.0096 0.2757 0.9612
vn 0.0239 0.9040 -0.4268
vn 0.0297 0.8998 -0.4353
vn -0.0118 0.9002 -0.4352
vn 0.0267 0.8790 -0.4760
vn 0.0027 0.8732 -0.4874
vn -0.0125 0.8794 -0.4759
vn 0.0456 0.7419 -0.6690
vn 0.0125 0.7026 -0.7115
vn -0.0135 0.7176 -0.6963
vn 0.0601 0.6764 -0.7341
vn 0.0025 0.6664 -0.7456
vn 0.0008 0.6776 -0.7354
vn 0.0305 0.4750 -0.8795
vn 0.0352 0.4188 -0.9074
vn -0.0003 0.4608 -0.8875
vn 0.0383 0.3330 -0.9421
vn 0.0048 0.3316 -0.9434
vn -0.0090 0.3341 -0.9425
vn -0.0126 0.1902 -0.9817
vn 0.0245 0.2211 -0.9749
vn 0.0103 0.1589 -0.9872
vn 0.0220 -0.1824 -0.9830
vn 0.0400 -0.2098 -0.9769
vn -0.0101 -0.1956 -0.9806
vn 0.0262 -0.1966 -0.9801
vn 0.0040 -0.2109 -0.9775
vn -0.0275 -0.1967 -0.9801
vn 0.0531 -0.4876 -0.8715
vn 0.0185 -0.5348 -0.8447
vn -0.0292 -0.5227 -0.8520
vn 0.0673 -0.5455 -0.8354
vn 0.0031 -0.5732 -0.8194
vn -0.0056 -0.5465 -0.8374
vn 0.0044 -0.7418 -0.6706
vn 0.0268 -0.7861 -0.6176
vn -0.0076 -0.7488 -0.6628
vn 0.0149 -0.8309 -0.5562
vn 0.0038 -0.8360 -0.5488
vn 0.0062 -0.8291 -0.5590
vn -0.0031 -0.9072 -0.4206
vn 0.0059 -0.8890 -0.4579
vn 0.0105 -0.9090 -0.4166
vn -0.0267 -0.9996 0.0113
vn 0.0448 -0.9990 0.0091
vn -0.0033 -1.0000 0.0068
vn 0.0492 -0.9954 -0.0818
vn -0.0202 -0.9958 -0.0897
vn 0.0212 -0.9940 -0.1071
vn 0.0802 -0.9968 -0.0017
vn 0.0824 -0.9963 -0.0233
vn 0.0863 -0.9963 -0.0037
vn 0.3000 -0.9503 0.0837
vn 0.3941 -0.9189 -0.0191
vn 0.3931 -0.9195 0.0031
vn 0.0541 -0.9974 -0.0466
vn 0.0657 -0.9935 0.0931
vn 0.0293 -0.9973 -0.0674
vn 0.0276 -0.9993 -0.0237
vn 0.0680 -0.9975 -0.0194
vn 0.0215 -0.9998 0.0016
vn 0.3404 -0.9292 -0.1441
vn 0.3788 -0.9255 0.0019
vn 0.3166 -0.9421 -0.1102
vn 0.1867 -0.9587 -0.2144
vn 0.1586 -0.9623 -0.2210
vn 0.1346 -0.9611 -0.2411
vn 0.4337 -0.8801 -0.1935
vn 0.5446 -0.8279 -0.1343
vn 0.4128 -0.8956 -0.1657
vn 0.3113 -0.8806 -0.3572
vn 0.2908 -0.8883 -0.3554
vn 0.2934 -0.8767 -0.3813
vn 0.4166 -0.8880 -0.1948
vn 0.4224 -0.8935 -0.1521
vn 0.4065 -0.8937 -0.1900
vn 0.3123 -0.8760 -0.3676
vn 0.3051 -0.8834 -0.3556
vn 0.2915 -0.8811 -0.3723
vn 0.1161 -0.8835 -0.4537
vn 0.1107 -0.8988 -0.4242
vn 0.0933 -0.8959 -0.4343
vn 0.1321 -0.8948 -0.4264
vn 0.1087 -0.9037 -0.4142
vn 0.0685 -0.8945 -0.4417
vn 0.1709 -0.7295 -0.6623
vn 0.1951 -0.7247 -0.6609
vn 0.1789 -0.7359 -0.6531
vn 0.4071 -0.7751 -0.4833
vn 0.3908 -0.7799 -0.4889
vn 0.3955 -0.7695 -0.5014
vn 0.1537 -0.7589 -0.6328
vn 0.0932 -0.7837 -0.6140
vn 0.1401 -0.7523 -0.6438
vn 0.5896 -0.7634 -0.2637
vn 0.5975 -0.7546 -0.2713
vn 0.6159 -0.7521 -0.2345
vn 0.4138 -0.7248 -0.5509
vn 0.4043 -0.7347 -0.5448
vn 0.3989 -0.7293 -0.5560
vn 0.1224 -0.6544 -0.7462
vn 0.0578 -0.6393 -0.7668
vn 0.1272 -0.6437 -0.7546
vn 0.5044 -0.6062 -0.6149
vn 0.5106 -0.6118 -0.6041
vn 0.4966 -0.6175 -0.6100
vn 0.1913 -0.3924 -0.8997
vn 0.2384 -0.4346 -0.8685
vn 0.2223 -0.4550 -0.8623
vn 0.6102 -0.7257 -0.3179
vn 0.6424 -0.7055 -0.2992
vn 0.6258 -0.7232 -0.2922
vn 0.5573 -0.6326 -0.5378
vn 0.5580 -0.6199 -0.5517
vn 0.6034 -0.5883 -0.5383
vn 0.6667 -0.6306 -0.3973
vn 0.6853 -0.6130 -0.3933
vn 0.6630 -0.6504 -0.3708
vn 0.2724 -0.4790 -0.8345
vn 0.2978 -0.4688 -0.8316
vn 0.3037 -0.4872 -0.8188
vn 0.4421 -0.2635 -0.8574
vn 0.4674 -0.2798 -0.8386
vn 0.4191 -0.2483 -0.8733
vn 0.3804 -0.0902 -0.9204
vn 0.3621 -0.1411 -0.9214
vn 0.3604 -0.1518 -0.9204
vn 0.4729 -0.1658 -0.8654
vn 0.4787 -0.1883 -0.8575
vn 0.4451 -0.2082 -0.8710
vn 0.5154 -0.4985 -0.6970
vn 0.5126 -0.4858 -0.7080
vn 0.5251 -0.4840 -0.7000
vn 0.7927 -0.4776 -0.3789
vn 0.7709 -0.4879 -0.4095
vn 0.7783 -0.4763 -0.4091
vn 0.6221 -0.3866 -0.6809
vn 0.6121 -0.3970 -0.6839
vn 0.6146 -0.3732 -0.6950
vn 0.7062 -0.0718 -0.7044
vn 0.6971 -0.0528 -0.7150
vn 0.7121 -0.0664 -0.6989
vn 0.5937 -0.3132 -0.7412
vn 0.5809 -0.3097 -0.7528
vn 0.6032 -0.2988 -0.7395
vn 0.8869 -0.1773 -0.4265
vn 0.8733 -0.1609 -0.4598
vn 0.8797 -0.1479 -0.4519
vn 0.8967 -0.1479 -0.4172
vn 0.8977 -0.1070 -0.4274
vn 0.9045 -0.1026 -0.4139
vn 0.7468 -0.4125 -0.5216
vn 0.7293 -0.4502 -0.5151
vn 0.7323 -0.4323 -0.5262
vn 0.7957 -0.4402 -0.4161
vn 0.7751 -0.4693 -0.4231
vn 0.7727 -0.4616 -0.4358
vn 0.8643 -0.3754 -0.3349
vn 0.8725 -0.3656 -0.3243
vn 0.8700 -0.3790 -0.3155
vn 0.8403 -0.2646 -0.4731
vn 0.8460 -0.2477 -0.4722
vn 0.8494 -0.2568 -0.4610
vn 0.6620 0.7494 -0.0138
vn 0.6846 0.7289 0.0057
vn 0.6884 0.7252 -0.0096
vn 0.6753 0.7369 -0.0315
vn 0.6784 0.7347 0.0046
vn 0.6823 0.7311 0.0013
vn 0.8793 0.4763 -0.0024
vn 0.8810 0.4732 -0.0045
vn 0.8788 0.4757 -0.0370
vn 0.8819 0.4715 -0.0019
vn 0.8866 0.4612 -0.0346
vn 0.8692 0.4934 -0.0329
vn 0.9802 0.1978 -0.0019
vn 0.9867 0.1628 0.0017
vn 0.9906 0.1346 -0.0261
vn 0.9851 0.1686 -0.0352
vn 0.9847 0.1744 -0.0014
vn 0.9865 0.1637 0.0002
vn 0.9902 -0.1397 0.0004
vn 0.9864 -0.1638 0.0093
vn 0.9855 -0.1657 -0.0354
vn 0.9932 -0.1144 0.0209
vn 0.9912 -0.1264 -0.0391
vn 0.9941 -0.1077 -0.0142
vn 0.9278 -0.3721 -0.0274
vn 0.9140 -0.4047 0.0284
vn 0.9100 -0.4146 -0.0062
vn 0.8793 -0.4736 -0.0512
vn 0.8914 -0.4532 -0.0040
vn 0.8780 -0.4782 0.0214
vn 0.6841 -0.7294 0.0005
vn 0.6774 -0.7352 0.0272
vn 0.6749 -0.7365 -0.0455
vn 0.6998 -0.7143 0.0066
vn 0.6761 -0.7358 -0.0383
vn 0.7165 -0.6971 -0.0259
vn 0.4686 -0.8761 -0.1135
vn 0.4157 -0.9095 0.0087
vn 0.3952 -0.9182 -0.0284
vn 0.4004 -0.9069 -0.1312
vn 0.4055 -0.9141 0.0007
vn 0.4017 -0.9157 0.0074
vn -0.2510 -0.9680 0.0028
vn -0.2795 -0.9600 -0.0183
vn -0.2481 -0.9687 -0.0129
vn -0.2480 -0.9688 0.0026
vn -0.2456 -0.9693 -0.0127
vn -0.2373 -0.9714 -0.0008
vn -0.6005 -0.7997 0.0021
vn -0.6006 -0.7989 -0.0326
vn -0.5811 -0.8135 -0.0214
vn -0.5473 -0.8369 0.0080
vn -0.5569 -0.8306 0.0019
vn -0.5445 -0.8384 -0.0267
vn -0.3110 0.9499 -0.0300
vn -0.3131 0.9497 0.0063
vn -0.3095 0.9509 -0.0030
vn -0.2089 0.9777 -0.0198
vn -0.2226 0.9748 -0.0156
vn -0.2160 0.9763 0.0155
vn -0.7463 0.6656 0.0090
vn -0.7450 0.6667 -0.0227
vn -0.7497 0.6618 -0.0068
vn -0.8248 0.5651 0.0187
vn -0.8094 0.5871 -0.0126
vn -0.8280 0.5607 -0.0094
vn 0.4195 0.9077 0.0063
vn 0.4319 0.9015 -0.0261
vn 0.4104 0.9119 -0.0046
vn 0.4010 0.9160 0.0044
vn 0.4077 0.9131 -0.0007
vn 0.4020 0.9151 -0.0314
vn 0.1048 0.9945 0.0001
vn 0.0644 0.9978 -0.0172
vn 0.0885 0.9961 0.0076
vn 0.0977 0.9946 -0.0364
vn 0.1191 0.9916 -0.0507
vn 0.1038 0.9911 -0.0831
vn -0.5549 0.8319 -0.0016
vn -0.5802 0.8145 0.0049
vn -0.5640 0.8256 0.0157
vn -0.5645 0.8240 -0.0484
vn -0.5823 0.8085 -0.0857
vn -0.5901 0.8065 -0.0365
vn 0.0040 0.0013 -1.0000
vn 0.0041 0.0011 -1.0000
vn 0.0027 -0.0000 -1.0000
vn 0.0039 0.0013 -1.0000
vn 0.0017 0.0011 -1.0000
vn 0.0018 0.0003 -1.0000
vn 0.0028 0.0015 -1.0000
vn 0.0028 0.0003 -1.0000
vn 0.0030 -0.0004 -1.0000
vn 0.0030 -0.0013 -1.0000
vn 0.0027 -0.0001 -1.0000
vn 0.0028 -0.0006 -1.0000
vn 0.0028 0.0004 -1.0000
vn 0.0031 -0.0000 -1.0000
vn 0.0027 0.0003 -1.0000
vn 0.0031 0.0001 -1.0000
vn 0.0027 0.0001 -1.0000
vn 0.0031 0.0005 -1.0000
vn 0.0034 -0.0003 -1.0000
vn 0.0028 -0.0004 -1.0000
vn 0.0032 -0.0002 -1.0000
vn 0.0041 0.0015 -1.0000
vn 0.0047 0.0004 -1.0000
vn 0.0047 -0.0002 -1.0000
vn 0.0041 -0.0015 -1.0000
vn 0.0028 -0.0002 -1.0000
vn 0.0031 0.0002 -1.0000
vn 0.0033 -0.0001 -1.0000
vn 0.0031 -0.0004 -1.0000
vn 0.0029 0.0003 -1.0000
vn 0.0027 0.0002 -1.0000
vn 0.0028 -0.0003 -1.0000
vn 0.0032 0.0008 -1.0000
vn 0.0029 0.0006 -1.0000
vn 0.0030 -0.0008 -1.0000
vn 0.0032 -0.0009 -1.0000
vn -0.0028 -0.0030 1.0000
vn -0.0028 -0.0000 1.0000
vn -0.0029 0.0001 1.0000
vn -0.0028 0.0004 1.0000
vn -0.0029 0.0002 1.0000
vn -0.0026 0.0006 1.0000
vn -0.0028 0.0001 1.0000
vn -0.0024 0.0004 1.0000
vn -0.0026 -0.0002 1.0000
vn -0.0028 -0.0001 1.0000
vn -0.0027 0.0004 1.0000
vn -0.0033 -0.0004 1.0000
vn -0.0028 -0.0004 1.0000
vn -0.0026 -0.0006 1.0000
vn -0.0024 -0.0000 1.0000
vn -0.0027 0.0001 1.0000
vn -0.0024 -0.0002 1.0000
vn -0.0027 -0.0002 1.0000
vn -0.0040 -0.0014 1.0000
vn -0.0026 0.0005 1.0000
vn -0.0045 0.0001 1.0000
vn -0.0040 0.0014 1.0000
vn -0.0042 -0.0012 1.0000
vn -0.0045 -0.0001 1.0000
vn -0.0022 -0.0008 1.0000
vn -0.0020 0.0002 1.0000
vn -0.0040 0.0015 1.0000
vn -0.0028 0.0002 1.0000
vn -0.0019 -0.0000 1.0000
vn -0.0022 0.0010 1.0000
vn -0.0032 0.0004 1.0000
vn -0.0029 -0.0007 1.0000
vn -0.0029 -0.0004 1.0000
vn -0.0028 -0.0002 1.0000
vn -0.0028 0.0007 1.0000
vn -0.0027 -0.0010 1.0000
vn -0.0027 -0.0000 1.0000
vn -0.0037 -0.0026 1.0000
vn -0.0028 -0.0028 1.0000
vn -0.6572 -0.7402 -0.1418
vn -0.6661 -0.7251 -0.1749
vn -0.6340 -0.7523 -0.1792
vn -0.7908 -0.5330 -0.3008
vn -0.8015 -0.5403 -0.2562
vn -0.8031 -0.5342 -0.2640
vn -0.7118 -0.6370 -0.2959
vn -0.6979 -0.6659 -0.2636
vn -0.7049 -0.6607 -0.2580
vn -0.6905 -0.6308 -0.3541
vn -0.6741 -0.6452 -0.3596
vn -0.6738 -0.6501 -0.3513
vn -0.8525 -0.4072 -0.3277
vn -0.8517 -0.4165 -0.3179
vn -0.8570 -0.4072 -0.3157
vn -0.9144 -0.3163 -0.2527
vn -0.9172 -0.3190 -0.2386
vn -0.9180 -0.3092 -0.2484
vn -0.8586 -0.2961 -0.4185
vn -0.8631 -0.2988 -0.4070
vn -0.8647 -0.2879 -0.4115
vn -0.8930 -0.0940 -0.4401
vn -0.9057 -0.0795 -0.4164
vn -0.8999 -0.0763 -0.4293
vn -0.6086 -0.6110 -0.5062
vn -0.6261 -0.6035 -0.4938
vn -0.6016 -0.6040 -0.5228
vn -0.3604 -0.8863 -0.2908
vn -0.3335 -0.8942 -0.2986
vn -0.3465 -0.8969 -0.2749
vn -0.3603 -0.8877 -0.2868
vn -0.3434 -0.8835 -0.3185
vn -0.3393 -0.8988 -0.2775
vn -0.1038 -0.9909 -0.0851
vn -0.1396 -0.9853 -0.0986
vn -0.0727 -0.9918 -0.1051
vn -0.7419 -0.3326 -0.5822
vn -0.7486 -0.3294 -0.5754
vn -0.7453 -0.3244 -0.5825
vn -0.8844 -0.0366 -0.4653
vn -0.8958 -0.0358 -0.4431
vn -0.8973 -0.0297 -0.4404
vn -0.7844 -0.0824 -0.6148
vn -0.7866 -0.0801 -0.6122
vn -0.7817 -0.0757 -0.6191
vn -0.6081 -0.6166 -0.5000
vn -0.6114 -0.6211 -0.4903
vn -0.6255 -0.6025 -0.4957
vn -0.7308 -0.3598 -0.5801
vn -0.7214 -0.3620 -0.5904
vn -0.7248 -0.3661 -0.5836
vn -0.3001 -0.8628 -0.4069
vn -0.3205 -0.8611 -0.3946
vn -0.3168 -0.8546 -0.4114
vn -0.5145 -0.6125 -0.6001
vn -0.4904 -0.6031 -0.6291
vn -0.4857 -0.6195 -0.6167
vn -0.3475 -0.7878 -0.5085
vn -0.3597 -0.8027 -0.4758
vn -0.3706 -0.7871 -0.4931
vn -0.1884 -0.9063 -0.3784
vn -0.1848 -0.9091 -0.3734
vn -0.2045 -0.9086 -0.3641
vn -0.0828 -0.9622 -0.2594
vn -0.1216 -0.9569 -0.2638
vn -0.0871 -0.9599 -0.2663
vn -0.0429 -0.8973 -0.4393
vn -0.0654 -0.9118 -0.4055
vn -0.0639 -0.8868 -0.4576
vn -0.2203 -0.7883 -0.5744
vn -0.2174 -0.7802 -0.5866
vn -0.1968 -0.7809 -0.5929
vn -0.2458 -0.7600 -0.6017
vn -0.2321 -0.7533 -0.6154
vn -0.2008 -0.7663 -0.6102
vn -0.1449 -0.8124 -0.5648
vn -0.1072 -0.8057 -0.5826
vn -0.1129 -0.8242 -0.5550
vn -0.0947 -0.7235 -0.6838
vn -0.0470 -0.7434 -0.6672
vn -0.0791 -0.7563 -0.6495
vn -0.0136 -0.7430 -0.6691
vn 0.0144 -0.7217 -0.6921
vn 0.0274 -0.7523 -0.6582
vn 0.0048 -0.6100 -0.7924
vn 0.0347 -0.6211 -0.7830
vn -0.0020 -0.6222 -0.7828
vn -0.2743 -0.6159 -0.7385
vn -0.2979 -0.6049 -0.7385
vn -0.2674 -0.5946 -0.7582
vn -0.5116 -0.5544 -0.6565
vn -0.4846 -0.5734 -0.6606
vn -0.4949 -0.5754 -0.6512
vn -0.2567 -0.5669 -0.7828
vn -0.2674 -0.5684 -0.7781
vn -0.2621 -0.5487 -0.7939
vn -0.5645 -0.3783 -0.7337
vn -0.5633 -0.3624 -0.7425
vn -0.5524 -0.3641 -0.7498
vn -0.5968 -0.3219 -0.7350
vn -0.5847 -0.3117 -0.7490
vn -0.5813 -0.3222 -0.7471
vn -0.2941 -0.3788 -0.8775
vn -0.2993 -0.3639 -0.8820
vn -0.2886 -0.3666 -0.8845
vn -0.3356 -0.3183 -0.8866
vn -0.3234 -0.3094 -0.8943
vn -0.3133 -0.3263 -0.8918
vn -0.1343 -0.3139 -0.9399
vn -0.1255 -0.3246 -0.9375
vn -0.1566 -0.3258 -0.9324
vn -0.1243 -0.0646 -0.9901
vn -0.0977 -0.0620 -0.9933
vn -0.0868 -0.0906 -0.9921
vn -0.1445 -0.0913 -0.9853
vn -0.1075 -0.1132 -0.9877
vn -0.1421 -0.1239 -0.9821
vn -0.1266 0.1968 -0.9722
vn -0.0924 0.2052 -0.9743
vn -0.1196 0.1580 -0.9802
vn -0.3416 -0.1499 -0.9278
vn -0.3573 -0.1421 -0.9231
vn -0.3316 -0.1379 -0.9333
vn -0.2870 -0.0479 -0.9567
vn -0.3021 -0.0707 -0.9506
vn -0.3022 -0.0380 -0.9525
vn -0.2329 0.2990 -0.9254
vn -0.2115 0.2774 -0.9372
vn -0.2506 0.2683 -0.9302
vn -0.2864 0.2162 -0.9334
vn -0.2873 0.2025 -0.9362
vn -0.3155 0.2129 -0.9247
vn -0.1914 0.4648 -0.8645
vn -0.2005 0.4571 -0.8665
vn -0.2213 0.4796 -0.8491
vn -0.6027 -0.1440 -0.7848
vn -0.5987 -0.1815 -0.7801
vn -0.6171 -0.1347 -0.7753
vn -0.4342 -0.0415 -0.8999
vn -0.4723 -0.0378 -0.8806
vn -0.4635 -0.0166 -0.8860
vn -0.2697 0.5820 -0.7672
vn -0.2561 0.5730 -0.7785
vn -0.2707 0.5735 -0.7732
vn -0.2083 0.7276 -0.6536
vn -0.2455 0.7041 -0.6663
vn -0.2236 0.7263 -0.6500
vn -0.4111 0.2818 -0.8670
vn -0.4048 0.2730 -0.8727
vn -0.4145 0.2678 -0.8698
vn -0.4441 0.2454 -0.8617
vn -0.4649 0.2099 -0.8601
vn -0.4717 0.2155 -0.8550
vn -0.3809 0.4800 -0.7903
vn -0.3680 0.4803 -0.7961
vn -0.3689 0.4700 -0.8019
vn -0.6259 -0.0866 -0.7751
vn -0.6176 -0.1130 -0.7784
vn -0.6543 -0.1003 -0.7495
vn -0.6111 0.2410 -0.7539
vn -0.6310 0.2605 -0.7307
vn -0.5873 0.2485 -0.7703
vn -0.7725 -0.0488 -0.6331
vn -0.7872 -0.0597 -0.6138
vn -0.7743 -0.0447 -0.6313
vn -0.6162 0.2596 -0.7435
vn -0.5977 0.2811 -0.7508
vn -0.6098 0.2464 -0.7533
vn -0.7561 0.2320 -0.6119
vn -0.7476 0.2132 -0.6291
vn -0.7572 0.2022 -0.6211
vn -0.5093 0.5384 -0.6714
vn -0.5264 0.5315 -0.6637
vn -0.5165 0.5433 -0.6619
vn -0.5439 0.4961 -0.6768
vn -0.5507 0.5039 -0.6654
vn -0.5347 0.5052 -0.6774
vn -0.7668 0.2851 -0.5751
vn -0.7665 0.2795 -0.5782
vn -0.7772 0.2829 -0.5621
vn -0.6899 0.5167 -0.5071
vn -0.7013 0.5097 -0.4985
vn -0.6893 0.5317 -0.4922
vn -0.6725 0.5388 -0.5074
vn -0.6800 0.5490 -0.4860
vn -0.6690 0.5472 -0.5030
vn -0.8786 0.2197 -0.4240
vn -0.8849 0.2183 -0.4114
vn -0.8819 0.2224 -0.4156
vn -0.8042 0.4636 -0.3719
vn -0.7991 0.4632 -0.3832
vn -0.8087 0.4513 -0.3773
vn -0.8697 0.2413 -0.4305
vn -0.8710 0.2485 -0.4239
vn -0.8633 0.2705 -0.4261
vn -0.9410 0.2536 -0.2241
vn -0.9356 0.2318 -0.2664
vn -0.9422 0.2339 -0.2400
vn -0.9595 0.1969 -0.2015
vn -0.9422 0.2260 -0.2474
vn -0.9574 0.1745 -0.2302
vn -0.3909 0.7681 -0.5072
vn -0.4038 0.7704 -0.4934
vn -0.3893 0.7767 -0.4951
vn -0.5928 0.6946 -0.4076
vn -0.5811 0.6948 -0.4238
vn -0.5890 0.6885 -0.4231
vn -0.4365 0.7274 -0.5295
vn -0.4593 0.7192 -0.5214
vn -0.4466 0.7319 -0.5147
vn -0.2227 0.7680 -0.6005
vn -0.2228 0.7501 -0.6226
vn -0.2637 0.7563 -0.5987
vn -0.5521 0.7917 -0.2616
vn -0.5393 0.8003 -0.2621
vn -0.5416 0.7921 -0.2816
vn -0.6876 0.6872 -0.2344
vn -0.6813 0.7000 -0.2140
vn -0.6658 0.7100 -0.2293
vn -0.6627 0.7489 0.0021
vn -0.6713 0.7411 0.0084
vn -0.6598 0.7513 0.0170
vn -0.7383 0.6743 -0.0130
vn -0.7362 0.6768 -0.0059
vn -0.7365 0.6764 0.0017
vn -0.4180 0.9084 0.0003
vn -0.4137 0.9102 0.0210
vn -0.4003 0.9163 0.0107
vn -0.4603 0.8631 -0.2079
vn -0.4418 0.8735 -0.2044
vn -0.4247 0.8782 -0.2200
vn -0.4123 0.9110 -0.0038
vn -0.4219 0.9065 0.0121
vn -0.4034 0.9147 0.0222
vn -0.1562 0.9873 -0.0286
vn -0.1057 0.9944 0.0094
vn -0.1416 0.9896 -0.0235
vn -0.3040 0.9348 -0.1837
vn -0.2814 0.9398 -0.1937
vn -0.2769 0.9343 -0.2246
vn -0.3292 0.8642 -0.3805
vn -0.3169 0.8825 -0.3475
vn -0.3022 0.8799 -0.3666
vn -0.0705 0.9926 -0.0984
vn -0.0916 0.9952 -0.0336
vn -0.0639 0.9948 -0.0790
vn -0.1672 0.9066 -0.3874
vn -0.1593 0.9213 -0.3549
vn -0.1274 0.9114 -0.3912
vn -0.1687 0.9242 -0.3426
vn -0.1339 0.9306 -0.3408
vn -0.1315 0.9183 -0.3734
vn -0.0980 0.9943 -0.0421
vn -0.0888 0.9908 -0.1021
vn -0.1503 0.9869 -0.0594
vn -0.0666 0.9797 -0.1890
vn -0.0772 0.9881 -0.1328
vn -0.0331 0.9886 -0.1468
vn 0.2008 0.9751 0.0937
vn 0.1835 0.9684 0.1687
vn 0.2371 0.9648 0.1141
vn -0.0150 0.9086 -0.4173
vn 0.0329 0.9162 -0.3995
vn -0.0015 0.8998 -0.4364
vn -0.0155 0.9141 -0.4052
vn 0.0024 0.9246 -0.3808
vn 0.0380 0.9138 -0.4043
vn -0.0239 0.9939 -0.1080
vn 0.0027 0.9965 -0.0832
vn 0.0255 0.9927 -0.1179
vn 0.0197 0.9940 -0.1080
vn 0.0126 0.9934 -0.1141
vn -0.0188 0.9940 -0.1077
vn 0.0177 0.9975 0.0679
vn -0.0181 0.9976 0.0663
vn 0.0025 0.9964 0.0848
vn 0.1261 0.9867 0.1028
vn 0.1407 0.9780 0.1539
vn 0.1661 0.9828 0.0805
vn 0.0447 0.9908 0.1275
vn 0.0949 0.9837 0.1525
vn 0.0819 0.9916 0.1004
vn 0.3877 0.8703 0.3036
vn 0.4308 0.8587 0.2777
vn 0.3951 0.8785 0.2685
vn 0.4041 0.9110 0.0825
vn 0.4251 0.8975 0.1174
vn 0.4191 0.9064 0.0528
vn 0.5334 0.8175 0.2170
vn 0.5589 0.8088 0.1828
vn 0.5341 0.8315 0.1527
vn 0.2396 0.8834 0.4027
vn 0.2274 0.8740 0.4294
vn 0.2627 0.8742 0.4084
vn 0.3246 0.8961 0.3027
vn 0.3258 0.9058 0.2709
vn 0.3112 0.9069 0.2841
vn 0.0950 0.9275 0.3616
vn 0.0696 0.9294 0.3624
vn 0.1093 0.9175 0.3825
vn 0.2537 0.7257 0.6395
vn 0.2767 0.7280 0.6272
vn 0.2683 0.7359 0.6216
vn 0.1084 0.7883 0.6057
vn 0.1201 0.8038 0.5827
vn 0.0726 0.8030 0.5916
vn 0.2731 0.6254 0.7310
vn 0.2623 0.6273 0.7333
vn 0.2589 0.5933 0.7622
vn 0.5236 0.7220 0.4523
vn 0.5210 0.7181 0.4614
vn 0.5368 0.7128 0.4513
vn 0.5471 0.8211 0.1627
vn 0.5158 0.8303 0.2112
vn 0.5233 0.8224 0.2232
vn 0.4165 0.7834 0.4613
vn 0.4253 0.7765 0.4649
vn 0.4280 0.7795 0.4573
vn 0.6975 0.6150 0.3678
vn 0.7011 0.6106 0.3683
vn 0.7397 0.5847 0.3331
vn 0.4609 0.6308 0.6243
vn 0.4700 0.6281 0.6202
vn 0.4640 0.6378 0.6148
vn 0.6942 0.6317 0.3449
vn 0.7311 0.5897 0.3432
vn 0.7067 0.6353 0.3114
vn 0.1593 0.4024 0.9015
vn 0.1692 0.3996 0.9009
vn 0.1591 0.4263 0.8905
vn 0.3429 0.2964 0.8914
vn 0.3204 0.3210 0.8912
vn 0.3191 0.2967 0.9001
vn 0.2918 0.4765 0.8293
vn 0.2918 0.4893 0.8219
vn 0.2647 0.4878 0.8318
vn 0.3968 0.2871 0.8719
vn 0.4116 0.3064 0.8583
vn 0.3943 0.3276 0.8586
vn 0.6033 0.4516 0.6573
vn 0.5950 0.4572 0.6611
vn 0.5971 0.4434 0.6685
vn 0.8352 0.4094 0.3671
vn 0.8346 0.4014 0.3773
vn 0.8490 0.3823 0.3647
vn 0.8048 0.3288 0.4942
vn 0.7790 0.4055 0.4782
vn 0.7923 0.3587 0.4936
vn 0.7580 0.4912 0.4291
vn 0.7658 0.4814 0.4264
vn 0.7647 0.4887 0.4200
vn 0.6133 0.4552 0.6455
vn 0.6088 0.4661 0.6419
vn 0.6018 0.4660 0.6486
vn 0.8543 0.3383 0.3947
vn 0.8605 0.3278 0.3900
vn 0.8650 0.3645 0.3448
vn 0.8418 0.2708 0.4670
vn 0.8431 0.2561 0.4728
vn 0.8465 0.2582 0.4655
vn 0.5760 0.3127 0.7553
vn 0.5873 0.3068 0.7489
vn 0.5877 0.3173 0.7443
vn 0.9152 0.0657 0.3977
vn 0.9117 0.0625 0.4060
vn 0.9330 0.0299 0.3586
vn 0.8931 0.1092 0.4363
vn 0.8807 0.1142 0.4596
vn 0.8910 0.1003 0.4428
vn 0.6043 0.0915 0.7915
vn 0.6048 0.1263 0.7863
vn 0.5744 0.1038 0.8119
vn 0.6535 0.1951 0.7313
vn 0.6234 0.2208 0.7501
vn 0.6440 0.1920 0.7405
vn 0.2629 0.0841 0.9612
vn 0.2495 0.0519 0.9670
vn 0.2758 0.0438 0.9602
vn 0.3304 0.0376 0.9431
vn 0.3291 -0.0057 0.9443
vn 0.3582 0.0397 0.9328
vn 0.1482 0.9887 -0.0212
vn 0.1499 0.9873 0.0520
vn 0.1396 0.9902 -0.0081
vn 0.2354 0.9710 0.0417
vn 0.2281 0.9731 -0.0312
vn 0.2285 0.9730 0.0313
vn 0.5070 0.8610 -0.0397
vn 0.4599 0.8879 0.0122
vn 0.5288 0.8486 -0.0119
vn 0.7386 0.6703 0.0723
vn 0.7652 0.6436 0.0179
vn 0.7267 0.6867 0.0169
vn 0.7805 0.6219 0.0644
vn 0.7729 0.6344 -0.0124
vn 0.7570 0.6533 0.0078
vn 0.9362 0.3504 -0.0280
vn 0.9207 0.3892 0.0295
vn 0.9374 0.3475 0.0235
vn 0.9954 0.0650 0.0704
vn 0.9979 0.0646 -0.0076
vn 0.9995 0.0300 0.0009
vn 0.9988 -0.0240 0.0438
vn 0.9997 -0.0218 0.0126
vn 0.9993 0.0258 0.0252
vn 0.9396 -0.3423 0.0064
vn 0.9608 -0.2766 0.0183
vn 0.9473 -0.3203 0.0078
vn 0.8312 -0.5538 0.0489
vn 0.8258 -0.5616 0.0520
vn 0.8462 -0.5327 0.0127
vn 0.8115 -0.5832 0.0372
vn 0.8281 -0.5604 -0.0130
vn 0.8262 -0.5627 0.0291
vn -0.0000 -0.8032 0.5958
vn -0.0386 -0.7708 0.6359
vn 0.0098 -0.8337 0.5522
vn 0.0009 -0.7398 0.6728
vn 0.0484 -0.7277 0.6842
vn 0.0481 -0.6916 0.7207
vn -0.0197 -0.6229 0.7820
vn 0.0364 -0.6263 0.7787
vn 0.0428 -0.6109 0.7906
vn -0.0508 -0.3742 0.9259
vn 0.0373 -0.3545 0.9343
vn -0.0191 -0.3559 0.9343
vn -0.0546 -0.3580 0.9321
vn 0.0081 -0.3767 0.9263
vn 0.0025 -0.3211 0.9470
vn 0.0156 -0.0071 0.9999
vn -0.0575 -0.0164 0.9982
vn 0.0064 -0.0367 0.9993
vn 0.0013 0.2122 0.9772
vn 0.0241 0.2246 0.9742
vn -0.0161 0.2730 0.9619
vn -0.0159 0.3538 0.9352
vn 0.0003 0.3527 0.9357
vn 0.0171 0.3633 0.9315
vn -0.0023 0.6087 0.7934
vn -0.0164 0.6058 0.7954
vn 0.0359 0.5916 0.8054
vn 0.0014 0.7613 0.6485
vn 0.0452 0.7741 0.6314
vn -0.0107 0.7748 0.6321
vn -0.0197 0.7974 0.6031
vn 0.0091 0.7856 0.6187
vn 0.0162 0.8214 0.5701
vn -0.9397 0.3419 0.0059
vn -0.9399 0.3404 0.0262
vn -0.9404 0.3400 -0.0115
vn -0.8470 0.5315 -0.0057
vn -0.8238 0.5667 -0.0162
vn -0.8381 0.5455 -0.0088
vn -0.8536 0.4836 -0.1937
vn -0.8445 0.4860 -0.2248
vn -0.8555 0.4700 -0.2173
vn -0.7887 0.5604 -0.2527
vn -0.7873 0.5521 -0.2747
vn -0.7972 0.5505 -0.2479
vn -0.0042 0.9584 0.2853
vn 0.0181 0.9639 0.2656
vn -0.0237 0.9624 0.2708
vn 0.1019 0.9416 0.3211
vn 0.1386 0.9428 0.3031
vn 0.1153 0.9498 0.2908
vn 0.0822 0.9752 0.2057
vn 0.0249 0.9830 0.1819
vn 0.0256 0.9782 0.2061
vn -0.9772 -0.2125 -0.0001
vn -0.9799 -0.1995 0.0062
vn -0.9804 -0.1968 -0.0008
vn -0.9918 -0.1260 -0.0218
vn -0.9887 -0.1482 0.0204
vn -0.9926 -0.1216 -0.0022
vn 0.0348 -0.9060 -0.4218
vn -0.0200 -0.8997 -0.4360
vn 0.0276 -0.8961 -0.4430
vn 0.0368 -0.9062 -0.4212
vn -0.0123 -0.9069 -0.4212
vn 0.0039 -0.8967 -0.4427
vn -0.0585 -0.9954 -0.0761
vn -0.0644 -0.9926 -0.1034
vn -0.0288 -0.9953 -0.0928
vn 0.0080 -0.9928 -0.1195
vn 0.0087 -0.9976 -0.0682
vn -0.0254 -0.9952 -0.0943
vn -0.0490 -0.9785 0.2003
vn 0.0324 -0.9873 0.1556
vn -0.0200 -0.9877 0.1552
vn 0.0257 -0.9595 0.2805
vn -0.0393 -0.9450 0.3248
vn 0.0063 -0.9633 0.2683
vn 0.0971 -0.9492 0.2993
vn 0.1018 -0.9590 0.2647
vn 0.1342 -0.9552 0.2639
vn 0.1323 -0.9311 0.3399
vn 0.1462 -0.9450 0.2924
vn 0.1926 -0.9319 0.3074
vn 0.1898 -0.9423 0.2757
vn 0.1195 -0.9506 0.2865
vn 0.1098 -0.9630 0.2462
vn 0.2516 -0.9523 0.1727
vn 0.1861 -0.9662 0.1785
vn 0.2319 -0.9654 0.1193
vn 0.3541 -0.9331 0.0624
vn 0.2970 -0.9346 0.1955
vn 0.2829 -0.9448 0.1654
vn 0.2230 -0.8974 0.3807
vn 0.3026 -0.8676 0.3945
vn 0.2369 -0.8639 0.4444
vn 0.1136 -0.9478 0.2978
vn 0.0965 -0.9206 0.3783
vn 0.0787 -0.9336 0.3497
vn 0.2827 -0.7157 0.6387
vn 0.2905 -0.7232 0.6265
vn 0.3402 -0.7225 0.6019
vn 0.0920 -0.8038 0.5877
vn 0.0486 -0.8045 0.5919
vn 0.1022 -0.8111 0.5759
vn 0.2567 -0.5941 0.7624
vn 0.2519 -0.6598 0.7079
vn 0.2704 -0.6274 0.7302
vn 0.4011 -0.7885 0.4663
vn 0.4416 -0.7517 0.4897
vn 0.3859 -0.7921 0.4729
vn 0.5469 -0.5008 0.6709
vn 0.5533 -0.4865 0.6761
vn 0.5407 -0.4931 0.6815
vn 0.5757 -0.7212 0.3852
vn 0.6569 -0.6885 0.3074
vn 0.5867 -0.6794 0.4407
vn 0.5474 -0.8023 0.2381
vn 0.5645 -0.7959 0.2191
vn 0.6483 -0.7333 0.2049
vn 0.1829 -0.4065 0.8952
vn 0.1394 -0.4255 0.8941
vn 0.1760 -0.4415 0.8798
vn 0.5118 -0.5264 0.6790
vn 0.5066 -0.5156 0.6911
vn 0.4824 -0.5366 0.6924
vn 0.2877 -0.3457 0.8932
vn 0.2365 -0.3160 0.9188
vn 0.2489 -0.3633 0.8978
vn 0.7316 -0.5330 0.4250
vn 0.7144 -0.5459 0.4376
vn 0.7194 -0.5476 0.4274
vn 0.7703 -0.4725 0.4283
vn 0.7675 -0.4832 0.4213
vn 0.7739 -0.4763 0.4175
vn 0.7138 -0.6019 0.3582
vn 0.7403 -0.5591 0.3734
vn 0.7287 -0.5740 0.3736
vn 0.7766 -0.5428 0.3198
vn 0.7708 -0.5482 0.3246
vn 0.7756 -0.5620 0.2875
vn 0.8829 -0.2472 0.3992
vn 0.8639 -0.2649 0.4285
vn 0.8658 -0.2833 0.4124
vn 0.2807 -0.3223 0.9041
vn 0.2507 -0.3565 0.9000
vn 0.2821 -0.3525 0.8923
vn 0.5788 -0.2083 0.7884
vn 0.5553 -0.1922 0.8091
vn 0.5729 -0.2205 0.7894
vn 0.2906 -0.0552 0.9553
vn 0.2825 -0.0155 0.9591
vn 0.2597 -0.0098 0.9656
vn 0.6114 -0.2660 0.7452
vn 0.5987 -0.2770 0.7515
vn 0.6135 -0.2837 0.7370
vn 0.6306 -0.1594 0.7596
vn 0.6102 -0.1611 0.7757
vn 0.6035 -0.1963 0.7728
vn 0.8283 -0.3122 0.4652
vn 0.8176 -0.3295 0.4723
vn 0.8337 -0.3245 0.4469
vn 0.6063 -0.1128 0.7872
vn 0.5750 -0.1463 0.8049
vn 0.6197 -0.1341 0.7733
vn 0.8797 -0.0593 0.4718
vn 0.8829 -0.0969 0.4595
vn 0.8927 -0.0627 0.4463
vn 0.8975 -0.0838 0.4329
vn 0.8827 -0.1162 0.4553
vn 0.8945 -0.1010 0.4355
vn 0.6235 -0.7814 -0.0255
vn 0.6966 -0.7148 0.0609
vn 0.6094 -0.7929 -0.0035
vn 0.2953 -0.9552 -0.0223
vn 0.3345 -0.9333 0.1308
vn 0.3359 -0.9418 -0.0110
vn -0.0022 -0.0006 1.0000
vn -0.0029 -0.0006 1.0000
vn -0.0026 0.0010 1.0000
vn -0.0029 -0.0000 1.0000
vn -0.0030 0.0010 1.0000
vn -0.0028 -0.0003 1.0000
vn -0.0028 -0.0005 1.0000
vn -0.0027 0.0002 1.0000
vn -0.0026 -0.0007 1.0000
vn -0.0025 0.0001 1.0000
vn -0.0028 0.0003 1.0000
vn -0.0040 -0.0013 1.0000
vn -0.0030 -0.0001 1.0000
vn -0.0046 -0.0001 1.0000
vn -0.0040 0.0013 1.0000
vn -0.0029 -0.0001 1.0000
vn -0.0029 0.0005 1.0000
vn -0.0027 0.0003 1.0000
vn -0.0029 -0.0005 1.0000
vn -0.0030 -0.0000 1.0000
vn -0.0028 0.0006 1.0000
vn -0.0024 -0.0005 1.0000
vn -0.0018 -0.0005 1.0000
vn -0.0033 -0.0013 1.0000
vn -0.0021 -0.0010 1.0000
vn -0.0026 0.0041 1.0000
vn -0.8885 -0.4581 0.0278
vn -0.8829 -0.4694 -0.0136
vn -0.8799 -0.4751 -0.0087
vn -0.8985 -0.4364 -0.0476
vn -0.8778 -0.4772 -0.0425
vn -0.8819 -0.4704 -0.0317
vn 1.0000 0.0002 0.0027
vn 1.0000 -0.0000 0.0028
vn 1.0000 -0.0002 0.0028
vn 1.0000 -0.0000 0.0026
vn 1.0000 -0.0002 0.0026
vn 1.0000 -0.0002 0.0030
vn 1.0000 -0.0000 0.0029
vn 1.0000 -0.0000 0.0034
vn 1.0000 0.0001 0.0031
vn 1.0000 -0.0000 0.0024
vn 1.0000 0.0006 0.0030
vn -0.9644 -0.0648 -0.2564
vn -0.9523 -0.0780 -0.2950
vn -0.9626 -0.0954 -0.2537
vn -0.9652 -0.1413 -0.2200
vn -0.9636 -0.1365 -0.2297
vn -0.9536 -0.1752 -0.2450
vn 0.3549 -0.9219 0.1553
vn 0.2909 -0.9344 0.2058
vn 0.3165 -0.9476 0.0441
vn 0.4060 -0.8675 0.2873
vn 0.4125 -0.8444 0.3417
vn 0.3331 -0.8828 0.3311
vn -0.4284 -0.8762 -0.2208
vn -0.4408 -0.8752 -0.1995
vn -0.4542 -0.8598 -0.2335
vn -0.4270 -0.8883 -0.1692
vn -0.4551 -0.8760 -0.1595
vn -0.4217 -0.8838 -0.2025
vn -0.4302 -0.8850 -0.1783
vn -0.4536 -0.8785 -0.1501
vn -0.4724 -0.8635 -0.1764
vn -0.4112 -0.9115 -0.0079
vn -0.3929 -0.9192 0.0251
vn -0.4360 -0.8998 0.0130
vn -0.3073 -0.9516 0.0044
vn -0.3107 -0.9496 0.0408
vn -0.3360 -0.9400 0.0588
vn 0.0023 0.0008 -1.0000
vn 0.0025 0.0006 -1.0000
vn 0.0028 0.0001 -1.0000
vn 0.0029 -0.0004 -1.0000
vn 0.0022 0.0011 -1.0000
vn 0.0019 0.0003 -1.0000
vn 0.0032 0.0006 -1.0000
vn 0.0035 -0.0000 -1.0000
vn 0.0019 -0.0007 -1.0000
vn 0.0021 0.0003 -1.0000
vn 0.0035 -0.0007 -1.0000
vn 0.0020 -0.0006 -1.0000
vn 0.0022 -0.0006 -1.0000
vn 0.0027 0.0006 -1.0000
vn 0.0027 0.0029 -1.0000
vn -0.0987 -0.9861 -0.1338
vn -0.0669 -0.9977 -0.0066
vn -0.1104 -0.9939 0.0022
vn -0.1706 -0.9851 0.0200
vn -0.2140 -0.9730 0.0866
vn -0.2280 -0.9734 -0.0216
vn -0.0711 -0.9973 0.0167
vn -0.1193 -0.9927 -0.0203
vn -0.0476 -0.9987 0.0156
vn -0.0034 -0.0001 1.0000
vn -0.0037 -0.0002 1.0000
vn -0.0030 0.0001 1.0000
vn -0.0030 -0.0005 1.0000
vn -0.0029 -0.0002 1.0000
vn -0.0017 -0.0010 1.0000
vn -0.0011 -0.0001 1.0000
vn -0.0025 -0.0000 1.0000
vn -0.0018 0.0011 1.0000
vn -0.0026 -0.0001 1.0000
vn -0.0030 0.0002 1.0000
vn -0.0031 -0.0002 1.0000
vn -0.0031 0.0002 1.0000
vn -0.0018 -0.0011 1.0000
vn -0.0023 -0.0009 1.0000
vn -0.0035 -0.0002 1.0000
vn -0.0031 0.0003 1.0000
vn -0.0025 -0.0001 1.0000
vn -0.0891 0.9960 -0.0004
vn -0.1015 0.9947 -0.0142
vn -0.1041 0.9946 0.0043
vn -0.1141 0.9932 0.0210
vn -0.1134 0.9935 0.0086
vn -0.1263 0.9920 0.0069
vn -0.3106 0.9505 0.0108
vn -0.3353 0.9421 0.0065
vn -0.3364 0.9415 0.0202
vn -0.3278 0.9446 -0.0167
vn -0.3520 0.9360 0.0041
vn -0.3438 0.9388 0.0210
vn -0.5440 0.8388 -0.0217
vn -0.5175 0.8557 -0.0038
vn -0.5238 0.8506 -0.0462
vn -0.5873 0.8081 0.0458
vn -0.5740 0.8186 0.0195
vn -0.5923 0.8057 0.0068
vn -0.7253 0.6880 -0.0241
vn -0.7324 0.6798 -0.0384
vn -0.7459 0.6653 -0.0308
vn -0.7591 0.6507 0.0185
vn -0.7527 0.6583 0.0035
vn -0.7675 0.6410 0.0047
vn -0.8742 0.4854 0.0090
vn -0.8882 0.4595 -0.0043
vn -0.8870 0.4615 0.0180
vn -0.8826 0.4698 -0.0186
vn -0.8943 0.4475 0.0024
vn -0.8904 0.4547 0.0193
vn -0.9693 0.2447 -0.0230
vn -0.9603 0.2789 -0.0048
vn -0.9625 0.2671 -0.0478
vn -0.9796 0.1950 0.0482
vn -0.9778 0.2089 0.0187
vn -0.9823 0.1875 0.0057
vn -0.9994 0.0346 0.0051
vn -0.9993 -0.0003 -0.0381
vn -0.9993 -0.0227 -0.0285
vn -0.9964 -0.0579 0.0625
vn -0.9989 -0.0465 0.0013
vn -0.9980 -0.0620 0.0115
vn -0.9692 -0.2451 -0.0246
vn -0.9617 -0.2713 -0.0396
vn -0.9507 -0.3094 -0.0189
vn -0.9398 -0.3378 0.0509
vn -0.9459 -0.3239 0.0214
vn -0.9314 -0.3628 0.0309
vn -0.8913 -0.4490 -0.0626
vn -0.8854 -0.4646 -0.0173
vn -0.8938 -0.4475 -0.0285
vn -0.7812 -0.6237 0.0246
vn -0.7527 -0.6583 0.0042
vn -0.7643 -0.6440 0.0337
vn -0.7597 -0.6500 -0.0180
vn -0.7425 -0.6699 0.0030
vn -0.7501 -0.6611 0.0159
vn -0.5855 -0.8105 -0.0197
vn -0.5958 -0.8031 -0.0076
vn -0.6011 -0.7977 -0.0472
vn -0.5098 -0.8590 0.0477
vn -0.5356 -0.8433 0.0444
vn -0.5121 -0.8585 0.0247
vn -0.3956 -0.9170 -0.0513
vn -0.3796 -0.9237 -0.0515
vn -0.4096 -0.9115 -0.0382
vn -0.2223 -0.9743 0.0369
vn -0.1944 -0.9809 0.0030
vn -0.2025 -0.9785 0.0380
vn -0.1893 -0.9804 0.0542
vn -0.1976 -0.9803 0.0001
vn -0.1827 -0.9831 0.0128
vn 0.0608 -0.9979 -0.0236
vn 0.0842 -0.9955 -0.0436
vn 0.1007 -0.9946 -0.0236
vn 0.1058 -0.9942 0.0198
vn 0.0968 -0.9953 0.0038
vn 0.1317 -0.9912 0.0115
vn 0.3643 -0.9310 0.0227
vn 0.3574 -0.9340 -0.0000
vn 0.3532 -0.9353 0.0204
vn 0.3703 -0.9288 0.0099
vn 0.3742 -0.9273 -0.0051
vn 0.3532 -0.9354 0.0176
vn 0.6131 -0.7899 -0.0115
vn 0.6108 -0.7918 0.0008
vn 0.6393 -0.7689 0.0005
vn 0.6475 -0.7611 0.0392
vn 0.6335 -0.7731 0.0313
vn 0.6357 -0.7712 0.0340
vn 0.8326 -0.5530 -0.0317
vn 0.8227 -0.5681 -0.0192
vn 0.8252 -0.5619 -0.0578
vn 0.8739 -0.4832 0.0526
vn 0.8665 -0.4985 0.0266
vn 0.8778 -0.4786 0.0168
vn 0.9523 -0.3045 -0.0194
vn 0.9551 -0.2942 -0.0338
vn 0.9609 -0.2758 -0.0260
vn 0.9662 -0.2569 0.0232
vn 0.9638 -0.2665 0.0083
vn 0.9696 -0.2444 0.0095
vn 0.9982 -0.0576 0.0144
vn 0.9996 -0.0283 0.0011
vn 0.9993 -0.0308 0.0232
vn 0.9991 -0.0399 -0.0126
vn 0.9999 -0.0151 0.0082
vn 0.9994 -0.0228 0.0253
vn 0.9796 0.2001 -0.0175
vn 0.9874 0.1579 0.0090
vn 0.9833 0.1768 -0.0420
vn 0.9659 0.2509 0.0641
vn 0.9714 0.2362 0.0238
vn 0.9663 0.2572 0.0109
vn 0.9196 0.3926 -0.0162
vn 0.9113 0.4109 -0.0267
vn 0.8970 0.4418 -0.0156
vn 0.8740 0.4833 0.0510
vn 0.8846 0.4660 0.0178
vn 0.8665 0.4983 0.0292
vn 0.8140 0.5775 -0.0622
vn 0.8067 0.5908 -0.0138
vn 0.8166 0.5767 -0.0239
vn 0.6731 0.7393 0.0223
vn 0.6475 0.7620 0.0055
vn 0.6650 0.7460 0.0346
vn 0.6235 0.7811 -0.0330
vn 0.6155 0.7878 -0.0206
vn 0.6419 0.7664 -0.0234
vn 0.4366 0.8993 0.0258
vn 0.4476 0.8924 0.0566
vn 0.4508 0.8925 0.0134
vn 0.3609 0.9309 -0.0560
vn 0.3544 0.9349 -0.0195
vn 0.3782 0.9251 -0.0324
vn 0.1411 0.9898 0.0204
vn 0.1127 0.9932 0.0293
vn 0.1300 0.9909 0.0344
vn 0.1020 0.9947 -0.0135
vn 0.0892 0.9960 0.0002
vn 0.1075 0.9942 0.0016
vn 0.3097 0.2024 -0.9290
vn 0.2630 0.2029 -0.9432
vn -0.2165 0.6002 -0.7700
vn 0.7089 0.6630 -0.2405
vn 0.1135 0.8757 -0.4693
vn 0.1134 0.8994 -0.4222
vn -0.3691 0.7410 -0.5610
vn 0.1382 0.9710 -0.1950
vn 0.1665 0.9627 -0.2134
vn 0.3001 0.9522 -0.0572
vn 0.2942 0.9502 -0.1033
vn 0.2772 0.9558 -0.0981
vn 0.6169 0.4894 -0.6164
vn 0.0987 0.8984 -0.4279
vn 0.1237 0.8952 -0.4281
vn 0.3224 0.8818 -0.3444
vn 0.2802 0.4405 -0.8529
vn 0.3060 0.8830 -0.3559
vn 0.4534 0.8686 -0.1997
vn 0.4894 0.8539 -0.1771
vn 0.4728 0.8548 -0.2140
vn 0.4062 0.9048 -0.1279
vn 0.4115 0.9057 -0.1017
vn 0.4412 0.8909 -0.1077
vn 0.1858 0.7268 -0.6612
vn 0.1590 0.7245 -0.6707
vn 0.1911 0.7382 -0.6469
vn 0.1980 0.7165 -0.6688
vn 0.1728 0.7127 -0.6799
vn 0.1568 0.7638 -0.6261
vn 0.3632 0.7997 -0.4780
vn 0.3441 0.8026 -0.4872
vn 0.3253 0.8162 -0.4775
vn 0.2731 0.8467 -0.4567
vn 0.3073 0.8431 -0.4412
vn 0.2931 0.8356 -0.4646
vn 0.3532 0.8994 -0.2576
vn 0.3770 0.8980 -0.2268
vn 0.3911 0.8872 -0.2447
vn 0.6428 0.7448 -0.1791
vn 0.6591 0.7316 -0.1744
vn 0.6545 0.7296 -0.1983
vn 0.6854 0.6304 -0.3644
vn 0.6675 0.6595 -0.3458
vn 0.6961 0.6274 -0.3489
vn 0.5577 0.7909 -0.2518
vn 0.5668 0.7893 -0.2361
vn 0.5774 0.7763 -0.2530
vn 0.5249 0.6948 -0.4916
vn 0.5425 0.6836 -0.4883
vn 0.5231 0.6761 -0.5189
vn 0.6769 0.6435 -0.3574
vn 0.6810 0.6236 -0.3839
vn 0.6668 0.6324 -0.3943
vn 0.3331 0.5918 -0.7341
vn 0.3630 0.5758 -0.7326
vn 0.3190 0.5852 -0.7455
vn 0.0705 0.6988 -0.7119
vn 0.1323 0.6889 -0.7126
vn 0.1180 0.6695 -0.7334
vn 0.4874 0.7119 -0.5056
vn 0.5000 0.6932 -0.5191
vn 0.4717 0.7159 -0.5147
vn 0.7977 0.4693 -0.3788
vn 0.7771 0.4796 -0.4075
vn 0.7717 0.4907 -0.4046
vn 0.5144 0.4837 -0.7081
vn 0.5203 0.4956 -0.6955
vn 0.5276 0.4807 -0.7004
vn 0.7956 0.4369 -0.4197
vn 0.7737 0.4658 -0.4295
vn 0.7745 0.4939 -0.3951
vn 0.1582 0.4342 -0.8868
vn 0.2121 0.4616 -0.8613
vn 0.2188 0.4504 -0.8656
vn 0.5374 0.4604 -0.7066
vn 0.5325 0.4782 -0.6984
vn 0.5432 0.4743 -0.6928
vn 0.1764 0.4137 -0.8932
vn 0.1852 0.4860 -0.8541
vn 0.2087 0.4579 -0.8642
vn 0.8659 0.2313 -0.4436
vn 0.8868 0.2056 -0.4139
vn 0.8660 0.2172 -0.4504
vn 0.8389 0.1939 -0.5086
vn 0.8398 0.2332 -0.4902
vn 0.8499 0.1630 -0.5012
vn 0.8696 0.1805 -0.4595
vn 0.8889 0.1814 -0.4206
vn 0.8774 0.1706 -0.4485
vn 0.7636 0.3509 -0.5420
vn 0.7658 0.3362 -0.5482
vn 0.7584 0.3505 -0.5495
vn 0.8214 0.0505 -0.5681
vn 0.8274 0.0415 -0.5601
vn 0.8193 0.0404 -0.5719
vn 0.6010 0.2228 -0.7676
vn 0.6070 0.2157 -0.7649
vn 0.5917 0.2157 -0.7767
vn 0.4482 0.1655 -0.8785
vn 0.4887 0.1627 -0.8572
vn 0.4824 0.1517 -0.8627
vn 0.2675 0.0678 -0.9612
vn 0.2871 0.1332 -0.9486
vn 0.3010 0.0609 -0.9517
vn 0.1559 0.2528 -0.9549
vn 0.1452 0.2137 -0.9660
vn 0.1064 0.2192 -0.9699
vn 0.4299 0.3648 -0.8259
vn 0.4222 0.3562 -0.8336
vn 0.4006 0.3931 -0.8276
vn 0.4167 0.1258 -0.9003
vn 0.4442 0.0913 -0.8913
vn 0.4069 0.0865 -0.9094
vt 10.500000 1.674533
vt 3.016800 3.862839
vt 0.000000 1.405449
vt 6.072989 3.510634
vt 6.268893 3.516845
vt 5.893492 3.563648
vt 0.000000 3.058919
vt 1.298836 4.045324
vt 1.477089 1.810231
vt -0.000000 0.082673
vt 4.533154 1.853935
vt 3.000000 0.082673
vt 1.972500 1.373389
vt 4.562066 4.011952
vt 5.017878 3.005249
vt 1.649879 0.000000
vt -0.000000 -2.893572
vt -0.000000 -3.224266
vt -2.453136 3.712061
vt -2.154932 3.617577
vt 10.500000 -2.455902
vt -0.000000 -1.901490
vt 10.500000 -1.841351
vt -3.081062 4.001040
vt -0.000000 -2.232184
vt -2.759177 3.833291
vt 10.500000 -1.178758
vt -0.000000 -1.570796
vt -3.405223 4.027736
vt -0.000000 -1.240102
vt -3.833148 4.060590
vt -3.624204 3.636020
vt -6.268893 0.749285
vt -6.457083 0.387589
vt -6.079137 0.711417
vt -1.234150 0.600233
vt -3.918058 3.500144
vt -4.376739 2.406740
vt -2.665647 2.230669
vt -4.872997 2.006115
vt -0.000000 -0.644275
vt -3.871048 0.321403
vt -2.166536 0.217609
vt -0.000000 -1.157429
vt 3.000000 -0.909408
vt -1.240990 1.074128
vt 3.000000 3.058919
vt -1.164699 0.248111
vt -4.046311 0.727625
vt 0.000000 0.016920
vt -5.026724 1.146082
vt -4.757471 0.267569
vt 0.000000 -1.636823
vt -2.763369 0.343949
vt -1.723829 0.054272
vt -0.915773 -0.401695
vt -0.969400 0.245485
vt -0.996584 -0.082579
vt -0.837166 0.546948
vt -0.598946 -0.783740
vt -0.614213 0.789141
vt -0.164595 -0.986361
vt -0.324699 0.945817
vt 0.000000 1.000000
vt 0.164595 -0.986361
vt 0.324699 0.945817
vt 0.475947 -0.879474
vt 0.614213 0.789141
vt 0.825768 -0.539459
vt 0.837166 0.546948
vt 0.969400 0.245485
vt 0.996584 -0.082579
vt 2.828988 1.037499
vt 3.036495 0.621104
vt 2.742641 0.957805
vt 2.605308 1.051541
vt 2.448786 1.035534
vt -0.800000 -9.212379
vt 0.000000 -9.424778
vt 0.000000 -8.616524
vt -0.800000 -8.527180
vt -0.800000 -7.854216
vt -0.000000 -7.853981
vt -0.000000 -7.091176
vt -0.800000 -6.939268
vt -0.000000 -6.282624
vt -0.800000 -6.071326
vt -0.000000 -5.474762
vt -0.800000 -5.385587
vt -0.800000 -4.712374
vt -0.000000 -4.712389
vt -0.000000 -3.950045
vt -0.800000 -4.039191
vt -0.800000 -3.353399
vt -0.000000 -3.141952
vt -0.800000 -2.485510
vt -0.000000 -2.333591
vt -0.800000 -1.570562
vt 0.000000 -0.897902
vt -0.800000 -0.685384
vt 0.000000 -0.089415
vt -0.800000 -0.000000
vt -0.800000 0.673186
vt -0.000000 0.673198
vt -0.000000 1.346326
vt -0.800000 1.558782
vt 0.000000 2.263652
vt -0.800000 2.468595
vt 0.000000 3.141000
vt -0.800000 3.353652
vt 0.000000 3.949570
vt -0.800000 4.039191
vt -0.800000 4.712648
vt 0.000000 4.712389
vt 0.000000 5.475029
vt -0.800000 5.385587
vt -0.800000 6.070807
vt 0.000000 6.283558
vt -0.800000 6.956211
vt 0.000000 6.956384
vt -0.000000 7.629890
vt -0.800000 7.842252
vt -0.000000 8.546686
vt -0.800000 8.751595
vt -0.000000 9.200378
vt -0.800000 9.424778
vt 0.401695 -0.915773
vt -0.673828 -0.720365
vt -0.102348 -0.981261
vt 0.677282 -0.735724
vt -0.945817 -0.324699
vt 0.932824 -0.320545
vt 0.938896 0.302856
vt -1.000000 -0.000000
vt -0.945817 0.324699
vt 0.677282 0.735724
vt -0.789141 0.614213
vt -0.546948 0.837166
vt 0.401695 0.915773
vt -0.059670 0.984797
vt 10.500000 2.322755
vt 1.951075 4.079813
vt 1.123853 3.172373
vt 10.500000 2.810899
vt 1.649879 4.142136
vt 0.448025 3.006280
vt 10.500000 3.141593
vt 10.500000 0.330985
vt 3.930705 3.913122
vt 2.553330 2.488425
vt 10.500000 0.826735
vt 10.500000 1.157429
vt 2.719256 2.873418
vt 3.624204 3.883252
vt 3.322401 3.833036
vt 3.624204 3.325924
vt 3.960124 3.192756
vt 4.180470 3.902933
vt 3.330349 3.192156
vt 3.036495 3.194602
vt 3.330349 2.588835
vt 2.742641 3.201017
vt 2.706659 3.898065
vt 2.448786 3.686979
vt 3.624204 2.588835
vt 3.624204 1.987215
vt 3.036495 2.588835
vt 3.998517 2.588835
vt 4.410066 3.106602
vt 2.265797 1.993855
vt 3.330349 1.979012
vt 4.309864 2.279566
vt 4.002773 2.071068
vt 4.004201 1.553301
vt 4.309864 1.303701
vt 3.330349 1.437026
vt 3.624204 1.420399
vt 3.996844 1.035534
vt 3.036495 1.838561
vt 4.300770 0.288993
vt 4.529638 0.408627
vt 3.957092 0.409903
vt 3.624204 0.644421
vt 0.000000 0.918179
vt 3.330349 0.932039
vt 3.221123 0.811269
vt 0.000000 1.736143
vt 3.000000 1.736143
vt 3.320207 0.346573
vt 3.036495 1.166229
vt 2.969220 0.000000
vt 0.000000 2.066837
vt 2.742641 1.428867
vt 2.742641 1.978031
vt 2.448786 1.781736
vt 2.742641 2.588835
vt 2.448786 2.588835
vt 2.448786 3.106602
vt 2.154932 1.297655
vt 2.154932 0.517767
vt 1.922216 0.250705
vt 2.154932 2.357304
vt 2.154932 3.227709
vt 1.861078 1.638139
vt 1.861078 2.895576
vt 2.228889 4.007121
vt 10.500000 -3.141593
vt 10.500000 -2.810899
vt 0.000000 -2.562878
vt 10.500000 -2.480205
vt 10.500000 -2.149511
vt 10.500000 -1.631513
vt 10.500000 -1.157429
vt 0.000000 -0.909408
vt 10.500000 -0.826735
vt 0.000000 -0.578714
vt 10.500000 -0.312197
vt -0.000000 -0.248020
vt 4.947177 0.412083
vt 4.897573 1.843058
vt 5.093475 1.702467
vt 5.287292 0.567654
vt 5.289379 2.879695
vt 5.289379 1.749850
vt 5.282803 3.977324
vt 5.485282 3.050976
vt 5.594837 4.096262
vt 5.587672 1.831343
vt 5.681184 2.979107
vt 5.485281 0.800284
vt 5.666615 0.728185
vt 5.993367 2.588835
vt 6.268893 2.013034
vt 5.877087 1.840803
vt 6.072990 1.712520
vt 6.268893 0.603784
vt 6.032525 0.498864
vt 5.877087 0.863145
vt 3.000000 -2.232184
vt 3.000000 -2.562878
vt 3.000000 -1.901490
vt 3.000000 -1.570796
vt 3.000000 -1.240102
vt 3.000000 -0.578714
vt 3.000000 -0.248020
vt 3.731104 0.471638
vt 0.000000 0.413367
vt 3.172994 0.708919
vt 0.000000 2.562913
vt 2.708109 0.344050
vt 1.818536 -0.469102
vt 2.409235 0.370743
vt 3.000000 2.728225
vt 2.858613 3.882084
vt 2.924784 2.332437
vt 2.991611 3.089332
vt 2.695379 1.702052
vt 2.598076 4.500000
vt 2.179648 0.950791
vt 2.132122 5.100430
vt 1.496318 0.409484
vt 1.495495 5.590991
vt 0.752989 0.103318
vt 0.752525 5.896788
vt 0.000000 0.000000
vt 0.000000 6.000000
vt -0.752554 5.896780
vt -0.752814 0.103279
vt -1.495320 5.591092
vt -1.496128 0.409375
vt -2.132115 5.100438
vt -2.040518 0.800844
vt -2.471959 1.315020
vt -2.598076 4.500000
vt -2.864447 2.136829
vt -2.885012 3.796498
vt -2.991611 3.000000
vt -2.916608 2.334316
vt -2.913897 3.677565
vt -3.000000 3.000000
vt -2.596813 1.514589
vt -2.590929 4.495603
vt -2.034665 0.806857
vt -2.022277 5.204638
vt -1.309119 0.310000
vt -1.309347 5.689890
vt -0.667563 5.924784
vt -0.667563 0.075216
vt 0.000259 0.008389
vt -0.000015 5.991611
vt 0.667563 5.924784
vt 0.667563 0.075216
vt 1.308833 0.309862
vt 1.309300 5.689913
vt 2.034686 0.806876
vt 2.022277 5.204638
vt 2.590929 4.495603
vt 2.584952 1.494045
vt 2.916609 2.334319
vt 2.866719 3.884265
vt 2.984142 3.211607
vt -3.991157 1.035534
vt -4.116854 0.376030
vt -3.624204 1.423457
vt -3.624204 0.564775
vt -4.001181 1.553301
vt -3.330349 0.940890
vt -1.192134 -0.075992
vt -3.330349 1.482945
vt -3.062851 0.956041
vt -4.002768 2.071068
vt -4.419190 1.428539
vt -3.330349 2.007694
vt -3.058246 1.543048
vt -3.624204 2.071068
vt -4.113961 2.823546
vt -3.918058 2.766366
vt -4.195413 3.257848
vt -4.383986 4.016399
vt -4.119532 4.019719
vt 10.500000 -0.661388
vt -3.624204 2.836145
vt -3.330349 2.778098
vt -3.330349 3.525417
vt -3.059206 3.563994
vt -3.063605 3.039942
vt -2.742641 3.210341
vt -3.077307 2.588835
vt -2.448786 2.780916
vt -2.742641 2.658457
vt -3.069634 2.071068
vt -2.742641 1.969620
vt -2.448786 1.995679
vt -2.742641 1.442955
vt -2.448786 1.262958
vt -2.742641 0.943012
vt -0.814800 -0.294393
vt -2.154932 1.787668
vt -2.154932 2.708864
vt -2.154932 0.649646
vt -2.448786 0.517767
vt -0.000000 -2.149511
vt -0.000000 -2.480205
vt -1.861078 0.843329
vt -0.000000 -2.987802
vt -1.573305 0.555864
vt -1.861078 2.384814
vt -1.861078 3.624369
vt -1.567223 2.588835
vt 10.500000 -2.976246
vt -0.134818 3.130633
vt 10.500000 3.306940
vt 10.500000 2.791206
vt -1.249539 2.194683
vt -1.265026 3.183918
vt -0.979515 1.317685
vt -0.831081 0.540563
vt -0.979514 2.493871
vt -0.651378 3.332450
vt -0.689953 2.812928
vt -0.796425 3.780574
vt -0.533775 3.977561
vt -0.783612 1.812235
vt -0.587709 1.746693
vt -0.566879 0.572856
vt -0.391806 3.502549
vt -0.187215 3.678133
vt -0.298316 2.687091
vt -0.391806 0.851011
vt -0.188190 0.553317
vt -0.391806 1.843937
vt -0.195903 1.714367
vt 0.000000 0.749285
vt 0.000000 1.725983
vt 0.000000 3.176190
vt 0.183786 3.985514
vt 0.000000 2.644569
vt 0.000000 3.141593
vt 3.000000 2.397531
vt -0.000000 1.967975
vt 3.000000 2.066837
vt 0.000000 1.306811
vt 3.000000 1.405449
vt 3.000000 1.074755
vt 0.000000 0.670354
vt 3.000000 0.744061
vt 10.500000 0.477428
vt -0.000000 0.744061
vt 10.500000 0.992082
vt -0.000000 1.074755
vt 10.500000 1.466266
vt 10.500000 2.127844
vt -0.000000 2.397531
vt -3.085186 0.402864
vt 10.500000 -0.165568
vt -5.197989 3.881187
vt -5.030351 3.183723
vt -5.093475 2.281637
vt -0.356520 0.272295
vt -5.289379 2.299122
vt -5.584240 2.812374
vt -5.468421 3.836510
vt -5.724166 3.934409
vt -5.574362 1.893578
vt -5.877087 1.749472
vt -5.477315 0.659443
vt -5.877088 3.210508
vt -6.085107 3.835062
vt -5.681184 0.980857
vt -5.852777 0.563486
vt -6.072990 2.815012
vt -6.268892 3.176190
vt -6.072990 1.858898
vt -6.268893 1.725983
vt -2.924784 2.332437
vt -2.773573 4.083053
vt -2.991611 3.089332
vt -2.576042 1.506791
vt -2.253638 4.969467
vt -1.880544 0.673269
vt -1.512271 5.581306
vt -1.093359 0.215345
vt -0.578643 5.936475
vt -0.447127 0.033508
vt 0.224392 5.983184
vt 0.313364 0.023483
vt 1.010271 5.817265
vt 1.093161 0.215267
vt 1.689960 5.478716
vt 1.880509 0.673241
vt 2.192951 5.034872
vt 2.471884 1.314911
vt 2.656618 4.378436
vt 2.864411 2.136714
vt 2.924784 3.667563
vt 2.991611 3.000000
vt -3.375664 0.342880
vt 0.521432 0.837545
vt -0.103136 0.981196
vt 0.926553 0.338812
vt -0.876297 0.453161
vt -0.972872 -0.162567
vt 0.986361 -0.164595
vt 0.763518 -0.624927
vt -0.789141 -0.614213
vt -0.376773 -0.911812
vt 0.263883 -0.950672
vt -2.592802 0.485204
vt 2.916607 2.334311
vt 2.981971 3.240575
vt 2.597074 1.515040
vt 2.597076 4.484955
vt 2.199156 5.040518
vt 2.034633 0.806827
vt 1.685134 5.471854
vt 1.286947 0.299323
vt 1.096023 5.792621
vt 0.446087 0.041834
vt 0.428795 5.960772
vt -0.224190 0.008389
vt -0.433147 5.960116
vt -0.893302 0.144847
vt -1.096023 5.792621
vt -1.500000 0.401924
vt -1.685165 5.471833
vt -2.034682 0.806872
vt -2.331273 4.874849
vt -2.584873 1.493908
vt -2.702907 4.301651
vt -2.916635 2.334434
vt -2.916611 3.665674
vt -4.343717 0.543463
vt 0.772896 0.612879
vt 0.788841 -0.592393
vt 0.986361 0.016843
vt 0.257543 0.952278
vt -0.064939 -0.984361
vt -0.381459 0.909757
vt -0.546948 -0.837166
vt -0.867013 0.470317
vt -0.974802 -0.151003
vt -0.800000 8.751602
vt -0.000000 8.751579
vt 0.000000 7.989033
vt -0.800000 8.078382
vt -0.800000 7.392880
vt 0.000000 7.180702
vt -0.800000 6.507501
vt 0.000000 6.507585
vt 0.000000 5.745476
vt -0.800000 5.834386
vt -0.800000 5.148303
vt 0.000000 4.937620
vt -0.800000 4.280881
vt 0.000000 4.128565
vt -0.800000 3.590392
vt 0.000000 3.122562
vt -0.800000 2.917315
vt -0.000000 2.154770
vt -0.800000 2.243995
vt -0.800000 1.558255
vt -0.000000 1.116864
vt -0.800000 0.897598
vt -0.800000 0.241475
vt -0.000000 0.089415
vt -0.800000 -0.673192
vt 0.000000 -0.673198
vt 0.000000 -1.575951
vt -0.800000 -1.558261
vt -0.800000 -2.468640
vt -0.000000 -2.673200
vt -0.800000 -3.378284
vt -0.000000 -3.589960
vt -0.800000 -4.263377
vt -0.000000 -4.263590
vt -0.000000 -5.026926
vt -0.800000 -4.936789
vt -0.800000 -5.622042
vt -0.000000 -5.834604
vt -0.800000 -6.283185
vt -0.000000 -6.751533
vt -0.800000 -6.956205
vt 0.000000 -7.629758
vt -0.800000 -7.842093
vt 0.000000 -8.546565
vt -0.800000 -8.751713
vt -0.800000 -9.424778
vt 1.235328 2.977393
vt 0.984284 3.906174
vt 1.175417 1.639697
vt 0.979515 2.856338
vt 0.979515 1.276028
vt 0.983560 0.319584
vt 0.783612 3.466257
vt 0.635247 4.054302
vt 0.879648 2.335013
vt 0.783612 0.793768
vt 0.606769 0.712007
vt 0.680520 1.834429
vt 0.587709 2.978495
vt 0.391806 1.842346
vt 0.381742 0.719923
vt 0.391806 3.027953
vt 0.329418 4.144825
vt 0.195903 1.009795
vt 0.000000 0.603784
vt 0.000000 2.013034
vt 0.195903 2.263259
vt 0.000000 3.516845
vt 0.195903 3.494529
s 0
usemtl Material__32
f 473/811/809 475/812/810 474/813/811
f 476/814/812 478/815/813 477/816/814
f 479/817/815 481/818/816 480/819/817
f 482/820/818 484/821/819 483/822/820
f 485/823/821 487/824/822 486/825/823
f 488/826/824 490/827/825 489/828/826
f 491/829/827 493/830/828 492/831/829
f 494/832/830 496/833/831 495/834/832
f 496/833/833 491/835/834 492/831/835
f 496/833/836 494/836/837 491/835/838
f 497/837/839 495/838/840 496/833/841
f 497/837/842 498/839/843 495/838/844
f 498/840/845 497/837/846 499/841/847
f 498/840/848 499/841/849 500/842/850
f 501/843/851 503/844/852 502/845/853
f 500/842/854 499/846/855 504/847/856
f 505/848/857 507/849/858 506/850/859
f 508/851/860 510/852/861 509/853/862
f 511/854/863 510/855/864 508/851/865
f 512/856/866 514/857/867 513/858/868
f 515/859/869 517/860/870 516/861/871
f 516/861/872 517/860/873 518/862/874
f 519/863/875 521/864/876 520/865/877
f 522/866/878 523/867/879 482/868/880
f 523/867/881 522/866/882 524/869/883
f 524/869/884 522/866/885 525/870/885
f 524/869/886 525/870/887 526/871/887
f 526/871/888 525/870/888 527/872/889
f 526/871/890 527/872/882 528/873/890
f 528/873/886 527/872/891 529/874/886
f 529/874/892 527/872/893 530/875/894
f 529/874/895 530/875/896 531/876/895
f 531/876/897 530/875/898 532/877/899
f 531/876/900 532/877/901 533/878/902
f 533/878/903 532/877/904 534/879/905
f 533/878/906 534/879/907 535/880/908
f 535/880/909 534/879/910 490/881/911
f 490/881/912 534/879/913 489/882/885
f 536/883/914 538/884/915 537/885/916
f 539/886/917 536/883/918 537/885/919
f 539/886/920 537/885/921 540/887/922
f 541/888/923 543/889/924 542/890/925
f 544/891/926 541/888/927 542/890/928
f 542/890/929 545/892/930 544/891/931
f 542/890/932 546/893/933 545/892/934
f 545/892/935 546/893/936 547/894/937
f 545/892/938 547/894/939 548/895/940
f 548/895/941 547/894/942 549/896/943
f 548/895/944 549/896/945 550/897/946
f 550/897/947 549/896/948 551/898/949
f 552/899/950 550/897/951 551/898/952
f 551/898/953 553/900/954 552/899/955
f 551/898/956 554/901/957 553/900/958
f 553/900/959 554/901/960 555/902/961
f 553/900/962 555/902/963 556/903/964
f 555/902/965 557/904/966 556/903/967
f 558/905/968 557/904/969 555/902/970
f 558/905/971 559/906/972 557/904/973
f 558/905/974 560/907/975 559/906/976
f 560/907/977 561/908/978 559/906/979
f 560/907/980 562/838/981 561/908/982
f 561/908/983 562/838/984 563/909/985
f 561/908/986 563/909/987 564/910/988
f 564/910/989 563/909/990 565/911/991
f 566/912/992 564/910/993 565/911/994
f 565/911/995 567/913/996 566/912/997
f 565/911/998 568/914/999 567/913/1000
f 567/913/1001 568/914/1002 569/915/1003
f 567/913/1004 569/915/1005 570/916/1006
f 570/916/1007 569/915/1008 571/917/1009
f 572/918/1010 570/916/1011 571/917/1012
f 572/918/1013 571/917/1014 573/919/1015
f 572/918/1016 573/919/1017 574/920/1018
f 574/920/1019 573/919/1020 575/921/1021
f 576/922/1022 574/920/1023 575/921/1024
f 575/921/1025 577/923/1026 576/922/1027
f 575/921/1028 578/924/1029 577/923/1030
f 577/923/1031 578/924/1032 579/925/1033
f 577/923/1034 579/925/1035 580/926/1036
f 579/925/1037 581/927/1038 580/926/1039
f 582/928/1040 581/927/1041 579/925/1042
f 582/928/1043 583/929/1044 581/927/1045
f 582/928/1046 584/930/1047 583/929/1048
f 583/929/1049 584/930/1050 585/931/1051
f 583/929/1052 585/931/1053 586/932/1054
f 586/932/1055 585/931/1056 587/933/1057
f 588/934/1058 586/932/1059 587/933/1060
f 588/934/1061 587/933/1062 543/935/1063
f 588/934/1064 543/935/1065 541/936/1066
f 589/937/1067 590/938/1068 473/939/1069
f 590/938/1070 589/937/1071 591/940/1072
f 590/938/1073 591/940/1074 592/941/1075
f 592/941/1076 591/940/1077 593/942/1078
f 592/941/1079 593/942/1080 594/943/1080
f 592/941/1081 594/943/1082 595/944/1082
f 595/944/1083 594/943/1083 596/945/1083
f 596/945/1084 594/943/1084 597/946/1084
f 596/945/1085 597/946/1085 598/947/1086
f 598/947/1087 597/946/1088 599/948/1088
f 599/948/1089 597/946/1089 600/949/1090
f 599/948/1079 600/949/1091 601/950/1080
f 590/951/1092 603/952/1093 602/953/1094
f 590/951/1095 592/954/1096 603/952/1097
f 592/954/1098 479/955/1099 603/956/1100
f 592/954/1101 595/957/1102 479/955/1103
f 593/958/1104 605/959/1105 604/960/1106
f 593/958/1107 591/961/1108 605/959/1109
f 589/962/1110 605/963/1111 591/961/1112
f 589/962/1113 606/964/1114 605/963/1115
f 474/965/1116 606/964/1117 589/962/1118
f 474/965/1119 589/962/1120 473/811/1121
f 474/965/1122 607/966/1123 606/964/1124
f 607/966/1125 605/959/1126 606/964/1127
f 607/966/1128 608/967/1129 605/959/1130
f 605/959/1131 608/967/1132 604/968/1133
f 474/965/1134 609/969/1135 607/966/1136
f 610/970/1137 609/969/1138 474/965/1139
f 610/970/1140 474/965/1141 475/812/1142
f 611/971/1143 607/966/1144 609/969/1145
f 611/971/1146 609/969/1147 610/970/1148
f 612/972/1149 610/970/1150 475/812/1151
f 612/972/1152 475/812/1153 613/973/1154
f 614/974/1155 612/972/1156 613/973/1157
f 608/967/1158 607/966/1159 615/975/1160
f 611/971/1161 615/975/1162 607/966/1163
f 616/976/1164 615/975/1165 611/971/1166
f 611/971/1167 610/970/1168 617/977/1169
f 612/972/1170 617/977/1171 610/970/1172
f 608/967/1173 615/975/1174 618/978/1175
f 618/978/1176 615/975/1177 616/976/1178
f 604/968/1179 608/967/1180 619/979/1181
f 619/979/1182 608/967/1183 618/978/1184
f 604/968/1185 619/979/1186 487/980/1187
f 604/968/1188 487/980/1189 593/958/1190
f 620/981/1191 611/971/1192 617/977/1193
f 616/976/1194 611/971/1195 620/981/1196
f 619/979/1197 618/978/1198 621/982/1199
f 619/979/1200 621/982/1201 484/821/1202
f 484/821/1203 487/824/1204 619/979/1205
f 486/825/1206 487/824/1207 484/821/1208
f 618/978/1209 616/976/1210 622/983/1211
f 622/983/1212 621/982/1213 618/978/1214
f 623/984/1215 621/982/1216 622/983/1217
f 623/984/1218 622/983/1219 616/976/1220
f 621/982/1221 624/985/1222 484/821/1223
f 623/984/1224 624/985/1225 621/982/1226
f 625/986/1227 616/976/1228 620/981/1229
f 623/984/1230 616/976/1231 626/987/1232
f 625/986/1233 626/987/1234 616/976/1235
f 624/985/1236 623/984/1237 627/988/1238
f 627/988/1239 623/984/1240 626/987/1241
f 620/981/1242 617/977/1243 628/989/1244
f 628/989/1245 625/986/1246 620/981/1247
f 484/821/1248 624/985/1249 629/990/1250
f 627/988/1251 629/990/1252 624/985/1253
f 484/821/1254 629/990/1255 483/991/1256
f 627/988/1257 630/992/1258 629/990/1259
f 630/992/1260 627/988/1261 631/993/1262
f 627/988/1263 626/987/1264 631/993/1265
f 525/994/1266 630/992/1267 631/993/1268
f 632/995/1269 626/987/1270 625/986/1271
f 632/995/1272 631/993/1273 626/987/1274
f 525/994/1275 631/993/1276 633/996/1277
f 525/994/1278 633/996/1279 527/813/1280
f 530/997/1281 527/813/1282 633/996/1283
f 530/997/1284 633/996/1285 634/998/1286
f 631/993/1287 632/995/1288 633/999/1289
f 635/1000/1290 632/995/1291 625/986/1292
f 625/986/1293 628/989/1294 635/1000/1295
f 538/884/1296 633/999/1297 632/995/1298
f 635/1000/1299 538/884/1300 632/995/1301
f 633/999/1302 538/884/1303 634/1001/1304
f 536/883/1305 634/1001/1306 538/884/1307
f 530/997/1308 634/1001/1309 536/883/1310
f 530/997/1311 536/883/1312 532/1002/1313
f 537/885/1314 538/884/1315 635/1000/1316
f 636/1003/1317 537/885/1318 635/1000/1319
f 636/1003/1320 635/1000/1321 628/989/1322
f 540/887/1323 537/885/1324 636/1003/1325
f 637/1004/1326 636/1003/1327 628/989/1328
f 617/977/1329 637/1004/1330 628/989/1331
f 540/887/1332 636/1003/1333 638/1005/1334
f 638/1005/1335 636/1003/1336 637/1004/1337
f 617/977/1338 639/1006/1339 637/1004/1340
f 612/972/1341 639/1006/1342 617/977/1343
f 637/1004/1344 639/1006/1345 640/1007/1346
f 637/1004/1347 640/1007/1348 638/1005/1349
f 639/1006/1350 612/972/1351 641/1008/1352
f 639/1006/1353 641/1008/1354 640/1007/1355
f 614/974/1356 641/1008/1357 612/972/1358
f 540/887/1359 638/1005/1360 642/1009/1361
f 539/886/1362 540/887/1363 642/1009/1364
f 539/886/1365 642/1009/1366 643/1010/1367
f 644/1011/1368 643/1010/1369 642/1009/1370
f 645/1012/1371 638/1005/1372 640/1007/1373
f 645/1012/1374 640/1007/1375 641/1008/1376
f 645/1012/1377 642/1009/1378 638/1005/1379
f 646/1013/1380 641/1008/1381 614/974/1382
f 645/1012/1383 641/1008/1384 646/1013/1385
f 644/1011/1386 642/1009/1387 647/1014/1388
f 642/1009/1389 645/1012/1390 647/1014/1391
f 644/1011/1392 647/1014/1393 480/819/1394
f 644/1011/1395 480/819/1396 488/826/1397
f 645/1012/1398 648/1015/1399 647/1014/1400
f 648/1015/1401 480/819/1402 647/1014/1403
f 648/1015/1404 645/1012/1405 646/1013/1406
f 603/952/1407 480/819/1408 648/1015/1409
f 646/1013/1410 603/952/1411 648/1015/1412
f 480/819/1413 603/952/1414 479/955/1415
f 646/1013/1416 602/1016/1417 603/952/1418
f 602/1016/1419 646/1013/1420 614/974/1421
f 613/1002/1422 602/1016/1423 614/974/1424
f 613/1002/1425 590/951/1426 602/1016/1427
f 481/818/1428 595/1017/1429 596/1018/1430
f 595/1017/1431 481/818/1432 479/817/1433
f 613/973/1434 473/811/1435 590/951/1436
f 613/973/1437 475/997/1438 473/811/1439
f 649/1019/1440 481/827/1441 596/1018/1442
f 649/1019/1443 596/1018/1444 598/1020/1445
f 650/835/1446 649/1019/1447 598/1020/1448
f 650/835/1449 598/1020/1450 599/1021/1451
f 651/832/1452 650/835/1453 599/1021/1454
f 651/832/1455 599/1021/1456 601/1022/1457
f 601/1022/1458 478/838/1459 651/832/1460
f 477/840/1461 478/838/1462 601/1022/1463
f 477/840/1464 601/1022/1465 600/1023/1466
f 652/1024/1467 477/840/1468 600/1023/1469
f 652/1024/1470 600/1023/1471 597/1025/1472
f 653/1026/1473 652/1024/1474 597/1025/1475
f 653/1026/1476 597/1025/1477 594/1027/1478
f 594/1027/1479 485/823/1480 653/1026/1481
f 593/958/1482 485/823/1483 594/1027/1484
f 485/823/1485 593/958/1486 487/824/1487
f 523/1028/1488 484/821/1489 482/820/1490
f 654/1029/1491 484/821/1492 523/1028/1493
f 484/821/1494 654/1029/1495 655/1030/1496
f 486/825/1497 484/821/1498 655/1030/1499
f 655/1030/1500 654/1029/1501 656/1031/1502
f 655/1030/1503 656/1031/1504 486/825/1505
f 656/1031/1506 654/1029/1507 657/1032/1508
f 656/1031/1509 658/1033/1510 486/825/1511
f 656/1031/1512 657/1032/1513 659/1034/1514
f 656/1031/1515 659/1034/1516 658/1033/1517
f 486/825/1518 658/1033/1519 653/1035/1520
f 486/825/1521 653/1035/1522 485/823/1523
f 653/1035/1524 658/1033/1525 660/1036/1526
f 659/1034/1527 660/1036/1528 658/1033/1529
f 660/1036/1530 652/1037/1531 653/1035/1532
f 661/1038/1533 659/1034/1534 657/1032/1535
f 659/1034/1536 661/1038/1537 660/1036/1538
f 662/1039/1539 652/1037/1540 660/1036/1541
f 660/1036/1542 661/1038/1543 662/1039/1544
f 652/1037/1545 662/1039/1546 477/816/1547
f 661/1038/1548 657/1032/1549 663/1040/1550
f 664/1041/1551 663/1040/1552 657/1032/1553
f 661/1038/1554 663/1040/1555 664/1041/1556
f 477/816/1557 662/1039/1558 665/1042/1559
f 665/1042/1560 476/814/1561 477/816/1562
f 665/1042/1563 478/815/1564 476/814/1565
f 665/1042/1566 666/1043/1567 478/815/1568
f 667/1044/1569 662/1039/1570 661/1038/1571
f 664/1041/1572 667/1044/1573 661/1038/1574
f 667/1044/1575 665/1042/1576 662/1039/1577
f 666/1043/1578 665/1042/1579 668/1045/1580
f 668/1045/1581 665/1042/1582 667/1044/1583
f 669/1046/1584 666/1043/1585 668/1045/1586
f 669/1046/1587 668/1045/1588 670/1047/1589
f 664/1041/1590 670/1047/1591 671/1048/1592
f 664/1041/1593 671/1048/1594 667/1044/1595
f 668/1045/1596 671/1048/1597 670/1047/1598
f 668/1045/1599 667/1044/1600 671/1048/1601
f 672/1049/1602 535/1019/1603 673/1050/1604
f 672/1049/1605 533/835/1606 535/1019/1607
f 531/832/1608 533/835/1609 672/1049/1610
f 531/832/1611 672/1049/1612 674/1051/1613
f 669/1052/1614 531/832/1615 674/1051/1616
f 669/1052/1617 529/838/1618 531/832/1619
f 528/840/1620 529/838/1621 669/1052/1622
f 528/840/1623 669/1052/1624 670/1053/1625
f 664/855/1626 528/840/1627 670/1053/1628
f 664/855/1629 526/1024/1630 528/840/1631
f 524/1026/1632 526/1024/1633 664/855/1634
f 524/1026/1635 664/855/1636 657/1054/1637
f 654/1055/1638 524/1026/1639 657/1054/1640
f 654/1055/1641 523/1028/1642 524/1026/1643
f 482/820/1644 483/991/1645 629/1056/1646
f 482/820/1647 629/1056/1648 522/1057/1649
f 522/1057/1650 630/1058/1651 525/994/1652
f 522/1057/1653 629/990/1654 630/1058/1655
f 644/1011/1656 489/817/1657 534/1059/1658
f 644/1011/1659 488/857/1660 489/817/1661
f 532/1002/1662 539/886/1663 534/1059/1664
f 532/1002/1665 536/1060/1666 539/886/1667
f 535/1019/1668 675/1061/1669 673/1050/1670
f 535/1019/1671 490/827/1672 675/1061/1673
f 488/826/1674 675/1061/1675 490/827/1676
f 675/1061/1677 488/826/1678 480/819/1679
f 539/1062/1680 644/1063/1681 534/1059/1682
f 539/1062/1683 643/1010/1684 644/1063/1685
f 563/1064/1686 568/1065/1687 565/1066/880
f 568/1065/1688 563/1064/1689 569/1067/1690
f 569/1067/1691 563/1064/1692 562/1068/1693
f 569/1067/1694 562/1068/1695 571/1069/1695
f 571/1069/1696 562/1068/1696 560/1070/1697
f 571/1069/1698 560/1070/1699 573/1071/1698
f 573/1071/1700 560/1070/1701 558/1072/1700
f 573/1071/1702 558/1072/1702 575/1073/1703
f 575/1073/1704 558/1072/1705 555/1074/1705
f 575/1073/1706 555/1074/881 578/1075/1707
f 578/1075/1708 555/1074/1693 554/1076/1693
f 578/1075/1709 554/1076/880 551/1077/880
f 578/1075/1710 551/1077/1711 579/1078/1712
f 579/1078/1713 551/1077/880 549/1079/880
f 579/1078/1714 549/1079/1696 582/1080/1696
f 582/1080/885 549/1079/885 547/1081/885
f 582/1080/1715 547/1081/1715 584/1082/1715
f 584/1082/1716 547/1081/1716 585/1083/1716
f 585/1083/911 547/1081/911 546/1084/911
f 585/1083/1717 546/1084/1717 587/1085/885
f 587/1085/1718 546/1084/1719 542/1086/885
f 587/1085/1720 542/1086/1721 543/1087/881
f 567/1088/1722 564/1089/1722 566/1090/1723
f 564/1089/1724 567/1088/1724 570/1091/1724
f 564/1089/1725 570/1091/1725 561/1092/1725
f 561/1092/1726 570/1091/1726 572/1093/1727
f 561/1092/1728 572/1093/1729 559/1094/1728
f 559/1094/1724 572/1093/1730 574/1095/1724
f 559/1094/1731 574/1095/1731 557/1096/1732
f 557/1096/1733 574/1095/1734 556/1097/1735
f 556/1097/1736 574/1095/1737 576/1098/1737
f 556/1097/1738 576/1098/1739 577/1099/1740
f 556/1097/1741 577/1099/1742 553/1100/1743
f 553/1100/1744 577/1099/1745 552/1101/1746
f 552/1101/1747 577/1099/1748 580/1102/1749
f 552/1101/1750 580/1102/1731 581/1103/1731
f 552/1101/1751 581/1103/1725 550/1104/1752
f 550/1104/1753 581/1103/1754 583/1105/1754
f 550/1104/1755 583/1105/1724 548/1106/1724
f 548/1106/1731 583/1105/1731 545/1107/1731
f 545/1107/1756 583/1105/1756 586/1108/1756
f 545/1107/1755 586/1108/1755 588/1109/1755
f 545/1107/1757 588/1109/1757 544/1110/1758
f 544/1110/1759 588/1109/1760 541/1111/1723
f 676/1112/1761 509/1113/1762 510/852/1763
f 510/852/1764 677/1114/1765 676/1112/1766
f 510/852/1767 678/1115/1768 677/1114/1769
f 679/1116/1770 676/1112/1771 677/1114/1772
f 678/1115/1773 680/1117/1774 677/1114/1775
f 681/1118/1776 680/1117/1777 678/1115/1778
f 680/1117/1779 682/1119/1780 677/1114/1781
f 683/1120/1782 682/1119/1783 680/1117/1784
f 677/1114/1785 684/1121/1786 679/1116/1787
f 505/848/1788 679/1116/1789 684/1121/1790
f 505/848/1791 685/1122/1792 679/1116/1793
f 505/848/1794 506/850/1795 685/1122/1796
f 682/1119/1797 686/1123/1798 677/1114/1799
f 683/1120/1800 687/1124/1801 682/1119/1802
f 687/1124/1803 686/1123/1804 682/1119/1805
f 677/1114/1806 688/1125/1807 684/1121/1808
f 688/1125/1809 677/1114/1810 686/1123/1811
f 684/1121/1812 689/1126/1813 505/848/1814
f 690/1127/1815 684/1121/1816 688/1125/1817
f 684/1121/1818 690/1127/1819 689/1126/1820
f 505/848/1821 689/1126/1822 691/1128/1823
f 691/1128/1824 692/1129/1825 505/848/1826
f 691/1128/1827 693/1130/1828 692/1129/1829
f 504/847/1830 691/1128/1831 689/1126/1832
f 504/847/1833 689/1126/1834 690/1127/1835
f 693/1130/1836 691/1128/1837 504/847/1838
f 693/1130/1839 504/847/1840 499/846/1841
f 694/1131/1842 693/1130/1843 499/846/1844
f 694/1131/1845 499/846/1846 497/837/1847
f 695/1132/1848 504/847/1849 690/1127/1850
f 690/1127/1851 688/1125/1852 695/1132/1853
f 695/1132/1854 500/842/1855 504/847/1856
f 696/1133/1857 695/1132/1858 688/1125/1859
f 696/1133/1860 688/1125/1861 686/1123/1862
f 697/1134/1863 500/842/1864 695/1132/1865
f 697/1134/1866 695/1132/1867 696/1133/1868
f 500/842/1869 697/1134/1870 498/839/1871
f 498/839/1872 697/1134/1873 698/1135/1874
f 498/839/1875 698/1135/1876 495/834/1877
f 495/834/1878 698/1135/1879 494/836/1880
f 699/1136/1881 697/1134/1882 696/1133/1883
f 699/1136/1884 698/1135/1885 697/1134/1886
f 698/1135/1887 700/1137/1888 494/836/1889
f 699/1136/1890 700/1137/1891 698/1135/1892
f 700/1137/1893 491/829/1894 494/836/1895
f 686/1123/1896 701/1138/1897 696/1133/1898
f 701/1138/1899 699/1136/1900 696/1133/1901
f 700/1137/1902 702/1139/1903 491/829/1904
f 702/1139/1905 493/830/1906 491/829/1907
f 699/1136/1908 703/1140/1909 700/1137/1910
f 701/1138/1911 703/1140/1912 699/1136/1913
f 700/1137/1914 703/1140/1915 702/1139/1916
f 686/1123/1917 704/1141/1918 701/1138/1919
f 703/1140/1920 701/1138/1921 704/1141/1922
f 687/1124/1923 704/1141/1924 686/1123/1925
f 703/1140/1926 704/1141/1927 705/1142/1928
f 704/1141/1929 687/1124/1930 705/1142/1931
f 706/1143/1932 702/1139/1933 703/1140/1934
f 706/1143/1935 703/1140/1936 705/1142/1937
f 687/1124/1938 707/1144/1939 705/1142/1940
f 708/1145/1941 706/1143/1942 705/1142/1943
f 708/1145/1944 705/1142/1945 707/1144/1946
f 709/1146/1947 707/1144/1948 687/1124/1949
f 707/1144/1950 709/1146/1951 708/1145/1952
f 709/1146/1953 687/1124/1954 683/1120/1955
f 683/1120/1956 521/1147/1957 709/1146/1958
f 683/1120/1959 520/865/1960 521/1147/1961
f 710/1148/1962 702/1139/1963 706/1143/1964
f 706/1143/1965 708/1145/1966 710/1148/1967
f 710/1148/1968 711/1149/1969 702/1139/1970
f 702/1139/1971 711/1149/1972 493/830/1973
f 710/1148/1974 708/1145/1975 712/1150/1976
f 712/1150/1977 708/1145/1978 713/1151/1979
f 714/1152/1980 712/1150/1981 713/1151/1982
f 714/1152/1983 715/1153/1984 712/1150/1985
f 715/1153/1986 716/1154/1987 712/1150/1988
f 716/1154/1989 710/1148/1990 712/1150/1991
f 715/1153/1992 717/1155/1993 716/1154/1994
f 514/1156/1995 716/1154/1996 717/1155/1997
f 718/1157/1998 710/1148/1999 716/1154/2000
f 718/1157/2001 711/1149/2002 710/1148/2003
f 514/1156/2004 718/1157/2005 716/1154/2006
f 719/1158/2007 493/830/2008 711/1149/2009
f 719/1158/2010 711/1149/2011 718/1157/2012
f 718/1157/2013 514/1156/2014 720/1159/2015
f 720/1159/2016 719/1158/2017 718/1157/2018
f 512/856/2019 720/1159/2020 514/1156/2021
f 721/1160/2022 493/830/2023 719/1158/2024
f 721/1160/2025 492/831/2026 493/830/2027
f 722/1161/2028 719/1158/2029 720/1159/2030
f 719/1158/2031 722/1161/2032 721/1162/2033
f 722/1161/2034 723/1163/2035 721/1162/2036
f 724/1164/2037 720/1159/2038 512/856/2039
f 725/1165/2040 720/1159/2041 724/1164/2042
f 724/1164/2043 512/856/2044 726/1166/2045
f 726/1166/2046 512/856/2047 513/858/2048
f 726/1166/2049 513/858/2050 727/1167/2051
f 728/1168/2052 725/1165/2053 724/1164/2054
f 724/1164/2055 726/1166/2056 728/1168/2057
f 728/1168/2058 729/1169/2059 725/1165/2060
f 729/1169/2061 728/1168/2062 730/1170/2063
f 729/1169/2064 730/1170/2065 731/1171/2066
f 730/1170/2067 732/1172/2068 731/1171/2069
f 733/1173/2070 728/1168/2071 726/1166/2072
f 727/1167/2073 733/1173/2074 726/1166/2075
f 730/1170/2076 728/1168/2077 733/1173/2078
f 734/1174/2079 733/1173/2080 727/1167/2081
f 730/1170/2082 733/1173/2083 734/1174/2084
f 734/1174/2085 727/1167/2086 735/1175/2087
f 732/1172/2088 730/1170/2089 736/1176/2090
f 736/1176/2091 737/1177/2092 732/1172/2093
f 730/1170/2094 738/1178/2095 736/1176/2096
f 736/1176/2097 738/1178/2098 737/1177/2099
f 734/1174/2100 738/1178/2101 730/1170/2102
f 739/1179/2103 734/1174/2104 735/1175/2105
f 735/1175/2106 503/1180/2107 739/1179/2108
f 740/1181/2109 734/1174/2110 739/1179/2111
f 734/1174/2112 740/1181/2113 738/1178/2114
f 741/1182/2115 739/1179/2116 503/1180/2117
f 741/1182/2118 740/1181/2119 739/1179/2120
f 738/1178/2121 740/1181/2122 741/1182/2123
f 501/1183/2124 741/1182/2125 503/1180/2126
f 501/1183/2127 742/1184/2128 741/1182/2129
f 741/1182/2130 742/1184/2131 743/1185/2132
f 741/1182/2133 743/1185/2134 738/1178/2135
f 743/1185/2136 737/1177/2137 738/1178/2138
f 744/1186/2139 737/1177/2140 743/1185/2141
f 745/1187/2142 514/857/2143 717/1188/2144
f 514/857/2145 745/1187/2146 513/858/2147
f 745/1187/2148 727/1189/2149 513/1063/2150
f 727/1189/2151 745/1187/2152 746/1190/2153
f 727/1189/2154 746/1190/2155 735/1191/2156
f 746/1190/2157 503/998/2158 735/1191/2159
f 503/998/2160 746/1190/2161 747/1192/2162
f 503/998/2163 747/1192/2164 502/1193/2165
f 747/1192/2166 748/1194/2167 502/1193/2168
f 748/1194/2169 747/1192/2170 749/1195/2171
f 748/1194/2172 749/1195/2173 750/1196/2174
f 751/1057/2175 753/1197/2176 752/1198/2177
f 754/1199/2178 752/1198/2179 753/1197/2180
f 754/1199/2181 755/1200/2182 752/1198/2183
f 756/1201/2184 755/1200/2185 754/1199/2186
f 756/1201/2187 744/813/2188 755/1200/2189
f 744/813/2190 756/1201/2191 737/997/2192
f 757/1202/2193 737/997/2194 756/1201/2195
f 757/1202/2196 732/1002/2197 737/997/2198
f 732/1002/2199 757/1202/2200 731/1203/2201
f 723/1163/2202 731/1203/2203 757/1202/2204
f 723/1163/2205 729/1169/2206 731/1203/2207
f 714/1152/2208 521/1147/2209 519/863/2210
f 713/1151/2211 521/1147/2212 714/1152/2213
f 709/1146/2214 521/1147/2215 713/1151/2216
f 709/1146/2217 713/1151/2218 708/1145/2219
f 722/1161/2220 729/1169/2221 723/1163/2222
f 722/1161/2223 725/1165/2224 729/1169/2225
f 720/1159/2226 725/1165/2227 722/1161/2228
f 519/863/2229 681/1118/2230 511/854/2231
f 519/863/2232 520/1204/2233 681/1118/2234
f 693/1026/2235 758/1205/2236 692/1129/2237
f 693/1026/2238 694/1131/2239 758/1205/2240
f 692/1028/2241 507/849/2242 505/848/2243
f 507/849/2244 692/1028/2245 758/1205/2246
f 753/1197/2247 507/849/2248 758/1205/2249
f 507/849/2250 753/1197/2251 751/1206/2252
f 507/849/2253 751/1206/2254 759/1207/2255
f 507/849/2256 759/1207/2257 506/850/2258
f 506/850/2259 759/1207/2260 760/1208/2261
f 506/850/2262 760/1208/2263 516/861/2264
f 518/1209/2265 506/850/2266 516/861/2267
f 761/1210/2268 760/1208/2269 759/1207/2270
f 761/1210/2271 759/1207/2272 751/1206/2273
f 751/1206/2274 762/1211/2275 761/1210/2276
f 751/1206/2277 752/1212/2278 762/1211/2279
f 752/1212/2280 755/1213/2281 762/1211/2282
f 763/1214/2283 761/1210/2284 762/1211/2285
f 764/1215/2286 763/1214/2287 762/1211/2288
f 763/1214/2289 515/859/2290 761/1210/2291
f 763/1214/2292 750/1216/2293 515/859/2294
f 762/1211/2295 755/1213/2296 765/1217/2297
f 764/1215/2298 762/1211/2299 765/1217/2300
f 765/1217/2301 755/1213/2302 744/1218/2303
f 750/1216/2304 763/1214/2305 766/1219/2306
f 763/1214/2307 764/1215/2308 766/1219/2309
f 748/1220/2310 750/1216/2311 766/1219/2312
f 766/1219/2313 764/1215/2314 748/1220/2315
f 748/1220/2316 764/1215/2317 502/845/2318
f 765/1217/2319 744/1218/2320 767/1221/2321
f 764/1215/2322 765/1217/2323 767/1221/2324
f 743/1222/2325 767/1221/2326 744/1218/2327
f 764/1215/2328 767/1221/2329 768/1223/2330
f 768/1223/2331 767/1221/2332 743/1222/2333
f 764/1215/2334 768/1223/2335 502/845/2336
f 768/1223/2337 743/1222/2338 742/1224/2339
f 768/1223/2340 742/1224/2341 502/845/2342
f 502/845/2343 742/1224/2344 501/843/2345
f 749/1195/2346 515/859/2347 750/1196/2348
f 517/860/2349 515/859/2350 749/1195/2351
f 769/1225/2352 771/1226/2353 770/1227/1723
f 771/1226/2354 769/1225/2355 772/1228/2356
f 771/1226/1728 772/1228/2357 773/1229/2357
f 773/1229/2358 772/1228/2358 774/1230/2358
f 773/1229/2357 774/1230/2357 775/1231/2357
f 775/1231/1725 774/1230/1725 776/1232/1725
f 775/1231/2359 776/1232/2359 777/1233/1731
f 777/1233/2360 776/1232/1734 778/1234/1734
f 777/1233/2361 778/1234/2362 779/1235/2362
f 779/1235/1755 778/1234/1755 780/1236/2363
f 779/1235/2364 780/1236/2365 781/1237/2364
f 781/1237/2362 780/1236/2366 782/1238/2362
f 781/1237/1739 782/1238/1739 783/1239/1739
f 783/1239/2367 782/1238/2367 784/1240/2367
f 783/1239/2368 784/1240/2368 785/1241/2368
f 785/1241/1724 784/1240/1724 786/1242/2369
f 785/1241/2370 786/1242/2360 787/1243/2370
f 787/1243/2371 786/1242/2357 788/1244/2372
f 787/1243/2373 788/1244/2374 789/1245/1728
f 789/1245/2375 788/1244/2376 790/1246/2377
f 510/855/2378 511/854/2379 681/1247/2380
f 510/855/2381 681/1247/2382 678/1115/2383
f 754/948/1082 757/1248/2384 756/1249/2385
f 757/1248/2386 754/948/2387 723/1250/2387
f 723/1250/2388 754/948/2388 753/1251/2388
f 723/1250/1074 753/1251/1074 758/1252/1074
f 723/1250/2389 758/1252/2389 721/1253/2389
f 721/1253/2390 758/1252/2390 492/1254/2390
f 492/1254/2391 758/1252/2391 694/1255/2392
f 492/1254/2393 694/1255/1091 497/1256/1073
f 492/1254/1076 497/1256/2394 496/1257/2387
f 680/1117/2395 520/865/2396 683/1120/2397
f 680/1117/2398 681/1118/2399 520/865/2400
f 516/861/2401 761/1210/2402 515/859/2403
f 516/861/2404 760/1208/2405 761/1210/2406
f 676/1112/2407 679/1116/2408 685/1122/2409
f 676/1112/2410 685/1122/2411 791/1258/2412
f 509/1113/2413 676/1112/2414 791/1258/2415
f 508/851/2416 509/1113/2417 791/1258/2418
f 508/851/2419 791/1258/2420 517/860/2421
f 792/1110/2422 794/1259/2423 793/1260/2424
f 794/1259/1717 792/1110/1717 795/1261/893
f 795/1261/885 792/1110/2425 796/1262/885
f 795/1261/885 796/1262/885 797/1263/885
f 795/1261/880 797/1263/880 798/1264/880
f 798/1264/1716 797/1263/1716 799/1265/1716
f 798/1264/880 799/1265/880 800/1266/880
f 800/1266/1711 799/1265/1711 801/1267/1711
f 800/1266/1693 801/1267/1693 802/1268/1693
f 802/1268/881 801/1267/881 803/1269/2426
f 802/1268/880 803/1269/2427 804/1270/2428
f 804/1270/2429 803/1269/2430 805/1271/2431
f 804/1270/2432 805/1271/2433 806/1272/1717
f 806/1272/1702 805/1271/2434 807/1273/1702
f 806/1272/1693 807/1273/1693 808/1274/1693
f 808/1274/1716 807/1273/1716 809/1275/1716
f 808/1274/880 809/1275/880 810/1276/880
f 810/1276/1711 809/1275/1711 811/1277/1711
f 810/1276/1717 811/1277/1717 812/1278/1717
f 812/1278/1698 811/1277/1698 813/1279/1698
f 812/1278/2435 813/1279/2435 814/1280/2435
f 814/1280/2425 813/1279/2425 815/1281/2425
f 814/1280/2436 815/1281/2436 816/1090/885
f 518/1209/2437 685/1122/2438 506/850/2439
f 685/1122/2440 518/1209/2441 517/860/2442
f 685/1122/2443 517/860/2444 791/1282/2445
f 749/1283/2446 508/1284/2447 517/1285/2448
f 508/1284/2449 749/1283/2450 511/937/2451
f 511/937/2452 749/1283/2453 747/1286/2453
f 511/937/2454 747/1286/2455 519/1287/2455
f 519/1287/1755 747/1286/1755 746/1288/1755
f 519/1287/2359 746/1288/2359 714/1289/2456
f 714/1289/2457 746/1288/2458 745/1290/2367
f 714/1289/2459 745/1290/2460 715/1255/1730
f 715/1255/2461 745/1290/2462 717/1291/2463
f 815/1292/2464 790/935/2465 816/936/2466
f 815/1292/2467 789/1293/2468 790/935/2469
f 787/1294/2470 789/1293/2471 815/1292/2472
f 787/1294/2473 815/1292/2474 813/1295/2475
f 813/1295/2476 811/1296/2477 787/1294/2478
f 811/1296/2479 785/1297/2480 787/1294/2481
f 809/1298/2482 785/1297/2483 811/1296/2484
f 809/1298/2485 783/1299/2486 785/1297/2487
f 781/1300/2488 783/1299/2489 809/1298/2490
f 781/1300/2491 809/1298/2492 807/1301/2493
f 807/1301/2494 805/1302/2495 781/1300/2496
f 805/1302/2497 779/1303/2498 781/1300/2499
f 803/1304/2500 779/1303/2501 805/1302/2502
f 803/1304/2503 777/1305/2504 779/1303/2505
f 801/1306/2506 777/1305/2507 803/1304/2508
f 801/1306/2509 775/1307/2510 777/1305/2511
f 775/1307/2512 801/1306/2513 799/1308/2514
f 773/1309/2515 775/1307/2516 799/1308/2517
f 773/1309/2518 799/1308/2519 797/1310/2520
f 797/1310/2521 796/1311/2522 773/1309/2523
f 796/1311/2524 771/1312/2525 773/1309/2526
f 771/1312/2527 796/1311/2528 792/1313/2529
f 793/1314/2530 771/1312/2531 792/1313/2532
f 793/1314/2533 770/1315/2534 771/1312/2535
f 794/1316/2536 770/1315/2537 793/1314/2538
f 794/1316/2539 769/1317/2540 770/1315/2541
f 772/1318/2542 769/1317/2543 794/1316/2544
f 772/1318/2545 794/1316/2546 795/1319/2547
f 798/1320/2548 772/1318/2549 795/1319/2550
f 798/1320/2551 774/1321/2552 772/1318/2553
f 798/1320/2554 800/1322/2555 774/1321/2556
f 800/1322/2557 776/1323/2558 774/1321/2559
f 802/1324/2560 776/1323/2561 800/1322/2562
f 802/1324/2563 778/1325/2564 776/1323/2565
f 780/1326/2566 778/1325/2567 802/1324/2568
f 780/1326/2569 802/1324/2570 804/1327/2571
f 804/1327/2572 806/1328/2573 780/1326/2574
f 806/1328/2575 782/1329/2576 780/1326/2577
f 808/1330/2578 782/1329/2579 806/1328/2580
f 808/1330/2581 784/1331/2582 782/1329/2583
f 784/1331/2584 808/1330/2585 810/1332/2586
f 786/1333/2587 784/1331/2588 810/1332/2589
f 786/1333/2590 810/1332/2591 812/1334/2592
f 786/1333/2593 812/1334/2594 788/1335/2595
f 788/1335/2596 812/1334/2597 814/1336/2598
f 790/889/2599 788/1335/2600 814/1336/2601
f 790/889/2602 814/1336/2603 816/1337/2604
f 480/819/2605 481/818/2606 817/1338/2607
f 817/1338/2608 481/818/2609 649/1339/2610
f 817/1338/2611 818/1340/2612 480/819/2613
f 675/1061/2614 480/819/2615 818/1340/2616
f 817/1338/2617 649/1339/2618 819/1341/2619
f 818/1340/2620 817/1338/2621 819/1341/2622
f 820/1342/2623 675/1061/2624 818/1340/2625
f 820/1342/2626 673/1343/2627 675/1061/2628
f 819/1341/2629 649/1339/2630 821/1344/2631
f 821/1344/2632 649/1339/2633 650/1345/2634
f 818/1340/2635 819/1341/2636 822/1346/2637
f 821/1344/2638 822/1346/2639 819/1341/2640
f 822/1346/2641 820/1342/2642 818/1340/2643
f 823/1347/2644 673/1343/2645 820/1342/2646
f 823/1347/2647 672/1348/2648 673/1343/2649
f 824/1349/2650 823/1347/2651 820/1342/2652
f 824/1349/2653 820/1342/2654 822/1346/2655
f 672/1348/2656 823/1347/2657 824/1349/2658
f 825/1350/2659 822/1346/2660 821/1344/2661
f 650/1345/2662 825/1350/2663 821/1344/2664
f 824/1349/2665 822/1346/2666 825/1350/2667
f 672/1348/2668 824/1349/2669 826/1351/2670
f 825/1350/2671 826/1351/2672 824/1349/2673
f 672/1348/2674 826/1351/2675 674/1352/2676
f 650/1345/2677 827/1353/2678 825/1350/2679
f 825/1350/2680 827/1353/2681 826/1351/2682
f 650/1345/2683 651/1354/2684 827/1353/2685
f 828/1355/2686 674/1352/2687 826/1351/2688
f 828/1355/2689 669/1356/2690 674/1352/2691
f 666/1357/2692 669/1356/2693 828/1355/2694
f 828/1355/2695 826/1351/2696 829/1358/2697
f 666/1357/2698 828/1355/2699 829/1358/2700
f 829/1358/2701 826/1351/2702 827/1353/2703
f 478/1359/2704 666/1357/2705 829/1358/2706
f 651/1354/2707 478/1359/2708 830/1360/2709
f 830/1360/2710 827/1353/2711 651/1354/2712
f 829/1358/2713 827/1353/2714 830/1360/2715
f 478/1359/2716 829/1358/2717 830/1360/2718
o DoorLeaf
v -18.351997 0.305752 -19.019932
v -17.526001 0.305752 -19.017618
v -18.351997 2.366999 -19.019934
v -17.526003 2.366999 -19.017616
v -18.352085 0.305752 -18.987932
v -17.526091 0.305752 -18.985617
v -18.352085 2.366999 -18.987934
v -17.526093 2.366999 -18.985617
vn 0.0028 -0.0000 -1.0000
vn -0.0000 -1.0000 -0.0000
vn -1.0000 -0.0000 -0.0027
vn -0.0000 1.0000 -0.0000
vn 1.0000 -0.0000 0.0028
vn -0.0028 -0.0000 1.0000
vt 0.000000 82.599998
vt -206.124680 82.599998
vt 0.000000 0.000000
vt -206.124680 0.000000
vt 3.200000 0.000000
vt 3.200000 82.599998
vt 0.000000 206.124680
vt 3.200000 206.124680
vt 206.124680 0.000000
vt 206.124680 82.599998
s 0
usemtl Material__25
f 831/1361/2719 833/1362/2719 832/1363/2719
f 832/1363/2719 833/1362/2719 834/1364/2719
f 835/1363/2720 831/1365/2720 836/1361/2720
f 836/1361/2720 831/1365/2720 832/1366/2720
f 837/1363/2721 833/1365/2721 835/1367/2721
f 835/1367/2721 833/1365/2721 831/1368/2721
f 838/1363/2722 834/1365/2722 837/1361/2722
f 837/1361/2722 834/1365/2722 833/1366/2722
f 836/1363/2723 832/1365/2723 838/1367/2723
f 838/1367/2723 832/1365/2723 834/1368/2723
f 836/1363/2724 838/1369/2724 835/1361/2724
f 835/1361/2724 838/1369/2724 837/1370/2724
o DoorLeaf2
v -18.650000 2.366999 -19.020769
v -18.650000 0.305752 -19.020769
v -18.355000 2.366999 -19.019945
v -18.355000 0.305752 -19.019943
v -18.650089 2.366999 -18.988771
v -18.650089 0.305752 -18.988770
v -18.355091 2.366999 -18.987944
v -18.355091 0.305752 -18.987944
vn 0.0028 -0.0000 -1.0000
vn -1.0000 -0.0000 -0.0028
vn -0.0000 1.0000 -0.0000
vn 1.0000 -0.0000 0.0029
vn -0.0000 -1.0000 -0.0000
vn -0.0028 -0.0000 1.0000
vt 29.500000 206.124680
vt 0.000000 206.124680
vt 29.500000 0.000000
vt 0.000000 0.000000
vt 3.200000 0.000000
vt 3.200000 206.124680
vt 0.000000 29.500000
vt 3.200000 29.500000
vt -29.500000 0.000000
vt -29.500000 206.124680
s 0
usemtl Material__25
f 839/1371/2725 841/1372/2725 840/1373/2725
f 840/1373/2725 841/1372/2725 842/1374/2725
f 843/1374/2726 839/1375/2726 844/1372/2726
f 844/1372/2726 839/1375/2726 840/1376/2726
f 845/1374/2727 841/1375/2727 843/1377/2727
f 843/1377/2727 841/1375/2727 839/1378/2727
f 846/1374/2728 842/1375/2728 845/1372/2728
f 845/1372/2728 842/1375/2728 841/1376/2728
f 844/1374/2729 840/1375/2729 846/1377/2729
f 846/1377/2729 840/1375/2729 842/1378/2729
f 844/1379/2730 846/1374/2730 843/1380/2730
f 843/1380/2730 846/1374/2730 845/1372/2730
o Floor
v -28.758087 -0.000003 -21.452774
v -28.547894 -0.000003 -21.437199
v -28.547894 0.299997 -21.437199
v -28.758087 0.299997 -21.452774
v -28.748463 0.299998 -18.070745
v -28.748463 -0.000002 -18.070747
v -28.763470 -0.000002 -18.949711
v -28.763470 0.299998 -18.949711
v -32.839275 -0.000002 -12.808623
v -33.225121 -0.000002 -12.819129
v -33.225124 0.299998 -12.819129
v -32.839275 0.299998 -12.808624
v -29.018818 -0.000002 -18.089291
v -29.018421 -0.000002 -18.066143
v -29.018421 0.299998 -18.066139
v -29.018818 0.299998 -18.089287
v -22.552658 0.299997 -21.660717
v -16.582558 0.299997 -21.633480
v -16.583660 0.299997 -21.392376
v -16.883568 0.299998 -18.815821
v -16.478214 0.299997 -21.391895
v -16.461403 0.299998 -18.814636
v -16.899937 0.299998 -12.975460
v -22.586887 0.300000 -0.012161
v -22.555096 0.299997 -21.627800
v -28.546997 0.299997 -21.652718
v -16.614933 0.300000 -0.007176
v -16.599941 0.300000 -0.209494
v -22.678814 0.300000 -0.018973
v -16.501209 0.300000 -2.514507
v -16.494202 0.300000 -0.201658
v -10.701892 0.300000 -2.497473
v 0.000000 0.300000 -0.000000
v 0.022484 0.299999 -8.675634
v 1.626867 0.299999 -12.928212
v 1.659384 0.299999 -8.735659
v -10.583549 0.300000 -0.416164
v -10.594173 0.300000 -0.000000
v -10.717048 0.300000 -0.417137
v -28.399879 0.299998 -11.899773
v -28.409386 0.299998 -9.754777
v -28.991287 0.299998 -11.906135
v -29.014351 0.299998 -9.761283
v -28.418831 0.299999 -8.876723
v -28.778702 0.300000 -0.018999
v -28.734787 0.299998 -8.889073
v -28.427116 0.299998 -12.773863
v -28.547127 0.299998 -19.068970
v -28.759434 0.299998 -19.084705
v -28.552269 0.299998 -18.934059
v -29.235283 0.299998 -12.782556
v -30.708847 0.299998 -18.087982
v -29.242649 0.299998 -12.097288
v -30.701637 0.299998 -16.709488
v -32.858841 0.299998 -12.089884
v -33.199436 0.299998 -16.725904
v -16.501205 -0.000000 -2.514507
v -16.494202 -0.000000 -0.201658
v -22.555092 -0.000003 -21.627800
v -22.552654 -0.000003 -21.660717
v -16.599937 -0.000000 -0.209494
v -28.547127 -0.000002 -19.068974
v -28.759434 -0.000002 -19.084705
v -16.478214 -0.000003 -21.391899
v -16.461403 -0.000002 -18.814640
v -33.199432 -0.000002 -16.725906
v -30.701633 -0.000002 -16.709488
v -28.399879 -0.000002 -11.899773
v -28.427116 -0.000002 -12.773863
v 1.626867 -0.000001 -12.928212
v 1.659384 -0.000001 -8.735659
v -16.883564 -0.000002 -18.815821
v -29.014351 -0.000002 -9.761283
v -28.991287 -0.000002 -11.906135
v -28.552269 -0.000002 -18.934059
v 0.022484 -0.000001 -8.675634
v 0.000000 0.000000 0.000000
v -16.614929 -0.000000 -0.007176
v -10.594173 0.000000 0.000000
v -28.778702 -0.000000 -0.018999
v -22.678814 -0.000000 -0.018974
v -22.586887 -0.000000 -0.012163
v -10.583549 -0.000000 -0.416164
v -10.717048 -0.000000 -0.417137
v -16.899937 -0.000002 -12.975460
v -16.582554 -0.000003 -21.633480
v -16.583656 -0.000003 -21.392376
v -28.734787 -0.000002 -8.889072
v -10.701892 -0.000000 -2.497473
v -28.546997 -0.000003 -21.652721
v -28.409386 -0.000001 -9.754776
v -28.418831 -0.000002 -8.876723
v -29.235283 -0.000002 -12.782556
v -30.708843 -0.000002 -18.087982
v -29.242649 -0.000002 -12.097288
v -32.858841 -0.000002 -12.089884
vn 0.0739 -0.0000 -0.9973
vn -0.9999 -0.0000 0.0171
vn -0.0272 -0.0000 0.9996
vn 0.9999 -0.0000 -0.0171
vn 0.9999 -0.0000 -0.0168
vn -0.0000 1.0000 -0.0000
vn 1.0000 -0.0000 -0.0030
vn -0.9973 -0.0000 -0.0738
vn -0.9973 -0.0000 -0.0739
vn -0.0739 -0.0000 0.9973
vn 1.0000 -0.0000 -0.0065
vn 0.0066 -0.0000 -1.0000
vn -0.9995 -0.0000 0.0311
vn 1.0000 -0.0000 -0.0078
vn -0.0028 -0.0000 1.0000
vn -0.9999 -0.0000 -0.0108
vn -0.9993 -0.0000 -0.0381
vn 1.0000 -0.0000 0.0026
vn 0.9973 -0.0000 0.0739
vn -0.0000 -0.0000 1.0000
vn -0.0009 1.0000 0.0006
vn -0.0739 0.9973 -0.0051
vn -0.0000 -0.0054 1.0000
vn -0.0011 -0.0054 1.0000
vn -0.0731 -0.0228 0.9971
vn 0.0732 -0.0034 0.9973
vn -0.0008 -0.0000 1.0000
vn -0.0003 0.0006 1.0000
vn -0.0010 -0.0000 1.0000
vn -0.0001 -0.0006 1.0000
vn -0.0389 -0.0000 0.9992
vn -0.0000 -1.0000 -0.0000
vn -0.0009 -1.0000 0.0001
vn 0.9993 -0.0000 0.0371
vn -0.0009 -0.0000 1.0000
vn -0.9997 -0.0000 -0.0255
vn -0.0073 -0.0000 1.0000
vn 1.0000 -0.0000 0.0028
vn 0.0366 -0.0000 0.9993
vn 1.0000 -0.0000 0.0046
vn 0.0026 -0.0000 -1.0000
vn -1.0000 -0.0000 -0.0050
vn 0.0045 -0.0000 -1.0000
vn 0.0046 -0.0000 -1.0000
vn 0.0020 -0.0000 1.0000
vn -0.9996 -0.0000 -0.0272
vn -1.0000 -0.0000 -0.0042
vn 0.0108 -0.0000 -0.9999
vn -1.0000 -0.0000 0.0052
vn -0.0170 -0.0000 -0.9999
vn -0.0171 -0.0000 -0.9999
vn -1.0000 -0.0000 -0.0006
vn -1.0000 -0.0000 -0.0066
vn -0.0108 -0.0000 0.9999
vn 0.9999 -0.0000 0.0107
vn 0.0391 -0.0000 -0.9992
vn 0.0042 -0.0000 -1.0000
vn -0.0029 -0.0000 1.0000
vn -1.0000 -0.0000 -0.0073
vn -0.0008 -0.0000 -1.0000
vt 0.000000 0.000000
s 0
usemtl galao
f 847/1381/2731 849/1381/2731 848/1381/2731
f 847/1381/2731 850/1381/2731 849/1381/2731
f 851/1381/2732 853/1381/2732 852/1381/2732
f 851/1381/2732 854/1381/2732 853/1381/2732
f 855/1381/2733 857/1381/2733 856/1381/2733
f 855/1381/2733 858/1381/2733 857/1381/2733
f 859/1381/2734 861/1381/2734 860/1381/2735
f 859/1381/2734 862/1381/2734 861/1381/2734
f 863/1381/2736 865/1381/2736 864/1381/2736
f 865/1381/2736 863/1381/2736 866/1381/2736
f 866/1381/2736 867/1381/2736 865/1381/2736
f 867/1381/2736 866/1381/2736 868/1381/2736
f 866/1381/2736 863/1381/2736 869/1381/2736
f 870/1381/2736 869/1381/2736 863/1381/2736
f 870/1381/2736 863/1381/2736 871/1381/2736
f 870/1381/2736 871/1381/2736 872/1381/2736
f 873/1381/2736 869/1381/2736 870/1381/2736
f 874/1381/2736 869/1381/2736 873/1381/2736
f 870/1381/2736 872/1381/2736 875/1381/2736
f 876/1381/2736 869/1381/2736 874/1381/2736
f 874/1381/2736 877/1381/2736 876/1381/2736
f 878/1381/2736 869/1381/2736 876/1381/2736
f 879/1381/2736 869/1381/2736 878/1381/2736
f 880/1381/2736 869/1381/2736 879/1381/2736
f 880/1381/2736 881/1381/2736 869/1381/2736
f 881/1381/2736 880/1381/2736 882/1381/2736
f 879/1381/2736 878/1381/2736 883/1381/2736
f 884/1381/2736 879/1381/2736 883/1381/2736
f 885/1381/2736 883/1381/2736 878/1381/2736
f 875/1381/2736 872/1381/2736 886/1381/2736
f 887/1381/2736 875/1381/2736 886/1381/2736
f 888/1381/2736 887/1381/2736 886/1381/2736
f 887/1381/2736 888/1381/2736 889/1381/2736
f 890/1381/2736 875/1381/2736 887/1381/2736
f 875/1381/2736 890/1381/2736 891/1381/2736
f 891/1381/2736 890/1381/2736 892/1381/2736
f 886/1381/2736 872/1381/2736 893/1381/2736
f 893/1381/2736 872/1381/2736 894/1381/2736
f 849/1381/2736 894/1381/2736 872/1381/2736
f 894/1381/2736 849/1381/2736 895/1381/2736
f 895/1381/2736 849/1381/2736 850/1381/2736
f 893/1381/2736 894/1381/2736 896/1381/2736
f 893/1381/2736 896/1381/2736 897/1381/2736
f 897/1381/2736 896/1381/2736 851/1381/2736
f 854/1381/2736 851/1381/2736 896/1381/2736
f 897/1381/2736 851/1381/2736 861/1381/2736
f 897/1381/2736 861/1381/2736 862/1381/2736
f 897/1381/2736 862/1381/2736 898/1381/2736
f 897/1381/2736 898/1381/2736 899/1381/2736
f 899/1381/2736 898/1381/2736 900/1381/2736
f 900/1381/2736 901/1381/2736 899/1381/2736
f 901/1381/2736 900/1381/2736 858/1381/2736
f 902/1381/2736 858/1381/2736 900/1381/2736
f 858/1381/2736 902/1381/2736 857/1381/2736
f 876/1381/2737 904/1381/2737 903/1381/2737
f 876/1381/2737 877/1381/2737 904/1381/2737
f 871/1381/2738 906/1381/2738 905/1381/2738
f 871/1381/2739 863/1381/2739 906/1381/2739
f 877/1381/2740 907/1381/2740 904/1381/2740
f 877/1381/2740 874/1381/2740 907/1381/2740
f 894/1381/2740 909/1381/2740 908/1381/2740
f 894/1381/2740 895/1381/2740 909/1381/2740
f 910/1381/2741 868/1381/2741 911/1381/2741
f 910/1381/2741 867/1381/2741 868/1381/2741
f 912/1381/2742 900/1381/2742 913/1381/2742
f 912/1381/2742 902/1381/2742 900/1381/2742
f 914/1381/2743 893/1381/2743 915/1381/2743
f 914/1381/2743 886/1381/2743 893/1381/2743
f 916/1381/2744 882/1381/2744 917/1381/2744
f 916/1381/2744 881/1381/2744 882/1381/2744
f 868/1381/2745 918/1381/2745 911/1381/2745
f 868/1381/2745 866/1381/2745 918/1381/2745
f 889/1381/2746 920/1381/2746 919/1381/2746
f 889/1381/2746 888/1381/2746 920/1381/2746
f 896/1381/2747 908/1381/2747 921/1381/2747
f 896/1381/2747 894/1381/2747 908/1381/2747
f 922/1381/2748 879/1381/2748 923/1381/2748
f 922/1381/2748 880/1381/2748 879/1381/2748
f 874/1381/2749 924/1381/2749 907/1381/2749
f 874/1381/2749 873/1381/2749 924/1381/2749
f 879/1381/2750 925/1381/2750 923/1381/2750
f 879/1381/2750 884/1381/2750 925/1381/2750
f 875/1381/2750 891/1381/2751 870/1381/2752
f 891/1381/2753 924/1381/2754 870/1381/2755
f 870/1381/2756 924/1381/2757 873/1381/2757
f 926/1381/2758 924/1381/2759 891/1381/2760
f 927/1381/2761 924/1381/2762 926/1381/2763
f 924/1381/2736 927/1381/2764 928/1381/2765
f 925/1381/2766 883/1381/2766 929/1381/2766
f 925/1381/2766 884/1381/2766 883/1381/2766
f 883/1381/2767 930/1381/2767 929/1381/2767
f 883/1381/2767 885/1381/2767 930/1381/2767
f 866/1381/2768 931/1381/2768 918/1381/2768
f 866/1381/2768 869/1381/2768 931/1381/2768
f 917/1381/2769 880/1381/2769 922/1381/2769
f 917/1381/2769 882/1381/2769 880/1381/2769
f 864/1381/2770 933/1381/2770 932/1381/2770
f 864/1381/2770 865/1381/2770 933/1381/2770
f 931/1381/2771 881/1381/2771 916/1381/2771
f 931/1381/2771 869/1381/2771 881/1381/2771
f 926/1381/2772 892/1381/2772 934/1381/2772
f 926/1381/2772 891/1381/2772 892/1381/2772
f 925/1381/2762 929/1381/2762 923/1381/2762
f 935/1381/2762 923/1381/2762 929/1381/2762
f 930/1381/2762 935/1381/2762 929/1381/2762
f 931/1381/2762 923/1381/2762 935/1381/2762
f 931/1381/2762 922/1381/2762 923/1381/2762
f 931/1381/2762 935/1381/2762 903/1381/2762
f 916/1381/2762 922/1381/2762 931/1381/2762
f 922/1381/2762 916/1381/2762 917/1381/2762
f 931/1381/2762 903/1381/2762 907/1381/2762
f 907/1381/2762 903/1381/2762 904/1381/2762
f 931/1381/2762 907/1381/2762 924/1381/2762
f 931/1381/2762 924/1381/2762 928/1381/2762
f 931/1381/2762 928/1381/2762 906/1381/2762
f 906/1381/2762 918/1381/2762 931/1381/2762
f 906/1381/2762 928/1381/2762 905/1381/2762
f 905/1381/2762 928/1381/2762 936/1381/2762
f 936/1381/2762 928/1381/2762 927/1381/2762
f 906/1381/2762 933/1381/2762 918/1381/2762
f 933/1381/2762 906/1381/2762 932/1381/2762
f 910/1381/2762 918/1381/2762 933/1381/2762
f 918/1381/2762 910/1381/2762 911/1381/2762
f 936/1381/2762 927/1381/2762 914/1381/2762
f 936/1381/2762 914/1381/2762 915/1381/2762
f 927/1381/2762 937/1381/2762 914/1381/2762
f 937/1381/2762 920/1381/2762 914/1381/2762
f 920/1381/2762 937/1381/2762 919/1381/2762
f 937/1381/2762 927/1381/2762 938/1381/2762
f 938/1381/2762 927/1381/2762 926/1381/2762
f 938/1381/2762 926/1381/2762 934/1381/2762
f 936/1381/2762 915/1381/2762 908/1381/2762
f 908/1381/2762 848/1381/2762 936/1381/2762
f 848/1381/2762 908/1381/2762 909/1381/2762
f 848/1381/2762 909/1381/2762 847/1381/2762
f 908/1381/2762 915/1381/2762 921/1381/2762
f 921/1381/2762 915/1381/2762 939/1381/2762
f 921/1381/2762 939/1381/2762 852/1381/2762
f 853/1381/2762 921/1381/2762 852/1381/2762
f 852/1381/2762 939/1381/2762 860/1381/2762
f 860/1381/2762 939/1381/2762 859/1381/2762
f 859/1381/2762 939/1381/2762 940/1381/2762
f 940/1381/2762 939/1381/2762 941/1381/2762
f 940/1381/2762 941/1381/2762 913/1381/2762
f 942/1381/2762 913/1381/2762 941/1381/2762
f 913/1381/2762 942/1381/2762 855/1381/2762
f 855/1381/2762 912/1381/2762 913/1381/2762
f 912/1381/2762 855/1381/2762 856/1381/2762
f 865/1381/2773 910/1381/2773 933/1381/2773
f 865/1381/2774 867/1381/2774 910/1381/2774
f 899/1381/2775 942/1381/2775 941/1381/2775
f 899/1381/2775 901/1381/2775 942/1381/2775
f 906/1381/2774 864/1381/2774 932/1381/2774
f 906/1381/2774 863/1381/2774 864/1381/2774
f 901/1381/2776 855/1381/2776 942/1381/2776
f 901/1381/2776 858/1381/2776 855/1381/2776
f 849/1381/2777 936/1381/2777 848/1381/2777
f 849/1381/2777 872/1381/2777 936/1381/2777
f 888/1381/2778 914/1381/2778 920/1381/2778
f 888/1381/2778 886/1381/2778 914/1381/2778
f 854/1381/2731 921/1381/2731 853/1381/2731
f 854/1381/2731 896/1381/2731 921/1381/2731
f 900/1381/2779 940/1381/2779 913/1381/2779
f 900/1381/2779 898/1381/2779 940/1381/2779
f 861/1381/2780 852/1381/2780 860/1381/2780
f 861/1381/2781 851/1381/2781 852/1381/2781
f 895/1381/2782 847/1381/2782 909/1381/2782
f 895/1381/2782 850/1381/2782 847/1381/2782
f 856/1381/2783 902/1381/2783 912/1381/2783
f 856/1381/2783 857/1381/2783 902/1381/2783
f 915/1381/2784 897/1381/2784 939/1381/2784
f 915/1381/2784 893/1381/2784 897/1381/2784
f 887/1381/2784 919/1381/2784 937/1381/2784
f 887/1381/2784 889/1381/2784 919/1381/2784
f 939/1381/2785 899/1381/2785 941/1381/2785
f 939/1381/2785 897/1381/2785 899/1381/2785
f 892/1381/2786 938/1381/2786 934/1381/2786
f 892/1381/2786 890/1381/2786 938/1381/2786
f 938/1381/2746 887/1381/2746 937/1381/2746
f 938/1381/2746 890/1381/2746 887/1381/2746
f 872/1381/2787 905/1381/2787 936/1381/2787
f 872/1381/2787 871/1381/2787 905/1381/2787
f 935/1381/2788 876/1381/2788 903/1381/2788
f 935/1381/2788 878/1381/2788 876/1381/2788
f 930/1381/2789 878/1381/2789 935/1381/2789
f 930/1381/2789 885/1381/2789 878/1381/2789
f 898/1381/2790 859/1381/2790 940/1381/2790
f 898/1381/2790 862/1381/2790 859/1381/2790
o LiftUpDoorFrame1
v -32.582581 3.205375 -16.417824
v -29.613592 3.251004 -16.446928
v -32.583187 3.205587 -16.478697
v -29.614195 3.251216 -16.507807
v -32.584320 3.279603 -16.478428
v -29.615330 3.325232 -16.507538
v -32.583725 3.279390 -16.417553
v -29.614729 3.325019 -16.446661
v -32.686897 3.187687 -16.477680
v -32.686234 3.187485 -16.416805
v -32.780148 3.138900 -16.476767
v -32.779423 3.138728 -16.415894
v -32.853989 3.063908 -16.476042
v -32.853222 3.063785 -16.415171
v -32.901337 2.969913 -16.475578
v -32.900536 2.969848 -16.414707
v -32.917641 2.865936 -16.475418
v -32.916832 2.865935 -16.414543
v -32.917641 0.299957 -16.475420
v -32.916828 0.299957 -16.414543
v -32.991657 2.865936 -16.474432
v -32.977837 2.971989 -16.474569
v -32.937290 3.070956 -16.474968
v -32.872726 3.156221 -16.475599
v -32.788471 3.222086 -16.476427
v -32.690144 3.264151 -16.477390
v -32.689484 3.263947 -16.416517
v -32.787762 3.221903 -16.415550
v -32.871979 3.156072 -16.414730
v -32.936508 3.070850 -16.414095
v -32.977036 2.971935 -16.413696
v -32.990852 2.865936 -16.413563
v -32.990849 0.299957 -16.413561
v -32.991657 0.299957 -16.474432
vn 0.0145 -0.9963 -0.0842
vn 0.0161 -0.9969 0.0770
vn 0.0153 -0.9999 -0.0036
vn 0.0959 -0.9954 -0.0028
vn -0.0099 0.0035 -0.9999
vn 0.0478 0.9989 0.0030
vn -0.0153 0.9999 0.0036
vn 0.0475 0.9989 0.0043
vn 0.0475 0.9989 0.0030
vn -0.0153 0.9999 0.0037
vn 0.0099 -0.0035 0.9999
vn 0.1003 -0.9939 -0.0448
vn 0.1700 -0.9854 -0.0051
vn 0.0901 -0.9959 -0.0043
vn 0.4635 -0.8861 -0.0080
vn 0.4635 -0.8860 -0.0080
vn 0.7124 -0.7016 -0.0105
vn 0.7124 -0.7017 -0.0104
vn 0.8930 -0.4499 -0.0122
vn 0.9878 -0.1549 -0.0132
vn 0.9971 -0.0748 -0.0132
vn 0.9960 -0.0856 0.0271
vn 0.9878 -0.1550 -0.0131
vn 0.9956 -0.0000 -0.0938
vn 0.9999 -0.0000 -0.0133
vn 0.9977 -0.0000 0.0673
vn 0.9966 -0.0806 -0.0152
vn -0.0133 0.0004 -0.9999
vn -0.0132 0.0005 -0.9999
vn -0.0131 0.0014 -0.9999
vn -0.0128 0.0015 -0.9999
vn -0.0127 0.0022 -0.9999
vn -0.0122 0.0023 -0.9999
vn -0.0121 0.0029 -0.9999
vn -0.0113 0.0029 -0.9999
vn -0.0112 0.0033 -0.9999
vn -0.0104 0.0034 -0.9999
vn -0.0103 0.0035 -0.9999
vn -0.1435 0.9873 0.0677
vn -0.1444 0.9895 0.0049
vn -0.1448 0.9878 -0.0582
vn -0.1445 0.9895 0.0049
vn -0.1978 0.9796 0.0365
vn -0.3932 0.9194 0.0073
vn -0.3933 0.9194 0.0073
vn -0.6158 0.7878 0.0095
vn -0.6158 0.7879 0.0095
vn -0.7972 0.6037 0.0113
vn -0.9253 0.3791 0.0125
vn -0.9915 0.1293 0.0132
vn -0.9829 0.1831 -0.0182
vn -0.9887 0.1290 0.0759
vn -0.9904 0.1288 -0.0498
vn -0.9915 0.1293 0.0131
vn -0.9979 -0.0628 0.0147
vn -0.9999 -0.0000 0.0132
vn -0.9979 -0.0629 0.0133
vn -0.9999 -0.0000 0.0133
vn -0.9979 -0.0628 0.0133
vn 0.0132 -0.0005 0.9999
vn 0.0132 -0.0014 0.9999
vn 0.0128 -0.0015 0.9999
vn 0.0127 -0.0022 0.9999
vn 0.0121 -0.0023 0.9999
vn 0.0120 -0.0029 0.9999
vn 0.0114 -0.0030 0.9999
vn 0.0112 -0.0033 0.9999
vn 0.0104 -0.0033 0.9999
vn 0.0103 -0.0035 0.9999
vn 0.0133 -0.0000 0.9999
vn -0.0133 -0.0000 -0.9999
vn 0.9998 0.0154 -0.0098
vn 0.9998 0.0153 -0.0098
vn -0.0000 -1.0000 -0.0000
vt -0.509369 -6.066561
vt 0.000000 0.000000
vt -296.416656 18.778797
vt -295.907288 24.845360
vt -0.113745 -7.401615
vt -297.027191 -2.838753
vt -296.913452 4.562863
vt 295.907288 24.845360
vt -0.509369 6.066561
vt 295.397919 30.911921
vt 296.913452 4.562863
vt -0.113745 7.401615
vt 296.799713 11.964478
vt -6.087908 52.820164
vt 0.000000 42.256134
vt 0.000000 52.820164
vt -6.087908 42.256134
vt 0.000000 31.692099
vt -6.087908 31.692099
vt 0.000000 21.128067
vt -6.087908 21.128067
vt 0.000000 10.564034
vt -6.087908 10.564034
vt -6.087908 -0.000000
vt 0.000000 -256.597931
vt -6.087908 -256.597931
vt -0.000000 -118.345085
vt 0.000000 -128.110703
vt 7.402489 -118.345085
vt 7.402489 -130.063812
vt 0.000000 -137.876312
vt 7.402489 -141.782562
vt 0.000000 -147.641922
vt 7.402489 -153.501297
vt 0.000000 -157.407532
vt 7.402489 -165.220032
vt 0.000000 -167.173157
vt 7.402489 -176.938766
vt 0.000000 -176.938766
vt -6.087908 64.334152
vt 0.000000 53.611790
vt -0.000000 64.334152
vt -6.087908 53.611790
vt -0.000000 42.889431
vt -6.087908 42.889431
vt 0.000000 32.167076
vt -6.087908 32.167076
vt 0.000000 21.444715
vt -6.087908 21.444715
vt 0.000000 10.722358
vt -6.087908 10.722358
vt 7.402489 -118.278320
vt -0.000000 -118.278320
vt 7.402489 -128.038422
vt 0.000000 -129.990448
vt 7.402489 -137.798538
vt -0.000000 -141.702576
vt 7.402489 -147.558640
vt -0.000000 -153.414703
vt 7.402489 -157.318741
vt 0.000000 -165.126831
vt 7.402489 -167.078842
vt 0.000000 -176.838943
vt 7.402489 -176.838943
vt -7.402489 -256.597931
vt -7.402489 0.000000
vt -1583.611450 177.857040
vt -1576.237183 178.502197
vt -1584.142090 183.921768
vt -1576.767700 184.566940
vt 1583.611450 177.857040
vt 1584.142090 183.921768
vt 1576.237183 178.502197
vt 1576.767700 184.566940
s 0
usemtl Material__27_1
f 943/1382/2791 945/1383/2792 944/1384/2793
f 944/1384/2793 945/1383/2794 946/1385/2793
f 945/1386/2795 947/1383/2795 946/1387/2795
f 946/1387/2795 947/1383/2795 948/1388/2795
f 949/1383/2796 950/1389/2797 947/1390/2798
f 947/1390/2799 950/1389/2800 948/1391/2800
f 943/1383/2801 944/1392/2801 949/1393/2801
f 949/1393/2801 944/1392/2801 950/1394/2801
f 943/1395/2802 951/1396/2803 945/1397/2804
f 952/1398/2803 951/1396/2803 943/1395/2804
f 952/1398/2805 953/1399/2805 951/1396/2805
f 954/1400/2806 953/1399/2806 952/1398/2806
f 954/1400/2807 955/1401/2807 953/1399/2807
f 956/1402/2808 955/1401/2808 954/1400/2808
f 956/1402/2809 957/1403/2809 955/1401/2809
f 958/1404/2809 957/1403/2809 956/1402/2809
f 958/1404/2810 959/1383/2811 957/1403/2810
f 960/1405/2811 959/1383/2812 958/1404/2813
f 960/1405/2814 961/1406/2815 959/1383/2816
f 962/1407/2815 961/1406/2815 960/1405/2817
f 963/1408/2818 964/1409/2818 959/1410/2818
f 959/1410/2819 964/1409/2819 957/1411/2819
f 957/1411/2820 964/1409/2820 965/1412/2820
f 957/1411/2821 965/1412/2821 955/1413/2821
f 955/1413/2822 965/1412/2822 966/1414/2822
f 955/1413/2823 966/1414/2823 953/1415/2823
f 953/1415/2824 966/1414/2824 967/1416/2824
f 953/1415/2825 967/1416/2825 951/1417/2825
f 951/1417/2826 967/1416/2826 968/1418/2826
f 951/1417/2827 968/1418/2827 945/1419/2827
f 945/1419/2828 968/1418/2828 947/1420/2828
f 947/1421/2829 969/1422/2830 949/1423/2831
f 968/1424/2832 969/1422/2832 947/1421/2833
f 968/1424/2834 970/1425/2834 969/1422/2834
f 967/1426/2835 970/1425/2835 968/1424/2835
f 967/1426/2836 971/1427/2836 970/1425/2836
f 966/1428/2837 971/1427/2837 967/1426/2837
f 966/1428/2838 972/1429/2838 971/1427/2838
f 965/1430/2838 972/1429/2838 966/1428/2838
f 965/1430/2839 973/1431/2839 972/1429/2839
f 964/1432/2839 973/1431/2839 965/1430/2839
f 964/1432/2840 974/1383/2841 973/1431/2840
f 963/1405/2842 974/1383/2843 964/1432/2844
f 963/1405/2845 975/1406/2846 974/1383/2847
f 976/1407/2848 975/1406/2848 963/1405/2849
f 974/1433/2850 960/1434/2850 973/1435/2850
f 973/1435/2850 960/1434/2850 958/1436/2850
f 973/1435/2851 958/1436/2851 972/1437/2851
f 972/1437/2852 958/1436/2852 956/1438/2852
f 972/1437/2853 956/1438/2853 971/1439/2853
f 971/1439/2854 956/1438/2854 954/1440/2854
f 971/1439/2855 954/1440/2855 970/1441/2855
f 970/1441/2856 954/1440/2856 952/1442/2856
f 970/1441/2857 952/1442/2857 969/1443/2857
f 969/1443/2858 952/1442/2858 943/1444/2858
f 969/1443/2859 943/1444/2859 949/1445/2859
f 975/1446/2860 962/1406/2860 974/1447/2860
f 974/1447/2860 962/1406/2860 960/1383/2860
f 961/1446/2861 976/1406/2861 959/1447/2861
f 959/1447/2861 976/1406/2861 963/1383/2861
f 950/1448/2862 944/1449/2862 948/1450/2862
f 948/1450/2863 944/1449/2863 946/1451/2863
f 975/1452/2864 976/1453/2864 962/1454/2864
f 962/1454/2864 976/1453/2864 961/1455/2864
o LiftUpDoorFrame1_001
v -33.020138 2.865936 -13.176878
v -32.929821 2.969847 -13.178023
v -32.946114 2.865936 -13.177862
v -32.718773 3.263947 -13.179833
v -29.644012 3.325018 -13.209977
v -29.642876 3.251004 -13.210245
v -32.613003 3.279389 -13.180868
v -32.946926 2.865936 -13.238734
v -33.007118 2.971989 -13.237886
v -33.020947 2.865935 -13.237751
v -29.643476 3.251216 -13.271122
v -32.719429 3.264151 -13.240706
v -32.817753 3.222087 -13.239744
v -33.020943 0.299957 -13.237751
v -33.020134 0.299957 -13.176879
v -32.946110 0.299957 -13.177862
v -32.946922 0.299957 -13.238736
v -32.612473 3.205586 -13.242015
v -32.611866 3.205374 -13.181140
v -32.613605 3.279603 -13.241744
v -32.817047 3.221903 -13.178866
v -32.902008 3.156220 -13.238916
v -32.901268 3.156072 -13.178045
v -32.966572 3.070956 -13.238283
v -32.965794 3.070850 -13.177411
v -33.006317 2.971934 -13.177012
v -29.644613 3.325232 -13.270851
v -32.882504 3.063785 -13.178488
v -32.808708 3.138728 -13.179210
v -32.715511 3.187485 -13.180122
v -32.930622 2.969912 -13.238894
v -32.883278 3.063909 -13.239359
v -32.809425 3.138899 -13.240083
v -32.716179 3.187687 -13.240998
vn 0.0133 -0.0005 0.9999
vn 0.0131 -0.0034 0.9999
vn 0.0099 -0.0035 0.9999
vn 0.0131 0.0001 0.9999
vn 0.0098 -0.0002 1.0000
vn 0.0101 -0.0034 0.9999
vn -0.0133 0.0005 -0.9999
vn -0.0099 0.0002 -1.0000
vn -0.0104 -0.0000 -0.9999
vn -0.0105 0.0033 -0.9999
vn -0.0000 -1.0000 -0.0000
vn 0.0161 -0.9969 0.0771
vn 0.0153 -0.9999 -0.0036
vn 0.0145 -0.9964 -0.0839
vn 0.0960 -0.9954 -0.0028
vn -0.1444 0.9895 0.0049
vn -0.1448 0.9878 -0.0581
vn -0.1435 0.9873 0.0676
vn -0.1986 0.9797 -0.0257
vn -0.3933 0.9194 0.0073
vn -0.6158 0.7879 0.0095
vn -0.6158 0.7879 0.0094
vn -0.7971 0.6037 0.0112
vn -0.7972 0.6036 0.0112
vn -0.9253 0.3791 0.0125
vn -0.9821 0.1832 0.0441
vn -0.9915 0.1293 0.0132
vn -0.9887 0.1290 0.0759
vn -0.9904 0.1290 -0.0496
vn -0.9999 -0.0000 0.0133
vn -0.9980 -0.0627 0.0118
vn -0.9979 -0.0628 0.0133
vn -0.0153 0.9999 0.0037
vn 0.0474 0.9989 0.0043
vn 0.0476 0.9989 0.0030
vn 0.0474 0.9989 0.0030
vn 0.9998 0.0154 -0.0098
vn 0.0133 -0.0000 0.9999
vn 0.0132 -0.0005 0.9999
vn 0.0132 -0.0017 0.9999
vn 0.0128 -0.0012 0.9999
vn 0.0127 -0.0029 0.9999
vn 0.0121 -0.0032 0.9999
vn 0.0122 -0.0018 0.9999
vn 0.0116 -0.0019 0.9999
vn 0.0119 -0.0039 0.9999
vn 0.0119 -0.0033 0.9999
vn 0.0107 -0.0043 0.9999
vn 0.0116 -0.0023 0.9999
vn 0.0104 -0.0022 0.9999
vn 0.0117 -0.0027 0.9999
vn 0.0110 -0.0051 0.9999
vn 0.0111 -0.0038 0.9999
vn 0.0015 -0.0053 1.0000
vn 0.0103 -0.0133 0.9999
vn 0.0111 -0.0042 0.9999
vn 0.0100 -0.0133 0.9999
vn 0.0102 -0.0000 0.9999
vn 0.0099 -0.0001 1.0000
vn 0.0105 -0.0033 0.9999
vn 0.9999 -0.0000 -0.0133
vn 0.9967 -0.0805 -0.0114
vn 0.9977 -0.0000 0.0672
vn 0.9956 -0.0001 -0.0937
vn 0.9949 -0.0856 -0.0536
vn 0.9971 -0.0748 -0.0133
vn 0.9878 -0.1549 -0.0132
vn 0.9971 -0.0749 -0.0133
vn 0.8930 -0.4499 -0.0122
vn 0.8930 -0.4499 -0.0123
vn 0.7124 -0.7017 -0.0105
vn 0.7125 -0.7016 -0.0104
vn 0.4635 -0.8861 -0.0080
vn 0.1700 -0.9854 -0.0051
vn 0.0900 -0.9959 -0.0044
vn 0.1011 -0.9942 0.0360
vn 0.0904 -0.9959 -0.0043
vn -0.0133 -0.0000 -0.9999
vn -0.0132 0.0005 -0.9999
vn -0.0129 0.0003 -0.9999
vn -0.0133 0.0014 -0.9999
vn -0.0131 0.0017 -0.9999
vn -0.0128 0.0012 -0.9999
vn -0.0127 0.0028 -0.9999
vn -0.0119 0.0027 -0.9999
vn -0.0116 0.0014 -0.9999
vn -0.0122 0.0019 -0.9999
vn -0.0121 0.0032 -0.9999
vn -0.0118 0.0039 -0.9999
vn -0.0107 0.0035 -0.9999
vn -0.0107 0.0014 -0.9999
vn -0.0116 0.0022 -0.9999
vn -0.0118 0.0028 -0.9999
vn -0.0113 0.0039 -0.9999
vn -0.0112 0.0049 -0.9999
vn -0.0017 0.0036 -1.0000
vn -0.0113 0.0041 -0.9999
vn -0.0106 0.0130 -0.9999
vn -0.0100 0.0131 -0.9999
vn -0.0099 0.0035 -0.9999
vn -0.0130 0.0036 -0.9999
vn -0.0098 -0.0000 -1.0000
vn -0.0130 -0.0002 -0.9999
vn -0.0101 0.0035 -0.9999
vt -7.402489 0.000000
vt 0.000000 -118.278320
vt 0.000000 -129.990448
vt 7.402489 -167.078842
vt 296.913452 4.562863
vt 296.799713 11.964478
vt 7.402489 -176.838943
vt 0.000000 -118.345085
vt 0.000000 -128.110703
vt -297.027191 -2.838753
vt 0.000000 -157.407532
vt 0.000000 -167.173157
vt 1584.141968 183.921768
vt 1576.237061 178.502197
vt 1583.611450 177.857040
vt 1576.767700 184.566940
vt 0.000000 0.000000
vt -296.416656 18.778797
vt -0.509369 -6.066561
vt -295.907288 24.845360
vt -6.087908 53.611790
vt -0.000000 64.334152
vt -6.087908 64.334152
vt 0.000000 53.611790
vt -6.087908 42.889431
vt 0.000000 42.889431
vt -6.087908 32.167076
vt -0.000000 32.167076
vt -6.087908 21.444715
vt -0.000000 21.444715
vt -6.087908 10.722358
vt 0.000000 10.722358
vt -6.087908 -0.000000
vt -6.087908 -256.597931
vt 0.000000 -256.597931
vt 295.907288 24.845358
vt -0.509369 6.066561
vt 295.397919 30.911921
vt -1576.237183 178.502197
vt -1584.142090 183.921768
vt -1583.611450 177.857040
vt -1576.767700 184.566940
vt -7.402489 -256.597931
vt 7.402489 -128.038422
vt 0.000000 -141.702576
vt 7.402489 -137.798538
vt 0.000000 -153.414703
vt 7.402489 -147.558640
vt -0.000000 -165.126831
vt 7.402489 -157.318741
vt -0.000000 10.564034
vt -6.087908 10.564034
vt 0.000000 21.128067
vt -6.087908 21.128067
vt 0.000000 31.692099
vt -6.087908 31.692099
vt 0.000000 42.256134
vt -6.087908 42.256134
vt 0.000000 52.820164
vt -6.087908 52.820164
vt 7.402489 -130.063812
vt 7.402489 -141.782562
vt 0.000000 -137.876312
vt 7.402489 -153.501297
vt 0.000000 -147.641922
vt 7.402489 -165.220032
vt 7.402489 -176.938766
vt -296.913452 4.562863
s 0
usemtl Material__27_1
f 977/1456/2865 979/1457/2865 978/1458/2865
f 980/1459/2866 982/1460/2867 981/1461/2867
f 980/1459/2868 981/1461/2869 983/1462/2870
f 984/1456/2871 986/1463/2871 985/1464/2871
f 987/1465/2872 989/1466/2873 988/1467/2874
f 990/1468/2875 992/1469/2875 991/1470/2875
f 990/1468/2875 993/1471/2875 992/1469/2875
f 994/1472/2876 982/1473/2877 995/1474/2878
f 994/1472/2879 987/1475/2877 982/1473/2877
f 988/1476/2880 983/1477/2881 996/1478/2882
f 988/1476/2880 980/1479/2880 983/1477/2883
f 989/1480/2884 980/1479/2884 988/1476/2884
f 989/1480/2884 997/1481/2884 980/1479/2884
f 998/1482/2885 997/1481/2885 989/1480/2885
f 998/1482/2886 999/1483/2886 997/1481/2886
f 1000/1484/2887 999/1483/2887 998/1482/2887
f 1000/1484/2888 1001/1485/2888 999/1483/2888
f 985/1486/2889 1001/1485/2889 1000/1484/2889
f 985/1486/2889 1002/1487/2889 1001/1485/2889
f 986/1488/2890 1002/1487/2891 985/1486/2891
f 986/1488/2892 977/1472/2893 1002/1487/2891
f 990/1489/2894 977/1472/2895 986/1488/2896
f 990/1489/2894 991/1490/2894 977/1472/2896
f 981/1491/2897 996/1492/2898 983/1472/2899
f 981/1491/2897 1003/1493/2897 996/1492/2900
f 982/1494/2901 1003/1495/2901 981/1496/2901
f 982/1494/2901 987/1497/2901 1003/1495/2901
f 979/1457/2902 991/1498/2902 992/1490/2902
f 991/1498/2902 979/1457/2902 977/1456/2902
f 977/1456/2903 978/1458/2903 1002/1499/2903
f 1002/1499/2904 978/1458/2904 1004/1500/2904
f 1002/1499/2905 1004/1500/2905 1001/1501/2905
f 1001/1501/2906 1004/1500/2906 1005/1502/2907
f 1001/1501/2908 1005/1502/2909 999/1503/2908
f 999/1503/2910 1005/1502/2911 1006/1504/2912
f 999/1503/2913 1006/1504/2914 997/1505/2915
f 997/1505/2916 1006/1504/2917 995/1472/2918
f 997/1505/2919 995/1472/2920 982/1460/2921
f 997/1505/2922 982/1460/2923 980/1459/2924
f 992/1489/2925 993/1490/2925 984/1472/2926
f 992/1489/2925 984/1472/2927 979/1488/2928
f 979/1488/2929 984/1472/2930 1007/1506/2931
f 979/1488/2932 1007/1506/2931 978/1507/2931
f 978/1507/2933 1007/1506/2933 1008/1508/2933
f 978/1507/2934 1008/1508/2934 1004/1509/2934
f 1004/1509/2935 1008/1508/2935 1009/1510/2935
f 1004/1509/2936 1009/1510/2936 1005/1511/2936
f 1005/1511/2937 1009/1510/2937 1010/1512/2937
f 1005/1511/2937 1010/1512/2937 1006/1513/2937
f 1006/1513/2938 1010/1512/2938 994/1514/2939
f 1006/1513/2938 994/1514/2940 995/1515/2941
f 986/1463/2942 993/1498/2942 990/1490/2942
f 993/1498/2942 986/1463/2942 984/1456/2942
f 984/1456/2943 985/1464/2943 1007/1516/2944
f 1007/1516/2945 985/1464/2946 1008/1517/2946
f 1008/1517/2947 985/1464/2947 1000/1518/2947
f 1008/1517/2948 1000/1518/2948 1009/1519/2949
f 1009/1519/2950 1000/1518/2951 998/1520/2951
f 1009/1519/2952 998/1520/2953 1010/1521/2954
f 1010/1521/2955 998/1520/2956 989/1466/2957
f 1010/1521/2958 989/1466/2959 994/1522/2960
f 994/1522/2961 989/1466/2962 987/1465/2963
f 987/1465/2964 988/1467/2965 1003/1523/2964
f 1003/1523/2966 988/1467/2967 996/1472/2968
o LiftUpDoorFrame2
v -28.427000 0.280001 -3.706133
v -28.427668 0.280001 -3.756450
v -28.427668 6.030000 -3.756451
v -28.427000 6.030001 -3.706133
v -28.447819 0.280001 -3.705856
v -28.447819 6.030001 -3.705858
v -28.448488 0.280001 -3.756172
v -28.448488 6.030001 -3.756173
v -28.468487 6.030001 -3.755908
v -28.468487 0.260001 -3.755907
v -28.407673 0.260001 -3.756715
v -28.407673 6.030001 -3.756716
v -28.406736 6.030001 -3.686401
v -28.467552 6.030001 -3.685593
v -28.467552 0.260001 -3.685593
v -28.406736 0.260001 -3.686401
v -28.468487 0.310001 -3.755907
v -28.573479 0.310001 -3.754512
v -28.467552 0.310001 -3.685593
v -28.572546 0.310001 -3.684196
v -28.468487 3.670001 -3.755908
v -28.573475 3.670001 -3.754512
v -28.467552 3.670001 -3.685593
v -28.572542 3.670001 -3.684197
vn -0.9999 -0.0000 0.0133
vn -0.0133 -0.0000 -0.9999
vn -0.0132 -0.0000 -0.9999
vn -0.0133 -0.0001 -0.9999
vn 0.9999 -0.0000 -0.0133
vn -0.0000 1.0000 -0.0000
vn 0.0133 -0.0000 0.9999
vn -0.0000 -1.0000 -0.0000
vt -2.000000 -575.000000
vt -7.032127 0.000000
vt -7.032127 -575.000000
vt -2.000000 0.000000
vt -4.082237 0.000000
vt -4.082237 -575.000000
vt 4.082237 -575.000000
vt 6.082237 0.000000
vt 4.082237 0.000000
vt 6.082237 -577.000000
vt 0.000000 -577.000000
vt 2.000000 -575.000000
vt 0.000000 0.000000
vt 2.000000 0.000000
vt 0.000000 -575.000000
vt -5.032127 0.000000
vt -5.032127 -575.000000
vt -1055.999756 -727.668945
vt -1055.561279 -732.681946
vt -1054.007446 -727.494629
vt -1053.394531 -734.500000
vt -1059.453613 -735.030090
vt -1057.635498 -732.863403
vt -1058.074097 -727.850403
vt -1060.066528 -728.024719
vt 7.032127 -577.000000
vt 7.032127 0.000000
vt -1055.561157 -732.681946
vt 1054.007446 -727.494629
vt 1059.453613 -735.030090
vt 1060.066528 -728.024719
vt 1053.394531 -734.500000
vt 1070.526489 -728.939880
vt 1069.913696 -735.945251
vt 0.000000 -336.000000
vt 10.500000 -336.000000
vt 10.500000 0.000000
vt 7.032127 -336.000000
vt -1069.913696 -735.945251
vt -1070.526489 -728.939880
s 0
usemtl Material__27_1
f 1011/1524/2969 1013/1525/2969 1012/1526/2969
f 1011/1524/2969 1014/1527/2969 1013/1525/2969
f 1015/1524/2970 1014/1528/2970 1011/1529/2970
f 1015/1524/2970 1016/1527/2970 1014/1528/2970
f 1017/1530/2971 1019/1531/2971 1018/1532/2971
f 1017/1530/2970 1020/1533/2970 1019/1531/2970
f 1020/1533/2970 1017/1530/2970 1021/1534/2970
f 1012/1535/2972 1021/1534/2972 1017/1530/2972
f 1021/1534/2970 1012/1535/2970 1022/1536/2970
f 1022/1536/2971 1012/1535/2971 1013/1537/2971
f 1017/1538/2973 1016/1539/2973 1015/1540/2973
f 1017/1538/2973 1018/1536/2973 1016/1539/2973
f 1013/1541/2974 1014/1542/2974 1022/1543/2974
f 1014/1542/2974 1023/1544/2974 1022/1543/2974
f 1023/1544/2974 1014/1542/2974 1024/1545/2974
f 1024/1545/2974 1014/1542/2974 1016/1546/2974
f 1024/1545/2974 1016/1546/2974 1018/1547/2974
f 1024/1545/2974 1018/1547/2974 1019/1548/2974
f 1025/1549/2969 1019/1536/2969 1020/1534/2969
f 1025/1549/2969 1024/1550/2969 1019/1536/2969
f 1026/1533/2975 1024/1536/2975 1025/1534/2975
f 1026/1533/2975 1023/1531/2975 1024/1536/2975
f 1015/1546/2974 1012/1541/2974 1017/1547/2974
f 1015/1546/2974 1011/1551/2974 1012/1541/2974
f 1021/1552/2976 1025/1553/2976 1020/1554/2976
f 1021/1552/2976 1026/1555/2976 1025/1553/2976
f 1021/1549/2973 1023/1536/2973 1026/1534/2973
f 1021/1549/2973 1022/1550/2973 1023/1536/2973
f 1027/1554/2976 1029/1553/2976 1028/1556/2976
f 1028/1556/2976 1029/1553/2976 1030/1557/2976
f 1027/1558/2970 1028/1559/2970 1031/1536/2970
f 1031/1536/2970 1028/1559/2970 1032/1560/2970
f 1029/1558/2973 1027/1561/2973 1033/1536/2973
f 1033/1536/2973 1027/1561/2973 1031/1550/2973
f 1028/1558/2969 1030/1561/2969 1032/1536/2969
f 1032/1536/2969 1030/1561/2969 1034/1550/2969
f 1034/1562/2974 1033/1545/2974 1032/1563/2974
f 1032/1563/2974 1033/1545/2974 1031/1548/2974
f 1030/1558/2975 1029/1559/2975 1034/1536/2975
f 1034/1536/2975 1029/1559/2975 1033/1560/2975
o LiftUpDoorFrame2_001
v -28.460117 0.260000 -6.951179
v -28.460117 6.030001 -6.951180
v -28.459185 0.260000 -6.880864
v -28.459185 6.030001 -6.880866
v -28.418364 6.030001 -6.881409
v -28.398369 6.030001 -6.881672
v -28.418364 0.280001 -6.881407
v -28.398369 0.260000 -6.881673
v -28.439182 0.280001 -6.881130
v -28.439182 6.030001 -6.881131
v -28.399302 0.260000 -6.951988
v -28.399302 6.030001 -6.951989
v -28.439856 6.030001 -6.931448
v -28.419035 6.030001 -6.931725
v -28.439856 0.280000 -6.931447
v -28.419035 0.280000 -6.931724
v -28.460117 0.310000 -6.951179
v -28.550112 0.310000 -6.949983
v -28.459185 0.310000 -6.880864
v -28.549175 0.310000 -6.879667
v -28.460117 3.670000 -6.951180
v -28.550112 3.670000 -6.949984
v -28.459185 3.670000 -6.880866
v -28.549175 3.670000 -6.879669
vn -0.9999 -0.0000 0.0133
vn 0.0131 -0.0000 0.9999
vn 0.0133 -0.0000 0.9999
vn 0.0132 -0.0000 0.9999
vn 0.9999 -0.0000 -0.0133
vn -0.0133 -0.0000 -0.9999
vn -0.0000 1.0000 -0.0000
vn -0.0000 -1.0000 -0.0000
vn 0.9999 -0.0000 -0.0134
vt 0.000000 -577.000000
vt 7.032127 -577.000000
vt 0.000000 0.000000
vt 7.032127 0.000000
vt 4.082237 0.000000
vt 4.082237 -575.000000
vt 6.082237 0.000000
vt 6.082237 -577.000000
vt 2.000000 -575.000000
vt 2.000000 0.000000
vt -1080.241089 -416.140442
vt -1080.679688 -411.127472
vt -1082.233521 -416.314758
vt -1082.846436 -409.309387
vt -1076.787354 -408.779297
vt -1078.605347 -410.945984
vt -1076.174438 -415.784668
vt -1078.166870 -415.958954
vt 1082.846436 -409.309387
vt 1076.787354 -408.779297
vt 1082.233521 -416.314758
vt 1076.174438 -415.784668
vt -7.032127 -575.000000
vt -2.000000 -575.000000
vt -7.032127 0.000000
vt -2.000000 0.000000
vt -5.032127 -575.000000
vt 0.000000 -575.000000
vt -5.032127 0.000000
vt -4.082237 -575.000000
vt -4.082237 0.000000
vt 1091.812134 -410.093781
vt 1091.199219 -417.099152
vt 0.000000 -336.000000
vt 9.000000 -336.000000
vt 9.000000 0.000000
vt 7.032127 -336.000000
vt -1091.199219 -417.099152
vt -1091.812134 -410.093781
s 0
usemtl Material__27_1
f 1035/1564/2977 1037/1565/2977 1036/1566/2977
f 1036/1566/2977 1037/1565/2977 1038/1567/2977
f 1039/1568/2978 1041/1569/2978 1040/1570/2978
f 1040/1570/2979 1041/1569/2979 1042/1571/2979
f 1042/1571/2980 1041/1569/2980 1043/1572/2980
f 1042/1571/2979 1043/1572/2979 1037/1564/2979
f 1037/1564/2979 1043/1572/2979 1038/1566/2979
f 1038/1566/2979 1043/1572/2979 1044/1573/2979
f 1042/1564/2981 1045/1565/2981 1040/1566/2981
f 1040/1566/2981 1045/1565/2981 1046/1567/2981
f 1045/1564/2982 1035/1571/2982 1046/1566/2982
f 1046/1566/2982 1035/1571/2982 1036/1570/2982
f 1044/1574/2983 1047/1575/2983 1038/1576/2983
f 1038/1576/2983 1047/1575/2983 1036/1577/2983
f 1036/1577/2983 1047/1575/2983 1046/1578/2983
f 1046/1578/2983 1047/1575/2983 1048/1579/2983
f 1046/1578/2983 1048/1579/2983 1040/1580/2983
f 1040/1580/2983 1048/1579/2983 1039/1581/2983
f 1035/1582/2984 1045/1583/2984 1037/1584/2984
f 1037/1584/2984 1045/1583/2984 1042/1585/2984
f 1043/1586/2985 1049/1587/2985 1044/1588/2985
f 1044/1588/2985 1049/1587/2985 1047/1589/2985
f 1050/1590/2977 1041/1591/2977 1048/1592/2977
f 1048/1592/2977 1041/1591/2977 1039/1566/2977
f 1049/1593/2979 1050/1587/2979 1047/1594/2979
f 1047/1594/2979 1050/1587/2979 1048/1589/2979
f 1049/1575/2983 1043/1574/2983 1050/1579/2983
f 1050/1579/2983 1043/1574/2983 1041/1581/2983
f 1051/1582/2984 1053/1584/2984 1052/1595/2984
f 1052/1595/2984 1053/1584/2984 1054/1596/2984
f 1051/1597/2982 1052/1598/2982 1055/1566/2982
f 1055/1566/2982 1052/1598/2982 1056/1599/2982
f 1053/1597/2981 1051/1600/2981 1057/1566/2981
f 1057/1566/2981 1051/1600/2981 1055/1567/2981
f 1052/1597/2977 1054/1600/2977 1056/1566/2977
f 1056/1566/2977 1054/1600/2977 1058/1567/2977
f 1058/1601/2983 1057/1576/2983 1056/1602/2983
f 1056/1602/2983 1057/1576/2983 1055/1577/2983
f 1054/1597/2979 1053/1598/2979 1058/1566/2979
f 1058/1566/2979 1053/1598/2979 1057/1599/2979
o RoundedPosts
v -0.061911 0.299999 -9.780907
v 0.009050 0.299999 -9.796152
v 0.009050 3.007566 -9.796152
v -0.061911 3.007565 -9.780908
v -0.125702 0.299999 -9.746287
v -0.125702 3.007566 -9.746288
v -0.177155 0.299999 -9.695096
v -0.177155 3.007565 -9.695096
v -0.212104 0.299999 -9.631484
v -0.212104 3.007565 -9.631484
v -0.227712 0.299999 -9.560602
v -0.227712 3.007565 -9.560602
v -0.222722 0.299998 -9.488194
v -0.222722 3.007566 -9.488194
v -0.197533 0.299999 -9.420123
v -0.197533 3.007566 -9.420124
v -0.154188 0.299999 -9.361909
v -0.154188 3.007566 -9.361910
v -0.096196 0.299999 -9.318263
v -0.096196 3.007565 -9.318263
v -0.028256 0.299999 -9.292724
v -0.028256 3.007566 -9.292724
v 0.044125 0.299999 -9.287360
v 0.044125 3.007566 -9.287361
v 0.115087 0.299999 -9.302607
v 0.115087 3.007565 -9.302607
v 0.178880 0.299999 -9.337226
v 0.178880 3.007565 -9.337226
v 0.230333 0.299999 -9.388416
v 0.230333 3.007565 -9.388416
v 0.265281 0.299999 -9.452028
v 0.265281 3.007566 -9.452028
v 0.280891 0.299999 -9.522910
v 0.280891 3.007566 -9.522911
v 0.275900 0.299999 -9.595319
v 0.275900 3.007565 -9.595319
v 0.250710 0.299999 -9.663388
v 0.250710 3.007566 -9.663389
v 0.207365 0.299999 -9.721604
v 0.207365 3.007566 -9.721604
v 0.149373 0.299999 -9.765249
v 0.149373 3.007565 -9.765250
v 0.081433 0.299999 -9.790789
v 0.081433 3.007565 -9.790789
v -0.057186 0.299999 -12.280630
v 0.013776 0.299999 -12.295876
v 0.013776 3.007565 -12.295877
v -0.057186 3.007565 -12.280630
v -0.120977 0.299999 -12.246010
v -0.120977 3.007565 -12.246010
v -0.172431 0.299999 -12.194819
v -0.172431 3.007566 -12.194820
v -0.207379 0.299999 -12.131207
v -0.207379 3.007566 -12.131207
v -0.222987 0.299999 -12.060324
v -0.222987 3.007566 -12.060325
v -0.217998 0.299999 -11.987918
v -0.217998 3.007566 -11.987918
v -0.192808 0.299999 -11.919845
v -0.192808 3.007566 -11.919847
v -0.149463 0.299999 -11.861632
v -0.149463 3.007566 -11.861632
v -0.091471 0.299999 -11.817987
v -0.091471 3.007566 -11.817987
v -0.023533 0.299999 -11.792446
v -0.023533 3.007566 -11.792446
v 0.048849 0.299999 -11.787083
v 0.048849 3.007566 -11.787083
v 0.119812 0.299999 -11.802329
v 0.119812 3.007566 -11.802329
v 0.183605 0.299999 -11.836949
v 0.183605 3.007566 -11.836949
v 0.235058 0.299999 -11.888138
v 0.235058 3.007566 -11.888138
v 0.270006 0.299999 -11.951752
v 0.270006 3.007566 -11.951752
v 0.285615 0.299999 -12.022635
v 0.285615 3.007566 -12.022635
v 0.280625 0.299999 -12.095041
v 0.280625 3.007566 -12.095043
v 0.255435 0.299999 -12.163113
v 0.255435 3.007566 -12.163113
v 0.212090 0.299999 -12.221329
v 0.212090 3.007565 -12.221329
v 0.154097 0.299999 -12.264971
v 0.154097 3.007566 -12.264971
v 0.086158 0.299999 -12.290513
v 0.086158 3.007566 -12.290512
v -4.672565 0.299999 -9.809572
v -4.601603 0.299999 -9.824818
v -4.601605 3.007566 -9.824818
v -4.672567 3.007566 -9.809572
v -4.736357 0.299999 -9.774953
v -4.736357 3.007566 -9.774953
v -4.787810 0.299999 -9.723763
v -4.787810 3.007565 -9.723763
v -4.822759 0.299999 -9.660149
v -4.822759 3.007566 -9.660149
v -4.838367 0.299999 -9.589268
v -4.838367 3.007566 -9.589268
v -4.833377 0.299999 -9.516858
v -4.833378 3.007566 -9.516858
v -4.808187 0.299999 -9.448790
v -4.808187 3.007566 -9.448789
v -4.764842 0.299999 -9.390574
v -4.764842 3.007566 -9.390574
v -4.706851 0.299999 -9.346930
v -4.706851 3.007566 -9.346930
v -4.638910 0.299999 -9.321390
v -4.638912 3.007566 -9.321390
v -4.566529 0.299999 -9.316027
v -4.566530 3.007566 -9.316026
v -4.495567 0.299999 -9.331272
v -4.495568 3.007566 -9.331272
v -4.431776 0.299999 -9.365892
v -4.431776 3.007566 -9.365892
v -4.380322 0.299999 -9.417082
v -4.380323 3.007566 -9.417082
v -4.345374 0.299999 -9.480695
v -4.345374 3.007566 -9.480695
v -4.329764 0.299999 -9.551577
v -4.329765 3.007566 -9.551577
v -4.334755 0.299999 -9.623985
v -4.334755 3.007566 -9.623985
v -4.359944 0.299999 -9.692055
v -4.359945 3.007566 -9.692055
v -4.403289 0.299999 -9.750271
v -4.403290 3.007566 -9.750270
v -4.461283 0.299999 -9.793916
v -4.461283 3.007566 -9.793916
v -4.529222 0.299999 -9.819454
v -4.529222 3.007566 -9.819454
v -4.661327 0.299999 -12.289583
v -4.590365 0.299999 -12.304827
v -4.590365 3.007565 -12.304827
v -4.661329 3.007565 -12.289583
v -4.725119 0.299999 -12.254963
v -4.725119 3.007565 -12.254963
v -4.776573 0.299999 -12.203771
v -4.776573 3.007565 -12.203771
v -4.811521 0.299999 -12.140158
v -4.811521 3.007566 -12.140159
v -4.827129 0.299999 -12.069277
v -4.827129 3.007566 -12.069277
v -4.822139 0.299999 -11.996869
v -4.822140 3.007566 -11.996869
v -4.796950 0.299999 -11.928798
v -4.796950 3.007566 -11.928798
v -4.753604 0.299999 -11.870584
v -4.753604 3.007566 -11.870584
v -4.695613 0.299999 -11.826938
v -4.695614 3.007566 -11.826939
v -4.627673 0.299999 -11.801397
v -4.627674 3.007566 -11.801396
v -4.555291 0.299999 -11.796032
v -4.555292 3.007566 -11.796033
v -4.484330 0.299999 -11.811280
v -4.484330 3.007566 -11.811281
v -4.420538 0.299999 -11.845901
v -4.420538 3.007566 -11.845902
v -4.369084 0.299999 -11.897089
v -4.369085 3.007566 -11.897090
v -4.334136 0.299999 -11.960706
v -4.334136 3.007566 -11.960705
v -4.318526 0.299999 -12.031586
v -4.318527 3.007566 -12.031588
v -4.323518 0.299999 -12.103993
v -4.323518 3.007566 -12.103993
v -4.348707 0.299999 -12.172063
v -4.348707 3.007566 -12.172065
v -4.392051 0.299999 -12.230280
v -4.392053 3.007565 -12.230281
v -4.450045 0.299999 -12.273924
v -4.450045 3.007565 -12.273924
v -4.517984 0.299999 -12.299463
v -4.517984 3.007566 -12.299464
v -10.672779 0.299999 -9.803123
v -10.601816 0.299999 -9.818368
v -10.601817 3.007566 -9.818368
v -10.672779 3.007565 -9.803123
v -10.736572 0.299999 -9.768503
v -10.736572 3.007566 -9.768503
v -10.788025 0.299999 -9.717312
v -10.788026 3.007566 -9.717312
v -10.822973 0.299999 -9.653700
v -10.822973 3.007565 -9.653699
v -10.838581 0.299999 -9.582817
v -10.838581 3.007565 -9.582818
v -10.833592 0.299999 -9.510407
v -10.833592 3.007566 -9.510408
v -10.808403 0.299999 -9.442339
v -10.808403 3.007565 -9.442339
v -10.765056 0.299999 -9.384125
v -10.765058 3.007566 -9.384126
v -10.707066 0.299999 -9.340479
v -10.707066 3.007566 -9.340479
v -10.639125 0.299999 -9.314939
v -10.639125 3.007566 -9.314939
v -10.566744 0.299999 -9.309575
v -10.566744 3.007566 -9.309576
v -10.495782 0.299999 -9.324821
v -10.495782 3.007565 -9.324821
v -10.431991 0.299999 -9.359442
v -10.431991 3.007566 -9.359442
v -10.380537 0.299999 -9.410631
v -10.380537 3.007565 -9.410631
v -10.345588 0.299999 -9.474243
v -10.345588 3.007566 -9.474244
v -10.329978 0.299999 -9.545126
v -10.329978 3.007566 -9.545126
v -10.334970 0.299999 -9.617535
v -10.334970 3.007566 -9.617535
v -10.360160 0.299999 -9.685604
v -10.360160 3.007566 -9.685604
v -10.403504 0.299999 -9.743820
v -10.403505 3.007566 -9.743820
v -10.461496 0.299999 -9.787465
v -10.461496 3.007565 -9.787466
v -10.529437 0.299999 -9.813004
v -10.529437 3.007565 -9.813004
v -10.668358 0.299999 -12.307254
v -10.597396 0.299999 -12.322500
v -10.597396 3.007565 -12.322499
v -10.668358 3.007565 -12.307254
v -10.732149 0.299999 -12.272634
v -10.732149 3.007565 -12.272635
v -10.783602 0.299999 -12.221444
v -10.783604 3.007565 -12.221444
v -10.818551 0.299999 -12.157830
v -10.818551 3.007565 -12.157830
v -10.834160 0.299999 -12.086948
v -10.834160 3.007566 -12.086948
v -10.829169 0.299999 -12.014540
v -10.829169 3.007565 -12.014539
v -10.803981 0.299999 -11.946471
v -10.803981 3.007566 -11.946471
v -10.760633 0.299999 -11.888256
v -10.760634 3.007565 -11.888256
v -10.702642 0.299999 -11.844608
v -10.702642 3.007566 -11.844609
v -10.634705 0.299999 -11.819070
v -10.634705 3.007566 -11.819070
v -10.562323 0.299999 -11.813705
v -10.562323 3.007566 -11.813705
v -10.491361 0.299999 -11.828953
v -10.491361 3.007565 -11.828954
v -10.427568 0.299999 -11.863573
v -10.427568 3.007566 -11.863573
v -10.376114 0.299999 -11.914763
v -10.376114 3.007565 -11.914763
v -10.341166 0.299999 -11.978375
v -10.341166 3.007566 -11.978375
v -10.325557 0.299999 -12.049258
v -10.325557 3.007566 -12.049257
v -10.330546 0.299999 -12.121666
v -10.330546 3.007565 -12.121666
v -10.355737 0.299999 -12.189735
v -10.355737 3.007565 -12.189735
v -10.399082 0.299999 -12.247952
v -10.399083 3.007565 -12.247951
v -10.457075 0.299999 -12.291596
v -10.457075 3.007565 -12.291598
v -10.525015 0.299999 -12.317134
v -10.525015 3.007565 -12.317134
v -16.668798 0.299999 -9.810983
v -16.597836 0.299999 -9.826228
v -16.597836 3.007566 -9.826229
v -16.668798 3.007565 -9.810984
v -16.732590 0.299999 -9.776363
v -16.732590 3.007565 -9.776363
v -16.784040 0.299999 -9.725172
v -16.784042 3.007565 -9.725172
v -16.818991 0.299999 -9.661560
v -16.818991 3.007566 -9.661560
v -16.834600 0.299999 -9.590678
v -16.834600 3.007565 -9.590679
v -16.829611 0.299999 -9.518269
v -16.829611 3.007566 -9.518270
v -16.804419 0.299999 -9.450199
v -16.804419 3.007566 -9.450199
v -16.761074 0.299999 -9.391984
v -16.761074 3.007565 -9.391985
v -16.703085 0.299999 -9.348339
v -16.703083 3.007565 -9.348339
v -16.635145 0.299999 -9.322800
v -16.635145 3.007565 -9.322800
v -16.562763 0.299999 -9.317435
v -16.562763 3.007565 -9.317436
v -16.491800 0.299999 -9.332682
v -16.491800 3.007565 -9.332682
v -16.428007 0.299999 -9.367302
v -16.428007 3.007566 -9.367302
v -16.376553 0.299999 -9.418491
v -16.376553 3.007566 -9.418491
v -16.341606 0.299999 -9.482103
v -16.341606 3.007566 -9.482103
v -16.325998 0.299999 -9.552986
v -16.325998 3.007565 -9.552987
v -16.330988 0.299999 -9.625396
v -16.330988 3.007566 -9.625396
v -16.356174 0.299999 -9.693464
v -16.356174 3.007566 -9.693465
v -16.399521 0.299999 -9.751679
v -16.399521 3.007566 -9.751679
v -16.457516 0.299999 -9.795325
v -16.457516 3.007565 -9.795326
v -16.525455 0.299999 -9.820865
v -16.525455 3.007565 -9.820865
v -16.668686 0.299999 -12.316061
v -16.597725 0.299999 -12.331307
v -16.597725 3.007565 -12.331306
v -16.668686 3.007565 -12.316062
v -16.732479 0.299999 -12.281438
v -16.732479 3.007565 -12.281439
v -16.783930 0.299999 -12.230250
v -16.783932 3.007565 -12.230250
v -16.818882 0.299999 -12.166636
v -16.818882 3.007566 -12.166636
v -16.834488 0.299999 -12.095755
v -16.834488 3.007565 -12.095755
v -16.829498 0.299999 -12.023348
v -16.829498 3.007565 -12.023346
v -16.804308 0.299999 -11.955277
v -16.804308 3.007565 -11.955277
v -16.760962 0.299999 -11.897060
v -16.760963 3.007565 -11.897062
v -16.702972 0.299999 -11.853416
v -16.702972 3.007565 -11.853415
v -16.635033 0.299999 -11.827876
v -16.635033 3.007566 -11.827876
v -16.562651 0.299999 -11.822513
v -16.562651 3.007566 -11.822513
v -16.491688 0.299999 -11.837759
v -16.491688 3.007565 -11.837760
v -16.427896 0.299999 -11.872378
v -16.427896 3.007566 -11.872377
v -16.376442 0.299999 -11.923570
v -16.376442 3.007566 -11.923570
v -16.341496 0.299999 -11.987182
v -16.341494 3.007565 -11.987183
v -16.325886 0.299999 -12.058064
v -16.325886 3.007565 -12.058063
v -16.330877 0.299999 -12.130472
v -16.330877 3.007566 -12.130472
v -16.356066 0.299999 -12.198543
v -16.356066 3.007565 -12.198542
v -16.399410 0.299999 -12.256757
v -16.399410 3.007565 -12.256756
v -16.457403 0.299999 -12.300402
v -16.457403 3.007565 -12.300404
v -16.525345 0.299999 -12.325943
v -16.525345 3.007565 -12.325943
v -22.669701 0.299999 -9.816611
v -22.598743 0.299999 -9.831856
v -22.598743 3.007565 -9.831856
v -22.669701 3.007566 -9.816611
v -22.733496 0.299999 -9.781990
v -22.733496 3.007565 -9.781991
v -22.784945 0.299999 -9.730801
v -22.784945 3.007565 -9.730801
v -22.819897 0.299999 -9.667188
v -22.819897 3.007565 -9.667188
v -22.835505 0.299999 -9.596306
v -22.835505 3.007565 -9.596306
v -22.830515 0.299999 -9.523896
v -22.830515 3.007565 -9.523896
v -22.805325 0.299999 -9.455828
v -22.805325 3.007565 -9.455828
v -22.761978 0.299999 -9.397613
v -22.761978 3.007565 -9.397613
v -22.703987 0.299999 -9.353968
v -22.703987 3.007565 -9.353968
v -22.636047 0.299999 -9.328428
v -22.636047 3.007565 -9.328428
v -22.563667 0.299999 -9.323063
v -22.563667 3.007565 -9.323063
v -22.492706 0.299999 -9.338309
v -22.492710 3.007566 -9.338310
v -22.428913 0.299999 -9.372930
v -22.428913 3.007565 -9.372931
v -22.377464 0.299999 -9.424120
v -22.377464 3.007565 -9.424119
v -22.342510 0.299999 -9.487733
v -22.342510 3.007565 -9.487732
v -22.326900 0.299999 -9.558615
v -22.326900 3.007565 -9.558615
v -22.331894 0.299999 -9.631023
v -22.331894 3.007565 -9.631023
v -22.357084 0.299999 -9.699093
v -22.357084 3.007565 -9.699093
v -22.400429 0.299999 -9.757309
v -22.400429 3.007565 -9.757309
v -22.458420 0.299999 -9.800953
v -22.458420 3.007566 -9.800953
v -22.526361 0.299999 -9.826492
v -22.526361 3.007565 -9.826492
v -22.664978 0.299999 -12.316331
v -22.594021 0.299999 -12.331576
v -22.594021 3.007565 -12.331576
v -22.664978 3.007565 -12.316331
v -22.728769 0.299999 -12.281712
v -22.728769 3.007565 -12.281712
v -22.780222 0.299999 -12.230521
v -22.780222 3.007565 -12.230520
v -22.815170 0.299999 -12.166905
v -22.815170 3.007565 -12.166907
v -22.830778 0.299999 -12.096025
v -22.830778 3.007565 -12.096025
v -22.825790 0.299999 -12.023616
v -22.825790 3.007565 -12.023617
v -22.800600 0.299999 -11.955548
v -22.800600 3.007565 -11.955548
v -22.757252 0.299999 -11.897334
v -22.757252 3.007565 -11.897334
v -22.699268 0.299999 -11.853689
v -22.699268 3.007566 -11.853689
v -22.631329 0.299999 -11.828147
v -22.631325 3.007566 -11.828147
v -22.558949 0.299999 -11.822784
v -22.558949 3.007565 -11.822786
v -22.487986 0.299999 -11.838031
v -22.487988 3.007565 -11.838031
v -22.424189 0.299999 -11.872650
v -22.424189 3.007566 -11.872650
v -22.372736 0.299999 -11.923841
v -22.372736 3.007565 -11.923841
v -22.337788 0.299999 -11.987453
v -22.337788 3.007565 -11.987453
v -22.322178 0.299999 -12.058334
v -22.322178 3.007566 -12.058335
v -22.327171 0.299999 -12.130742
v -22.327171 3.007565 -12.130742
v -22.352358 0.299999 -12.198812
v -22.352358 3.007565 -12.198812
v -22.395706 0.299999 -12.257028
v -22.395706 3.007565 -12.257028
v -22.453697 0.299999 -12.300674
v -22.453697 3.007565 -12.300674
v -22.521641 0.299999 -12.326212
v -22.521641 3.007565 -12.326214
vn -0.2101 -0.0000 -0.9777
vn -0.4770 -0.0000 -0.8789
vn -0.7053 -0.0000 -0.7089
vn -0.8764 -0.0000 -0.4815
vn -0.9766 -0.0000 -0.2150
vn -0.9976 -0.0000 0.0688
vn -0.9378 -0.0000 0.3470
vn -0.8021 -0.0000 0.5972
vn -0.6014 -0.0000 0.7990
vn -0.6013 -0.0000 0.7990
vn -0.3519 -0.0000 0.9360
vn -0.0739 -0.0000 0.9973
vn 0.2101 -0.0000 0.9777
vn 0.2100 -0.0000 0.9777
vn 0.4770 -0.0000 0.8789
vn 0.7053 -0.0000 0.7089
vn 0.8764 -0.0000 0.4815
vn 0.9766 -0.0000 0.2151
vn 0.9976 -0.0000 -0.0688
vn 0.9378 -0.0000 -0.3471
vn 0.8021 -0.0000 -0.5972
vn 0.6013 -0.0000 -0.7990
vn 0.3519 -0.0000 -0.9360
vn 0.0739 -0.0000 -0.9973
vn -0.2100 -0.0000 -0.9777
vn -0.9976 -0.0000 0.0687
vn -0.9379 -0.0000 0.3470
vn -0.9378 -0.0000 0.3471
vn -0.3519 -0.0000 0.9361
vn 0.9378 -0.0000 -0.3470
vn 0.3519 -0.0000 -0.9361
vn -0.8765 -0.0000 -0.4815
vn -0.9766 -0.0000 -0.2151
vn 0.4769 -0.0000 0.8789
vn 0.8765 -0.0000 0.4815
vn 0.9766 -0.0000 0.2150
vn 0.6014 -0.0000 -0.7990
vn 0.3518 -0.0000 -0.9361
vn 0.9976 -0.0000 -0.0687
vn 0.0740 -0.0000 -0.9973
vn 0.9379 -0.0000 -0.3470
vn -0.8764 -0.0000 -0.4816
vn 0.8764 -0.0000 0.4816
vn -0.0000 1.0000 -0.0000
vn -0.0001 1.0000 -0.0001
vn -0.0000 1.0000 -0.0001
vn -0.0000 1.0000 0.0001
vt 0.000000 -69.186440
vt -270.756592 -76.469223
vt 0.000000 -76.469223
vt -270.756592 -69.186440
vt 0.000000 -61.903656
vt -270.756592 -61.903656
vt 0.000000 -54.620872
vt -270.756592 -54.620872
vt 0.000000 -47.338089
vt -270.756592 -47.338089
vt 0.000000 -40.055305
vt -270.756592 -40.055305
vt 0.000000 -32.772522
vt -270.756592 -32.772522
vt 0.000000 -25.489740
vt -270.756592 -25.489740
vt 0.000000 -18.206957
vt -270.756592 -18.206957
vt 0.000000 -10.924174
vt -270.756592 -10.924174
vt 0.000000 -3.641392
vt -270.756592 -3.641392
vt 0.000000 3.641392
vt -270.756592 3.641392
vt 0.000000 10.924174
vt -270.756592 10.924174
vt 0.000000 18.206957
vt -270.756592 18.206957
vt 0.000000 25.489740
vt -270.756592 25.489740
vt 0.000000 32.772522
vt -270.756592 32.772522
vt 0.000000 40.055305
vt -270.756592 40.055305
vt 0.000000 47.338089
vt -270.756592 47.338089
vt 0.000000 54.620872
vt -270.756592 54.620872
vt 0.000000 61.903656
vt -270.756592 61.903656
vt 0.000000 69.186440
vt -270.756592 69.186440
vt 0.000000 76.469223
vt -270.756592 76.469223
vt 0.000000 83.752007
vt -270.756592 83.752007
s 0
usemtl Material__25
f 1059/1603/2986 1061/1604/2986 1060/1605/2986
f 1059/1603/2986 1062/1606/2986 1061/1604/2986
f 1063/1607/2987 1062/1606/2987 1059/1603/2987
f 1063/1607/2987 1064/1608/2987 1062/1606/2987
f 1065/1609/2988 1064/1608/2988 1063/1607/2988
f 1065/1609/2988 1066/1610/2988 1064/1608/2988
f 1067/1611/2989 1066/1610/2989 1065/1609/2989
f 1067/1611/2989 1068/1612/2989 1066/1610/2989
f 1069/1613/2990 1068/1612/2990 1067/1611/2990
f 1069/1613/2990 1070/1614/2990 1068/1612/2990
f 1071/1615/2991 1070/1614/2991 1069/1613/2991
f 1071/1615/2991 1072/1616/2991 1070/1614/2991
f 1073/1617/2992 1072/1616/2992 1071/1615/2992
f 1073/1617/2992 1074/1618/2992 1072/1616/2992
f 1075/1619/2993 1074/1618/2993 1073/1617/2993
f 1075/1619/2993 1076/1620/2993 1074/1618/2993
f 1077/1621/2994 1076/1620/2994 1075/1619/2994
f 1077/1621/2995 1078/1622/2995 1076/1620/2995
f 1079/1623/2996 1078/1622/2996 1077/1621/2996
f 1079/1623/2996 1080/1624/2996 1078/1622/2996
f 1081/1625/2997 1080/1624/2997 1079/1623/2997
f 1081/1625/2997 1082/1626/2997 1080/1624/2997
f 1083/1627/2998 1082/1626/2998 1081/1625/2998
f 1083/1627/2999 1084/1628/2999 1082/1626/2999
f 1085/1629/3000 1084/1628/3000 1083/1627/3000
f 1085/1629/3000 1086/1630/3000 1084/1628/3000
f 1087/1631/3001 1086/1630/3001 1085/1629/3001
f 1087/1631/3001 1088/1632/3001 1086/1630/3001
f 1089/1633/3002 1088/1632/3002 1087/1631/3002
f 1089/1633/3002 1090/1634/3002 1088/1632/3002
f 1091/1635/3003 1090/1634/3003 1089/1633/3003
f 1091/1635/3003 1092/1636/3003 1090/1634/3003
f 1093/1637/3004 1092/1636/3004 1091/1635/3004
f 1093/1637/3004 1094/1638/3004 1092/1636/3004
f 1095/1639/3005 1094/1638/3005 1093/1637/3005
f 1095/1639/3005 1096/1640/3005 1094/1638/3005
f 1097/1641/3006 1096/1640/3006 1095/1639/3006
f 1097/1641/3006 1098/1642/3006 1096/1640/3006
f 1099/1643/3007 1098/1642/3007 1097/1641/3007
f 1099/1643/3007 1100/1644/3007 1098/1642/3007
f 1101/1645/3008 1100/1644/3008 1099/1643/3008
f 1101/1645/3008 1102/1646/3008 1100/1644/3008
f 1060/1647/3009 1102/1646/3009 1101/1645/3009
f 1060/1647/3009 1061/1648/3009 1102/1646/3009
f 1103/1603/3010 1105/1604/3010 1104/1605/3010
f 1103/1603/2986 1106/1606/2986 1105/1604/2986
f 1107/1607/2987 1106/1606/2987 1103/1603/2987
f 1107/1607/2987 1108/1608/2987 1106/1606/2987
f 1109/1609/2988 1108/1608/2988 1107/1607/2988
f 1109/1609/2988 1110/1610/2988 1108/1608/2988
f 1111/1611/2989 1110/1610/2989 1109/1609/2989
f 1111/1611/2989 1112/1612/2989 1110/1610/2989
f 1113/1613/2990 1112/1612/2990 1111/1611/2990
f 1113/1613/2990 1114/1614/2990 1112/1612/2990
f 1115/1615/3011 1114/1614/3011 1113/1613/3011
f 1115/1615/3011 1116/1616/3011 1114/1614/3011
f 1117/1617/3012 1116/1616/3012 1115/1615/3012
f 1117/1617/3013 1118/1618/3013 1116/1616/3013
f 1119/1619/2993 1118/1618/2993 1117/1617/2993
f 1119/1619/2993 1120/1620/2993 1118/1618/2993
f 1121/1621/2994 1120/1620/2994 1119/1619/2994
f 1121/1621/2995 1122/1622/2995 1120/1620/2995
f 1123/1623/2996 1122/1622/2996 1121/1621/2996
f 1123/1623/2996 1124/1624/2996 1122/1622/2996
f 1125/1625/2997 1124/1624/2997 1123/1623/2997
f 1125/1625/2997 1126/1626/2997 1124/1624/2997
f 1127/1627/2998 1126/1626/2998 1125/1625/2998
f 1127/1627/2999 1128/1628/2999 1126/1626/2999
f 1129/1629/3000 1128/1628/3000 1127/1627/3000
f 1129/1629/3000 1130/1630/3000 1128/1628/3000
f 1131/1631/3001 1130/1630/3001 1129/1629/3001
f 1131/1631/3001 1132/1632/3001 1130/1630/3001
f 1133/1633/3002 1132/1632/3002 1131/1631/3002
f 1133/1633/3002 1134/1634/3002 1132/1632/3002
f 1135/1635/3003 1134/1634/3003 1133/1633/3003
f 1135/1635/3003 1136/1636/3003 1134/1634/3003
f 1137/1637/3004 1136/1636/3004 1135/1635/3004
f 1137/1637/3004 1138/1638/3004 1136/1636/3004
f 1139/1639/3005 1138/1638/3005 1137/1637/3005
f 1139/1639/3005 1140/1640/3005 1138/1638/3005
f 1141/1641/3006 1140/1640/3006 1139/1639/3006
f 1141/1641/3006 1142/1642/3006 1140/1640/3006
f 1143/1643/3007 1142/1642/3007 1141/1641/3007
f 1143/1643/3007 1144/1644/3007 1142/1642/3007
f 1145/1645/3008 1144/1644/3008 1143/1643/3008
f 1145/1645/3008 1146/1646/3008 1144/1644/3008
f 1104/1647/3009 1146/1646/3009 1145/1645/3009
f 1104/1647/3009 1105/1648/3009 1146/1646/3009
f 1147/1603/2986 1149/1604/2986 1148/1605/2986
f 1147/1603/2986 1150/1606/2986 1149/1604/2986
f 1151/1607/2987 1150/1606/2987 1147/1603/2987
f 1151/1607/2987 1152/1608/2987 1150/1606/2987
f 1153/1609/2988 1152/1608/2988 1151/1607/2988
f 1153/1609/2988 1154/1610/2988 1152/1608/2988
f 1155/1611/2989 1154/1610/2989 1153/1609/2989
f 1155/1611/2989 1156/1612/2989 1154/1610/2989
f 1157/1613/2990 1156/1612/2990 1155/1611/2990
f 1157/1613/2990 1158/1614/2990 1156/1612/2990
f 1159/1615/2991 1158/1614/2991 1157/1613/2991
f 1159/1615/3011 1160/1616/3011 1158/1614/3011
f 1161/1617/3013 1160/1616/3013 1159/1615/3013
f 1161/1617/3013 1162/1618/3013 1160/1616/3013
f 1163/1619/2993 1162/1618/2993 1161/1617/2993
f 1163/1619/2993 1164/1620/2993 1162/1618/2993
f 1165/1621/2995 1164/1620/2995 1163/1619/2995
f 1165/1621/2995 1166/1622/2995 1164/1620/2995
f 1167/1623/3014 1166/1622/3014 1165/1621/3014
f 1167/1623/2996 1168/1624/2996 1166/1622/2996
f 1169/1625/2997 1168/1624/2997 1167/1623/2997
f 1169/1625/2997 1170/1626/2997 1168/1624/2997
f 1171/1627/2999 1170/1626/2999 1169/1625/2999
f 1171/1627/2998 1172/1628/2998 1170/1626/2998
f 1173/1629/3000 1172/1628/3000 1171/1627/3000
f 1173/1629/3000 1174/1630/3000 1172/1628/3000
f 1175/1631/3001 1174/1630/3001 1173/1629/3001
f 1175/1631/3001 1176/1632/3001 1174/1630/3001
f 1177/1633/3002 1176/1632/3002 1175/1631/3002
f 1177/1633/3002 1178/1634/3002 1176/1632/3002
f 1179/1635/3003 1178/1634/3003 1177/1633/3003
f 1179/1635/3003 1180/1636/3003 1178/1634/3003
f 1181/1637/3004 1180/1636/3004 1179/1635/3004
f 1181/1637/3004 1182/1638/3004 1180/1636/3004
f 1183/1639/3015 1182/1638/3015 1181/1637/3015
f 1183/1639/3005 1184/1640/3005 1182/1638/3005
f 1185/1641/3006 1184/1640/3006 1183/1639/3006
f 1185/1641/3006 1186/1642/3006 1184/1640/3006
f 1187/1643/3007 1186/1642/3007 1185/1641/3007
f 1187/1643/3007 1188/1644/3007 1186/1642/3007
f 1189/1645/3016 1188/1644/3016 1187/1643/3016
f 1189/1645/3008 1190/1646/3008 1188/1644/3008
f 1148/1647/3009 1190/1646/3009 1189/1645/3009
f 1148/1647/3009 1149/1648/3009 1190/1646/3009
f 1191/1603/3010 1193/1604/3010 1192/1605/3010
f 1191/1603/3010 1194/1606/3010 1193/1604/3010
f 1195/1607/2987 1194/1606/2987 1191/1603/2987
f 1195/1607/2987 1196/1608/2987 1194/1606/2987
f 1197/1609/2988 1196/1608/2988 1195/1607/2988
f 1197/1609/2988 1198/1610/2988 1196/1608/2988
f 1199/1611/2989 1198/1610/2989 1197/1609/2989
f 1199/1611/3017 1200/1612/3017 1198/1610/3017
f 1201/1613/3018 1200/1612/3018 1199/1611/3018
f 1201/1613/2990 1202/1614/2990 1200/1612/2990
f 1203/1615/2991 1202/1614/2991 1201/1613/2991
f 1203/1615/3011 1204/1616/3011 1202/1614/3011
f 1205/1617/3012 1204/1616/3012 1203/1615/3012
f 1205/1617/3013 1206/1618/3013 1204/1616/3013
f 1207/1619/2993 1206/1618/2993 1205/1617/2993
f 1207/1619/2993 1208/1620/2993 1206/1618/2993
f 1209/1621/2995 1208/1620/2995 1207/1619/2995
f 1209/1621/2995 1210/1622/2995 1208/1620/2995
f 1211/1623/2996 1210/1622/2996 1209/1621/2996
f 1211/1623/2996 1212/1624/2996 1210/1622/2996
f 1213/1625/2997 1212/1624/2997 1211/1623/2997
f 1213/1625/2997 1214/1626/2997 1212/1624/2997
f 1215/1627/2998 1214/1626/2998 1213/1625/2998
f 1215/1627/2998 1216/1628/2998 1214/1626/2998
f 1217/1629/3019 1216/1628/3019 1215/1627/3019
f 1217/1629/3000 1218/1630/3000 1216/1628/3000
f 1219/1631/3001 1218/1630/3001 1217/1629/3001
f 1219/1631/3001 1220/1632/3001 1218/1630/3001
f 1221/1633/3020 1220/1632/3020 1219/1631/3020
f 1221/1633/3002 1222/1634/3002 1220/1632/3002
f 1223/1635/3003 1222/1634/3003 1221/1633/3003
f 1223/1635/3021 1224/1636/3021 1222/1634/3021
f 1225/1637/3004 1224/1636/3004 1223/1635/3004
f 1225/1637/3004 1226/1638/3004 1224/1636/3004
f 1227/1639/3005 1226/1638/3005 1225/1637/3005
f 1227/1639/3005 1228/1640/3005 1226/1638/3005
f 1229/1641/3006 1228/1640/3006 1227/1639/3006
f 1229/1641/3006 1230/1642/3006 1228/1640/3006
f 1231/1643/3007 1230/1642/3007 1229/1641/3007
f 1231/1643/3007 1232/1644/3007 1230/1642/3007
f 1233/1645/3016 1232/1644/3016 1231/1643/3016
f 1233/1645/3008 1234/1646/3008 1232/1644/3008
f 1192/1647/3009 1234/1646/3009 1233/1645/3009
f 1192/1647/3009 1193/1648/3009 1234/1646/3009
f 1235/1603/3010 1237/1604/3010 1236/1605/3010
f 1235/1603/3010 1238/1606/3010 1237/1604/3010
f 1239/1607/2987 1238/1606/2987 1235/1603/2987
f 1239/1607/2987 1240/1608/2987 1238/1606/2987
f 1241/1609/2988 1240/1608/2988 1239/1607/2988
f 1241/1609/2988 1242/1610/2988 1240/1608/2988
f 1243/1611/2989 1242/1610/2989 1241/1609/2989
f 1243/1611/2989 1244/1612/2989 1242/1610/2989
f 1245/1613/2990 1244/1612/2990 1243/1611/2990
f 1245/1613/2990 1246/1614/2990 1244/1612/2990
f 1247/1615/3011 1246/1614/3011 1245/1613/3011
f 1247/1615/3011 1248/1616/3011 1246/1614/3011
f 1249/1617/3013 1248/1616/3013 1247/1615/3013
f 1249/1617/3013 1250/1618/3013 1248/1616/3013
f 1251/1619/2993 1250/1618/2993 1249/1617/2993
f 1251/1619/2993 1252/1620/2993 1250/1618/2993
f 1253/1621/2995 1252/1620/2995 1251/1619/2995
f 1253/1621/2994 1254/1622/2994 1252/1620/2994
f 1255/1623/3014 1254/1622/3014 1253/1621/3014
f 1255/1623/2996 1256/1624/2996 1254/1622/2996
f 1257/1625/2997 1256/1624/2997 1255/1623/2997
f 1257/1625/2997 1258/1626/2997 1256/1624/2997
f 1259/1627/2998 1258/1626/2998 1257/1625/2998
f 1259/1627/2999 1260/1628/2999 1258/1626/2999
f 1261/1629/3000 1260/1628/3000 1259/1627/3000
f 1261/1629/3000 1262/1630/3000 1260/1628/3000
f 1263/1631/3001 1262/1630/3001 1261/1629/3001
f 1263/1631/3001 1264/1632/3001 1262/1630/3001
f 1265/1633/3002 1264/1632/3002 1263/1631/3002
f 1265/1633/3002 1266/1634/3002 1264/1632/3002
f 1267/1635/3003 1266/1634/3003 1265/1633/3003
f 1267/1635/3003 1268/1636/3003 1266/1634/3003
f 1269/1637/3004 1268/1636/3004 1267/1635/3004
f 1269/1637/3004 1270/1638/3004 1268/1636/3004
f 1271/1639/3005 1270/1638/3005 1269/1637/3005
f 1271/1639/3005 1272/1640/3005 1270/1638/3005
f 1273/1641/3006 1272/1640/3006 1271/1639/3006
f 1273/1641/3006 1274/1642/3006 1272/1640/3006
f 1275/1643/3007 1274/1642/3007 1273/1641/3007
f 1275/1643/3022 1276/1644/3022 1274/1642/3022
f 1277/1645/3023 1276/1644/3023 1275/1643/3023
f 1277/1645/3023 1278/1646/3023 1276/1644/3023
f 1236/1647/3009 1278/1646/3009 1277/1645/3009
f 1236/1647/3009 1237/1648/3009 1278/1646/3009
f 1279/1603/2986 1281/1604/2986 1280/1605/2986
f 1279/1603/2986 1282/1606/2986 1281/1604/2986
f 1283/1607/2987 1282/1606/2987 1279/1603/2987
f 1283/1607/2987 1284/1608/2987 1282/1606/2987
f 1285/1609/2988 1284/1608/2988 1283/1607/2988
f 1285/1609/2988 1286/1610/2988 1284/1608/2988
f 1287/1611/2989 1286/1610/2989 1285/1609/2989
f 1287/1611/2989 1288/1612/2989 1286/1610/2989
f 1289/1613/2990 1288/1612/2990 1287/1611/2990
f 1289/1613/3018 1290/1614/3018 1288/1612/3018
f 1291/1615/2991 1290/1614/2991 1289/1613/2991
f 1291/1615/2991 1292/1616/2991 1290/1614/2991
f 1293/1617/3012 1292/1616/3012 1291/1615/3012
f 1293/1617/3013 1294/1618/3013 1292/1616/3013
f 1295/1619/2993 1294/1618/2993 1293/1617/2993
f 1295/1619/2993 1296/1620/2993 1294/1618/2993
f 1297/1621/2994 1296/1620/2994 1295/1619/2994
f 1297/1621/2994 1298/1622/2994 1296/1620/2994
f 1299/1623/3014 1298/1622/3014 1297/1621/3014
f 1299/1623/2996 1300/1624/2996 1298/1622/2996
f 1301/1625/2997 1300/1624/2997 1299/1623/2997
f 1301/1625/2997 1302/1626/2997 1300/1624/2997
f 1303/1627/2998 1302/1626/2998 1301/1625/2998
f 1303/1627/2998 1304/1628/2998 1302/1626/2998
f 1305/1629/3000 1304/1628/3000 1303/1627/3000
f 1305/1629/3000 1306/1630/3000 1304/1628/3000
f 1307/1631/3001 1306/1630/3001 1305/1629/3001
f 1307/1631/3001 1308/1632/3001 1306/1630/3001
f 1309/1633/3002 1308/1632/3002 1307/1631/3002
f 1309/1633/3002 1310/1634/3002 1308/1632/3002
f 1311/1635/3003 1310/1634/3003 1309/1633/3003
f 1311/1635/3003 1312/1636/3003 1310/1634/3003
f 1313/1637/3024 1312/1636/3024 1311/1635/3024
f 1313/1637/3024 1314/1638/3024 1312/1636/3024
f 1315/1639/3005 1314/1638/3005 1313/1637/3005
f 1315/1639/3005 1316/1640/3005 1314/1638/3005
f 1317/1641/3006 1316/1640/3006 1315/1639/3006
f 1317/1641/3006 1318/1642/3006 1316/1640/3006
f 1319/1643/3007 1318/1642/3007 1317/1641/3007
f 1319/1643/3022 1320/1644/3022 1318/1642/3022
f 1321/1645/3016 1320/1644/3016 1319/1643/3016
f 1321/1645/3023 1322/1646/3023 1320/1644/3023
f 1280/1647/3009 1322/1646/3009 1321/1645/3009
f 1280/1647/3025 1281/1648/3025 1322/1646/3025
f 1323/1603/2986 1325/1604/2986 1324/1605/2986
f 1323/1603/3010 1326/1606/3010 1325/1604/3010
f 1327/1607/2987 1326/1606/2987 1323/1603/2987
f 1327/1607/2987 1328/1608/2987 1326/1606/2987
f 1329/1609/2988 1328/1608/2988 1327/1607/2988
f 1329/1609/2988 1330/1610/2988 1328/1608/2988
f 1331/1611/2989 1330/1610/2989 1329/1609/2989
f 1331/1611/2989 1332/1612/2989 1330/1610/2989
f 1333/1613/3018 1332/1612/3018 1331/1611/3018
f 1333/1613/3018 1334/1614/3018 1332/1612/3018
f 1335/1615/3011 1334/1614/3011 1333/1613/3011
f 1335/1615/3011 1336/1616/3011 1334/1614/3011
f 1337/1617/3013 1336/1616/3013 1335/1615/3013
f 1337/1617/3013 1338/1618/3013 1336/1616/3013
f 1339/1619/2993 1338/1618/2993 1337/1617/2993
f 1339/1619/2993 1340/1620/2993 1338/1618/2993
f 1341/1621/2995 1340/1620/2995 1339/1619/2995
f 1341/1621/2995 1342/1622/2995 1340/1620/2995
f 1343/1623/2996 1342/1622/2996 1341/1621/2996
f 1343/1623/2996 1344/1624/2996 1342/1622/2996
f 1345/1625/2997 1344/1624/2997 1343/1623/2997
f 1345/1625/2997 1346/1626/2997 1344/1624/2997
f 1347/1627/2999 1346/1626/2999 1345/1625/2999
f 1347/1627/2999 1348/1628/2999 1346/1626/2999
f 1349/1629/3000 1348/1628/3000 1347/1627/3000
f 1349/1629/3000 1350/1630/3000 1348/1628/3000
f 1351/1631/3001 1350/1630/3001 1349/1629/3001
f 1351/1631/3001 1352/1632/3001 1350/1630/3001
f 1353/1633/3002 1352/1632/3002 1351/1631/3002
f 1353/1633/3002 1354/1634/3002 1352/1632/3002
f 1355/1635/3021 1354/1634/3021 1353/1633/3021
f 1355/1635/3021 1356/1636/3021 1354/1634/3021
f 1357/1637/3024 1356/1636/3024 1355/1635/3024
f 1357/1637/3024 1358/1638/3024 1356/1636/3024
f 1359/1639/3026 1358/1638/3026 1357/1637/3026
f 1359/1639/3026 1360/1640/3026 1358/1638/3026
f 1361/1641/3006 1360/1640/3006 1359/1639/3006
f 1361/1641/3006 1362/1642/3006 1360/1640/3006
f 1363/1643/3007 1362/1642/3007 1361/1641/3007
f 1363/1643/3007 1364/1644/3007 1362/1642/3007
f 1365/1645/3008 1364/1644/3008 1363/1643/3008
f 1365/1645/3016 1366/1646/3016 1364/1644/3016
f 1324/1647/3009 1366/1646/3009 1365/1645/3009
f 1324/1647/3009 1325/1648/3009 1366/1646/3009
f 1367/1603/3010 1369/1604/3010 1368/1605/3010
f 1367/1603/3010 1370/1606/3010 1369/1604/3010
f 1371/1607/2987 1370/1606/2987 1367/1603/2987
f 1371/1607/2987 1372/1608/2987 1370/1606/2987
f 1373/1609/2988 1372/1608/2988 1371/1607/2988
f 1373/1609/2988 1374/1610/2988 1372/1608/2988
f 1375/1611/2989 1374/1610/2989 1373/1609/2989
f 1375/1611/2989 1376/1612/2989 1374/1610/2989
f 1377/1613/2990 1376/1612/2990 1375/1611/2990
f 1377/1613/2990 1378/1614/2990 1376/1612/2990
f 1379/1615/3011 1378/1614/3011 1377/1613/3011
f 1379/1615/3011 1380/1616/3011 1378/1614/3011
f 1381/1617/3013 1380/1616/3013 1379/1615/3013
f 1381/1617/3013 1382/1618/3013 1380/1616/3013
f 1383/1619/2993 1382/1618/2993 1381/1617/2993
f 1383/1619/2993 1384/1620/2993 1382/1618/2993
f 1385/1621/2995 1384/1620/2995 1383/1619/2995
f 1385/1621/2994 1386/1622/2994 1384/1620/2994
f 1387/1623/2996 1386/1622/2996 1385/1621/2996
f 1387/1623/3014 1388/1624/3014 1386/1622/3014
f 1389/1625/2997 1388/1624/2997 1387/1623/2997
f 1389/1625/2997 1390/1626/2997 1388/1624/2997
f 1391/1627/2999 1390/1626/2999 1389/1625/2999
f 1391/1627/2998 1392/1628/2998 1390/1626/2998
f 1393/1629/3000 1392/1628/3000 1391/1627/3000
f 1393/1629/3000 1394/1630/3000 1392/1628/3000
f 1395/1631/3001 1394/1630/3001 1393/1629/3001
f 1395/1631/3001 1396/1632/3001 1394/1630/3001
f 1397/1633/3002 1396/1632/3002 1395/1631/3002
f 1397/1633/3002 1398/1634/3002 1396/1632/3002
f 1399/1635/3003 1398/1634/3003 1397/1633/3003
f 1399/1635/3021 1400/1636/3021 1398/1634/3021
f 1401/1637/3004 1400/1636/3004 1399/1635/3004
f 1401/1637/3004 1402/1638/3004 1400/1636/3004
f 1403/1639/3026 1402/1638/3026 1401/1637/3026
f 1403/1639/3026 1404/1640/3026 1402/1638/3026
f 1405/1641/3006 1404/1640/3006 1403/1639/3006
f 1405/1641/3006 1406/1642/3006 1404/1640/3006
f 1407/1643/3007 1406/1642/3007 1405/1641/3007
f 1407/1643/3007 1408/1644/3007 1406/1642/3007
f 1409/1645/3008 1408/1644/3008 1407/1643/3008
f 1409/1645/3008 1410/1646/3008 1408/1644/3008
f 1368/1647/3009 1410/1646/3009 1409/1645/3009
f 1368/1647/3009 1369/1648/3009 1410/1646/3009
f 1411/1603/3010 1413/1604/3010 1412/1605/3010
f 1411/1603/2986 1414/1606/2986 1413/1604/2986
f 1415/1607/2987 1414/1606/2987 1411/1603/2987
f 1415/1607/2987 1416/1608/2987 1414/1606/2987
f 1417/1609/2988 1416/1608/2988 1415/1607/2988
f 1417/1609/2988 1418/1610/2988 1416/1608/2988
f 1419/1611/2989 1418/1610/2989 1417/1609/2989
f 1419/1611/3027 1420/1612/3027 1418/1610/3027
f 1421/1613/2990 1420/1612/2990 1419/1611/2990
f 1421/1613/2990 1422/1614/2990 1420/1612/2990
f 1423/1615/3011 1422/1614/3011 1421/1613/3011
f 1423/1615/3011 1424/1616/3011 1422/1614/3011
f 1425/1617/3013 1424/1616/3013 1423/1615/3013
f 1425/1617/3013 1426/1618/3013 1424/1616/3013
f 1427/1619/2993 1426/1618/2993 1425/1617/2993
f 1427/1619/2993 1428/1620/2993 1426/1618/2993
f 1429/1621/2995 1428/1620/2995 1427/1619/2995
f 1429/1621/2995 1430/1622/2995 1428/1620/2995
f 1431/1623/2996 1430/1622/2996 1429/1621/2996
f 1431/1623/2996 1432/1624/2996 1430/1622/2996
f 1433/1625/2997 1432/1624/2997 1431/1623/2997
f 1433/1625/2997 1434/1626/2997 1432/1624/2997
f 1435/1627/2998 1434/1626/2998 1433/1625/2998
f 1435/1627/2998 1436/1628/2998 1434/1626/2998
f 1437/1629/3000 1436/1628/3000 1435/1627/3000
f 1437/1629/3000 1438/1630/3000 1436/1628/3000
f 1439/1631/3001 1438/1630/3001 1437/1629/3001
f 1439/1631/3001 1440/1632/3001 1438/1630/3001
f 1441/1633/3028 1440/1632/3028 1439/1631/3028
f 1441/1633/3028 1442/1634/3028 1440/1632/3028
f 1443/1635/3003 1442/1634/3003 1441/1633/3003
f 1443/1635/3003 1444/1636/3003 1442/1634/3003
f 1445/1637/3004 1444/1636/3004 1443/1635/3004
f 1445/1637/3004 1446/1638/3004 1444/1636/3004
f 1447/1639/3005 1446/1638/3005 1445/1637/3005
f 1447/1639/3005 1448/1640/3005 1446/1638/3005
f 1449/1641/3006 1448/1640/3006 1447/1639/3006
f 1449/1641/3006 1450/1642/3006 1448/1640/3006
f 1451/1643/3007 1450/1642/3007 1449/1641/3007
f 1451/1643/3007 1452/1644/3007 1450/1642/3007
f 1453/1645/3008 1452/1644/3008 1451/1643/3008
f 1453/1645/3016 1454/1646/3016 1452/1644/3016
f 1412/1647/3009 1454/1646/3009 1453/1645/3009
f 1412/1647/3009 1413/1648/3009 1454/1646/3009
f 1455/1603/3010 1457/1604/3010 1456/1605/3010
f 1455/1603/2986 1458/1606/2986 1457/1604/2986
f 1459/1607/2987 1458/1606/2987 1455/1603/2987
f 1459/1607/2987 1460/1608/2987 1458/1606/2987
f 1461/1609/2988 1460/1608/2988 1459/1607/2988
f 1461/1609/2988 1462/1610/2988 1460/1608/2988
f 1463/1611/2989 1462/1610/2989 1461/1609/2989
f 1463/1611/2989 1464/1612/2989 1462/1610/2989
f 1465/1613/2990 1464/1612/2990 1463/1611/2990
f 1465/1613/2990 1466/1614/2990 1464/1612/2990
f 1467/1615/3011 1466/1614/3011 1465/1613/3011
f 1467/1615/3011 1468/1616/3011 1466/1614/3011
f 1469/1617/3013 1468/1616/3013 1467/1615/3013
f 1469/1617/3013 1470/1618/3013 1468/1616/3013
f 1471/1619/2993 1470/1618/2993 1469/1617/2993
f 1471/1619/2993 1472/1620/2993 1470/1618/2993
f 1473/1621/2994 1472/1620/2994 1471/1619/2994
f 1473/1621/2994 1474/1622/2994 1472/1620/2994
f 1475/1623/2996 1474/1622/2996 1473/1621/2996
f 1475/1623/2996 1476/1624/2996 1474/1622/2996
f 1477/1625/2997 1476/1624/2997 1475/1623/2997
f 1477/1625/2997 1478/1626/2997 1476/1624/2997
f 1479/1627/2998 1478/1626/2998 1477/1625/2998
f 1479/1627/2999 1480/1628/2999 1478/1626/2999
f 1481/1629/3000 1480/1628/3000 1479/1627/3000
f 1481/1629/3019 1482/1630/3019 1480/1628/3019
f 1483/1631/3001 1482/1630/3001 1481/1629/3001
f 1483/1631/3001 1484/1632/3001 1482/1630/3001
f 1485/1633/3002 1484/1632/3002 1483/1631/3002
f 1485/1633/3002 1486/1634/3002 1484/1632/3002
f 1487/1635/3003 1486/1634/3003 1485/1633/3003
f 1487/1635/3003 1488/1636/3003 1486/1634/3003
f 1489/1637/3004 1488/1636/3004 1487/1635/3004
f 1489/1637/3004 1490/1638/3004 1488/1636/3004
f 1491/1639/3026 1490/1638/3026 1489/1637/3026
f 1491/1639/3026 1492/1640/3026 1490/1638/3026
f 1493/1641/3006 1492/1640/3006 1491/1639/3006
f 1493/1641/3006 1494/1642/3006 1492/1640/3006
f 1495/1643/3022 1494/1642/3022 1493/1641/3022
f 1495/1643/3022 1496/1644/3022 1494/1642/3022
f 1497/1645/3023 1496/1644/3023 1495/1643/3023
f 1497/1645/3023 1498/1646/3023 1496/1644/3023
f 1456/1647/3009 1498/1646/3009 1497/1645/3009
f 1456/1647/3009 1457/1648/3009 1498/1646/3009
f 1372/1608/3029 1374/1610/3029 1370/1606/3029
f 1374/1610/3029 1376/1612/3029 1369/1604/3029 1370/1606/3029
f 1410/1646/3029 1369/1604/3029 1376/1612/3029 1378/1614/3029
f 1408/1644/3029 1410/1646/3029 1378/1614/3029 1380/1616/3029
f 1380/1616/3029 1382/1618/3029 1406/1642/3029 1408/1644/3029
f 1382/1618/3029 1384/1620/3029 1404/1640/3029 1406/1642/3029
f 1384/1620/3029 1386/1622/3029 1402/1638/3029 1404/1640/3029
f 1400/1636/3029 1402/1638/3029 1386/1622/3029 1388/1624/3029
f 1388/1624/3029 1390/1626/3029 1398/1634/3029 1400/1636/3029
f 1396/1632/3029 1398/1634/3029 1390/1626/3029 1392/1628/3029
f 1392/1628/3029 1394/1630/3029 1396/1632/3029
f 1330/1610/3029 1332/1612/3029 1328/1608/3029
f 1332/1612/3029 1334/1614/3029 1326/1606/3029 1328/1608/3029
f 1334/1614/3029 1336/1616/3029 1325/1604/3029 1326/1606/3029
f 1366/1646/3029 1325/1604/3029 1336/1616/3029 1338/1618/3029
f 1364/1644/3029 1366/1646/3029 1338/1618/3029 1340/1620/3029
f 1340/1620/3029 1342/1622/3029 1362/1642/3029 1364/1644/3029
f 1342/1622/3029 1344/1624/3029 1360/1640/3029 1362/1642/3029
f 1358/1638/3029 1360/1640/3029 1344/1624/3029 1346/1626/3029
f 1356/1636/3029 1358/1638/3029 1346/1626/3029 1348/1628/3029
f 1348/1628/3029 1350/1630/3029 1354/1634/3029 1356/1636/3029
f 1352/1632/3029 1354/1634/3029 1350/1630/3029
f 1284/1608/3029 1286/1610/3029 1282/1606/3029
f 1286/1610/3029 1288/1612/3029 1281/1604/3029 1282/1606/3029
f 1322/1646/3029 1281/1604/3029 1288/1612/3029 1290/1614/3029
f 1320/1644/3029 1322/1646/3029 1290/1614/3029 1292/1616/3029
f 1292/1616/3029 1294/1618/3029 1318/1642/3029 1320/1644/3029
f 1316/1640/3029 1318/1642/3029 1294/1618/3029 1296/1620/3029
f 1296/1620/3029 1298/1622/3029 1314/1638/3029 1316/1640/3029
f 1312/1636/3029 1314/1638/3029 1298/1622/3029 1300/1624/3029
f 1300/1624/3029 1302/1626/3029 1310/1634/3029 1312/1636/3029
f 1308/1632/3029 1310/1634/3029 1302/1626/3029 1304/1628/3029
f 1304/1628/3030 1306/1630/3030 1308/1632/3030
f 1238/1606/3031 1240/1608/3031 1237/1604/3031
f 1278/1646/3029 1237/1604/3029 1240/1608/3029 1242/1610/3029
f 1276/1644/3029 1278/1646/3029 1242/1610/3029 1244/1612/3029
f 1244/1612/3029 1246/1614/3029 1274/1642/3029 1276/1644/3029
f 1246/1614/3029 1248/1616/3029 1272/1640/3029 1274/1642/3029
f 1270/1638/3029 1272/1640/3029 1248/1616/3029 1250/1618/3029
f 1268/1636/3029 1270/1638/3029 1250/1618/3029 1252/1620/3029
f 1252/1620/3029 1254/1622/3029 1266/1634/3029 1268/1636/3029
f 1254/1622/3029 1256/1624/3029 1264/1632/3029 1266/1634/3029
f 1262/1630/3029 1264/1632/3029 1256/1624/3029 1258/1626/3029
f 1260/1628/3032 1262/1630/3032 1258/1626/3032
f 1196/1608/3029 1198/1610/3029 1194/1606/3029
f 1198/1610/3029 1200/1612/3029 1193/1604/3029 1194/1606/3029
f 1202/1614/3029 1234/1646/3029 1193/1648/3029 1200/1612/3029
f 1232/1644/3029 1234/1646/3029 1202/1614/3029 1204/1616/3029
f 1204/1616/3029 1206/1618/3029 1230/1642/3029 1232/1644/3029
f 1228/1640/3029 1230/1642/3029 1206/1618/3029 1208/1620/3029
f 1208/1620/3029 1210/1622/3029 1226/1638/3029 1228/1640/3029
f 1224/1636/3029 1226/1638/3029 1210/1622/3029 1212/1624/3029
f 1212/1624/3029 1214/1626/3029 1222/1634/3029 1224/1636/3029
f 1220/1632/3029 1222/1634/3029 1214/1626/3029 1216/1628/3029
f 1216/1628/3029 1218/1630/3029 1220/1632/3029
f 1150/1606/3029 1152/1608/3029 1149/1604/3029
f 1154/1610/3029 1190/1646/3029 1149/1648/3029 1152/1608/3029
f 1188/1644/3029 1190/1646/3029 1154/1610/3029 1156/1612/3029
f 1156/1612/3029 1158/1614/3029 1186/1642/3029 1188/1644/3029
f 1158/1614/3029 1160/1616/3029 1184/1640/3029 1186/1642/3029
f 1182/1638/3029 1184/1640/3029 1160/1616/3029 1162/1618/3029
f 1180/1636/3029 1182/1638/3029 1162/1618/3029 1164/1620/3029
f 1164/1620/3029 1166/1622/3029 1178/1634/3029 1180/1636/3029
f 1166/1622/3029 1168/1624/3029 1176/1632/3029 1178/1634/3029
f 1174/1630/3029 1176/1632/3029 1168/1624/3029 1170/1626/3029
f 1172/1628/3029 1174/1630/3029 1170/1626/3029
f 1108/1608/3031 1110/1610/3031 1106/1606/3031
f 1110/1610/3029 1112/1612/3029 1105/1604/3029 1106/1606/3029
f 1146/1646/3029 1105/1604/3029 1112/1612/3029 1114/1614/3029
f 1144/1644/3029 1146/1646/3029 1114/1614/3029 1116/1616/3029
f 1116/1616/3029 1118/1618/3029 1142/1642/3029 1144/1644/3029
f 1140/1640/3029 1142/1642/3029 1118/1618/3029 1120/1620/3029
f 1120/1620/3029 1122/1622/3029 1138/1638/3029 1140/1640/3029
f 1136/1636/3029 1138/1638/3029 1122/1622/3029 1124/1624/3029
f 1124/1624/3029 1126/1626/3029 1134/1634/3029 1136/1636/3029
f 1132/1632/3029 1134/1634/3029 1126/1626/3029 1128/1628/3029
f 1128/1628/3029 1130/1630/3029 1132/1632/3029
f 1062/1606/3031 1064/1608/3031 1061/1604/3031
f 1102/1646/3029 1061/1604/3029 1064/1608/3029 1066/1610/3029
f 1100/1644/3029 1102/1646/3029 1066/1610/3029 1068/1612/3029
f 1068/1612/3029 1070/1614/3029 1098/1642/3029 1100/1644/3029
f 1070/1614/3029 1072/1616/3029 1096/1640/3029 1098/1642/3029
f 1094/1638/3029 1096/1640/3029 1072/1616/3029 1074/1618/3029
f 1092/1636/3029 1094/1638/3029 1074/1618/3029 1076/1620/3029
f 1076/1620/3029 1078/1622/3029 1090/1634/3029 1092/1636/3029
f 1078/1622/3029 1080/1624/3029 1088/1632/3029 1090/1634/3029
f 1086/1630/3029 1088/1632/3029 1080/1624/3029 1082/1626/3029
f 1084/1628/3032 1086/1630/3032 1082/1626/3032
f 1460/1608/3029 1462/1610/3029 1458/1606/3029
f 1462/1610/3029 1464/1612/3029 1457/1604/3029 1458/1606/3029
f 1498/1646/3029 1457/1604/3029 1464/1612/3029 1466/1614/3029
f 1496/1644/3029 1498/1646/3029 1466/1614/3029 1468/1616/3029
f 1494/1642/3029 1496/1644/3029 1468/1616/3029 1470/1618/3029
f 1492/1640/3029 1494/1642/3029 1470/1618/3029 1472/1620/3029
f 1472/1620/3029 1474/1622/3029 1490/1638/3029 1492/1640/3029
f 1488/1636/3029 1490/1638/3029 1474/1622/3029 1476/1624/3029
f 1476/1624/3029 1478/1626/3029 1486/1634/3029 1488/1636/3029
f 1484/1632/3029 1486/1634/3029 1478/1626/3029 1480/1628/3029
f 1480/1628/3030 1482/1630/3030 1484/1632/3030
f 1416/1608/3029 1418/1610/3029 1414/1606/3029
f 1413/1604/3029 1414/1606/3029 1418/1610/3029 1420/1612/3029
f 1422/1614/3029 1454/1646/3029 1413/1648/3029 1420/1612/3029
f 1452/1644/3029 1454/1646/3029 1422/1614/3029 1424/1616/3029
f 1424/1616/3029 1426/1618/3029 1450/1642/3029 1452/1644/3029
f 1448/1640/3029 1450/1642/3029 1426/1618/3029 1428/1620/3029
f 1446/1638/3029 1448/1640/3029 1428/1620/3029 1430/1622/3029
f 1444/1636/3029 1446/1638/3029 1430/1622/3029 1432/1624/3029
f 1432/1624/3029 1434/1626/3029 1442/1634/3029 1444/1636/3029
f 1440/1632/3029 1442/1634/3029 1434/1626/3029 1436/1628/3029
f 1436/1628/3029 1438/1630/3029 1440/1632/3029
o Shafts
v -2.501742 0.299999 -8.872131
v -2.495912 0.299999 -9.612205
v -2.495912 3.007565 -9.612206
v -2.501742 3.007566 -8.872131
v -0.515920 0.299999 -9.607155
v -0.515920 3.007565 -9.607155
v -0.506928 0.299999 -8.867043
v -0.506928 3.007566 -8.867043
v -0.523250 3.007566 -12.733692
v -0.523250 0.299998 -12.733691
v -0.514094 0.299998 -11.980139
v -0.514094 3.007565 -11.980140
v -2.512916 0.299998 -11.985236
v -2.512916 3.007565 -11.985237
v -2.506979 0.299998 -12.738753
v -2.506980 3.007565 -12.738754
v -8.579373 0.299999 -8.849393
v -8.573364 0.299999 -9.612364
v -8.573364 3.007565 -9.612366
v -8.579373 3.007566 -8.849394
v -6.593370 0.299999 -9.607314
v -6.593370 3.007566 -9.607316
v -6.584103 0.299999 -8.844304
v -6.584103 3.007566 -8.844304
v -8.585032 0.299999 -11.996344
v -8.579058 0.299999 -12.754238
v -8.579058 3.007565 -12.754239
v -8.585032 3.007565 -11.996345
v -6.595417 0.299999 -12.749178
v -6.595417 3.007566 -12.749180
v -6.586211 0.299999 -11.991245
v -6.586211 3.007565 -11.991245
v -14.556233 0.299998 -8.880301
v -14.550404 0.299998 -9.620372
v -14.550404 3.007566 -9.620373
v -14.556233 3.007566 -8.880301
v -12.570412 0.299998 -9.615322
v -12.570411 3.007565 -9.615324
v -12.561424 0.299998 -8.875214
v -12.561423 3.007565 -8.875215
v -14.605216 0.299999 -12.013122
v -14.599257 0.299999 -12.769592
v -14.599255 3.007565 -12.769592
v -14.605215 3.007566 -12.013123
v -12.615588 0.299999 -12.764532
v -12.615587 3.007565 -12.764533
v -12.606397 0.299999 -12.008026
v -12.606396 3.007565 -12.008025
v -20.624207 0.299999 -8.854428
v -20.618196 0.299999 -9.617400
v -20.618195 3.007565 -9.617401
v -20.624205 3.007566 -8.854429
v -18.638197 0.299999 -9.612351
v -18.638197 3.007565 -9.612351
v -18.628933 0.299999 -8.849341
v -18.628933 3.007566 -8.849341
v -20.605663 0.299999 -12.014154
v -20.599522 0.299999 -12.778132
v -20.599518 3.007565 -12.778133
v -20.605659 3.007565 -12.014155
v -18.615828 0.299999 -12.749166
v -18.615828 3.007565 -12.749167
v -18.606842 0.299999 -12.009056
v -18.606842 3.007565 -12.009057
v -26.576218 0.299999 -8.872409
v -26.570271 0.299999 -9.627307
v -26.570267 3.007565 -9.627308
v -26.576214 3.007566 -8.872409
v -24.590279 0.299999 -9.622258
v -24.590277 3.007566 -9.622259
v -24.581108 0.299999 -8.867319
v -24.581106 3.007566 -8.867321
v -26.570196 0.299999 -12.022123
v -26.563623 0.299999 -12.762195
v -26.563622 3.007565 -12.762196
v -26.570194 3.007565 -12.022124
v -24.580372 0.299999 -12.757135
v -24.580372 3.007565 -12.757135
v -24.571383 0.299998 -12.017026
v -24.571381 3.007565 -12.017027
vn -1.0000 -0.0000 -0.0079
vn 0.0026 -0.0000 -1.0000
vn 0.9999 -0.0000 -0.0121
vn -0.0026 -0.0000 1.0000
vn 0.0025 -0.0000 -1.0000
vn -0.0025 -0.0000 1.0000
vn -1.0000 -0.0000 -0.0080
vn 0.0146 -0.0000 -0.9999
vn -1.0000 -0.0000 -0.0089
vn -0.0000 1.0000 -0.0000
vt 0.375000 0.000000
vt 0.625000 0.250000
vt 0.375000 0.250000
vt 0.625000 0.000000
vt 0.625000 0.500000
vt 0.375000 0.500000
vt 0.625000 0.750000
vt 0.375000 0.750000
vt 0.625000 1.000000
vt 0.375000 1.000000
s 0
usemtl Default_Material
f 1499/1649/3033 1501/1650/3033 1500/1651/3033
f 1499/1649/3033 1502/1652/3033 1501/1650/3033
f 1500/1651/3034 1504/1653/3034 1503/1654/3034
f 1500/1651/3034 1501/1650/3034 1504/1653/3034
f 1503/1654/3035 1506/1655/3035 1505/1656/3035
f 1503/1654/3035 1504/1653/3035 1506/1655/3035
f 1505/1656/3036 1502/1657/3036 1499/1658/3036
f 1505/1656/3036 1506/1655/3036 1502/1657/3036
f 1507/1649/3035 1509/1650/3035 1508/1652/3035
f 1507/1649/3035 1510/1651/3035 1509/1650/3035
f 1510/1651/3036 1511/1653/3036 1509/1650/3036
f 1510/1651/3036 1512/1654/3036 1511/1653/3036
f 1512/1654/3033 1513/1655/3033 1511/1653/3033
f 1512/1654/3033 1514/1656/3033 1513/1655/3033
f 1514/1656/3034 1508/1657/3034 1513/1655/3034
f 1514/1656/3034 1507/1658/3034 1508/1657/3034
f 1515/1649/3033 1517/1650/3033 1516/1651/3033
f 1515/1649/3033 1518/1652/3033 1517/1650/3033
f 1516/1651/3034 1520/1653/3034 1519/1654/3034
f 1516/1651/3037 1517/1650/3037 1520/1653/3037
f 1519/1654/3035 1522/1655/3035 1521/1656/3035
f 1519/1654/3035 1520/1653/3035 1522/1655/3035
f 1521/1656/3036 1518/1657/3036 1515/1658/3036
f 1521/1656/3036 1522/1655/3036 1518/1657/3036
f 1523/1649/3033 1525/1650/3033 1524/1651/3033
f 1523/1649/3033 1526/1652/3033 1525/1650/3033
f 1524/1651/3034 1528/1653/3034 1527/1654/3034
f 1524/1651/3037 1525/1650/3037 1528/1653/3037
f 1527/1654/3035 1530/1655/3035 1529/1656/3035
f 1527/1654/3035 1528/1653/3035 1530/1655/3035
f 1529/1656/3036 1526/1657/3036 1523/1658/3036
f 1529/1656/3036 1530/1655/3036 1526/1657/3036
f 1531/1649/3033 1533/1650/3033 1532/1651/3033
f 1531/1649/3033 1534/1652/3033 1533/1650/3033
f 1532/1651/3037 1536/1653/3037 1535/1654/3037
f 1532/1651/3034 1533/1650/3034 1536/1653/3034
f 1535/1654/3035 1538/1655/3035 1537/1656/3035
f 1535/1654/3035 1536/1653/3035 1538/1655/3035
f 1537/1656/3036 1534/1657/3036 1531/1658/3036
f 1537/1656/3036 1538/1655/3036 1534/1657/3036
f 1539/1649/3033 1541/1650/3033 1540/1651/3033
f 1539/1649/3033 1542/1652/3033 1541/1650/3033
f 1540/1651/3034 1544/1653/3034 1543/1654/3034
f 1540/1651/3037 1541/1650/3037 1544/1653/3037
f 1543/1654/3035 1546/1655/3035 1545/1656/3035
f 1543/1654/3035 1544/1653/3035 1546/1655/3035
f 1545/1656/3038 1542/1657/3038 1539/1658/3038
f 1545/1656/3036 1546/1655/3036 1542/1657/3036
f 1547/1649/3033 1549/1650/3033 1548/1651/3033
f 1547/1649/3033 1550/1652/3033 1549/1650/3033
f 1548/1651/3034 1552/1653/3034 1551/1654/3034
f 1548/1651/3034 1549/1650/3034 1552/1653/3034
f 1551/1654/3035 1554/1655/3035 1553/1656/3035
f 1551/1654/3035 1552/1653/3035 1554/1655/3035
f 1553/1656/3036 1550/1657/3036 1547/1658/3036
f 1553/1656/3038 1554/1655/3038 1550/1657/3038
f 1555/1649/3039 1557/1650/3039 1556/1651/3039
f 1555/1649/3039 1558/1652/3039 1557/1650/3039
f 1556/1651/3040 1560/1653/3040 1559/1654/3040
f 1556/1651/3040 1557/1650/3040 1560/1653/3040
f 1559/1654/3035 1562/1655/3035 1561/1656/3035
f 1559/1654/3035 1560/1653/3035 1562/1655/3035
f 1561/1656/3036 1558/1657/3036 1555/1658/3036
f 1561/1656/3036 1562/1655/3036 1558/1657/3036
f 1563/1649/3033 1565/1650/3033 1564/1651/3033
f 1563/1649/3033 1566/1652/3033 1565/1650/3033
f 1564/1651/3037 1568/1653/3037 1567/1654/3037
f 1564/1651/3034 1565/1650/3034 1568/1653/3034
f 1567/1654/3035 1570/1655/3035 1569/1656/3035
f 1567/1654/3035 1568/1653/3035 1570/1655/3035
f 1569/1656/3036 1566/1657/3036 1563/1658/3036
f 1569/1656/3038 1570/1655/3038 1566/1657/3038
f 1571/1649/3041 1573/1650/3041 1572/1651/3041
f 1571/1649/3041 1574/1652/3041 1573/1650/3041
f 1572/1651/3034 1576/1653/3034 1575/1654/3034
f 1572/1651/3034 1573/1650/3034 1576/1653/3034
f 1575/1654/3035 1578/1655/3035 1577/1656/3035
f 1575/1654/3035 1576/1653/3035 1578/1655/3035
f 1577/1656/3036 1574/1657/3036 1571/1658/3036
f 1577/1656/3036 1578/1655/3036 1574/1657/3036
f 1522/1655/3042 1520/1653/3042 1517/1650/3042 1518/1652/3042
f 1530/1655/3042 1528/1653/3042 1525/1650/3042 1526/1652/3042
f 1514/1656/3042 1512/1654/3042 1507/1658/3042
f 1510/1651/3042 1507/1658/3042 1512/1654/3042
f 1502/1652/3042 1504/1653/3042 1501/1650/3042
f 1504/1653/3042 1502/1652/3042 1506/1655/3042
f 1534/1652/3042 1536/1653/3042 1533/1650/3042
f 1538/1655/3042 1536/1653/3042 1534/1652/3042
f 1544/1653/3042 1541/1650/3042 1542/1652/3042
f 1546/1655/3042 1544/1653/3042 1542/1657/3042
f 1558/1652/3042 1560/1653/3042 1557/1650/3042
f 1562/1655/3042 1560/1653/3042 1558/1652/3042
f 1550/1652/3042 1552/1653/3042 1549/1650/3042
f 1552/1653/3042 1550/1652/3042 1554/1655/3042
f 1574/1652/3042 1576/1653/3042 1573/1650/3042
f 1578/1655/3042 1576/1653/3042 1574/1652/3042
f 1566/1652/3042 1568/1653/3042 1565/1650/3042
f 1570/1655/3042 1568/1653/3042 1566/1652/3042
o SildeDoor1Glass
v -5.578276 0.339999 -8.824490
v -5.578275 2.959998 -8.824490
v -5.578270 0.339999 -8.822489
v -5.578270 2.959999 -8.822489
v -2.502065 2.959998 -8.829494
v -2.502069 2.959999 -8.831494
v -2.502065 0.339999 -8.829494
v -2.502068 0.339999 -8.831494
vn -1.0000 -0.0000 0.0013
vn -1.0000 -0.0005 0.0031
vn -1.0000 -0.0000 0.0031
vn -1.0000 0.0018 0.0026
vn -1.0000 -0.0000 0.0033
vn -0.0000 1.0000 0.0001
vn -0.0000 1.0000 -0.0000
vn -0.0000 1.0000 0.0006
vn -0.0000 1.0000 -0.0003
vn -0.0006 1.0000 -0.0003
vn 0.0023 -0.0000 1.0000
vn -0.0000 -1.0000 -0.0000
vn -0.0023 -0.0000 -1.0000
vn 1.0000 -0.0000 -0.0028
vn 1.0000 -0.0000 -0.0020
vn 1.0000 -0.0000 -0.0025
vn 1.0000 -0.0005 -0.0015
vn 1.0000 -0.0000 -0.0015
vt -0.100000 0.000000
vt 0.100000 0.000000
vt -0.100000 262.000000
vt 0.100000 262.000000
vt 0.000000 0.200000
vt 0.000000 0.000000
vt 307.621796 0.200000
vt 307.621796 -0.000000
vt -0.000000 262.000000
vt 307.621796 262.000000
s 0
usemtl Material__28
f 1579/1659/3043 1581/1660/3043 1580/1661/3044
f 1580/1661/3045 1581/1660/3046 1582/1662/3047
f 1583/1663/3048 1584/1664/3049 1582/1665/3050
f 1582/1665/3051 1584/1664/3052 1580/1666/3049
f 1583/1664/3053 1582/1666/3053 1585/1667/3053
f 1585/1667/3053 1582/1666/3053 1581/1668/3053
f 1585/1664/3054 1581/1666/3054 1586/1663/3054
f 1586/1663/3054 1581/1666/3054 1579/1665/3054
f 1586/1664/3055 1579/1666/3055 1584/1667/3055
f 1584/1667/3055 1579/1666/3055 1580/1668/3055
f 1583/1661/3056 1585/1659/3057 1584/1662/3058
f 1584/1662/3059 1585/1659/3060 1586/1660/3060
o SildeDoor1Glass_1
v -5.741492 0.339999 -8.779415
v -5.741491 2.959997 -8.779415
v -5.741487 0.339999 -8.777414
v -5.741487 2.959997 -8.777414
v -2.665282 2.959997 -8.784419
v -2.665285 2.959997 -8.786420
v -2.665281 0.339999 -8.784419
v -2.665285 0.339998 -8.786420
vn -1.0000 -0.0000 0.0013
vn -1.0000 -0.0013 0.0024
vn -1.0000 -0.0000 0.0032
vn -1.0000 0.0011 0.0019
vn -0.0000 1.0000 -0.0000
vn 0.0023 -0.0000 1.0000
vn -0.0000 -1.0000 0.0001
vn -0.0000 -1.0000 0.0005
vn -0.0000 -1.0000 -0.0000
vn -0.0023 -0.0000 -1.0000
vn 1.0000 -0.0000 -0.0029
vn 1.0000 -0.0000 -0.0015
vn 1.0000 -0.0000 -0.0025
vn 1.0000 -0.0010 -0.0020
vn 1.0000 -0.0000 -0.0020
vt -0.100000 0.000000
vt 0.100000 0.000000
vt -0.100000 262.000000
vt 0.100000 262.000000
vt 0.000000 0.200000
vt 0.000000 0.000000
vt 307.621796 0.200000
vt 307.621796 -0.000000
vt -0.000000 262.000000
vt 307.621796 262.000000
s 0
usemtl Material__28
f 1587/1669/3061 1589/1670/3061 1588/1671/3062
f 1588/1671/3063 1589/1670/3064 1590/1672/3063
f 1591/1673/3065 1592/1674/3065 1590/1675/3065
f 1590/1675/3065 1592/1674/3065 1588/1676/3065
f 1591/1674/3066 1590/1676/3066 1593/1677/3066
f 1593/1677/3066 1590/1676/3066 1589/1678/3066
f 1593/1674/3067 1589/1676/3068 1594/1673/3068
f 1594/1673/3069 1589/1676/3069 1587/1675/3069
f 1594/1674/3070 1587/1676/3070 1592/1677/3070
f 1592/1677/3070 1587/1676/3070 1588/1678/3070
f 1591/1671/3071 1593/1669/3072 1592/1672/3073
f 1592/1672/3074 1593/1669/3075 1594/1670/3075
o SlideDoor1Fixed
v -5.578232 3.000000 -8.803494
v -5.578232 2.959999 -8.803494
v -5.578320 3.000000 -8.843493
v -5.578320 2.959999 -8.843493
v -2.502021 2.999999 -8.810498
v -2.502021 2.959999 -8.810499
v -2.502112 2.959999 -8.850499
v -2.502112 3.000000 -8.850499
v -5.578321 0.339999 -8.843494
v -5.578233 0.339999 -8.803494
v -5.538230 2.959999 -8.803586
v -5.538321 2.959999 -8.843587
v -5.538321 0.339999 -8.843586
v -5.538230 0.339999 -8.803586
v -2.542114 2.960000 -8.850409
v -2.542023 2.959999 -8.810408
v -2.542114 0.339999 -8.850409
v -2.542023 0.339999 -8.810409
v -2.502112 0.339999 -8.850500
v -2.502021 0.339999 -8.810498
v -5.578321 0.299999 -8.843494
v -5.578233 0.299999 -8.803494
v -2.502021 0.299999 -8.810498
v -2.502112 0.299999 -8.850499
vn -1.0000 -0.0000 0.0022
vn 0.0023 -0.0000 1.0000
vn -0.0000 -1.0000 -0.0000
vn -0.0023 -0.0000 -1.0000
vn -0.0000 1.0000 -0.0000
vn 1.0000 -0.0000 -0.0023
vn -1.0000 -0.0000 0.0023
vt 2.000000 0.000000
vt -2.000000 0.000000
vt 2.000000 -4.000000
vt -2.000000 -4.000000
vt -0.000000 0.000000
vt 307.621796 0.000000
vt 0.000000 4.000000
vt 307.621796 4.000000
vt 10.000000 0.000000
vt 272.000000 0.000000
vt 10.000000 4.000000
vt 272.000000 4.000000
vt -2.000000 6.000000
vt -6.000000 6.000000
vt -2.000000 2.000000
vt -6.000000 2.000000
s 0
usemtl Material__31
f 1595/1679/3076 1597/1680/3076 1596/1681/3076
f 1596/1681/3076 1597/1680/3076 1598/1682/3076
f 1599/1683/3077 1595/1684/3077 1600/1685/3077
f 1600/1685/3077 1595/1684/3077 1596/1686/3077
f 1600/1683/3078 1596/1684/3078 1601/1685/3078
f 1601/1685/3078 1596/1684/3078 1598/1686/3078
f 1601/1683/3079 1598/1684/3079 1602/1685/3079
f 1602/1685/3079 1598/1684/3079 1597/1686/3079
f 1599/1685/3080 1602/1683/3080 1595/1686/3080
f 1595/1686/3080 1602/1683/3080 1597/1684/3080
f 1599/1680/3081 1600/1682/3081 1602/1679/3081
f 1602/1679/3081 1600/1682/3081 1601/1681/3081
f 1598/1687/3076 1603/1688/3076 1596/1689/3076
f 1596/1689/3076 1603/1688/3076 1604/1690/3076
f 1605/1691/3080 1606/1692/3080 1596/1693/3080
f 1596/1693/3080 1606/1692/3080 1598/1694/3080
f 1606/1687/3079 1607/1688/3079 1598/1689/3079
f 1598/1689/3079 1607/1688/3079 1603/1690/3079
f 1607/1694/3078 1608/1693/3078 1603/1692/3078
f 1603/1692/3078 1608/1693/3078 1604/1691/3078
f 1608/1690/3077 1605/1689/3077 1604/1688/3077
f 1604/1688/3077 1605/1689/3077 1596/1687/3077
f 1605/1687/3081 1608/1688/3081 1606/1689/3081
f 1606/1689/3081 1608/1688/3081 1607/1690/3081
f 1609/1687/3082 1611/1688/3082 1610/1689/3082
f 1610/1689/3082 1611/1688/3082 1612/1690/3082
f 1600/1691/3080 1601/1692/3080 1610/1693/3080
f 1610/1693/3080 1601/1692/3080 1609/1694/3080
f 1601/1687/3079 1613/1688/3079 1609/1689/3079
f 1609/1689/3079 1613/1688/3079 1611/1690/3079
f 1613/1694/3078 1614/1693/3078 1611/1692/3078
f 1611/1692/3078 1614/1693/3078 1612/1691/3078
f 1614/1690/3077 1600/1689/3077 1612/1688/3077
f 1612/1688/3077 1600/1689/3077 1610/1687/3077
f 1600/1687/3081 1614/1688/3081 1601/1689/3081
f 1601/1689/3081 1614/1688/3081 1613/1690/3081
f 1615/1682/3076 1616/1681/3076 1603/1680/3076
f 1603/1680/3076 1616/1681/3076 1604/1679/3076
f 1614/1685/3080 1613/1683/3080 1604/1686/3080
f 1604/1686/3080 1613/1683/3080 1603/1684/3080
f 1614/1683/3077 1604/1684/3077 1617/1685/3077
f 1617/1685/3077 1604/1684/3077 1616/1686/3077
f 1617/1683/3078 1616/1684/3078 1618/1685/3078
f 1618/1685/3078 1616/1684/3078 1615/1686/3078
f 1618/1683/3079 1615/1684/3079 1613/1685/3079
f 1613/1685/3079 1615/1684/3079 1603/1686/3079
f 1614/1680/3081 1617/1682/3081 1613/1679/3081
f 1613/1679/3081 1617/1682/3081 1618/1681/3081
o SlideDoor1Moveable
v -5.741449 2.999999 -8.758420
v -5.741449 2.959998 -8.758420
v -5.741537 2.999999 -8.798419
v -5.741537 2.959998 -8.798419
v -2.665237 2.999998 -8.765424
v -2.665238 2.959998 -8.765425
v -2.665329 2.959998 -8.805425
v -2.665328 2.999999 -8.805425
v -5.741537 0.339998 -8.798420
v -5.741449 0.339998 -8.758420
v -5.701447 2.959998 -8.758512
v -5.701538 2.959998 -8.798512
v -5.701538 0.339998 -8.798512
v -5.701447 0.339998 -8.758512
v -2.705331 2.959999 -8.805334
v -2.705240 2.959998 -8.765333
v -2.705331 0.339998 -8.805334
v -2.705240 0.339998 -8.765334
v -2.665328 0.339998 -8.805426
v -2.665237 0.339998 -8.765424
v -5.741537 0.299998 -8.798420
v -5.741449 0.299998 -8.758420
v -2.665237 0.299998 -8.765424
v -2.665328 0.299998 -8.805425
vn -1.0000 -0.0000 0.0022
vn 0.0023 -0.0000 1.0000
vn -0.0000 -1.0000 -0.0000
vn -0.0023 -0.0000 -1.0000
vn -0.0000 1.0000 -0.0000
vn 1.0000 -0.0000 -0.0023
vn -1.0000 -0.0000 0.0023
vt 2.000000 0.000000
vt -2.000000 0.000000
vt 2.000000 -4.000000
vt -2.000000 -4.000000
vt -0.000000 0.000000
vt 307.621796 0.000000
vt 0.000000 4.000000
vt 307.621796 4.000000
vt 10.000000 0.000000
vt 272.000000 0.000000
vt 10.000000 4.000000
vt 272.000000 4.000000
vt -2.000000 6.000000
vt -6.000000 6.000000
vt -2.000000 2.000000
vt -6.000000 2.000000
s 0
usemtl Material__31
f 1619/1695/3083 1621/1696/3083 1620/1697/3083
f 1620/1697/3083 1621/1696/3083 1622/1698/3083
f 1623/1699/3084 1619/1700/3084 1624/1701/3084
f 1624/1701/3084 1619/1700/3084 1620/1702/3084
f 1624/1699/3085 1620/1700/3085 1625/1701/3085
f 1625/1701/3085 1620/1700/3085 1622/1702/3085
f 1625/1699/3086 1622/1700/3086 1626/1701/3086
f 1626/1701/3086 1622/1700/3086 1621/1702/3086
f 1623/1701/3087 1626/1699/3087 1619/1702/3087
f 1619/1702/3087 1626/1699/3087 1621/1700/3087
f 1623/1696/3088 1624/1698/3088 1626/1695/3088
f 1626/1695/3088 1624/1698/3088 1625/1697/3088
f 1622/1703/3083 1627/1704/3083 1620/1705/3083
f 1620/1705/3083 1627/1704/3083 1628/1706/3083
f 1629/1707/3087 1630/1708/3087 1620/1709/3087
f 1620/1709/3087 1630/1708/3087 1622/1710/3087
f 1630/1703/3086 1631/1704/3086 1622/1705/3086
f 1622/1705/3086 1631/1704/3086 1627/1706/3086
f 1631/1710/3085 1632/1709/3085 1627/1708/3085
f 1627/1708/3085 1632/1709/3085 1628/1707/3085
f 1632/1706/3084 1629/1705/3084 1628/1704/3084
f 1628/1704/3084 1629/1705/3084 1620/1703/3084
f 1629/1703/3088 1632/1704/3088 1630/1705/3088
f 1630/1705/3088 1632/1704/3088 1631/1706/3088
f 1633/1703/3089 1635/1704/3089 1634/1705/3089
f 1634/1705/3089 1635/1704/3089 1636/1706/3089
f 1624/1707/3087 1625/1708/3087 1634/1709/3087
f 1634/1709/3087 1625/1708/3087 1633/1710/3087
f 1625/1703/3086 1637/1704/3086 1633/1705/3086
f 1633/1705/3086 1637/1704/3086 1635/1706/3086
f 1637/1710/3085 1638/1709/3085 1635/1708/3085
f 1635/1708/3085 1638/1709/3085 1636/1707/3085
f 1638/1706/3084 1624/1705/3084 1636/1704/3084
f 1636/1704/3084 1624/1705/3084 1634/1703/3084
f 1624/1703/3088 1638/1704/3088 1625/1705/3088
f 1625/1705/3088 1638/1704/3088 1637/1706/3088
f 1639/1698/3083 1640/1697/3083 1627/1696/3083
f 1627/1696/3083 1640/1697/3083 1628/1695/3083
f 1638/1701/3087 1637/1699/3087 1628/1702/3087
f 1628/1702/3087 1637/1699/3087 1627/1700/3087
f 1638/1699/3084 1628/1700/3084 1641/1701/3084
f 1641/1701/3084 1628/1700/3084 1640/1702/3084
f 1641/1699/3085 1640/1700/3085 1642/1701/3085
f 1642/1701/3085 1640/1700/3085 1639/1702/3085
f 1642/1699/3086 1639/1700/3086 1637/1701/3086
f 1637/1701/3086 1639/1700/3086 1627/1702/3086
f 1638/1696/3088 1641/1698/3088 1637/1695/3088
f 1637/1695/3088 1641/1698/3088 1642/1697/3088
o SlideDoor2Fixed
v -23.079178 2.999999 -8.828313
v -23.079180 2.959999 -8.828313
v -23.079248 2.999999 -8.868314
v -23.079250 2.959999 -8.868314
v -20.624182 2.999999 -8.832600
v -20.624186 2.959999 -8.832600
v -20.624252 2.960000 -8.872600
v -20.624250 2.999999 -8.872600
v -20.664253 2.959999 -8.872529
v -20.664185 2.959999 -8.832530
v -20.664253 0.339999 -8.872529
v -20.664185 0.339999 -8.832530
v -20.624252 0.339999 -8.872599
v -20.624186 0.339999 -8.832599
v -23.079248 0.299999 -8.868314
v -23.079250 0.339999 -8.868314
v -23.079178 0.299999 -8.828313
v -23.079180 0.339999 -8.828313
v -20.624182 0.299999 -8.832600
v -20.624250 0.299999 -8.872599
v -23.039183 2.959999 -8.828383
v -23.039249 2.960000 -8.868384
v -23.039248 0.339999 -8.868384
v -23.039179 0.339999 -8.828383
vn -1.0000 0.0001 0.0018
vn 0.0017 -0.0000 1.0000
vn -0.0000 -1.0000 -0.0000
vn -0.0017 -0.0000 -1.0000
vn -0.0000 1.0000 -0.0000
vn 1.0000 -0.0001 -0.0017
vn 1.0000 -0.0000 -0.0017
vn -1.0000 -0.0000 0.0017
vn -0.0018 -0.0000 -1.0000
vn 0.0018 -0.0000 1.0000
vn -1.0000 -0.0001 0.0018
vn 1.0000 0.0001 -0.0017
vn -1.0000 -0.0000 0.0018
vt 2.000000 0.000000
vt -2.000000 0.000000
vt 2.000000 -4.000000
vt -2.000000 -4.000000
vt -0.000000 0.000000
vt 245.500000 0.000000
vt 0.000000 4.000000
vt 245.500000 4.000000
vt 10.000000 0.000000
vt 272.000000 0.000000
vt 10.000000 4.000000
vt 272.000000 4.000000
vt -2.000000 6.000000
vt -6.000000 6.000000
vt -2.000000 2.000000
vt -6.000000 2.000000
s 0
usemtl Material__31
f 1643/1711/3090 1645/1712/3090 1644/1713/3090
f 1644/1713/3090 1645/1712/3090 1646/1714/3090
f 1647/1715/3091 1643/1716/3091 1648/1717/3091
f 1648/1717/3091 1643/1716/3091 1644/1718/3091
f 1648/1715/3092 1644/1716/3092 1649/1717/3092
f 1649/1717/3092 1644/1716/3092 1646/1718/3092
f 1649/1715/3093 1646/1716/3093 1650/1717/3093
f 1650/1717/3093 1646/1716/3093 1645/1718/3093
f 1647/1717/3094 1650/1715/3094 1643/1718/3094
f 1643/1718/3094 1650/1715/3094 1645/1716/3094
f 1647/1712/3095 1648/1714/3095 1650/1711/3095
f 1650/1711/3096 1648/1714/3096 1649/1713/3096
f 1651/1719/3097 1653/1720/3097 1652/1721/3097
f 1652/1721/3097 1653/1720/3097 1654/1722/3097
f 1648/1723/3094 1649/1724/3094 1652/1725/3094
f 1652/1725/3094 1649/1724/3094 1651/1726/3094
f 1649/1719/3093 1655/1720/3093 1651/1721/3093
f 1651/1721/3098 1655/1720/3098 1653/1722/3098
f 1655/1726/3092 1656/1725/3092 1653/1724/3092
f 1653/1724/3092 1656/1725/3092 1654/1723/3092
f 1656/1722/3091 1648/1721/3091 1654/1720/3091
f 1654/1720/3099 1648/1721/3099 1652/1719/3099
f 1648/1719/3096 1656/1720/3096 1649/1721/3096
f 1649/1721/3096 1656/1720/3096 1655/1722/3096
f 1657/1714/3100 1659/1713/3100 1658/1712/3100
f 1658/1712/3100 1659/1713/3100 1660/1711/3100
f 1656/1717/3094 1655/1715/3094 1660/1718/3094
f 1660/1718/3094 1655/1715/3094 1658/1716/3094
f 1656/1715/3091 1660/1716/3091 1661/1717/3091
f 1661/1717/3091 1660/1716/3091 1659/1718/3091
f 1661/1715/3092 1659/1716/3092 1662/1717/3092
f 1662/1717/3092 1659/1716/3092 1657/1718/3092
f 1662/1715/3093 1657/1716/3093 1655/1717/3093
f 1655/1717/3093 1657/1716/3093 1658/1718/3093
f 1656/1712/3096 1661/1714/3096 1655/1711/3096
f 1655/1711/3101 1661/1714/3101 1662/1713/3101
f 1646/1719/3102 1658/1720/3102 1644/1721/3102
f 1644/1721/3102 1658/1720/3102 1660/1722/3102
f 1663/1723/3094 1664/1724/3094 1644/1725/3094
f 1644/1725/3094 1664/1724/3094 1646/1726/3094
f 1664/1719/3098 1665/1720/3098 1646/1721/3098
f 1646/1721/3093 1665/1720/3093 1658/1722/3093
f 1665/1726/3092 1666/1725/3092 1658/1724/3092
f 1658/1724/3092 1666/1725/3092 1660/1723/3092
f 1666/1722/3091 1663/1721/3091 1660/1720/3091
f 1660/1720/3099 1663/1721/3099 1644/1719/3099
f 1663/1719/3096 1666/1720/3096 1664/1721/3096
f 1664/1721/3096 1666/1720/3096 1665/1722/3096
o SlideDoor2Glass
v -23.079220 0.339999 -8.849316
v -23.079220 2.960000 -8.849316
v -23.079218 0.339999 -8.847317
v -23.079218 2.960000 -8.847316
v -20.624218 2.960000 -8.851601
v -20.624220 2.960000 -8.853601
v -20.624218 0.339999 -8.851601
v -20.624220 0.339999 -8.853601
vn -1.0000 -0.0000 0.0016
vn -1.0000 -0.0000 0.0010
vn -0.0000 1.0000 -0.0000
vn 0.0017 -0.0000 1.0000
vn -0.0000 -1.0000 -0.0000
vn -0.0017 -0.0000 -1.0000
vn 1.0000 -0.0000 -0.0010
vn 1.0000 -0.0000 -0.0013
vt -0.100000 0.000000
vt 0.100000 0.000000
vt -0.100000 262.000000
vt 0.100000 262.000000
vt 0.000000 0.200000
vt 0.000000 0.000000
vt 245.500000 0.200000
vt 245.500000 -0.000000
vt 0.000000 262.000000
vt 245.500000 262.000000
s 0
usemtl Material__28
f 1667/1727/3103 1669/1728/3104 1668/1729/3104
f 1668/1729/3104 1669/1728/3104 1670/1730/3104
f 1671/1731/3105 1672/1732/3105 1670/1733/3105
f 1670/1733/3105 1672/1732/3105 1668/1734/3105
f 1671/1732/3106 1670/1734/3106 1673/1735/3106
f 1673/1735/3106 1670/1734/3106 1669/1736/3106
f 1673/1732/3107 1669/1734/3107 1674/1731/3107
f 1674/1731/3107 1669/1734/3107 1667/1733/3107
f 1674/1732/3108 1667/1734/3108 1672/1735/3108
f 1672/1735/3108 1667/1734/3108 1668/1736/3108
f 1671/1729/3109 1673/1727/3109 1672/1730/3109
f 1672/1730/3109 1673/1727/3109 1674/1728/3110
o SlideDoor2Glass_1
v -23.442278 0.339999 -8.804141
v -23.442278 2.959999 -8.804141
v -23.442276 0.339999 -8.802142
v -23.442276 2.959998 -8.802141
v -20.987276 2.959998 -8.806426
v -20.987278 2.959998 -8.808427
v -20.987276 0.339999 -8.806426
v -20.987278 0.339999 -8.808426
vn -1.0000 -0.0000 0.0016
vn -1.0000 -0.0000 0.0010
vn -0.0000 1.0000 -0.0000
vn -0.0000 1.0000 0.0004
vn -0.0000 1.0000 0.0001
vn 0.0017 -0.0000 1.0000
vn -0.0000 -1.0000 -0.0000
vn -0.0017 -0.0000 -1.0000
vn 1.0000 -0.0000 -0.0010
vn 1.0000 0.0003 -0.0010
vn 1.0000 -0.0000 -0.0013
vt -0.100000 0.000000
vt 0.100000 0.000000
vt -0.100000 262.000000
vt 0.100000 262.000000
vt 0.000000 0.200000
vt 0.000000 0.000000
vt 245.500000 0.200000
vt 245.500000 -0.000000
vt 0.000000 262.000000
vt 245.500000 262.000000
s 0
usemtl Material__28
f 1675/1737/3111 1677/1738/3112 1676/1739/3112
f 1676/1739/3112 1677/1738/3112 1678/1740/3112
f 1679/1741/3113 1680/1742/3113 1678/1743/3113
f 1678/1743/3114 1680/1742/3114 1676/1744/3115
f 1679/1742/3116 1678/1744/3116 1681/1745/3116
f 1681/1745/3116 1678/1744/3116 1677/1746/3116
f 1681/1742/3117 1677/1744/3117 1682/1741/3117
f 1682/1741/3117 1677/1744/3117 1675/1743/3117
f 1682/1742/3118 1675/1744/3118 1680/1745/3118
f 1680/1745/3118 1675/1744/3118 1676/1746/3118
f 1679/1739/3119 1681/1737/3120 1680/1740/3119
f 1680/1740/3119 1681/1737/3121 1682/1738/3119
o SlideDoor2Moveable
v -23.442236 2.999998 -8.783138
v -23.442238 2.959998 -8.783138
v -23.442307 2.999998 -8.823139
v -23.442308 2.959998 -8.823139
v -20.987240 2.999998 -8.787425
v -20.987244 2.959998 -8.787425
v -20.987310 2.959999 -8.827425
v -20.987309 2.999998 -8.827425
v -21.027311 2.959998 -8.827354
v -21.027243 2.959998 -8.787355
v -21.027311 0.339998 -8.827354
v -21.027243 0.339998 -8.787355
v -20.987310 0.339998 -8.827424
v -20.987244 0.339998 -8.787424
v -23.442307 0.299998 -8.823139
v -23.442308 0.339998 -8.823139
v -23.442236 0.299998 -8.783138
v -23.442238 0.339998 -8.783138
v -20.987240 0.299998 -8.787425
v -20.987309 0.299998 -8.827424
v -23.402241 2.959998 -8.783209
v -23.402309 2.959999 -8.823210
v -23.402306 0.339998 -8.823210
v -23.402237 0.339998 -8.783209
vn -1.0000 -0.0000 0.0018
vn 0.0017 -0.0000 1.0000
vn -0.0000 -1.0000 -0.0000
vn -0.0017 -0.0000 -1.0000
vn -0.0000 1.0000 -0.0000
vn 1.0000 -0.0001 -0.0017
vn -1.0000 -0.0000 0.0017
vn -0.0018 -0.0000 -1.0000
vn 1.0000 -0.0000 -0.0017
vn 1.0000 0.0001 -0.0017
vn 0.0018 -0.0000 1.0000
vt 2.000000 0.000000
vt -2.000000 0.000000
vt 2.000000 -4.000000
vt -2.000000 -4.000000
vt -0.000000 0.000000
vt 245.500000 0.000000
vt 0.000000 4.000000
vt 245.500000 4.000000
vt 10.000000 0.000000
vt 272.000000 0.000000
vt 10.000000 4.000000
vt 272.000000 4.000000
vt -2.000000 6.000000
vt -6.000000 6.000000
vt -2.000000 2.000000
vt -6.000000 2.000000
s 0
usemtl Material__31
f 1683/1747/3122 1685/1748/3122 1684/1749/3122
f 1684/1749/3122 1685/1748/3122 1686/1750/3122
f 1687/1751/3123 1683/1752/3123 1688/1753/3123
f 1688/1753/3123 1683/1752/3123 1684/1754/3123
f 1688/1751/3124 1684/1752/3124 1689/1753/3124
f 1689/1753/3124 1684/1752/3124 1686/1754/3124
f 1689/1751/3125 1686/1752/3125 1690/1753/3125
f 1690/1753/3125 1686/1752/3125 1685/1754/3125
f 1687/1753/3126 1690/1751/3126 1683/1754/3126
f 1683/1754/3126 1690/1751/3126 1685/1752/3126
f 1687/1748/3127 1688/1750/3127 1690/1747/3127
f 1690/1747/3127 1688/1750/3127 1689/1749/3127
f 1691/1755/3128 1693/1756/3128 1692/1757/3128
f 1692/1757/3128 1693/1756/3128 1694/1758/3128
f 1688/1759/3126 1689/1760/3126 1692/1761/3126
f 1692/1761/3126 1689/1760/3126 1691/1762/3126
f 1689/1755/3129 1695/1756/3129 1691/1757/3129
f 1691/1757/3125 1695/1756/3125 1693/1758/3125
f 1695/1762/3124 1696/1761/3124 1693/1760/3124
f 1693/1760/3124 1696/1761/3124 1694/1759/3124
f 1696/1758/3123 1688/1757/3123 1694/1756/3123
f 1694/1756/3123 1688/1757/3123 1692/1755/3123
f 1688/1755/3130 1696/1756/3130 1689/1757/3130
f 1689/1757/3130 1696/1756/3130 1695/1758/3130
f 1697/1750/3122 1699/1749/3122 1698/1748/3122
f 1698/1748/3122 1699/1749/3122 1700/1747/3122
f 1696/1753/3126 1695/1751/3126 1700/1754/3126
f 1700/1754/3126 1695/1751/3126 1698/1752/3126
f 1696/1751/3123 1700/1752/3123 1701/1753/3123
f 1701/1753/3123 1700/1752/3123 1699/1754/3123
f 1701/1751/3124 1699/1752/3124 1702/1753/3124
f 1702/1753/3124 1699/1752/3124 1697/1754/3124
f 1702/1751/3125 1697/1752/3125 1695/1753/3125
f 1695/1753/3125 1697/1752/3125 1698/1754/3125
f 1696/1748/3131 1701/1750/3131 1695/1747/3131
f 1695/1747/3130 1701/1750/3130 1702/1749/3130
f 1686/1755/3122 1698/1756/3122 1684/1757/3122
f 1684/1757/3122 1698/1756/3122 1700/1758/3122
f 1703/1759/3126 1704/1760/3126 1684/1761/3126
f 1684/1761/3126 1704/1760/3126 1686/1762/3126
f 1704/1755/3129 1705/1756/3129 1686/1757/3129
f 1686/1757/3129 1705/1756/3129 1698/1758/3129
f 1705/1762/3124 1706/1761/3124 1698/1760/3124
f 1698/1760/3124 1706/1761/3124 1700/1759/3124
f 1706/1758/3132 1703/1757/3132 1700/1756/3132
f 1700/1756/3123 1703/1757/3123 1684/1755/3123
f 1703/1755/3130 1706/1756/3130 1704/1757/3130
f 1704/1757/3130 1706/1756/3130 1705/1758/3130
o SlideDoor3Fixed
v -23.079512 2.999999 -12.782530
v -23.079514 2.959999 -12.782530
v -23.079437 2.999999 -12.822528
v -23.079441 2.959999 -12.822528
v -20.599514 2.999999 -12.778136
v -20.599516 2.959999 -12.778136
v -20.599443 2.959999 -12.818134
v -20.599442 2.999999 -12.818134
v -23.079441 0.339999 -12.822527
v -23.079514 0.339999 -12.782531
v -23.039509 2.959999 -12.782459
v -23.039438 2.959999 -12.822456
v -23.039436 0.339999 -12.822456
v -23.039507 0.339999 -12.782460
v -20.639441 2.959999 -12.818206
v -20.639515 2.959999 -12.778205
v -20.639441 0.339999 -12.818206
v -20.639515 0.339999 -12.778205
v -20.599443 0.339999 -12.818134
v -20.599516 0.339999 -12.778135
v -23.079437 0.299999 -12.822526
v -23.079512 0.299998 -12.782531
v -20.599514 0.299999 -12.778135
v -20.599442 0.299998 -12.818134
vn -1.0000 -0.0000 -0.0019
vn -1.0000 0.0001 -0.0018
vn -0.0018 -0.0000 1.0000
vn -0.0000 -1.0000 -0.0000
vn 0.0018 -0.0000 -1.0000
vn -0.0000 1.0000 -0.0000
vn 1.0000 -0.0001 0.0018
vn 1.0000 -0.0000 0.0018
vn -1.0000 -0.0000 -0.0018
vn 0.0017 -0.0000 -1.0000
vn -0.0017 -0.0000 1.0000
vn -1.0000 -0.0001 -0.0018
vn 1.0000 0.0001 0.0018
vt 2.000000 0.000000
vt -2.000000 0.000000
vt 2.000000 -4.000000
vt -2.000000 -4.000000
vt 0.000000 0.000000
vt 248.000000 0.000000
vt 0.000000 4.000000
vt 248.000000 4.000000
vt 10.000000 0.000000
vt 272.000000 0.000000
vt 10.000000 4.000000
vt 272.000000 4.000000
vt -2.000000 6.000000
vt -6.000000 6.000000
vt -2.000000 2.000000
vt -6.000000 2.000000
s 0
usemtl Material__31
f 1707/1763/3133 1709/1764/3133 1708/1765/3133
f 1708/1765/3134 1709/1764/3134 1710/1766/3134
f 1711/1767/3135 1707/1768/3135 1712/1769/3135
f 1712/1769/3135 1707/1768/3135 1708/1770/3135
f 1712/1767/3136 1708/1768/3136 1713/1769/3136
f 1713/1769/3136 1708/1768/3136 1710/1770/3136
f 1713/1767/3137 1710/1768/3137 1714/1769/3137
f 1714/1769/3137 1710/1768/3137 1709/1770/3137
f 1711/1769/3138 1714/1767/3138 1707/1770/3138
f 1707/1770/3138 1714/1767/3138 1709/1768/3138
f 1711/1764/3139 1712/1766/3139 1714/1763/3139
f 1714/1763/3140 1712/1766/3140 1713/1765/3140
f 1710/1771/3141 1715/1772/3141 1708/1773/3141
f 1708/1773/3141 1715/1772/3141 1716/1774/3141
f 1717/1775/3138 1718/1776/3138 1708/1777/3138
f 1708/1777/3138 1718/1776/3138 1710/1778/3138
f 1718/1771/3137 1719/1772/3137 1710/1773/3137
f 1710/1773/3142 1719/1772/3142 1715/1774/3142
f 1719/1778/3136 1720/1777/3136 1715/1776/3136
f 1715/1776/3136 1720/1777/3136 1716/1775/3136
f 1720/1774/3135 1717/1773/3135 1716/1772/3135
f 1716/1772/3143 1717/1773/3143 1708/1771/3143
f 1717/1771/3140 1720/1772/3140 1718/1773/3140
f 1718/1773/3140 1720/1772/3140 1719/1774/3140
f 1721/1771/3133 1723/1772/3133 1722/1773/3133
f 1722/1773/3133 1723/1772/3133 1724/1774/3133
f 1712/1775/3138 1713/1776/3138 1722/1777/3138
f 1722/1777/3138 1713/1776/3138 1721/1778/3138
f 1713/1771/3142 1725/1772/3142 1721/1773/3142
f 1721/1773/3137 1725/1772/3137 1723/1774/3137
f 1725/1778/3136 1726/1777/3136 1723/1776/3136
f 1723/1776/3136 1726/1777/3136 1724/1775/3136
f 1726/1774/3143 1712/1773/3143 1724/1772/3143
f 1724/1772/3143 1712/1773/3143 1722/1771/3143
f 1712/1771/3140 1726/1772/3140 1713/1773/3140
f 1713/1773/3140 1726/1772/3140 1725/1774/3140
f 1727/1766/3133 1728/1765/3133 1715/1764/3133
f 1715/1764/3144 1728/1765/3144 1716/1763/3144
f 1726/1769/3138 1725/1767/3138 1716/1770/3138
f 1716/1770/3138 1725/1767/3138 1715/1768/3138
f 1726/1767/3135 1716/1768/3135 1729/1769/3135
f 1729/1769/3135 1716/1768/3135 1728/1770/3135
f 1729/1767/3136 1728/1768/3136 1730/1769/3136
f 1730/1769/3136 1728/1768/3136 1727/1770/3136
f 1730/1767/3137 1727/1768/3137 1725/1769/3137
f 1725/1769/3137 1727/1768/3137 1715/1770/3137
f 1726/1764/3140 1729/1766/3140 1725/1763/3140
f 1725/1763/3145 1729/1766/3145 1730/1765/3145
o SlideDoor3Glass
v -23.079472 0.339999 -12.803528
v -23.079472 2.960000 -12.803529
v -23.079475 0.339999 -12.801529
v -23.079475 2.960000 -12.801530
v -20.599480 2.959999 -12.797136
v -20.599476 2.959999 -12.799134
v -20.599480 0.339999 -12.797136
v -20.599476 0.339999 -12.799135
vn -1.0000 -0.0000 -0.0028
vn -1.0000 -0.0000 -0.0032
vn -1.0000 -0.0009 -0.0019
vn -1.0000 0.0013 -0.0019
vn -1.0000 -0.0000 -0.0030
vn -0.0000 1.0000 -0.0002
vn -0.0000 1.0000 0.0002
vn -0.0018 -0.0000 1.0000
vn -0.0000 -1.0000 -0.0000
vn 0.0018 -0.0000 -1.0000
vn 1.0000 -0.0000 0.0013
vn 1.0000 0.0008 0.0019
vn 1.0000 -0.0000 0.0010
vn 1.0000 -0.0009 0.0019
vn 1.0000 -0.0000 0.0011
vn 1.0000 -0.0000 0.0019
vt -0.100000 0.000000
vt 0.100000 0.000000
vt -0.100000 262.000000
vt 0.100000 262.000000
vt 0.000000 0.200000
vt 0.000000 0.000000
vt 248.000000 0.200000
vt 248.000000 -0.000000
vt 0.000000 262.000000
vt 248.000000 262.000000
s 0
usemtl Material__28
f 1731/1779/3146 1733/1780/3147 1732/1781/3148
f 1732/1781/3146 1733/1780/3149 1734/1782/3150
f 1735/1783/3151 1736/1784/3151 1734/1785/3151
f 1734/1785/3152 1736/1784/3152 1732/1786/3152
f 1735/1784/3153 1734/1786/3153 1737/1787/3153
f 1737/1787/3153 1734/1786/3153 1733/1788/3153
f 1737/1784/3154 1733/1786/3154 1738/1783/3154
f 1738/1783/3154 1733/1786/3154 1731/1785/3154
f 1738/1784/3155 1731/1786/3155 1736/1787/3155
f 1736/1787/3155 1731/1786/3155 1732/1788/3155
f 1735/1781/3156 1737/1779/3157 1736/1782/3158
f 1736/1782/3159 1737/1779/3160 1738/1780/3161
o SlideDoor3Glass_1
v -23.393194 0.339997 -12.847818
v -23.393194 2.959997 -12.847819
v -23.393198 0.339997 -12.845819
v -23.393198 2.959997 -12.845820
v -20.913202 2.959996 -12.841427
v -20.913198 2.959996 -12.843425
v -20.913202 0.339997 -12.841427
v -20.913198 0.339997 -12.843426
vn -1.0000 -0.0000 -0.0030
vn -1.0000 -0.0000 -0.0033
vn -1.0000 -0.0009 -0.0019
vn -1.0000 -0.0000 -0.0028
vn -1.0000 0.0013 -0.0019
vn -0.0000 1.0000 -0.0000
vn -0.0018 -0.0000 1.0000
vn -0.0000 -1.0000 -0.0000
vn 0.0018 -0.0000 -1.0000
vn 1.0000 -0.0000 0.0019
vn 1.0000 0.0008 0.0019
vn 1.0000 -0.0000 0.0010
vn 1.0000 -0.0009 0.0019
vn 1.0000 -0.0000 0.0011
vn 1.0000 -0.0000 0.0014
vt -0.100000 0.000000
vt 0.100000 0.000000
vt -0.100000 262.000000
vt 0.100000 262.000000
vt 0.000000 0.200000
vt 0.000000 0.000000
vt 248.000000 0.200000
vt 248.000000 -0.000000
vt 0.000000 262.000000
vt 248.000000 262.000000
s 0
usemtl Material__28
f 1739/1789/3162 1741/1790/3163 1740/1791/3164
f 1740/1791/3165 1741/1790/3166 1742/1792/3165
f 1743/1793/3167 1744/1794/3167 1742/1795/3167
f 1742/1795/3167 1744/1794/3167 1740/1796/3167
f 1743/1794/3168 1742/1796/3168 1745/1797/3168
f 1745/1797/3168 1742/1796/3168 1741/1798/3168
f 1745/1794/3169 1741/1796/3169 1746/1793/3169
f 1746/1793/3169 1741/1796/3169 1739/1795/3169
f 1746/1794/3170 1739/1796/3170 1744/1797/3170
f 1744/1797/3170 1739/1796/3170 1740/1798/3170
f 1743/1791/3171 1745/1789/3172 1744/1792/3173
f 1744/1792/3174 1745/1789/3175 1746/1790/3176
o SlideDoor3Moveable
v -23.393234 2.999996 -12.826820
v -23.393236 2.959996 -12.826820
v -23.393160 2.999996 -12.866818
v -23.393164 2.959996 -12.866818
v -20.913237 2.999996 -12.822427
v -20.913239 2.959996 -12.822427
v -20.913166 2.959996 -12.862425
v -20.913164 2.999996 -12.862425
v -23.393164 0.339997 -12.866817
v -23.393236 0.339996 -12.826821
v -23.353231 2.959996 -12.826750
v -23.353161 2.959996 -12.866747
v -23.353159 0.339996 -12.866747
v -23.353230 0.339996 -12.826751
v -20.953163 2.959996 -12.862496
v -20.953238 2.959996 -12.822495
v -20.953163 0.339997 -12.862496
v -20.953238 0.339997 -12.822495
v -20.913166 0.339996 -12.862425
v -20.913239 0.339996 -12.822426
v -23.393160 0.299996 -12.866817
v -23.393234 0.299996 -12.826821
v -20.913237 0.299996 -12.822426
v -20.913164 0.299996 -12.862425
vn -1.0000 0.0001 -0.0019
vn -1.0000 0.0001 -0.0018
vn -0.0018 -0.0000 1.0000
vn -0.0000 -1.0000 -0.0000
vn 0.0018 -0.0000 -1.0000
vn -0.0000 1.0000 -0.0000
vn 1.0000 -0.0000 0.0018
vn 1.0000 -0.0001 0.0018
vn -1.0000 -0.0000 -0.0018
vn 0.0017 -0.0000 -1.0000
vn -0.0017 -0.0000 1.0000
vn -1.0000 -0.0000 -0.0019
vn -1.0000 0.0001 -0.0017
vn -1.0000 -0.0002 -0.0019
vn 1.0000 0.0001 0.0018
vt 2.000000 0.000000
vt -2.000000 0.000000
vt 2.000000 -4.000000
vt -2.000000 -4.000000
vt 0.000000 0.000000
vt 248.000000 0.000000
vt 0.000000 4.000000
vt 248.000000 4.000000
vt 10.000000 0.000000
vt 272.000000 0.000000
vt 10.000000 4.000000
vt 272.000000 4.000000
vt -2.000000 6.000000
vt -6.000000 6.000000
vt -2.000000 2.000000
vt -6.000000 2.000000
s 0
usemtl Material__31
f 1747/1799/3177 1749/1800/3177 1748/1801/3177
f 1748/1801/3178 1749/1800/3178 1750/1802/3178
f 1751/1803/3179 1747/1804/3179 1752/1805/3179
f 1752/1805/3179 1747/1804/3179 1748/1806/3179
f 1752/1803/3180 1748/1804/3180 1753/1805/3180
f 1753/1805/3180 1748/1804/3180 1750/1806/3180
f 1753/1803/3181 1750/1804/3181 1754/1805/3181
f 1754/1805/3181 1750/1804/3181 1749/1806/3181
f 1751/1805/3182 1754/1803/3182 1747/1806/3182
f 1747/1806/3182 1754/1803/3182 1749/1804/3182
f 1751/1800/3183 1752/1802/3183 1754/1799/3183
f 1754/1799/3184 1752/1802/3184 1753/1801/3184
f 1750/1807/3185 1755/1808/3185 1748/1809/3185
f 1748/1809/3185 1755/1808/3185 1756/1810/3185
f 1757/1811/3182 1758/1812/3182 1748/1813/3182
f 1748/1813/3182 1758/1812/3182 1750/1814/3182
f 1758/1807/3181 1759/1808/3181 1750/1809/3181
f 1750/1809/3186 1759/1808/3186 1755/1810/3186
f 1759/1814/3180 1760/1813/3180 1755/1812/3180
f 1755/1812/3180 1760/1813/3180 1756/1811/3180
f 1760/1810/3179 1757/1809/3179 1756/1808/3179
f 1756/1808/3187 1757/1809/3187 1748/1807/3187
f 1757/1807/3183 1760/1808/3183 1758/1809/3183
f 1758/1809/3183 1760/1808/3183 1759/1810/3183
f 1761/1807/3188 1763/1808/3188 1762/1809/3188
f 1762/1809/3188 1763/1808/3188 1764/1810/3188
f 1752/1811/3182 1753/1812/3182 1762/1813/3182
f 1762/1813/3182 1753/1812/3182 1761/1814/3182
f 1753/1807/3181 1765/1808/3181 1761/1809/3181
f 1761/1809/3181 1765/1808/3181 1763/1810/3181
f 1765/1814/3180 1766/1813/3180 1763/1812/3180
f 1763/1812/3180 1766/1813/3180 1764/1811/3180
f 1766/1810/3187 1752/1809/3187 1764/1808/3187
f 1764/1808/3187 1752/1809/3187 1762/1807/3187
f 1752/1807/3183 1766/1808/3183 1753/1809/3183
f 1753/1809/3183 1766/1808/3183 1765/1810/3183
f 1767/1802/3189 1768/1801/3190 1755/1800/3190
f 1755/1800/3185 1768/1801/3185 1756/1799/3185
f 1766/1805/3182 1765/1803/3182 1756/1806/3182
f 1756/1806/3182 1765/1803/3182 1755/1804/3182
f 1766/1803/3179 1756/1804/3179 1769/1805/3179
f 1769/1805/3179 1756/1804/3179 1768/1806/3179
f 1769/1803/3180 1768/1804/3180 1770/1805/3180
f 1770/1805/3180 1768/1804/3180 1767/1806/3180
f 1770/1803/3181 1767/1804/3181 1765/1805/3181
f 1765/1805/3181 1767/1804/3181 1755/1806/3181
f 1766/1800/3191 1769/1802/3191 1765/1799/3191
f 1765/1799/3183 1769/1802/3183 1770/1801/3183
o SUDP1
v -32.958618 2.989998 -16.433222
v -32.964027 2.989998 -16.433090
v -32.958614 2.989998 -16.433144
v -32.988659 2.989998 -13.207414
v -32.983253 2.989998 -13.207545
v -32.988667 2.989998 -13.207493
v -32.977844 3.039998 -13.207678
v -32.977844 2.989998 -13.207679
v -32.988659 3.039998 -13.207414
v -32.974438 2.989998 -16.432989
v -32.953617 2.859998 -16.433193
v -32.974438 2.859997 -16.432989
v -32.953617 2.989998 -16.433193
v -32.993664 2.859998 -13.207444
v -32.993664 2.989998 -13.207444
v -32.969440 2.989998 -16.432959
v -32.972843 2.859998 -13.207647
v -32.972843 2.989999 -13.207649
v -32.969440 3.039998 -16.432959
v -32.958618 3.039998 -16.433220
vn -0.0001 -1.0000 -0.0039
vn 0.0001 -1.0000 0.0038
vn 0.0247 -0.0000 0.9997
vn 0.0243 -0.0000 0.9997
vn 0.0246 -0.0000 0.9997
vn 0.0246 0.0003 0.9997
vn 0.0245 -0.0000 0.9997
vn -0.0098 -0.0000 -1.0000
vn -0.0000 1.0000 -0.0000
vn -0.0097 -0.0000 -1.0000
vn -0.0103 -0.0000 -0.9999
vn -1.0000 -0.0000 -0.0060
vn 1.0000 -0.0000 0.0060
vn -0.0002 1.0000 -0.0000
vn 0.0024 1.0000 -0.0015
vn -0.0002 1.0000 -0.0045
vn -0.0016 1.0000 -0.0019
vn -0.0001 1.0000 -0.0000
vn -0.0000 -1.0000 -0.0000
vn 0.0098 -0.0000 1.0000
vn 0.0099 -0.0000 1.0000
vn 0.0095 -0.0000 1.0000
vn -0.0031 -0.9734 -0.2290
vn -0.9968 -0.0679 0.0422
vn -0.1410 0.9855 0.0943
vn -0.1278 0.9917 0.0123
vn -0.9998 0.0098 0.0174
vn -0.1426 -0.0610 0.9879
vn 0.9998 -0.0000 0.0212
vn 0.9988 -0.0000 -0.0499
vn 0.9986 0.0152 -0.0500
vn 0.9998 -0.0000 -0.0197
vn -0.0247 -0.0000 -0.9997
vn -0.0250 -0.0000 -0.9997
vn -0.0238 0.0003 -0.9997
vn -0.0238 -0.0000 -0.9997
vn -0.0244 -0.0000 -0.9997
vn -0.0241 0.0006 -0.9997
vn -0.0240 -0.0000 -0.9997
vn -0.0243 -0.0000 -0.9997
vt 1079.104126 -410.981720
vt 1079.103516 -410.989563
vt 1079.642578 -411.036743
vt 1057.136841 -732.827698
vt 1057.137451 -732.819824
vt 1056.598389 -732.772644
vt 1.082476 0.000000
vt 0.541238 -5.000000
vt 1.082476 -5.000000
vt 0.000000 -5.000000
vt 0.000000 0.000000
vt 1.041119 0.000000
vt 0.500062 0.000000
vt 2.082237 0.000000
vt 0.000000 -13.000000
vt 2.082237 -13.000000
vt 322.560150 -13.000000
vt 322.560150 0.000000
vt -1080.679688 -411.127472
vt -1080.180908 -411.091736
vt -1079.642578 -411.036743
vt -1057.137329 -732.819824
vt -1057.635498 -732.863403
vt -1079.103516 -410.989563
vt -1055.561157 -732.681946
vt -1078.605347 -410.945984
vt -1056.059937 -732.717651
vt -1056.598389 -732.772644
vt 1078.605347 -410.945984
vt 1057.635498 -732.863403
vt 1080.679688 -411.127472
vt 1055.561157 -732.681946
vt 322.560150 -5.000000
vt 322.552246 -5.000000
vt -1057.136841 -732.827698
vt -1079.104126 -410.981720
s 0
usemtl Material__28_2
f 1771/1815/3192 1773/1816/3192 1772/1817/3192
f 1774/1818/3193 1776/1819/3193 1775/1820/3193
f 1777/1821/3194 1775/1822/3194 1778/1823/3194
f 1775/1822/3195 1777/1821/3195 1774/1824/3196
f 1774/1824/3197 1777/1821/3198 1779/1825/3198
f 1772/1826/3199 1773/1827/3200 1780/1828/3200
f 1781/1829/3201 1780/1828/3201 1773/1827/3201
f 1780/1828/3199 1781/1829/3199 1782/1830/3199
f 1781/1829/3202 1773/1827/3202 1783/1825/3199
f 1784/1831/3203 1780/1825/3203 1782/1829/3203
f 1784/1831/3203 1785/1832/3203 1780/1825/3203
f 1780/1833/3200 1786/1834/3200 1772/1835/3200
f 1786/1834/3200 1780/1833/3200 1776/1836/3200
f 1776/1836/3200 1780/1833/3200 1785/1837/3200
f 1781/1831/3204 1788/1825/3204 1787/1829/3204
f 1781/1831/3204 1783/1832/3204 1788/1825/3204
f 1773/1838/3200 1788/1839/3200 1783/1840/3200
f 1788/1839/3205 1773/1838/3205 1778/1841/3206
f 1788/1839/3207 1778/1841/3208 1775/1842/3209
f 1781/1843/3210 1784/1844/3210 1782/1845/3210
f 1781/1843/3210 1787/1846/3210 1784/1844/3210
f 1788/1828/3211 1784/1829/3211 1787/1830/3211
f 1784/1829/3212 1788/1828/3212 1776/1827/3212
f 1785/1825/3212 1784/1829/3213 1776/1827/3213
f 1776/1827/3214 1788/1828/3214 1775/1826/3211
f 1789/1825/3203 1774/1847/3215 1779/1832/3203
f 1774/1847/3216 1789/1825/3217 1776/1848/3218
f 1776/1848/3219 1789/1825/3203 1786/1824/3203
f 1779/1849/3200 1790/1850/3200 1789/1834/3200
f 1779/1849/3200 1777/1841/3200 1790/1850/3200
f 1778/1824/3204 1790/1832/3204 1777/1825/3204
f 1790/1832/3204 1778/1824/3204 1773/1848/3220
f 1790/1832/3221 1773/1848/3222 1771/1847/3223
f 1789/1821/3224 1772/1822/3225 1786/1823/3224
f 1772/1822/3226 1789/1821/3227 1771/1824/3228
f 1771/1824/3229 1789/1821/3230 1790/1825/3231
o SUDP10
v -32.958618 1.639997 -16.433222
v -32.964027 1.639997 -16.433090
v -32.958614 1.639997 -16.433144
v -32.988659 1.639997 -13.207414
v -32.983253 1.639997 -13.207545
v -32.988667 1.639997 -13.207493
v -32.977844 1.639998 -13.207679
v -32.988659 1.689998 -13.207413
v -32.977844 1.689997 -13.207678
v -32.974438 1.639997 -16.432989
v -32.974438 1.509997 -16.432987
v -32.953617 1.509997 -16.433191
v -32.953617 1.639997 -16.433191
v -32.993664 1.509997 -13.207444
v -32.993664 1.639997 -13.207444
v -32.969440 1.639997 -16.432959
v -32.972843 1.509997 -13.207647
v -32.972843 1.639997 -13.207649
v -32.969440 1.689997 -16.432959
v -32.958618 1.689998 -16.433220
vn -0.0000 -1.0000 -0.0020
vn -0.0000 -1.0000 -0.0000
vn 0.0111 0.9557 0.2941
vn 0.0245 -0.0000 0.9997
vn 0.0247 -0.0000 0.9997
vn 0.0242 -0.0000 0.9997
vn -0.0100 -0.0000 -0.9999
vn -0.0095 -0.0000 -1.0000
vn -0.0103 -0.0000 -0.9999
vn -0.0097 -0.0000 -1.0000
vn -0.0000 0.9216 0.3881
vn -0.0098 -0.0000 -1.0000
vn -1.0000 -0.0000 -0.0060
vn -0.0000 1.0000 -0.0000
vn 1.0000 -0.0000 0.0060
vn 0.0002 1.0000 -0.0000
vn -0.0004 1.0000 -0.0089
vn 0.0001 0.9999 0.0135
vn 0.0091 0.9999 0.0131
vn 0.0098 -0.0000 1.0000
vn 0.0099 -0.0000 1.0000
vn -1.0000 -0.0000 0.0097
vn -0.9976 -0.0678 0.0168
vn -0.1645 0.9837 0.0732
vn -0.1278 0.9917 0.0123
vn -0.9999 0.0097 0.0050
vn -0.1423 -0.0848 0.9862
vn -0.0001 1.0000 -0.0000
vn 0.0001 1.0000 -0.0000
vn 0.9998 -0.0000 0.0212
vn 0.9988 -0.0000 -0.0499
vn 0.9986 0.0152 -0.0500
vn 0.9998 -0.0000 -0.0198
vn -0.0247 -0.0000 -0.9997
vn -0.0250 -0.0000 -0.9997
vn -0.0238 0.0003 -0.9997
vn -0.0238 -0.0000 -0.9997
vn -0.0244 -0.0000 -0.9997
vn -0.0242 0.0006 -0.9997
vn -0.0240 -0.0000 -0.9997
vt 1079.104126 -410.981720
vt 1079.103516 -410.989563
vt 1079.642578 -411.036743
vt 1057.136841 -732.827698
vt 1057.137451 -732.819824
vt 1056.598389 -732.772644
vt 1.082476 -5.000000
vt 0.000000 -5.000000
vt 0.541238 -5.000000
vt 0.000000 0.000000
vt 1.082476 0.000000
vt 2.082237 0.000000
vt 0.000000 -13.000000
vt 2.082237 -13.000000
vt 0.500062 0.000000
vt 1.041119 0.000000
vt 322.560150 -13.000000
vt 322.560150 0.000000
vt -1080.679688 -411.127472
vt -1080.180908 -411.091736
vt -1079.642578 -411.036743
vt -1057.137329 -732.819824
vt -1057.635498 -732.863403
vt -1079.103516 -410.989563
vt -1055.561157 -732.681946
vt -1078.605347 -410.945984
vt -1056.059937 -732.717651
vt -1056.598389 -732.772644
vt 1078.605347 -410.945984
vt 1057.635498 -732.863403
vt 1080.679688 -411.127472
vt 1055.561157 -732.681946
vt 322.560150 -5.000000
vt 322.552246 -5.000000
vt -1057.136841 -732.827698
vt -1079.104126 -410.981720
s 0
usemtl Material__28_2
f 1791/1851/3232 1793/1852/3232 1792/1853/3232
f 1794/1854/3233 1796/1855/3233 1795/1856/3233
f 1797/1857/3234 1794/1858/3234 1795/1859/3235
f 1794/1858/3236 1797/1857/3236 1798/1860/3236
f 1798/1860/3237 1797/1857/3237 1799/1861/3237
f 1800/1862/3238 1802/1863/3238 1801/1864/3238
f 1802/1863/3239 1800/1862/3239 1793/1865/3239
f 1802/1863/3240 1793/1865/3240 1803/1860/3241
f 1793/1865/3242 1800/1862/3242 1792/1866/3243
f 1804/1867/3244 1800/1860/3244 1801/1863/3244
f 1804/1867/3244 1805/1868/3244 1800/1860/3244
f 1800/1869/3245 1806/1870/3245 1792/1871/3245
f 1806/1870/3245 1800/1869/3245 1796/1872/3245
f 1796/1872/3245 1800/1869/3245 1805/1873/3245
f 1802/1867/3246 1808/1860/3246 1807/1863/3246
f 1802/1867/3246 1803/1868/3246 1808/1860/3246
f 1793/1874/3245 1808/1875/3245 1803/1876/3245
f 1808/1875/3247 1793/1874/3247 1797/1877/3248
f 1808/1875/3249 1797/1877/3250 1795/1878/3245
f 1802/1879/3233 1804/1880/3233 1801/1881/3233
f 1802/1879/3233 1807/1882/3233 1804/1880/3233
f 1808/1862/3251 1804/1863/3251 1807/1864/3251
f 1804/1863/3251 1808/1862/3251 1805/1860/3251
f 1805/1860/3233 1808/1862/3233 1795/1866/3252
f 1805/1860/3245 1795/1866/3253 1796/1865/3251
f 1809/1860/3244 1794/1883/3254 1798/1868/3244
f 1794/1883/3255 1809/1860/3256 1796/1884/3257
f 1796/1884/3258 1809/1860/3244 1806/1858/3244
f 1798/1885/3259 1810/1886/3259 1809/1870/3259
f 1798/1885/3260 1799/1877/3260 1810/1886/3260
f 1797/1858/3246 1810/1868/3246 1799/1860/3246
f 1810/1868/3246 1797/1858/3246 1793/1884/3261
f 1810/1868/3262 1793/1884/3263 1791/1883/3264
f 1809/1861/3265 1792/1859/3266 1806/1857/3265
f 1792/1859/3267 1809/1861/3268 1791/1858/3269
f 1791/1858/3270 1809/1861/3271 1810/1860/3271
o SUDP11
v -32.958618 1.489998 -16.433222
v -32.964027 1.489998 -16.433090
v -32.958614 1.489998 -16.433144
v -32.988659 1.489998 -13.207413
v -32.983253 1.489998 -13.207545
v -32.988667 1.489998 -13.207493
v -32.977844 1.539998 -13.207678
v -32.977844 1.489998 -13.207676
v -32.988659 1.539998 -13.207413
v -32.974438 1.489998 -16.432987
v -32.974438 1.359997 -16.432989
v -32.953617 1.359998 -16.433191
v -32.953617 1.489998 -16.433191
v -32.993664 1.359998 -13.207444
v -32.993664 1.489998 -13.207443
v -32.969440 1.489998 -16.432959
v -32.972843 1.359998 -13.207647
v -32.972843 1.489998 -13.207647
v -32.969440 1.539998 -16.432959
v -32.958618 1.539998 -16.433222
vn -0.0000 -1.0000 -0.0000
vn 0.0242 -0.0000 0.9997
vn 0.0247 -0.0000 0.9997
vn 0.0245 -0.0000 0.9997
vn -0.0100 -0.0000 -1.0000
vn -0.0097 -0.0000 -1.0000
vn -0.0096 -0.0000 -1.0000
vn 1.0000 -0.0000 -0.0099
vn -1.0000 -0.0000 -0.0060
vn -0.0000 1.0000 -0.0000
vn 1.0000 -0.0000 0.0060
vn 0.0014 1.0000 -0.0008
vn -0.0000 1.0000 -0.0023
vn -0.0008 1.0000 -0.0009
vn 0.0098 -0.0000 1.0000
vn 0.0099 -0.0000 1.0000
vn 1.0000 -0.0000 -0.0100
vn -0.9976 -0.0670 0.0168
vn -0.1676 0.9832 0.0729
vn -0.1316 0.9912 0.0125
vn -0.9999 0.0096 0.0049
vn -0.1462 -0.0840 0.9857
vn 0.9998 -0.0001 0.0205
vn 1.0000 -0.0001 0.0060
vn 0.9998 0.0002 0.0205
vn 0.9988 -0.0000 -0.0484
vn 0.9987 0.0145 -0.0484
vn 0.9998 -0.0000 -0.0197
vn -0.0247 -0.0000 -0.9997
vn -0.0250 -0.0000 -0.9997
vn -0.0238 0.0003 -0.9997
vn -0.0238 -0.0000 -0.9997
vn -0.0243 -0.0000 -0.9997
vn -0.0243 0.0005 -0.9997
vn -0.0242 -0.0000 -0.9997
vt 1079.104126 -410.981720
vt 1079.103516 -410.989563
vt 1079.642578 -411.036743
vt 1057.136841 -732.827698
vt 1057.137451 -732.819824
vt 1056.598389 -732.772644
vt 1.082476 0.000000
vt 0.541238 -5.000000
vt 1.082476 -5.000000
vt 0.000000 -5.000000
vt 0.000000 0.000000
vt 2.082237 0.000000
vt 0.000000 -13.000000
vt 2.082237 -13.000000
vt 1.041119 0.000000
vt 0.500062 0.000000
vt 322.560150 -13.000000
vt 322.560150 0.000000
vt -1080.679688 -411.127472
vt -1080.180908 -411.091736
vt -1079.642578 -411.036743
vt -1057.137329 -732.819824
vt -1057.635498 -732.863403
vt -1079.103516 -410.989563
vt -1055.561157 -732.681946
vt -1078.605347 -410.945984
vt -1056.059937 -732.717651
vt -1056.598389 -732.772644
vt 1078.605347 -410.945984
vt 1057.635498 -732.863403
vt 1080.679688 -411.127472
vt 1055.561157 -732.681946
vt 322.560150 -5.000000
vt 322.552246 -5.000000
vt -1057.136841 -732.827698
vt -1079.104126 -410.981720
s 0
usemtl Material__28_2
f 1811/1887/3272 1813/1888/3272 1812/1889/3272
f 1814/1890/3272 1816/1891/3272 1815/1892/3272
f 1817/1893/3273 1815/1894/3273 1818/1895/3273
f 1815/1894/3274 1817/1893/3274 1814/1896/3274
f 1814/1896/3275 1817/1893/3275 1819/1897/3275
f 1820/1898/3276 1822/1899/3276 1821/1900/3276
f 1822/1899/3277 1820/1898/3277 1823/1897/3277
f 1823/1897/3272 1820/1898/3272 1812/1901/3278
f 1823/1897/3272 1812/1901/3279 1813/1902/3277
f 1824/1903/3280 1820/1897/3280 1821/1899/3280
f 1824/1903/3280 1825/1904/3280 1820/1897/3280
f 1820/1905/3281 1826/1906/3281 1812/1907/3281
f 1826/1906/3281 1820/1905/3281 1816/1908/3281
f 1816/1908/3281 1820/1905/3281 1825/1909/3281
f 1822/1903/3282 1828/1897/3282 1827/1899/3282
f 1822/1903/3282 1823/1904/3282 1828/1897/3282
f 1813/1910/3281 1828/1911/3281 1823/1912/3281
f 1828/1911/3281 1813/1910/3281 1818/1913/3283
f 1828/1911/3284 1818/1913/3285 1815/1914/3281
f 1822/1915/3272 1824/1916/3272 1821/1917/3272
f 1822/1915/3272 1827/1918/3272 1824/1916/3272
f 1827/1900/3286 1825/1897/3286 1824/1899/3286
f 1825/1897/3287 1827/1900/3287 1828/1898/3287
f 1825/1897/3281 1828/1898/3281 1815/1901/3287
f 1825/1897/3281 1815/1901/3288 1816/1902/3286
f 1829/1897/3280 1814/1919/3289 1819/1904/3280
f 1814/1919/3290 1829/1897/3291 1816/1920/3292
f 1816/1920/3293 1829/1897/3280 1826/1896/3280
f 1819/1921/3281 1830/1922/3281 1829/1906/3281
f 1819/1921/3281 1817/1913/3281 1830/1922/3281
f 1813/1920/3294 1817/1897/3295 1818/1896/3295
f 1817/1897/3282 1813/1920/3296 1830/1904/3282
f 1830/1904/3297 1813/1920/3298 1811/1919/3299
f 1829/1893/3300 1812/1894/3301 1826/1895/3300
f 1812/1894/3302 1829/1893/3303 1811/1896/3304
f 1811/1896/3305 1829/1893/3306 1830/1897/3306
o SUDP12
v -32.958618 1.339997 -16.433222
v -32.964027 1.339997 -16.433090
v -32.958614 1.339997 -16.433146
v -32.988659 1.339997 -13.207414
v -32.983253 1.339997 -13.207544
v -32.988667 1.339997 -13.207494
v -32.977844 1.339998 -13.207678
v -32.988659 1.389998 -13.207414
v -32.977844 1.389998 -13.207679
v -32.974438 1.209998 -16.432989
v -32.953617 1.209997 -16.433193
v -32.953617 1.339997 -16.433191
v -32.974438 1.339997 -16.432989
v -32.993664 1.209998 -13.207443
v -32.993664 1.339997 -13.207445
v -32.969440 1.339997 -16.432959
v -32.972843 1.209998 -13.207647
v -32.972843 1.339997 -13.207647
v -32.969440 1.389997 -16.432959
v -32.958618 1.389998 -16.433222
vn -0.0000 -1.0000 -0.0000
vn 0.0070 0.9487 0.3162
vn 0.0075 0.9487 0.3162
vn 0.0244 -0.0000 0.9997
vn 0.0243 0.0005 0.9997
vn 0.0245 -0.0000 0.9997
vn 0.0242 -0.0000 0.9997
vn -0.0099 -0.0000 -1.0000
vn -0.0097 -0.0000 -1.0000
vn -0.0095 -0.0000 -1.0000
vn -1.0000 -0.0000 0.0099
vn -0.0000 1.0000 -0.0000
vn -0.0171 0.7071 -0.7069
vn -1.0000 -0.0000 -0.0060
vn 1.0000 -0.0000 0.0060
vn 0.0002 1.0000 -0.0000
vn -0.0003 1.0000 -0.0081
vn 0.0001 0.9999 0.0123
vn 0.0083 0.9999 0.0120
vn 0.0099 -0.0000 1.0000
vn 0.0097 -0.0000 1.0000
vn 0.0100 -0.0000 1.0000
vn -1.0000 -0.0000 0.0093
vn 0.0098 -0.0000 1.0000
vn -0.9976 -0.0670 0.0168
vn -0.1638 0.9838 0.0728
vn -0.1278 0.9917 0.0123
vn -0.9999 0.0097 0.0050
vn -0.1423 -0.0839 0.9863
vn -0.0001 1.0000 -0.0000
vn 0.9998 -0.0000 0.0212
vn 1.0000 -0.0001 0.0060
vn 0.9998 0.0002 0.0212
vn 0.9988 -0.0000 -0.0499
vn 0.9986 0.0152 -0.0500
vn 0.9998 -0.0000 -0.0197
vn -0.0247 -0.0000 -0.9997
vn -0.0242 -0.0000 -0.9997
vn -0.0238 -0.0000 -0.9997
vn -0.0244 -0.0000 -0.9997
vn -0.0244 0.0006 -0.9997
vn -0.0243 -0.0000 -0.9997
vn -0.0246 -0.0000 -0.9997
vt 1079.104126 -410.981720
vt 1079.103516 -410.989563
vt 1079.642578 -411.036743
vt 1057.136841 -732.827698
vt 1057.137451 -732.819824
vt 1056.598389 -732.772644
vt 1.082476 -5.000000
vt 0.000000 -5.000000
vt 0.541238 -5.000000
vt 0.000000 0.000000
vt 1.082476 0.000000
vt 2.082237 -13.000000
vt 0.000000 -13.000000
vt 2.082237 0.000000
vt 0.500062 0.000000
vt 1.041119 0.000000
vt 322.560150 -13.000000
vt 322.560150 0.000000
vt -1080.679688 -411.127472
vt -1080.180908 -411.091736
vt -1079.642578 -411.036743
vt -1057.137329 -732.819824
vt -1057.635498 -732.863403
vt -1079.103516 -410.989563
vt -1055.561157 -732.681946
vt -1078.605347 -410.945984
vt -1056.059937 -732.717651
vt -1056.598389 -732.772644
vt 1078.605347 -410.945984
vt 1057.635498 -732.863403
vt 1080.679688 -411.127472
vt 1055.561157 -732.681946
vt 322.560150 -5.000000
vt 322.552246 -5.000000
vt -1057.136841 -732.827698
vt -1079.104126 -410.981720
s 0
usemtl Material__28_2
f 1831/1923/3307 1833/1924/3307 1832/1925/3307
f 1834/1926/3307 1836/1927/3307 1835/1928/3307
f 1837/1929/3308 1834/1930/3309 1835/1931/3310
f 1834/1930/3311 1837/1929/3312 1838/1932/3312
f 1838/1932/3313 1837/1929/3313 1839/1933/3313
f 1840/1934/3314 1842/1932/3314 1841/1935/3314
f 1842/1932/3315 1840/1934/3315 1843/1936/3315
f 1842/1932/3307 1843/1936/3307 1833/1937/3316
f 1833/1937/3317 1843/1936/3318 1832/1938/3319
f 1844/1939/3320 1843/1932/3320 1840/1935/3320
f 1844/1939/3320 1845/1940/3320 1843/1932/3320
f 1843/1941/3318 1846/1942/3318 1832/1943/3318
f 1846/1942/3318 1843/1941/3318 1836/1944/3318
f 1836/1944/3318 1843/1941/3318 1845/1945/3318
f 1841/1939/3321 1848/1932/3321 1847/1935/3321
f 1841/1939/3321 1842/1940/3321 1848/1932/3321
f 1833/1946/3318 1848/1947/3318 1842/1948/3318
f 1848/1947/3322 1833/1946/3322 1837/1949/3323
f 1848/1947/3324 1837/1949/3325 1835/1950/3318
f 1841/1951/3307 1844/1952/3307 1840/1953/3307
f 1841/1951/3307 1847/1954/3307 1844/1952/3307
f 1848/1936/3326 1844/1935/3326 1847/1934/3326
f 1844/1935/3327 1848/1936/3327 1845/1932/3327
f 1845/1932/3307 1848/1936/3307 1835/1938/3328
f 1845/1932/3318 1835/1938/3329 1836/1937/3330
f 1849/1932/3320 1834/1955/3331 1838/1940/3320
f 1834/1955/3332 1849/1932/3333 1836/1956/3334
f 1836/1956/3335 1849/1932/3320 1846/1930/3320
f 1838/1957/3336 1850/1958/3336 1849/1942/3336
f 1838/1957/3318 1839/1949/3318 1850/1958/3318
f 1833/1956/3337 1839/1932/3321 1837/1930/3321
f 1839/1932/3338 1833/1956/3339 1850/1940/3338
f 1850/1940/3340 1833/1956/3341 1831/1955/3342
f 1849/1933/3343 1832/1931/3343 1846/1929/3344
f 1832/1931/3345 1849/1933/3345 1831/1930/3346
f 1831/1930/3347 1849/1933/3348 1850/1932/3349
o SUDP13
v -32.958618 1.189998 -16.433222
v -32.964027 1.189998 -16.433090
v -32.958614 1.189998 -16.433144
v -32.988659 1.189998 -13.207413
v -32.983253 1.189998 -13.207545
v -32.988667 1.189998 -13.207493
v -32.977844 1.189998 -13.207677
v -32.977844 1.239998 -13.207677
v -32.988659 1.239998 -13.207414
v -32.974438 1.189998 -16.432989
v -32.974438 1.059998 -16.432987
v -32.953617 1.059998 -16.433191
v -32.953617 1.189998 -16.433191
v -32.993664 1.059998 -13.207443
v -32.993664 1.189998 -13.207443
v -32.969440 1.189998 -16.432959
v -32.972843 1.059998 -13.207647
v -32.972843 1.189998 -13.207647
v -32.969440 1.239997 -16.432959
v -32.958614 1.239998 -16.433222
vn -0.0000 -1.0000 -0.0000
vn -0.0000 -0.9806 0.1961
vn 0.0244 -0.0000 0.9997
vn 0.0245 -0.0000 0.9997
vn 0.0242 -0.0000 0.9997
vn 0.0246 -0.0000 0.9997
vn -0.0100 -0.0006 -0.9999
vn -0.0100 -0.0000 -0.9999
vn -0.0097 -0.0000 -1.0000
vn -0.0096 -0.0006 -1.0000
vn -0.0000 -0.9762 0.2169
vn 0.0005 -0.9762 0.2167
vn -0.0098 0.0006 -1.0000
vn -0.9760 -0.2176 0.0095
vn 0.0005 1.0000 0.0002
vn -0.0098 -0.0000 -1.0000
vn -1.0000 -0.0000 -0.0060
vn -0.0000 1.0000 0.0011
vn 0.0004 1.0000 0.0005
vn -0.0000 1.0000 -0.0000
vn -0.0007 1.0000 0.0004
vn 1.0000 -0.0000 0.0060
vn 0.0008 1.0000 -0.0004
vn -0.0000 1.0000 -0.0011
vn -0.0004 1.0000 -0.0004
vn -0.0000 1.0000 -0.0001
vn 0.0098 -0.0000 1.0000
vn 0.0097 -0.0000 1.0000
vn 0.0099 -0.0000 1.0000
vn -0.0000 0.9906 -0.1366
vn -0.9953 -0.0001 0.0965
vn -0.9950 0.0262 0.0966
vn -0.9991 -0.0000 0.0421
vn -0.9995 0.0006 -0.0323
vn -1.0000 0.0002 -0.0060
vn -0.9995 -0.0000 -0.0323
vn -0.0001 1.0000 -0.0000
vn 1.0000 -0.0000 0.0082
vn 1.0000 -0.0001 0.0060
vn 0.9988 -0.0001 -0.0484
vn 0.9988 0.0021 -0.0485
vn 0.9990 -0.0000 -0.0444
vn -0.0250 0.0002 -0.9997
vn -0.0247 0.0003 -0.9997
vn -0.0247 -0.0000 -0.9997
vn -0.0241 -0.0000 -0.9997
vn -0.0237 0.0003 -0.9997
vn -0.0243 -0.0000 -0.9997
vn -0.0247 -0.0003 -0.9997
vt 1079.104126 -410.981720
vt 1079.103516 -410.989563
vt 1079.642578 -411.036743
vt 1057.136841 -732.827698
vt 1057.137451 -732.819824
vt 1056.598389 -732.772644
vt 1.082476 -5.000000
vt 0.000000 -5.000000
vt 0.541238 -5.000000
vt 1.082476 0.000000
vt 0.000000 0.000000
vt 2.082237 0.000000
vt 0.000000 -13.000000
vt 2.082237 -13.000000
vt 0.500062 0.000000
vt 1.041119 0.000000
vt 322.560150 -13.000000
vt 322.560150 0.000000
vt -1080.679688 -411.127472
vt -1080.180908 -411.091736
vt -1079.642578 -411.036743
vt -1057.137329 -732.819824
vt -1057.635498 -732.863403
vt -1079.103516 -410.989563
vt -1055.561157 -732.681946
vt -1078.605347 -410.945984
vt -1056.059937 -732.717651
vt -1056.598389 -732.772644
vt 1078.605347 -410.945984
vt 1057.635498 -732.863403
vt 1080.679688 -411.127472
vt 1055.561157 -732.681946
vt 322.552246 -5.000000
vt 322.560150 -5.000000
vt -1057.136841 -732.827698
vt -1079.104126 -410.981720
s 0
usemtl Material__28_2
f 1851/1959/3350 1853/1960/3350 1852/1961/3350
f 1854/1962/3350 1856/1963/3350 1855/1964/3350
f 1857/1965/3351 1854/1966/3351 1855/1967/3352
f 1854/1966/3353 1857/1965/3353 1858/1968/3353
f 1854/1966/3354 1858/1968/3354 1859/1969/3355
f 1860/1970/3356 1862/1971/3357 1861/1972/3358
f 1862/1971/3358 1860/1970/3359 1863/1969/3358
f 1863/1969/3360 1860/1970/3361 1853/1973/3362
f 1853/1973/3363 1860/1970/3364 1852/1974/3365
f 1864/1975/3366 1860/1969/3366 1861/1971/3366
f 1864/1975/3366 1865/1976/3366 1860/1969/3366
f 1860/1977/3367 1866/1978/3368 1852/1979/3369
f 1866/1978/3370 1860/1977/3369 1856/1980/3369
f 1856/1980/3369 1860/1977/3369 1865/1981/3369
f 1862/1975/3371 1868/1969/3371 1867/1971/3371
f 1862/1975/3371 1863/1976/3371 1868/1969/3371
f 1853/1982/3369 1868/1983/3369 1863/1984/3369
f 1868/1983/3369 1853/1982/3369 1857/1985/3372
f 1868/1983/3373 1857/1985/3374 1855/1986/3375
f 1862/1987/3350 1864/1988/3350 1861/1989/3350
f 1862/1987/3350 1867/1990/3350 1864/1988/3350
f 1868/1970/3376 1864/1971/3376 1867/1972/3376
f 1864/1971/3377 1868/1970/3377 1855/1974/3377
f 1864/1971/3378 1855/1974/3378 1865/1969/3378
f 1865/1969/3379 1855/1974/3379 1856/1973/3376
f 1859/1976/3380 1856/1991/3381 1854/1992/3382
f 1856/1991/3383 1859/1976/3384 1869/1969/3384
f 1856/1991/3385 1869/1969/3366 1866/1966/3366
f 1859/1993/3386 1870/1994/3386 1869/1978/3386
f 1859/1993/3369 1858/1985/3369 1870/1994/3369
f 1853/1991/3387 1858/1969/3371 1857/1966/3371
f 1858/1969/3388 1853/1991/3387 1870/1976/3388
f 1870/1976/3389 1853/1991/3390 1851/1992/3391
f 1869/1968/3392 1852/1967/3393 1866/1965/3394
f 1870/1969/3395 1852/1967/3396 1869/1968/3395
f 1852/1967/3397 1870/1969/3398 1851/1966/3395
o SUDP14
v -32.958618 1.039998 -16.433222
v -32.964027 1.039998 -16.433090
v -32.958614 1.039998 -16.433144
v -32.988659 1.039998 -13.207414
v -32.983253 1.039998 -13.207545
v -32.988667 1.039998 -13.207493
v -32.977844 1.089998 -13.207679
v -32.977844 1.039998 -13.207678
v -32.988659 1.089998 -13.207415
v -32.974438 1.039998 -16.432987
v -32.974438 0.909998 -16.432989
v -32.953617 1.039998 -16.433193
v -32.953617 0.909998 -16.433191
v -32.993664 0.909998 -13.207444
v -32.993664 1.039998 -13.207444
v -32.969440 1.039998 -16.432959
v -32.972843 0.909998 -13.207647
v -32.972843 1.039998 -13.207649
v -32.969440 1.089997 -16.432959
v -32.958618 1.089998 -16.433222
vn -0.0000 -1.0000 -0.0019
vn -0.0000 -1.0000 0.0009
vn 0.0247 -0.0000 0.9997
vn 0.0242 -0.0000 0.9997
vn 0.0243 -0.0000 0.9997
vn 0.0246 -0.0001 0.9997
vn 0.0244 0.0003 0.9997
vn 0.0246 -0.0000 0.9997
vn -0.0099 -0.0000 -1.0000
vn -0.0106 -0.0000 -0.9999
vn -0.0098 -0.0000 -1.0000
vn -0.0095 -0.0000 -1.0000
vn -0.0096 -0.0003 -1.0000
vn -0.0099 -0.0003 -1.0000
vn -1.0000 -0.0000 -0.0060
vn -0.0000 1.0000 -0.0000
vn 1.0000 -0.0000 0.0060
vn -0.0000 1.0000 -0.0005
vn -0.0000 1.0000 0.0011
vn 0.0005 1.0000 0.0011
vn -0.0000 -1.0000 -0.0000
vn 0.0098 -0.0000 1.0000
vn 0.0098 -0.0003 1.0000
vn 0.0099 -0.0000 1.0000
vn 0.0095 -0.0000 1.0000
vn -0.0000 -0.9932 -0.1168
vn 0.0098 -0.0001 1.0000
vn -0.9953 -0.0000 0.0965
vn -0.9946 0.0384 0.0965
vn -0.9998 -0.0000 0.0177
vn -0.9990 0.0008 -0.0444
vn -1.0000 0.0002 -0.0060
vn -0.9990 -0.0000 -0.0444
vn -0.0001 1.0000 -0.0000
vn 0.9998 -0.0000 0.0205
vn 0.9998 0.0003 0.0205
vn 0.9988 -0.0000 -0.0484
vn 0.9987 0.0145 -0.0485
vn 0.9998 -0.0000 -0.0197
vn 0.0003 0.8944 -0.4472
vn -0.0000 0.8944 -0.4472
vn -0.0244 -0.0000 -0.9997
vn -0.0242 -0.0000 -0.9997
vn -0.0246 -0.0000 -0.9997
vt 1079.104126 -410.981720
vt 1079.103516 -410.989563
vt 1079.642578 -411.036743
vt 1057.136841 -732.827698
vt 1057.137451 -732.819824
vt 1056.598389 -732.772644
vt 1.082476 0.000000
vt 0.541238 -5.000000
vt 1.082476 -5.000000
vt 0.000000 -5.000000
vt 0.000000 0.000000
vt 2.082237 0.000000
vt 1.041119 0.000000
vt 2.082237 -13.000000
vt 0.500062 0.000000
vt 0.000000 -13.000000
vt 322.560150 -13.000000
vt 322.560150 0.000000
vt -1080.679688 -411.127472
vt -1080.180908 -411.091736
vt -1079.642578 -411.036743
vt -1057.137329 -732.819824
vt -1057.635498 -732.863403
vt -1079.103516 -410.989563
vt -1055.561157 -732.681946
vt -1078.605347 -410.945984
vt -1056.059937 -732.717651
vt -1056.598389 -732.772644
vt 1078.605347 -410.945984
vt 1057.635498 -732.863403
vt 1080.679688 -411.127472
vt 1055.561157 -732.681946
vt 322.552246 -5.000000
vt 322.560150 -5.000000
vt -1057.136841 -732.827698
vt -1079.104126 -410.981720
s 0
usemtl Material__28_2
f 1871/1995/3399 1873/1996/3399 1872/1997/3399
f 1874/1998/3400 1876/1999/3400 1875/2000/3400
f 1877/2001/3401 1875/2002/3401 1878/2003/3402
f 1875/2002/3403 1877/2001/3403 1874/2004/3404
f 1874/2004/3405 1877/2001/3402 1879/2005/3406
f 1880/2006/3407 1872/2007/3408 1881/2008/3408
f 1873/2009/3409 1881/2008/3410 1872/2007/3410
f 1882/2005/3407 1881/2008/3410 1873/2009/3411
f 1881/2008/3407 1882/2005/3412 1883/2010/3407
f 1884/2011/3413 1880/2005/3413 1881/2010/3413
f 1884/2011/3413 1885/2012/3413 1880/2005/3413
f 1880/2013/3414 1886/2014/3414 1872/2015/3414
f 1886/2014/3414 1880/2013/3414 1876/2016/3414
f 1876/2016/3414 1880/2013/3414 1885/2017/3414
f 1883/2011/3415 1888/2005/3415 1887/2010/3415
f 1883/2011/3415 1882/2012/3415 1888/2005/3415
f 1873/2018/3414 1888/2019/3414 1882/2020/3414
f 1888/2019/3414 1873/2018/3414 1878/2021/3416
f 1888/2019/3417 1878/2021/3418 1875/2022/3414
f 1883/2023/3419 1884/2024/3419 1881/2025/3419
f 1883/2023/3419 1887/2026/3419 1884/2024/3419
f 1887/2008/3420 1885/2005/3421 1884/2010/3420
f 1885/2005/3422 1887/2008/3423 1876/2009/3423
f 1876/2009/3422 1887/2008/3422 1888/2006/3422
f 1876/2009/3424 1888/2006/3424 1875/2007/3425
f 1879/2012/3426 1876/2027/3427 1874/2028/3428
f 1876/2027/3429 1879/2012/3430 1889/2005/3430
f 1876/2027/3431 1889/2005/3413 1886/2004/3413
f 1879/2029/3432 1890/2030/3432 1889/2014/3432
f 1879/2029/3414 1877/2021/3414 1890/2030/3414
f 1873/2027/3433 1877/2005/3415 1878/2004/3415
f 1877/2005/3415 1873/2027/3434 1890/2012/3415
f 1890/2012/3435 1873/2027/3436 1871/2028/3437
f 1886/2003/3438 1871/2004/3439 1872/2002/3440
f 1871/2004/3441 1886/2003/3442 1889/2001/3441
f 1871/2004/3441 1889/2001/3441 1890/2005/3442
o SUDP15
v -32.958618 0.889998 -16.433222
v -32.964027 0.889998 -16.433092
v -32.958614 0.889998 -16.433146
v -32.988659 0.889998 -13.207414
v -32.983253 0.889998 -13.207545
v -32.988667 0.889998 -13.207495
v -32.977844 0.939998 -13.207678
v -32.977844 0.889998 -13.207679
v -32.988659 0.939998 -13.207413
v -32.974438 0.759998 -16.432989
v -32.953617 0.759998 -16.433191
v -32.953617 0.889997 -16.433191
v -32.974438 0.889998 -16.432989
v -32.993664 0.759998 -13.207443
v -32.993664 0.889998 -13.207444
v -32.969440 0.889998 -16.432959
v -32.972843 0.759998 -13.207649
v -32.972843 0.889998 -13.207647
v -32.969440 0.939998 -16.432959
v -32.958618 0.939998 -16.433222
vn -0.0000 -1.0000 -0.0020
vn -0.0000 -1.0000 -0.0010
vn 0.0247 -0.0000 0.9997
vn 0.0245 -0.0000 0.9997
vn -0.0097 -0.0000 -1.0000
vn -0.0100 -0.0002 -1.0000
vn -0.0098 0.0002 -1.0000
vn -0.0095 -0.0000 -1.0000
vn -0.0092 -0.0002 -1.0000
vn -0.0030 -0.9578 -0.2873
vn -0.0027 -0.9579 -0.2870
vn -0.0104 -0.0003 -0.9999
vn -0.0102 -0.0000 -0.9999
vn -0.0099 -0.0000 -1.0000
vn -1.0000 -0.0000 -0.0060
vn -0.0000 1.0000 -0.0011
vn -0.0003 1.0000 -0.0011
vn -0.0000 1.0000 0.0001
vn -0.0000 1.0000 0.0003
vn -0.0000 1.0000 -0.0000
vn 1.0000 -0.0000 0.0060
vn 0.0002 1.0000 -0.0000
vn -0.0000 1.0000 -0.0007
vn -0.0000 1.0000 0.0011
vn 0.0007 1.0000 0.0011
vn -0.0000 -1.0000 -0.0000
vn 0.0096 0.0002 1.0000
vn 0.0099 -0.0000 1.0000
vn 0.0098 -0.0000 1.0000
vn 0.0098 0.0003 1.0000
vn -0.0003 -1.0000 -0.0000
vn -0.0000 0.9991 0.0430
vn -1.0000 -0.0000 0.0093
vn 0.0098 -0.0001 1.0000
vn -0.9977 -0.0663 0.0168
vn -0.1633 0.9839 0.0725
vn -0.1278 0.9917 0.0125
vn -0.9999 0.0097 0.0049
vn -0.1423 -0.0829 0.9863
vn 1.0000 -0.0001 0.0060
vn 0.9998 -0.0000 0.0212
vn 0.9988 -0.0000 -0.0499
vn 0.9986 0.0152 -0.0500
vn 0.9998 -0.0000 -0.0197
vn -0.0000 0.9991 0.0434
vn -0.0242 -0.0000 -0.9997
vn -0.0244 -0.0000 -0.9997
vt 1079.104126 -410.981720
vt 1079.103516 -410.989563
vt 1079.642578 -411.036743
vt 1057.136841 -732.827698
vt 1057.137451 -732.819824
vt 1056.598389 -732.772644
vt 1.082476 0.000000
vt 0.541238 -5.000000
vt 1.082476 -5.000000
vt 0.000000 0.000000
vt 0.000000 -5.000000
vt 2.082237 -13.000000
vt 0.000000 -13.000000
vt 1.041119 0.000000
vt 0.500062 0.000000
vt 2.082237 0.000000
vt 322.560150 -13.000000
vt 322.560150 0.000000
vt -1080.679688 -411.127472
vt -1080.180908 -411.091736
vt -1079.642578 -411.036743
vt -1057.137329 -732.819824
vt -1057.635498 -732.863403
vt -1079.103516 -410.989563
vt -1055.561157 -732.681946
vt -1078.605347 -410.945984
vt -1056.059937 -732.717651
vt -1056.598389 -732.772644
vt 1078.605347 -410.945984
vt 1057.635498 -732.863403
vt 1080.679688 -411.127472
vt 1055.561157 -732.681946
vt 322.560150 -5.000000
vt 322.552246 -5.000000
vt -1057.136841 -732.827698
vt -1079.104126 -410.981720
s 0
usemtl Material__28_2
f 1891/2031/3443 1893/2032/3443 1892/2033/3443
f 1894/2034/3444 1896/2035/3444 1895/2036/3444
f 1897/2037/3445 1895/2038/3445 1898/2039/3445
f 1895/2038/3446 1897/2037/3446 1899/2040/3446
f 1899/2040/3445 1894/2041/3445 1895/2038/3445
f 1900/2042/3447 1902/2040/3448 1901/2043/3447
f 1902/2040/3449 1900/2042/3450 1892/2044/3451
f 1893/2045/3447 1902/2040/3452 1892/2044/3453
f 1892/2044/3454 1900/2042/3455 1903/2046/3456
f 1904/2047/3457 1903/2040/3457 1900/2043/3457
f 1904/2047/3457 1905/2048/3457 1903/2040/3457
f 1903/2049/3458 1906/2050/3459 1892/2051/3460
f 1906/2050/3461 1903/2049/3462 1896/2052/3462
f 1896/2052/3462 1903/2049/3462 1905/2053/3462
f 1901/2047/3463 1908/2040/3463 1907/2043/3463
f 1901/2047/3463 1902/2048/3463 1908/2040/3463
f 1893/2054/3464 1908/2055/3464 1902/2056/3464
f 1908/2055/3462 1893/2054/3462 1898/2057/3465
f 1908/2055/3466 1898/2057/3467 1895/2058/3462
f 1901/2059/3468 1904/2060/3468 1900/2061/3468
f 1901/2059/3468 1907/2062/3468 1904/2060/3468
f 1908/2046/3469 1904/2043/3470 1907/2042/3470
f 1904/2043/3471 1908/2046/3472 1905/2040/3471
f 1905/2040/3468 1908/2046/3473 1895/2044/3470
f 1905/2040/3474 1895/2044/3475 1896/2045/3476
f 1909/2040/3457 1894/2063/3477 1899/2048/3457
f 1894/2063/3478 1909/2040/3479 1896/2064/3480
f 1896/2064/3481 1909/2040/3457 1906/2041/3457
f 1899/2065/3462 1910/2066/3462 1909/2050/3462
f 1899/2065/3462 1897/2057/3462 1910/2066/3462
f 1898/2041/3463 1910/2048/3463 1897/2040/3463
f 1910/2048/3482 1898/2041/3482 1893/2064/3483
f 1910/2048/3484 1893/2064/3485 1891/2063/3486
f 1906/2039/3487 1891/2041/3487 1892/2038/3488
f 1891/2041/3488 1906/2039/3488 1909/2037/3488
f 1891/2041/3489 1909/2037/3489 1910/2040/3489
o SUDP16
v -32.958618 0.739998 -16.433222
v -32.964027 0.739998 -16.433090
v -32.958614 0.739998 -16.433144
v -32.988659 0.739998 -13.207413
v -32.983253 0.739998 -13.207544
v -32.988667 0.739998 -13.207492
v -32.977848 0.789998 -13.207678
v -32.977844 0.739998 -13.207678
v -32.988663 0.789998 -13.207414
v -32.974438 0.739998 -16.432989
v -32.974438 0.609998 -16.432989
v -32.953617 0.609998 -16.433193
v -32.953617 0.739998 -16.433191
v -32.993664 0.609998 -13.207444
v -32.993664 0.739998 -13.207443
v -32.969440 0.739998 -16.432959
v -32.972843 0.609998 -13.207649
v -32.972843 0.739998 -13.207647
v -32.969440 0.789998 -16.432959
v -32.958622 0.789998 -16.433222
vn -0.0000 -1.0000 -0.0010
vn -0.0000 -1.0000 -0.0009
vn 0.0247 -0.0000 0.9997
vn 0.0245 -0.0000 0.9997
vn -0.0099 -0.0000 -1.0000
vn -0.0099 0.0003 -1.0000
vn -0.0003 -1.0000 -0.0000
vn -0.0000 -1.0000 -0.0000
vn -0.0098 -0.0000 -1.0000
vn -1.0000 -0.0000 -0.0060
vn -0.0000 1.0000 -0.0000
vn 1.0000 -0.0000 0.0060
vn 0.0098 -0.0000 1.0000
vn 0.0099 -0.0000 1.0000
vn -1.0000 -0.0000 0.0097
vn -0.9956 -0.0000 0.0937
vn -0.9949 0.0372 0.0936
vn -0.9998 -0.0000 0.0178
vn -0.9991 0.0006 -0.0431
vn -1.0000 0.0002 -0.0060
vn -0.9991 -0.0002 -0.0431
vn 0.9998 -0.0000 0.0197
vn 1.0000 0.0002 0.0060
vn 0.9998 0.0004 0.0197
vn 0.9989 -0.0000 -0.0470
vn 0.9988 0.0137 -0.0470
vn 0.9998 -0.0000 -0.0197
vn 0.0005 1.0000 -0.0000
vn -0.0248 -0.0000 -0.9997
vn -0.0242 -0.0000 -0.9997
vn -0.0247 -0.0000 -0.9997
vn -0.0245 -0.0000 -0.9997
vt 1079.104126 -410.981720
vt 1079.103516 -410.989563
vt 1079.642578 -411.036743
vt 1057.136841 -732.827698
vt 1057.137451 -732.819824
vt 1056.598389 -732.772644
vt 1.082476 0.000000
vt 0.541238 -5.000000
vt 1.082476 -5.000000
vt 0.000000 0.000000
vt 0.000000 -5.000000
vt 2.082237 0.000000
vt 0.000000 -13.000000
vt 2.082237 -13.000000
vt 1.041119 0.000000
vt 0.500062 0.000000
vt 322.560150 -13.000000
vt 322.560150 0.000000
vt -1080.679688 -411.127472
vt -1080.180908 -411.091736
vt -1079.642578 -411.036743
vt -1057.137329 -732.819824
vt -1057.635498 -732.863403
vt -1079.103516 -410.989563
vt -1055.561157 -732.681946
vt -1078.605347 -410.945984
vt -1056.059937 -732.717651
vt -1056.598389 -732.772644
vt 1078.605347 -410.945984
vt 1057.635498 -732.863403
vt 1080.679688 -411.127472
vt 1055.561157 -732.681946
vt 322.552246 -5.000000
vt 322.560150 -5.000000
vt -1057.136841 -732.827698
vt -1079.104126 -410.981720
s 0
usemtl Material__28_2
f 1911/2067/3490 1913/2068/3490 1912/2069/3490
f 1914/2070/3491 1916/2071/3491 1915/2072/3491
f 1917/2073/3492 1915/2074/3492 1918/2075/3492
f 1919/2076/3493 1915/2074/3493 1917/2073/3493
f 1915/2074/3492 1919/2076/3492 1914/2077/3492
f 1920/2078/3494 1922/2079/3494 1921/2080/3494
f 1922/2079/3494 1920/2078/3494 1912/2081/3494
f 1912/2081/3494 1923/2076/3495 1922/2079/3494
f 1923/2076/3496 1912/2081/3497 1913/2082/3498
f 1924/2083/3499 1920/2076/3499 1921/2079/3499
f 1924/2083/3499 1925/2084/3499 1920/2076/3499
f 1920/2085/3500 1926/2086/3500 1912/2087/3500
f 1926/2086/3500 1920/2085/3500 1916/2088/3500
f 1916/2088/3500 1920/2085/3500 1925/2089/3500
f 1922/2083/3501 1928/2076/3501 1927/2079/3501
f 1922/2083/3501 1923/2084/3501 1928/2076/3501
f 1913/2090/3500 1928/2091/3500 1923/2092/3500
f 1928/2091/3500 1913/2090/3500 1918/2093/3500
f 1928/2091/3500 1918/2093/3500 1915/2094/3500
f 1922/2095/3497 1924/2096/3497 1921/2097/3497
f 1922/2095/3497 1927/2098/3497 1924/2096/3497
f 1928/2078/3502 1924/2079/3502 1927/2080/3502
f 1924/2079/3503 1928/2078/3503 1925/2076/3503
f 1925/2076/3497 1928/2078/3497 1915/2081/3503
f 1925/2076/3500 1915/2081/3504 1916/2082/3502
f 1919/2084/3505 1916/2099/3506 1914/2100/3507
f 1916/2099/3508 1919/2084/3509 1929/2076/3509
f 1916/2099/3510 1929/2076/3499 1926/2077/3499
f 1919/2101/3500 1930/2102/3500 1929/2086/3500
f 1919/2101/3500 1917/2093/3500 1930/2102/3500
f 1913/2099/3511 1917/2076/3501 1918/2077/3501
f 1917/2076/3512 1913/2099/3513 1930/2084/3512
f 1930/2084/3514 1913/2099/3515 1911/2100/3516
f 1926/2075/3517 1911/2077/3500 1912/2074/3518
f 1911/2077/3519 1926/2075/3520 1929/2073/3519
f 1911/2077/3521 1929/2073/3521 1930/2076/3521
o SUDP17
v -32.958618 0.589998 -16.433222
v -32.964027 0.589998 -16.433090
v -32.958614 0.589998 -16.433146
v -32.988659 0.589998 -13.207413
v -32.983253 0.589998 -13.207545
v -32.988667 0.589998 -13.207493
v -32.953617 0.459998 -16.433193
v -32.974438 0.459998 -16.432989
v -32.993664 0.459998 -13.207444
v -32.972843 0.459998 -13.207647
v -32.988659 0.639998 -13.207414
v -32.969440 0.639998 -16.432959
v -32.969440 0.589998 -16.432959
v -32.953617 0.589998 -16.433193
v -32.974438 0.589998 -16.432989
v -32.972843 0.589998 -13.207649
v -32.993664 0.589998 -13.207443
v -32.977844 0.639998 -13.207678
v -32.977844 0.589998 -13.207679
v -32.958618 0.639998 -16.433222
vn -0.0000 -1.0000 -0.0015
vn -0.0000 -1.0000 0.0009
vn -0.0000 -1.0000 -0.0000
vn -0.9956 -0.0001 0.0937
vn -0.9949 0.0371 0.0937
vn -0.9998 -0.0000 0.0177
vn -0.9991 0.0008 -0.0431
vn -1.0000 0.0002 -0.0060
vn -0.9991 -0.0000 -0.0431
vn -1.0000 -0.0000 -0.0060
vn -0.0099 -0.0000 -1.0000
vn -0.0100 0.0003 -0.9999
vn -0.0097 0.0003 -1.0000
vn -0.0003 1.0000 -0.0000
vn -0.0000 1.0000 -0.0000
vn -0.0097 -0.0000 -1.0000
vn -0.0003 -0.9997 -0.0263
vn -0.9999 -0.0005 0.0105
vn -0.0098 -0.0000 -1.0000
vn 0.0099 -0.0000 1.0000
vn -0.0000 0.9976 0.0688
vn -1.0000 -0.0000 0.0097
vn 0.0098 -0.0000 1.0000
vn -0.0000 1.0000 -0.0006
vn -0.0006 1.0000 -0.0006
vn -0.0000 1.0000 -0.0002
vn -0.0000 1.0000 0.0006
vn 0.0247 -0.0000 0.9997
vn 0.0245 -0.0000 0.9997
vn -0.0247 -0.0000 -0.9997
vn -0.0238 -0.0000 -0.9997
vn -0.0243 -0.0000 -0.9997
vn -0.0243 0.0005 -0.9997
vn -0.0242 -0.0000 -0.9997
vn 1.0000 -0.0000 0.0060
vn 1.0000 -0.0001 0.0060
vn 0.9998 -0.0001 0.0213
vn 0.9988 -0.0000 -0.0499
vn 0.9986 0.0153 -0.0500
vn 0.9998 -0.0000 -0.0197
vt 1079.104126 -410.981720
vt 1079.103516 -410.989563
vt 1079.642578 -411.036743
vt 1057.136841 -732.827698
vt 1057.137451 -732.819824
vt 1056.598389 -732.772644
vt 1078.605347 -410.945984
vt 1057.635498 -732.863403
vt 1080.679688 -411.127472
vt 1055.561157 -732.681946
vt 322.560150 0.000000
vt 322.552246 -5.000000
vt 322.560150 -5.000000
vt -0.000000 0.000000
vt -0.000000 -5.000000
vt 2.082237 -13.000000
vt 0.000000 -13.000000
vt 2.082237 0.000000
vt 1.041119 0.000000
vt 0.500062 0.000000
vt 322.560150 -13.000000
vt -1080.679688 -411.127472
vt -1080.180908 -411.091736
vt -1079.642578 -411.036743
vt -1057.137329 -732.819824
vt -1057.635498 -732.863403
vt 1.082476 0.000000
vt 0.541238 -5.000000
vt 1.082476 -5.000000
vt -1079.103516 -410.989563
vt -1055.561157 -732.681946
vt -1078.605347 -410.945984
vt -1056.059937 -732.717651
vt -1056.598389 -732.772644
vt -1057.136841 -732.827698
vt -1079.104126 -410.981720
s 0
usemtl Material__28_2
f 1931/2103/3522 1933/2104/3522 1932/2105/3522
f 1934/2106/3523 1936/2107/3523 1935/2108/3523
f 1937/2109/3524 1939/2110/3524 1938/2111/3524
f 1937/2109/3524 1940/2112/3524 1939/2110/3524
f 1941/2113/3525 1936/2114/3526 1934/2115/3527
f 1936/2114/3528 1941/2113/3529 1942/2116/3529
f 1936/2114/3530 1942/2116/3531 1943/2117/3531
f 1938/2118/3532 1944/2116/3533 1937/2119/3532
f 1944/2116/3534 1938/2118/3532 1945/2120/3532
f 1944/2116/3535 1945/2120/3536 1932/2121/3537
f 1944/2116/3538 1932/2121/3539 1933/2122/3540
f 1946/2120/3541 1939/2119/3541 1940/2118/3541
f 1939/2119/3541 1946/2120/3541 1947/2116/3541
f 1947/2116/3524 1946/2120/3524 1935/2121/3541
f 1947/2116/3542 1935/2121/3543 1936/2122/3544
f 1939/2123/3531 1945/2116/3531 1938/2119/3531
f 1939/2123/3531 1947/2113/3531 1945/2116/3531
f 1945/2124/3545 1943/2125/3546 1932/2126/3547
f 1943/2125/3548 1945/2124/3536 1936/2127/3536
f 1936/2127/3536 1945/2124/3536 1947/2128/3536
f 1948/2129/3549 1935/2130/3549 1949/2131/3549
f 1935/2130/3549 1948/2129/3549 1934/2117/3549
f 1934/2117/3550 1948/2129/3550 1941/2116/3550
f 1942/2129/3551 1932/2130/3551 1943/2131/3551
f 1932/2130/3552 1942/2129/3552 1931/2117/3553
f 1931/2117/3554 1942/2129/3555 1950/2116/3555
f 1933/2132/3536 1946/2133/3536 1944/2134/3536
f 1946/2133/3536 1933/2132/3536 1949/2135/3536
f 1946/2133/3536 1949/2135/3536 1935/2136/3536
f 1941/2137/3536 1950/2138/3536 1942/2125/3536
f 1941/2137/3536 1948/2135/3536 1950/2138/3536
f 1949/2117/3556 1950/2113/3556 1948/2116/3556
f 1950/2113/3557 1949/2117/3557 1933/2114/3558
f 1950/2113/3559 1933/2114/3560 1931/2115/3561
f 1937/2123/3556 1946/2116/3556 1940/2119/3556
f 1937/2123/3556 1944/2113/3556 1946/2116/3556
o SUDP18
v -32.958618 0.421998 -16.433222
v -32.964027 0.421998 -16.433090
v -32.958614 0.421998 -16.433144
v -32.988659 0.421998 -13.207414
v -32.983253 0.421998 -13.207547
v -32.988667 0.421998 -13.207493
v -32.972843 0.421998 -13.207649
v -32.972843 0.291998 -13.207647
v -32.993664 0.291998 -13.207444
v -32.993664 0.421998 -13.207444
v -32.974438 0.421998 -16.432989
v -32.974438 0.291998 -16.432989
v -32.953617 0.291998 -16.433193
v -32.953617 0.421998 -16.433193
v -32.988659 0.471998 -13.207414
v -32.969440 0.471998 -16.432959
v -32.958618 0.471998 -16.433222
v -32.977844 0.471998 -13.207678
v -32.969440 0.421998 -16.432959
v -32.977844 0.421998 -13.207679
vn -0.0000 -1.0000 -0.0029
vn -0.0000 -1.0000 -0.0000
vn 0.0098 -0.0000 1.0000
vn -0.0000 -0.9971 0.0767
vn 0.0098 -0.0003 1.0000
vn 0.9970 0.0770 -0.0099
vn -0.0000 1.0000 -0.0000
vn -0.0099 -0.0000 -1.0000
vn -0.0098 -0.0001 -1.0000
vn -0.0000 0.9762 -0.2169
vn -1.0000 0.0040 0.0089
vn -0.0098 -0.0000 -1.0000
vn 1.0000 -0.0000 0.0060
vn -0.0000 1.0000 -0.0006
vn -0.0005 1.0000 -0.0006
vn -0.0000 1.0000 -0.0001
vn -0.0000 1.0000 0.0005
vn -1.0000 -0.0000 -0.0060
vn -0.0000 1.0000 -0.0005
vn -0.0000 1.0000 0.0006
vn 0.0005 1.0000 0.0006
vn -0.0000 1.0000 0.0001
vn 0.0238 -0.0000 0.9997
vn 0.0245 -0.0000 0.9997
vn 0.0247 -0.0000 0.9997
vn -0.0247 -0.0000 -0.9997
vn -0.0250 -0.0000 -0.9997
vn -0.0238 0.0003 -0.9997
vn -0.0238 -0.0000 -0.9997
vn -0.0244 -0.0000 -0.9997
vn -0.0246 0.0006 -0.9997
vn 0.9998 -0.0000 0.0197
vn 0.9989 -0.0000 -0.0470
vn 0.9988 0.0138 -0.0471
vn 0.9998 -0.0000 -0.0197
vn -0.9976 -0.0678 0.0168
vn -0.1645 0.9837 0.0733
vn -0.1278 0.9917 0.0124
vn -0.9999 0.0097 0.0050
vn -0.1423 -0.0848 0.9862
vt 1079.104126 -410.981720
vt 1079.103516 -410.989563
vt 1079.642578 -411.036743
vt 1057.136841 -732.827698
vt 1057.137451 -732.819824
vt 1056.598389 -732.772644
vt 2.082237 0.000000
vt 0.000000 -13.000000
vt 2.082237 -13.000000
vt 0.000000 0.000000
vt 0.500062 0.000000
vt 1.041119 0.000000
vt -1057.136841 -732.827698
vt -1079.104126 -410.981720
vt -1080.180908 -411.091736
vt -1056.059937 -732.717651
vt 322.560150 -13.000000
vt 322.560150 0.000000
vt -1080.679688 -411.127472
vt -1079.642578 -411.036743
vt -1057.137329 -732.819824
vt -1057.635498 -732.863403
vt -1079.103516 -410.989563
vt -1055.561157 -732.681946
vt -1078.605347 -410.945984
vt -1056.598389 -732.772644
vt 1078.605347 -410.945984
vt 1057.635498 -732.863403
vt 1080.679688 -411.127472
vt 1055.561157 -732.681946
vt 1.082476 0.000000
vt 0.541238 -5.000000
vt 1.082476 -5.000000
vt 0.000000 -5.000000
vt 322.552246 -5.000000
vt 322.560150 -5.000000
s 0
usemtl Material__28_2
f 1951/2139/3562 1953/2140/3562 1952/2141/3562
f 1954/2142/3563 1956/2143/3563 1955/2144/3563
f 1957/2145/3564 1959/2146/3564 1958/2147/3564
f 1959/2146/3564 1957/2145/3564 1960/2148/3564
f 1960/2148/3565 1957/2145/3565 1956/2149/3566
f 1956/2149/3567 1957/2145/3568 1955/2150/3564
f 1961/2145/3569 1963/2146/3569 1962/2147/3569
f 1963/2146/3569 1961/2145/3569 1964/2148/3569
f 1964/2148/3568 1961/2145/3568 1952/2150/3570
f 1964/2148/3571 1952/2150/3572 1953/2149/3573
f 1965/2151/3568 1967/2152/3568 1966/2153/3568
f 1965/2151/3568 1968/2154/3568 1967/2152/3568
f 1963/2155/3574 1957/2148/3574 1958/2146/3574
f 1963/2155/3574 1964/2156/3574 1957/2148/3574
f 1961/2157/3575 1969/2153/3576 1952/2158/3577
f 1969/2153/3578 1961/2157/3568 1956/2159/3568
f 1956/2159/3568 1961/2157/3568 1960/2160/3568
f 1959/2155/3579 1961/2148/3579 1962/2146/3579
f 1959/2155/3579 1960/2156/3579 1961/2148/3579
f 1953/2161/3568 1957/2162/3568 1964/2163/3568
f 1957/2162/3568 1953/2161/3568 1970/2154/3580
f 1957/2162/3581 1970/2154/3582 1955/2164/3583
f 1963/2165/3563 1959/2166/3563 1962/2167/3563
f 1963/2165/3563 1958/2168/3563 1959/2166/3563
f 1968/2169/3584 1955/2170/3584 1970/2171/3585
f 1955/2170/3585 1968/2169/3585 1965/2148/3585
f 1965/2148/3586 1954/2172/3586 1955/2170/3586
f 1966/2169/3587 1952/2170/3588 1969/2171/3587
f 1952/2170/3589 1966/2169/3590 1951/2172/3591
f 1951/2172/3592 1966/2169/3591 1967/2148/3591
f 1970/2172/3574 1967/2156/3574 1968/2148/3574
f 1967/2156/3574 1970/2172/3574 1953/2173/3593
f 1967/2156/3594 1953/2173/3595 1951/2174/3596
f 1966/2148/3579 1954/2174/3597 1965/2156/3579
f 1954/2174/3598 1966/2148/3599 1956/2173/3600
f 1956/2173/3601 1966/2148/3579 1969/2172/3579
o SUDP2
v -32.958618 2.839997 -16.433222
v -32.964027 2.839997 -16.433090
v -32.958614 2.839997 -16.433144
v -32.988659 2.839997 -13.207413
v -32.983253 2.839997 -13.207545
v -32.988667 2.839997 -13.207493
v -32.974438 2.839997 -16.432987
v -32.969440 2.839997 -16.432957
v -32.993664 2.839997 -13.207443
v -32.969440 2.889998 -16.432959
v -32.958622 2.889998 -16.433222
v -32.953617 2.839997 -16.433191
v -32.953617 2.709998 -16.433191
v -32.974438 2.709998 -16.432989
v -32.988663 2.889998 -13.207413
v -32.977848 2.889998 -13.207677
v -32.993664 2.709997 -13.207445
v -32.972843 2.709998 -13.207649
v -32.972843 2.839997 -13.207646
v -32.977844 2.839997 -13.207677
vn -0.0000 -1.0000 -0.0000
vn -0.0001 -1.0000 -0.0038
vn -0.0000 1.0000 -0.0022
vn -0.0015 1.0000 -0.0023
vn -0.0001 1.0000 -0.0000
vn -0.0000 1.0000 0.0015
vn -0.0000 1.0000 -0.0000
vn -0.0258 0.0001 -0.9997
vn -0.0256 0.0004 -0.9997
vn -0.0242 -0.0000 -0.9997
vn -0.0237 0.0005 -0.9997
vn -0.0241 -0.0000 -0.9997
vn -0.0238 -0.0000 -0.9997
vn -0.0247 -0.0000 -0.9997
vn -0.0097 -0.0000 -1.0000
vn -1.0000 -0.0000 0.0099
vn -0.0003 -1.0000 -0.0000
vn -0.0098 -0.0000 -1.0000
vn -0.0099 0.0002 -1.0000
vn -0.0100 -0.0000 -0.9999
vn -1.0000 -0.0000 -0.0060
vn 0.0001 -1.0000 -0.0000
vn 1.0000 -0.0000 0.0060
vn 0.0098 -0.0000 1.0000
vn 0.0098 -0.0003 1.0000
vn 0.0099 -0.0003 1.0000
vn 0.0097 -0.0000 1.0000
vn -0.0001 1.0000 -0.0003
vn -0.0003 1.0000 -0.0000
vn 0.0099 -0.0000 1.0000
vn -0.0001 0.9641 0.2656
vn 1.0000 0.0051 -0.0086
vn -0.9976 -0.0670 0.0168
vn -0.1676 0.9832 0.0730
vn -0.1316 0.9912 0.0126
vn -0.9999 0.0096 0.0050
vn -0.1462 -0.0838 0.9857
vn -1.0000 -0.0001 -0.0060
vn -0.0000 -0.9285 0.3714
vn 0.0245 -0.0000 0.9997
vn 0.0242 -0.0000 0.9997
vn 0.9998 -0.0000 0.0205
vn 1.0000 0.0001 0.0060
vn 0.9998 0.0004 0.0205
vn 0.9988 -0.0000 -0.0484
vn 0.9987 0.0145 -0.0485
vn 0.9998 -0.0000 -0.0197
vt 1079.104126 -410.981720
vt 1079.103516 -410.989563
vt 1079.642578 -411.036743
vt 1057.136841 -732.827698
vt 1057.137451 -732.819824
vt 1056.598389 -732.772644
vt -1080.679688 -411.127472
vt -1080.180908 -411.091736
vt -1079.642578 -411.036743
vt -1057.137329 -732.819824
vt -1057.635498 -732.863403
vt 1.082476 0.000000
vt 0.541238 -5.000000
vt 1.082476 -5.000000
vt 0.000000 0.000000
vt 0.000000 -5.000000
vt 1.041119 0.000000
vt 0.500062 0.000000
vt 2.082237 0.000000
vt 0.000000 -13.000000
vt 2.082237 -13.000000
vt -1057.136841 -732.827698
vt -1079.104126 -410.981720
vt -1056.059937 -732.717651
vt 322.560150 -13.000000
vt 322.560150 0.000000
vt 1078.605347 -410.945984
vt 1057.635498 -732.863403
vt 1080.679688 -411.127472
vt 1055.561157 -732.681946
vt -1079.103516 -410.989563
vt -1055.561157 -732.681946
vt -1078.605347 -410.945984
vt -1056.598389 -732.772644
vt 322.560150 -5.000000
vt 322.552246 -5.000000
s 0
usemtl Material__28_2
f 1971/2175/3602 1973/2176/3602 1972/2177/3602
f 1974/2178/3603 1976/2179/3603 1975/2180/3603
f 1977/2181/3604 1978/2182/3605 1972/2183/3606
f 1978/2182/3607 1977/2181/3608 1976/2184/3608
f 1976/2184/3608 1977/2181/3608 1979/2185/3608
f 1980/2186/3609 1972/2187/3610 1978/2188/3611
f 1972/2187/3612 1980/2186/3613 1981/2189/3614
f 1981/2189/3615 1971/2190/3615 1972/2187/3611
f 1972/2191/3616 1973/2192/3617 1977/2193/3602
f 1982/2189/3618 1977/2193/3602 1973/2192/3619
f 1983/2194/3616 1977/2193/3616 1982/2189/3620
f 1977/2193/3621 1983/2194/3621 1984/2195/3621
f 1985/2196/3608 1981/2197/3608 1980/2182/3608
f 1985/2196/3608 1986/2198/3608 1981/2197/3608
f 1987/2199/3622 1977/2189/3622 1984/2194/3622
f 1987/2199/3622 1979/2200/3622 1977/2189/3622
f 1983/2201/3602 1987/2202/3602 1984/2203/3602
f 1983/2201/3623 1988/2204/3623 1987/2202/3623
f 1983/2199/3624 1989/2189/3624 1988/2194/3624
f 1983/2199/3624 1982/2200/3624 1989/2189/3624
f 1973/2205/3608 1989/2206/3608 1982/2207/3608
f 1989/2206/3608 1973/2205/3608 1990/2198/3608
f 1989/2206/3608 1990/2198/3608 1975/2208/3608
f 1988/2195/3625 1979/2189/3626 1987/2194/3625
f 1979/2189/3627 1988/2195/3628 1989/2193/3627
f 1979/2189/3629 1989/2193/3630 1975/2191/3631
f 1979/2189/3632 1975/2191/3633 1976/2192/3625
f 1980/2189/3622 1974/2209/3634 1985/2200/3622
f 1974/2209/3635 1980/2189/3636 1976/2210/3637
f 1976/2210/3638 1980/2189/3639 1978/2190/3639
f 1990/2188/3640 1974/2190/3640 1975/2187/3641
f 1974/2190/3642 1990/2188/3642 1985/2189/3642
f 1985/2189/3641 1990/2188/3641 1986/2186/3641
f 1973/2210/3643 1986/2189/3624 1990/2190/3624
f 1986/2189/3644 1973/2210/3645 1981/2200/3644
f 1981/2200/3646 1973/2210/3647 1971/2209/3648
o SUDP3
v -32.958618 2.689998 -16.433222
v -32.964027 2.689998 -16.433090
v -32.958614 2.689998 -16.433144
v -32.988659 2.689998 -13.207414
v -32.983253 2.689998 -13.207545
v -32.988667 2.689998 -13.207492
v -32.974438 2.689998 -16.432989
v -32.974438 2.559998 -16.432989
v -32.953617 2.559998 -16.433193
v -32.953617 2.689998 -16.433193
v -32.972843 2.689998 -13.207647
v -32.972843 2.559998 -13.207647
v -32.993664 2.559998 -13.207443
v -32.993664 2.689998 -13.207444
v -32.969440 2.689998 -16.432959
v -32.977844 2.689998 -13.207678
v -32.969440 2.739998 -16.432959
v -32.958618 2.739998 -16.433224
v -32.977844 2.739998 -13.207678
v -32.988659 2.739998 -13.207414
vn -0.0001 -1.0000 -0.0039
vn -0.0000 -1.0000 -0.0000
vn -0.0097 -0.0003 -1.0000
vn -0.0097 -0.0000 -1.0000
vn -0.0096 -0.0003 -1.0000
vn -0.0098 -0.0000 -1.0000
vn -0.0103 -0.0000 -0.9999
vn -0.0000 0.9216 0.3881
vn 0.0003 0.9216 0.3882
vn -0.0097 0.0001 -1.0000
vn 0.0099 -0.0000 1.0000
vn 0.0097 -0.0000 1.0000
vn 0.0096 -0.0000 1.0000
vn -0.0000 0.7071 -0.7071
vn 0.0098 -0.0000 1.0000
vn -1.0000 -0.0000 -0.0060
vn -0.0000 1.0000 -0.0023
vn -0.0015 1.0000 -0.0023
vn -0.0000 1.0000 -0.0000
vn -0.0000 1.0000 0.0015
vn 1.0000 -0.0000 0.0060
vn -0.0000 1.0000 -0.0015
vn -0.0000 1.0000 0.0022
vn 0.0015 1.0000 0.0022
vn -0.0247 -0.0000 -0.9997
vn -0.0238 -0.0000 -0.9997
vn -0.0241 -0.0000 -0.9997
vn -0.0247 0.0003 -0.9997
vn 0.0247 -0.0000 0.9997
vn 0.0245 -0.0000 0.9997
vn 0.0243 -0.0000 0.9997
vn -0.9975 -0.0686 0.0168
vn -0.1613 0.9841 0.0737
vn -0.1240 0.9922 0.0124
vn -0.9999 0.0097 0.0050
vn -0.1384 -0.0860 0.9866
vn 0.9998 -0.0000 0.0198
vn 1.0000 0.0001 0.0060
vn 0.9998 0.0003 0.0198
vn 0.9989 -0.0000 -0.0470
vn 0.9988 0.0138 -0.0471
vn 0.9998 -0.0000 -0.0197
vt 1079.104126 -410.981720
vt 1079.103516 -410.989563
vt 1079.642578 -411.036743
vt 1057.136841 -732.827698
vt 1057.137451 -732.819824
vt 1056.598389 -732.772644
vt 2.082237 0.000000
vt 0.000000 -13.000000
vt 2.082237 -13.000000
vt 0.500062 0.000000
vt 0.000000 0.000000
vt 1.041119 0.000000
vt 322.560150 -13.000000
vt 322.560150 0.000000
vt -1080.679688 -411.127472
vt -1080.180908 -411.091736
vt -1079.642578 -411.036743
vt -1057.137329 -732.819824
vt -1057.635498 -732.863403
vt -1079.103516 -410.989563
vt -1055.561157 -732.681946
vt -1078.605347 -410.945984
vt -1056.059937 -732.717651
vt -1056.598389 -732.772644
vt 1.082476 0.000000
vt 0.541238 -5.000000
vt 1.082476 -5.000000
vt 0.000000 -5.000000
vt 1078.605347 -410.945984
vt 1057.635498 -732.863403
vt 1080.679688 -411.127472
vt 1055.561157 -732.681946
vt 322.560150 -5.000000
vt 322.552246 -5.000000
vt -1057.136841 -732.827698
vt -1079.104126 -410.981720
s 0
usemtl Material__28_2
f 1991/2211/3649 1993/2212/3649 1992/2213/3649
f 1994/2214/3650 1996/2215/3650 1995/2216/3650
f 1997/2217/3651 1999/2218/3652 1998/2219/3652
f 1999/2218/3652 1997/2217/3653 1993/2220/3652
f 2000/2221/3654 1999/2218/3655 1993/2220/3655
f 1993/2220/3656 1997/2217/3657 1992/2222/3658
f 2001/2217/3659 2003/2218/3659 2002/2219/3659
f 2003/2218/3660 2001/2217/3660 1996/2220/3660
f 2004/2221/3661 2003/2218/3659 1996/2220/3659
f 1996/2220/3662 2001/2217/3662 1995/2222/3663
f 2003/2223/3664 1997/2221/3664 1998/2218/3664
f 2003/2223/3664 2004/2224/3664 1997/2221/3664
f 1997/2225/3665 2005/2226/3666 1992/2227/3667
f 2005/2226/3668 1997/2225/3667 1996/2228/3667
f 1996/2228/3667 1997/2225/3667 2004/2229/3667
f 1999/2223/3669 2001/2221/3669 2002/2218/3669
f 1999/2223/3669 2000/2224/3669 2001/2221/3669
f 1993/2230/3667 2001/2231/3667 2000/2232/3667
f 2001/2231/3667 1993/2230/3667 2006/2233/3670
f 2001/2231/3671 2006/2233/3672 1995/2234/3667
f 2007/2235/3673 1992/2236/3673 2005/2237/3673
f 1992/2236/3674 2007/2235/3674 1991/2238/3675
f 1991/2238/3676 2007/2235/3673 2008/2221/3673
f 1999/2239/3650 2003/2240/3650 1998/2241/3650
f 1999/2239/3650 2002/2242/3650 2003/2240/3650
f 2009/2235/3677 1995/2236/3677 2006/2237/3677
f 1995/2236/3678 2009/2235/3678 2010/2221/3678
f 2010/2221/3679 1994/2238/3679 1995/2236/3679
f 2007/2221/3664 1994/2243/3680 2010/2224/3664
f 1994/2243/3681 2007/2221/3682 1996/2244/3683
f 1996/2244/3684 2007/2221/3664 2005/2238/3664
f 2010/2245/3667 2008/2246/3667 2007/2226/3667
f 2010/2245/3667 2009/2233/3667 2008/2246/3667
f 1993/2244/3685 2009/2221/3669 2006/2238/3669
f 2009/2221/3686 1993/2244/3687 2008/2224/3686
f 2008/2224/3688 1993/2244/3689 1991/2243/3690
o SUDP4
v -32.958618 2.539998 -16.433222
v -32.964027 2.539998 -16.433090
v -32.958614 2.539998 -16.433144
v -32.988659 2.539997 -13.207413
v -32.983253 2.539997 -13.207545
v -32.988667 2.539997 -13.207493
v -32.988659 2.589998 -13.207414
v -32.969440 2.589998 -16.432959
v -32.958618 2.589998 -16.433222
v -32.977844 2.589997 -13.207679
v -32.974438 2.539998 -16.432989
v -32.969440 2.539998 -16.432959
v -32.993664 2.539997 -13.207444
v -32.974438 2.409997 -16.432987
v -32.953617 2.409998 -16.433191
v -32.953617 2.539998 -16.433191
v -32.972843 2.539997 -13.207649
v -32.972843 2.409997 -13.207647
v -32.993664 2.409998 -13.207444
v -32.977844 2.539997 -13.207679
vn -0.0000 -1.0000 -0.0000
vn 0.0001 -1.0000 0.0037
vn -0.0000 1.0000 -0.0000
vn 0.0001 1.0000 -0.0000
vn -0.0100 -0.0000 -1.0000
vn -0.0097 -0.0000 -1.0000
vn -0.0094 -0.0001 -1.0000
vn -1.0000 -0.0000 0.0100
vn -0.0098 -0.0000 -1.0000
vn 0.0098 -0.0000 1.0000
vn 0.0100 -0.0000 1.0000
vn 0.0095 -0.0000 1.0000
vn 0.0097 -0.0000 1.0000
vn 1.0000 -0.0000 0.0060
vn -0.0247 -0.0000 -0.9997
vn -0.0238 -0.0000 -0.9997
vn -0.0242 -0.0000 -0.9997
vn 0.0247 -0.0000 0.9997
vn 0.0243 -0.0000 0.9997
vn 0.0246 -0.0000 0.9997
vn 0.0246 0.0003 0.9997
vn 0.0245 -0.0000 0.9997
vn -1.0000 -0.0000 -0.0060
vn -0.9953 -0.0001 0.0965
vn -0.9946 0.0383 0.0965
vn -0.9998 -0.0000 0.0177
vn -0.9990 0.0008 -0.0444
vn -1.0000 0.0002 -0.0060
vn -0.9990 -0.0000 -0.0444
vn 0.9998 -0.0000 0.0205
vn 0.9998 0.0002 0.0205
vn 0.9988 -0.0000 -0.0484
vn 0.9987 0.0145 -0.0484
vn 0.9998 -0.0000 -0.0197
vt 1079.104126 -410.981720
vt 1079.103516 -410.989563
vt 1079.642578 -411.036743
vt 1057.136841 -732.827698
vt 1057.137451 -732.819824
vt 1056.598389 -732.772644
vt -1057.136841 -732.827698
vt -1079.104126 -410.981720
vt -1080.180908 -411.091736
vt -1056.059937 -732.717651
vt -1080.679688 -411.127472
vt -1079.642578 -411.036743
vt -1057.137329 -732.819824
vt -1057.635498 -732.863403
vt 2.082237 0.000000
vt 0.000000 -13.000000
vt 2.082237 -13.000000
vt 0.000000 0.000000
vt 1.041119 0.000000
vt 0.500062 0.000000
vt 1078.605347 -410.945984
vt 1057.635498 -732.863403
vt 1080.679688 -411.127472
vt 1055.561157 -732.681946
vt 322.560150 -13.000000
vt 322.560150 0.000000
vt 1.082476 0.000000
vt 0.541238 -5.000000
vt 1.082476 -5.000000
vt 0.000000 -5.000000
vt -1079.103516 -410.989563
vt -1055.561157 -732.681946
vt -1078.605347 -410.945984
vt -1056.598389 -732.772644
vt 322.552246 -5.000000
vt 322.560150 -5.000000
s 0
usemtl Material__28_2
f 2011/2247/3691 2013/2248/3691 2012/2249/3691
f 2014/2250/3692 2016/2251/3692 2015/2252/3692
f 2017/2253/3693 2019/2254/3693 2018/2255/3693
f 2017/2253/3694 2020/2256/3694 2019/2254/3694
f 2021/2257/3693 2022/2255/3693 2012/2258/3693
f 2022/2255/3693 2021/2257/3693 2016/2259/3693
f 2016/2259/3693 2021/2257/3693 2023/2260/3693
f 2021/2261/3695 2025/2262/3696 2024/2263/3696
f 2025/2262/3697 2021/2261/3696 2026/2264/3696
f 2026/2264/3693 2021/2261/3693 2012/2265/3696
f 2026/2264/3691 2012/2265/3698 2013/2266/3699
f 2027/2261/3700 2029/2262/3700 2028/2263/3700
f 2029/2262/3701 2027/2261/3701 2016/2266/3701
f 2023/2264/3702 2029/2262/3702 2016/2266/3702
f 2016/2266/3691 2027/2261/3691 2015/2265/3703
f 2025/2267/3691 2029/2268/3691 2024/2269/3691
f 2025/2267/3691 2028/2270/3691 2029/2268/3691
f 2025/2271/3704 2027/2264/3704 2028/2262/3704
f 2025/2271/3704 2026/2272/3704 2027/2264/3704
f 2018/2273/3705 2012/2274/3705 2022/2275/3705
f 2012/2274/3706 2018/2273/3706 2011/2276/3706
f 2011/2276/3707 2018/2273/3707 2019/2264/3707
f 2013/2277/3693 2027/2278/3693 2026/2279/3693
f 2027/2278/3693 2013/2277/3693 2030/2256/3693
f 2027/2278/3693 2030/2256/3693 2015/2280/3693
f 2020/2273/3708 2015/2274/3708 2030/2275/3708
f 2015/2274/3709 2020/2273/3709 2014/2276/3710
f 2014/2276/3711 2020/2273/3712 2017/2264/3712
f 2029/2271/3713 2021/2264/3713 2024/2262/3713
f 2029/2271/3713 2023/2272/3713 2021/2264/3713
f 2017/2272/3714 2016/2281/3715 2014/2282/3716
f 2016/2281/3717 2017/2272/3718 2018/2264/3718
f 2016/2281/3719 2018/2264/3713 2022/2276/3713
f 2013/2281/3720 2020/2264/3704 2030/2276/3704
f 2020/2264/3704 2013/2281/3721 2019/2272/3704
f 2019/2272/3722 2013/2281/3723 2011/2282/3724
o SUDP5
v -32.958618 2.389998 -16.433222
v -32.964027 2.389998 -16.433090
v -32.958614 2.389998 -16.433144
v -32.988659 2.389998 -13.207414
v -32.983253 2.389998 -13.207547
v -32.988667 2.389998 -13.207493
v -32.977844 2.439998 -13.207678
v -32.977844 2.389998 -13.207678
v -32.988659 2.439998 -13.207413
v -32.974438 2.389998 -16.432989
v -32.974438 2.259998 -16.432989
v -32.953617 2.259998 -16.433191
v -32.953617 2.389998 -16.433193
v -32.993664 2.259998 -13.207444
v -32.993664 2.389998 -13.207444
v -32.969440 2.389998 -16.432959
v -32.972843 2.259998 -13.207647
v -32.972843 2.389998 -13.207647
v -32.969440 2.439997 -16.432959
v -32.958618 2.439998 -16.433222
vn -0.0000 -1.0000 -0.0000
vn -0.0000 -1.0000 0.0020
vn 0.0238 -0.0000 0.9997
vn 0.0241 -0.0000 0.9997
vn 0.0243 -0.0000 0.9997
vn 0.0247 0.0003 0.9997
vn 0.0247 -0.0001 0.9997
vn 0.0247 -0.0000 0.9997
vn -0.0097 -0.0000 -1.0000
vn -0.0099 -0.0000 -1.0000
vn -0.0000 1.0000 -0.0000
vn -0.0098 -0.0000 -1.0000
vn -1.0000 -0.0000 0.0098
vn -1.0000 -0.0000 -0.0060
vn 1.0000 -0.0000 0.0060
vn 0.0097 -0.0000 1.0000
vn 0.0099 -0.0000 1.0000
vn 0.0095 -0.0000 1.0000
vn -0.9976 -0.0678 0.0168
vn -0.1607 0.9843 0.0733
vn -0.1240 0.9922 0.0124
vn -0.9999 0.0097 0.0050
vn -0.1384 -0.0848 0.9867
vn -0.0001 1.0000 -0.0000
vn 0.9998 -0.0000 0.0204
vn 0.9998 0.0002 0.0204
vn 0.9988 -0.0000 -0.0484
vn 0.9987 0.0144 -0.0484
vn 0.9998 -0.0000 -0.0197
vn -0.0247 -0.0000 -0.9997
vn -0.0250 -0.0000 -0.9997
vn -0.0238 0.0003 -0.9997
vn -0.0238 -0.0000 -0.9997
vn -0.0243 -0.0000 -0.9997
vn -0.0244 0.0005 -0.9997
vt 1079.104126 -410.981720
vt 1079.103516 -410.989563
vt 1079.642578 -411.036743
vt 1057.136841 -732.827698
vt 1057.137451 -732.819824
vt 1056.598389 -732.772644
vt 1.082476 0.000000
vt 0.541238 -5.000000
vt 1.082476 -5.000000
vt 0.000000 -5.000000
vt 0.000000 0.000000
vt 2.082237 0.000000
vt 0.000000 -13.000000
vt 2.082237 -13.000000
vt 1.041119 0.000000
vt 0.500062 0.000000
vt 322.560150 -13.000000
vt 322.560150 0.000000
vt -1080.679688 -411.127472
vt -1080.180908 -411.091736
vt -1079.642578 -411.036743
vt -1057.137329 -732.819824
vt -1057.635498 -732.863403
vt -1079.103516 -410.989563
vt -1055.561157 -732.681946
vt -1078.605347 -410.945984
vt -1056.059937 -732.717651
vt -1056.598389 -732.772644
vt 1078.605347 -410.945984
vt 1057.635498 -732.863403
vt 1080.679688 -411.127472
vt 1055.561157 -732.681946
vt 322.560150 -5.000000
vt 322.552246 -5.000000
vt -1057.136841 -732.827698
vt -1079.104126 -410.981720
s 0
usemtl Material__28_2
f 2031/2283/3725 2033/2284/3725 2032/2285/3725
f 2034/2286/3726 2036/2287/3726 2035/2288/3726
f 2037/2289/3727 2035/2290/3728 2038/2291/3729
f 2035/2290/3730 2037/2289/3731 2034/2292/3731
f 2034/2292/3732 2037/2289/3732 2039/2293/3732
f 2040/2294/3733 2042/2295/3733 2041/2296/3733
f 2042/2295/3734 2040/2294/3734 2043/2293/3734
f 2043/2293/3735 2040/2294/3735 2032/2297/3736
f 2043/2293/3735 2032/2297/3737 2033/2298/3736
f 2044/2299/3738 2040/2293/3738 2041/2295/3738
f 2044/2299/3738 2045/2300/3738 2040/2293/3738
f 2040/2301/3735 2046/2302/3735 2032/2303/3735
f 2046/2302/3735 2040/2301/3735 2036/2304/3735
f 2036/2304/3735 2040/2301/3735 2045/2305/3735
f 2042/2299/3739 2048/2293/3739 2047/2295/3739
f 2042/2299/3739 2043/2300/3739 2048/2293/3739
f 2033/2306/3735 2048/2307/3735 2043/2308/3735
f 2048/2307/3735 2033/2306/3735 2038/2309/3735
f 2048/2307/3735 2038/2309/3735 2035/2310/3735
f 2042/2311/3725 2044/2312/3725 2041/2313/3725
f 2042/2311/3725 2047/2314/3725 2044/2312/3725
f 2035/2297/3740 2036/2298/3735 2048/2294/3735
f 2044/2295/3741 2048/2294/3741 2036/2298/3741
f 2048/2294/3740 2044/2295/3740 2047/2296/3740
f 2044/2295/3742 2036/2298/3742 2045/2293/3741
f 2049/2293/3738 2034/2315/3743 2039/2300/3738
f 2034/2315/3744 2049/2293/3745 2036/2316/3746
f 2036/2316/3747 2049/2293/3738 2046/2292/3738
f 2039/2317/3748 2050/2318/3748 2049/2302/3748
f 2039/2317/3735 2037/2309/3735 2050/2318/3735
f 2033/2316/3749 2037/2293/3739 2038/2292/3739
f 2037/2293/3739 2033/2316/3750 2050/2300/3739
f 2050/2300/3751 2033/2316/3752 2031/2315/3753
f 2049/2289/3754 2032/2290/3755 2046/2291/3754
f 2032/2290/3756 2049/2289/3757 2031/2292/3758
f 2031/2292/3759 2049/2289/3758 2050/2293/3758
o SUDP6
v -32.958618 2.239998 -16.433222
v -32.964027 2.239998 -16.433092
v -32.958614 2.239998 -16.433144
v -32.988659 2.239998 -13.207415
v -32.983253 2.239998 -13.207545
v -32.988667 2.239998 -13.207493
v -32.977844 2.289998 -13.207678
v -32.977844 2.239998 -13.207679
v -32.988659 2.289998 -13.207413
v -32.974438 2.239998 -16.432989
v -32.974438 2.109998 -16.432989
v -32.953617 2.109998 -16.433191
v -32.953617 2.239998 -16.433191
v -32.993664 2.109998 -13.207444
v -32.993664 2.239998 -13.207445
v -32.969440 2.239998 -16.432959
v -32.972843 2.109998 -13.207649
v -32.972843 2.239998 -13.207649
v -32.969440 2.289998 -16.432959
v -32.958618 2.289998 -16.433222
vn -0.0000 -1.0000 -0.0000
vn 0.0247 -0.0000 0.9997
vn 0.0245 -0.0000 0.9997
vn 0.0243 -0.0000 0.9997
vn -0.0097 -0.0000 -1.0000
vn -0.0000 -0.9138 0.4061
vn -0.0097 0.0011 -1.0000
vn -0.9127 0.4007 0.0802
vn -0.0000 -0.9846 -0.1750
vn -1.0000 -0.0000 -0.0060
vn -0.0000 1.0000 0.0022
vn 0.0007 1.0000 0.0009
vn -0.0000 1.0000 -0.0000
vn -0.0013 1.0000 0.0007
vn 1.0000 -0.0000 0.0060
vn 0.0013 1.0000 -0.0007
vn -0.0000 1.0000 -0.0022
vn -0.0007 1.0000 -0.0010
vn 0.0098 -0.0000 1.0000
vn 0.0099 -0.0000 1.0000
vn 0.0100 -0.0000 1.0000
vn 0.0096 -0.0000 1.0000
vn 0.0092 -0.0000 1.0000
vn 0.0095 -0.0000 1.0000
vn -0.9975 -0.0685 0.0168
vn -0.1651 0.9835 0.0737
vn -0.1278 0.9917 0.0123
vn -0.9999 0.0096 0.0050
vn -0.1424 -0.0859 0.9861
vn 0.9998 -0.0000 0.0205
vn 0.9988 -0.0000 -0.0484
vn 0.9987 0.0145 -0.0484
vn 0.9998 -0.0000 -0.0197
vn -0.0247 -0.0000 -0.9997
vn -0.0243 -0.0000 -0.9997
vn -0.0242 -0.0000 -0.9997
vn -0.0238 -0.0000 -0.9997
vn -0.0245 -0.0000 -0.9997
vt 1079.104126 -410.981720
vt 1079.103516 -410.989563
vt 1079.642578 -411.036743
vt 1057.136841 -732.827698
vt 1057.137451 -732.819824
vt 1056.598389 -732.772644
vt 1.082476 0.000000
vt 0.541238 -5.000000
vt 1.082476 -5.000000
vt 0.000000 0.000000
vt 0.000000 -5.000000
vt 2.082237 0.000000
vt 0.000000 -13.000000
vt 2.082237 -13.000000
vt 0.500062 0.000000
vt 1.041119 0.000000
vt 322.560150 -13.000000
vt 322.560150 0.000000
vt -1080.679688 -411.127472
vt -1080.180908 -411.091736
vt -1079.642578 -411.036743
vt -1057.137329 -732.819824
vt -1057.635498 -732.863403
vt -1079.103516 -410.989563
vt -1055.561157 -732.681946
vt -1078.605347 -410.945984
vt -1056.059937 -732.717651
vt -1056.598389 -732.772644
vt 1078.605347 -410.945984
vt 1057.635498 -732.863403
vt 1080.679688 -411.127472
vt 1055.561157 -732.681946
vt 322.560150 -5.000000
vt 322.552246 -5.000000
vt -1057.136841 -732.827698
vt -1079.104126 -410.981720
s 0
usemtl Material__28_2
f 2051/2319/3760 2053/2320/3760 2052/2321/3760
f 2054/2322/3760 2056/2323/3760 2055/2324/3760
f 2057/2325/3761 2055/2326/3761 2058/2327/3761
f 2059/2328/3762 2055/2326/3762 2057/2325/3762
f 2055/2326/3763 2059/2328/3763 2054/2329/3763
f 2060/2330/3764 2062/2331/3764 2061/2332/3764
f 2062/2331/3764 2060/2330/3764 2063/2328/3764
f 2063/2328/3765 2060/2330/3765 2053/2333/3766
f 2053/2333/3767 2060/2330/3768 2052/2334/3764
f 2064/2335/3769 2060/2328/3769 2061/2331/3769
f 2064/2335/3769 2065/2336/3769 2060/2328/3769
f 2060/2337/3770 2066/2338/3771 2052/2339/3772
f 2066/2338/3773 2060/2337/3772 2056/2340/3772
f 2056/2340/3772 2060/2337/3772 2065/2341/3772
f 2062/2335/3774 2068/2328/3774 2067/2331/3774
f 2062/2335/3774 2063/2336/3774 2068/2328/3774
f 2053/2342/3772 2068/2343/3772 2063/2344/3772
f 2068/2343/3772 2053/2342/3772 2058/2345/3775
f 2068/2343/3776 2058/2345/3777 2055/2346/3772
f 2062/2347/3760 2064/2348/3760 2061/2349/3760
f 2062/2347/3760 2067/2350/3760 2064/2348/3760
f 2055/2334/3778 2056/2333/3760 2068/2330/3760
f 2064/2331/3779 2068/2330/3779 2056/2333/3779
f 2068/2330/3780 2064/2331/3780 2067/2332/3781
f 2064/2331/3782 2056/2333/3782 2065/2328/3783
f 2069/2328/3769 2054/2351/3784 2059/2336/3769
f 2054/2351/3785 2069/2328/3786 2056/2352/3787
f 2056/2352/3788 2069/2328/3769 2066/2329/3769
f 2059/2353/3772 2070/2354/3772 2069/2338/3772
f 2059/2353/3772 2057/2345/3772 2070/2354/3772
f 2058/2329/3774 2070/2336/3774 2057/2328/3774
f 2070/2336/3774 2058/2329/3774 2053/2352/3789
f 2070/2336/3790 2053/2352/3791 2051/2351/3792
f 2069/2325/3793 2052/2326/3793 2066/2327/3794
f 2070/2328/3795 2052/2326/3795 2069/2325/3795
f 2052/2326/3796 2070/2328/3796 2051/2329/3797
o SUDP7
v -32.958618 2.089998 -16.433222
v -32.964027 2.089997 -16.433090
v -32.958614 2.089997 -16.433144
v -32.988659 2.089998 -13.207413
v -32.983253 2.089998 -13.207545
v -32.988667 2.089998 -13.207492
v -32.974438 2.089997 -16.432989
v -32.974438 1.959997 -16.432989
v -32.953617 1.959997 -16.433193
v -32.953617 2.089997 -16.433191
v -32.972843 2.089997 -13.207647
v -32.972843 1.959997 -13.207647
v -32.993664 1.959997 -13.207444
v -32.993664 2.089997 -13.207443
v -32.969440 2.089997 -16.432959
v -32.977844 2.089997 -13.207678
v -32.969440 2.139997 -16.432959
v -32.958618 2.139998 -16.433222
v -32.977844 2.139997 -13.207678
v -32.988659 2.139998 -13.207414
vn -0.0000 -1.0000 -0.0040
vn -0.0000 -1.0000 -0.0000
vn -0.0099 -0.0000 -1.0000
vn -0.0096 0.0002 -1.0000
vn -0.0003 -1.0000 -0.0000
vn -0.0098 -0.0000 -1.0000
vn -1.0000 -0.0000 0.0098
vn -0.0000 1.0000 -0.0000
vn 0.0094 -0.0000 1.0000
vn 0.0097 -0.0000 1.0000
vn 0.0099 -0.0000 1.0000
vn 0.0097 0.0003 1.0000
vn 0.0083 -0.2800 0.9600
vn 0.0079 -0.2800 0.9600
vn 0.0097 -0.0001 1.0000
vn 0.2862 0.4296 0.8565
vn 0.0058 0.4472 0.8944
vn 0.0098 -0.0000 1.0000
vn -1.0000 -0.0000 -0.0060
vn -0.0000 1.0000 -0.0023
vn -0.0015 1.0000 -0.0023
vn -0.0000 1.0000 0.0015
vn -0.0002 1.0000 -0.0000
vn 1.0000 -0.0000 0.0060
vn 0.0039 1.0000 -0.0022
vn -0.0000 1.0000 -0.0067
vn -0.0022 1.0000 -0.0028
vn -0.0247 -0.0000 -0.9997
vn -0.0238 -0.0000 -0.9997
vn -0.0244 -0.0000 -0.9997
vn -0.0244 0.0006 -0.9997
vn -0.0242 -0.0000 -0.9997
vn -0.0246 -0.0000 -0.9997
vn 0.0250 -0.0000 0.9997
vn 0.0243 -0.0000 0.9997
vn 0.0242 -0.0000 0.9997
vn 0.0247 -0.0000 0.9997
vn -0.9956 -0.0000 0.0937
vn -0.9949 0.0372 0.0937
vn -0.9998 -0.0000 0.0177
vn -0.9991 0.0008 -0.0431
vn -1.0000 0.0002 -0.0060
vn -0.9991 -0.0000 -0.0431
vn -0.0001 1.0000 -0.0000
vn 0.0001 1.0000 -0.0000
vn 0.9998 -0.0000 0.0203
vn 0.9998 0.0003 0.0203
vn 0.9988 -0.0000 -0.0485
vn 0.9987 0.0144 -0.0486
vn 0.9998 -0.0000 -0.0197
vt 1079.104126 -410.981720
vt 1079.103516 -410.989563
vt 1079.642578 -411.036743
vt 1057.136841 -732.827698
vt 1057.137451 -732.819824
vt 1056.598389 -732.772644
vt 2.082237 0.000000
vt 0.000000 -13.000000
vt 2.082237 -13.000000
vt 0.000000 0.000000
vt 0.500062 0.000000
vt 1.041119 0.000000
vt 322.560150 -13.000000
vt 322.560150 0.000000
vt -1080.679688 -411.127472
vt -1080.180908 -411.091736
vt -1079.642578 -411.036743
vt -1057.137329 -732.819824
vt -1057.635498 -732.863403
vt -1079.103516 -410.989563
vt -1055.561157 -732.681946
vt -1078.605347 -410.945984
vt -1056.059937 -732.717651
vt -1056.598389 -732.772644
vt 1.082476 0.000000
vt 0.541238 -5.000000
vt 1.082476 -5.000000
vt 0.000000 -5.000000
vt 1078.605347 -410.945984
vt 1057.635498 -732.863403
vt 1080.679688 -411.127472
vt 1055.561157 -732.681946
vt 322.552246 -5.000000
vt 322.560150 -5.000000
vt -1057.136841 -732.827698
vt -1079.104126 -410.981720
s 0
usemtl Material__28_2
f 2071/2355/3798 2073/2356/3798 2072/2357/3798
f 2074/2358/3799 2076/2359/3799 2075/2360/3799
f 2077/2361/3800 2079/2362/3800 2078/2363/3800
f 2079/2362/3800 2077/2361/3800 2080/2364/3801
f 2080/2364/3802 2077/2361/3799 2073/2365/3803
f 2073/2365/3804 2077/2361/3805 2072/2366/3803
f 2081/2361/3806 2083/2362/3807 2082/2363/3807
f 2083/2362/3808 2081/2361/3809 2084/2364/3808
f 2084/2364/3810 2081/2361/3811 2076/2365/3812
f 2076/2365/3813 2081/2361/3814 2075/2366/3815
f 2083/2367/3816 2077/2364/3816 2078/2362/3816
f 2083/2367/3816 2084/2368/3816 2077/2364/3816
f 2077/2369/3817 2085/2370/3818 2072/2371/3805
f 2085/2370/3819 2077/2369/3805 2076/2372/3805
f 2076/2372/3820 2077/2369/3820 2084/2373/3820
f 2079/2367/3821 2081/2364/3821 2082/2362/3821
f 2079/2367/3821 2080/2368/3821 2081/2364/3821
f 2073/2374/3805 2081/2375/3805 2080/2376/3805
f 2081/2375/3805 2073/2374/3805 2086/2377/3822
f 2081/2375/3823 2086/2377/3824 2075/2378/3805
f 2087/2379/3825 2072/2380/3825 2085/2381/3825
f 2072/2380/3826 2087/2379/3826 2071/2382/3827
f 2071/2382/3828 2087/2379/3829 2088/2364/3830
f 2079/2383/3799 2083/2384/3799 2078/2385/3799
f 2079/2383/3799 2082/2386/3799 2083/2384/3799
f 2089/2379/3831 2075/2380/3831 2086/2381/3832
f 2090/2364/3833 2075/2380/3833 2089/2379/3833
f 2075/2380/3834 2090/2364/3834 2074/2382/3834
f 2090/2368/3835 2076/2387/3836 2074/2388/3837
f 2076/2387/3838 2090/2368/3839 2087/2364/3839
f 2076/2387/3840 2087/2364/3816 2085/2382/3816
f 2090/2389/3841 2088/2390/3841 2087/2370/3841
f 2090/2389/3842 2089/2377/3842 2088/2390/3842
f 2073/2387/3843 2089/2364/3821 2086/2382/3821
f 2089/2364/3821 2073/2387/3844 2088/2368/3821
f 2088/2368/3845 2073/2387/3846 2071/2388/3847
o SUDP8
v -32.958614 1.939998 -16.433222
v -32.964024 1.939997 -16.433090
v -32.958614 1.939997 -16.433144
v -32.988659 1.939998 -13.207414
v -32.983253 1.939998 -13.207546
v -32.988667 1.939998 -13.207493
v -32.977840 1.989998 -13.207679
v -32.977844 1.939998 -13.207678
v -32.988659 1.989998 -13.207413
v -32.974438 1.939998 -16.432989
v -32.974438 1.809998 -16.432989
v -32.953617 1.939998 -16.433191
v -32.953617 1.809998 -16.433191
v -32.993664 1.809998 -13.207444
v -32.993664 1.939998 -13.207444
v -32.969440 1.939998 -16.432959
v -32.972843 1.809998 -13.207647
v -32.972843 1.939998 -13.207647
v -32.969437 1.989998 -16.432959
v -32.958614 1.989998 -16.433222
vn -0.0001 -1.0000 -0.0039
vn -0.0000 -1.0000 -0.0039
vn 0.0238 -0.0000 0.9997
vn 0.0241 -0.0000 0.9997
vn 0.0245 -0.0000 0.9997
vn 0.0248 0.0003 0.9997
vn 0.0247 -0.0000 0.9997
vn 0.0244 0.0001 0.9997
vn 0.0244 -0.0002 0.9997
vn -0.0097 -0.0000 -1.0000
vn -0.0102 -0.0000 -0.9999
vn -0.0095 -0.0000 -1.0000
vn -1.0000 -0.0000 -0.0060
vn -0.0000 1.0000 -0.0068
vn -0.0045 1.0000 -0.0068
vn -0.0000 1.0000 -0.0000
vn -0.0000 1.0000 0.0045
vn 1.0000 -0.0000 0.0060
vn -0.0002 1.0000 -0.0000
vn 0.0013 1.0000 -0.0007
vn -0.0000 1.0000 -0.0023
vn -0.0007 1.0000 -0.0010
vn -0.0000 -1.0000 -0.0000
vn 0.0097 -0.0000 1.0000
vn 0.0098 -0.0000 1.0000
vn 0.9999 -0.0000 -0.0102
vn 0.0096 -0.0000 1.0000
vn -0.9999 -0.0001 0.0117
vn -0.9943 0.0157 0.1054
vn -0.9954 -0.0000 0.0961
vn -1.0000 0.0014 0.0074
vn -0.9958 0.0002 -0.0920
vn -1.0000 0.0002 -0.0060
vn -1.0000 -0.0001 -0.0060
vn 0.9999 0.0001 0.0155
vn 1.0000 -0.0001 0.0060
vn 0.9999 0.0095 0.0059
vn 1.0000 -0.0000 -0.0000
vn 1.0000 0.0001 -0.0095
vn 0.9998 -0.0000 -0.0197
vn -0.0221 -0.0000 -0.9998
vn -0.0242 -0.0000 -0.9997
vt 1079.104126 -410.981720
vt 1079.103516 -410.989563
vt 1079.642578 -411.036743
vt 1057.136841 -732.827698
vt 1057.137451 -732.819824
vt 1056.598389 -732.772644
vt 1.082476 0.000000
vt 0.541238 -5.000000
vt 1.082476 -5.000000
vt 0.000000 -5.000000
vt 0.000000 0.000000
vt 2.082237 0.000000
vt 1.041119 0.000000
vt 2.082237 -13.000000
vt 0.500062 0.000000
vt 0.000000 -13.000000
vt 322.560150 -13.000000
vt 322.560150 0.000000
vt -1080.679688 -411.127472
vt -1080.180908 -411.091736
vt -1079.642578 -411.036743
vt -1057.137329 -732.819824
vt -1057.635498 -732.863403
vt -1079.103516 -410.989563
vt -1055.561157 -732.681946
vt -1078.605347 -410.945984
vt -1056.059937 -732.717651
vt -1056.598389 -732.772644
vt 1078.605347 -410.945984
vt 1057.635498 -732.863403
vt 1080.679688 -411.127472
vt 1055.561157 -732.681946
vt 322.560150 -5.000000
vt 322.552246 -5.000000
vt -1057.136841 -732.827698
vt -1079.104126 -410.981720
s 0
usemtl Material__28_2
f 2091/2391/3848 2093/2392/3849 2092/2393/3849
f 2094/2394/3848 2096/2395/3848 2095/2396/3848
f 2097/2397/3850 2095/2398/3851 2098/2399/3852
f 2095/2398/3853 2097/2397/3854 2094/2400/3855
f 2094/2400/3856 2097/2397/3854 2099/2401/3854
f 2100/2402/3857 2092/2403/3858 2101/2404/3858
f 2093/2405/3859 2101/2404/3859 2092/2403/3859
f 2102/2401/3859 2101/2404/3859 2093/2405/3859
f 2101/2404/3857 2102/2401/3857 2103/2406/3857
f 2104/2407/3860 2100/2401/3860 2101/2406/3860
f 2104/2407/3860 2105/2408/3860 2100/2401/3860
f 2100/2409/3861 2106/2410/3862 2092/2411/3863
f 2106/2410/3864 2100/2409/3863 2096/2412/3863
f 2096/2412/3863 2100/2409/3863 2105/2413/3863
f 2103/2407/3865 2108/2401/3865 2107/2406/3865
f 2103/2407/3865 2102/2408/3865 2108/2401/3865
f 2093/2414/3866 2108/2415/3866 2102/2416/3866
f 2108/2415/3863 2093/2414/3863 2098/2417/3867
f 2108/2415/3868 2098/2417/3869 2095/2418/3863
f 2103/2419/3870 2104/2420/3870 2101/2421/3870
f 2103/2419/3870 2107/2422/3870 2104/2420/3870
f 2108/2402/3871 2104/2406/3871 2107/2404/3871
f 2104/2406/3872 2108/2402/3872 2105/2401/3872
f 2105/2401/3863 2108/2402/3863 2095/2403/3871
f 2105/2401/3870 2095/2403/3873 2096/2405/3874
f 2109/2401/3860 2094/2423/3875 2099/2408/3860
f 2094/2423/3876 2109/2401/3877 2096/2424/3878
f 2096/2424/3879 2109/2401/3880 2106/2400/3881
f 2099/2425/3863 2110/2426/3863 2109/2410/3863
f 2099/2425/3863 2097/2417/3863 2110/2426/3863
f 2093/2424/3882 2097/2401/3883 2098/2400/3883
f 2097/2401/3865 2093/2424/3884 2110/2408/3865
f 2110/2408/3885 2093/2424/3886 2091/2423/3887
f 2106/2399/3888 2091/2400/3888 2092/2398/3889
f 2091/2400/3889 2106/2399/3889 2109/2397/3889
f 2091/2400/3889 2109/2397/3889 2110/2401/3889
o SUDP9
v -32.958618 1.789998 -16.433222
v -32.964027 1.789997 -16.433090
v -32.958614 1.789997 -16.433146
v -32.988659 1.789998 -13.207414
v -32.983253 1.789998 -13.207545
v -32.988667 1.789998 -13.207493
v -32.977844 1.839997 -13.207679
v -32.977844 1.789998 -13.207678
v -32.988659 1.839998 -13.207414
v -32.974438 1.789997 -16.432989
v -32.974438 1.659998 -16.432989
v -32.953617 1.659998 -16.433191
v -32.953617 1.789997 -16.433191
v -32.993664 1.659998 -13.207443
v -32.993664 1.789998 -13.207444
v -32.969440 1.789997 -16.432959
v -32.972843 1.659998 -13.207647
v -32.972843 1.789997 -13.207647
v -32.969440 1.839997 -16.432959
v -32.958618 1.839998 -16.433222
vn -0.0000 -1.0000 -0.0021
vn -0.0000 -1.0000 -0.0020
vn 0.0242 -0.0000 0.9997
vn 0.0243 -0.0000 0.9997
vn 0.0245 -0.0000 0.9997
vn -0.0097 -0.0000 -1.0000
vn -0.0000 1.0000 -0.0000
vn -0.0095 -0.0000 -1.0000
vn -0.0000 -1.0000 -0.0000
vn -0.9999 -0.0000 0.0107
vn -1.0000 -0.0000 -0.0060
vn 1.0000 -0.0000 0.0060
vn 0.0002 1.0000 -0.0000
vn -0.0004 1.0000 -0.0045
vn 0.0002 1.0000 0.0067
vn 0.0046 1.0000 0.0064
vn 0.0099 -0.0000 1.0000
vn 0.0097 -0.0000 1.0000
vn 0.0062 -0.6757 0.7371
vn 0.0098 0.0001 1.0000
vn -0.6757 0.7371 0.0065
vn 0.0098 -0.0000 1.0000
vn -0.9976 -0.0679 0.0168
vn -0.1607 0.9843 0.0733
vn -0.1240 0.9922 0.0124
vn -0.9999 0.0096 0.0050
vn -0.1383 -0.0848 0.9868
vn -0.0001 1.0000 -0.0000
vn 0.0001 1.0000 -0.0000
vn 0.9998 -0.0000 0.0211
vn 1.0000 -0.0001 0.0060
vn 0.9998 0.0002 0.0211
vn 0.9987 -0.0000 -0.0500
vn 0.9986 0.0151 -0.0501
vn 0.9998 -0.0000 -0.0197
vn -0.0247 -0.0000 -0.9997
vn -0.0238 -0.0000 -0.9997
vn -0.0241 -0.0000 -0.9997
vn -0.0243 0.0003 -0.9997
vn -0.0242 -0.0000 -0.9997
vt 1079.104126 -410.981720
vt 1079.103516 -410.989563
vt 1079.642578 -411.036743
vt 1057.136841 -732.827698
vt 1057.137451 -732.819824
vt 1056.598389 -732.772644
vt 1.082476 0.000000
vt 0.541238 -5.000000
vt 1.082476 -5.000000
vt 0.000000 -5.000000
vt 0.000000 0.000000
vt 2.082237 0.000000
vt 0.000000 -13.000000
vt 2.082237 -13.000000
vt 1.041119 0.000000
vt 0.500062 0.000000
vt 322.560150 -13.000000
vt 322.560150 0.000000
vt -1080.679688 -411.127472
vt -1080.180908 -411.091736
vt -1079.642578 -411.036743
vt -1057.137329 -732.819824
vt -1057.635498 -732.863403
vt -1079.103516 -410.989563
vt -1055.561157 -732.681946
vt -1078.605347 -410.945984
vt -1056.059937 -732.717651
vt -1056.598389 -732.772644
vt 1078.605347 -410.945984
vt 1057.635498 -732.863403
vt 1080.679688 -411.127472
vt 1055.561157 -732.681946
vt 322.560150 -5.000000
vt 322.552246 -5.000000
vt -1057.136841 -732.827698
vt -1079.104126 -410.981720
s 0
usemtl Material__28_2
f 2111/2427/3890 2113/2428/3890 2112/2429/3890
f 2114/2430/3891 2116/2431/3891 2115/2432/3891
f 2117/2433/3892 2115/2434/3892 2118/2435/3892
f 2115/2434/3893 2117/2433/3893 2114/2436/3893
f 2114/2436/3894 2117/2433/3894 2119/2437/3894
f 2120/2438/3895 2122/2439/3895 2121/2440/3895
f 2122/2439/3895 2120/2438/3895 2123/2437/3895
f 2123/2437/3896 2120/2438/3896 2112/2441/3897
f 2123/2437/3898 2112/2441/3899 2113/2442/3895
f 2124/2443/3900 2120/2437/3900 2121/2439/3900
f 2124/2443/3900 2125/2444/3900 2120/2437/3900
f 2120/2445/3896 2126/2446/3896 2112/2447/3896
f 2126/2446/3896 2120/2445/3896 2116/2448/3896
f 2116/2448/3896 2120/2445/3896 2125/2449/3896
f 2122/2443/3901 2128/2437/3901 2127/2439/3901
f 2122/2443/3901 2123/2444/3901 2128/2437/3901
f 2113/2450/3896 2128/2451/3896 2123/2452/3896
f 2128/2451/3902 2113/2450/3902 2118/2453/3903
f 2128/2451/3904 2118/2453/3905 2115/2454/3896
f 2122/2455/3898 2124/2456/3898 2121/2457/3898
f 2122/2455/3898 2127/2458/3898 2124/2456/3898
f 2128/2438/3906 2124/2439/3906 2127/2440/3906
f 2124/2439/3907 2128/2438/3907 2125/2437/3907
f 2125/2437/3908 2128/2438/3908 2115/2441/3909
f 2125/2437/3896 2115/2441/3910 2116/2442/3911
f 2129/2437/3900 2114/2459/3912 2119/2444/3900
f 2114/2459/3913 2129/2437/3914 2116/2460/3915
f 2116/2460/3916 2129/2437/3900 2126/2436/3900
f 2119/2461/3917 2130/2462/3917 2129/2446/3917
f 2119/2461/3918 2117/2453/3918 2130/2462/3918
f 2113/2460/3919 2117/2437/3901 2118/2436/3901
f 2117/2437/3920 2113/2460/3921 2130/2444/3920
f 2130/2444/3922 2113/2460/3923 2111/2459/3924
f 2129/2433/3925 2112/2434/3925 2126/2435/3925
f 2112/2434/3926 2129/2433/3926 2111/2436/3927
f 2111/2436/3928 2129/2433/3929 2130/2437/3929
o Wall1
v -28.561409 3.907564 -12.975318
v -28.545071 3.599998 -17.874187
v -28.561405 3.599999 -12.975317
v -28.562080 7.907565 -12.773676
v -28.562084 3.907564 -12.773675
v -28.559746 7.907565 -18.734066
v -28.545071 0.299998 -17.874187
v -28.559746 0.299998 -18.734064
v -28.761404 3.599999 -12.977468
v -28.745079 3.599998 -17.872814
v -28.761406 3.907564 -12.977468
v -28.745047 0.299998 -17.870775
v -28.760033 0.299998 -18.748909
v -28.760033 7.907565 -18.748907
v -28.762089 3.907564 -12.774822
v -28.762085 7.907565 -12.774823
v -16.883568 0.299998 -18.815821
v -16.899937 0.299998 -12.975459
v -16.899937 3.907564 -12.975461
v -16.883568 3.907564 -18.815823
v -17.083567 0.299998 -18.816381
v -17.083567 3.907564 -18.816383
v -17.099934 3.907564 -12.975645
v -17.099934 0.299998 -12.975645
v -18.468863 1.537607 -8.850518
v -17.139818 1.537607 -8.860453
v -17.138323 1.537607 -8.660460
v -18.467367 1.537608 -8.650523
v -16.071056 1.537608 -8.668438
v -14.715422 1.537607 -8.678572
v -12.441002 1.537607 -8.674435
v -14.716917 1.537607 -8.878565
v -16.072550 1.537607 -8.868433
v -11.045340 1.537607 -8.865386
v -11.046637 1.537607 -8.665389
v -12.439706 1.537607 -8.874430
v -18.467367 2.889607 -8.650524
v -18.468863 2.889607 -8.850517
v -14.716917 2.889607 -8.878565
v -14.715422 2.889607 -8.678571
v -17.139818 2.889607 -8.860454
v -17.138323 2.889607 -8.660460
v -16.071056 2.889607 -8.668438
v -16.072550 2.889607 -8.868431
v -10.098989 2.889608 -8.859247
v -10.100286 2.889607 -8.659250
v -8.675589 2.889607 -8.650009
v -8.674292 2.889607 -8.850006
v -10.098988 1.537607 -8.859245
v -10.100286 1.537607 -8.659250
v -8.674290 1.537607 -8.850006
v -8.675589 1.537607 -8.650009
v -11.045340 2.889607 -8.865385
v -11.046637 2.889607 -8.665390
v -12.439706 2.889607 -8.874430
v -12.441002 2.889607 -8.674435
v -22.573900 3.007564 -8.664604
v -22.573414 3.007564 -8.864605
v -20.625532 3.007565 -8.854433
v -20.625776 3.007565 -8.654434
v -22.573414 3.907564 -8.864605
v -20.624113 3.907565 -8.869774
v -20.625532 0.299998 -8.854433
v -12.559299 0.299998 -8.875229
v -6.583036 3.907565 -8.844293
v -12.561420 0.299998 -8.875219
v -6.582366 0.299998 -8.844288
v -6.583036 2.999999 -8.844293
v -2.503746 3.907565 -8.872136
v -2.503746 2.999999 -8.872135
v 1.457006 3.907565 -8.928333
v -2.501743 0.299998 -8.872131
v 1.457006 0.299998 -8.928333
v -20.621185 3.907565 -8.669781
v -22.573656 3.907564 -8.664604
v -6.583942 3.907565 -8.644293
v -20.624041 0.299998 -8.654438
v -12.560873 0.299998 -8.675211
v -12.558990 0.299998 -8.675200
v -6.583942 0.299998 -8.644294
v -2.503317 3.907565 -8.672133
v -6.581672 2.999999 -8.644297
v -2.503317 2.999999 -8.672134
v -2.503317 0.299998 -8.672134
v 1.459433 3.907565 -8.728327
v 1.459433 0.299998 -8.728327
v -22.327259 7.907564 -18.662216
v -22.327263 4.007564 -18.662216
v -22.388559 4.007564 -12.962728
v -22.390709 7.907565 -12.762724
v -22.390709 2.999999 -12.762722
v -22.390028 3.907564 -12.962719
v -22.390711 3.907564 -12.762724
v -22.527338 4.007564 -18.656061
v -22.527338 7.907565 -18.656063
v -22.588577 7.907565 -12.962221
v -22.588577 4.007564 -12.962220
v -24.582289 2.999999 -12.757144
v -24.582289 7.907565 -12.757147
v -18.474751 2.870607 -12.752093
v -20.598934 3.007564 -12.754227
v -20.624437 0.299998 -12.778196
v -17.127331 2.870608 -12.775146
v -18.474751 1.545607 -12.752090
v 1.428410 3.907564 -12.728718
v -17.127331 1.545607 -12.775146
v 1.428410 0.299998 -12.728716
v -24.582796 7.907565 -12.957144
v -24.580370 7.907565 -12.757136
v -26.563623 7.907565 -12.762195
v -26.562794 7.907564 -12.962193
v -28.561417 7.907565 -12.973674
v 1.426857 3.907565 -12.928722
v -18.478174 1.545608 -12.952060
v -18.478174 2.870607 -12.952061
v -17.130753 1.545607 -12.975117
v -17.130753 2.870607 -12.975117
v -20.598249 0.299998 -12.954226
v -20.598249 3.007564 -12.954226
v -22.388556 2.999999 -12.962728
v -24.582796 2.999999 -12.957143
v -20.598251 3.007564 -12.954226
v -26.562796 0.292432 -12.962194
v -24.582796 0.299998 -12.957142
v 1.426857 0.299998 -12.928721
v -24.580370 0.299998 -12.757135
v -26.564369 0.292432 -12.762199
v -26.564371 3.007564 -12.762200
v -28.434998 3.599999 -12.773946
v -28.434998 3.007565 -12.773947
v -28.562080 3.599998 -12.773675
v -26.563623 3.007564 -12.762194
v -26.562794 3.007565 -12.962192
v -28.433348 3.007565 -12.973940
v -28.433348 3.599999 -12.973940
v -28.561417 3.599999 -12.973671
v -26.562796 2.999999 -12.962194
v -26.564369 2.999999 -12.762199
v -28.558208 7.907564 -21.237415
v -28.559319 7.907564 -19.270424
v -28.759317 7.907564 -19.285242
v -28.758198 7.907565 -21.252235
v -28.559319 0.299998 -19.270422
v -28.759317 0.299998 -19.285242
v -28.758198 0.299997 -21.252235
v -28.558208 0.299997 -21.237415
v -28.346996 7.907564 -21.651886
v -22.755575 7.907564 -21.628635
v -22.770391 7.907565 -21.428694
v -28.347828 7.907564 -21.451887
v -25.977013 1.601109 -21.642029
v -25.977844 1.601108 -21.442034
v -25.977848 3.151109 -21.442039
v -25.977015 3.151110 -21.642029
v -25.067856 3.151109 -21.438251
v -25.067024 3.151109 -21.638248
v -25.067852 1.601108 -21.438250
v -25.067022 1.601109 -21.638248
v -22.325451 0.299998 -18.831074
v -22.525450 0.299998 -18.831635
v -22.525450 7.907565 -18.831635
v -22.325451 7.907565 -18.831074
v -22.514511 0.299997 -21.460541
v -22.514513 7.907565 -21.460541
v -22.314516 7.907565 -21.459625
v -22.314516 0.299997 -21.459625
v -22.324617 3.907564 -19.031073
v -16.462708 3.907564 -19.014643
v -16.461403 3.907564 -18.814640
v -22.325453 3.907564 -18.831074
v -20.404621 2.867607 -19.025690
v -20.405182 2.867608 -18.825691
v -20.405180 1.548607 -18.825691
v -20.404619 1.548607 -19.025690
v -21.729319 2.867607 -19.029402
v -21.729881 2.867607 -18.829403
v -21.729319 1.548607 -19.029404
v -21.729881 1.548607 -18.829403
v -18.692999 0.299998 -19.020891
v -18.693562 0.299998 -18.820896
v -18.693562 2.409997 -18.820894
v -18.692999 2.409997 -19.020891
v -17.483562 2.409997 -18.817503
v -17.483004 2.409997 -19.017502
v -17.483562 0.299998 -18.817503
v -17.483004 0.299998 -19.017502
v -16.462708 0.299998 -19.014643
v -22.324615 0.299998 -19.031071
v -16.461405 0.299998 -18.814640
v 1.659380 0.299998 -8.735659
v 1.459435 0.299998 -8.728327
v 1.459435 3.907565 -8.728327
v 1.659380 3.907565 -8.735659
v 1.626865 3.907565 -12.928213
v 1.626865 0.299998 -12.928212
v -16.783464 0.299997 -21.434395
v -22.567471 0.299997 -21.460779
v -22.567471 3.907563 -21.460779
v -16.783464 3.907563 -21.434395
v -22.552652 3.907564 -21.660717
v -22.552652 0.299997 -21.660717
v -16.782555 3.907563 -21.634398
v -16.782555 0.299997 -21.634398
v -16.582554 3.907563 -21.633484
v -16.582554 0.299997 -21.633484
v -16.662718 0.299998 -19.015203
v -16.662716 3.907564 -19.015205
v -16.476913 0.299997 -21.191885
v -16.476912 3.907563 -21.191885
v -16.478218 0.299997 -21.391891
v -16.478216 3.907563 -21.391891
v -16.676924 3.907563 -21.192801
v -16.676924 0.299997 -21.192801
v -22.886749 3.449998 -18.671358
v -22.890770 3.449999 -12.944981
v -22.490770 3.449998 -12.944700
v -22.486750 3.449999 -18.671076
v -22.886749 4.149998 -18.671356
v -22.890770 4.149999 -12.944980
v -22.486750 4.149998 -18.671076
v -22.490770 4.149999 -12.944698
v -28.352684 0.299998 -18.919268
v -28.360300 0.299998 -18.719284
v -28.360300 7.907565 -18.719284
v -28.352684 7.907565 -18.919270
v -28.339928 0.299998 -19.254162
v -28.339928 7.907564 -19.254164
v -28.763462 7.907565 -18.949709
v -28.763462 0.299998 -18.949707
v -28.552261 7.907564 -18.934059
v -28.539509 7.907565 -19.268953
v -28.552261 0.299998 -18.934057
v -28.539509 0.299998 -19.268951
v -28.759432 7.907565 -19.084705
v -28.547119 7.907564 -19.068972
v -28.547119 0.299998 -19.068972
v -28.759432 0.299998 -19.084703
v -28.758083 7.907566 -21.452774
v -28.758083 0.299997 -21.452774
v -22.525349 0.299998 -18.856218
v -22.526180 0.299998 -18.656097
v -22.526180 7.907565 -18.656099
v -22.525349 7.907565 -18.856220
v -22.686199 7.907565 -18.651176
v -22.685368 7.907565 -18.851297
v -22.524799 7.907565 -18.988823
v -22.523964 7.907565 -19.188820
v -22.523964 0.299998 -19.188818
v -22.524799 0.299998 -18.988823
v -22.686199 0.299998 -18.651175
v -22.886229 7.907565 -18.645023
v -22.886229 0.299998 -18.645021
v -22.685368 0.299998 -18.851295
v -22.683956 7.907565 -19.189487
v -22.883961 7.907565 -19.190315
v -22.883961 0.299998 -19.190315
v -22.683956 0.299998 -19.189486
v -22.684792 7.907564 -18.989485
v -22.684792 0.299998 -18.989485
v -16.783651 0.299997 -21.393286
v -16.783651 3.907564 -21.393290
v -16.784565 0.299997 -21.193289
v -16.784565 3.907563 -21.193291
v -16.583656 3.907563 -21.392376
v -16.583656 0.299997 -21.392376
v -28.635098 3.649997 -21.295267
v -28.668447 3.649998 -12.885331
v -28.468447 3.649998 -12.884541
v -28.435101 3.649997 -21.294474
v -28.635098 4.149999 -21.295267
v -28.668447 4.149999 -12.885331
v -28.435101 4.149998 -21.294474
v -28.468447 4.149999 -12.884539
v -22.708233 3.649997 -21.312344
v -22.707743 3.649998 -21.512344
v -28.447723 3.649997 -21.526463
v -28.448215 3.649997 -21.326460
v -22.708237 4.149998 -21.312344
v -28.448215 4.149999 -21.326460
v -22.707745 4.149999 -21.512346
v -28.447723 4.149999 -21.526464
v -28.347950 0.299997 -21.422379
v -28.348785 0.299997 -21.221897
v -28.348785 7.907564 -21.221897
v -28.347950 7.907565 -21.422375
v -28.346996 0.299997 -21.651886
v -28.546989 7.907564 -21.652718
v -28.547884 7.907565 -21.437195
v -28.547884 0.299997 -21.437195
v -28.546989 0.299997 -21.652718
v -22.755575 0.299997 -21.628635
v -22.555092 7.907564 -21.627804
v -22.571186 7.907565 -21.410633
v -22.771669 7.907565 -21.411465
v -22.555092 0.299997 -21.627804
v -22.571186 0.299997 -21.410633
v -22.771669 0.299997 -21.411465
v -22.786486 0.299997 -21.211531
v -22.786486 7.907564 -21.211531
v -22.515560 7.907565 -21.210400
v -22.514725 7.907565 -21.410398
v -22.514723 0.299997 -21.410398
v -22.515560 0.299997 -21.210400
v -22.770391 0.299997 -21.428694
v -28.347828 0.299997 -21.451889
vn 1.0000 -0.0000 0.0033
vn 0.9999 -0.0000 -0.0170
vn 1.0000 0.0019 0.0017
vn 1.0000 0.0032 0.0093
vn 1.0000 0.0035 0.0004
vn 0.9999 0.0102 0.0013
vn 0.9999 -0.0016 -0.0142
vn 0.9999 -0.0000 -0.0171
vn 0.9995 0.0019 -0.0324
vn 0.9997 -0.0041 -0.0224
vn 0.9995 0.0035 -0.0321
vn -1.0000 -0.0000 -0.0033
vn -0.9999 -0.0000 0.0170
vn -0.9999 -0.0074 0.0152
vn -0.9999 -0.0000 0.0171
vn -0.9999 0.0073 0.0150
vn -0.9995 -0.0073 0.0317
vn -0.9999 -0.0004 0.0129
vn -1.0000 -0.0033 0.0045
vn -1.0000 -0.0019 -0.0016
vn -1.0000 -0.0020 -0.0017
vn 1.0000 -0.0000 0.0028
vn -1.0000 -0.0000 -0.0028
vn -0.0000 1.0000 -0.0000
vn -0.0042 0.8137 -0.5812
vn -0.6473 0.6226 -0.4399
vn 0.0058 0.7649 0.6441
vn -0.0000 1.0000 0.0002
vn 1.0000 -0.0000 -0.0075
vn -1.0000 -0.0000 0.0075
vn -0.0000 -1.0000 -0.0000
vn 1.0000 -0.0000 0.0065
vn -1.0000 -0.0000 -0.0065
vn -0.0010 -1.0000 -0.0030
vn 0.0010 -1.0000 -0.0045
vn -0.0027 -1.0000 0.0015
vn 0.0027 -1.0000 -0.0015
vn 0.0010 -1.0000 0.0030
vn -0.0010 -1.0000 0.0046
vn 0.0023 -0.0012 -1.0000
vn 0.0007 0.0010 -1.0000
vn 0.0013 -0.0085 -1.0000
vn -0.0126 -0.0020 -0.9999
vn 0.0069 -0.0043 -1.0000
vn 0.0040 -0.0055 -1.0000
vn -0.0080 -0.0170 -0.9998
vn 0.0055 -0.0031 -1.0000
vn 0.0018 -0.0000 -1.0000
vn 0.0043 -0.0023 -1.0000
vn -0.0012 0.0067 -1.0000
vn -0.0036 -0.0006 -1.0000
vn 0.0081 0.0002 -1.0000
vn -0.0029 0.0079 -1.0000
vn -0.0083 -0.0378 -0.9993
vn -0.0306 -0.0325 -0.9990
vn 0.0079 -0.0225 -0.9997
vn -0.0070 -1.0000 -0.0000
vn -0.0047 -0.9999 0.0111
vn 0.7787 -0.6273 -0.0023
vn -0.0151 -0.0128 -0.9998
vn -0.0079 -0.0379 -0.9993
vn -0.0126 -0.0344 -0.9993
vn -0.0116 -0.0031 -0.9999
vn -0.0047 0.7787 -0.6273
vn 0.0127 -0.0116 -0.9999
vn -0.0070 -1.0000 0.0001
vn 0.7787 -0.6273 -0.0058
vn -0.8081 -0.5890 0.0061
vn -0.0085 -0.0050 -1.0000
vn -0.0044 0.8081 -0.5890
vn 0.4778 0.6112 -0.6309
vn 0.8081 -0.5890 -0.0060
vn 0.7803 -0.6254 0.0014
vn 0.0078 0.0036 -1.0000
vn 0.0011 0.7803 -0.6254
vn 0.0012 -0.7728 -0.6346
vn 0.0084 -0.0022 -1.0000
vn 0.6657 -0.3945 -0.6334
vn 0.0011 -0.8078 -0.5895
vn -0.0014 1.0000 -0.0049
vn -0.8078 0.5895 -0.0015
vn 0.7728 0.6346 0.0014
vn -0.8078 0.5895 0.0013
vn -0.0081 1.0000 -0.0039
vn -0.0018 0.0059 -1.0000
vn 0.0004 -0.0018 -1.0000
vn -0.0084 0.0023 -1.0000
vn 0.0100 0.0164 -0.9998
vn 0.0020 0.0096 -1.0000
vn -0.0050 0.0068 -1.0000
vn 0.0093 -0.0053 -0.9999
vn 0.0155 -0.0076 -0.9999
vn 0.0011 -0.0150 -0.9999
vn -0.0120 0.3658 0.9306
vn 0.3957 0.4088 -0.8224
vn -0.0008 0.3602 0.9329
vn 0.0121 -0.0070 -0.9999
vn 0.0019 0.7840 0.6208
vn -0.3960 0.9181 0.0144
vn 0.0069 -0.0090 -0.9999
vn -0.9492 0.3145 0.0108
vn 0.0074 0.0007 -1.0000
vn 0.0054 -0.0003 -1.0000
vn 0.0061 0.0003 -1.0000
vn 0.0055 0.0013 -1.0000
vn 0.0052 0.0005 -1.0000
vn 0.0062 0.0028 -1.0000
vn 0.0052 0.0021 -1.0000
vn -0.0025 1.0000 0.0021
vn -0.0011 1.0000 0.0005
vn 0.5056 -0.0170 -0.8626
vn 0.0087 0.0039 -1.0000
vn 0.0078 0.0072 -0.9999
vn 0.0076 0.0062 -1.0000
vn 0.0053 0.0021 -1.0000
vn 0.0067 -0.0082 -0.9999
vn 0.0043 -0.0003 -1.0000
vn 0.0030 0.0032 -1.0000
vn 0.0035 -0.0036 -1.0000
vn 0.0005 -0.0088 -1.0000
vn -0.0068 -0.0000 -1.0000
vn 0.0065 -0.0077 -0.9999
vn -0.0142 -0.0000 -0.9999
vn -0.0140 -0.0016 -0.9999
vn -0.0013 0.0085 1.0000
vn -0.0023 0.0159 0.9999
vn -0.0006 0.0181 0.9998
vn -0.0059 0.0185 0.9998
vn -0.0021 0.0242 0.9997
vn 0.0023 0.0166 0.9999
vn -0.0108 0.0007 0.9999
vn -0.0026 0.0037 1.0000
vn -0.0109 0.0073 0.9999
vn -0.0022 -0.0053 1.0000
vn -0.0032 0.0048 1.0000
vn -0.0060 0.0144 0.9999
vn 0.0077 -0.0112 0.9999
vn 0.0081 -0.0215 0.9997
vn -0.0021 -0.0276 0.9996
vn -0.0201 -0.0255 0.9995
vn -0.0016 -0.0938 0.9956
vn 0.0127 -0.0926 0.9956
vn 0.0041 0.0013 1.0000
vn -0.0057 -0.0039 1.0000
vn 0.0067 0.0003 1.0000
vn -0.0050 -0.0051 1.0000
vn 0.0046 0.0037 1.0000
vn 0.0030 -0.0004 1.0000
vn 0.0075 -0.0000 1.0000
vn 0.0074 -0.0000 1.0000
vn 0.0122 -0.3091 0.9510
vn 0.9999 -0.0090 -0.0098
vn 0.0053 1.0000 -0.0000
vn 0.0012 1.0000 0.0086
vn -0.0018 0.0001 1.0000
vn -0.0468 -0.0312 0.9984
vn 0.0760 -0.0251 0.9968
vn 0.0349 -0.0368 0.9987
vn 0.0803 -0.0884 0.9928
vn -0.0053 -0.0016 1.0000
vn 0.6260 -0.7575 0.1852
vn -0.0018 -0.0000 1.0000
vn -0.0056 0.0006 1.0000
vn -0.8601 -0.4954 0.1220
vn 0.9670 -0.1742 0.1858
vn 0.0016 -0.9999 0.0125
vn -0.4836 -0.1841 -0.8557
vn 0.4935 -0.1235 0.8609
vn -0.4914 -0.1841 0.8513
vn -0.0307 -0.9980 0.0546
vn 0.0620 -0.0158 0.9980
vn -0.0095 -0.0091 0.9999
vn -0.0020 -0.0091 1.0000
vn -0.0095 0.0099 0.9999
vn -0.0091 0.0164 0.9998
vn 0.0059 0.0098 0.9999
vn -0.0003 1.0000 -0.0037
vn -0.0017 0.9999 0.0124
vn -0.7811 0.6244 -0.0051
vn 0.0057 -0.0032 1.0000
vn -0.0043 0.7493 0.6622
vn -0.0041 -0.7811 0.6243
vn -0.0011 -0.0113 0.9999
vn -0.0054 0.0001 1.0000
vn -0.4340 0.6139 0.6594
vn -0.0065 -0.0000 1.0000
vn -0.0054 -0.0013 1.0000
vn -0.0060 -0.0002 1.0000
vn -0.0052 -0.0016 1.0000
vn -0.0049 -0.0021 1.0000
vn -0.0055 -0.0012 1.0000
vn -0.0006 -1.0000 -0.0032
vn -0.7493 -0.6622 -0.0049
vn 0.0010 -1.0000 0.0004
vn -0.0092 -0.0081 0.9999
vn -0.0054 -0.0066 1.0000
vn -0.0084 -0.0065 0.9999
vn -0.0010 0.0027 1.0000
vn -0.0076 0.0077 0.9999
vn 0.0010 -0.0001 1.0000
vn 0.0004 -0.0007 1.0000
vn -0.0045 0.0004 1.0000
vn -0.0106 0.0046 0.9999
vn 0.0142 -0.0000 0.9999
vn -0.0065 0.0077 0.9999
vn 0.0068 -0.0000 1.0000
vn 1.0000 0.0001 0.0062
vn -1.0000 -0.0047 -0.0084
vn -1.0000 -0.0003 -0.0032
vn -1.0000 -0.0003 -0.0028
vn -1.0000 -0.0003 -0.0025
vn -1.0000 -0.0003 -0.0029
vn -1.0000 0.0041 0.0028
vn -0.9999 0.0006 0.0110
vn 0.9999 -0.0000 0.0108
vn 0.7392 0.6640 -0.1131
vn 1.0000 -0.0000 0.0034
vn 0.9999 -0.0000 0.0107
vn -0.7387 0.6733 -0.0325
vn -1.0000 -0.0000 -0.0034
vn -0.9999 -0.0000 -0.0108
vn 0.0025 -0.0000 1.0000
vn 0.0095 0.0561 -0.9984
vn -0.0611 0.0564 0.9965
vn -0.0363 0.0568 -0.9977
vn 0.0024 -0.0015 1.0000
vn -0.0436 0.0019 0.9990
vn -0.0035 0.0008 1.0000
vn -0.0016 -0.0088 1.0000
vn -0.0294 -0.0388 0.9988
vn 0.0015 0.1329 -0.9911
vn -0.0004 -0.0142 0.9999
vn 0.0160 0.0747 0.9971
vn -0.0203 0.0913 0.9956
vn -0.0121 -0.0000 0.9999
vn -0.0051 -0.0059 1.0000
vn -0.0137 -0.0409 0.9991
vn 0.0007 -0.0182 0.9998
vn -0.0001 -0.0250 0.9997
vn -0.0026 0.0043 1.0000
vn 0.0166 -0.0491 0.9987
vn 0.0005 -0.0501 0.9987
vn 0.0065 -0.0423 0.9991
vn -0.0011 0.0007 1.0000
vn -0.0008 -0.0057 1.0000
vn -0.0020 -0.0023 1.0000
vn -0.0036 0.0044 1.0000
vn -0.0107 0.0142 0.9998
vn -0.0022 0.0052 1.0000
vn -0.0022 -0.0014 1.0000
vn -0.0012 0.0005 1.0000
vn -0.0308 -0.0000 -0.9995
vn -0.0307 -0.0000 -0.9995
vn 0.9999 0.0077 -0.0150
vn 0.9995 -0.0107 -0.0298
vn -0.9997 0.0108 0.0238
vn -0.9996 -0.0040 0.0292
vn -0.9998 0.0008 0.0183
vn 0.0011 1.0000 0.0079
vn 0.0129 0.9999 0.0105
vn -0.0002 1.0000 -0.0014
vn 0.0079 1.0000 0.0009
vn 0.0012 1.0000 -0.0008
vn -0.0122 0.9999 -0.0037
vn -0.9997 -0.0225 0.0079
vn -0.9994 0.0012 -0.0345
vn -0.9974 0.0050 -0.0713
vn -0.9874 -0.0122 -0.1576
vn -0.9883 -0.0203 -0.1508
vn -0.0021 -1.0000 -0.0000
vn -0.0021 -1.0000 0.0002
vn 0.0042 -1.0000 -0.0000
vn 0.0042 -1.0000 -0.0021
vn 0.0042 -1.0000 0.0021
vn -0.0268 -0.9996 -0.0024
vn 0.0039 -1.0000 0.0011
vn 0.0013 -0.0049 -1.0000
vn 0.0026 -0.0000 -1.0000
vn -0.0025 -0.0000 -1.0000
vn 0.0026 -0.0043 -1.0000
vn 0.0004 0.0141 -0.9999
vn -0.0170 -0.0175 -0.9997
vn 0.0021 -0.0004 -1.0000
vn 0.0035 0.0140 -0.9999
vn -0.0225 -0.0743 -0.9970
vn -0.0108 -0.0571 -0.9983
vn -0.0235 -0.0056 -0.9997
vn -0.0081 0.0110 -0.9999
vn -0.0065 -0.0027 -1.0000
vn -0.0011 0.0240 -0.9997
vn 0.0047 0.0375 -0.9993
vn 0.0055 0.0321 -0.9995
vn -0.0265 0.0223 -0.9994
vn -0.0422 0.0323 -0.9986
vn -0.0094 0.0290 -0.9995
vn 0.0069 0.0020 -1.0000
vn 0.0074 -0.0023 -1.0000
vn 0.0058 0.0132 -0.9999
vn -0.0018 -0.0238 -0.9997
vn 0.0061 -0.0355 -0.9994
vn -0.0228 -0.0123 -0.9997
vn 0.0073 -0.0001 -1.0000
vn -0.0007 0.0132 -0.9999
vn -0.0006 -0.0160 -0.9999
vn -0.0026 -0.0000 1.0000
vn -0.0063 -0.0000 1.0000
vn -0.0033 0.0014 1.0000
vn -0.0051 0.0026 1.0000
vn -0.0036 -0.0009 1.0000
vn -0.0058 0.0026 1.0000
vn -0.0026 -0.0009 1.0000
vn -0.0053 -0.0002 1.0000
vn -0.0007 -0.0000 1.0000
vn 0.0022 -0.0005 1.0000
vn -0.0057 -0.0000 1.0000
vn -0.0052 -0.0002 1.0000
vn 0.0063 -0.0000 -1.0000
vn 0.0050 -0.0030 -1.0000
vn 0.0054 0.0002 -1.0000
vn 0.0025 0.0001 -1.0000
vn 0.0057 0.0002 -1.0000
vn 0.0052 0.0002 -1.0000
vn 0.0062 -0.0000 -1.0000
vn -1.0000 -0.0000 -0.0079
vn -0.9777 -0.0000 -0.2099
vn -0.9777 -0.0000 -0.2102
vn 0.0213 0.0019 0.9998
vn 0.0124 0.0005 0.9999
vn 0.0120 0.0003 0.9999
vn 0.0115 0.0001 0.9999
vn 0.0119 0.0003 0.9999
vn 0.0026 -0.0013 1.0000
vn -0.0739 -0.0000 0.9973
vn 0.0739 -0.0000 -0.9973
vn 1.0000 -0.0000 0.0006
vn 1.0000 -0.0000 0.0042
vn -1.0000 -0.0000 -0.0041
vn -1.0000 -0.0000 -0.0042
vn -0.0028 -0.0000 1.0000
vn 0.0046 -0.0000 -1.0000
vn 0.0028 -0.0000 -1.0000
vn 0.0366 -0.0000 0.9993
vn -1.0000 -0.0000 0.0078
vn 1.0000 -0.0000 -0.0078
vn 0.0025 -0.0000 -1.0000
vn -0.0046 -0.0000 1.0000
vn -0.9973 -0.0000 -0.0739
vn 0.0045 -0.0000 -1.0000
vn 1.0000 -0.0000 0.0045
vn 1.0000 -0.0000 -0.0065
vn -1.0000 -0.0000 0.0065
vn -1.0000 -0.0000 -0.0007
vn 1.0000 -0.0000 0.0007
vn 0.9993 -0.0000 0.0381
vn -0.9993 -0.0000 -0.0381
vn -1.0000 -0.0000 -0.0006
vn 0.0307 -0.0000 0.9995
vn 0.0308 -0.0000 0.9995
vn 0.0041 -0.0000 -1.0000
vn 0.0042 -0.0000 -1.0000
vn -0.0041 -0.0000 1.0000
vn -1.0000 -0.0000 -0.0045
vn -1.0000 -0.0000 -0.0046
vn 1.0000 -0.0000 0.0046
vn -1.0000 -0.0000 -0.0040
vn 1.0000 -0.0000 0.0040
vn -0.0025 -0.0000 1.0000
vn 0.9973 -0.0000 0.0739
vn -0.0042 -0.0000 1.0000
vn 0.9999 -0.0000 -0.0121
vn 0.0679 -0.9977 -0.0049
vn 0.0001 -0.9995 -0.0311
vn 0.0011 -1.0000 0.0003
vn 0.0050 0.0679 0.9977
vn 0.0003 -0.0011 1.0000
vn -0.0000 0.0252 0.9997
vn -0.0084 -0.9997 -0.0237
vn -0.0163 -0.9999 0.0001
vn -0.0764 -0.9971 -0.0020
vt 0.000000 0.000000
vt -0.000000 10.762365
vt 20.000000 205.990540
vt -0.000000 207.461273
vt 20.000000 9.291638
vt -42.054005 760.756592
vt -22.000000 0.000000
vt -22.000000 760.756592
vt -42.054005 0.000000
vt 20.054003 0.000000
vt -0.000000 760.756592
vt 20.054003 760.756592
vt 196.698898 0.000000
vt 196.698898 760.756592
vt 9.986447 0.000000
vt -10.013572 760.756592
vt -10.013572 0.000000
vt 9.986447 760.756592
vt 237.878662 0.000000
vt -25.014194 760.756592
vt -25.014194 0.000000
vt 237.878662 760.756592
vt -237.851532 760.756592
vt 25.006138 0.000000
vt 25.006138 760.756592
vt -237.851532 0.000000
vt -0.000000 252.879288
vt 20.000000 -9.986447
vt 20.000000 252.871231
vt 0.000000 -10.013572
vt 6.349559 760.756592
vt 26.349560 0.000000
vt 26.349560 760.756592
vt 6.349559 0.000000
vt 17.735567 0.000000
vt -2.272787 360.756592
vt -2.272787 0.000000
vt 17.735567 360.756592
vt 399.376587 0.000000
vt -20.675568 360.756592
vt -20.675568 0.000000
vt 399.376587 360.756592
vt -398.798462 360.756592
vt 20.469446 0.000000
vt 20.469446 360.756592
vt -398.798462 0.000000
vt 0.000000 409.758911
vt 20.000000 -9.715117
vt 20.000000 409.552795
vt -0.000000 -10.293238
vt -1873.545166 360.756592
vt -1853.544189 0.000000
vt -1853.544189 360.756592
vt -1873.545166 0.000000
vt 546.761414 0.000000
vt -31.644716 360.756592
vt -31.644716 0.000000
vt 546.761414 360.756592
vt -24.695469 360.756592
vt -4.647194 0.000000
vt -4.647194 360.756592
vt -24.695469 0.000000
vt -546.761414 360.756592
vt 30.254278 0.000000
vt 30.254278 360.756592
vt -546.761414 0.000000
vt -566.761414 360.756592
vt -566.761414 0.000000
vt 0.000000 10.000000
vt 20.000000 587.015686
vt 0.000000 588.406128
vt 20.000000 10.000000
vt 19.999992 0.000000
vt -0.000007 360.756592
vt -0.000007 0.000000
vt 19.999992 360.756592
vt 596.206909 0.000000
vt 576.205994 360.756592
vt 576.205994 0.000000
vt 596.206909 360.756592
vt -218.061539 360.756592
vt -218.061539 0.000000
vt -0.332576 0.000000
vt -0.332576 360.756592
vt 19.668653 0.000000
vt 19.668653 360.756592
vt -0.000000 10.093700
vt 20.000000 227.636124
vt -0.000000 227.857849
vt 20.000000 9.907169
vt -30.765738 360.756592
vt -10.764508 0.000000
vt -10.764508 360.756592
vt -30.765738 0.000000
vt 217.875000 0.000000
vt 0.110859 360.756592
vt 0.110859 0.000000
vt 217.875000 360.756592
vt 572.637756 -0.000000
vt 0.000000 40.000000
vt 572.637756 40.000000
vt 0.000000 70.000000
vt 572.637756 70.000000
vt 20.012897 0.000000
vt 20.012897 760.756592
vt 53.526890 0.000000
vt 53.526890 760.756592
vt -19.281614 760.756592
vt 21.908991 0.000000
vt 21.908991 760.756592
vt -19.281614 0.000000
vt -107.908989 760.756592
vt -87.825821 0.000000
vt -87.825821 760.756592
vt -107.908989 0.000000
vt 0.000000 29.717527
vt 20.000000 -9.647256
vt 20.000000 31.543350
vt 0.000000 -10.365643
vt -0.000000 -9.647256
vt 20.000000 23.148350
vt 0.000000 23.866735
vt 20.000000 -10.365642
vt -54.245274 760.756592
vt -20.731283 0.000000
vt -20.731283 760.756592
vt -54.245274 0.000000
vt 42.054005 0.000000
vt 42.054005 760.756592
vt -40.583275 760.756592
vt -19.294512 0.000000
vt -19.294512 760.756592
vt -40.583275 0.000000
vt 0.000000 11.278740
vt 20.000000 -9.291638
vt 20.000000 11.997127
vt 0.000000 -10.762365
vt 18.583277 0.000000
vt 18.583277 760.756592
vt -1.470727 760.756592
vt -1.470727 0.000000
vt -198.169632 760.756592
vt -198.169632 0.000000
vt -218.223633 760.756592
vt -218.223633 0.000000
vt 20.000000 0.000000
vt -20.083168 760.756592
vt -20.083168 0.000000
vt 20.000000 760.756592
vt -235.420258 0.000000
vt -255.432449 760.756592
vt -255.432449 0.000000
vt -235.420258 760.756592
vt 0.000000 10.308001
vt 20.000000 25.619337
vt 0.000000 26.317753
vt 20.000000 9.609585
vt -222.159821 760.756592
vt -202.159821 0.000000
vt -202.159821 760.756592
vt -222.159821 0.000000
vt 36.205967 0.000000
vt 36.205967 760.756592
vt 20.196213 760.756592
vt 20.196213 0.000000
vt 0.184022 760.756592
vt 0.184022 0.000000
vt -36.904381 760.756592
vt -20.894629 0.000000
vt -20.894629 760.756592
vt -36.904381 0.000000
vt 20.382212 760.756592
vt 40.382214 0.000000
vt 40.382214 760.756592
vt 20.382212 0.000000
vt 4.382212 760.756592
vt 4.382212 0.000000
vt 33.274364 760.756592
vt 53.286556 0.000000
vt 53.286556 760.756592
vt 33.274364 0.000000
vt -53.286556 760.756592
vt 0.544804 0.000000
vt 0.544804 760.756592
vt -53.286556 0.000000
vt -0.000000 26.000000
vt 20.000000 26.000000
vt -20.382212 760.756592
vt -4.382212 0.000000
vt -4.382212 760.756592
vt -20.382212 0.000000
vt 53.984970 0.000000
vt -0.544804 760.756592
vt -0.544804 0.000000
vt 53.984970 760.756592
vt 20.000000 -9.656888
vt -0.000000 44.174473
vt 0.000000 -10.355303
vt 20.000000 44.174473
vt 4.110859 0.000000
vt -19.999994 360.756592
vt -19.999994 0.000000
vt 4.110859 360.756592
vt 24.110859 0.000000
vt 24.110859 360.756592
vt 20.000000 34.110851
vt 0.000000 34.110851
vt -4.110859 360.756592
vt 19.999994 0.000000
vt 19.999994 360.756592
vt -4.110859 0.000000
vt 30.765738 0.000000
vt 0.000000 360.756592
vt 30.765738 360.756592
vt 0.000000 20.654264
vt 20.000000 -9.889756
vt 20.000000 20.654264
vt -0.000000 -10.111473
vt -30.544020 360.756592
vt -30.544020 0.000000
vt 841.000000 -0.000000
vt 0.000000 20.000000
vt 841.000000 20.000000
vt 0.000000 50.000000
vt 841.000000 50.000000
vt 10.000000 -0.000000
vt -10.000000 574.000000
vt -10.000000 -0.000000
vt 10.000000 574.000000
vt 25.000000 0.000000
vt -25.000000 574.000000
vt -25.000000 0.000000
vt 25.000000 574.000000
vt 20.048838 0.000000
vt 20.048838 760.756592
vt 43.000000 0.000000
vt 43.000000 760.756592
vt 21.000000 0.000000
vt -20.054003 760.756592
vt -20.054003 0.000000
vt 21.000000 760.756592
vt -0.000000 30.330317
vt 20.000000 -9.325151
vt 20.000000 31.801044
vt 0.000000 -10.723687
vt -19.601463 760.756592
vt 21.524731 0.000000
vt 21.524731 760.756592
vt -19.601463 0.000000
vt -43.000000 760.756592
vt -21.447374 0.000000
vt -21.447374 760.756592
vt -43.000000 0.000000
vt 0.000000 -10.000000
vt 20.000000 11.552626
vt -0.000000 12.951161
vt 20.000000 -10.000000
vt -0.000000 31.101463
vt 20.000000 10.723687
vt 20.000000 32.500000
vt 0.000000 9.325150
vt -0.381384 760.756592
vt 21.394930 0.000000
vt 21.394930 760.756592
vt -0.381384 0.000000
vt -579.195557 760.756592
vt -559.146729 0.000000
vt -559.146729 760.756592
vt -579.195557 0.000000
vt 1.779920 0.000000
vt -19.996393 760.756592
vt -19.996393 0.000000
vt 1.779920 760.756592
vt 21.828758 0.000000
vt 21.828758 760.756592
vt 20.000000 35.694771
vt -0.000000 37.093307
vt -26.341475 760.756592
vt -0.646705 0.000000
vt -0.646705 760.756592
vt -26.341475 0.000000
vt 26.341475 0.000000
vt -0.751831 760.756592
vt -0.751831 0.000000
vt 26.341475 760.756592
s 0
usemtl Material__25
f 2131/2463/3930 2133/2463/3930 2132/2463/3931
f 2134/2463/3930 2135/2463/3932 2132/2463/3933
f 2134/2463/3934 2132/2463/3935 2136/2463/3936
f 2137/2463/3937 2136/2463/3938 2132/2463/3939
f 2137/2463/3937 2138/2463/3937 2136/2463/3940
f 2139/2463/3941 2141/2463/3941 2140/2463/3942
f 2140/2463/3943 2143/2463/3944 2142/2463/3944
f 2140/2463/3945 2144/2463/3946 2143/2463/3944
f 2144/2463/3947 2140/2463/3948 2145/2463/3949
f 2144/2463/3944 2145/2463/3950 2146/2463/3950
f 2147/2463/3951 2149/2463/3951 2148/2463/3951
f 2147/2463/3951 2150/2463/3951 2149/2463/3951
f 2151/2463/3952 2153/2463/3952 2152/2463/3952
f 2151/2463/3952 2154/2463/3952 2153/2463/3952
f 2149/2463/3953 2152/2463/3953 2153/2463/3953
f 2149/2463/3953 2150/2463/3953 2152/2463/3953
f 2155/2463/3953 2157/2463/3953 2156/2463/3953
f 2155/2463/3953 2158/2463/3953 2157/2463/3953
f 2158/2463/3954 2159/2463/3955 2157/2463/3953
f 2158/2463/3956 2160/2463/3956 2159/2463/3957
f 2160/2463/3953 2158/2463/3953 2161/2463/3953
f 2162/2463/3953 2159/2463/3953 2160/2463/3953
f 2162/2463/3953 2163/2463/3953 2159/2463/3953
f 2164/2463/3953 2161/2463/3953 2165/2463/3953
f 2164/2463/3953 2166/2463/3953 2161/2463/3953
f 2155/2463/3958 2167/2463/3958 2158/2463/3958
f 2155/2463/3958 2168/2463/3958 2167/2463/3958
f 2162/2463/3959 2170/2463/3959 2169/2463/3959
f 2162/2463/3959 2160/2463/3959 2170/2463/3959
f 2156/2463/3959 2172/2463/3959 2171/2463/3959
f 2156/2463/3959 2157/2463/3959 2172/2463/3959
f 2163/2463/3958 2173/2463/3958 2159/2463/3958
f 2163/2463/3958 2174/2463/3958 2173/2463/3958
f 2175/2463/3960 2177/2463/3960 2176/2463/3960
f 2175/2463/3960 2178/2463/3960 2177/2463/3960
f 2176/2463/3961 2179/2463/3961 2175/2463/3961
f 2176/2463/3961 2180/2463/3961 2179/2463/3961
f 2181/2463/3962 2177/2463/3962 2178/2463/3962
f 2181/2463/3962 2182/2463/3962 2177/2463/3962
f 2179/2463/3953 2182/2463/3953 2181/2463/3953
f 2179/2463/3953 2180/2463/3953 2182/2463/3953
f 2165/2463/3962 2183/2463/3962 2164/2463/3962
f 2165/2463/3962 2184/2463/3962 2183/2463/3962
f 2185/2463/3961 2161/2463/3961 2166/2463/3961
f 2185/2463/3961 2186/2463/3961 2161/2463/3961
f 2183/2463/3960 2186/2463/3960 2185/2463/3960
f 2183/2463/3960 2184/2463/3960 2186/2463/3960
f 2168/2463/3960 2172/2463/3960 2167/2463/3960
f 2168/2463/3960 2171/2463/3960 2172/2463/3960
f 2169/2463/3960 2173/2463/3960 2174/2463/3960
f 2169/2463/3960 2170/2463/3960 2173/2463/3960
f 2187/2463/3963 2188/2463/3964 2189/2463/3965
f 2187/2463/3966 2189/2463/3967 2190/2463/3968
f 2189/2463/3969 2188/2463/3970 2191/2463/3971
f 2189/2463/3971 2191/2463/3971 2192/2463/3971
f 2168/2463/3972 2193/2463/3973 2192/2463/3974
f 2168/2463/3975 2155/2463/3976 2193/2463/3977
f 2155/2463/3978 2194/2463/3979 2193/2463/3976
f 2194/2463/3980 2155/2463/3981 2166/2463/3982
f 2192/2463/3983 2171/2463/3984 2168/2463/3985
f 2166/2463/3986 2155/2463/3987 2156/2463/3988
f 2171/2463/3989 2192/2463/3990 2174/2463/3991
f 2174/2463/3992 2156/2463/3993 2171/2463/3994
f 2166/2463/3995 2156/2463/3996 2163/2463/3997
f 2174/2463/3998 2163/2463/3999 2156/2463/4000
f 2166/2463/3986 2163/2463/4001 2162/2463/4002
f 2166/2463/4003 2162/2463/4004 2169/2463/4005
f 2166/2463/4006 2169/2463/4007 2185/2463/4008
f 2174/2463/4009 2185/2463/4010 2169/2463/4011
f 2185/2463/4012 2174/2463/4009 2183/2463/4013
f 2174/2463/4014 2192/2463/4015 2183/2463/4016
f 2183/2463/4017 2192/2463/4018 2195/2463/4019
f 2178/2463/4020 2183/2463/4021 2195/2463/4022
f 2178/2463/4023 2175/2463/4024 2183/2463/4025
f 2183/2463/4026 2175/2463/4027 2179/2463/4028
f 2183/2463/4029 2179/2463/4030 2164/2463/4031
f 2164/2463/4032 2196/2463/4033 2166/2463/4034
f 2164/2463/4035 2197/2463/4036 2196/2463/4037
f 2181/2463/4038 2164/2463/4039 2179/2463/4040
f 2181/2463/4041 2197/2463/4042 2164/2463/4043
f 2181/2463/4044 2195/2463/4045 2197/2463/4046
f 2181/2463/4047 2178/2463/4048 2195/2463/4049
f 2198/2463/4050 2195/2463/4051 2199/2463/4052
f 2198/2463/4050 2199/2463/4053 2200/2463/4050
f 2201/2463/4052 2202/2463/4052 2199/2463/4052
f 2201/2463/4052 2203/2463/4052 2202/2463/4052
f 2204/2463/4054 2187/2463/4055 2190/2463/4056
f 2204/2463/4054 2205/2463/4054 2187/2463/4054
f 2167/2463/4057 2206/2463/4058 2204/2463/4059
f 2167/2463/4060 2204/2463/4061 2207/2463/4062
f 2167/2463/4063 2207/2463/4064 2158/2463/4065
f 2207/2463/4066 2157/2463/4067 2158/2463/4068
f 2172/2463/4069 2206/2463/4070 2167/2463/4071
f 2207/2463/4072 2161/2463/4073 2157/2463/4074
f 2161/2463/4075 2207/2463/4076 2208/2463/4077
f 2159/2463/4078 2172/2463/4078 2157/2463/4078
f 2159/2463/4079 2157/2463/4080 2160/2463/4081
f 2157/2463/4082 2161/2463/4083 2160/2463/4084
f 2159/2463/4078 2173/2463/4085 2172/2463/4086
f 2173/2463/4087 2206/2463/4070 2172/2463/4088
f 2161/2463/4089 2170/2463/4090 2160/2463/4091
f 2161/2463/4092 2186/2463/4093 2170/2463/4094
f 2184/2463/4095 2170/2463/4096 2186/2463/4097
f 2170/2463/4098 2184/2463/4095 2173/2463/4099
f 2173/2463/4100 2184/2463/4101 2206/2463/4102
f 2177/2463/4103 2206/2463/4104 2184/2463/4105
f 2177/2463/4106 2184/2463/4107 2176/2463/4108
f 2184/2463/4109 2180/2463/4110 2176/2463/4111
f 2184/2463/4112 2165/2463/4113 2180/2463/4114
f 2165/2463/4115 2161/2463/4116 2209/2463/4117
f 2165/2463/4118 2209/2463/4119 2210/2463/4120
f 2182/2463/4121 2180/2463/4122 2165/2463/4123
f 2182/2463/4124 2165/2463/4125 2210/2463/4126
f 2182/2463/4127 2206/2463/4128 2177/2463/4129
f 2182/2463/4130 2210/2463/4131 2206/2463/4132
f 2211/2463/4133 2206/2463/4134 2212/2463/4135
f 2211/2463/4133 2212/2463/4135 2213/2463/4135
f 2214/2463/4133 2215/2463/4133 2211/2463/4133
f 2214/2463/4133 2216/2463/4133 2215/2463/4133
f 2205/2463/3953 2192/2463/3953 2191/2463/3953
f 2205/2463/3953 2204/2463/3953 2192/2463/3953
f 2192/2463/3953 2204/2463/3953 2206/2463/3953
f 2192/2463/3953 2206/2463/3953 2195/2463/3953
f 2206/2463/3953 2199/2463/3953 2195/2463/3953
f 2206/2463/3953 2211/2463/3953 2199/2463/3953
f 2201/2463/3953 2199/2463/3953 2211/2463/3953
f 2201/2463/3953 2211/2463/3953 2215/2463/3953
f 2200/2463/3960 2212/2463/3960 2198/2463/3960
f 2200/2463/3960 2213/2463/3960 2212/2463/3960
f 2197/2463/4136 2206/2463/4136 2210/2463/4136
f 2197/2463/4136 2195/2463/4136 2206/2463/4136
f 2211/2463/4137 2202/2463/4138 2214/2463/4139
f 2211/2463/4140 2199/2463/4141 2202/2463/4142
f 2207/2463/4143 2192/2463/4143 2193/2463/4143
f 2207/2463/4143 2204/2463/4143 2192/2463/4143
f 2217/2463/4144 2219/2463/4144 2218/2463/4144
f 2217/2463/4144 2220/2463/4144 2219/2463/4144
f 2221/2463/4145 2222/2463/4146 2220/2463/4147
f 2221/2463/4148 2223/2463/4146 2222/2463/4149
f 2224/2463/4150 2226/2463/4150 2225/2463/4150
f 2224/2463/4150 2227/2463/4150 2226/2463/4150
f 2219/2463/3960 2224/2463/3960 2218/2463/3960
f 2219/2463/3960 2227/2463/3960 2224/2463/3960
f 2221/2463/4151 2229/2463/4151 2228/2463/4151
f 2221/2463/4151 2220/2463/4151 2229/2463/4151
f 2221/2463/4152 2231/2463/4153 2230/2463/4154
f 2221/2463/4155 2230/2463/4156 2223/2463/4157
f 2232/2463/4158 2230/2463/4159 2231/2463/4160
f 2233/2463/4161 2223/2463/4162 2230/2463/4163
f 2232/2463/4164 2234/2463/4165 2230/2463/4166
f 2233/2463/4167 2235/2463/4168 2223/2463/4169
f 2236/2463/4170 2234/2463/4171 2232/2463/4172
f 2236/2463/4173 2235/2463/4174 2233/2463/4175
f 2236/2463/4176 2232/2463/4177 2237/2463/4178
f 2236/2463/4179 2237/2463/4180 2235/2463/4161
f 2225/2463/3953 2220/2463/3953 2217/2463/3953
f 2225/2463/3953 2226/2463/3953 2220/2463/3953
f 2229/2463/3953 2220/2463/3953 2226/2463/3953
f 2229/2463/3953 2226/2463/3953 2238/2463/3953
f 2238/2463/3953 2240/2463/3953 2239/2463/3953
f 2238/2463/3953 2241/2463/3953 2240/2463/3953
f 2241/2463/3953 2134/2463/3953 2240/2463/3953
f 2241/2463/3953 2242/2463/3953 2134/2463/3953
f 2144/2463/3953 2134/2463/3953 2136/2463/3953
f 2144/2463/3953 2146/2463/3953 2134/2463/3953
f 2218/2463/4181 2225/2463/4181 2217/2463/4181
f 2218/2463/4182 2224/2463/4182 2225/2463/4182
f 2223/2463/3953 2243/2463/3953 2222/2463/3953
f 2223/2463/3953 2235/2463/3953 2243/2463/3953
f 2244/2463/4183 2230/2463/3937 2234/2463/4184
f 2244/2463/3937 2245/2463/3937 2230/2463/3937
f 2246/2463/4185 2233/2463/3944 2247/2463/3944
f 2246/2463/4186 2236/2463/4187 2233/2463/3944
f 2244/2463/4188 2234/2463/4189 2236/2463/4190
f 2244/2463/4191 2236/2463/4192 2246/2463/4193
f 2248/2463/4194 2231/2463/4195 2249/2463/4196
f 2248/2463/4197 2232/2463/4196 2231/2463/4198
f 2228/2463/3960 2251/2463/3960 2250/2463/4199
f 2228/2463/3960 2250/2463/4200 2221/2463/4199
f 2231/2463/4201 2221/2463/4202 2250/2463/4203
f 2231/2463/4204 2250/2463/3960 2252/2463/4205
f 2238/2463/4206 2254/2463/4207 2253/2463/4207
f 2238/2463/4208 2253/2463/4207 2241/2463/4207
f 2251/2463/4208 2238/2463/4208 2226/2463/4208
f 2251/2463/4208 2226/2463/4208 2227/2463/4208
f 2251/2463/4208 2227/2463/4208 2219/2463/4208
f 2251/2463/4208 2219/2463/4208 2250/2463/4209
f 2222/2463/4210 2252/2463/4209 2250/2463/4209
f 2222/2463/4210 2245/2463/4210 2252/2463/4209
f 2248/2463/4211 2252/2463/4212 2245/2463/4213
f 2247/2463/4214 2245/2463/4210 2222/2463/4215
f 2248/2463/4216 2245/2463/4217 2244/2463/4218
f 2247/2463/4219 2222/2463/4220 2243/2463/4221
f 2246/2463/4222 2248/2463/4223 2244/2463/4224
f 2246/2463/4225 2247/2463/4226 2243/2463/4227
f 2246/2463/4228 2255/2463/4229 2248/2463/4230
f 2246/2463/4231 2243/2463/4232 2255/2463/4233
f 2256/2463/4234 2240/2463/4234 2257/2463/4234
f 2256/2463/4234 2239/2463/4234 2240/2463/4234
f 2258/2463/4235 2240/2463/4236 2259/2463/4237
f 2258/2463/4235 2259/2463/4238 2260/2463/4235
f 2259/2463/4239 2240/2463/4240 2134/2463/4241
f 2259/2463/4242 2134/2463/4243 2261/2463/4241
f 2135/2463/4244 2134/2463/4245 2146/2463/4244
f 2135/2463/4244 2146/2463/4244 2145/2463/4244
f 2262/2463/3960 2260/2463/3960 2258/2463/3960
f 2263/2463/3960 2258/2463/3960 2260/2463/3960
f 2263/2463/3960 2260/2463/3960 2264/2463/3960
f 2264/2463/4246 2265/2463/4246 2263/2463/4246
f 2241/2463/4247 2263/2463/4246 2265/2463/4246
f 2242/2463/4248 2241/2463/4249 2265/2463/4250
f 2242/2463/4251 2265/2463/4252 2266/2463/4251
f 2253/2463/4253 2268/2463/4253 2267/2463/4253
f 2253/2463/4253 2257/2463/4253 2268/2463/4253
f 2132/2463/3960 2139/2463/3960 2140/2463/3960
f 2132/2463/3960 2133/2463/3960 2139/2463/3960
f 2142/2463/4254 2136/2463/4254 2138/2463/4254
f 2142/2463/4255 2140/2463/4255 2136/2463/4255
f 2132/2463/4256 2142/2463/4257 2137/2463/4258
f 2132/2463/4259 2140/2463/4260 2142/2463/4261
f 2269/2464/3953 2271/2465/3953 2270/2466/3953
f 2269/2464/3953 2272/2467/3953 2271/2465/3953
f 2271/2468/4262 2273/2469/4262 2270/2470/4262
f 2271/2468/4262 2274/2471/4262 2273/2469/4262
f 2275/2472/4263 2269/2473/4263 2276/2463/4263
f 2275/2472/4263 2272/2474/4263 2269/2473/4263
f 2276/2475/4264 2270/2473/4264 2273/2463/4264
f 2276/2475/4264 2269/2476/4264 2270/2473/4264
f 2277/2463/3953 2279/2463/3953 2278/2463/3953
f 2277/2463/3953 2280/2463/3953 2279/2463/3953
f 2281/2463/4265 2283/2463/4265 2282/2463/4265
f 2281/2463/4265 2284/2463/4265 2283/2463/4265
f 2283/2463/3960 2286/2463/3960 2285/2463/3960
f 2283/2463/3960 2284/2463/3960 2286/2463/3960
f 2287/2463/4266 2286/2463/4266 2288/2463/4266
f 2287/2463/4267 2285/2463/4267 2286/2463/4267
f 2289/2477/4268 2291/2478/4268 2290/2479/4268
f 2289/2477/4268 2292/2480/4268 2291/2478/4268
f 2290/2481/4267 2294/2482/4267 2293/2483/4267
f 2290/2481/4267 2291/2484/4267 2294/2482/4267
f 2292/2485/4265 2296/2486/4265 2295/2487/4265
f 2292/2485/4265 2289/2488/4265 2296/2486/4265
f 2294/2489/3953 2292/2490/3953 2295/2491/3953
f 2294/2489/3953 2291/2492/3953 2292/2490/3953
f 2295/2493/4269 2293/2494/4269 2294/2495/4269
f 2295/2493/4269 2296/2496/4269 2293/2494/4269
f 2297/2463/3953 2299/2463/3953 2298/2463/3953
f 2297/2463/3953 2300/2463/3953 2299/2463/3953
f 2301/2463/3952 2303/2463/3952 2302/2463/3952
f 2301/2463/3952 2304/2463/3952 2303/2463/3952
f 2301/2463/3960 2306/2463/3960 2305/2463/3960
f 2301/2463/3960 2302/2463/3960 2306/2463/3960
f 2305/2463/3951 2308/2463/3951 2307/2463/3951
f 2305/2463/3951 2306/2463/3951 2308/2463/3951
f 2304/2463/3953 2308/2463/3953 2303/2463/3953
f 2304/2463/3953 2307/2463/3953 2308/2463/3953
f 2309/2463/3951 2311/2463/3951 2310/2463/3951
f 2309/2463/3951 2312/2463/3951 2311/2463/3951
f 2312/2463/3960 2313/2463/3960 2311/2463/3960
f 2312/2463/3960 2314/2463/3960 2313/2463/3960
f 2314/2463/3952 2315/2463/3952 2313/2463/3952
f 2314/2463/3952 2316/2463/3952 2315/2463/3952
f 2314/2463/4270 2317/2463/4270 2316/2463/4270
f 2317/2463/4270 2314/2463/4270 2298/2463/4270
f 2298/2463/4270 2314/2463/4270 2301/2463/4270
f 2301/2463/4270 2314/2463/4270 2312/2463/4270
f 2301/2463/4270 2297/2463/4270 2298/2463/4270
f 2312/2463/4270 2304/2463/4270 2301/2463/4270
f 2297/2463/4270 2301/2463/4270 2305/2463/4270
f 2304/2463/4270 2312/2463/4270 2309/2463/4270
f 2307/2463/4270 2297/2463/4270 2305/2463/4270
f 2309/2463/4270 2307/2463/4270 2304/2463/4270
f 2307/2463/4270 2318/2463/4270 2297/2463/4270
f 2318/2463/4270 2307/2463/4270 2309/2463/4270
f 2299/2463/4268 2315/2463/4268 2319/2463/4268
f 2315/2463/4268 2299/2463/4268 2313/2463/4268
f 2313/2463/4268 2299/2463/4268 2311/2463/4268
f 2311/2463/4268 2299/2463/4268 2302/2463/4268
f 2302/2463/4268 2299/2463/4268 2300/2463/4268
f 2303/2463/4268 2311/2463/4268 2302/2463/4268
f 2300/2463/4268 2306/2463/4268 2302/2463/4268
f 2311/2463/4268 2303/2463/4268 2310/2463/4268
f 2300/2463/4268 2308/2463/4268 2306/2463/4268
f 2308/2463/4268 2310/2463/4268 2303/2463/4268
f 2308/2463/4268 2300/2463/4268 2289/2463/4268
f 2308/2463/4268 2289/2463/4268 2310/2463/4268
f 2320/2497/4271 2322/2498/4271 2321/2499/4271
f 2320/2497/4271 2323/2500/4271 2322/2498/4271
f 2321/2501/4272 2243/2502/4272 2255/2503/4272
f 2321/2501/4272 2322/2504/4272 2243/2502/4272
f 2323/2505/4273 2325/2506/4273 2324/2507/4273
f 2323/2505/4273 2320/2508/4273 2325/2506/4273
f 2243/2509/3953 2323/2510/3953 2324/2511/3953
f 2243/2509/3953 2322/2512/3953 2323/2510/3953
f 2324/2513/4274 2255/2514/4274 2243/2515/4274
f 2324/2513/4274 2325/2516/4274 2255/2514/4274
f 2326/2517/4275 2328/2518/4275 2327/2519/4275
f 2326/2517/4275 2329/2520/4275 2328/2518/4275
f 2330/2521/4276 2327/2522/4276 2328/2523/4276
f 2330/2521/4276 2331/2524/4276 2327/2522/4276
f 2332/2525/4269 2331/2526/4269 2330/2527/4269
f 2332/2525/4269 2333/2528/4269 2331/2526/4269
f 2334/2529/4277 2333/2528/4277 2332/2525/4277
f 2334/2529/4269 2335/2530/4269 2333/2528/4269
f 2329/2531/3953 2330/2532/3953 2328/2533/3953
f 2329/2531/3953 2332/2534/3953 2330/2532/3953
f 2333/2535/4278 2329/2536/4278 2326/2537/4278
f 2333/2535/4278 2332/2538/4278 2329/2536/4278
f 2317/2539/4268 2337/2540/4268 2336/2541/4268
f 2317/2539/4268 2298/2542/4268 2337/2540/4268
f 2298/2543/4279 2317/2544/4279 2338/2545/4279
f 2298/2543/4279 2338/2545/4279 2339/2546/4279
f 2340/2547/4279 2339/2546/4279 2338/2545/4279
f 2340/2547/4279 2341/2548/4279 2339/2546/4279
f 2337/2549/3953 2339/2550/3953 2342/2551/3953
f 2337/2549/3953 2298/2552/3953 2339/2550/3953
f 2339/2553/4269 2343/2554/4269 2342/2555/4269
f 2339/2553/4269 2338/2556/4269 2343/2554/4269
f 2336/2557/4280 2342/2558/4280 2343/2559/4280
f 2336/2557/4280 2337/2560/4280 2342/2558/4280
f 2344/2561/3960 2346/2562/3960 2345/2463/3960
f 2344/2561/3960 2347/2563/3960 2346/2562/3960
f 2348/2561/4281 2345/2564/4281 2349/2463/4281
f 2348/2561/4281 2344/2565/4281 2345/2564/4281
f 2350/2561/3953 2349/2562/3953 2351/2463/3953
f 2350/2561/3953 2348/2563/3953 2349/2562/3953
f 2347/2561/4282 2351/2564/4282 2346/2463/4282
f 2347/2561/4282 2350/2565/4282 2351/2564/4282
f 2352/2566/4283 2354/2473/4283 2353/2463/4283
f 2352/2566/4283 2355/2567/4283 2354/2473/4283
f 2356/2568/4283 2355/2567/4283 2352/2566/4283
f 2356/2568/4283 2357/2569/4283 2355/2567/4283
f 2355/2570/4263 2359/2571/4263 2358/2572/4263
f 2355/2570/4263 2352/2573/4263 2359/2571/4263
f 2358/2574/3944 2143/2575/3944 2144/2576/3944
f 2358/2574/3944 2359/2577/3944 2143/2575/3944
f 2144/2578/3953 2355/2579/3953 2358/2580/3953
f 2144/2578/3953 2354/2581/3953 2355/2579/3953
f 2357/2582/3953 2360/2583/3953 2355/2584/3953
f 2357/2582/3953 2361/2585/3953 2360/2583/3953
f 2361/2586/4284 2362/2587/4284 2360/2588/4284
f 2361/2586/4284 2363/2589/4284 2362/2587/4284
f 2363/2566/4263 2357/2473/4263 2356/2463/4263
f 2363/2566/4263 2361/2567/4263 2357/2473/4263
f 2274/2590/4263 2361/2567/4263 2363/2566/4263
f 2274/2590/4263 2271/2591/4263 2361/2567/4263
f 2364/2592/4262 2366/2593/4262 2365/2594/4262
f 2364/2592/4262 2367/2595/4262 2366/2593/4262
f 2361/2596/3953 2364/2597/3953 2365/2598/3953
f 2361/2596/3953 2271/2599/3953 2364/2597/3953
f 2367/2600/4285 2364/2601/4285 2271/2602/4285
f 2367/2600/4285 2271/2602/4285 2274/2603/4285
f 2272/2604/4285 2274/2603/4285 2271/2602/4285
f 2272/2604/4285 2275/2605/4285 2274/2603/4285
f 2368/2606/4285 2275/2605/4285 2272/2604/4285
f 2368/2606/4285 2369/2607/4285 2275/2605/4285
f 2353/2608/4262 2144/2609/4262 2143/2610/4262
f 2353/2608/4262 2354/2611/4262 2144/2609/4262
f 2370/2612/4265 2372/2613/4265 2371/2614/4265
f 2370/2612/4265 2373/2615/4265 2372/2613/4265
f 2372/2616/3953 2375/2617/3953 2374/2618/3953
f 2372/2616/3953 2373/2619/3953 2375/2617/3953
f 2376/2620/4265 2378/2621/4265 2377/2622/4265
f 2376/2620/4265 2379/2623/4265 2378/2621/4265
f 2371/2624/4286 2372/2625/4286 2374/2626/4286
f 2371/2624/4286 2374/2626/4286 2380/2627/4286
f 2380/2627/4287 2374/2626/4287 2381/2628/4287
f 2380/2627/4286 2381/2628/4286 2382/2629/4286
f 2373/2630/4181 2383/2631/4181 2375/2632/4181
f 2373/2630/4182 2370/2633/4182 2383/2631/4182
f 2384/2634/4288 2386/2635/4288 2385/2636/4288
f 2384/2634/4289 2387/2637/4289 2386/2635/4289
f 2387/2637/4289 2384/2634/4289 2377/2638/4289
f 2387/2637/4289 2377/2638/4289 2378/2639/4289
f 2375/2640/4267 2380/2641/4267 2374/2642/4267
f 2375/2640/4267 2383/2643/4267 2380/2641/4267
f 2374/2644/4265 2387/2645/4265 2384/2646/4265
f 2374/2644/4265 2380/2647/4265 2387/2645/4265
f 2388/2534/3953 2377/2648/3953 2384/2531/3953
f 2388/2534/3953 2376/2649/3953 2377/2648/3953
f 2388/2650/4290 2379/2651/4290 2376/2652/4290
f 2388/2650/4290 2389/2653/4290 2379/2651/4290
f 2382/2654/4267 2385/2655/4267 2386/2656/4267
f 2382/2654/4267 2381/2657/4267 2385/2655/4267
f 2374/2658/3953 2385/2659/3953 2381/2660/3953
f 2374/2658/3953 2384/2661/3953 2385/2659/3953
f 2390/2662/4291 2332/2663/4291 2333/2664/4291
f 2390/2662/4291 2391/2665/4291 2332/2663/4291
f 2391/2665/4292 2390/2662/4292 2392/2666/4292
f 2391/2665/4292 2392/2666/4292 2393/2667/4292
f 2391/2531/3953 2334/2668/3953 2332/2669/3953
f 2391/2531/3953 2394/2534/3953 2334/2668/3953
f 2394/2670/4293 2335/2671/4293 2334/2672/4293
f 2394/2670/4293 2395/2673/4293 2335/2671/4293
f 2338/2674/4275 2393/2675/4275 2392/2463/4275
f 2338/2674/4275 2339/2676/4275 2393/2675/4275
f 2393/2677/3953 2341/2678/3953 2391/2679/3953
f 2393/2677/3953 2339/2680/3953 2341/2678/3953
f 2341/2681/4269 2390/2463/4269 2391/2675/4269
f 2341/2681/4269 2340/2682/4269 2390/2463/4269
f 2396/2683/3960 2398/2684/3960 2397/2463/3960
f 2396/2683/3960 2399/2685/3960 2398/2684/3960
f 2400/2683/4294 2397/2686/4294 2401/2463/4294
f 2400/2683/4294 2396/2687/4294 2397/2686/4294
f 2402/2683/3953 2401/2684/3953 2403/2463/3953
f 2402/2683/3953 2400/2685/3953 2401/2684/3953
f 2399/2683/4295 2403/2686/4295 2398/2463/4295
f 2399/2683/4295 2402/2687/4295 2403/2686/4295
f 2298/2463/4279 2319/2463/4279 2317/2463/4279
f 2298/2463/4279 2299/2463/4279 2319/2463/4279
f 2404/2688/3960 2406/2689/3960 2405/2690/3960
f 2404/2688/3960 2407/2691/3960 2406/2689/3960
f 2408/2692/4296 2407/2693/4296 2404/2694/4296
f 2408/2692/4296 2409/2695/4296 2407/2693/4296
f 2405/2692/4274 2411/2693/4274 2410/2694/4274
f 2405/2692/4274 2406/2695/4274 2411/2693/4274
f 2410/2688/3953 2409/2689/3953 2408/2690/3953
f 2410/2688/3953 2411/2691/3953 2409/2689/3953
f 2412/2696/4265 2414/2473/4265 2413/2463/4265
f 2412/2696/4265 2415/2697/4265 2414/2473/4265
f 2416/2698/4265 2415/2697/4265 2412/2696/4265
f 2416/2698/4265 2277/2699/4265 2415/2697/4265
f 2413/2700/4262 2272/2701/4262 2275/2702/4262
f 2413/2700/4262 2414/2703/4262 2272/2701/4262
f 2272/2704/3953 2415/2705/3953 2368/2706/3953
f 2272/2704/3953 2414/2707/3953 2415/2705/3953
f 2415/2708/4263 2369/2709/4263 2368/2710/4263
f 2415/2708/4263 2412/2711/4263 2369/2709/4263
f 2417/2712/4267 2419/2713/4267 2418/2714/4267
f 2417/2712/4267 2420/2715/4267 2419/2713/4267
f 2277/2716/3953 2418/2717/3953 2415/2718/3953
f 2277/2716/3953 2417/2719/3953 2418/2717/3953
f 2420/2608/4289 2417/2611/4289 2277/2473/4289
f 2420/2608/4289 2277/2473/4289 2416/2463/4289
f 2288/2463/4289 2421/2463/4289 2416/2463/4289
f 2288/2463/4289 2278/2463/4289 2421/2463/4289
f 2288/2463/4289 2416/2463/4289 2281/2463/4289
f 2288/2463/4289 2286/2463/4289 2278/2463/4289
f 2281/2463/4289 2416/2463/4289 2277/2463/4289
f 2286/2463/4289 2277/2463/4289 2278/2463/4289
f 2281/2463/4289 2277/2463/4289 2284/2463/4289
f 2286/2463/4289 2284/2463/4289 2277/2463/4289
f 2278/2720/3953 2423/2721/3953 2422/2722/3953
f 2278/2720/3953 2424/2723/3953 2423/2721/3953
f 2423/2724/4297 2425/2725/4297 2422/2726/4297
f 2423/2724/4297 2426/2727/4297 2425/2725/4297
f 2422/2728/4289 2421/2729/4289 2278/2730/4289
f 2422/2728/4288 2425/2731/4288 2421/2729/4288
f 2427/2732/4276 2278/2733/4276 2421/2734/4276
f 2427/2732/4276 2424/2735/4276 2278/2733/4276
f 2424/2735/4276 2427/2732/4276 2428/2736/4276
f 2424/2735/4276 2428/2736/4276 2429/2737/4276
f 2430/2531/3953 2424/2738/3953 2429/2739/3953
f 2430/2531/3953 2431/2534/3953 2424/2738/3953
f 2431/2740/4289 2427/2741/4289 2424/2742/4289
f 2431/2740/4288 2432/2743/4288 2427/2741/4288
f 2433/2744/4298 2429/2745/4298 2428/2746/4298
f 2433/2744/4298 2430/2747/4298 2429/2745/4298
f 2432/2608/4265 2430/2473/4265 2433/2463/4265
f 2432/2608/4265 2431/2611/4265 2430/2473/4265
f 2254/2463/4299 2239/2463/4299 2256/2463/4299
f 2254/2463/4299 2238/2463/4299 2239/2463/4299
f 2280/2463/4298 2285/2463/4298 2279/2463/4298
f 2434/2463/4298 2279/2463/4298 2285/2463/4298
f 2280/2463/4298 2283/2463/4298 2285/2463/4298
f 2434/2463/4298 2285/2463/4298 2287/2463/4298
f 2435/2463/4298 2283/2463/4298 2280/2463/4298
f 2435/2463/4298 2434/2463/4298 2287/2463/4298
f 2435/2463/4298 2282/2463/4298 2283/2463/4298
f 2435/2463/4298 2287/2463/4298 2282/2463/4298
f 2249/2463/4300 2231/2463/4301 2252/2463/4302
f 2249/2463/4303 2252/2463/4304 2248/2463/4305
f 2248/2463/4306 2255/2463/4307 2232/2463/4308
o Wall2
v -28.433352 0.299998 -12.973940
v -28.233191 0.299998 -12.971789
v -28.233191 3.007564 -12.971787
v -28.433352 3.007564 -12.973940
v -28.199718 3.007564 -11.897619
v -28.399879 3.007564 -11.899771
v -28.193481 3.007564 -11.697539
v -28.793449 3.007564 -11.703993
v -28.791302 3.007564 -11.903980
v -28.991289 3.007564 -11.906131
v -28.812214 3.007564 -9.959119
v -29.012205 3.007564 -9.961271
v -29.014355 3.007564 -9.761283
v -28.407244 3.007564 -9.954765
v -28.409391 3.007564 -9.754777
v -28.207253 3.007564 -9.952614
v -28.218906 3.007564 -8.868910
v -28.418835 3.007564 -8.876724
v -28.199718 0.299998 -11.897619
v -28.193481 0.299998 -11.697539
v -28.399879 0.299998 -11.899771
v -29.014355 0.299998 -9.761282
v -29.012205 0.299998 -9.961271
v -28.991289 0.299998 -11.906131
v -28.407244 0.299998 -9.954765
v -28.207253 0.299998 -9.952614
v -28.409391 0.299998 -9.754776
v -28.791302 0.299998 -11.903978
v -28.812214 0.299998 -9.959119
v -28.793449 0.299998 -11.703994
v -28.218906 0.299998 -8.868910
v -28.418835 0.299998 -8.876724
v -33.221851 0.299998 -13.316247
v -33.021858 0.299998 -13.314931
v -33.021858 2.990486 -13.314933
v -33.221851 2.990486 -13.316247
v -33.201805 2.990486 -16.366182
v -33.001808 2.990486 -16.364866
v -33.001804 0.299998 -16.364866
v -33.201805 0.299998 -16.366180
v -33.000755 3.907564 -16.524597
v -33.000755 0.299998 -16.524595
v -33.023842 3.907564 -13.013722
v -33.023838 0.299998 -13.013721
v -33.200752 0.299998 -16.525911
v -33.200752 3.907564 -16.525913
v -33.223808 3.907564 -13.019166
v -33.223804 0.299998 -13.019164
v -33.225121 0.299998 -12.819128
v -33.225124 3.907564 -12.819129
v -32.633911 3.907564 -13.003106
v -32.639355 3.907564 -12.803181
v -32.839283 3.907564 -12.808625
v -32.653320 3.907564 -12.290303
v -32.853405 3.907565 -12.289894
v -32.858849 3.907565 -12.089882
v -29.440519 3.907564 -12.296882
v -29.442671 3.907564 -12.096877
v -29.242657 3.907564 -12.097287
v -29.435274 3.907564 -12.784703
v -29.235285 3.907564 -12.782556
v -29.433125 3.907564 -12.984694
v -28.561426 3.907564 -12.973677
v -28.562090 3.907564 -12.773674
v -33.199440 3.907564 -16.725908
v -30.501633 3.907564 -16.708170
v -30.500587 3.907564 -16.508158
v -33.199436 0.299998 -16.725906
v -30.501631 0.299998 -16.708168
v -30.500586 0.299998 -16.508158
v -30.701637 0.299998 -16.709484
v -30.708853 3.907564 -18.087982
v -30.701641 3.907564 -16.709484
v -30.708849 0.299998 -18.087982
v -30.709892 3.907564 -18.287983
v -30.709890 0.299998 -18.287981
v -30.508850 3.907564 -18.088139
v -29.222260 3.907564 -18.289133
v -29.218845 3.907564 -18.089138
v -30.508848 0.299998 -18.088137
v -30.459230 2.394998 -18.088177
v -30.459230 2.894998 -18.088177
v -30.459387 2.894999 -18.288177
v -30.459387 2.394998 -18.288177
v -29.549387 2.894999 -18.288876
v -29.549231 2.894998 -18.088877
v -29.549231 2.394998 -18.088879
v -29.549387 2.394999 -18.288876
v -29.218842 0.299998 -18.089134
v -29.018427 3.907564 -18.066139
v -28.748465 3.907565 -18.070747
v -28.745098 3.907564 -17.870773
v -29.015015 3.907565 -17.866167
v -29.015013 0.299998 -17.866165
v -28.745054 0.299998 -17.870775
v -29.018425 0.299998 -18.066139
v -28.748465 0.299998 -18.070747
v -29.214983 0.299998 -17.862755
v -29.214985 3.907564 -17.862755
v -29.022236 3.907564 -18.289288
v -29.222258 0.299998 -18.289131
v -29.022234 0.299998 -18.289288
v -29.435274 0.299998 -12.784701
v -29.433125 0.299998 -12.984692
v -29.442671 0.299998 -12.096876
v -28.561422 3.599998 -12.973675
v -28.433353 0.299998 -12.973940
v -28.433353 3.007564 -12.973940
v -28.433353 3.599998 -12.973940
v -28.562088 3.599998 -12.773674
v -28.427122 0.299998 -12.773861
v -28.435005 3.599998 -12.773945
v -29.242653 0.299998 -12.097287
v -32.858849 0.299998 -12.089882
v -29.235283 0.299998 -12.782553
v -32.853401 0.299998 -12.289893
v -32.839279 0.299998 -12.808623
v -29.440519 0.299998 -12.296881
v -32.653320 0.299998 -12.290302
v -32.639351 0.299998 -12.803180
v -32.633911 0.299998 -13.003105
v -28.427122 3.007564 -12.773859
vn 0.0107 -0.0000 -0.9999
vn 0.0108 -0.0000 -0.9999
vn -0.0000 1.0000 -0.0000
vn 0.9995 -0.0000 -0.0311
vn 0.9995 -0.0000 -0.0312
vn -0.9995 -0.0000 0.0311
vn -0.9999 -0.0000 -0.0107
vn -0.9999 -0.0000 -0.0108
vn -0.0107 -0.0000 0.9999
vn -0.0108 -0.0000 0.9999
vn 0.9999 -0.0000 0.0108
vn 0.0066 -0.0000 -1.0000
vn -0.0066 -0.0000 1.0000
vn -0.0000 -1.0000 -0.0000
vn 1.0000 -0.0000 0.0066
vn -1.0000 -0.0000 -0.0066
vn 1.0000 -0.0000 -0.0052
vn -1.0000 -0.0000 0.0052
vn 0.0008 -0.0000 1.0000
vn 1.0000 -0.0000 -0.0008
vn -1.0000 -0.0000 0.0008
vn 0.0171 -0.0000 0.9999
vn -0.0171 -0.0000 -0.9999
vn 0.0170 -0.0000 0.9999
vn -0.0008 -0.0000 -1.0000
vn -0.9999 -0.0000 0.0171
vn 0.9999 -0.0000 -0.0171
vn 0.0126 -0.0000 -0.9999
vn 0.0173 -0.0007 -0.9999
vn 0.0098 0.0004 -1.0000
vn 0.0127 -0.0000 -0.9999
vn -0.0022 0.0009 -1.0000
vn 0.0045 0.0001 -1.0000
vn 0.0093 0.0004 -1.0000
vn -0.0126 -0.0000 0.9999
vn -0.0146 0.0044 0.9999
vn -0.0142 -0.0002 0.9999
vn -0.0174 -0.0010 0.9998
vn -0.0096 -0.0004 1.0000
vn -0.0115 -0.0053 0.9999
vn -0.0122 0.0002 0.9999
vn 0.0032 -0.0004 1.0000
vn -0.0093 -0.0004 1.0000
vn 0.0047 -0.0041 1.0000
vn 0.0020 -0.0000 1.0000
vn 0.0021 -0.0000 1.0000
vn -0.9996 -0.0000 -0.0272
vn -0.0020 -0.0000 -1.0000
vn 0.9996 -0.0000 0.0272
vn -0.0272 -0.0000 0.9996
vn 0.0272 -0.0000 -0.9996
vt 0.000000 0.000000
vt 0.000000 259.903870
vt 20.000000 -9.882659
vt 20.000000 259.903870
vt 0.000000 -10.118734
vt -29.973248 360.756592
vt -9.973248 0.000000
vt -9.973248 360.756592
vt -29.973248 0.000000
vt -250.763916 360.756592
vt 19.022610 0.000000
vt 19.022610 360.756592
vt -250.763916 0.000000
vt 20.001394 0.000000
vt 0.000000 360.756592
vt 20.001394 360.756592
vt 251.000000 0.000000
vt -19.022610 360.756592
vt -19.022610 0.000000
vt 251.000000 360.756592
vt 20.000000 0.000000
vt 20.000000 360.756592
vt -148.676758 360.756592
vt -128.674103 0.000000
vt -128.674103 360.756592
vt -148.676758 0.000000
vt 22.641331 0.000000
vt -20.002655 360.756592
vt -20.002655 0.000000
vt 22.641331 360.756592
vt -0.000000 -10.000000
vt 20.000000 32.318092
vt 0.000000 32.643986
vt 20.000000 -10.000000
vt -22.641331 360.756592
vt 19.676764 0.000000
vt 19.676764 360.756592
vt -22.641331 0.000000
s 0
usemtl Material__25
f 2436/2748/4309 2438/2748/4309 2437/2748/4309
f 2436/2748/4310 2439/2748/4310 2438/2748/4310
f 2439/2748/4311 2440/2748/4311 2438/2748/4311
f 2439/2748/4311 2441/2748/4311 2440/2748/4311
f 2440/2748/4311 2443/2748/4311 2442/2748/4311
f 2440/2748/4311 2444/2748/4311 2443/2748/4311
f 2445/2748/4311 2446/2748/4311 2444/2748/4311
f 2445/2748/4311 2447/2748/4311 2446/2748/4311
f 2448/2748/4311 2449/2748/4311 2447/2748/4311
f 2448/2748/4311 2450/2748/4311 2449/2748/4311
f 2449/2748/4311 2452/2748/4311 2451/2748/4311
f 2449/2748/4311 2453/2748/4311 2452/2748/4311
f 2454/2748/4312 2437/2748/4312 2438/2748/4312
f 2454/2748/4312 2438/2748/4312 2440/2748/4312
f 2454/2748/4313 2440/2748/4313 2442/2748/4313
f 2454/2748/4313 2442/2748/4313 2455/2748/4313
f 2456/2748/4314 2439/2748/4314 2436/2748/4314
f 2456/2748/4314 2441/2748/4314 2439/2748/4314
f 2457/2748/4315 2448/2748/4315 2447/2748/4315
f 2457/2748/4315 2447/2748/4315 2458/2748/4315
f 2458/2748/4316 2447/2748/4316 2445/2748/4316
f 2458/2748/4316 2445/2748/4316 2459/2748/4316
f 2460/2748/4310 2458/2748/4310 2447/2748/4310
f 2460/2748/4310 2447/2748/4310 2449/2748/4310
f 2460/2748/4310 2449/2748/4310 2451/2748/4310
f 2460/2748/4310 2451/2748/4310 2461/2748/4310
f 2462/2748/4317 2448/2748/4317 2457/2748/4317
f 2462/2748/4318 2450/2748/4318 2448/2748/4318
f 2459/2748/4309 2445/2748/4309 2444/2748/4309
f 2459/2748/4310 2444/2748/4310 2463/2748/4310
f 2463/2748/4309 2444/2748/4309 2440/2748/4309
f 2463/2748/4309 2440/2748/4309 2454/2748/4309
f 2464/2748/4319 2444/2748/4319 2446/2748/4319
f 2464/2748/4319 2463/2748/4319 2444/2748/4319
f 2465/2748/4318 2442/2748/4318 2443/2748/4318
f 2465/2748/4318 2455/2748/4318 2442/2748/4318
f 2466/2748/4319 2451/2748/4319 2452/2748/4319
f 2466/2748/4319 2461/2748/4319 2451/2748/4319
f 2467/2748/4316 2449/2748/4316 2460/2748/4316
f 2467/2748/4316 2453/2748/4316 2449/2748/4316
f 2468/2748/4320 2470/2748/4320 2469/2748/4320
f 2468/2748/4320 2471/2748/4320 2470/2748/4320
f 2472/2748/4321 2474/2748/4321 2473/2748/4321
f 2472/2748/4321 2475/2748/4321 2474/2748/4321
f 2471/2748/4322 2473/2748/4322 2470/2748/4322
f 2471/2748/4322 2472/2748/4322 2473/2748/4322
f 2476/2748/4323 2474/2748/4323 2477/2748/4323
f 2476/2748/4323 2473/2748/4323 2474/2748/4323
f 2478/2748/4323 2473/2748/4323 2476/2748/4323
f 2478/2748/4323 2470/2748/4323 2473/2748/4323
f 2479/2748/4323 2470/2748/4323 2478/2748/4323
f 2479/2748/4323 2469/2748/4323 2470/2748/4323
f 2480/2748/4324 2475/2748/4324 2472/2748/4324
f 2480/2748/4324 2472/2748/4324 2481/2748/4324
f 2481/2748/4324 2472/2748/4324 2471/2748/4324
f 2481/2748/4324 2471/2748/4324 2482/2748/4324
f 2471/2748/4324 2483/2748/4324 2482/2748/4324
f 2471/2748/4324 2468/2748/4324 2483/2748/4324
f 2484/2748/4324 2482/2748/4324 2483/2748/4324
f 2484/2748/4324 2485/2748/4324 2482/2748/4324
f 2481/2748/4311 2478/2748/4311 2476/2748/4311
f 2481/2748/4311 2482/2748/4311 2478/2748/4311
f 2485/2748/4311 2486/2748/4311 2482/2748/4311
f 2485/2748/4311 2487/2748/4311 2486/2748/4311
f 2488/2748/4311 2489/2748/4311 2487/2748/4311
f 2488/2748/4311 2490/2748/4311 2489/2748/4311
f 2491/2748/4311 2492/2748/4311 2490/2748/4311
f 2491/2748/4311 2493/2748/4311 2492/2748/4311
f 2494/2748/4311 2495/2748/4311 2493/2748/4311
f 2494/2748/4311 2496/2748/4311 2495/2748/4311
f 2495/2748/4311 2498/2748/4311 2497/2748/4311
f 2495/2748/4311 2499/2748/4311 2498/2748/4311
f 2481/2749/4311 2501/2750/4311 2500/2751/4311
f 2481/2749/4311 2502/2752/4311 2501/2750/4311
f 2500/2753/4324 2480/2754/4324 2481/2755/4324
f 2500/2753/4324 2503/2756/4324 2480/2754/4324
f 2501/2757/4320 2503/2758/4320 2500/2759/4320
f 2501/2757/4320 2504/2760/4320 2503/2758/4320
f 2504/2761/4325 2502/2762/4325 2505/2748/4325
f 2504/2761/4325 2501/2763/4325 2502/2762/4325
f 2505/2764/4321 2481/2765/4321 2480/2766/4321
f 2505/2764/4321 2502/2767/4321 2481/2765/4321
f 2506/2748/4326 2508/2748/4326 2507/2748/4326
f 2506/2748/4326 2507/2748/4326 2509/2748/4326
f 2509/2748/4326 2507/2748/4326 2510/2748/4326
f 2509/2748/4326 2510/2748/4326 2511/2748/4326
f 2507/2748/4311 2501/2748/4311 2512/2748/4311
f 2507/2748/4311 2508/2748/4311 2501/2748/4311
f 2507/2748/4311 2513/2748/4311 2510/2748/4311
f 2507/2748/4311 2514/2748/4311 2513/2748/4311
f 2504/2748/4325 2512/2748/4325 2501/2748/4325
f 2504/2748/4325 2515/2748/4325 2512/2748/4325
f 2516/2748/4327 2517/2748/4327 2507/2748/4327
f 2516/2748/4327 2507/2748/4327 2509/2748/4327
f 2518/2748/4328 2516/2748/4328 2519/2748/4328
f 2518/2748/4328 2517/2748/4328 2516/2748/4328
f 2520/2748/4329 2522/2748/4329 2521/2748/4329
f 2520/2748/4329 2523/2748/4329 2522/2748/4329
f 2520/2748/4322 2517/2748/4322 2518/2748/4322
f 2520/2748/4322 2521/2748/4322 2517/2748/4322
f 2521/2748/4327 2507/2748/4327 2517/2748/4327
f 2521/2748/4327 2514/2748/4327 2507/2748/4327
f 2522/2748/4327 2514/2748/4327 2521/2748/4327
f 2522/2748/4327 2524/2748/4327 2514/2748/4327
f 2522/2748/4327 2509/2748/4327 2524/2748/4327
f 2522/2748/4327 2516/2748/4327 2509/2748/4327
f 2525/2748/4311 2527/2748/4311 2526/2748/4311
f 2525/2748/4311 2528/2748/4311 2527/2748/4311
f 2529/2748/4330 2527/2748/4330 2528/2748/4330
f 2529/2748/4330 2530/2748/4330 2527/2748/4330
f 2531/2748/4331 2526/2748/4331 2532/2748/4331
f 2531/2748/4331 2525/2748/4331 2526/2748/4331
f 2529/2768/4332 2534/2762/4332 2533/2748/4332
f 2529/2768/4330 2528/2769/4330 2534/2762/4330
f 2535/2770/4333 2536/2771/4333 2513/2772/4333
f 2535/2770/4333 2537/2773/4333 2536/2771/4333
f 2533/2774/4334 2513/2775/4334 2536/2776/4334
f 2533/2774/4334 2534/2777/4334 2513/2775/4334
f 2534/2778/4311 2535/2779/4311 2513/2780/4311
f 2534/2778/4311 2528/2781/4311 2535/2779/4311
f 2528/2782/4335 2537/2783/4335 2535/2784/4335
f 2528/2782/4335 2529/2785/4335 2537/2783/4335
f 2538/2748/4315 2497/2748/4315 2539/2748/4315
f 2538/2748/4315 2495/2748/4315 2497/2748/4315
f 2538/2748/4316 2493/2748/4316 2495/2748/4316
f 2538/2748/4316 2540/2748/4316 2493/2748/4316
f 2541/2748/4336 2497/2748/4336 2498/2748/4336
f 2541/2748/4336 2539/2748/4336 2497/2748/4336
f 2541/2748/4337 2542/2748/4338 2539/2748/4339
f 2542/2748/4340 2541/2748/4341 2543/2748/4342
f 2543/2748/4342 2541/2748/4336 2544/2748/4342
f 2495/2748/4343 2545/2748/4344 2499/2748/4343
f 2495/2748/4343 2538/2748/4345 2545/2748/4346
f 2546/2748/4347 2545/2748/4348 2538/2748/4349
f 2546/2748/4350 2547/2748/4351 2545/2748/4352
f 2548/2748/4353 2494/2748/4353 2493/2748/4353
f 2548/2748/4354 2493/2748/4354 2540/2748/4354
f 2540/2748/4353 2493/2748/4353 2491/2748/4353
f 2540/2748/4353 2491/2748/4353 2549/2748/4353
f 2550/2748/4319 2494/2748/4319 2548/2748/4319
f 2550/2748/4319 2496/2748/4319 2494/2748/4319
f 2549/2748/4355 2491/2748/4355 2490/2748/4355
f 2549/2748/4355 2490/2748/4355 2551/2748/4355
f 2551/2748/4355 2490/2748/4355 2488/2748/4355
f 2551/2748/4355 2488/2748/4355 2552/2748/4355
f 2553/2748/4356 2490/2748/4356 2492/2748/4356
f 2553/2748/4356 2551/2748/4356 2490/2748/4356
f 2554/2748/4357 2487/2748/4357 2489/2748/4357
f 2554/2748/4357 2555/2748/4357 2487/2748/4357
f 2555/2748/4357 2486/2748/4357 2487/2748/4357
f 2555/2748/4357 2556/2748/4357 2486/2748/4357
f 2555/2748/4358 2485/2748/4358 2484/2748/4358
f 2555/2748/4358 2487/2748/4358 2485/2748/4358
f 2556/2748/4359 2482/2748/4359 2486/2748/4359
f 2556/2748/4359 2483/2748/4359 2482/2748/4359
f 2546/2748/4312 2543/2748/4312 2557/2748/4312
f 2546/2748/4312 2542/2748/4312 2543/2748/4312
f 2520/2748/4333 2518/2748/4333 2510/2748/4333
f 2519/2748/4333 2510/2748/4333 2518/2748/4333
f 2520/2748/4333 2510/2748/4333 2513/2748/4333
f 2519/2748/4333 2511/2748/4333 2510/2748/4333
f 2523/2748/4333 2520/2748/4333 2513/2748/4333
f 2523/2748/4333 2511/2748/4333 2519/2748/4333
f 2523/2748/4333 2513/2748/4333 2536/2748/4333
f 2523/2748/4333 2536/2748/4333 2511/2748/4333
o Wall3
v -28.508295 3.649999 -0.133499
v -28.708294 3.649999 -0.134488
v -28.708298 3.649999 -0.133501
v -22.739523 3.650000 -0.333473
v -28.507301 3.649999 -0.333499
v -22.739523 3.650000 -0.133474
v -28.708294 4.150000 -0.134488
v -28.508295 4.150000 -0.133499
v -28.708298 4.150000 -0.133501
v -22.739527 4.150000 -0.333473
v -22.739527 4.150000 -0.133474
v -28.507301 4.150000 -0.333499
v -22.586666 3.907566 -0.018975
v -22.573872 3.907566 -0.018976
v -22.581694 3.907565 -0.181033
v -22.586664 0.299999 -0.018975
v -22.573872 7.907564 -0.018977
v -22.584074 7.907565 -0.230477
v -22.773899 3.449998 -8.664846
v -22.793859 3.449999 -0.428506
v -22.593861 3.449999 -0.428021
v -22.573900 3.449998 -8.664604
v -22.773895 7.907565 -8.664849
v -22.793858 7.907565 -0.428507
v -22.593861 7.907564 -0.428022
v -22.573900 7.907565 -8.664605
v -28.735777 7.907565 -8.688960
v -28.535809 7.907565 -8.681145
v -28.577703 7.907565 -0.219003
v -28.777712 7.907564 -0.219002
v -28.217375 7.907565 -8.882414
v -28.220161 7.907565 -8.682371
v -28.734783 7.907565 -8.889074
v -28.760157 0.299999 -3.764731
v -28.560154 0.299999 -3.763741
v -28.560154 3.023608 -3.763741
v -28.760157 3.023608 -3.764731
v -28.544703 3.023607 -6.884798
v -28.744701 3.023607 -6.885787
v -28.544703 0.299998 -6.884798
v -28.744701 0.299998 -6.885787
v -28.535809 0.299998 -8.681144
v -28.577703 0.299999 -0.219001
v -28.777712 0.299999 -0.219001
v -28.735777 0.299998 -8.688960
v -28.734783 0.299998 -8.889073
v -26.039726 3.129999 -0.018988
v -25.129732 3.129999 -0.018985
v -25.129728 3.129999 -0.218984
v -26.039728 3.130000 -0.218990
v -28.778698 0.299999 -0.019001
v -28.778698 7.907565 -0.019002
v -22.783749 7.907565 -0.218976
v -22.774101 7.907565 -0.018976
v -26.039730 1.579999 -0.218989
v -26.039728 1.579999 -0.018988
v -22.783749 0.299999 -0.218975
v -22.774101 0.299999 -0.018975
v -25.129732 1.579999 -0.018985
v -25.129728 1.579999 -0.218984
v -28.221054 0.299998 -8.668840
v -28.221054 2.999998 -8.668840
v -27.656374 7.907565 -8.675162
v -27.656376 3.007564 -8.675161
v -22.573900 3.007564 -8.664604
v -28.218901 2.999998 -8.868878
v -28.218901 0.299998 -8.868910
v -27.657242 3.007564 -8.875167
v -27.657240 7.907566 -8.875167
v -22.573416 7.907565 -8.864604
v -22.573416 3.007564 -8.864604
v -28.218803 7.907565 -8.882431
v -28.221592 7.907565 -8.682388
v -24.581347 3.007564 -8.667048
v -24.581102 3.007564 -8.867048
v -24.581610 3.007564 -8.667048
v -24.581110 0.299998 -8.867321
v -24.578678 0.299998 -8.667315
v -26.576221 0.299998 -8.872409
v -26.576221 3.007564 -8.872410
v -26.577799 3.007564 -8.672411
v -26.577799 0.299998 -8.672411
v -24.581110 3.007564 -8.867320
v -28.568666 0.299999 -2.522031
v -28.571011 0.299999 -2.735519
v -28.571011 7.907565 -2.735520
v -28.568666 7.907565 -2.522032
v -28.370993 7.907565 -2.734530
v -28.370995 0.299999 -2.734529
v -28.368683 0.299999 -2.524230
v -28.368681 7.907565 -2.524231
v -28.373190 7.907565 -2.934544
v -28.564257 7.907565 -2.935490
v -28.564257 0.299999 -2.935489
v -28.373192 0.299999 -2.934543
v -28.565245 7.907565 -2.735493
v -28.565245 0.299999 -2.735492
v -28.665489 3.649998 -8.780430
v -28.665489 4.149999 -8.780430
v -28.465492 4.149999 -8.779440
v -28.465492 3.649998 -8.779440
v -22.793858 0.299999 -0.428506
v -22.574030 7.907565 -0.430580
v -22.574030 0.299999 -0.430579
v -22.373878 0.299999 -0.432466
v -22.373882 3.907565 -0.432467
v -22.574030 3.907566 -0.430579
v -22.784210 7.907565 -0.228590
v -22.784210 0.299999 -0.228589
v -22.586874 3.907566 -0.012163
v -22.386784 3.907565 -0.011997
v -22.386782 0.299999 -0.011996
v -22.586872 0.299999 -0.012162
v -22.584074 0.299999 -0.230475
v -22.580170 0.299999 -0.230511
v -22.580170 7.907565 -0.230512
v -22.369816 0.179999 -2.978882
v -22.372000 0.179999 -2.453787
v -22.372000 7.980000 -2.453788
v -22.369816 7.980000 -2.978884
v -22.889032 0.179999 -2.455937
v -22.886850 0.179999 -2.981032
v -22.886850 7.980000 -2.981034
v -22.889032 7.980000 -2.455938
vn -0.0000 -1.0000 -0.0001
vn -0.0000 -1.0000 -0.0000
vn -0.0000 1.0000 -0.0000
vn 0.9989 -0.0077 0.0467
vn 0.9995 -0.0001 0.0312
vn 0.9995 -0.0000 0.0307
vn 0.9995 -0.0006 0.0306
vn 0.9988 -0.0000 -0.0482
vn 0.9959 0.0787 -0.0441
vn -1.0000 -0.0000 -0.0024
vn 1.0000 -0.0000 0.0024
vn 0.0050 -0.0000 -1.0000
vn 0.0049 -0.0000 -1.0000
vn -0.0049 -0.0000 1.0000
vn 1.0000 -0.0000 0.0050
vn -1.0000 -0.0000 -0.0050
vn -1.0000 -0.0000 -0.0049
vn 1.0000 -0.0000 -0.0000
vn -1.0000 -0.0000 -0.0000
vn -0.0391 -0.0000 0.9992
vn -0.0630 0.0092 0.9980
vn -0.0390 -0.0000 0.9992
vn -0.0530 -0.0088 0.9986
vn -0.0133 0.0192 0.9997
vn -0.0122 0.0009 0.9999
vn -0.0383 -0.0006 0.9993
vn 0.0204 0.0137 0.9997
vn 0.0018 0.0008 1.0000
vn 0.0122 -0.0017 0.9999
vn -0.0016 0.0094 1.0000
vn -0.0021 -0.0000 1.0000
vn -0.0003 0.0007 1.0000
vn 0.0050 0.0062 1.0000
vn 0.9999 -0.0000 0.0108
vn 0.0135 -0.9999 -0.0001
vn 0.0134 -0.9999 0.0001
vn 0.0391 -0.0000 -0.9992
vn 0.0413 -0.0261 -0.9988
vn 0.0392 -0.0000 -0.9992
vn 0.0424 -0.0260 -0.9988
vn 0.0363 0.0177 -0.9992
vn -0.0061 0.0024 -1.0000
vn 0.0068 -0.0045 -1.0000
vn -0.0050 -0.0307 -0.9995
vn 0.0205 0.0051 -0.9998
vn 0.0391 0.0004 -0.9992
vn 0.0096 -0.0009 -1.0000
vn 0.0021 -0.0000 -1.0000
vn 0.0112 -0.0011 -0.9999
vn 0.0030 -0.0033 -1.0000
vn 0.0047 -0.0018 -1.0000
vn 0.6979 0.0832 0.7114
vn 0.0008 0.9911 -0.1332
vn -0.0004 -0.9994 0.0339
vn -0.7156 -0.0118 0.6984
vn -0.0004 -0.9994 0.0340
vn -0.0050 -0.0014 1.0000
vn -0.3163 0.9394 0.1324
vn -0.0032 0.9472 0.3205
vn -0.0031 0.9472 0.3206
vn 0.3169 0.8643 -0.3907
vn 1.0000 0.0005 -0.0048
vn -1.0000 -0.0000 -0.0079
vn -0.0027 -0.0000 1.0000
vn -0.0025 -0.0001 1.0000
vn 0.0025 -0.0000 -1.0000
vn 0.0026 -0.0000 -1.0000
vn -0.9999 -0.0000 0.0110
vn 0.0110 -0.0000 0.9999
vn 0.9999 -0.0000 -0.0110
vn -0.0000 -0.0000 1.0000
vn -1.0000 -0.0000 -0.0061
vn -1.0000 -0.0000 -0.0062
vn -0.0000 -0.0000 -1.0000
vn -0.0094 -0.0000 -1.0000
vn -0.9988 -0.0000 0.0482
vn -0.0008 -0.0000 1.0000
vn 0.9999 -0.0014 0.0123
vn 0.9995 0.0005 0.0300
vn 0.9988 -0.0000 -0.0481
vn 0.9957 0.0788 -0.0485
vn 0.0001 -0.0000 1.0000
vn 1.0000 -0.0000 0.0042
vn -1.0000 -0.0000 -0.0042
vn -0.0042 -0.0000 1.0000
vn 0.0042 -0.0000 -1.0000
vt 576.876953 -0.000000
vt 596.877197 -0.000000
vt 596.876709 0.098924
vt 0.000000 20.000000
vt 576.778015 20.000000
vt 0.000000 -0.000000
vt 596.876709 19.901075
vt 596.877197 20.000000
vt 576.876953 20.000000
vt 576.778015 0.000000
vt -20.000000 31.573109
vt -20.000000 15.359744
vt -18.721489 31.533875
vt -19.924517 0.000000
vt -3.711153 360.756592
vt -19.924517 360.756592
vt -41.965557 760.756592
vt -41.965557 360.756592
vt -20.790865 760.756592
vt -0.000000 10.012074
vt 20.000000 833.648682
vt -0.000000 833.648682
vt 20.000000 9.987941
vt 825.146301 0.000000
vt 1.509693 445.756592
vt 1.509693 0.000000
vt 825.146301 445.756592
vt 20.000000 -0.000000
vt 0.000000 823.636597
vt 20.000000 823.660767
vt -1.485560 0.000000
vt -825.146301 445.756592
vt -825.146301 0.000000
vt -1.485560 445.756592
vt 20.000000 91.000000
vt 0.000000 91.000000
vt 291.323883 0.000000
vt 271.323639 760.756592
vt 271.323639 0.000000
vt 291.323883 760.756592
vt -0.000000 589.445068
vt 20.000000 -10.049585
vt 20.000000 590.409973
vt 0.000000 -9.950660
vt 0.000000 155.000000
vt 20.000000 155.000000
vt -41.000702 760.756592
vt -20.977444 0.000000
vt -20.977444 760.756592
vt -41.000702 0.000000
vt 41.033787 0.000000
vt 19.683571 760.756592
vt 19.683571 0.000000
vt 41.033787 760.756592
vt -30.318972 760.756592
vt -10.316429 0.000000
vt -10.316429 760.756592
vt -30.318972 0.000000
vt 0.000000 760.756592
vt 20.000000 760.756592
vt -30.000000 760.756592
vt -10.893200 0.000000
vt -10.893200 760.756592
vt -30.000000 0.000000
vt 20.000000 -9.841785
vt 0.000000 9.265015
vt -0.000000 -10.160758
vt 20.000000 9.265015
vt -20.002544 760.756592
vt -20.002544 0.000000
vt -41.033787 760.756592
vt -41.033787 0.000000
vt 20.000000 21.031244
vt 0.000000 21.350216
vt -0.427483 760.756592
vt 19.572517 0.000000
vt 19.572517 760.756592
vt -0.427483 0.000000
vt 25.000000 -21.270245
vt -25.000000 843.334473
vt -25.000000 -21.270245
vt 25.000000 843.334473
vt 10.000000 -21.270245
vt -10.000000 843.334473
vt -10.000000 -21.270245
vt 10.000000 843.334473
vt 596.877197 50.000000
vt 576.876953 50.000000
vt 0.000000 50.000000
vt -22.442947 -50.000000
vt -22.344023 0.000000
vt -22.442947 0.000000
vt -22.344023 -50.000000
vt 10.000000 -25.000000
vt -10.000000 -25.000000
vt -10.000000 25.000000
vt 10.000000 25.000000
vt 576.778015 50.000000
vt 42.000000 0.000000
vt 42.000000 760.756592
vt 20.016100 760.756592
vt 20.016100 0.000000
vt -0.000000 360.756592
vt 20.016100 360.756592
vt 0.000000 -9.529203
vt 20.000000 10.680634
vt 0.000000 11.456459
vt 20.000000 -10.494057
vt 41.000702 0.000000
vt 41.000702 760.756592
vt 20.015041 760.756592
vt 20.015041 0.000000
vt -578.606018 360.756592
vt -558.597107 0.000000
vt -558.597107 360.756592
vt -578.606018 0.000000
vt 22.057964 0.000000
vt -20.008911 360.756592
vt -20.008911 0.000000
vt 22.057964 360.756592
vt 21.209135 760.756592
vt 41.224174 0.000000
vt 41.224174 760.756592
vt 21.209135 0.000000
vt -0.000000 31.657503
vt 20.000000 -9.606726
vt 20.000000 32.254616
vt 0.000000 -10.409374
vt 21.255318 0.000000
vt 1.239218 760.756592
vt 1.239218 0.000000
vt 21.255318 760.756592
vt -20.790865 0.000000
vt -0.000000 -10.395433
vt 20.000000 10.785820
vt 0.000000 11.588468
vt 20.000000 -9.619609
vt 20.988113 760.756592
vt 19.709002 360.756592
vt 20.988113 360.756592
vt 0.964854 760.756592
vt 0.964854 0.000000
vt 19.709002 0.000000
vt -234.597855 128.000000
vt -599.494690 0.000000
vt -234.597855 283.000000
vt -325.597870 128.000000
vt -325.597870 283.000000
vt -599.494690 760.756592
vt 325.597870 283.000000
vt 599.395752 760.756592
vt 599.395752 0.000000
vt 234.597870 283.000000
vt 325.597870 128.000000
vt 234.597870 128.000000
vt 52.510040 -780.000000
vt 0.000000 -780.000000
vt 52.510040 0.000000
vt 51.703560 -780.000000
vt 51.703560 0.000000
vt -494.038940 -816.431213
vt -446.124237 -760.442444
vt -497.701843 -764.049072
vt -442.461334 -812.824524
s 0
usemtl Material__25
f 2558/2786/4360 2560/2787/4360 2559/2788/4360
f 2561/2789/4361 2558/2786/4361 2562/2790/4361
f 2561/2789/4361 2563/2791/4361 2558/2786/4361
f 2564/2792/4362 2566/2793/4362 2565/2794/4362
f 2567/2791/4362 2565/2794/4362 2568/2789/4362
f 2567/2791/4362 2569/2795/4362 2565/2794/4362
f 2570/2796/4361 2572/2797/4361 2571/2798/4361
f 2573/2799/4363 2572/2800/4364 2570/2801/4365
f 2572/2800/4366 2574/2802/4367 2571/2803/4367
f 2574/2802/4367 2572/2800/4368 2575/2804/4367
f 2576/2805/4361 2578/2806/4361 2577/2807/4361
f 2576/2805/4361 2579/2808/4361 2578/2806/4361
f 2577/2809/4369 2580/2810/4369 2576/2811/4369
f 2577/2809/4369 2581/2812/4369 2580/2810/4369
f 2582/2813/4362 2580/2814/4362 2581/2791/4362
f 2582/2813/4362 2583/2815/4362 2580/2814/4362
f 2579/2816/4370 2582/2817/4370 2578/2818/4370
f 2579/2816/4370 2583/2819/4370 2582/2817/4370
f 2584/2791/4362 2586/2791/4362 2585/2791/4362
f 2584/2791/4362 2587/2791/4362 2586/2791/4362
f 2588/2791/4362 2584/2791/4362 2589/2791/4362
f 2588/2791/4362 2590/2791/4362 2584/2791/4362
f 2591/2791/4371 2593/2791/4371 2592/2791/4371
f 2591/2791/4372 2594/2791/4372 2593/2791/4372
f 2594/2791/4361 2595/2791/4361 2593/2791/4361
f 2594/2791/4361 2596/2791/4361 2595/2791/4361
f 2596/2791/4373 2597/2791/4373 2595/2791/4373
f 2596/2791/4373 2598/2791/4373 2597/2791/4373
f 2585/2791/4374 2597/2791/4374 2599/2791/4374
f 2585/2791/4374 2595/2791/4374 2597/2791/4374
f 2586/2791/4374 2595/2791/4374 2585/2791/4374
f 2586/2791/4374 2593/2791/4374 2595/2791/4374
f 2600/2791/4374 2593/2791/4374 2586/2791/4374
f 2600/2791/4374 2592/2791/4374 2593/2791/4374
f 2594/2791/4375 2591/2791/4375 2601/2791/4375
f 2594/2791/4375 2601/2791/4375 2587/2791/4375
f 2584/2791/4375 2594/2791/4375 2587/2791/4375
f 2584/2791/4375 2596/2791/4375 2594/2791/4375
f 2602/2791/4376 2596/2791/4376 2584/2791/4376
f 2602/2791/4376 2598/2791/4376 2596/2791/4376
f 2603/2791/4375 2602/2791/4375 2584/2791/4375
f 2603/2791/4375 2584/2791/4375 2590/2791/4375
f 2604/2791/4361 2606/2820/4361 2605/2821/4361
f 2604/2791/4361 2607/2813/4361 2606/2820/4361
f 2608/2822/4376 2587/2823/4376 2601/2824/4376
f 2608/2822/4376 2609/2825/4376 2587/2823/4376
f 2610/2826/4362 2609/2827/4362 2611/2828/4362
f 2610/2826/4362 2587/2829/4362 2609/2827/4362
f 2612/2813/4377 2604/2830/4377 2613/2791/4377
f 2612/2813/4377 2607/2831/4377 2604/2830/4377
f 2611/2832/4367 2614/2833/4367 2610/2834/4367
f 2611/2832/4367 2615/2835/4367 2614/2833/4367
f 2606/2813/4378 2616/2830/4378 2605/2791/4378
f 2606/2813/4378 2617/2831/4378 2616/2830/4378
f 2584/2791/4379 2602/2791/4379 2618/2791/4379
f 2584/2791/4380 2618/2791/4381 2619/2791/4382
f 2619/2791/4383 2620/2791/4384 2584/2791/4385
f 2619/2791/4386 2621/2791/4387 2620/2791/4388
f 2621/2791/4389 2583/2791/4390 2620/2791/4391
f 2621/2791/4392 2622/2791/4390 2583/2791/4390
f 2618/2791/4393 2623/2791/4393 2619/2791/4393
f 2618/2791/4393 2624/2791/4393 2623/2791/4393
f 2621/2791/4394 2623/2791/4394 2625/2791/4394
f 2621/2791/4395 2619/2791/4395 2623/2791/4395
f 2624/2791/4396 2603/2791/4396 2590/2791/4397
f 2624/2791/4398 2590/2791/4399 2623/2791/4400
f 2625/2791/4401 2623/2791/4402 2590/2791/4403
f 2625/2791/4404 2590/2791/4405 2626/2791/4406
f 2627/2791/4407 2625/2791/4408 2626/2791/4409
f 2627/2791/4407 2628/2791/4407 2625/2791/4410
f 2588/2791/4411 2626/2791/4412 2590/2791/4413
f 2588/2791/4414 2629/2791/4415 2626/2791/4415
f 2584/2791/4416 2630/2791/4417 2589/2791/4418
f 2584/2791/4419 2620/2791/4418 2630/2791/4420
f 2626/2791/4362 2629/2791/4362 2630/2791/4362
f 2626/2791/4362 2630/2791/4362 2620/2791/4362
f 2627/2791/4362 2626/2791/4362 2620/2791/4362
f 2627/2791/4362 2620/2791/4362 2583/2791/4362
f 2628/2791/4370 2583/2791/4370 2622/2791/4370
f 2628/2791/4370 2627/2791/4370 2583/2791/4370
f 2628/2791/4361 2622/2791/4361 2631/2791/4361
f 2628/2791/4361 2631/2791/4361 2632/2791/4361
f 2633/2791/4421 2634/2791/4421 2632/2791/4421
f 2633/2791/4421 2635/2791/4421 2634/2791/4421
f 2636/2791/4422 2638/2791/4422 2637/2791/4422
f 2636/2791/4422 2639/2791/4422 2638/2791/4422
f 2638/2791/4361 2621/2791/4361 2625/2791/4361
f 2638/2791/4361 2625/2791/4361 2637/2791/4361
f 2639/2791/4423 2633/2791/4423 2638/2791/4423
f 2639/2791/4424 2635/2791/4424 2633/2791/4424
f 2637/2791/4425 2634/2791/4425 2636/2791/4425
f 2637/2791/4426 2640/2791/4426 2634/2791/4426
f 2641/2836/4427 2643/2837/4427 2642/2838/4427
f 2641/2836/4427 2644/2839/4427 2643/2837/4427
f 2645/2840/4372 2642/2841/4372 2643/2842/4372
f 2645/2840/4372 2646/2843/4372 2642/2841/4372
f 2647/2813/4428 2644/2844/4428 2641/2791/4428
f 2647/2813/4428 2648/2845/4428 2644/2844/4428
f 2649/2846/4371 2651/2847/4371 2650/2848/4371
f 2649/2846/4371 2652/2849/4371 2651/2847/4371
f 2649/2850/4362 2653/2851/4362 2645/2852/4362
f 2649/2850/4362 2650/2853/4362 2653/2851/4362
f 2652/2791/4429 2649/2844/4429 2645/2854/4429
f 2652/2791/4429 2645/2854/4429 2646/2855/4429
f 2648/2856/4429 2646/2855/4429 2645/2854/4429
f 2648/2856/4429 2647/2857/4429 2646/2855/4429
f 2644/2791/4362 2645/2858/4362 2643/2859/4362
f 2644/2791/4362 2648/2813/4362 2645/2858/4362
f 2650/2860/4376 2654/2861/4376 2653/2862/4376
f 2650/2860/4376 2651/2863/4376 2654/2861/4376
f 2564/2864/4375 2655/2865/4375 2559/2866/4375
f 2564/2864/4375 2656/2867/4375 2655/2865/4375
f 2565/2868/4362 2656/2869/4362 2564/2870/4362
f 2565/2868/4362 2657/2871/4362 2656/2869/4362
f 2655/2871/4361 2558/2870/4361 2559/2868/4361
f 2655/2871/4361 2658/2869/4361 2558/2870/4361
f 2658/2867/4374 2565/2866/4374 2558/2864/4374
f 2658/2867/4374 2657/2865/4374 2565/2866/4374
f 2566/2787/4430 2560/2872/4430 2558/2873/4430
f 2566/2787/4430 2558/2873/4430 2565/2786/4430
f 2565/2786/4430 2558/2873/4430 2563/2874/4430
f 2565/2786/4430 2563/2874/4430 2568/2791/4430
f 2566/2875/4431 2559/2876/4369 2560/2877/4369
f 2566/2875/4431 2564/2878/4432 2559/2876/4369
f 2559/2879/4373 2558/2880/4373 2565/2881/4373
f 2559/2879/4373 2565/2881/4373 2564/2882/4373
f 2562/2795/4433 2567/2874/4433 2561/2791/4433
f 2562/2795/4433 2569/2883/4433 2567/2874/4433
f 2659/2884/4434 2581/2885/4434 2660/2886/4434
f 2659/2884/4434 2660/2886/4434 2661/2887/4434
f 2661/2887/4434 2663/2888/4434 2662/2791/4434
f 2661/2887/4434 2664/2889/4434 2663/2888/4434
f 2611/2890/4362 2575/2891/4362 2665/2892/4362
f 2611/2890/4362 2574/2893/4362 2575/2891/4362
f 2615/2894/4435 2611/2895/4435 2665/2896/4435
f 2615/2894/4435 2665/2896/4435 2666/2897/4435
f 2666/2897/4435 2665/2896/4435 2581/2844/4435
f 2666/2897/4435 2581/2844/4435 2659/2791/4435
f 2667/2898/4436 2669/2899/4436 2668/2900/4436
f 2667/2898/4436 2670/2901/4436 2669/2899/4436
f 2662/2902/4365 2668/2903/4365 2669/2904/4365
f 2662/2902/4365 2663/2905/4365 2668/2903/4365
f 2575/2906/4434 2666/2907/4434 2665/2908/4434
f 2575/2906/4434 2671/2909/4434 2666/2907/4434
f 2668/2910/4362 2664/2911/4362 2667/2912/4362
f 2668/2910/4362 2663/2913/4362 2664/2911/4362
f 2661/2914/4365 2673/2915/4365 2672/2916/4365
f 2661/2914/4365 2660/2917/4365 2673/2915/4365
f 2572/2800/4437 2573/2799/4438 2671/2918/4439
f 2575/2804/4439 2572/2800/4440 2671/2918/4439
f 2581/2919/4362 2673/2920/4362 2660/2921/4362
f 2581/2919/4362 2665/2922/4362 2673/2920/4362
f 2574/2923/4441 2570/2924/4441 2571/2925/4441
f 2611/2926/4430 2570/2924/4430 2574/2923/4430
f 2615/2927/4430 2570/2924/4430 2611/2926/4430
f 2570/2924/4430 2615/2927/4430 2573/2928/4430
f 2616/2929/4430 2615/2927/4430 2611/2926/4430
f 2615/2927/4430 2616/2929/4430 2608/2930/4430
f 2616/2929/4430 2611/2926/4430 2605/2931/4430
f 2613/2932/4430 2608/2930/4430 2616/2929/4430
f 2605/2931/4430 2611/2926/4430 2604/2933/4430
f 2613/2932/4430 2609/2934/4430 2608/2930/4430
f 2609/2934/4430 2613/2932/4430 2604/2933/4430
f 2609/2934/4430 2604/2933/4430 2611/2926/4430
f 2610/2844/4433 2607/2935/4433 2587/2936/4433
f 2601/2937/4433 2587/2936/4433 2607/2935/4433
f 2610/2844/4433 2606/2938/4433 2607/2935/4433
f 2601/2937/4433 2607/2935/4433 2612/2939/4433
f 2610/2844/4433 2617/2940/4433 2606/2938/4433
f 2612/2939/4433 2614/2791/4433 2601/2937/4433
f 2614/2791/4433 2617/2940/4433 2610/2844/4433
f 2614/2791/4433 2612/2939/4433 2617/2940/4433
usemtl Material__27_1
f 2674/2941/4442 2676/2791/4442 2675/2942/4442
f 2674/2941/4442 2677/2943/4442 2676/2791/4442
f 2678/2941/4443 2680/2791/4443 2679/2942/4443
f 2678/2941/4443 2681/2943/4443 2680/2791/4443
f 2675/2944/4444 2681/2791/4444 2678/2942/4444
f 2675/2944/4444 2676/2945/4444 2681/2791/4444
f 2679/2944/4445 2677/2791/4445 2674/2942/4445
f 2679/2944/4445 2680/2945/4445 2677/2791/4445
f 2681/2946/4362 2677/2947/4362 2680/2948/4362
f 2681/2946/4362 2676/2949/4362 2677/2947/4362
o Wall4
v -0.200002 0.299999 -0.000002
v -0.177539 0.299998 -8.668299
v -0.177539 3.907565 -8.668297
v -0.200002 3.907566 -0.000002
v 0.022480 3.907564 -8.675632
v -0.000002 3.907565 -0.000000
v 0.022480 0.299998 -8.675632
v -0.000002 0.299999 -0.000000
v -1.128861 1.602565 -0.000009
v -4.383859 0.299999 -0.000027
v -1.128861 3.152566 -0.000009
v -2.038859 1.602565 -0.000013
v -4.383859 3.907566 -0.000027
v -2.038858 3.152565 -0.000013
v -2.038858 1.602565 -0.200013
v -2.038858 3.152565 -0.200013
v -1.128859 3.152566 -0.200007
v -1.128859 1.602565 -0.200007
v -4.383857 3.907566 -0.200027
v -0.199485 3.907566 -0.200001
v -0.199485 0.299999 -0.200001
v -16.694855 3.907566 -0.417077
v -16.701153 3.907566 -2.497067
v -16.501156 3.907566 -2.497673
v -16.494812 3.907566 -0.402252
v -16.501156 0.299999 -2.497673
v -16.494812 0.299999 -0.402252
v -16.494204 3.907566 -0.201660
v -16.494204 0.299999 -0.201660
v -16.694855 0.299999 -0.417076
v -16.701155 0.299999 -2.497067
v -8.046456 3.150000 0.000493
v -7.136455 3.150000 0.000670
v -7.136416 3.150000 -0.199331
v -8.046416 3.150000 -0.199507
v -7.136455 1.600000 0.000670
v -7.136416 1.599999 -0.199331
v -8.046415 1.599999 -0.199507
v -8.046455 1.599999 0.000493
v -10.389003 3.907566 -0.199961
v -4.797391 3.907566 -0.198878
v -4.792953 3.907566 0.001124
v -10.394107 3.907566 0.000039
v -10.502010 0.299999 -2.480649
v -10.517052 0.299999 -0.415681
v -10.517052 3.907566 -0.415681
v -10.502010 3.907565 -2.480649
v -10.717046 3.907565 -0.417137
v -10.717046 0.299999 -0.417137
v -10.702005 3.907565 -2.482106
v -10.702005 0.299999 -2.482105
v -16.372427 3.907566 -2.514130
v -16.371840 3.907566 -2.714128
v -10.700438 3.907565 -2.697100
v -10.701892 3.907565 -2.497473
v -10.700438 0.299999 -2.697100
v -16.371840 0.299999 -2.714128
v -10.701892 0.299999 -2.497473
v -16.372427 0.299999 -2.514130
v -19.147322 3.149999 -0.209291
v -19.147484 3.149999 -0.009292
v -19.147488 1.599999 -0.009292
v -19.147322 1.599999 -0.209291
v -20.057322 1.599999 -0.210050
v -20.057484 1.599999 -0.010050
v -20.057484 3.150000 -0.010050
v -20.057320 3.150000 -0.210050
v -22.380646 3.907565 -0.211991
v -16.800644 3.907566 -0.207332
v -16.815464 3.907566 -0.007345
v -22.386784 3.907565 -0.011997
v -10.594172 3.907566 -0.000000
v -10.583518 3.907565 -0.417378
v -10.383583 3.907566 -0.412273
v -10.594173 0.299999 -0.000000
v -10.583518 0.299999 -0.417377
v -10.383583 0.299999 -0.412272
v -10.394107 0.299999 0.000039
v -4.792953 0.299999 0.001124
v -16.599937 3.907565 -0.209495
v -16.799387 3.907565 -0.224276
v -16.799389 0.299999 -0.224276
v -16.599937 0.299999 -0.209495
v -16.815466 0.299999 -0.007345
v -16.784607 3.907566 -0.423728
v -16.784607 0.299999 -0.423728
v -16.614929 3.907566 -0.007177
v -16.614931 0.299999 -0.007177
v -22.386782 0.299999 -0.011996
v -16.791149 0.299999 -2.498125
v -16.786152 0.299999 -2.923095
v -16.786152 3.907566 -2.923095
v -16.791147 3.907565 -2.498126
v -16.371250 0.299999 -2.914128
v -16.371250 3.907566 -2.914128
v -10.702003 0.299999 -2.482105
v -10.783866 0.299999 -2.912713
v -10.783866 3.907566 -2.912713
v -10.702003 3.907565 -2.482105
v -10.373879 0.299999 -2.909727
v -10.373879 3.907566 -2.909727
v -10.377012 0.299999 -2.479738
v -10.377012 3.907566 -2.479738
v -4.792952 0.299999 0.001124
v -4.802201 0.299999 -0.415529
v -4.802201 3.907566 -0.415529
v -4.792953 3.907566 0.001124
v -4.383855 0.299999 -0.415526
v -4.383855 3.907565 -0.415526
v -4.383859 0.299999 -0.000027
v -4.383859 3.907566 -0.000027
v -16.800644 0.299999 -0.207332
v -22.380644 0.299999 -0.211991
v -4.797391 0.299999 -0.198877
v -10.389003 0.299999 -0.199961
v -4.383857 0.299999 -0.200027
v -4.752500 0.179999 -2.961335
v -4.235467 0.179999 -2.959185
v -4.235467 3.980001 -2.959185
v -4.752500 3.980000 -2.961336
v -4.754683 0.179999 -2.436239
v -4.754683 3.980001 -2.436239
v -4.237650 0.179999 -2.434090
v -4.237650 3.980000 -2.434090
vn -1.0000 -0.0000 -0.0026
vn -0.0000 1.0000 -0.0000
vn 1.0000 -0.0000 0.0026
vn -0.0000 -0.0000 1.0000
vn 1.0000 -0.0000 -0.0000
vn -1.0000 -0.0000 -0.0000
vn -0.0000 -1.0000 -0.0000
vn 1.0000 -0.0000 -0.0030
vn -1.0000 -0.0000 0.0030
vn -1.0000 -0.0000 -0.0002
vn 1.0000 -0.0000 0.0002
vn 1.0000 -0.0000 0.0073
vn -0.0073 -0.0000 1.0000
vn -1.0000 -0.0000 -0.0073
vn 0.0030 -0.0000 -1.0000
vn -0.0029 -0.0000 1.0000
vn -1.0000 -0.0000 -0.0008
vn 1.0000 -0.0000 0.0008
vn -0.9997 -0.0000 -0.0255
vn 0.9997 -0.0000 0.0255
vn -0.0002 -0.0000 1.0000
vn 0.0255 -0.0000 -0.9997
vn 0.0739 -0.0000 -0.9973
vn -0.9973 -0.0000 -0.0739
vn -0.0739 -0.0000 0.9973
vn -0.0008 -0.0000 1.0000
vn 0.9973 -0.0000 0.0739
vn -0.9999 -0.0000 -0.0118
vn 0.0216 -0.0000 -0.9998
vn 1.0000 -0.0000 0.0029
vn 0.0382 -0.0000 0.9993
vn -0.9824 -0.0000 0.1868
vn 0.0073 -0.0000 -1.0000
vn -0.9998 -0.0000 0.0222
vn -0.0000 -0.0000 -1.0000
vn 0.0028 -0.0000 1.0000
vn 0.0008 -0.0000 -1.0000
vn 0.0002 -0.0000 -1.0000
vn 0.0042 -0.0000 -1.0000
vn -1.0000 -0.0000 -0.0042
vn -0.0042 -0.0000 1.0000
vn 1.0000 -0.0000 0.0042
vt 866.209045 0.000000
vt -0.623640 360.756592
vt -0.623640 0.000000
vt 866.209045 360.756592
vt -0.000000 856.806763
vt 20.000000 -9.974180
vt 20.000000 857.592102
vt 0.000000 -10.025887
vt -866.157349 360.756592
vt 1.408945 0.000000
vt 1.408945 360.756592
vt -866.157349 0.000000
vt 19.948360 0.000000
vt 19.948360 360.756592
vt -0.051706 360.756592
vt -0.051706 0.000000
vt -92.937393 130.256592
vt -418.437378 0.000000
vt -92.937393 285.256592
vt -183.937393 130.256592
vt -418.437378 360.756592
vt -183.937393 285.256592
vt 20.000000 0.000000
vt 0.000000 155.000000
vt 0.000000 0.000000
vt 20.000000 155.000000
vt -0.000000 10.000000
vt 20.000000 428.385681
vt -0.000000 428.437408
vt 20.000000 10.000000
vt -866.209045 360.756592
vt -846.208923 0.000000
vt -846.208923 360.756592
vt -866.209045 0.000000
vt 20.000000 91.000000
vt 0.000000 91.000000
vt -0.000000 10.801246
vt 20.000000 218.801239
vt -0.000000 218.801239
vt 20.000000 9.258191
vt -209.543060 360.756592
vt -0.000000 360.756592
vt -209.543060 0.000000
vt -229.602493 360.756592
vt -229.602493 0.000000
vt 208.000000 0.000000
vt 208.000000 360.756592
vt -0.000000 10.256558
vt 20.000000 569.865784
vt -0.000000 569.417847
vt 20.000000 9.749859
vt 206.502274 0.000000
vt 206.502274 360.756592
vt 20.000000 360.756592
vt -0.000000 11.580331
vt 20.000000 218.082611
vt -0.000000 218.082611
vt 20.000000 11.580331
vt -206.502274 360.756592
vt -206.502274 0.000000
vt -0.000000 10.303012
vt 20.000000 566.837646
vt -0.000000 568.303040
vt 20.000000 9.705900
vt -0.000000 41.244656
vt 20.000000 41.751358
vt -21.238239 360.756592
vt 20.513117 0.000000
vt 20.513117 360.756592
vt -21.238239 0.000000
vt 21.238239 0.000000
vt -20.006418 360.756592
vt -20.006418 0.000000
vt 21.238239 360.756592
vt -579.674438 360.756592
vt -579.674438 0.000000
vt -559.667969 0.000000
vt -559.667969 360.756592
vt -324.902679 130.000000
vt 0.447912 0.000000
vt -324.902679 285.000000
vt -233.902664 130.000000
vt 0.447912 360.756592
vt -233.902664 285.000000
vt -11.000000 360.756592
vt 9.000000 0.000000
vt 9.000000 360.756592
vt -11.000000 0.000000
vt 41.752560 0.000000
vt 41.752560 360.756592
vt -20.059437 360.756592
vt -20.059437 0.000000
vt -0.000000 19.059437
vt 20.000000 -10.000000
vt 20.000000 20.602491
vt 0.000000 -10.000000
vt -9.000000 360.756592
vt 21.602493 0.000000
vt 21.602493 360.756592
vt -9.000000 0.000000
vt 0.000000 10.993077
vt 20.000000 -9.294127
vt 20.000000 10.993077
vt 0.000000 -10.759483
vt 18.588253 0.000000
vt 18.588253 360.756592
vt -1.465357 360.756592
vt -1.465357 0.000000
vt -234.667450 130.000000
vt -558.597107 0.000000
vt -234.667450 285.000000
vt -325.667450 130.000000
vt -325.667450 285.000000
vt -558.597107 360.756592
vt -40.287205 360.756592
vt -20.000000 0.000000
vt -20.000000 360.756592
vt -40.287205 0.000000
vt 234.667450 130.000000
vt 234.667450 285.000000
vt 325.667450 285.000000
vt 558.000000 360.756592
vt 325.667450 130.000000
vt 558.000000 0.000000
vt 233.902664 285.000000
vt 324.902679 285.000000
vt 233.902664 130.000000
vt 559.161316 360.756592
vt 324.902679 130.000000
vt 559.161316 0.000000
vt 418.437408 360.756592
vt 92.937401 285.256592
vt 183.937393 285.256592
vt 183.937393 130.256592
vt 418.437408 0.000000
vt 92.937401 130.256592
vt 51.703560 -780.000000
vt 0.000000 -400.000000
vt 0.000000 -780.000000
vt 51.703560 -400.000000
vt 52.510040 -780.000000
vt 52.510040 -400.000000
s 0
usemtl Material__25
f 2682/2950/4446 2684/2951/4446 2683/2952/4446
f 2682/2950/4446 2685/2953/4446 2684/2951/4446
f 2684/2954/4447 2687/2955/4447 2686/2956/4447
f 2684/2954/4447 2685/2957/4447 2687/2955/4447
f 2687/2958/4448 2688/2959/4448 2686/2960/4448
f 2687/2958/4448 2689/2961/4448 2688/2959/4448
f 2689/2962/4449 2687/2963/4449 2685/2964/4449
f 2689/2962/4449 2685/2964/4449 2682/2965/4449
f 2690/2966/4449 2682/2965/4449 2685/2964/4449
f 2682/2965/4449 2690/2966/4449 2691/2967/4449
f 2690/2966/4449 2685/2964/4449 2692/2968/4449
f 2691/2967/4449 2690/2966/4449 2693/2969/4449
f 2694/2970/4449 2692/2968/4449 2685/2964/4449
f 2693/2969/4449 2694/2970/4449 2691/2967/4449
f 2694/2970/4449 2695/2971/4449 2692/2968/4449
f 2694/2970/4449 2693/2969/4449 2695/2971/4449
f 2696/2972/4450 2695/2973/4450 2693/2974/4450
f 2696/2972/4450 2697/2975/4450 2695/2973/4450
f 2698/2972/4451 2690/2973/4451 2692/2974/4451
f 2698/2972/4451 2699/2975/4451 2690/2973/4451
f 2700/2976/4447 2685/2977/4447 2701/2978/4447
f 2700/2976/4447 2694/2979/4447 2685/2977/4447
f 2685/2980/4448 2702/2981/4448 2701/2982/4448
f 2685/2980/4448 2682/2983/4448 2702/2981/4448
f 2695/2974/4452 2698/2984/4452 2692/2985/4452
f 2695/2974/4452 2697/2972/4452 2698/2984/4452
f 2703/2986/4447 2705/2987/4447 2704/2988/4447
f 2703/2986/4447 2706/2989/4447 2705/2987/4447
f 2706/2990/4453 2707/2974/4453 2705/2991/4453
f 2706/2990/4453 2708/2992/4453 2707/2974/4453
f 2709/2993/4453 2708/2992/4453 2706/2990/4453
f 2709/2993/4453 2710/2994/4453 2708/2992/4453
f 2711/2995/4454 2704/2991/4454 2712/2974/4454
f 2711/2995/4454 2703/2996/4454 2704/2991/4454
f 2713/2974/4452 2715/2984/4452 2714/2985/4452
f 2713/2974/4452 2716/2972/4452 2715/2984/4452
f 2715/2972/4455 2717/2973/4455 2714/2974/4455
f 2715/2972/4455 2718/2975/4455 2717/2973/4455
f 2719/2972/4456 2713/2973/4456 2720/2974/4456
f 2719/2972/4456 2716/2975/4456 2713/2973/4456
f 2721/2997/4447 2723/2998/4447 2722/2999/4447
f 2721/2997/4447 2724/3000/4447 2723/2998/4447
f 2725/3001/4457 2727/2991/4457 2726/2974/4457
f 2725/3001/4457 2728/3002/4457 2727/2991/4457
f 2729/2972/4458 2726/2991/4458 2727/2974/4458
f 2729/2972/4458 2730/3003/4458 2726/2991/4458
f 2728/3004/4447 2729/3005/4447 2727/3006/4447
f 2728/3004/4447 2731/3007/4447 2729/3005/4447
f 2731/3008/4459 2730/2974/4459 2729/2991/4459
f 2731/3008/4459 2732/3009/4459 2730/2974/4459
f 2733/2974/4447 2735/2974/4447 2734/2974/4447
f 2733/2974/4447 2736/2974/4447 2735/2974/4447
f 2737/2974/4460 2734/2974/4460 2735/2974/4460
f 2737/2974/4460 2738/2974/4460 2734/2974/4460
f 2739/2974/4461 2733/2974/4461 2740/2974/4461
f 2739/2974/4461 2736/2974/4461 2733/2974/4461
f 2741/2972/4462 2743/2973/4462 2742/2974/4462
f 2741/2972/4462 2744/2975/4462 2743/2973/4462
f 2745/2972/4463 2747/2973/4463 2746/2974/4463
f 2745/2972/4463 2748/2975/4463 2747/2973/4463
f 2749/3010/4447 2751/3011/4447 2750/3012/4447
f 2749/3010/4447 2752/3013/4447 2751/3011/4447
f 2747/2974/4452 2741/2984/4452 2742/2985/4452
f 2747/2974/4452 2748/2972/4452 2741/2984/4452
f 2724/3014/4447 2754/2972/4447 2753/3015/4447
f 2724/3014/4447 2755/2974/4447 2754/2972/4447
f 2754/3016/4464 2756/3017/4464 2753/3018/4464
f 2754/3016/4464 2757/3019/4464 2756/3017/4464
f 2758/3020/4465 2724/3021/4465 2759/3022/4465
f 2758/3020/4465 2755/3023/4465 2724/3021/4465
f 2753/3024/4466 2756/3025/4466 2759/3026/4466
f 2753/3024/4466 2759/3026/4466 2724/3027/4466
f 2720/3028/4466 2724/3027/4466 2759/3026/4466
f 2760/3029/4466 2720/3028/4466 2759/3026/4466
f 2720/3028/4466 2713/3030/4466 2724/3027/4466
f 2720/3028/4466 2760/3029/4466 2717/3031/4466
f 2713/3030/4466 2723/3032/4466 2724/3027/4466
f 2717/3031/4466 2760/3029/4466 2723/3032/4466
f 2714/3033/4466 2723/3032/4466 2713/3030/4466
f 2717/3031/4466 2723/3032/4466 2714/3033/4466
f 2757/2972/4467 2755/2991/4467 2758/2974/4467
f 2757/2972/4467 2754/3003/4467 2755/2991/4467
f 2761/3034/4468 2763/3035/4468 2762/3036/4468
f 2761/3034/4468 2764/3037/4468 2763/3035/4468
f 2765/3038/4469 2751/3039/4469 2762/3003/4469
f 2765/3038/4469 2762/3003/4469 2763/2972/4469
f 2763/2972/4469 2762/3003/4469 2766/2991/4469
f 2763/2972/4469 2766/2991/4469 2767/2974/4469
f 2767/3035/4468 2706/3040/4468 2708/3041/4468
f 2767/3035/4468 2766/3036/4468 2706/3040/4468
f 2706/3042/4447 2762/3043/4447 2709/3044/4447
f 2706/3042/4447 2766/3045/4447 2762/3043/4447
f 2762/3046/4470 2710/3047/4470 2709/3048/4470
f 2762/3046/4470 2763/3049/4470 2710/3047/4470
f 2762/3050/4447 2768/3051/4447 2761/3052/4447
f 2762/3050/4447 2751/3053/4447 2768/3051/4447
f 2769/3054/4471 2768/3055/4471 2751/3056/4471
f 2769/3054/4471 2751/3056/4471 2765/3057/4471
f 2743/3058/4471 2765/3057/4471 2751/3056/4471
f 2765/3057/4471 2743/3058/4471 2770/3059/4471
f 2743/3058/4471 2751/3056/4471 2742/3060/4471
f 2746/3061/4471 2770/3059/4471 2743/3058/4471
f 2742/3060/4471 2751/3056/4471 2747/3062/4471
f 2747/3062/4471 2770/3059/4471 2746/3061/4471
f 2747/3062/4471 2751/3056/4471 2752/3063/4471
f 2747/3062/4471 2752/3063/4471 2770/3059/4471
f 2768/3064/4472 2764/3065/4472 2761/3066/4472
f 2768/3064/4472 2769/3067/4472 2764/3065/4472
f 2771/2974/4473 2773/2974/4473 2772/2974/4473
f 2771/2974/4473 2774/2974/4473 2773/2974/4473
f 2772/2974/4474 2776/2974/4474 2775/2974/4474
f 2772/2974/4474 2773/2974/4474 2776/2974/4474
f 2775/2974/4475 2733/2974/4475 2740/2974/4475
f 2775/2974/4475 2776/2974/4475 2733/2974/4475
f 2740/2974/4476 2774/2974/4476 2771/2974/4476
f 2740/2974/4476 2733/2974/4476 2774/2974/4476
f 2772/2974/4452 2740/2974/4452 2771/2974/4452
f 2772/2974/4452 2775/2974/4452 2740/2974/4452
f 2777/2974/4477 2779/2974/4477 2778/2974/4477
f 2777/2974/4477 2780/2974/4477 2779/2974/4477
f 2778/2974/4478 2782/2974/4478 2781/2974/4478
f 2778/2974/4478 2779/2974/4478 2782/2974/4478
f 2781/2974/4457 2784/2974/4457 2783/2974/4457
f 2781/2974/4457 2782/2974/4457 2784/2974/4457
f 2783/2974/4458 2780/2974/4458 2777/2974/4458
f 2783/2974/4458 2784/2974/4458 2780/2974/4458
f 2778/2974/4452 2783/2974/4452 2777/2974/4452
f 2778/2974/4452 2781/2974/4452 2783/2974/4452
f 2785/2974/4479 2787/2974/4479 2786/2974/4479
f 2785/2974/4479 2788/2974/4479 2787/2974/4479
f 2786/2974/4480 2790/2974/4480 2789/2974/4480
f 2786/2974/4480 2787/2974/4480 2790/2974/4480
f 2789/2974/4450 2792/2974/4450 2791/2974/4450
f 2789/2974/4450 2790/2974/4450 2792/2974/4450
f 2791/2974/4481 2788/2974/4481 2785/2974/4481
f 2791/2974/4481 2792/2974/4481 2788/2974/4481
f 2786/2974/4452 2791/2974/4452 2785/2974/4452
f 2786/2974/4452 2789/2974/4452 2791/2974/4452
f 2790/2974/4447 2788/2974/4447 2792/2974/4447
f 2790/2974/4447 2787/2974/4447 2788/2974/4447
f 2750/2991/4482 2744/3068/4482 2741/3069/4482
f 2748/3070/4482 2750/2991/4482 2741/3069/4482
f 2744/3068/4482 2750/2991/4482 2793/2974/4482
f 2750/2991/4482 2748/3070/4482 2749/3071/4482
f 2793/2974/4482 2745/3072/4482 2744/3068/4482
f 2749/3071/4482 2748/3070/4482 2745/3072/4482
f 2794/3073/4482 2745/3072/4482 2793/2974/4482
f 2745/3072/4482 2794/3073/4482 2749/3071/4482
f 2722/2991/4483 2715/3074/4483 2716/3075/4483
f 2722/2991/4483 2718/3076/4483 2715/3074/4483
f 2721/3077/4483 2722/2991/4483 2716/3075/4483
f 2718/3076/4483 2722/2991/4483 2795/2974/4483
f 2721/3077/4483 2716/3075/4483 2719/3078/4483
f 2795/2974/4483 2719/3078/4483 2718/3076/4483
f 2719/3078/4483 2796/3079/4483 2721/3077/4483
f 2796/3079/4483 2719/3078/4483 2795/2974/4483
f 2700/3080/4480 2698/3081/4480 2697/3082/4480
f 2696/3083/4480 2700/3080/4480 2697/3082/4480
f 2701/2991/4480 2698/3081/4480 2700/3080/4480
f 2696/3083/4480 2797/3084/4480 2700/3080/4480
f 2698/3081/4480 2701/2991/4480 2699/3085/4480
f 2797/3084/4480 2696/3083/4480 2702/2974/4480
f 2702/2974/4480 2699/3085/4480 2701/2991/4480
f 2699/3085/4480 2702/2974/4480 2696/3083/4480
f 2774/2974/4447 2776/2974/4447 2773/2974/4447
f 2774/2974/4447 2733/2974/4447 2776/2974/4447
f 2780/2974/4447 2782/2974/4447 2779/2974/4447
f 2782/2974/4447 2780/2974/4447 2784/2974/4447
usemtl Material__27_1
f 2798/3086/4484 2800/3087/4484 2799/3088/4484
f 2798/3086/4484 2801/3089/4484 2800/3087/4484
f 2802/3090/4485 2801/3087/4485 2798/3088/4485
f 2802/3090/4485 2803/3091/4485 2801/3087/4485
f 2804/3086/4486 2803/3087/4486 2802/3088/4486
f 2804/3086/4486 2805/3089/4486 2803/3087/4486
f 2799/3090/4487 2805/3087/4487 2804/3088/4487
f 2799/3090/4487 2800/3091/4487 2805/3087/4487
f 2801/3089/4447 2803/3091/4447 2800/3087/4447
f 2800/3087/4447 2803/3091/4447 2805/3089/4447
o Window1
v -18.626619 2.889608 -8.798834
v -18.626619 1.537608 -8.798835
v -8.675248 2.889608 -8.773456
v -8.675247 1.537607 -8.773457
v -18.626684 2.889608 -8.773834
v -18.626684 1.537607 -8.773834
v -8.675312 2.889608 -8.748456
v -8.675312 1.537607 -8.748456
vn 0.0026 -0.0000 -1.0000
vn -1.0000 -0.0000 -0.0026
vn -0.0000 1.0000 -0.0000
vn 1.0000 -0.0000 0.0026
vn -0.0000 -1.0000 -0.0000
vn -0.0026 -0.0000 1.0000
vt 0.000000 135.199997
vt -995.140747 135.199997
vt 0.000000 0.000000
vt -995.140747 0.000000
vt 2.500000 0.000000
vt 2.500000 135.199997
vt -0.000000 995.140747
vt 2.500000 995.140747
vt 995.140747 0.000000
vt 995.140747 135.199997
s 0
usemtl Material__28
f 2806/3092/4488 2808/3093/4488 2807/3094/4488
f 2807/3094/4488 2808/3093/4488 2809/3095/4488
f 2810/3094/4489 2806/3096/4489 2811/3092/4489
f 2811/3092/4489 2806/3096/4489 2807/3097/4489
f 2812/3094/4490 2808/3096/4490 2810/3098/4490
f 2810/3098/4490 2808/3096/4490 2806/3099/4490
f 2813/3094/4491 2809/3096/4491 2812/3092/4491
f 2812/3092/4491 2809/3096/4491 2808/3097/4491
f 2811/3094/4492 2807/3096/4492 2813/3098/4492
f 2813/3098/4492 2807/3096/4492 2809/3099/4492
f 2811/3094/4493 2813/3100/4493 2810/3092/4493
f 2810/3092/4493 2813/3100/4493 2812/3101/4493
o Window1Frame
v -2.063854 1.627566 -0.225014
v -2.063854 1.602566 -0.225014
v -1.103857 1.602566 -0.225007
v -1.103857 1.627566 -0.225007
v -1.103854 1.627566 -0.200007
v -1.128854 1.627566 -0.200007
v -1.128855 1.627566 -0.133007
v -2.038855 1.627566 -0.200013
v -2.038855 1.627566 -0.133013
v -2.063854 1.627566 -0.200014
v -1.168855 3.112566 -0.050007
v -1.168855 1.665566 -0.050007
v -1.168855 1.665566 -0.115008
v -1.168855 3.112566 -0.115008
v -2.038855 1.602566 -0.133013
v -2.038855 1.602566 -0.200013
v -2.063854 1.602566 -0.200014
v -1.128856 1.652254 -0.035007
v -2.038855 1.652254 -0.035013
v -2.038855 1.653566 -0.050014
v -1.128856 1.653566 -0.050008
v -1.128856 1.647311 -0.035007
v -2.038855 1.647311 -0.035013
v -1.128856 1.636375 0.037493
v -2.038855 1.636375 0.037487
v -2.038855 3.152566 -0.133013
v -1.128855 3.152567 -0.133007
v -1.128856 3.152567 -0.050008
v -2.038855 3.152566 -0.050014
v -1.998855 3.112566 -0.050013
v -1.998854 3.112566 -0.115013
v -1.188855 3.092567 -0.133008
v -1.978856 3.092566 -0.133012
v -1.978857 3.092567 -0.115013
v -1.188855 3.092567 -0.115007
v -1.103854 1.602566 -0.200007
v -1.128855 1.602566 -0.133007
v -1.128854 1.602566 -0.200007
v -2.038855 1.602566 0.037487
v -1.128856 1.602566 0.037493
v -1.188855 1.677566 -0.133008
v -1.188855 1.677567 -0.115007
v -1.978856 1.677567 -0.133012
v -1.978857 1.677567 -0.115013
v -1.998855 1.665566 -0.050013
v -1.998854 1.665566 -0.115013
vn -0.0000 -0.0000 -1.0000
vn -0.0000 1.0000 -0.0000
vn -1.0000 -0.0000 -0.0000
vn -0.0000 -0.0000 1.0000
vn -0.0000 0.9962 0.0871
vn -0.0000 0.9888 0.1492
vn -0.0000 -1.0000 -0.0000
vn -0.0000 -1.0000 0.0001
vn 1.0000 -0.0000 -0.0001
vn -0.0000 1.0000 -0.0001
vn 1.0000 -0.0000 -0.0000
vn 1.0000 -0.0000 0.0001
vn -0.0000 0.0001 1.0000
vn 0.0001 -0.0000 1.0000
vn -0.0000 -0.0001 1.0000
vt 2.500000 0.000000
vt 0.000000 96.000000
vt 0.000000 0.000000
vt 2.500000 96.000000
vt -0.000000 2.500000
vt -6.700000 2.500000
vt -0.000000 93.500000
vt -6.700000 93.500000
vt 144.699997 0.000000
vt 0.000000 6.500000
vt 144.699997 6.500000
vt 0.000000 6.700000
vt 2.500000 6.700000
vt 2.500000 93.500000
vt 91.000000 -0.000000
vt -0.000000 1.505730
vt 91.000000 1.505730
vt 0.000000 0.494270
vt 91.000000 0.494270
vt -0.000000 7.332017
vt 91.000000 7.332017
vt 0.000000 8.300000
vt 91.000000 8.300000
vt 83.000000 0.000000
vt 83.000000 6.500000
vt -0.000000 1.800000
vt 79.000000 -0.000000
vt 79.000000 1.800000
vt 2.500000 2.500000
vt 6.700000 93.500000
vt 6.700000 2.500000
vt -2.500000 96.000000
vt -2.500000 -0.000000
vt 0.000000 17.049999
vt 91.000000 17.049999
vt 1.200000 1.800000
vt 142.699997 0.000000
vt 142.699997 1.800000
vt 1.200000 0.000000
vt 0.000000 91.000000
vt 2.500000 91.000000
vt 6.000000 1.800000
vt 85.000000 0.000000
vt 85.000000 1.800000
vt 6.000000 -0.000000
vt 4.000000 6.500000
vt 87.000000 -0.000000
vt 87.000000 6.500000
vt 4.000000 -0.000000
vt -6.300000 0.000000
vt -2.919111 17.049999
vt -6.300000 17.049999
vt -1.825503 9.800000
vt -1.200000 8.300000
vt -1.331233 9.800000
vt 148.699997 0.000000
vt 148.699997 8.300000
vt 0.000000 3.380888
vt 91.000000 3.380888
vt 141.500000 0.000000
vt 141.500000 1.800000
vt 149.899994 8.300000
vt 150.525497 9.800000
vt 150.031235 9.800000
vt 155.000000 0.000000
vt 155.000000 17.049999
vt 151.619110 17.049999
vt -6.300000 -85.000000
vt 1.200000 -79.000000
vt -6.300000 6.000000
vt 148.699997 -85.000000
vt 142.699997 -79.000000
vt 148.699997 6.000000
vt 1.200000 2.000000
vt 142.699997 2.000000
vt 142.699997 81.000000
vt 144.699997 83.000000
vt 0.000000 83.000000
vt 1.200000 81.000000
vt -1.200000 91.000000
vt 0.000000 87.000000
vt 148.699997 91.000000
vt -1.200000 0.000000
vt 144.699997 87.000000
vt 0.000000 4.000000
vt 144.699997 4.000000
s 0
usemtl Material__31
f 2814/3102/4494 2816/3103/4494 2815/3104/4494
f 2814/3102/4494 2817/3105/4494 2816/3103/4494
f 2817/3102/4495 2819/3106/4495 2818/3104/4495
f 2819/3106/4495 2817/3102/4495 2814/3105/4495
f 2819/3106/4495 2814/3105/4495 2820/3107/4495
f 2820/3107/4495 2814/3105/4495 2821/3108/4495
f 2822/3109/4495 2820/3107/4495 2821/3108/4495
f 2821/3108/4495 2814/3105/4495 2823/3103/4495
f 2824/3110/4496 2826/3111/4496 2825/3104/4496
f 2824/3110/4496 2827/3112/4496 2826/3111/4496
f 2822/3102/4496 2829/3113/4496 2828/3104/4496
f 2822/3102/4496 2821/3114/4496 2829/3113/4496
f 2821/3115/4497 2830/3103/4497 2829/3108/4497
f 2821/3115/4497 2823/3105/4497 2830/3103/4497
f 2831/3116/4498 2833/3117/4498 2832/3104/4498
f 2831/3116/4498 2834/3118/4498 2833/3117/4498
f 2835/3116/4497 2832/3119/4497 2836/3104/4497
f 2835/3116/4497 2831/3120/4497 2832/3119/4497
f 2837/3116/4499 2836/3121/4499 2838/3104/4499
f 2837/3116/4499 2835/3122/4499 2836/3121/4499
f 2839/3116/4495 2841/3123/4495 2840/3104/4495
f 2839/3116/4495 2842/3124/4495 2841/3123/4495
f 2843/3125/4500 2827/3111/4500 2824/3104/4500
f 2843/3125/4500 2844/3126/4500 2827/3111/4500
f 2845/3127/4501 2847/3128/4501 2846/3129/4501
f 2845/3127/4500 2848/3104/4500 2847/3128/4500
f 2817/3102/4502 2849/3106/4502 2816/3104/4502
f 2817/3102/4502 2818/3130/4502 2849/3106/4502
f 2828/3131/4500 2829/3108/4500 2850/3132/4500
f 2815/3133/4500 2850/3132/4500 2829/3108/4500
f 2815/3133/4500 2829/3108/4500 2830/3103/4500
f 2815/3133/4500 2851/3106/4500 2850/3132/4500
f 2816/3134/4500 2851/3106/4500 2815/3133/4500
f 2851/3106/4500 2816/3134/4500 2849/3104/4500
f 2850/3116/4500 2852/3135/4500 2828/3104/4500
f 2850/3116/4500 2853/3136/4500 2852/3135/4500
f 2854/3137/4496 2848/3138/4496 2845/3139/4496
f 2854/3137/4496 2855/3140/4496 2848/3138/4496
f 2820/3102/4497 2828/3141/4497 2850/3104/4497
f 2820/3102/4497 2822/3142/4497 2828/3141/4497
f 2856/3143/4503 2855/3144/4503 2854/3145/4503
f 2856/3143/4495 2857/3146/4495 2855/3144/4495
f 2858/3110/4504 2844/3111/4504 2843/3104/4504
f 2858/3110/4504 2859/3112/4504 2844/3111/4504
f 2859/3147/4495 2825/3148/4495 2826/3149/4495
f 2859/3147/4495 2858/3150/4495 2825/3148/4495
f 2823/3102/4496 2815/3106/4496 2830/3104/4496
f 2823/3102/4496 2814/3130/4496 2815/3106/4496
f 2850/3151/4504 2837/3152/4504 2853/3153/4504
f 2837/3152/4504 2850/3151/4504 2835/3154/4504
f 2835/3154/4504 2850/3151/4504 2834/3155/4504
f 2834/3155/4504 2831/3156/4504 2835/3154/4504
f 2834/3155/4504 2850/3151/4504 2840/3157/4504
f 2840/3157/4504 2841/3158/4504 2834/3155/4504
f 2818/3102/4497 2851/3106/4497 2849/3104/4497
f 2818/3102/4497 2819/3130/4497 2851/3106/4497
f 2853/3116/4497 2838/3159/4497 2852/3104/4497
f 2853/3116/4497 2837/3160/4497 2838/3159/4497
f 2857/3161/4505 2846/3127/4505 2847/3104/4505
f 2857/3161/4505 2856/3162/4505 2846/3127/4505
f 2833/3163/4496 2836/3164/4496 2832/3165/4496
f 2828/3166/4496 2836/3164/4496 2833/3163/4496
f 2852/3167/4496 2836/3164/4496 2828/3166/4496
f 2836/3164/4496 2852/3167/4496 2838/3168/4496
f 2828/3166/4496 2833/3163/4496 2839/3104/4496
f 2839/3104/4496 2833/3163/4496 2842/3123/4496
f 2819/3102/4504 2850/3113/4504 2851/3104/4504
f 2819/3102/4504 2820/3114/4504 2850/3113/4504
f 2828/3169/4494 2856/3170/4494 2850/3171/4494
f 2856/3170/4494 2828/3169/4494 2839/3172/4494
f 2850/3171/4494 2856/3170/4494 2854/3140/4494
f 2856/3170/4494 2839/3172/4494 2846/3173/4494
f 2854/3140/4494 2840/3174/4494 2850/3171/4494
f 2846/3173/4494 2839/3172/4494 2840/3174/4494
f 2840/3174/4494 2854/3140/4494 2845/3138/4494
f 2846/3173/4494 2840/3174/4494 2845/3138/4494
f 2855/3175/4497 2827/3110/4497 2848/3176/4497
f 2848/3176/4506 2827/3110/4506 2847/3177/4506
f 2855/3175/4507 2826/3104/4507 2827/3110/4507
f 2847/3177/4497 2827/3110/4497 2844/3178/4497
f 2826/3104/4508 2855/3175/4508 2859/3179/4508
f 2844/3178/4497 2857/3180/4497 2847/3177/4497
f 2844/3178/4497 2859/3179/4497 2857/3180/4497
f 2857/3180/4497 2859/3179/4497 2855/3175/4497
f 2833/3181/4497 2858/3182/4497 2842/3183/4497
f 2858/3182/4508 2833/3181/4508 2834/3184/4508
f 2842/3183/4497 2858/3182/4497 2843/3185/4497
f 2834/3184/4508 2825/3186/4508 2858/3182/4508
f 2824/3187/4497 2842/3183/4497 2843/3185/4497
f 2825/3186/4497 2834/3184/4497 2841/3157/4497
f 2825/3186/4497 2841/3157/4497 2824/3187/4497
f 2824/3187/4497 2841/3157/4497 2842/3183/4497
o Window1Glass
v -1.198856 3.082567 -0.062008
v -1.198856 1.695566 -0.062008
v -1.968855 3.082567 -0.062012
v -1.968855 1.695566 -0.062012
v -1.198856 3.082567 -0.086008
v -1.198856 1.695566 -0.086008
v -1.968855 3.082566 -0.086012
v -1.968855 1.695566 -0.086012
vn -0.0000 -0.0000 1.0000
vn 1.0000 -0.0000 -0.0000
vn -0.0000 1.0000 -0.0000
vn -1.0000 -0.0000 -0.0000
vn -0.0000 -1.0000 -0.0000
vn -0.0000 -0.0000 -1.0000
vt 77.000000 138.699997
vt 0.000000 138.699997
vt 77.000000 0.000000
vt 0.000000 0.000000
vt 2.400000 0.000000
vt 2.400000 138.699997
vt -0.000000 77.000000
vt 2.400000 77.000000
vt -77.000000 0.000000
vt -77.000000 138.699997
s 0
usemtl Material__28
f 2860/3188/4509 2862/3189/4509 2861/3190/4509
f 2861/3190/4509 2862/3189/4509 2863/3191/4509
f 2864/3191/4510 2860/3192/4510 2865/3189/4510
f 2865/3189/4510 2860/3192/4510 2861/3193/4510
f 2866/3191/4511 2862/3192/4511 2864/3194/4511
f 2864/3194/4511 2862/3192/4511 2860/3195/4511
f 2867/3191/4512 2863/3192/4512 2866/3189/4512
f 2866/3189/4512 2863/3192/4512 2862/3193/4512
f 2865/3191/4513 2861/3192/4513 2867/3194/4513
f 2867/3194/4513 2861/3192/4513 2863/3195/4513
f 2865/3196/4514 2867/3191/4514 2864/3197/4514
f 2864/3197/4514 2867/3191/4514 2866/3189/4514
o Window1Openable
v -1.958854 1.705566 -0.100519
v -1.208854 1.705566 -0.100514
v -1.208856 1.705566 -0.086008
v -1.958856 1.705566 -0.086012
v -1.158857 3.122566 -0.044234
v -2.008855 3.122566 -0.044239
v -2.008855 3.122566 -0.050013
v -1.158855 3.122566 -0.050008
v -1.158857 1.655566 -0.044234
v -1.158855 1.655566 -0.050007
v -2.008855 1.655566 -0.044239
v -2.008855 1.655566 -0.050013
v -1.958854 3.072566 -0.100519
v -1.958856 3.072567 -0.086012
v -1.998856 3.112566 -0.050013
v -1.998856 1.665566 -0.050013
v -1.998854 1.665566 -0.115013
v -1.998854 3.112566 -0.115013
v -1.169639 3.111781 -0.038460
v -1.998072 3.111782 -0.038466
v -1.208855 3.072566 -0.044234
v -1.958856 3.072566 -0.044239
v -1.976302 3.090012 -0.038466
v -1.191410 3.090012 -0.038461
v -1.168856 3.112566 -0.050007
v -1.168855 3.112566 -0.115008
v -1.208854 3.072567 -0.100514
v -1.208856 3.072567 -0.086008
v -1.198855 3.082566 -0.086008
v -1.968855 3.082566 -0.086012
v -1.968855 3.082566 -0.062012
v -1.198855 3.082566 -0.062008
v -1.998073 1.666351 -0.038466
v -1.169639 1.666351 -0.038460
v -1.208856 1.705566 -0.062008
v -1.208856 3.072567 -0.062008
v -1.208855 1.705566 -0.044234
v -1.968855 1.695566 -0.086012
v -1.198855 1.695566 -0.086008
v -1.198855 1.695566 -0.062008
v -1.968855 1.695566 -0.062012
v -1.191410 1.688120 -0.038461
v -1.958856 3.072566 -0.062013
v -1.958856 1.705566 -0.062012
v -1.958856 1.705566 -0.044239
v -1.168856 1.665566 -0.050007
v -1.168855 1.665566 -0.115008
v -1.969003 1.695418 -0.115013
v -1.198706 1.695418 -0.115008
v -1.976301 1.688120 -0.038466
v -1.198706 3.082715 -0.115008
v -1.969003 3.082715 -0.115013
vn -0.0000 1.0000 -0.0000
vn -0.0000 1.0000 -0.0001
vn 1.0000 -0.0000 0.0004
vn -1.0000 -0.0000 -0.0000
vn 1.0000 -0.0000 0.0001
vn -0.0000 0.4720 0.8816
vn -0.0000 -0.3142 0.9494
vn -0.0000 -0.3141 0.9494
vn -0.0000 -1.0000 0.0001
vn -0.0000 -1.0000 -0.0000
vn -0.0000 -0.4720 0.8816
vn -0.0000 -0.4719 0.8816
vn 0.4721 -0.0000 0.8816
vn -1.0000 -0.0000 0.0001
vn -1.0000 -0.0000 -0.0001
vn -0.3142 -0.0000 0.9494
vn 1.0000 -0.0000 -0.0000
vn -0.4720 -0.0000 0.8816
vn -0.0000 0.8192 -0.5735
vn 0.3142 -0.0000 0.9494
vn -0.0000 0.3142 0.9494
vn -0.8192 -0.0000 -0.5735
vn -0.0000 -0.8191 -0.5736
vn -0.0000 -0.8192 -0.5736
vn 0.8191 -0.0000 -0.5736
vn -0.0000 -0.0000 1.0000
vn -0.0000 -0.0000 -1.0000
vn -0.0000 -0.0001 -1.0000
vn -0.0001 -0.0000 -1.0000
vn -0.0000 0.0001 -1.0000
vt 75.000000 -3.850710
vt -0.000000 -2.400000
vt 0.000000 -3.850710
vt 75.000000 -2.400000
vt 85.000000 -0.000000
vt 0.000000 0.577350
vt 0.000000 0.000000
vt 85.000000 0.577350
vt 146.699997 0.000000
vt 146.699997 0.577350
vt 136.699997 -3.850710
vt 136.699997 -2.400000
vt 144.699997 0.000000
vt 0.000000 6.500000
vt 144.699997 6.500000
vt 82.843079 0.000000
vt -1.078461 1.223279
vt 83.921539 1.223279
vt 75.000000 -0.000000
vt -1.744576 1.837628
vt 76.744576 1.837628
vt 83.000000 -0.000000
vt 83.000000 6.500000
vt 77.000000 -0.000000
vt -0.000000 2.400000
vt 77.000000 2.400000
vt 144.543076 0.000000
vt 145.621536 1.223279
vt 136.699997 0.000000
vt 0.000000 1.777350
vt 136.699997 1.777350
vt 138.444580 1.837628
vt 138.699997 0.000000
vt 138.699997 2.400000
vt 75.000000 1.777350
vt 77.029610 -0.000000
vt 1.014804 1.769256
vt 76.014801 1.769256
vt 138.729614 0.000000
vt 137.714798 1.769256
vt -2.176964 -142.366119
vt 0.000000 -140.189148
vt 78.489151 -140.189148
vt -2.176964 2.176964
vt 80.666115 -142.366119
vt 80.666115 2.176964
vt 78.489151 0.000000
vt 0.000000 -136.699997
vt -1.000000 1.000000
vt -1.000000 -137.699997
vt 76.000000 -137.699997
vt 75.000000 -136.699997
vt 76.000000 1.000000
vt 1.000000 145.699997
vt 1.000000 1.000000
vt 84.000000 1.000000
vt 0.000000 146.699997
vt 85.000000 146.699997
vt 84.000000 145.699997
vt 83.000000 144.699997
vt 80.014801 141.714798
vt 0.000000 144.699997
vt 80.014801 2.985196
vt 2.985196 141.714798
vt 2.985196 2.985196
vt 1.000000 137.699997
vt 0.000000 138.699997
vt 76.000000 137.699997
vt 77.000000 138.699997
s 0
usemtl Material__31
f 2868/3198/4515 2870/3199/4515 2869/3200/4515
f 2868/3198/4515 2871/3201/4515 2870/3199/4515
f 2872/3202/4515 2874/3203/4515 2873/3204/4515
f 2872/3202/4516 2875/3205/4516 2874/3203/4516
f 2876/3206/4517 2875/3203/4517 2872/3204/4517
f 2876/3206/4517 2877/3207/4517 2875/3203/4517
f 2873/3206/4518 2879/3203/4518 2878/3204/4518
f 2873/3206/4518 2874/3207/4518 2879/3203/4518
f 2880/3208/4519 2871/3199/4519 2868/3200/4519
f 2880/3208/4519 2881/3209/4519 2871/3199/4519
f 2882/3210/4518 2884/3211/4518 2883/3204/4518
f 2882/3210/4518 2885/3212/4518 2884/3211/4518
f 2886/3213/4520 2873/3214/4520 2887/3204/4520
f 2886/3213/4520 2872/3215/4520 2873/3214/4520
f 2888/3216/4521 2890/3217/4521 2889/3204/4521
f 2888/3216/4522 2891/3218/4522 2890/3217/4522
f 2892/3219/4515 2885/3211/4515 2882/3204/4515
f 2892/3219/4515 2893/3220/4515 2885/3211/4515
f 2894/3198/4523 2881/3199/4523 2880/3200/4523
f 2894/3198/4524 2895/3201/4524 2881/3199/4524
f 2896/3221/4524 2898/3222/4524 2897/3204/4524
f 2896/3221/4524 2899/3223/4524 2898/3222/4524
f 2900/3213/4525 2876/3214/4525 2901/3204/4525
f 2900/3213/4526 2878/3215/4526 2876/3214/4526
f 2901/3224/4527 2872/3214/4527 2886/3204/4527
f 2901/3224/4527 2876/3225/4527 2872/3214/4527
f 2902/3226/4528 2888/3227/4528 2903/3204/4528
f 2902/3226/4528 2904/3228/4528 2888/3227/4528
f 2905/3221/4515 2907/3222/4515 2906/3204/4515
f 2905/3221/4515 2908/3223/4515 2907/3222/4515
f 2869/3208/4529 2895/3199/4529 2894/3200/4529
f 2869/3208/4529 2870/3209/4529 2895/3199/4529
f 2904/3226/4530 2891/3217/4530 2888/3204/4530
f 2904/3226/4530 2909/3229/4530 2891/3217/4530
f 2897/3230/4531 2908/3222/4531 2905/3204/4531
f 2897/3230/4531 2898/3231/4531 2908/3222/4531
f 2903/3216/4524 2889/3227/4524 2910/3204/4524
f 2903/3216/4524 2888/3232/4524 2889/3227/4524
f 2878/3202/4524 2877/3203/4524 2876/3204/4524
f 2878/3202/4524 2879/3205/4524 2877/3203/4524
f 2910/3226/4531 2912/3227/4531 2911/3204/4531
f 2910/3226/4531 2889/3228/4531 2912/3227/4531
f 2911/3216/4515 2904/3227/4515 2902/3204/4515
f 2911/3216/4515 2912/3232/4515 2904/3227/4515
f 2913/3210/4531 2893/3211/4531 2892/3204/4531
f 2913/3210/4531 2914/3212/4531 2893/3211/4531
f 2887/3224/4532 2878/3214/4532 2900/3204/4532
f 2887/3224/4532 2873/3225/4532 2878/3214/4532
f 2915/3233/4533 2869/3234/4533 2916/3204/4533
f 2915/3233/4533 2868/3235/4533 2869/3234/4533
f 2889/3226/4534 2917/3217/4534 2912/3204/4534
f 2889/3226/4534 2890/3229/4534 2917/3217/4534
f 2906/3230/4518 2899/3222/4518 2896/3204/4518
f 2906/3230/4518 2907/3231/4518 2899/3222/4518
f 2912/3216/4535 2909/3217/4535 2904/3204/4535
f 2912/3216/4535 2917/3218/4535 2909/3217/4535
f 2916/3236/4536 2894/3234/4536 2918/3204/4536
f 2916/3236/4536 2869/3237/4536 2894/3234/4536
f 2918/3233/4537 2880/3234/4537 2919/3204/4537
f 2918/3233/4538 2894/3235/4538 2880/3234/4538
f 2883/3219/4524 2914/3211/4524 2913/3204/4524
f 2883/3219/4524 2884/3220/4524 2914/3211/4524
f 2919/3236/4539 2868/3234/4539 2915/3204/4539
f 2919/3236/4539 2880/3237/4539 2868/3234/4539
f 2900/3238/4540 2917/3239/4540 2890/3204/4540
f 2917/3239/4540 2900/3238/4540 2909/3240/4540
f 2890/3204/4540 2887/3241/4540 2900/3238/4540
f 2901/3242/4540 2909/3240/4540 2900/3238/4540
f 2887/3241/4540 2890/3204/4540 2886/3243/4540
f 2909/3240/4540 2901/3242/4540 2886/3243/4540
f 2886/3243/4540 2890/3204/4540 2891/3244/4540
f 2909/3240/4540 2886/3243/4540 2891/3244/4540
f 2871/3245/4540 2897/3246/4540 2905/3247/4540
f 2871/3245/4540 2905/3247/4540 2906/3248/4540
f 2897/3246/4540 2871/3245/4540 2881/3204/4540
f 2871/3245/4540 2906/3248/4540 2870/3249/4540
f 2881/3204/4540 2896/3250/4540 2897/3246/4540
f 2896/3250/4540 2870/3249/4540 2906/3248/4540
f 2895/3216/4540 2896/3250/4540 2881/3204/4540
f 2870/3249/4540 2896/3250/4540 2895/3216/4540
f 2883/3251/4541 2874/3204/4541 2882/3252/4541
f 2882/3252/4541 2874/3204/4541 2892/3253/4541
f 2883/3251/4541 2879/3254/4541 2874/3204/4541
f 2892/3253/4542 2874/3204/4542 2875/3202/4542
f 2879/3254/4541 2883/3251/4541 2877/3255/4541
f 2892/3253/4543 2875/3202/4543 2877/3255/4543
f 2913/3256/4541 2877/3255/4541 2883/3251/4541
f 2892/3253/4541 2877/3255/4541 2913/3256/4541
f 2914/3257/4541 2916/3258/4541 2893/3219/4541
f 2916/3258/4541 2914/3257/4541 2884/3259/4541
f 2893/3219/4541 2916/3258/4541 2918/3260/4541
f 2916/3258/4541 2884/3259/4541 2915/3261/4541
f 2919/3262/4541 2893/3219/4541 2918/3260/4541
f 2885/3204/4541 2915/3261/4541 2884/3259/4541
f 2919/3262/4541 2885/3204/4541 2893/3219/4541
f 2915/3261/4541 2885/3204/4541 2919/3262/4541
f 2911/3263/4543 2898/3204/4543 2910/3252/4543
f 2910/3252/4544 2898/3204/4544 2903/3250/4544
f 2898/3204/4541 2911/3263/4541 2908/3264/4541
f 2899/3221/4541 2903/3250/4541 2898/3204/4541
f 2908/3264/4541 2911/3263/4541 2902/3265/4541
f 2899/3221/4541 2902/3265/4541 2903/3250/4541
f 2908/3264/4541 2902/3265/4541 2907/3266/4541
f 2902/3265/4541 2899/3221/4541 2907/3266/4541
o Window2
v -21.729477 2.867608 -18.948393
v -21.729477 1.548607 -18.948391
v -20.404783 2.867608 -18.942883
v -20.404781 1.548607 -18.942883
v -21.729582 2.867608 -18.923393
v -21.729582 1.548608 -18.923391
v -20.404888 2.867608 -18.917881
v -20.404886 1.548607 -18.917881
vn 0.0042 -0.0000 -1.0000
vn -1.0000 -0.0000 -0.0042
vn -0.0000 1.0000 -0.0000
vn 1.0000 -0.0000 0.0042
vn -0.0000 -1.0000 0.0001
vn -0.0000 -1.0000 -0.0000
vn -0.0042 -0.0000 1.0000
vt 0.000000 131.899994
vt -132.470673 131.899994
vt 0.000000 0.000000
vt -132.470673 0.000000
vt 2.500000 0.000000
vt 2.500000 131.899994
vt 0.000000 132.470673
vt 2.500000 132.470673
vt 132.470673 0.000000
vt 132.470673 131.899994
s 0
usemtl Material__28
f 2920/3267/4545 2922/3268/4545 2921/3269/4545
f 2921/3269/4545 2922/3268/4545 2923/3270/4545
f 2924/3269/4546 2920/3271/4546 2925/3267/4546
f 2925/3267/4546 2920/3271/4546 2921/3272/4546
f 2926/3269/4547 2922/3271/4547 2924/3273/4547
f 2924/3273/4547 2922/3271/4547 2920/3274/4547
f 2927/3269/4548 2923/3271/4548 2926/3267/4548
f 2926/3267/4548 2923/3271/4548 2922/3272/4548
f 2925/3269/4549 2921/3271/4549 2927/3273/4549
f 2927/3273/4550 2921/3271/4550 2923/3274/4550
f 2925/3269/4551 2927/3275/4551 2924/3267/4551
f 2924/3267/4551 2927/3275/4551 2926/3276/4551
o Window2Frame
v -7.176443 3.110000 -0.049337
v -7.176432 3.110000 -0.114337
v -8.006444 3.110000 -0.049499
v -8.006431 3.110001 -0.114498
v -8.006444 1.663000 -0.049499
v -8.006431 1.663000 -0.114498
v -7.176432 1.663000 -0.114337
v -7.176443 1.663000 -0.049337
v -8.046446 1.649688 -0.034507
v -8.046443 1.651000 -0.049505
v -7.136446 1.649688 -0.034331
v -7.136445 1.651000 -0.049329
v -8.046446 1.644745 -0.034507
v -7.136446 1.644745 -0.034331
v -8.046461 1.633809 0.037995
v -7.136461 1.633809 0.038171
v -8.046461 1.600000 0.037995
v -7.136461 1.600000 0.038171
v -7.196428 3.090001 -0.132342
v -7.196432 3.090001 -0.114342
v -7.196429 1.675000 -0.132342
v -7.196432 1.675000 -0.114341
v -7.986428 1.675000 -0.132494
v -7.986432 1.675000 -0.114494
v -7.986432 3.090000 -0.114494
v -7.986427 3.090000 -0.132494
v -7.136427 1.600000 -0.132329
v -7.136427 3.150000 -0.132329
v -7.136444 3.150000 -0.049329
v -8.046429 3.150000 -0.132505
v -8.046443 3.150000 -0.049505
v -8.046428 1.600000 -0.132505
v -7.111411 1.625000 -0.224325
v -7.111415 1.625000 -0.199325
v -7.136414 1.625000 -0.199331
v -8.046413 1.625000 -0.199507
v -8.071411 1.625000 -0.224510
v -8.071415 1.625000 -0.199511
v -8.046428 1.625000 -0.132505
v -7.136427 1.625000 -0.132329
v -8.071411 1.600000 -0.224510
v -7.111411 1.600000 -0.224325
v -8.071415 1.600000 -0.199511
v -8.046413 1.600000 -0.199507
v -7.136414 1.600000 -0.199331
v -7.111415 1.600000 -0.199325
vn -0.0000 -1.0000 -0.0000
vn 1.0000 -0.0000 0.0002
vn -0.0000 1.0000 -0.0000
vn -1.0000 -0.0000 -0.0002
vn -0.0000 0.9962 0.0872
vn -0.0000 0.9962 0.0871
vn -0.0002 -0.0000 1.0000
vn -0.0000 0.9888 0.1492
vn 1.0000 -0.0000 0.0003
vn 1.0000 0.0002 0.0001
vn 1.0000 -0.0000 0.0001
vn -1.0000 -0.0002 -0.0002
vn 0.0002 -0.0000 -1.0000
vn -0.0002 0.0001 1.0000
vn -0.0001 -0.0000 1.0000
vn -0.0002 -0.0001 1.0000
vn -0.0003 -0.0000 1.0000
vt 0.000000 0.000000
vt 83.000000 -0.000000
vt -0.000000 6.500000
vt 83.000000 6.500000
vt 144.699997 0.000000
vt 144.699997 6.500000
vt 87.000000 6.500000
vt 4.000000 6.500000
vt 87.000000 0.000000
vt 4.000000 0.000000
vt 91.000000 -0.000000
vt 0.000000 1.505730
vt 91.000000 1.505730
vt 0.000000 0.494270
vt 91.000000 0.494270
vt -0.000000 7.332017
vt 91.000000 7.332017
vt 0.000000 3.380888
vt 91.000000 3.380888
vt 142.699997 1.800000
vt 1.200000 1.800000
vt 142.699997 0.000000
vt 1.200000 0.000000
vt 85.000000 1.800000
vt 6.000000 1.800000
vt 85.000000 -0.000000
vt 6.000000 -0.000000
vt 141.500000 0.000000
vt 0.000000 1.800000
vt 141.500000 1.800000
vt 79.000000 1.800000
vt 79.000000 0.000000
vt -6.300000 17.049999
vt -1.825503 9.800000
vt -2.919111 17.049999
vt -6.300000 0.000000
vt -1.200000 8.300000
vt -1.331233 9.800000
vt 148.699997 0.000000
vt 148.699997 8.300000
vt 0.000000 8.300000
vt 91.000000 8.300000
vt 149.899994 8.300000
vt 155.000000 0.000000
vt 150.525497 9.800000
vt 150.031235 9.800000
vt 155.000000 17.049999
vt 151.619110 17.049999
vt 0.000000 17.049999
vt 91.000000 17.049999
vt 2.500000 0.000000
vt -0.000000 2.500000
vt -0.000000 93.500000
vt 2.500000 96.000000
vt -0.000000 96.000000
vt -6.700000 93.500000
vt -6.700000 2.500000
vt 0.000000 96.000000
vt 2.500000 2.500000
vt 0.000000 93.500000
vt 2.500000 93.500000
vt 0.000000 6.700000
vt 2.500000 6.700000
vt 0.000000 91.000000
vt 2.500000 91.000000
vt -2.500000 0.000000
vt -2.500000 96.000000
vt 6.700000 2.500000
vt 6.700000 93.500000
vt 1.200000 -79.000000
vt 148.699997 -85.000000
vt 142.699997 -79.000000
vt -6.300000 -85.000000
vt 148.699997 6.000000
vt -6.300000 6.000000
vt -1.200000 0.000000
vt 144.699997 4.000000
vt 0.000000 4.000000
vt 0.000000 87.000000
vt -1.200000 91.000000
vt 144.699997 87.000000
vt 148.699997 91.000000
vt 144.699997 83.000000
vt 142.699997 81.000000
vt 0.000000 83.000000
vt 142.699997 2.000000
vt 1.200000 81.000000
vt 1.200000 2.000000
s 0
usemtl Material__31
f 2928/3277/4552 2930/3278/4552 2929/3279/4552
f 2929/3279/4552 2930/3278/4552 2931/3280/4552
f 2930/3277/4553 2932/3281/4553 2931/3279/4553
f 2931/3279/4553 2932/3281/4553 2933/3282/4553
f 2934/3283/4554 2933/3284/4554 2935/3285/4554
f 2935/3285/4554 2933/3284/4554 2932/3286/4554
f 2935/3277/4555 2928/3281/4555 2934/3279/4555
f 2934/3279/4555 2928/3281/4555 2929/3282/4555
f 2936/3277/4556 2938/3287/4556 2937/3288/4556
f 2937/3288/4557 2938/3287/4557 2939/3289/4557
f 2940/3277/4558 2941/3287/4558 2936/3290/4558
f 2936/3290/4558 2941/3287/4558 2938/3291/4558
f 2942/3277/4559 2943/3287/4559 2940/3292/4559
f 2940/3292/4559 2943/3287/4559 2941/3293/4559
f 2944/3277/4558 2945/3287/4558 2942/3294/4558
f 2942/3294/4558 2945/3287/4558 2943/3295/4558
f 2946/3296/4555 2948/3297/4555 2947/3298/4555
f 2947/3298/4555 2948/3297/4555 2949/3299/4555
f 2948/3300/4554 2950/3301/4554 2949/3302/4554
f 2949/3302/4554 2950/3301/4554 2951/3303/4554
f 2952/3277/4560 2951/3304/4560 2953/3305/4560
f 2953/3305/4553 2951/3304/4553 2950/3306/4553
f 2953/3307/4552 2946/3305/4552 2952/3308/4552
f 2952/3308/4552 2946/3305/4552 2947/3277/4552
f 2945/3309/4553 2941/3310/4553 2943/3311/4553
f 2954/3312/4553 2941/3310/4553 2945/3309/4553
f 2954/3312/4561 2939/3313/4561 2941/3310/4561
f 2939/3313/4562 2938/3314/4562 2941/3310/4562
f 2955/3315/4553 2939/3313/4553 2954/3312/4553
f 2955/3315/4553 2956/3316/4553 2939/3313/4553
f 2955/3277/4554 2957/3287/4554 2956/3317/4554
f 2956/3317/4554 2957/3287/4554 2958/3318/4554
f 2958/3317/4555 2957/3277/4555 2937/3319/4555
f 2937/3319/4555 2957/3277/4555 2959/3320/4555
f 2937/3319/4563 2959/3320/4563 2940/3321/4563
f 2940/3321/4555 2936/3322/4555 2937/3319/4555
f 2940/3321/4555 2959/3320/4555 2944/3323/4555
f 2940/3321/4555 2944/3323/4555 2942/3324/4555
f 2959/3277/4552 2954/3287/4552 2944/3325/4552
f 2944/3325/4552 2954/3287/4552 2945/3326/4552
f 2960/3327/4554 2962/3328/4554 2961/3277/4554
f 2960/3327/4554 2963/3329/4554 2962/3328/4554
f 2964/3330/4554 2963/3329/4554 2960/3327/4554
f 2964/3330/4554 2965/3331/4554 2963/3329/4554
f 2963/3329/4554 2966/3332/4554 2962/3328/4554
f 2962/3328/4554 2966/3332/4554 2967/3333/4554
f 2968/3277/4564 2964/3327/4564 2969/3334/4564
f 2969/3334/4564 2964/3327/4564 2960/3330/4564
f 2970/3277/4555 2965/3327/4555 2968/3328/4555
f 2968/3328/4555 2965/3327/4555 2964/3335/4555
f 2971/3336/4558 2963/3337/4558 2970/3334/4558
f 2970/3334/4558 2963/3337/4558 2965/3330/4558
f 2959/3277/4555 2966/3327/4555 2971/3338/4555
f 2971/3338/4555 2966/3327/4555 2963/3339/4555
f 2954/3277/4558 2967/3327/4558 2959/3340/4558
f 2959/3340/4558 2967/3327/4558 2966/3341/4558
f 2972/3277/4553 2962/3327/4553 2954/3338/4553
f 2954/3338/4553 2962/3327/4553 2967/3339/4553
f 2973/3277/4558 2961/3327/4558 2972/3328/4558
f 2972/3328/4558 2961/3327/4558 2962/3335/4558
f 2969/3277/4553 2960/3327/4553 2973/3328/4553
f 2973/3328/4553 2960/3327/4553 2961/3335/4553
f 2973/3277/4552 2972/3328/4552 2969/3342/4552
f 2969/3342/4552 2972/3328/4552 2971/3329/4552
f 2969/3342/4552 2971/3329/4552 2968/3343/4552
f 2968/3343/4552 2971/3329/4552 2970/3331/4552
f 2972/3328/4552 2954/3344/4552 2971/3329/4552
f 2971/3329/4552 2954/3344/4552 2959/3345/4552
f 2950/3346/4564 2957/3347/4564 2953/3348/4564
f 2953/3348/4564 2957/3347/4564 2946/3298/4564
f 2950/3346/4564 2959/3349/4564 2957/3347/4564
f 2946/3298/4564 2957/3347/4564 2955/3350/4564
f 2948/3299/4564 2959/3349/4564 2950/3346/4564
f 2946/3298/4564 2955/3350/4564 2948/3299/4564
f 2948/3299/4564 2954/3351/4564 2959/3349/4564
f 2955/3350/4564 2954/3351/4564 2948/3299/4564
f 2939/3352/4558 2928/3353/4558 2935/3354/4558
f 2939/3352/4558 2935/3354/4558 2932/3355/4558
f 2956/3315/4558 2928/3353/4558 2939/3352/4558
f 2932/3355/4565 2937/3356/4565 2939/3352/4565
f 2928/3353/4558 2956/3315/4558 2930/3357/4558
f 2930/3357/4566 2937/3356/4566 2932/3355/4566
f 2930/3357/4558 2956/3315/4558 2958/3358/4558
f 2930/3357/4558 2958/3358/4558 2937/3356/4558
f 2931/3359/4558 2952/3360/4558 2929/3281/4558
f 2931/3359/4558 2933/3361/4558 2952/3360/4558
f 2929/3281/4567 2952/3360/4567 2947/3362/4567
f 2952/3360/4558 2933/3361/4558 2951/3363/4558
f 2929/3281/4568 2947/3362/4568 2934/3277/4568
f 2951/3363/4558 2933/3361/4558 2934/3277/4558
f 2934/3277/4558 2947/3362/4558 2949/3364/4558
f 2934/3277/4558 2949/3364/4558 2951/3363/4558
o Window2Glass
v -7.206444 3.080000 -0.061344
v -7.206444 1.693000 -0.061344
v -7.976445 3.080000 -0.061493
v -7.976445 1.693000 -0.061493
v -7.206439 3.080000 -0.085344
v -7.206439 1.693000 -0.085344
v -7.976441 3.080000 -0.085493
v -7.976441 1.693000 -0.085493
vn -0.0002 -0.0000 1.0000
vn 1.0000 -0.0000 0.0002
vn -0.0000 1.0000 -0.0000
vn -1.0000 -0.0000 -0.0002
vn -0.0000 -1.0000 -0.0000
vn 0.0002 -0.0000 -1.0000
vt 77.000000 138.699997
vt 0.000000 138.699997
vt 77.000000 0.000000
vt 0.000000 0.000000
vt 2.400000 0.000000
vt 2.400000 138.699997
vt -0.000000 77.000000
vt 2.400000 77.000000
vt -77.000000 0.000000
vt -77.000000 138.699997
s 0
usemtl Material__28
f 2974/3365/4569 2976/3366/4569 2975/3367/4569
f 2975/3367/4569 2976/3366/4569 2977/3368/4569
f 2978/3368/4570 2974/3369/4570 2979/3366/4570
f 2979/3366/4570 2974/3369/4570 2975/3370/4570
f 2980/3368/4571 2976/3369/4571 2978/3371/4571
f 2978/3371/4571 2976/3369/4571 2974/3372/4571
f 2981/3368/4572 2977/3369/4572 2980/3366/4572
f 2980/3366/4572 2977/3369/4572 2976/3370/4572
f 2979/3368/4573 2975/3369/4573 2981/3371/4573
f 2981/3371/4573 2975/3369/4573 2977/3372/4573
f 2979/3373/4574 2981/3368/4574 2978/3374/4574
f 2978/3374/4574 2981/3368/4574 2980/3366/4574
o Window2Openable
v -7.206438 3.080001 -0.085343
v -7.206443 3.080000 -0.061344
v -7.206438 1.693000 -0.085343
v -7.206443 1.693000 -0.061344
v -7.976440 3.080000 -0.085493
v -7.976444 3.080000 -0.061493
v -7.976440 1.693000 -0.085493
v -7.976444 1.693000 -0.061493
v -7.216434 3.070001 -0.099853
v -7.216438 3.070001 -0.085345
v -7.216434 1.703000 -0.099853
v -7.216438 1.703000 -0.085345
v -7.966435 1.703000 -0.099997
v -7.966439 1.703000 -0.085491
v -7.966435 3.070000 -0.099997
v -7.966439 3.070001 -0.085491
v -7.206285 3.080149 -0.114343
v -7.206284 1.692852 -0.114343
v -7.976582 1.692852 -0.114493
v -7.976582 3.080149 -0.114493
v -7.216443 3.070001 -0.061346
v -7.216445 3.070001 -0.043573
v -7.216443 1.703000 -0.061346
v -7.216445 1.703000 -0.043573
v -7.966444 3.070000 -0.061490
v -7.966446 3.070000 -0.043718
v -7.966444 1.703000 -0.061490
v -7.966446 1.703000 -0.043718
v -7.199002 3.087446 -0.037794
v -7.199002 1.685554 -0.037794
v -7.983895 3.087446 -0.037947
v -7.983895 1.685554 -0.037947
v -8.005664 1.663785 -0.037950
v -8.016447 1.653000 -0.043727
v -8.005664 3.109216 -0.037950
v -8.016447 3.120000 -0.043727
v -7.176445 3.110000 -0.049337
v -7.176434 3.110000 -0.114337
v -7.176445 1.663000 -0.049337
v -7.176434 1.663000 -0.114337
v -8.006446 1.663000 -0.049499
v -8.006433 1.663000 -0.114498
v -8.006446 3.110000 -0.049499
v -8.006433 3.110000 -0.114498
v -7.177233 1.663785 -0.037791
v -7.166448 1.653000 -0.043562
v -7.177233 3.109216 -0.037791
v -7.166448 3.120000 -0.043562
v -8.016447 1.653000 -0.049500
v -8.016447 3.120000 -0.049500
v -7.166446 1.653000 -0.049335
v -7.166446 3.120000 -0.049335
vn -1.0000 -0.0000 -0.0002
vn -0.0000 -1.0000 -0.0000
vn 1.0000 -0.0000 0.0002
vn -0.0000 1.0000 -0.0000
vn -1.0000 -0.0000 -0.0003
vn 1.0000 -0.0000 0.0003
vn -0.8191 -0.0000 -0.5737
vn -0.8190 -0.0000 -0.5737
vn 0.0001 0.8191 -0.5736
vn 0.0001 0.8192 -0.5735
vn 0.8192 -0.0000 -0.5735
vn 0.0001 -0.8191 -0.5736
vn -1.0000 -0.0000 -0.0001
vn 1.0000 -0.0000 0.0001
vn -0.3145 -0.0000 0.9493
vn -0.0002 -0.3142 0.9493
vn -0.0002 -0.3143 0.9493
vn 0.3140 -0.0000 0.9494
vn -0.0002 0.3143 0.9493
vn -0.0002 0.3142 0.9493
vn -0.4722 -0.0000 0.8815
vn -0.0002 -0.4719 0.8816
vn -0.0002 -0.4721 0.8816
vn -0.0002 0.4721 0.8815
vn -0.0002 0.4720 0.8816
vn -1.0000 -0.0000 -0.0000
vn 0.4718 -0.0000 0.8817
vn 0.0002 -0.0000 -1.0000
vn 0.0002 0.0001 -1.0000
vn 0.0001 -0.0000 -1.0000
vn 0.0002 -0.0001 -1.0000
vn -0.0001 -0.0000 1.0000
vn -0.0002 -0.0001 1.0000
vn -0.0002 0.0001 1.0000
vn 0.0003 -0.0000 -1.0000
vn -0.0002 -0.0000 1.0000
vt 0.000000 0.000000
vt 138.699997 0.000000
vt 0.000000 2.400000
vt 138.699997 2.400000
vt 77.000000 -0.000000
vt 77.000000 2.400000
vt 0.000000 -3.850710
vt 136.699997 -3.850710
vt 0.000000 -2.400000
vt 136.699997 -2.400000
vt 75.000000 -3.850710
vt 75.000000 -2.400000
vt 138.729614 0.000000
vt 1.014804 1.769256
vt 137.714798 1.769256
vt 77.029610 0.000000
vt 76.014801 1.769256
vt 136.699997 0.000000
vt 0.000000 1.777350
vt 136.699997 1.777350
vt 75.000000 0.000000
vt 75.000000 1.777350
vt -1.744576 1.837628
vt 138.444580 1.837628
vt 76.744576 1.837628
vt 144.543076 0.000000
vt -1.078461 1.223279
vt 145.621536 1.223279
vt 144.699997 0.000000
vt 0.000000 6.500000
vt 144.699997 6.500000
vt 83.000000 -0.000000
vt 83.000000 6.500000
vt 82.843079 -0.000000
vt 83.921539 1.223279
vt 146.699997 0.000000
vt 0.000000 0.577350
vt 146.699997 0.577350
vt 85.000000 -0.000000
vt 85.000000 0.577350
vt 85.000000 0.000000
vt 84.000000 1.000000
vt 84.000000 145.699997
vt 1.000000 1.000000
vt 85.000000 146.699997
vt 0.000000 146.699997
vt 1.000000 145.699997
vt 78.489151 -140.189148
vt 80.666115 -142.366119
vt 78.489151 0.000000
vt 0.000000 -140.189148
vt 80.666115 2.176964
vt -2.176964 -142.366119
vt -2.176964 2.176964
vt 80.014801 2.985196
vt 80.014801 141.714798
vt 2.985196 2.985196
vt 83.000000 144.699997
vt 0.000000 144.699997
vt 2.985196 141.714798
vt 77.000000 138.699997
vt 76.000000 137.699997
vt 0.000000 138.699997
vt 76.000000 1.000000
vt 1.000000 137.699997
vt 75.000000 -136.699997
vt 76.000000 -137.699997
vt 0.000000 -136.699997
vt -1.000000 -137.699997
vt -1.000000 1.000000
s 0
usemtl Material__31
f 2982/3375/4575 2984/3376/4575 2983/3377/4575
f 2983/3377/4575 2984/3376/4575 2985/3378/4575
f 2986/3375/4576 2982/3379/4576 2987/3377/4576
f 2987/3377/4576 2982/3379/4576 2983/3380/4576
f 2988/3375/4577 2986/3376/4577 2989/3377/4577
f 2989/3377/4577 2986/3376/4577 2987/3378/4577
f 2984/3375/4578 2988/3379/4578 2985/3377/4578
f 2985/3377/4578 2988/3379/4578 2989/3380/4578
f 2990/3381/4579 2992/3382/4579 2991/3383/4579
f 2991/3383/4579 2992/3382/4579 2993/3384/4579
f 2992/3381/4578 2994/3385/4578 2993/3383/4578
f 2993/3383/4578 2994/3385/4578 2995/3386/4578
f 2994/3381/4580 2996/3382/4580 2995/3383/4580
f 2995/3383/4580 2996/3382/4580 2997/3384/4580
f 2996/3381/4576 2990/3385/4576 2997/3383/4576
f 2997/3383/4576 2990/3385/4576 2991/3386/4576
f 2998/3375/4581 2999/3387/4581 2990/3388/4581
f 2990/3388/4582 2999/3387/4582 2992/3389/4582
f 2999/3375/4583 3000/3390/4583 2992/3388/4583
f 2992/3388/4584 3000/3390/4584 2994/3391/4584
f 3000/3375/4585 3001/3387/4585 2994/3388/4585
f 2994/3388/4585 3001/3387/4585 2996/3389/4585
f 3001/3375/4586 2998/3390/4586 2996/3388/4586
f 2996/3388/4586 2998/3390/4586 2990/3391/4586
f 3002/3375/4587 3004/3392/4587 3003/3393/4587
f 3003/3393/4587 3004/3392/4587 3005/3394/4587
f 3006/3375/4576 3002/3395/4576 3007/3393/4576
f 3007/3393/4576 3002/3395/4576 3003/3396/4576
f 3008/3375/4588 3006/3392/4588 3009/3393/4588
f 3009/3393/4588 3006/3392/4588 3007/3394/4588
f 3004/3375/4578 3008/3395/4578 3005/3393/4578
f 3005/3393/4578 3008/3395/4578 3009/3396/4578
f 3003/3375/4589 3005/3392/4589 3010/3397/4589
f 3010/3397/4589 3005/3392/4589 3011/3398/4589
f 3007/3375/4590 3003/3395/4590 3012/3397/4590
f 3012/3397/4591 3003/3395/4591 3010/3399/4591
f 3009/3375/4592 3007/3392/4592 3013/3397/4592
f 3013/3397/4592 3007/3392/4592 3012/3398/4592
f 3005/3375/4593 3009/3395/4593 3011/3397/4593
f 3011/3397/4594 3009/3395/4594 3013/3399/4594
f 3014/3375/4595 3016/3400/4595 3015/3401/4595
f 3015/3401/4595 3016/3400/4595 3017/3402/4595
f 3018/3375/4577 3020/3403/4577 3019/3404/4577
f 3019/3404/4577 3020/3403/4577 3021/3405/4577
f 3020/3375/4576 3022/3406/4576 3021/3404/4576
f 3021/3404/4576 3022/3406/4576 3023/3407/4576
f 3022/3375/4575 3024/3403/4575 3023/3404/4575
f 3023/3404/4575 3024/3403/4575 3025/3405/4575
f 3024/3375/4578 3018/3406/4578 3025/3404/4578
f 3025/3404/4578 3018/3406/4578 3019/3407/4578
f 3026/3375/4596 3014/3408/4596 3027/3401/4596
f 3027/3401/4597 3014/3408/4597 3015/3409/4597
f 3016/3375/4598 3028/3408/4598 3017/3401/4598
f 3017/3401/4599 3028/3408/4599 3029/3409/4599
f 3015/3375/4600 3017/3410/4600 3030/3411/4600
f 3030/3411/4600 3017/3410/4600 3031/3412/4600
f 3027/3375/4576 3015/3413/4576 3032/3411/4576
f 3032/3411/4576 3015/3413/4576 3030/3414/4576
f 3028/3375/4601 3026/3400/4601 3029/3401/4601
f 3029/3401/4601 3026/3400/4601 3027/3402/4601
f 3017/3375/4578 3029/3415/4578 3031/3411/4578
f 3031/3411/4578 3029/3415/4578 3033/3414/4578
f 3029/3375/4580 3027/3410/4580 3033/3411/4580
f 3033/3411/4580 3027/3410/4580 3032/3412/4580
f 3018/3416/4602 3033/3415/4602 3020/3417/4602
f 3024/3418/4602 3033/3415/4602 3018/3416/4602
f 3033/3415/4602 3032/3419/4602 3020/3417/4602
f 3024/3418/4603 3031/3375/4603 3033/3415/4603
f 3020/3417/4602 3032/3419/4602 3030/3420/4602
f 3022/3421/4604 3031/3375/4604 3024/3418/4604
f 3020/3417/4605 3030/3420/4605 3022/3421/4605
f 3022/3421/4604 3030/3420/4604 3031/3375/4604
f 3011/3422/4606 3026/3423/4606 3010/3424/4606
f 3013/3425/4607 3026/3423/4607 3011/3422/4607
f 3026/3423/4606 3028/3426/4606 3010/3424/4606
f 3013/3425/4608 3014/3427/4608 3026/3423/4608
f 3010/3424/4608 3028/3426/4608 3016/3428/4608
f 3012/3375/4606 3014/3427/4606 3013/3425/4606
f 3010/3424/4607 3016/3428/4607 3012/3375/4607
f 3012/3375/4606 3016/3428/4606 3014/3427/4606
f 2998/3429/4602 3019/3406/4602 2999/3430/4602
f 3001/3431/4602 3019/3406/4602 2998/3429/4602
f 3019/3406/4602 3021/3432/4602 2999/3430/4602
f 3001/3431/4602 3025/3375/4602 3019/3406/4602
f 2999/3430/4602 3021/3432/4602 3023/3433/4602
f 3000/3434/4602 3025/3375/4602 3001/3431/4602
f 2999/3430/4602 3023/3433/4602 3000/3434/4602
f 3000/3434/4602 3023/3433/4602 3025/3375/4602
f 2983/3379/4602 2985/3435/4602 3004/3436/4602
f 3004/3436/4602 2985/3435/4602 2989/3437/4602
f 3002/3438/4602 2983/3379/4602 3004/3436/4602
f 3004/3436/4603 2989/3437/4603 3008/3439/4603
f 3006/3418/4602 2983/3379/4602 3002/3438/4602
f 3008/3439/4609 2989/3437/4609 2987/3375/4609
f 3006/3418/4605 2987/3375/4605 2983/3379/4605
f 3008/3439/4609 2987/3375/4609 3006/3418/4609
f 2993/3440/4610 2984/3441/4610 2991/3395/4610
f 2995/3442/4610 2984/3441/4610 2993/3440/4610
f 2984/3441/4610 2982/3438/4610 2991/3395/4610
f 2995/3442/4610 2988/3443/4610 2984/3441/4610
f 2991/3395/4610 2982/3438/4610 2986/3444/4610
f 2997/3375/4610 2988/3443/4610 2995/3442/4610
f 2991/3395/4610 2986/3444/4610 2997/3375/4610
f 2997/3375/4610 2986/3444/4610 2988/3443/4610
o Window3
v -18.477304 2.870608 -12.901568
v -18.477304 1.545608 -12.901567
v -17.129883 2.870608 -12.924626
v -17.129883 1.545608 -12.924625
v -18.476877 2.870608 -12.876572
v -18.476877 1.545608 -12.876571
v -17.129456 2.870608 -12.899629
v -17.129456 1.545608 -12.899629
vn -0.0171 -0.0000 -0.9999
vn -0.9999 -0.0000 0.0171
vn -0.0000 1.0000 -0.0000
vn 0.9999 -0.0000 -0.0171
vn -0.0000 -1.0000 -0.0000
vn 0.0171 -0.0000 0.9999
vt 0.000000 132.500000
vt -134.761551 132.500000
vt 0.000000 0.000000
vt -134.761551 0.000000
vt 2.500000 0.000000
vt 2.500000 132.500000
vt -0.000000 134.761551
vt 2.500000 134.761551
vt 134.761551 0.000000
vt 134.761551 132.500000
s 0
usemtl Material__28
f 3034/3445/4611 3036/3446/4611 3035/3447/4611
f 3035/3447/4611 3036/3446/4611 3037/3448/4611
f 3038/3447/4612 3034/3449/4612 3039/3445/4612
f 3039/3445/4612 3034/3449/4612 3035/3450/4612
f 3040/3447/4613 3036/3449/4613 3038/3451/4613
f 3038/3451/4613 3036/3449/4613 3034/3452/4613
f 3041/3447/4614 3037/3449/4614 3040/3445/4614
f 3040/3445/4614 3037/3449/4614 3036/3450/4614
f 3039/3447/4615 3035/3449/4615 3041/3451/4615
f 3041/3451/4615 3035/3449/4615 3037/3452/4615
f 3039/3447/4616 3041/3453/4616 3038/3445/4616
f 3038/3445/4616 3041/3453/4616 3040/3454/4616
o Window3Frame
v -19.187443 3.110000 -0.059323
v -19.187387 3.110000 -0.124324
v -20.017441 3.109999 -0.060016
v -20.017387 3.110000 -0.125015
v -20.017441 1.663000 -0.060016
v -20.017387 1.663000 -0.125015
v -19.187387 1.663000 -0.124324
v -19.187443 1.663000 -0.059323
v -20.057453 1.649688 -0.045050
v -20.057440 1.651000 -0.060050
v -19.147453 1.649688 -0.044290
v -19.147440 1.651000 -0.059290
v -20.057455 1.644745 -0.045050
v -19.147455 1.644745 -0.044290
v -20.057514 1.633809 0.027450
v -19.147514 1.633809 0.028210
v -20.057516 1.600000 0.027450
v -19.147514 1.600000 0.028210
v -19.207373 3.090000 -0.142340
v -19.207388 3.090000 -0.124340
v -19.207373 1.675000 -0.142340
v -19.207388 1.675000 -0.124340
v -19.997372 1.675000 -0.142999
v -19.997387 1.675000 -0.124999
v -19.997387 3.090000 -0.124999
v -19.997372 3.090000 -0.142999
v -19.147373 1.600000 -0.142289
v -19.147371 3.149999 -0.142290
v -19.147440 3.150000 -0.059290
v -20.057371 3.150000 -0.143050
v -20.057440 3.150000 -0.060050
v -20.057373 1.600000 -0.143050
v -19.122295 1.625000 -0.234269
v -19.122316 1.625000 -0.209268
v -19.147318 1.625000 -0.209290
v -20.057316 1.625000 -0.210049
v -20.082294 1.625000 -0.235070
v -20.082315 1.625000 -0.210071
v -20.057373 1.625000 -0.143050
v -19.147373 1.625000 -0.142289
v -20.082294 1.600000 -0.235070
v -19.122295 1.600000 -0.234269
v -20.082315 1.600000 -0.210071
v -20.057316 1.600000 -0.210049
v -19.147318 1.600000 -0.209290
v -19.122316 1.600000 -0.209268
vn -0.0000 -1.0000 -0.0000
vn 1.0000 -0.0000 0.0008
vn -0.0000 1.0000 -0.0000
vn -1.0000 -0.0000 -0.0009
vn -0.0001 0.9962 0.0871
vn -0.0008 -0.0000 1.0000
vn -0.0001 0.9888 0.1492
vn -1.0000 -0.0000 -0.0008
vn 1.0000 -0.0003 0.0009
vn 1.0000 -0.0008 0.0009
vn -1.0000 0.0002 -0.0009
vn -1.0000 0.0008 -0.0009
vn -1.0000 0.0005 -0.0008
vn -1.0000 0.0001 -0.0008
vn 0.0008 -0.0000 -1.0000
vn -0.0009 -0.0000 1.0000
vn 0.0009 -0.0000 -1.0000
vn -0.0008 0.0001 1.0000
vn -0.0008 -0.0001 1.0000
vt 0.000000 0.000000
vt 83.000000 0.000000
vt -0.000000 6.500000
vt 83.000000 6.500000
vt 144.699997 0.000000
vt 144.699997 6.500000
vt 87.000000 6.500000
vt 4.000000 6.500000
vt 87.000000 -0.000000
vt 4.000000 -0.000000
vt 91.000000 -0.000000
vt 0.000000 1.505730
vt 91.000000 1.505730
vt 0.000000 0.494270
vt 91.000000 0.494270
vt -0.000000 7.332017
vt 91.000000 7.332017
vt 0.000000 3.380888
vt 91.000000 3.380888
vt 142.699997 1.800000
vt 1.200000 1.800000
vt 142.699997 0.000000
vt 1.200000 0.000000
vt 85.000000 1.800000
vt 6.000000 1.800000
vt 85.000000 -0.000000
vt 6.000000 -0.000000
vt 141.500000 0.000000
vt 0.000000 1.800000
vt 141.500000 1.800000
vt 79.000000 1.800000
vt 79.000000 0.000000
vt -6.300000 17.049999
vt -1.825503 9.800000
vt -2.919111 17.049999
vt -6.300000 0.000000
vt -1.200000 8.300000
vt -1.331233 9.800000
vt 148.699997 0.000000
vt 148.699997 8.300000
vt -0.000000 8.300000
vt 91.000000 8.300000
vt 149.899994 8.300000
vt 155.000000 0.000000
vt 150.525497 9.800000
vt 150.031235 9.800000
vt 155.000000 17.049999
vt 151.619110 17.049999
vt 0.000000 17.049999
vt 91.000000 17.049999
vt 2.500000 0.000000
vt 0.000000 2.500000
vt 0.000000 93.500000
vt 2.500000 96.000000
vt -0.000000 96.000000
vt -6.700000 93.500000
vt -6.700000 2.500000
vt 0.000000 96.000000
vt 2.500000 2.500000
vt 2.500000 93.500000
vt 0.000000 6.700000
vt 2.500000 6.700000
vt 0.000000 91.000000
vt 2.500000 91.000000
vt -2.500000 0.000000
vt -2.500000 96.000000
vt 6.700000 2.500000
vt 6.700000 93.500000
vt 1.200000 -79.000000
vt 148.699997 -85.000000
vt 142.699997 -79.000000
vt -6.300000 -85.000000
vt 148.699997 6.000000
vt -6.300000 6.000000
vt -1.200000 0.000000
vt 144.699997 4.000000
vt 0.000000 4.000000
vt 0.000000 87.000000
vt -1.200000 91.000000
vt 144.699997 87.000000
vt 148.699997 91.000000
vt 144.699997 83.000000
vt 142.699997 81.000000
vt 0.000000 83.000000
vt 142.699997 2.000000
vt 1.200000 81.000000
vt 1.200000 2.000000
s 0
usemtl Material__31
f 3042/3455/4617 3044/3456/4617 3043/3457/4617
f 3043/3457/4617 3044/3456/4617 3045/3458/4617
f 3044/3455/4618 3046/3459/4618 3045/3457/4618
f 3045/3457/4618 3046/3459/4618 3047/3460/4618
f 3048/3461/4619 3047/3462/4619 3049/3463/4619
f 3049/3463/4619 3047/3462/4619 3046/3464/4619
f 3049/3455/4620 3042/3459/4620 3048/3457/4620
f 3048/3457/4620 3042/3459/4620 3043/3460/4620
f 3050/3455/4621 3052/3465/4621 3051/3466/4621
f 3051/3466/4621 3052/3465/4621 3053/3467/4621
f 3054/3455/4622 3055/3465/4622 3050/3468/4622
f 3050/3468/4622 3055/3465/4622 3052/3469/4622
f 3056/3455/4623 3057/3465/4623 3054/3470/4623
f 3054/3470/4623 3057/3465/4623 3055/3471/4623
f 3058/3455/4622 3059/3465/4622 3056/3472/4622
f 3056/3472/4622 3059/3465/4622 3057/3473/4622
f 3060/3474/4624 3062/3475/4624 3061/3476/4624
f 3061/3476/4624 3062/3475/4624 3063/3477/4624
f 3062/3478/4619 3064/3479/4619 3063/3480/4619
f 3063/3480/4619 3064/3479/4619 3065/3481/4619
f 3066/3455/4618 3065/3482/4618 3067/3483/4618
f 3067/3483/4618 3065/3482/4618 3064/3484/4618
f 3067/3485/4617 3060/3483/4617 3066/3486/4617
f 3066/3486/4617 3060/3483/4617 3061/3455/4617
f 3059/3487/4618 3055/3488/4618 3057/3489/4618
f 3068/3490/4618 3055/3488/4618 3059/3487/4618
f 3068/3490/4625 3053/3491/4625 3055/3488/4625
f 3053/3491/4626 3052/3492/4625 3055/3488/4626
f 3069/3493/4618 3053/3491/4618 3068/3490/4618
f 3069/3493/4618 3070/3494/4618 3053/3491/4618
f 3069/3455/4619 3071/3465/4619 3070/3495/4619
f 3070/3495/4619 3071/3465/4619 3072/3496/4619
f 3072/3495/4624 3071/3455/4624 3051/3497/4624
f 3051/3497/4624 3071/3455/4624 3073/3498/4624
f 3051/3497/4627 3073/3498/4627 3054/3499/4627
f 3054/3499/4628 3050/3500/4629 3051/3497/4628
f 3054/3499/4624 3073/3498/4624 3058/3501/4624
f 3054/3499/4630 3058/3501/4630 3056/3502/4630
f 3073/3455/4617 3068/3465/4617 3058/3503/4617
f 3058/3503/4617 3068/3465/4617 3059/3504/4617
f 3074/3505/4619 3076/3506/4619 3075/3455/4619
f 3074/3505/4619 3077/3507/4619 3076/3506/4619
f 3078/3508/4619 3077/3507/4619 3074/3505/4619
f 3078/3508/4619 3079/3509/4619 3077/3507/4619
f 3077/3507/4619 3080/3510/4619 3076/3506/4619
f 3076/3506/4619 3080/3510/4619 3081/3511/4619
f 3082/3455/4631 3078/3505/4631 3083/3512/4631
f 3083/3512/4631 3078/3505/4631 3074/3508/4631
f 3084/3455/4624 3079/3505/4624 3082/3506/4624
f 3082/3506/4624 3079/3505/4624 3078/3513/4624
f 3085/3507/4632 3077/3514/4632 3084/3512/4632
f 3084/3512/4632 3077/3514/4632 3079/3508/4632
f 3073/3455/4620 3080/3505/4620 3085/3515/4620
f 3085/3515/4620 3080/3505/4620 3077/3516/4620
f 3068/3455/4622 3081/3505/4622 3073/3517/4622
f 3073/3517/4622 3081/3505/4622 3080/3518/4622
f 3086/3455/4618 3076/3505/4618 3068/3515/4618
f 3068/3515/4618 3076/3505/4618 3081/3516/4618
f 3087/3455/4632 3075/3505/4632 3086/3506/4632
f 3086/3506/4632 3075/3505/4632 3076/3513/4632
f 3083/3455/4618 3074/3505/4618 3087/3506/4618
f 3087/3506/4618 3074/3505/4618 3075/3513/4618
f 3087/3455/4617 3086/3506/4617 3083/3519/4617
f 3083/3519/4617 3086/3506/4617 3085/3507/4617
f 3083/3519/4617 3085/3507/4617 3082/3520/4617
f 3082/3520/4617 3085/3507/4617 3084/3509/4617
f 3086/3506/4617 3068/3521/4617 3085/3507/4617
f 3085/3507/4617 3068/3521/4617 3073/3522/4617
f 3064/3523/4633 3071/3524/4633 3067/3525/4633
f 3067/3525/4631 3071/3524/4631 3060/3476/4631
f 3064/3523/4631 3073/3526/4631 3071/3524/4631
f 3060/3476/4631 3071/3524/4631 3069/3527/4631
f 3062/3477/4631 3073/3526/4631 3064/3523/4631
f 3060/3476/4631 3069/3527/4631 3062/3477/4631
f 3062/3477/4631 3068/3528/4631 3073/3526/4631
f 3069/3527/4631 3068/3528/4631 3062/3477/4631
f 3053/3529/4622 3042/3530/4622 3049/3531/4622
f 3053/3529/4622 3049/3531/4622 3046/3532/4622
f 3070/3493/4622 3042/3530/4622 3053/3529/4622
f 3046/3532/4622 3051/3533/4622 3053/3529/4622
f 3042/3530/4622 3070/3493/4622 3044/3534/4622
f 3044/3534/4632 3051/3533/4632 3046/3532/4632
f 3044/3534/4622 3070/3493/4622 3072/3535/4622
f 3044/3534/4622 3072/3535/4622 3051/3533/4622
f 3045/3536/4622 3066/3537/4622 3043/3459/4622
f 3045/3536/4622 3047/3538/4622 3066/3537/4622
f 3043/3459/4622 3066/3537/4622 3061/3539/4622
f 3066/3537/4622 3047/3538/4622 3065/3540/4622
f 3043/3459/4622 3061/3539/4622 3048/3455/4622
f 3065/3540/4634 3047/3538/4634 3048/3455/4634
f 3048/3455/4622 3061/3539/4622 3063/3541/4622
f 3048/3455/4635 3063/3541/4635 3065/3540/4635
o Window3Glass
v -19.217434 3.080000 -0.071349
v -19.217436 1.693000 -0.071348
v -19.987434 3.080001 -0.071991
v -19.987434 1.693000 -0.071991
v -19.217413 3.080001 -0.095348
v -19.217417 1.693000 -0.095348
v -19.987415 3.080001 -0.095992
v -19.987415 1.693000 -0.095992
vn -0.0008 -0.0000 1.0000
vn 1.0000 -0.0000 0.0009
vn 1.0000 -0.0000 0.0008
vn -0.0000 1.0000 -0.0000
vn -0.0000 1.0000 0.0001
vn -1.0000 -0.0000 -0.0008
vn -0.0000 -1.0000 -0.0000
vn 0.0008 -0.0000 -1.0000
vt 77.000000 138.699997
vt 0.000000 138.699997
vt 77.000000 0.000000
vt 0.000000 0.000000
vt 2.400000 0.000000
vt 2.400000 138.699997
vt -0.000000 77.000000
vt 2.400000 77.000000
vt -77.000000 0.000000
vt -77.000000 138.699997
s 0
usemtl Material__28
f 3088/3542/4636 3090/3543/4636 3089/3544/4636
f 3089/3544/4636 3090/3543/4636 3091/3545/4636
f 3092/3545/4637 3088/3546/4637 3093/3543/4637
f 3093/3543/4638 3088/3546/4638 3089/3547/4638
f 3094/3545/4639 3090/3546/4639 3092/3548/4639
f 3092/3548/4640 3090/3546/4640 3088/3549/4640
f 3095/3545/4641 3091/3546/4641 3094/3543/4641
f 3094/3543/4641 3091/3546/4641 3090/3547/4641
f 3093/3545/4642 3089/3546/4642 3095/3548/4642
f 3095/3548/4642 3089/3546/4642 3091/3549/4642
f 3093/3550/4643 3095/3545/4643 3092/3551/4643
f 3092/3551/4643 3095/3545/4643 3094/3543/4643
o Window3Openable
v -19.217411 3.080001 -0.095348
v -19.217432 3.080000 -0.071349
v -19.217415 1.693000 -0.095348
v -19.217436 1.693000 -0.071349
v -19.987413 3.080001 -0.095992
v -19.987432 3.080001 -0.071991
v -19.987413 1.693000 -0.095992
v -19.987432 1.693000 -0.071991
v -19.227404 3.070001 -0.109865
v -19.227413 3.070001 -0.095356
v -19.227404 1.703000 -0.109865
v -19.227413 1.703000 -0.095356
v -19.977400 1.703000 -0.110490
v -19.977413 1.703000 -0.095983
v -19.977400 3.070000 -0.110490
v -19.977413 3.070001 -0.095983
v -19.217241 3.080148 -0.124348
v -19.217243 1.692852 -0.124348
v -19.987537 1.692852 -0.124991
v -19.987537 3.080148 -0.124992
v -19.227434 3.070001 -0.071357
v -19.227448 3.070000 -0.053583
v -19.227434 1.703000 -0.071357
v -19.227448 1.703000 -0.053583
v -19.977432 3.070001 -0.071983
v -19.977448 3.070001 -0.054210
v -19.977432 1.703000 -0.071983
v -19.977448 1.703000 -0.054210
v -19.210009 3.087446 -0.047796
v -19.210009 1.685554 -0.047796
v -19.994900 3.087446 -0.048450
v -19.994900 1.685554 -0.048450
v -20.016668 1.663785 -0.048468
v -20.027447 1.653000 -0.054250
v -20.016668 3.109217 -0.048468
v -20.027447 3.120001 -0.054250
v -19.187445 3.110000 -0.059323
v -19.187389 3.110001 -0.124324
v -19.187445 1.663000 -0.059323
v -19.187389 1.663000 -0.124324
v -20.017443 1.663000 -0.060016
v -20.017389 1.663000 -0.125015
v -20.017443 3.110000 -0.060016
v -20.017389 3.110001 -0.125015
v -19.188240 1.663785 -0.047778
v -19.177448 1.653000 -0.053541
v -19.188238 3.109216 -0.047778
v -19.177448 3.120001 -0.053542
v -20.027443 1.653000 -0.060025
v -20.027443 3.120001 -0.060025
v -19.177443 1.653000 -0.059315
v -19.177443 3.120001 -0.059315
vn -1.0000 -0.0000 -0.0009
vn -0.0000 -1.0000 -0.0000
vn -0.0000 -1.0000 -0.0001
vn 1.0000 -0.0000 0.0008
vn -0.0000 1.0000 -0.0000
vn -1.0000 -0.0000 -0.0007
vn 1.0000 -0.0000 0.0009
vn -0.0000 -1.0000 0.0001
vn -0.8186 -0.0000 -0.5744
vn -0.8186 -0.0000 -0.5743
vn 0.0005 0.8191 -0.5736
vn 0.8196 -0.0000 -0.5730
vn 0.8196 -0.0000 -0.5729
vn 0.0005 -0.8192 -0.5736
vn 0.0005 -0.8191 -0.5736
vn -1.0000 -0.0000 -0.0008
vn -0.3150 -0.0000 0.9491
vn -0.0008 -0.3142 0.9493
vn -0.0008 -0.3141 0.9494
vn 0.3134 -0.0000 0.9496
vn -0.0008 0.3141 0.9494
vn -0.0008 0.3142 0.9493
vn -0.4727 -0.0000 0.8812
vn -0.0007 -0.4719 0.8817
vn -0.0007 -0.4719 0.8816
vn -0.0007 0.4720 0.8816
vn -0.0007 0.4719 0.8816
vn 0.4712 -0.0000 0.8820
vn 0.4711 -0.0000 0.8821
vn 1.0000 -0.0000 0.0007
vn 1.0000 -0.0000 0.0010
vn 0.0008 -0.0000 -1.0000
vn 0.0008 -0.0001 -1.0000
vn 0.0009 -0.0000 -1.0000
vn 0.0008 0.0001 -1.0000
vn -0.0008 -0.0000 1.0000
vn -0.0008 -0.0001 1.0000
vn -0.0009 -0.0000 1.0000
vn -0.0008 0.0001 1.0000
vt 0.000000 0.000000
vt 138.699997 0.000000
vt 0.000000 2.400000
vt 138.699997 2.400000
vt 77.000000 -0.000000
vt 77.000000 2.400000
vt 0.000000 -3.850710
vt 136.699997 -3.850710
vt 0.000000 -2.400000
vt 136.699997 -2.400000
vt 75.000000 -3.850710
vt 75.000000 -2.400000
vt 138.729614 0.000000
vt 1.014804 1.769256
vt 137.714798 1.769256
vt 77.029610 0.000000
vt 76.014801 1.769256
vt 136.699997 0.000000
vt 0.000000 1.777350
vt 136.699997 1.777350
vt 75.000000 0.000000
vt 75.000000 1.777350
vt -1.744576 1.837628
vt 138.444580 1.837628
vt 76.744576 1.837628
vt 144.543076 0.000000
vt -1.078461 1.223279
vt 145.621536 1.223279
vt 144.699997 0.000000
vt 0.000000 6.500000
vt 144.699997 6.500000
vt 83.000000 0.000000
vt 83.000000 6.500000
vt 82.843079 -0.000000
vt 83.921539 1.223279
vt 146.699997 0.000000
vt 0.000000 0.577350
vt 146.699997 0.577350
vt 85.000000 -0.000000
vt 85.000000 0.577350
vt 85.000000 0.000000
vt 84.000000 1.000000
vt 84.000000 145.699997
vt 1.000000 1.000000
vt 85.000000 146.699997
vt 0.000000 146.699997
vt 1.000000 145.699997
vt 78.489151 -140.189148
vt 80.666115 -142.366119
vt 78.489151 0.000000
vt 0.000000 -140.189148
vt 80.666115 2.176964
vt -2.176964 -142.366119
vt -2.176964 2.176964
vt 80.014801 2.985196
vt 80.014801 141.714798
vt 2.985196 2.985196
vt 83.000000 144.699997
vt 0.000000 144.699997
vt 2.985196 141.714798
vt 77.000000 138.699997
vt 76.000000 137.699997
vt 0.000000 138.699997
vt 76.000000 1.000000
vt 1.000000 137.699997
vt 75.000000 -136.699997
vt 76.000000 -137.699997
vt 0.000000 -136.699997
vt -1.000000 -137.699997
vt -1.000000 1.000000
s 0
usemtl Material__31
f 3096/3552/4644 3098/3553/4644 3097/3554/4644
f 3097/3554/4644 3098/3553/4644 3099/3555/4644
f 3100/3552/4645 3096/3556/4645 3101/3554/4645
f 3101/3554/4646 3096/3556/4646 3097/3557/4646
f 3102/3552/4647 3100/3553/4647 3103/3554/4647
f 3103/3554/4647 3100/3553/4647 3101/3555/4647
f 3098/3552/4648 3102/3556/4648 3099/3554/4648
f 3099/3554/4648 3102/3556/4648 3103/3557/4648
f 3104/3558/4649 3106/3559/4649 3105/3560/4649
f 3105/3560/4649 3106/3559/4649 3107/3561/4649
f 3106/3558/4648 3108/3562/4648 3107/3560/4648
f 3107/3560/4648 3108/3562/4648 3109/3563/4648
f 3108/3558/4650 3110/3559/4650 3109/3560/4650
f 3109/3560/4650 3110/3559/4650 3111/3561/4650
f 3110/3558/4651 3104/3562/4651 3111/3560/4651
f 3111/3560/4645 3104/3562/4645 3105/3563/4645
f 3112/3552/4652 3113/3564/4652 3104/3565/4652
f 3104/3565/4653 3113/3564/4653 3106/3566/4653
f 3113/3552/4654 3114/3567/4654 3106/3565/4654
f 3106/3565/4654 3114/3567/4654 3108/3568/4654
f 3114/3552/4655 3115/3564/4655 3108/3565/4655
f 3108/3565/4656 3115/3564/4656 3110/3566/4656
f 3115/3552/4657 3112/3567/4657 3110/3565/4657
f 3110/3565/4658 3112/3567/4658 3104/3568/4658
f 3116/3552/4659 3118/3569/4659 3117/3570/4659
f 3117/3570/4659 3118/3569/4659 3119/3571/4659
f 3120/3552/4645 3116/3572/4645 3121/3570/4645
f 3121/3570/4646 3116/3572/4646 3117/3573/4646
f 3122/3552/4650 3120/3569/4650 3123/3570/4650
f 3123/3570/4650 3120/3569/4650 3121/3571/4650
f 3118/3552/4648 3122/3572/4648 3119/3570/4648
f 3119/3570/4648 3122/3572/4648 3123/3573/4648
f 3117/3552/4660 3119/3569/4660 3124/3574/4660
f 3124/3574/4660 3119/3569/4660 3125/3575/4660
f 3121/3552/4661 3117/3572/4661 3126/3574/4661
f 3126/3574/4662 3117/3572/4662 3124/3576/4662
f 3123/3552/4663 3121/3569/4663 3127/3574/4663
f 3127/3574/4663 3121/3569/4663 3126/3575/4663
f 3119/3552/4664 3123/3572/4664 3125/3574/4664
f 3125/3574/4665 3123/3572/4665 3127/3576/4665
f 3128/3552/4666 3130/3577/4666 3129/3578/4666
f 3129/3578/4666 3130/3577/4666 3131/3579/4666
f 3132/3552/4650 3134/3580/4650 3133/3581/4650
f 3133/3581/4650 3134/3580/4650 3135/3582/4650
f 3134/3552/4645 3136/3583/4645 3135/3581/4645
f 3135/3581/4645 3136/3583/4645 3137/3584/4645
f 3136/3552/4659 3138/3580/4659 3137/3581/4659
f 3137/3581/4659 3138/3580/4659 3139/3582/4659
f 3138/3552/4648 3132/3583/4648 3139/3581/4648
f 3139/3581/4648 3132/3583/4648 3133/3584/4648
f 3140/3552/4667 3128/3585/4667 3141/3578/4667
f 3141/3578/4668 3128/3585/4668 3129/3586/4668
f 3130/3552/4669 3142/3585/4669 3131/3578/4669
f 3131/3578/4670 3142/3585/4670 3143/3586/4670
f 3129/3552/4649 3131/3587/4649 3144/3588/4649
f 3144/3588/4649 3131/3587/4649 3145/3589/4649
f 3141/3552/4645 3129/3590/4645 3146/3588/4645
f 3146/3588/4645 3129/3590/4645 3144/3591/4645
f 3142/3552/4671 3140/3577/4671 3143/3578/4671
f 3143/3578/4672 3140/3577/4672 3141/3579/4672
f 3131/3552/4648 3143/3592/4648 3145/3588/4648
f 3145/3588/4648 3143/3592/4648 3147/3591/4648
f 3143/3552/4673 3141/3587/4674 3147/3588/4674
f 3147/3588/4674 3141/3587/4674 3146/3589/4674
f 3132/3593/4675 3147/3592/4675 3134/3594/4675
f 3138/3595/4675 3147/3592/4675 3132/3593/4675
f 3147/3592/4675 3146/3596/4675 3134/3594/4675
f 3138/3595/4676 3145/3552/4676 3147/3592/4676
f 3134/3594/4675 3146/3596/4675 3144/3597/4675
f 3136/3598/4677 3145/3552/4677 3138/3595/4677
f 3134/3594/4678 3144/3597/4678 3136/3598/4678
f 3136/3598/4677 3144/3597/4677 3145/3552/4677
f 3125/3599/4679 3140/3600/4679 3124/3601/4679
f 3127/3602/4679 3140/3600/4679 3125/3599/4679
f 3140/3600/4679 3142/3603/4679 3124/3601/4679
f 3127/3602/4679 3128/3604/4679 3140/3600/4679
f 3124/3601/4679 3142/3603/4679 3130/3605/4679
f 3126/3552/4679 3128/3604/4679 3127/3602/4679
f 3124/3601/4679 3130/3605/4679 3126/3552/4679
f 3126/3552/4679 3130/3605/4679 3128/3604/4679
f 3112/3606/4675 3133/3583/4675 3113/3607/4675
f 3115/3608/4675 3133/3583/4675 3112/3606/4675
f 3133/3583/4675 3135/3609/4675 3113/3607/4675
f 3115/3608/4678 3139/3552/4678 3133/3583/4678
f 3113/3607/4675 3135/3609/4675 3137/3610/4675
f 3114/3611/4675 3139/3552/4675 3115/3608/4675
f 3113/3607/4675 3137/3610/4675 3114/3611/4675
f 3114/3611/4675 3137/3610/4675 3139/3552/4675
f 3097/3556/4675 3099/3612/4675 3118/3613/4675
f 3118/3613/4675 3099/3612/4675 3103/3614/4675
f 3116/3615/4675 3097/3556/4675 3118/3613/4675
f 3118/3613/4675 3103/3614/4675 3122/3616/4675
f 3120/3595/4675 3097/3556/4675 3116/3615/4675
f 3122/3616/4675 3103/3614/4675 3101/3552/4675
f 3120/3595/4675 3101/3552/4675 3097/3556/4675
f 3122/3616/4675 3101/3552/4675 3120/3595/4675
f 3107/3617/4679 3098/3618/4679 3105/3572/4679
f 3109/3619/4679 3098/3618/4679 3107/3617/4679
f 3098/3618/4679 3096/3615/4679 3105/3572/4679
f 3109/3619/4680 3102/3620/4680 3098/3618/4680
f 3105/3572/4679 3096/3615/4679 3100/3621/4679
f 3111/3552/4681 3102/3620/4681 3109/3619/4681
f 3105/3572/4682 3100/3621/4682 3111/3552/4682
f 3111/3552/4681 3100/3621/4681 3102/3620/4681
o Window4
v -28.229534 3.907565 -12.921245
v -28.229532 0.299999 -12.921244
v -26.329735 3.907565 -12.900811
v -26.329733 0.299999 -12.900810
v -28.229805 3.907565 -12.896246
v -28.229803 0.299999 -12.896245
v -26.330000 3.907565 -12.875813
v -26.329998 0.299999 -12.875812
vn 0.0108 -0.0000 -0.9999
vn -0.9999 -0.0000 -0.0108
vn -0.0000 1.0000 -0.0000
vn 0.9999 -0.0000 0.0106
vn -0.0000 -1.0000 -0.0000
vn -0.0108 -0.0000 0.9999
vt 0.000000 360.756592
vt -189.991211 360.756592
vt 0.000000 0.000000
vt -189.991211 0.000000
vt 2.500000 0.000000
vt 2.500000 360.756592
vt 0.000000 189.991211
vt 2.500000 189.991211
vt 189.991211 0.000000
vt 189.991211 360.756592
s 0
usemtl Material__28
f 3148/3622/4683 3150/3623/4683 3149/3624/4683
f 3149/3624/4683 3150/3623/4683 3151/3625/4683
f 3152/3624/4684 3148/3626/4684 3153/3622/4684
f 3153/3622/4684 3148/3626/4684 3149/3627/4684
f 3154/3624/4685 3150/3626/4685 3152/3628/4685
f 3152/3628/4685 3150/3626/4685 3148/3629/4685
f 3155/3624/4686 3151/3626/4686 3154/3622/4686
f 3154/3622/4686 3151/3626/4686 3150/3627/4686
f 3153/3624/4687 3149/3626/4687 3155/3628/4687
f 3155/3628/4687 3149/3626/4687 3151/3629/4687
f 3153/3624/4688 3155/3630/4688 3152/3622/4688
f 3152/3622/4688 3155/3630/4688 3154/3631/4688
o Window4Frame
v -25.169727 3.090000 -0.068985
v -25.169729 3.090000 -0.133984
v -25.999729 3.090001 -0.068988
v -25.999729 3.090000 -0.133987
v -25.999729 1.643000 -0.068988
v -25.999729 1.643000 -0.133987
v -25.169729 1.643000 -0.133984
v -25.169727 1.643000 -0.068985
v -26.039732 1.629688 -0.053989
v -26.039726 1.631000 -0.068989
v -25.129728 1.629688 -0.053986
v -25.129728 1.631000 -0.068985
v -26.039732 1.624745 -0.053989
v -25.129732 1.624745 -0.053986
v -26.039728 1.613809 0.018511
v -25.129728 1.613809 0.018515
v -26.039728 1.580000 0.018511
v -25.129728 1.580000 0.018515
v -25.189732 3.070001 -0.151985
v -25.189732 3.070001 -0.133984
v -25.189732 1.655000 -0.151985
v -25.189732 1.655000 -0.133984
v -25.979729 1.655000 -0.151990
v -25.979729 1.655000 -0.133988
v -25.979729 3.070000 -0.133988
v -25.979729 3.070001 -0.151990
v -25.129732 1.580000 -0.151984
v -25.129732 3.130000 -0.151984
v -25.129728 3.130000 -0.068985
v -26.039726 3.130000 -0.151989
v -26.039726 3.130000 -0.068989
v -26.039728 1.580000 -0.151989
v -25.104729 1.605000 -0.243986
v -25.104729 1.605000 -0.218985
v -25.129728 1.605000 -0.218984
v -26.039728 1.605000 -0.218989
v -26.064730 1.605000 -0.243989
v -26.064730 1.605000 -0.218988
v -26.039728 1.605000 -0.151989
v -25.129734 1.605000 -0.151984
v -26.064730 1.580000 -0.243989
v -25.104729 1.580000 -0.243986
v -26.064730 1.580000 -0.218988
v -26.039728 1.580000 -0.218989
v -25.129726 1.580000 -0.218984
v -25.104729 1.580000 -0.218985
vn -0.0000 -1.0000 -0.0000
vn 1.0000 -0.0000 -0.0000
vn -0.0000 1.0000 -0.0000
vn -1.0000 -0.0000 -0.0000
vn -0.0000 0.9962 0.0871
vn -0.0000 -0.0000 1.0000
vn -0.0000 0.9888 0.1492
vn 1.0000 -0.0000 -0.0001
vn 1.0000 -0.0003 0.0003
vn 1.0000 0.0001 -0.0000
vn 1.0000 -0.0001 -0.0005
vn 1.0000 -0.0002 0.0001
vn 1.0000 -0.0000 -0.0003
vn 1.0000 -0.0008 -0.0001
vn 1.0000 -0.0003 -0.0000
vn -1.0000 0.0003 -0.0000
vn -1.0000 -0.0000 -0.0003
vn -1.0000 0.0005 -0.0000
vn -1.0000 0.0007 -0.0002
vn -1.0000 -0.0000 -0.0004
vn -1.0000 -0.0001 -0.0001
vn -1.0000 -0.0000 0.0001
vn -0.0000 -0.0000 -1.0000
vn 1.0000 -0.0000 0.0001
vn -0.0000 -0.0001 1.0000
vn 0.0001 -0.0000 1.0000
vn -0.0000 0.0001 1.0000
vt 0.000000 0.000000
vt 83.000000 -0.000000
vt 0.000000 6.500000
vt 83.000000 6.500000
vt 144.699997 0.000000
vt 144.699997 6.500000
vt 87.000000 6.500000
vt 4.000000 6.500000
vt 87.000000 0.000000
vt 4.000000 -0.000000
vt 91.000000 -0.000000
vt 0.000000 1.505730
vt 91.000000 1.505730
vt 0.000000 0.494270
vt 91.000000 0.494270
vt 0.000000 7.332017
vt 91.000000 7.332017
vt 0.000000 3.380888
vt 91.000000 3.380888
vt 142.699997 1.800000
vt 1.200000 1.800000
vt 142.699997 0.000000
vt 1.200000 0.000000
vt 85.000000 1.800000
vt 6.000000 1.800000
vt 85.000000 0.000000
vt 6.000000 0.000000
vt 141.500000 0.000000
vt 0.000000 1.800000
vt 141.500000 1.800000
vt 79.000000 1.800000
vt 79.000000 0.000000
vt -6.300000 17.049999
vt -1.825503 9.800000
vt -2.919111 17.049999
vt -6.300000 0.000000
vt -1.200000 8.300000
vt -1.331233 9.800000
vt 148.699997 0.000000
vt 148.699997 8.300000
vt 0.000000 8.300000
vt 91.000000 8.300000
vt 149.899994 8.300000
vt 155.000000 0.000000
vt 150.525497 9.800000
vt 150.031235 9.800000
vt 155.000000 17.049999
vt 151.619110 17.049999
vt 0.000000 17.050001
vt 91.000000 17.050001
vt 2.500000 0.000000
vt 0.000000 2.500000
vt 0.000000 93.500000
vt 2.500000 96.000000
vt 0.000000 96.000000
vt -6.700000 93.500000
vt -6.700000 2.500000
vt 2.500000 2.500000
vt 2.500000 93.500000
vt 0.000000 6.700000
vt 2.500000 6.700000
vt 0.000000 91.000000
vt 2.500000 91.000000
vt -2.500000 0.000000
vt -0.000000 93.500000
vt -2.500000 96.000000
vt 6.700000 2.500000
vt 6.700000 93.500000
vt 1.200000 -79.000000
vt 148.699997 -85.000000
vt 142.699997 -79.000000
vt -6.300000 -85.000000
vt 148.699997 6.000000
vt -6.300000 6.000000
vt -1.200000 0.000000
vt 144.699997 4.000000
vt 0.000000 4.000000
vt 0.000000 87.000000
vt -1.200000 91.000000
vt 144.699997 87.000000
vt 148.699997 91.000000
vt 144.699997 83.000000
vt 142.699997 81.000000
vt 0.000000 83.000000
vt 142.699997 2.000000
vt 1.200000 81.000000
vt 1.200000 2.000000
s 0
usemtl Material__31
f 3156/3632/4689 3158/3633/4689 3157/3634/4689
f 3157/3634/4689 3158/3633/4689 3159/3635/4689
f 3158/3632/4690 3160/3636/4690 3159/3634/4690
f 3159/3634/4690 3160/3636/4690 3161/3637/4690
f 3162/3638/4691 3161/3639/4691 3163/3640/4691
f 3163/3640/4691 3161/3639/4691 3160/3641/4691
f 3163/3632/4692 3156/3636/4692 3162/3634/4692
f 3162/3634/4692 3156/3636/4692 3157/3637/4692
f 3164/3632/4693 3166/3642/4693 3165/3643/4693
f 3165/3643/4693 3166/3642/4693 3167/3644/4693
f 3168/3632/4694 3169/3642/4694 3164/3645/4694
f 3164/3645/4694 3169/3642/4694 3166/3646/4694
f 3170/3632/4695 3171/3642/4695 3168/3647/4695
f 3168/3647/4695 3171/3642/4695 3169/3648/4695
f 3172/3632/4694 3173/3642/4694 3170/3649/4694
f 3170/3649/4694 3173/3642/4694 3171/3650/4694
f 3174/3651/4692 3176/3652/4692 3175/3653/4692
f 3175/3653/4692 3176/3652/4692 3177/3654/4692
f 3176/3655/4691 3178/3656/4691 3177/3657/4691
f 3177/3657/4691 3178/3656/4691 3179/3658/4691
f 3180/3632/4690 3179/3659/4690 3181/3660/4690
f 3181/3660/4690 3179/3659/4690 3178/3661/4690
f 3181/3662/4689 3174/3660/4689 3180/3663/4689
f 3180/3663/4689 3174/3660/4689 3175/3632/4689
f 3173/3664/4696 3169/3665/4697 3171/3666/4696
f 3182/3667/4698 3169/3665/4699 3173/3664/4698
f 3182/3667/4700 3167/3668/4700 3169/3665/4701
f 3167/3668/4702 3166/3669/4702 3169/3665/4703
f 3183/3670/4690 3167/3668/4690 3182/3667/4690
f 3183/3670/4690 3184/3671/4690 3167/3668/4690
f 3183/3632/4691 3185/3642/4691 3184/3672/4691
f 3184/3672/4691 3185/3642/4691 3186/3673/4691
f 3186/3672/4692 3185/3632/4692 3165/3674/4704
f 3165/3674/4705 3185/3632/4692 3187/3675/4692
f 3165/3674/4706 3187/3675/4707 3168/3676/4707
f 3168/3676/4708 3164/3677/4708 3165/3674/4709
f 3168/3676/4692 3187/3675/4692 3172/3678/4692
f 3168/3676/4710 3172/3678/4710 3170/3679/4710
f 3187/3632/4689 3182/3642/4689 3172/3680/4689
f 3172/3680/4689 3182/3642/4689 3173/3681/4689
f 3188/3682/4691 3190/3683/4691 3189/3632/4691
f 3188/3682/4691 3191/3684/4691 3190/3683/4691
f 3192/3685/4691 3191/3684/4691 3188/3682/4691
f 3192/3685/4691 3193/3686/4691 3191/3684/4691
f 3191/3684/4691 3194/3687/4691 3190/3683/4691
f 3190/3683/4691 3194/3687/4691 3195/3688/4691
f 3196/3632/4711 3192/3682/4711 3197/3686/4711
f 3197/3686/4711 3192/3682/4711 3188/3685/4711
f 3198/3632/4692 3193/3682/4692 3196/3683/4692
f 3196/3683/4692 3193/3682/4692 3192/3689/4692
f 3199/3684/4694 3191/3690/4694 3198/3686/4694
f 3198/3686/4694 3191/3690/4694 3193/3685/4694
f 3187/3632/4692 3194/3682/4692 3199/3691/4692
f 3199/3691/4692 3194/3682/4692 3191/3692/4692
f 3182/3632/4694 3195/3682/4694 3187/3693/4694
f 3187/3693/4694 3195/3682/4694 3194/3694/4694
f 3200/3632/4712 3190/3682/4712 3182/3691/4712
f 3182/3691/4712 3190/3682/4712 3195/3692/4712
f 3201/3632/4694 3189/3682/4694 3200/3683/4694
f 3200/3683/4694 3189/3682/4694 3190/3689/4694
f 3197/3632/4690 3188/3682/4690 3201/3683/4690
f 3201/3683/4690 3188/3682/4690 3189/3689/4690
f 3201/3632/4689 3200/3683/4689 3197/3695/4689
f 3197/3695/4689 3200/3683/4689 3199/3696/4689
f 3197/3695/4689 3199/3684/4689 3196/3696/4689
f 3196/3696/4689 3199/3684/4689 3198/3686/4689
f 3200/3683/4689 3182/3697/4689 3199/3684/4689
f 3199/3684/4689 3182/3697/4689 3187/3698/4689
f 3178/3699/4711 3185/3700/4711 3181/3701/4711
f 3181/3701/4711 3185/3700/4711 3174/3653/4711
f 3178/3699/4711 3187/3702/4711 3185/3700/4711
f 3174/3653/4711 3185/3700/4711 3183/3703/4711
f 3176/3654/4711 3187/3702/4711 3178/3699/4711
f 3174/3653/4711 3183/3703/4711 3176/3654/4711
f 3176/3654/4711 3182/3704/4711 3187/3702/4711
f 3183/3703/4711 3182/3704/4711 3176/3654/4711
f 3167/3705/4694 3156/3706/4694 3163/3707/4694
f 3167/3705/4694 3163/3707/4694 3160/3708/4694
f 3184/3670/4694 3156/3706/4694 3167/3705/4694
f 3160/3708/4713 3165/3709/4713 3167/3705/4713
f 3156/3706/4694 3184/3670/4694 3158/3710/4694
f 3158/3710/4694 3165/3709/4694 3160/3708/4694
f 3158/3710/4694 3184/3670/4694 3186/3711/4694
f 3158/3710/4694 3186/3711/4694 3165/3709/4694
f 3159/3712/4713 3180/3713/4713 3157/3636/4713
f 3159/3712/4694 3161/3714/4694 3180/3713/4694
f 3157/3636/4694 3180/3713/4694 3175/3715/4694
f 3180/3713/4714 3161/3714/4714 3179/3716/4714
f 3157/3636/4694 3175/3715/4694 3162/3632/4694
f 3179/3716/4715 3161/3714/4715 3162/3632/4715
f 3162/3632/4694 3175/3715/4694 3177/3717/4694
f 3162/3632/4694 3177/3717/4694 3179/3716/4694
o Window4Glass
v -25.199728 3.060000 -0.080985
v -25.199730 1.673000 -0.080985
v -25.969728 3.060000 -0.080988
v -25.969730 1.673000 -0.080988
v -25.199726 3.060000 -0.104985
v -25.199728 1.673000 -0.104985
v -25.969728 3.060000 -0.104988
v -25.969730 1.673000 -0.104988
vn -0.0000 -0.0000 1.0000
vn 1.0000 -0.0000 0.0001
vn -0.0000 1.0000 -0.0000
vn -1.0000 -0.0000 -0.0000
vn -0.0000 -1.0000 -0.0000
vn -0.0000 -0.0000 -1.0000
vt 77.000000 138.699997
vt 0.000000 138.699997
vt 77.000000 0.000000
vt 0.000000 0.000000
vt 2.400000 0.000000
vt 2.400000 138.699997
vt -0.000000 77.000000
vt 2.400000 77.000000
vt -77.000000 0.000000
vt -77.000000 138.699997
s 0
usemtl Material__28
f 3202/3719/4716 3204/3720/4716 3203/3721/4716
f 3203/3721/4716 3204/3720/4716 3205/3722/4716
f 3206/3722/4717 3202/3723/4717 3207/3720/4717
f 3207/3720/4717 3202/3723/4717 3203/3724/4717
f 3208/3722/4718 3204/3723/4718 3206/3725/4718
f 3206/3725/4718 3204/3723/4718 3202/3726/4718
f 3209/3722/4719 3205/3723/4719 3208/3720/4719
f 3208/3720/4719 3205/3723/4719 3204/3724/4719
f 3207/3722/4720 3203/3723/4720 3209/3725/4720
f 3209/3725/4720 3203/3723/4720 3205/3726/4720
f 3207/3727/4721 3209/3722/4721 3206/3728/4721
f 3206/3728/4721 3209/3722/4721 3208/3720/4721
o Window4Openable
v -25.199730 3.060000 -0.104984
v -25.199732 3.060000 -0.080984
v -25.199732 1.673000 -0.104984
v -25.199734 1.673000 -0.080984
v -25.969732 3.060000 -0.104988
v -25.969732 3.060000 -0.080988
v -25.969734 1.673000 -0.104988
v -25.969734 1.673000 -0.080988
v -25.209732 3.050000 -0.119492
v -25.209732 3.050001 -0.104985
v -25.209732 1.683000 -0.119492
v -25.209732 1.683000 -0.104985
v -25.959734 1.683000 -0.119495
v -25.959732 1.683000 -0.104988
v -25.959734 3.050000 -0.119495
v -25.959732 3.050000 -0.104988
v -25.199583 3.060149 -0.133985
v -25.199585 1.672852 -0.133985
v -25.969881 1.672852 -0.133988
v -25.969877 3.060148 -0.133988
v -25.209730 3.050000 -0.080985
v -25.209732 3.050001 -0.063211
v -25.209730 1.683000 -0.080985
v -25.209732 1.683000 -0.063210
v -25.959732 3.050000 -0.080990
v -25.959728 3.050001 -0.063214
v -25.959732 1.683000 -0.080990
v -25.959728 1.683000 -0.063214
v -25.192287 3.067446 -0.057438
v -25.192287 1.665554 -0.057438
v -25.977179 3.067446 -0.057442
v -25.977179 1.665554 -0.057442
v -25.998951 1.643785 -0.057440
v -26.009729 1.633000 -0.063214
v -25.998951 3.089216 -0.057440
v -26.009729 3.100000 -0.063214
v -25.169731 3.090000 -0.068985
v -25.169735 3.090000 -0.133984
v -25.169731 1.643000 -0.068985
v -25.169735 1.643000 -0.133984
v -25.999735 1.643000 -0.068988
v -25.999735 1.643000 -0.133987
v -25.999735 3.090001 -0.068988
v -25.999735 3.090000 -0.133987
v -25.170517 1.643785 -0.057437
v -25.159731 1.633000 -0.063211
v -25.170517 3.089216 -0.057437
v -25.159731 3.100001 -0.063211
v -26.009733 1.633000 -0.068988
v -26.009733 3.100000 -0.068988
v -25.159737 1.633000 -0.068986
v -25.159737 3.100001 -0.068986
vn -1.0000 -0.0000 -0.0001
vn -0.0000 -1.0000 -0.0000
vn 1.0000 -0.0000 -0.0000
vn -0.0000 1.0000 -0.0000
vn -1.0000 -0.0000 -0.0000
vn 1.0000 -0.0000 -0.0001
vn -0.0000 -1.0000 0.0001
vn -0.8191 -0.0000 -0.5736
vn -0.8192 -0.0000 -0.5735
vn -0.0000 0.8192 -0.5736
vn 0.8192 -0.0000 -0.5735
vn 0.8193 -0.0000 -0.5734
vn -0.0000 -0.8191 -0.5736
vn 1.0000 -0.0000 -0.0002
vn -0.3142 -0.0000 0.9494
vn -0.3141 -0.0000 0.9494
vn -0.0000 -0.3141 0.9494
vn -0.0000 -0.3142 0.9494
vn 0.3140 -0.0000 0.9494
vn -0.0000 0.3146 0.9492
vn -0.0000 0.3141 0.9494
vn -0.4722 -0.0000 0.8815
vn -0.0000 -0.4720 0.8816
vn -0.0000 0.4720 0.8816
vn -1.0000 -0.0000 0.0007
vn 0.4720 -0.0000 0.8816
vn -0.0000 1.0000 -0.0001
vn 1.0000 -0.0000 -0.0010
vn -0.0001 -0.0000 -1.0000
vn -0.0000 -0.0001 -1.0000
vn -0.0000 -0.0000 -1.0000
vn -0.0000 0.0001 -1.0000
vn -0.0000 -0.0000 1.0000
vn -0.0000 0.0001 1.0000
vn 0.0001 -0.0000 1.0000
vn -0.0000 -0.0001 1.0000
vn 0.0001 -0.0000 -1.0000
vn -0.0000 -0.0002 -1.0000
vn -0.0002 -0.0000 -1.0000
vn -0.0000 0.0002 -1.0000
vn -0.0001 -0.0000 1.0000
vt 0.000000 0.000000
vt 138.699997 0.000000
vt 0.000000 2.400000
vt 138.699997 2.400000
vt 77.000000 -0.000000
vt 77.000000 2.400000
vt 0.000000 -3.850710
vt 136.699997 -3.850710
vt 0.000000 -2.400000
vt 136.699997 -2.400000
vt 75.000000 -3.850710
vt 75.000000 -2.400000
vt 138.729614 0.000000
vt 1.014804 1.769256
vt 137.714798 1.769256
vt 77.029610 -0.000000
vt 76.014801 1.769256
vt 136.699997 0.000000
vt 0.000000 1.777350
vt 136.699997 1.777350
vt 75.000000 -0.000000
vt 75.000000 1.777350
vt -1.744576 1.837628
vt 138.444580 1.837628
vt 76.744576 1.837628
vt 144.543076 0.000000
vt -1.078461 1.223279
vt 145.621536 1.223279
vt 144.699997 0.000000
vt 0.000000 6.500000
vt 144.699997 6.500000
vt 83.000000 -0.000000
vt 83.000000 6.500000
vt 82.843079 -0.000000
vt 83.921539 1.223279
vt 146.699997 0.000000
vt 0.000000 0.577350
vt 146.699997 0.577350
vt 85.000000 -0.000000
vt 85.000000 0.577350
vt 85.000000 0.000000
vt 84.000000 1.000000
vt 84.000000 145.699997
vt 1.000000 1.000000
vt 85.000000 146.699997
vt 0.000000 146.699997
vt 1.000000 145.699997
vt 78.489151 -140.189148
vt 80.666115 -142.366119
vt 78.489151 0.000000
vt 0.000000 -140.189148
vt 80.666115 2.176964
vt -2.176964 -142.366119
vt -2.176964 2.176964
vt 80.014801 2.985196
vt 80.014801 141.714798
vt 2.985196 2.985196
vt 83.000000 144.699997
vt 0.000000 144.699997
vt 2.985196 141.714798
vt 77.000000 138.699997
vt 76.000000 137.699997
vt 0.000000 138.699997
vt 76.000000 1.000000
vt 1.000000 137.699997
vt 75.000000 -136.699997
vt 76.000000 -137.699997
vt 0.000000 -136.699997
vt -1.000000 -137.699997
vt -1.000000 1.000000
s 0
usemtl Material__31
f 3210/3729/4722 3212/3730/4722 3211/3731/4722
f 3211/3731/4722 3212/3730/4722 3213/3732/4722
f 3214/3729/4723 3210/3733/4723 3215/3731/4723
f 3215/3731/4723 3210/3733/4723 3211/3734/4723
f 3216/3729/4724 3214/3730/4724 3217/3731/4724
f 3217/3731/4724 3214/3730/4724 3215/3732/4724
f 3212/3729/4725 3216/3733/4725 3213/3731/4725
f 3213/3731/4725 3216/3733/4725 3217/3734/4725
f 3218/3735/4726 3220/3736/4726 3219/3737/4726
f 3219/3737/4726 3220/3736/4726 3221/3738/4726
f 3220/3735/4725 3222/3739/4725 3221/3737/4725
f 3221/3737/4725 3222/3739/4725 3223/3740/4725
f 3222/3735/4727 3224/3736/4727 3223/3737/4727
f 3223/3737/4727 3224/3736/4727 3225/3738/4727
f 3224/3735/4723 3218/3739/4723 3225/3737/4723
f 3225/3737/4728 3218/3739/4728 3219/3740/4728
f 3226/3729/4729 3227/3741/4729 3218/3742/4729
f 3218/3742/4730 3227/3741/4730 3220/3743/4730
f 3227/3729/4731 3228/3744/4731 3220/3742/4731
f 3220/3742/4731 3228/3744/4731 3222/3745/4731
f 3228/3729/4732 3229/3741/4732 3222/3742/4732
f 3222/3742/4733 3229/3741/4733 3224/3743/4733
f 3229/3729/4734 3226/3744/4734 3224/3742/4734
f 3224/3742/4734 3226/3744/4734 3218/3745/4734
f 3230/3729/4722 3232/3746/4722 3231/3747/4722
f 3231/3747/4722 3232/3746/4722 3233/3748/4722
f 3234/3729/4723 3230/3749/4723 3235/3747/4723
f 3235/3747/4728 3230/3749/4728 3231/3750/4728
f 3236/3729/4735 3234/3746/4735 3237/3747/4735
f 3237/3747/4735 3234/3746/4735 3235/3748/4735
f 3232/3729/4725 3236/3749/4725 3233/3747/4725
f 3233/3747/4725 3236/3749/4725 3237/3750/4725
f 3231/3729/4736 3233/3746/4736 3238/3751/4736
f 3238/3751/4737 3233/3746/4737 3239/3752/4737
f 3235/3729/4738 3231/3749/4738 3240/3751/4738
f 3240/3751/4739 3231/3749/4739 3238/3753/4739
f 3237/3729/4740 3235/3746/4740 3241/3751/4740
f 3241/3751/4740 3235/3746/4740 3240/3752/4740
f 3233/3729/4741 3237/3749/4742 3239/3751/4742
f 3239/3751/4742 3237/3749/4742 3241/3753/4742
f 3242/3729/4743 3244/3754/4743 3243/3755/4743
f 3243/3755/4743 3244/3754/4743 3245/3756/4743
f 3246/3729/4727 3248/3757/4727 3247/3758/4727
f 3247/3758/4727 3248/3757/4727 3249/3759/4727
f 3248/3729/4723 3250/3760/4723 3249/3758/4723
f 3249/3758/4723 3250/3760/4723 3251/3761/4723
f 3250/3729/4726 3252/3757/4726 3251/3758/4726
f 3251/3758/4726 3252/3757/4726 3253/3759/4726
f 3252/3729/4725 3246/3760/4725 3253/3758/4725
f 3253/3758/4725 3246/3760/4725 3247/3761/4725
f 3254/3729/4744 3242/3762/4744 3255/3755/4744
f 3255/3755/4744 3242/3762/4744 3243/3763/4744
f 3244/3729/4745 3256/3762/4745 3245/3755/4745
f 3245/3755/4745 3256/3762/4745 3257/3763/4745
f 3243/3729/4746 3245/3764/4746 3258/3765/4746
f 3258/3765/4746 3245/3764/4746 3259/3766/4746
f 3255/3729/4723 3243/3767/4723 3260/3765/4723
f 3260/3765/4723 3243/3767/4723 3258/3768/4723
f 3256/3729/4747 3254/3754/4747 3257/3755/4747
f 3257/3755/4747 3254/3754/4747 3255/3756/4747
f 3245/3729/4748 3257/3769/4748 3259/3765/4748
f 3259/3765/4725 3257/3769/4725 3261/3768/4725
f 3257/3729/4749 3255/3764/4749 3261/3765/4749
f 3261/3765/4749 3255/3764/4749 3260/3766/4749
f 3246/3770/4750 3261/3769/4750 3248/3771/4750
f 3252/3772/4751 3261/3769/4751 3246/3770/4751
f 3261/3769/4750 3260/3773/4750 3248/3771/4750
f 3252/3772/4752 3259/3729/4752 3261/3769/4752
f 3248/3771/4753 3260/3773/4753 3258/3774/4753
f 3250/3775/4752 3259/3729/4752 3252/3772/4752
f 3248/3771/4752 3258/3774/4752 3250/3775/4752
f 3250/3775/4752 3258/3774/4752 3259/3729/4752
f 3239/3776/4754 3254/3777/4754 3238/3778/4754
f 3241/3779/4754 3254/3777/4754 3239/3776/4754
f 3254/3777/4754 3256/3780/4754 3238/3778/4754
f 3241/3779/4755 3242/3781/4755 3254/3777/4755
f 3238/3778/4754 3256/3780/4754 3244/3782/4754
f 3240/3729/4756 3242/3781/4756 3241/3779/4756
f 3238/3778/4757 3244/3782/4757 3240/3729/4757
f 3240/3729/4756 3244/3782/4756 3242/3781/4756
f 3226/3783/4752 3247/3760/4752 3227/3784/4752
f 3229/3785/4752 3247/3760/4752 3226/3783/4752
f 3247/3760/4752 3249/3786/4752 3227/3784/4752
f 3229/3785/4752 3253/3729/4752 3247/3760/4752
f 3227/3784/4752 3249/3786/4752 3251/3787/4752
f 3228/3788/4752 3253/3729/4752 3229/3785/4752
f 3227/3784/4752 3251/3787/4752 3228/3788/4752
f 3228/3788/4752 3251/3787/4752 3253/3729/4752
f 3211/3733/4758 3213/3789/4758 3232/3790/4758
f 3232/3790/4751 3213/3789/4751 3217/3791/4751
f 3230/3792/4758 3211/3733/4758 3232/3790/4758
f 3232/3790/4759 3217/3791/4759 3236/3793/4759
f 3234/3772/4753 3211/3733/4753 3230/3792/4753
f 3236/3793/4760 3217/3791/4760 3215/3729/4760
f 3234/3772/4761 3215/3729/4761 3211/3733/4761
f 3236/3793/4760 3215/3729/4760 3234/3772/4760
f 3221/3794/4762 3212/3795/4762 3219/3749/4762
f 3223/3796/4755 3212/3795/4755 3221/3794/4755
f 3212/3795/4762 3210/3792/4762 3219/3749/4762
f 3223/3796/4754 3216/3797/4754 3212/3795/4754
f 3219/3749/4757 3210/3792/4757 3214/3798/4757
f 3225/3729/4754 3216/3797/4754 3223/3796/4754
f 3219/3749/4754 3214/3798/4754 3225/3729/4754
f 3225/3729/4754 3214/3798/4754 3216/3797/4754
o Window5
v -28.439980 3.907565 -8.826987
v -28.439978 0.299998 -8.826987
v -26.300047 3.907565 -8.810126
v -26.300043 0.299998 -8.810126
v -28.440176 3.907565 -8.801988
v -28.440172 0.299998 -8.801987
v -26.300247 3.907565 -8.785128
v -26.300243 0.299998 -8.785128
vn 0.0079 -0.0000 -1.0000
vn -1.0000 -0.0000 -0.0079
vn -1.0000 -0.0000 -0.0078
vn -0.0000 1.0000 -0.0000
vn 1.0000 -0.0000 0.0080
vn -0.0000 -1.0000 -0.0000
vn -0.0079 -0.0000 1.0000
vt 0.000000 360.756592
vt -214.000000 360.756592
vt 0.000000 0.000000
vt -214.000000 0.000000
vt 2.500000 0.000000
vt 2.500000 360.756592
vt 0.000000 214.000000
vt 2.500000 214.000000
vt 214.000000 0.000000
vt 214.000000 360.756592
s 0
usemtl Material__28
f 3262/3799/4763 3264/3800/4763 3263/3801/4763
f 3263/3801/4763 3264/3800/4763 3265/3802/4763
f 3266/3801/4764 3262/3803/4764 3267/3799/4764
f 3267/3799/4765 3262/3803/4765 3263/3804/4765
f 3268/3801/4766 3264/3803/4766 3266/3805/4766
f 3266/3805/4766 3264/3803/4766 3262/3806/4766
f 3269/3801/4767 3265/3803/4767 3268/3799/4767
f 3268/3799/4767 3265/3803/4767 3264/3804/4767
f 3267/3801/4768 3263/3803/4768 3269/3805/4768
f 3269/3805/4768 3263/3803/4768 3265/3806/4768
f 3267/3801/4769 3269/3807/4769 3266/3799/4769
f 3266/3799/4769 3269/3807/4769 3268/3808/4769
o Window5Frame
v -29.589266 2.854999 -18.138844
v -29.589314 2.854999 -18.203844
v -30.419264 2.854998 -18.138201
v -30.419313 2.854999 -18.203201
v -30.419266 2.457998 -18.138201
v -30.419317 2.457998 -18.203201
v -29.589314 2.457998 -18.203844
v -29.589266 2.457998 -18.138844
v -30.459255 2.444685 -18.123173
v -30.459263 2.445997 -18.138172
v -29.549252 2.444685 -18.123877
v -29.549263 2.445997 -18.138876
v -30.459255 2.439743 -18.123173
v -29.549253 2.439743 -18.123875
v -30.459198 2.428807 -18.050671
v -29.549194 2.428807 -18.051374
v -30.459198 2.394999 -18.050671
v -29.549194 2.394998 -18.051376
v -29.609329 2.834999 -18.221828
v -29.609314 2.834999 -18.203831
v -29.609331 2.469999 -18.221828
v -29.609318 2.469999 -18.203831
v -30.399332 2.469998 -18.221220
v -30.399317 2.469999 -18.203220
v -30.399315 2.834998 -18.203218
v -30.399328 2.834999 -18.221220
v -29.549326 2.394999 -18.221874
v -29.549326 2.894999 -18.221874
v -29.549263 2.894999 -18.138874
v -30.459330 2.894999 -18.221172
v -30.459263 2.894999 -18.138172
v -30.459330 2.394999 -18.221172
v -29.524401 2.419999 -18.313894
v -29.524384 2.419999 -18.288895
v -29.549385 2.419999 -18.288874
v -30.459383 2.419997 -18.288172
v -30.484402 2.419997 -18.313150
v -30.484383 2.419997 -18.288151
v -30.459330 2.419997 -18.221170
v -29.549330 2.419997 -18.221874
v -30.484402 2.394999 -18.313150
v -29.524397 2.394999 -18.313896
v -30.484383 2.394999 -18.288151
v -30.459383 2.394999 -18.288172
v -29.549383 2.394999 -18.288874
v -29.524380 2.394999 -18.288897
vn -0.0000 -1.0000 -0.0000
vn 1.0000 -0.0000 -0.0008
vn -0.0000 1.0000 -0.0000
vn -1.0000 -0.0000 0.0007
vn 0.0001 0.9962 0.0872
vn 0.0001 0.9962 0.0871
vn 0.0008 0.0005 1.0000
vn 0.0008 -0.0000 1.0000
vn 0.0008 0.0003 1.0000
vn 0.0011 0.0004 1.0000
vn 0.0008 0.0004 1.0000
vn 0.0001 0.9888 0.1491
vn 0.0008 -0.0001 1.0000
vn -1.0000 -0.0000 0.0008
vn -0.0000 1.0000 -0.0001
vn 1.0000 -0.0000 -0.0007
vn 1.0000 0.0002 -0.0008
vn 1.0000 0.0001 -0.0008
vn 1.0000 -0.0002 -0.0007
vn 1.0000 -0.0007 -0.0008
vn -1.0000 0.0004 0.0006
vn -1.0000 -0.0000 0.0005
vn -0.0008 -0.0000 -1.0000
vn -0.0008 0.0001 -1.0000
vn 0.0009 -0.0000 1.0000
vn 1.0000 -0.0000 -0.0009
vn 1.0000 0.0003 -0.0008
vn 0.0009 -0.0001 1.0000
vn 1.0000 0.0002 -0.0007
vn -0.0009 -0.0000 -1.0000
vn 0.0007 -0.0000 1.0000
vn 0.0008 -0.0002 1.0000
vn 0.0008 0.0001 1.0000
vn 0.0012 -0.0000 1.0000
vn 0.0006 -0.0000 1.0000
vn 0.0008 0.0002 1.0000
vt 0.000000 0.000000
vt 83.000000 -0.000000
vt -0.000000 6.500000
vt 83.000000 6.500000
vt 39.700001 0.000000
vt 39.700001 6.500000
vt 87.000000 6.500000
vt 4.000000 6.500000
vt 87.000000 0.000000
vt 4.000000 0.000000
vt 91.000000 -0.000000
vt 0.000000 1.505730
vt 91.000000 1.505730
vt 0.000000 0.494270
vt 91.000000 0.494270
vt -0.000000 7.332017
vt 91.000000 7.332017
vt 0.000000 3.380888
vt 91.000000 3.380888
vt 37.700001 1.800000
vt 1.200000 1.800000
vt 37.700001 0.000000
vt 1.200000 0.000000
vt 85.000000 1.800000
vt 6.000000 1.800000
vt 85.000000 0.000000
vt 6.000000 -0.000000
vt 36.500000 0.000000
vt 0.000000 1.800000
vt 36.500000 1.800000
vt 79.000000 1.800000
vt 79.000000 -0.000000
vt -6.300000 17.049999
vt -1.825503 9.800000
vt -2.919111 17.049999
vt -6.300000 0.000000
vt -1.200000 8.300000
vt -1.331233 9.800000
vt 43.700001 0.000000
vt 43.700001 8.300000
vt 0.000000 8.300000
vt 91.000000 8.300000
vt 44.900002 8.300000
vt 50.000000 0.000000
vt 45.525505 9.800000
vt 45.031235 9.800000
vt 50.000000 17.049999
vt 46.619110 17.049999
vt 0.000000 17.049999
vt 91.000000 17.049999
vt 2.500000 0.000000
vt 0.000000 2.500000
vt 0.000000 93.500000
vt 2.500000 96.000000
vt 0.000000 96.000000
vt -6.700000 93.500000
vt -6.700000 2.500000
vt 2.500000 2.500000
vt 2.500000 93.500000
vt 0.000000 6.700000
vt 2.500000 6.700000
vt 0.000000 91.000000
vt 2.500000 91.000000
vt -2.500000 0.000000
vt -2.500000 96.000000
vt 6.700000 2.500000
vt 6.700000 93.500000
vt 1.200000 -79.000000
vt 43.700001 -85.000000
vt 37.700001 -79.000000
vt -6.300000 -85.000000
vt 43.700001 6.000000
vt -6.300000 6.000000
vt -1.200000 0.000000
vt 39.700001 4.000000
vt 0.000000 4.000000
vt 0.000000 87.000000
vt -1.200000 91.000000
vt 39.700001 87.000000
vt 43.700001 91.000000
vt 39.700001 83.000000
vt 37.700001 81.000000
vt 0.000000 83.000000
vt 37.700001 2.000000
vt 1.200000 81.000000
vt 1.200000 2.000000
s 0
usemtl Material__31
f 3270/3809/4770 3272/3810/4770 3271/3811/4770
f 3271/3811/4770 3272/3810/4770 3273/3812/4770
f 3272/3809/4771 3274/3813/4771 3273/3811/4771
f 3273/3811/4771 3274/3813/4771 3275/3814/4771
f 3276/3815/4772 3275/3816/4772 3277/3817/4772
f 3277/3817/4772 3275/3816/4772 3274/3818/4772
f 3277/3809/4773 3270/3813/4773 3276/3811/4773
f 3276/3811/4773 3270/3813/4773 3271/3814/4773
f 3278/3809/4774 3280/3819/4774 3279/3820/4774
f 3279/3820/4775 3280/3819/4775 3281/3821/4775
f 3282/3809/4776 3283/3819/4777 3278/3822/4778
f 3278/3822/4779 3283/3819/4780 3280/3823/4780
f 3284/3809/4781 3285/3819/4781 3282/3824/4781
f 3282/3824/4781 3285/3819/4781 3283/3825/4781
f 3286/3809/4777 3287/3819/4777 3284/3826/4777
f 3284/3826/4782 3287/3819/4782 3285/3827/4782
f 3288/3828/4783 3290/3829/4783 3289/3830/4783
f 3289/3830/4773 3290/3829/4773 3291/3831/4773
f 3290/3832/4772 3292/3833/4772 3291/3834/4772
f 3291/3834/4784 3292/3833/4784 3293/3835/4784
f 3294/3809/4785 3293/3836/4785 3295/3837/4785
f 3295/3837/4771 3293/3836/4771 3292/3838/4771
f 3295/3839/4770 3288/3837/4770 3294/3840/4770
f 3294/3840/4770 3288/3837/4770 3289/3809/4770
f 3287/3841/4786 3283/3842/4786 3285/3843/4786
f 3296/3844/4787 3283/3842/4787 3287/3841/4787
f 3296/3844/4788 3281/3845/4788 3283/3842/4788
f 3281/3845/4789 3280/3846/4789 3283/3842/4789
f 3297/3847/4771 3281/3845/4771 3296/3844/4771
f 3297/3847/4771 3298/3848/4771 3281/3845/4771
f 3297/3809/4772 3299/3819/4772 3298/3849/4772
f 3298/3849/4772 3299/3819/4772 3300/3850/4772
f 3300/3849/4783 3299/3809/4783 3279/3851/4783
f 3279/3851/4783 3299/3809/4783 3301/3852/4783
f 3279/3851/4790 3301/3852/4790 3282/3853/4790
f 3282/3853/4791 3278/3854/4791 3279/3851/4791
f 3282/3853/4783 3301/3852/4783 3286/3855/4783
f 3282/3853/4783 3286/3855/4783 3284/3856/4783
f 3301/3809/4770 3296/3819/4770 3286/3857/4770
f 3286/3857/4770 3296/3819/4770 3287/3858/4770
f 3302/3859/4772 3304/3860/4772 3303/3809/4772
f 3302/3859/4772 3305/3861/4772 3304/3860/4772
f 3306/3862/4772 3305/3861/4772 3302/3859/4772
f 3306/3862/4772 3307/3863/4772 3305/3861/4772
f 3305/3861/4772 3308/3864/4772 3304/3860/4772
f 3304/3860/4772 3308/3864/4772 3309/3865/4772
f 3310/3809/4792 3306/3859/4792 3311/3863/4792
f 3311/3863/4793 3306/3859/4793 3302/3862/4793
f 3312/3809/4783 3307/3859/4783 3310/3860/4783
f 3310/3860/4783 3307/3859/4783 3306/3866/4783
f 3313/3861/4777 3305/3867/4777 3312/3863/4777
f 3312/3863/4794 3305/3867/4794 3307/3862/4794
f 3301/3809/4783 3308/3859/4783 3313/3868/4783
f 3313/3868/4783 3308/3859/4783 3305/3869/4783
f 3296/3809/4777 3309/3859/4777 3301/3870/4777
f 3301/3870/4782 3309/3859/4782 3308/3871/4782
f 3314/3809/4795 3304/3859/4795 3296/3868/4795
f 3296/3868/4796 3304/3859/4796 3309/3869/4796
f 3315/3809/4797 3303/3859/4797 3314/3860/4797
f 3314/3860/4777 3303/3859/4777 3304/3866/4777
f 3311/3809/4798 3302/3859/4798 3315/3860/4798
f 3315/3860/4785 3302/3859/4785 3303/3866/4785
f 3315/3809/4770 3314/3860/4770 3311/3872/4770
f 3311/3872/4770 3314/3860/4770 3313/3861/4770
f 3311/3872/4770 3313/3861/4770 3310/3873/4770
f 3310/3873/4770 3313/3861/4770 3312/3863/4770
f 3314/3860/4770 3296/3874/4770 3313/3861/4770
f 3313/3861/4770 3296/3874/4770 3301/3875/4770
f 3292/3876/4799 3299/3877/4799 3295/3878/4799
f 3295/3878/4792 3299/3877/4792 3288/3830/4792
f 3292/3876/4792 3301/3879/4792 3299/3877/4792
f 3288/3830/4792 3299/3877/4792 3297/3880/4792
f 3290/3831/4792 3301/3879/4792 3292/3876/4792
f 3288/3830/4792 3297/3880/4792 3290/3831/4792
f 3290/3831/4792 3296/3881/4792 3301/3879/4792
f 3297/3880/4792 3296/3881/4792 3290/3831/4792
f 3281/3882/4800 3270/3883/4800 3277/3884/4800
f 3281/3882/4782 3277/3884/4782 3274/3885/4782
f 3298/3847/4777 3270/3883/4777 3281/3882/4777
f 3274/3885/4801 3279/3886/4801 3281/3882/4801
f 3270/3883/4777 3298/3847/4777 3272/3887/4777
f 3272/3887/4800 3279/3886/4800 3274/3885/4800
f 3272/3887/4802 3298/3847/4802 3300/3888/4802
f 3272/3887/4800 3300/3888/4800 3279/3886/4800
f 3273/3889/4782 3294/3890/4782 3271/3813/4782
f 3273/3889/4800 3275/3891/4800 3294/3890/4800
f 3271/3813/4782 3294/3890/4782 3289/3892/4782
f 3294/3890/4803 3275/3891/4803 3293/3893/4803
f 3271/3813/4804 3289/3892/4804 3276/3809/4804
f 3293/3893/4778 3275/3891/4778 3276/3809/4778
f 3276/3809/4777 3289/3892/4777 3291/3894/4777
f 3276/3809/4805 3291/3894/4805 3293/3893/4805
o Window5Glass
v -29.619278 2.824999 -18.150829
v -29.619278 2.487998 -18.150829
v -30.389278 2.824999 -18.150236
v -30.389278 2.487998 -18.150236
v -29.619295 2.824999 -18.174829
v -29.619295 2.487998 -18.174829
v -30.389297 2.824999 -18.174232
v -30.389297 2.487998 -18.174232
vn 0.0008 -0.0000 1.0000
vn 1.0000 -0.0000 -0.0007
vn -0.0000 1.0000 -0.0000
vn -1.0000 -0.0000 0.0008
vn -0.0000 -1.0000 -0.0000
vn -0.0008 -0.0000 -1.0000
vt 77.000000 33.700001
vt 0.000000 33.700001
vt 77.000000 0.000000
vt 0.000000 0.000000
vt 2.400000 0.000000
vt 2.400000 33.700001
vt 0.000000 77.000000
vt 2.400000 77.000000
vt -77.000000 0.000000
vt -77.000000 33.700001
s 0
usemtl Material__28
f 3316/3895/4806 3318/3896/4806 3317/3897/4806
f 3317/3897/4806 3318/3896/4806 3319/3898/4806
f 3320/3898/4807 3316/3899/4807 3321/3896/4807
f 3321/3896/4807 3316/3899/4807 3317/3900/4807
f 3322/3898/4808 3318/3899/4808 3320/3901/4808
f 3320/3901/4808 3318/3899/4808 3316/3902/4808
f 3323/3898/4809 3319/3899/4809 3322/3896/4809
f 3322/3896/4809 3319/3899/4809 3318/3900/4809
f 3321/3898/4810 3317/3899/4810 3323/3901/4810
f 3323/3901/4810 3317/3899/4810 3319/3902/4810
f 3321/3903/4811 3323/3898/4811 3320/3904/4811
f 3320/3904/4811 3323/3898/4811 3322/3896/4811
o Window5Openable
v -29.619293 2.824999 -18.174826
v -29.619276 2.824998 -18.150827
v -29.619293 2.487998 -18.174826
v -29.619276 2.487998 -18.150827
v -30.389296 2.824999 -18.174231
v -30.389275 2.824999 -18.150232
v -30.389296 2.487998 -18.174231
v -30.389275 2.487998 -18.150232
v -29.629305 2.814999 -18.189327
v -29.629293 2.814999 -18.174818
v -29.629303 2.497998 -18.189327
v -29.629290 2.497998 -18.174820
v -30.379303 2.497998 -18.188747
v -30.379290 2.497998 -18.174238
v -30.379305 2.814999 -18.188747
v -30.379293 2.814999 -18.174238
v -29.619165 2.825147 -18.203829
v -29.619165 2.487849 -18.203829
v -30.389462 2.487849 -18.203232
v -30.389462 2.825145 -18.203234
v -29.629276 2.814999 -18.150820
v -29.629263 2.814999 -18.133047
v -29.629272 2.497998 -18.150822
v -29.629261 2.497998 -18.133049
v -30.379272 2.814999 -18.150238
v -30.379261 2.814999 -18.132465
v -30.379271 2.497998 -18.150238
v -30.379259 2.497998 -18.132465
v -29.611811 2.832443 -18.127287
v -29.611813 2.480553 -18.127287
v -30.396698 2.832443 -18.126680
v -30.396700 2.480553 -18.126680
v -30.418474 2.458783 -18.126663
v -30.429258 2.447998 -18.132427
v -30.418474 2.854213 -18.126661
v -30.429260 2.864998 -18.132427
v -29.589264 2.854998 -18.138849
v -29.589315 2.854999 -18.203850
v -29.589264 2.457998 -18.138849
v -29.589315 2.457998 -18.203850
v -30.419266 2.457999 -18.138208
v -30.419317 2.457999 -18.203209
v -30.419264 2.854998 -18.138206
v -30.419315 2.854999 -18.203209
v -29.590042 2.458783 -18.127302
v -29.579258 2.447998 -18.133083
v -29.590042 2.854213 -18.127302
v -29.579258 2.864999 -18.133083
v -30.429264 2.447998 -18.138201
v -30.429266 2.864998 -18.138201
v -29.579264 2.447998 -18.138859
v -29.579264 2.864998 -18.138859
vn -1.0000 -0.0000 0.0007
vn -0.0000 -1.0000 -0.0000
vn 1.0000 -0.0000 -0.0009
vn -0.0000 1.0000 -0.0000
vn -1.0000 -0.0000 0.0008
vn -1.0000 -0.0000 0.0009
vn -0.0000 1.0000 -0.0001
vn 1.0000 -0.0000 -0.0008
vn -0.8195 -0.0000 -0.5731
vn -0.8196 -0.0000 -0.5729
vn -0.0004 0.8192 -0.5736
vn -0.0004 0.8191 -0.5736
vn 0.8188 -0.0000 -0.5741
vn 0.8186 -0.0000 -0.5743
vn 0.8189 -0.0000 -0.5740
vn -0.0004 -0.8192 -0.5735
vn -0.0004 -0.8192 -0.5736
vn -1.0000 -0.0000 0.0006
vn 1.0000 -0.0000 -0.0006
vn -0.0000 1.0000 0.0001
vn -0.3135 -0.0000 0.9496
vn -0.3136 -0.0000 0.9496
vn 0.0007 -0.3141 0.9494
vn 0.0007 -0.3142 0.9494
vn 0.3148 -0.0000 0.9491
vn 0.3150 -0.0000 0.9491
vn 0.0007 0.3143 0.9493
vn 0.0007 0.3141 0.9494
vn -0.4711 -0.0000 0.8821
vn -0.4716 -0.0000 0.8818
vn 0.0007 -0.4719 0.8816
vn 0.0007 -0.4719 0.8817
vn 0.0007 0.4720 0.8816
vn 0.0007 0.4719 0.8816
vn -1.0000 -0.0000 0.0010
vn -1.0000 -0.0000 0.0005
vn -1.0000 0.0005 0.0010
vn 0.4726 -0.0000 0.8813
vn 0.4723 -0.0000 0.8814
vn 0.4728 0.0001 0.8812
vn 0.4725 -0.0000 0.8813
vn 1.0000 -0.0000 -0.0010
vn -0.0010 -0.0000 -1.0000
vn -0.0008 -0.0002 -1.0000
vn -0.0009 -0.0000 -1.0000
vn -0.0008 0.0002 -1.0000
vn -0.0003 -0.0000 -1.0000
vn -0.0008 -0.0000 -1.0000
vn 0.0006 -0.0000 1.0000
vn 0.0008 0.0001 1.0000
vn 0.0007 -0.0000 1.0000
vn 0.0008 -0.0000 1.0000
vn 0.0008 -0.0001 1.0000
vn 0.0009 -0.0000 1.0000
vn -0.0007 -0.0000 -1.0000
vn -0.0008 0.0001 -1.0000
vn -0.0008 -0.0001 -1.0000
vn -0.0005 -0.0000 -1.0000
vn -0.0006 -0.0000 -1.0000
vn 0.0003 -0.0000 1.0000
vn 0.0008 0.0002 1.0000
vn 0.0005 -0.0000 1.0000
vt 0.000000 0.000000
vt 33.700001 0.000000
vt 0.000000 2.400000
vt 33.700001 2.400000
vt 77.000000 0.000000
vt 77.000000 2.400000
vt 0.000000 -3.850710
vt 31.700001 -3.850710
vt 0.000000 -2.400000
vt 31.700001 -2.400000
vt 75.000000 -3.850710
vt 75.000000 -2.400000
vt 33.729607 0.000000
vt 1.014804 1.769256
vt 32.714806 1.769256
vt 77.029610 0.000000
vt 76.014801 1.769256
vt 31.700001 0.000000
vt 0.000000 1.777350
vt 31.700001 1.777350
vt 75.000000 0.000000
vt 75.000000 1.777350
vt -1.744576 1.837628
vt 33.444576 1.837628
vt 76.744576 1.837628
vt 39.543079 0.000000
vt -1.078461 1.223279
vt 40.621540 1.223279
vt 39.700001 0.000000
vt 0.000000 6.500000
vt 39.700001 6.500000
vt 83.000000 -0.000000
vt 83.000000 6.500000
vt 82.843079 -0.000000
vt 83.921539 1.223279
vt 41.700001 0.000000
vt 0.000000 0.577350
vt 41.700001 0.577350
vt 85.000000 -0.000000
vt 85.000000 0.577350
vt 85.000000 0.000000
vt 84.000000 1.000000
vt 84.000000 40.700001
vt 1.000000 1.000000
vt 85.000000 41.700001
vt 0.000000 41.700001
vt 1.000000 40.700001
vt 78.489151 -35.189152
vt 80.666115 -37.366116
vt 78.489151 0.000000
vt 0.000000 -35.189152
vt 80.666115 2.176964
vt -2.176964 -37.366116
vt -2.176964 2.176964
vt 80.014801 2.985196
vt 80.014801 36.714806
vt 2.985196 2.985196
vt 83.000000 39.700001
vt 0.000000 39.700001
vt 2.985196 36.714806
vt 77.000000 33.700001
vt 76.000000 32.700001
vt 0.000000 33.700001
vt 76.000000 1.000000
vt 1.000000 32.700001
vt 75.000000 -31.700001
vt 76.000000 -32.700001
vt 0.000000 -31.700001
vt -1.000000 -32.700001
vt -1.000000 1.000000
s 0
usemtl Material__31
f 3324/3905/4812 3326/3906/4812 3325/3907/4812
f 3325/3907/4812 3326/3906/4812 3327/3908/4812
f 3328/3905/4813 3324/3909/4813 3329/3907/4813
f 3329/3907/4813 3324/3909/4813 3325/3910/4813
f 3330/3905/4814 3328/3906/4814 3331/3907/4814
f 3331/3907/4814 3328/3906/4814 3329/3908/4814
f 3326/3905/4815 3330/3909/4815 3327/3907/4815
f 3327/3907/4815 3330/3909/4815 3331/3910/4815
f 3332/3911/4816 3334/3912/4816 3333/3913/4816
f 3333/3913/4817 3334/3912/4817 3335/3914/4817
f 3334/3911/4818 3336/3915/4818 3335/3913/4818
f 3335/3913/4815 3336/3915/4815 3337/3916/4815
f 3336/3911/4814 3338/3912/4814 3337/3913/4814
f 3337/3913/4819 3338/3912/4819 3339/3914/4819
f 3338/3911/4813 3332/3915/4813 3339/3913/4813
f 3339/3913/4813 3332/3915/4813 3333/3916/4813
f 3340/3905/4820 3341/3917/4820 3332/3918/4820
f 3332/3918/4821 3341/3917/4821 3334/3919/4821
f 3341/3905/4822 3342/3920/4822 3334/3918/4822
f 3334/3918/4823 3342/3920/4823 3336/3921/4823
f 3342/3905/4824 3343/3917/4825 3336/3918/4825
f 3336/3918/4826 3343/3917/4826 3338/3919/4826
f 3343/3905/4827 3340/3920/4827 3338/3918/4827
f 3338/3918/4828 3340/3920/4828 3332/3921/4828
f 3344/3905/4816 3346/3922/4816 3345/3923/4816
f 3345/3923/4829 3346/3922/4829 3347/3924/4829
f 3348/3905/4813 3344/3925/4813 3349/3923/4813
f 3349/3923/4813 3344/3925/4813 3345/3926/4813
f 3350/3905/4830 3348/3922/4830 3351/3923/4830
f 3351/3923/4830 3348/3922/4830 3349/3924/4830
f 3346/3905/4831 3350/3925/4831 3347/3923/4831
f 3347/3923/4815 3350/3925/4815 3351/3926/4815
f 3345/3905/4832 3347/3922/4832 3352/3927/4832
f 3352/3927/4833 3347/3922/4833 3353/3928/4833
f 3349/3905/4834 3345/3925/4834 3354/3927/4834
f 3354/3927/4835 3345/3925/4835 3352/3929/4835
f 3351/3905/4836 3349/3922/4836 3355/3927/4836
f 3355/3927/4837 3349/3922/4837 3354/3928/4837
f 3347/3905/4838 3351/3925/4838 3353/3927/4838
f 3353/3927/4839 3351/3925/4839 3355/3929/4839
f 3356/3905/4840 3358/3930/4840 3357/3931/4840
f 3357/3931/4841 3358/3930/4841 3359/3932/4841
f 3360/3905/4819 3362/3933/4819 3361/3934/4819
f 3361/3934/4819 3362/3933/4819 3363/3935/4819
f 3362/3905/4813 3364/3936/4813 3363/3934/4813
f 3363/3934/4813 3364/3936/4813 3365/3937/4813
f 3364/3905/4816 3366/3933/4816 3365/3934/4816
f 3365/3934/4816 3366/3933/4816 3367/3935/4816
f 3366/3905/4815 3360/3936/4815 3367/3934/4815
f 3367/3934/4815 3360/3936/4815 3361/3937/4815
f 3368/3905/4842 3356/3938/4842 3369/3931/4842
f 3369/3931/4843 3356/3938/4843 3357/3939/4843
f 3358/3905/4844 3370/3938/4844 3359/3931/4844
f 3359/3931/4845 3370/3938/4845 3371/3939/4845
f 3357/3905/4846 3359/3940/4846 3372/3941/4847
f 3372/3941/4848 3359/3940/4846 3373/3942/4846
f 3369/3905/4813 3357/3943/4813 3374/3941/4813
f 3374/3941/4813 3357/3943/4813 3372/3944/4813
f 3370/3905/4849 3368/3930/4850 3371/3931/4849
f 3371/3931/4851 3368/3930/4852 3369/3932/4852
f 3359/3905/4818 3371/3945/4818 3373/3941/4818
f 3373/3941/4818 3371/3945/4818 3375/3944/4818
f 3371/3905/4853 3369/3940/4853 3375/3941/4853
f 3375/3941/4853 3369/3940/4853 3374/3942/4853
f 3360/3946/4854 3375/3945/4854 3362/3947/4854
f 3366/3948/4855 3375/3945/4855 3360/3946/4855
f 3375/3945/4856 3374/3949/4856 3362/3947/4856
f 3366/3948/4855 3373/3905/4855 3375/3945/4855
f 3362/3947/4857 3374/3949/4857 3372/3950/4857
f 3364/3951/4858 3373/3905/4858 3366/3948/4858
f 3362/3947/4859 3372/3950/4859 3364/3951/4859
f 3364/3951/4856 3372/3950/4856 3373/3905/4856
f 3353/3952/4860 3368/3953/4860 3352/3954/4860
f 3355/3955/4861 3368/3953/4861 3353/3952/4861
f 3368/3953/4862 3370/3956/4862 3352/3954/4862
f 3355/3955/4863 3356/3957/4863 3368/3953/4863
f 3352/3954/4864 3370/3956/4864 3358/3958/4864
f 3354/3905/4865 3356/3957/4865 3355/3955/4865
f 3352/3954/4864 3358/3958/4864 3354/3905/4864
f 3354/3905/4862 3358/3958/4862 3356/3957/4862
f 3340/3959/4866 3361/3936/4866 3341/3960/4866
f 3343/3961/4867 3361/3936/4867 3340/3959/4867
f 3361/3936/4859 3363/3962/4859 3341/3960/4859
f 3343/3961/4867 3367/3905/4867 3361/3936/4867
f 3341/3960/4868 3363/3962/4868 3365/3963/4868
f 3342/3964/4866 3367/3905/4866 3343/3961/4866
f 3341/3960/4859 3365/3963/4859 3342/3964/4859
f 3342/3964/4866 3365/3963/4866 3367/3905/4866
f 3325/3909/4869 3327/3965/4869 3346/3966/4869
f 3346/3966/4855 3327/3965/4855 3331/3967/4855
f 3344/3968/4870 3325/3909/4870 3346/3966/4870
f 3346/3966/4857 3331/3967/4857 3350/3969/4857
f 3348/3948/4859 3325/3909/4859 3344/3968/4859
f 3350/3969/4870 3331/3967/4870 3329/3905/4870
f 3348/3948/4855 3329/3905/4855 3325/3909/4855
f 3350/3969/4859 3329/3905/4859 3348/3948/4859
f 3335/3970/4871 3326/3971/4871 3333/3925/4871
f 3337/3972/4872 3326/3971/4872 3335/3970/4872
f 3326/3971/4863 3324/3968/4863 3333/3925/4863
f 3337/3972/4863 3330/3973/4863 3326/3971/4863
f 3333/3925/4863 3324/3968/4863 3328/3974/4863
f 3339/3905/4873 3330/3973/4873 3337/3972/4873
f 3333/3925/4863 3328/3974/4863 3339/3905/4863
f 3339/3905/4863 3328/3974/4863 3330/3973/4863
o Window6Frame
v -26.002949 1.626109 -21.417135
v -26.002846 1.626109 -21.442135
v -25.977844 1.626108 -21.442032
v -25.067854 1.626108 -21.438248
v -25.042957 1.626109 -21.413143
v -25.042852 1.626109 -21.438143
v -25.067575 1.626108 -21.505245
v -25.977564 1.626108 -21.509029
v -25.042953 1.601109 -21.413141
v -26.002947 1.601109 -21.417131
v -25.042849 1.601109 -21.438141
v -25.067852 1.601109 -21.438246
v -25.067574 1.601109 -21.505245
v -25.977564 1.601109 -21.509031
v -25.977844 1.601109 -21.442030
v -26.002844 1.601109 -21.442133
v -25.937220 3.111109 -21.591864
v -25.937490 3.111109 -21.526861
v -25.107235 3.111109 -21.588409
v -25.107502 3.111109 -21.523411
v -25.107235 1.664109 -21.588409
v -25.107502 1.664109 -21.523411
v -25.937490 1.664109 -21.526863
v -25.937220 1.664109 -21.591864
v -25.067232 1.652109 -21.588245
v -25.977222 1.652109 -21.592030
v -25.067167 1.650796 -21.603249
v -25.977156 1.650797 -21.607027
v -25.067167 1.645854 -21.603245
v -25.977156 1.645854 -21.607027
v -25.066868 1.634918 -21.675743
v -25.976858 1.634918 -21.679529
v -25.066866 1.601109 -21.675743
v -25.976858 1.601109 -21.679527
v -25.917566 3.091109 -21.508783
v -25.917488 3.091109 -21.526783
v -25.917566 1.676109 -21.508780
v -25.917488 1.676109 -21.526781
v -25.127575 1.676109 -21.505489
v -25.127499 1.676109 -21.523495
v -25.127499 3.091109 -21.523497
v -25.127575 3.091109 -21.505493
v -25.977566 3.151109 -21.509031
v -25.977222 3.151109 -21.592028
v -25.067575 3.151109 -21.505245
v -25.067232 3.151109 -21.588245
vn -0.0000 1.0000 -0.0000
vn -0.0042 0.0001 1.0000
vn -0.0042 0.0002 1.0000
vn 1.0000 0.0004 0.0042
vn 1.0000 -0.0000 0.0042
vn 0.0042 -0.0001 -1.0000
vn 0.0044 -0.0001 -1.0000
vn 1.0000 0.0001 0.0042
vn 0.0042 0.0001 -1.0000
vn 0.0042 -0.0000 -1.0000
vn -1.0000 -0.0000 -0.0042
vn -1.0000 -0.0001 -0.0042
vn 0.0040 -0.0001 -1.0000
vn -1.0000 -0.0000 -0.0041
vn -1.0000 -0.0002 -0.0041
vn -0.0000 -1.0000 -0.0000
vn 0.0004 0.9962 -0.0872
vn 0.0004 0.9962 -0.0871
vn 0.0042 -0.0004 -1.0000
vn 0.0042 -0.0008 -1.0000
vn 0.0038 -0.0000 -1.0000
vn 0.0006 0.9888 -0.1492
vn 0.0006 0.9888 -0.1491
vn 1.0000 -0.0000 0.0043
vn -1.0000 0.0001 -0.0041
vn -1.0000 -0.0004 -0.0043
vn -1.0000 -0.0000 -0.0045
vn 1.0000 -0.0000 0.0041
vn -0.0041 -0.0000 1.0000
vn -0.0042 -0.0000 1.0000
vn -0.0042 -0.0001 1.0000
vn 0.0041 -0.0000 -1.0000
vn 0.0042 0.0002 -1.0000
vn 0.0044 -0.0000 -1.0000
vn 0.0040 -0.0000 -1.0000
vn 0.0039 -0.0000 -1.0000
vn 0.0039 -0.0003 -1.0000
vn 0.0044 0.0001 -1.0000
vt 2.500000 -0.000000
vt 0.000000 2.500000
vt 0.000000 0.000000
vt 0.000000 93.500000
vt 2.500000 96.000000
vt 0.000000 96.000000
vt -6.700000 93.500000
vt -6.700000 2.500000
vt 2.500000 2.500000
vt 2.500000 93.500000
vt 0.000000 6.700000
vt 2.500000 6.700000
vt 0.000000 91.000000
vt 2.500000 91.000000
vt -2.500000 -0.000000
vt -2.500000 96.000000
vt 6.700000 2.500000
vt 6.700000 93.500000
vt 83.000000 0.000000
vt 0.000000 6.500000
vt 83.000000 6.500000
vt 144.699997 0.000000
vt 144.699997 6.500000
vt 87.000000 6.500000
vt 4.000000 6.500000
vt 87.000000 -0.000000
vt 4.000000 0.000000
vt -0.000000 1.505730
vt 91.000000 1.505730
vt 91.000000 -0.000000
vt 0.000000 0.494270
vt 91.000000 0.494270
vt 0.000000 7.332017
vt 91.000000 7.332017
vt 0.000000 3.380888
vt 91.000000 3.380888
vt 142.699997 1.800000
vt 1.200000 1.800000
vt 142.699997 0.000000
vt 1.200000 0.000000
vt 85.000000 1.800000
vt 6.000000 1.800000
vt 85.000000 -0.000000
vt 6.000000 -0.000000
vt 141.500000 0.000000
vt 0.000000 1.800000
vt 141.500000 1.800000
vt 79.000000 1.800000
vt -0.000000 1.800000
vt 79.000000 -0.000000
vt -6.300000 17.049999
vt -1.825503 9.800000
vt -2.919111 17.049999
vt -6.300000 0.000000
vt -1.200000 8.300000
vt -1.331233 9.800000
vt 148.699997 0.000000
vt 148.699997 8.300000
vt 0.000000 8.300000
vt 91.000000 8.300000
vt 149.899994 8.300000
vt 155.000000 0.000000
vt 150.525497 9.800000
vt 150.031235 9.800000
vt 155.000000 17.049999
vt 151.619110 17.049999
vt 0.000000 17.049999
vt 91.000000 17.049999
vt 1.200000 -79.000000
vt 148.699997 -85.000000
vt 142.699997 -79.000000
vt -6.300000 -85.000000
vt 148.699997 6.000000
vt -6.300000 6.000000
vt -1.200000 0.000000
vt 144.699997 4.000000
vt 0.000000 4.000000
vt 0.000000 87.000000
vt -1.200000 91.000000
vt 144.699997 87.000000
vt 148.699997 91.000000
vt 144.699997 83.000000
vt 142.699997 81.000000
vt 0.000000 83.000000
vt 142.699997 2.000000
vt 1.200000 81.000000
vt 1.200000 2.000000
s 0
usemtl Material__31
f 3376/3975/4874 3378/3976/4874 3377/3977/4874
f 3376/3975/4874 3379/3978/4874 3378/3976/4874
f 3380/3979/4874 3379/3978/4874 3376/3975/4874
f 3380/3979/4874 3381/3980/4874 3379/3978/4874
f 3379/3978/4874 3382/3981/4874 3378/3976/4874
f 3378/3976/4874 3382/3981/4874 3383/3982/4874
f 3384/3977/4875 3380/3975/4875 3385/3980/4875
f 3385/3980/4876 3380/3975/4876 3376/3979/4876
f 3386/3977/4877 3381/3975/4877 3384/3976/4877
f 3384/3976/4878 3381/3975/4878 3380/3983/4878
f 3387/3978/4879 3379/3984/4879 3386/3980/4879
f 3386/3980/4880 3379/3984/4880 3381/3979/4880
f 3388/3977/4881 3382/3975/4881 3387/3985/4881
f 3387/3985/4878 3382/3975/4878 3379/3986/4878
f 3389/3977/4882 3383/3975/4882 3388/3987/4882
f 3388/3987/4883 3383/3975/4883 3382/3988/4883
f 3390/3977/4884 3378/3975/4884 3389/3985/4884
f 3389/3985/4885 3378/3975/4885 3383/3986/4885
f 3391/3977/4880 3377/3975/4880 3390/3976/4880
f 3390/3976/4886 3377/3975/4886 3378/3983/4886
f 3385/3977/4887 3376/3975/4887 3391/3976/4887
f 3391/3976/4888 3376/3975/4888 3377/3983/4888
f 3391/3977/4889 3390/3976/4889 3385/3989/4889
f 3385/3989/4889 3390/3976/4889 3387/3978/4889
f 3385/3989/4889 3387/3978/4889 3384/3990/4889
f 3384/3990/4889 3387/3978/4889 3386/3980/4889
f 3390/3976/4889 3389/3991/4889 3387/3978/4889
f 3387/3978/4889 3389/3991/4889 3388/3992/4889
f 3392/3977/4889 3394/3993/4889 3393/3994/4889
f 3393/3994/4889 3394/3993/4889 3395/3995/4889
f 3394/3977/4887 3396/3996/4887 3395/3994/4887
f 3395/3994/4887 3396/3996/4887 3397/3997/4887
f 3398/3998/4874 3397/3999/4874 3399/4000/4874
f 3399/4000/4874 3397/3999/4874 3396/4001/4874
f 3399/3977/4878 3392/3996/4878 3398/3994/4878
f 3398/3994/4878 3392/3996/4878 3393/3997/4878
f 3400/4002/4890 3402/3977/4890 3401/4003/4890
f 3401/4003/4891 3402/3977/4891 3403/4004/4891
f 3404/3977/4892 3405/4004/4893 3402/4005/4892
f 3402/4005/4894 3405/4004/4883 3403/4006/4883
f 3406/3977/4895 3407/4004/4895 3404/4007/4895
f 3404/4007/4896 3407/4004/4896 3405/4008/4896
f 3408/3977/4883 3409/4004/4883 3406/4009/4883
f 3406/4009/4879 3409/4004/4879 3407/4010/4879
f 3410/4011/4897 3412/4012/4897 3411/4013/4897
f 3411/4013/4897 3412/4012/4897 3413/4014/4897
f 3412/4015/4874 3414/4016/4874 3413/4017/4874
f 3413/4017/4874 3414/4016/4874 3415/4018/4874
f 3416/3977/4884 3415/4019/4884 3417/4020/4884
f 3417/4020/4884 3415/4019/4884 3414/4021/4884
f 3417/4022/4889 3410/4023/4889 3416/4024/4889
f 3416/4024/4889 3410/4023/4889 3411/3977/4889
f 3409/4025/4887 3405/4026/4887 3407/4027/4887
f 3389/4028/4898 3405/4026/4898 3409/4025/4898
f 3389/4028/4899 3401/4029/4899 3405/4026/4899
f 3401/4029/4900 3403/4030/4900 3405/4026/4900
f 3418/4031/4887 3401/4029/4887 3389/4028/4887
f 3418/4031/4887 3419/4032/4887 3401/4029/4887
f 3418/3977/4874 3420/4004/4874 3419/4033/4874
f 3419/4033/4874 3420/4004/4874 3421/4034/4874
f 3421/4033/4901 3420/3977/4901 3400/4035/4901
f 3400/4035/4901 3420/3977/4901 3388/4036/4901
f 3400/4035/4878 3388/4036/4878 3404/4037/4878
f 3404/4037/4897 3402/4038/4897 3400/4035/4897
f 3404/4037/4878 3388/4036/4878 3408/4039/4878
f 3404/4037/4901 3408/4039/4901 3406/4040/4901
f 3388/3977/4889 3389/4004/4889 3408/4041/4889
f 3408/4041/4889 3389/4004/4889 3409/4042/4889
f 3414/4043/4902 3420/4044/4902 3417/4045/4902
f 3417/4045/4903 3420/4044/4903 3410/4013/4903
f 3414/4043/4902 3388/4046/4902 3420/4044/4902
f 3410/4013/4903 3420/4044/4903 3418/4047/4903
f 3412/4014/4904 3388/4046/4904 3414/4043/4904
f 3410/4013/4902 3418/4047/4902 3412/4014/4902
f 3412/4014/4903 3389/4048/4903 3388/4046/4903
f 3418/4047/4903 3389/4048/4903 3412/4014/4903
f 3401/4049/4905 3392/4050/4905 3399/4051/4905
f 3401/4049/4883 3399/4051/4883 3396/4052/4883
f 3419/4031/4905 3392/4050/4905 3401/4049/4905
f 3396/4052/4906 3400/4053/4906 3401/4049/4906
f 3392/4050/4882 3419/4031/4882 3394/4054/4882
f 3394/4054/4905 3400/4053/4905 3396/4052/4905
f 3394/4054/4879 3419/4031/4879 3421/4055/4879
f 3394/4054/4883 3421/4055/4883 3400/4053/4883
f 3395/4056/4882 3416/4057/4882 3393/3996/4882
f 3395/4056/4907 3397/4058/4907 3416/4057/4907
f 3393/3996/4906 3416/4057/4906 3411/4059/4906
f 3416/4057/4905 3397/4058/4905 3415/4060/4905
f 3393/3996/4908 3411/4059/4908 3398/3977/4908
f 3415/4060/4879 3397/4058/4879 3398/3977/4879
f 3398/3977/4909 3411/4059/4909 3413/4061/4910
f 3398/3977/4879 3413/4061/4911 3415/4060/4879
o Window6Glass
v -25.907265 3.081110 -21.579744
v -25.907265 1.694109 -21.579744
v -25.137272 3.081110 -21.576544
v -25.137272 1.694109 -21.576544
v -25.907366 3.081110 -21.555742
v -25.907366 1.694109 -21.555742
v -25.137375 3.081109 -21.552546
v -25.137375 1.694109 -21.552546
vn 0.0042 -0.0000 -1.0000
vn -1.0000 -0.0000 -0.0042
vn -0.0000 1.0000 -0.0000
vn 1.0000 -0.0000 0.0043
vn -0.0000 -1.0000 -0.0000
vn -0.0042 -0.0000 1.0000
vt 77.000000 138.699997
vt 0.000000 138.699997
vt 77.000000 0.000000
vt 0.000000 0.000000
vt 2.400000 0.000000
vt 2.400000 138.699997
vt 0.000000 77.000000
vt 2.400000 77.000000
vt -77.000000 0.000000
vt -77.000000 138.699997
s 0
usemtl Material__28
f 3422/4062/4912 3424/4063/4912 3423/4064/4912
f 3423/4064/4912 3424/4063/4912 3425/4065/4912
f 3426/4065/4913 3422/4066/4913 3427/4063/4913
f 3427/4063/4913 3422/4066/4913 3423/4067/4913
f 3428/4065/4914 3424/4066/4914 3426/4068/4914
f 3426/4068/4914 3424/4066/4914 3422/4069/4914
f 3429/4065/4915 3425/4066/4915 3428/4063/4915
f 3428/4063/4915 3425/4066/4915 3424/4067/4915
f 3427/4065/4916 3423/4066/4916 3429/4068/4916
f 3429/4068/4916 3423/4066/4916 3425/4069/4916
f 3427/4070/4917 3429/4065/4917 3426/4071/4917
f 3426/4071/4917 3429/4065/4917 3428/4063/4917
o Window6Openable
v -25.907370 3.081109 -21.555746
v -25.907267 3.081109 -21.579748
v -25.907370 1.694109 -21.555746
v -25.907267 1.694109 -21.579748
v -25.137377 3.081109 -21.552547
v -25.137274 3.081109 -21.576546
v -25.137377 1.694109 -21.552547
v -25.137274 1.694109 -21.576546
v -25.897429 3.071109 -21.541201
v -25.897367 3.071110 -21.555706
v -25.897429 1.704109 -21.541201
v -25.897367 1.704109 -21.555704
v -25.147434 1.704110 -21.538076
v -25.147379 1.704109 -21.552584
v -25.147434 3.071110 -21.538078
v -25.147379 3.071110 -21.552584
v -25.907640 3.081257 -21.526745
v -25.907639 1.693961 -21.526747
v -25.137344 1.693961 -21.523544
v -25.137348 3.081257 -21.523544
v -25.897266 3.071110 -21.579706
v -25.897194 3.071110 -21.597481
v -25.897266 1.704109 -21.579702
v -25.897194 1.704109 -21.597479
v -25.147276 3.071109 -21.576584
v -25.147203 3.071110 -21.594357
v -25.147276 1.704109 -21.576584
v -25.147203 1.704109 -21.594355
v -25.914618 3.088555 -21.603325
v -25.914618 1.686663 -21.603327
v -25.129734 3.088556 -21.600060
v -25.129734 1.686663 -21.600060
v -25.107965 1.664894 -21.599970
v -25.097206 1.654109 -21.594149
v -25.107965 3.110325 -21.599970
v -25.097206 3.121109 -21.594149
v -25.937218 3.111109 -21.591871
v -25.937489 3.111109 -21.526871
v -25.937218 1.664109 -21.591871
v -25.937489 1.664109 -21.526875
v -25.107229 1.664109 -21.588417
v -25.107502 1.664109 -21.523418
v -25.107229 3.111109 -21.588417
v -25.107502 3.111110 -21.523418
v -25.936386 1.664893 -21.603415
v -25.947195 1.654109 -21.597687
v -25.936386 3.110325 -21.603415
v -25.947195 3.121110 -21.597687
v -25.097231 1.654110 -21.588375
v -25.097231 3.121109 -21.588375
v -25.947222 1.654109 -21.591913
v -25.947222 3.121109 -21.591913
vn 1.0000 -0.0000 0.0043
vn -0.0000 -1.0000 -0.0000
vn -1.0000 -0.0000 -0.0043
vn -0.0000 1.0000 -0.0000
vn 1.0000 -0.0000 0.0042
vn -0.0000 1.0000 -0.0001
vn -1.0000 -0.0000 -0.0038
vn -0.0000 -1.0000 -0.0001
vn 0.8168 -0.0000 0.5769
vn -0.0024 0.8192 0.5735
vn -0.0024 0.8191 0.5737
vn -0.8214 -0.0000 0.5703
vn -0.8216 -0.0000 0.5701
vn -0.8214 -0.0000 0.5704
vn -0.0024 -0.8192 0.5736
vn -0.0024 -0.8193 0.5734
vn 1.0000 -0.0000 0.0041
vn -1.0000 -0.0000 -0.0041
vn 0.3180 -0.0000 -0.9481
vn 0.3179 -0.0000 -0.9481
vn 0.0040 -0.3143 -0.9493
vn 0.0040 -0.3141 -0.9494
vn -0.3102 -0.0000 -0.9507
vn -0.3103 -0.0000 -0.9506
vn 0.0040 0.3143 -0.9493
vn 0.0040 0.3144 -0.9493
vn 0.4757 -0.0000 -0.8796
vn 0.4757 -0.0003 -0.8796
vn 0.4759 -0.0000 -0.8795
vn 0.4756 -0.0000 -0.8796
vn -1.0000 -0.0000 -0.0042
vn 0.0037 -0.4719 -0.8816
vn 0.0037 -0.4721 -0.8815
vn 0.0037 -0.4717 -0.8817
vn 0.0037 0.4722 -0.8815
vn 0.0037 0.4719 -0.8816
vn -0.0000 -1.0000 0.0001
vn -0.4680 -0.0000 -0.8837
vn -0.4683 -0.0000 -0.8836
vn -0.0000 1.0000 0.0002
vn -1.0000 -0.0000 -0.0046
vn -0.0042 -0.0000 1.0000
vn -0.0043 -0.0000 1.0000
vn -0.0039 -0.0000 1.0000
vn 0.0044 -0.0000 -1.0000
vn 0.0042 -0.0001 -1.0000
vn 0.0039 -0.0000 -1.0000
vn 0.0042 -0.0000 -1.0000
vn 0.0040 -0.0000 -1.0000
vn -0.0042 0.0001 1.0000
vn -0.0042 -0.0001 1.0000
vn -0.0047 -0.0000 1.0000
vn -0.0042 -0.0004 1.0000
vn -0.0042 -0.0003 1.0000
vn -0.0042 -0.0007 1.0000
vn -0.0036 0.0002 1.0000
vn -0.0038 -0.0000 1.0000
vn -0.0042 0.0003 1.0000
vn -0.0035 -0.0003 1.0000
vn -0.0037 -0.0000 1.0000
vn 0.0034 -0.0002 -1.0000
vn 0.0036 -0.0000 -1.0000
vn 0.0045 -0.0000 -1.0000
vn 0.0043 -0.0000 -1.0000
vn 0.0040 0.0001 -1.0000
vn 0.0041 0.0005 -1.0000
vn 0.0042 0.0001 -1.0000
vn 0.0038 -0.0000 -1.0000
vn 0.0035 -0.0003 -1.0000
vn 0.0035 -0.0000 -1.0000
vn 0.0042 -0.0005 -1.0000
vn 0.0039 -0.0008 -1.0000
vn 0.0039 0.0003 -1.0000
vt 0.000000 0.000000
vt 138.699997 0.000000
vt 0.000000 2.400000
vt 138.699997 2.400000
vt 77.000000 0.000000
vt 77.000000 2.400000
vt 0.000000 -3.850710
vt 136.699997 -3.850710
vt 0.000000 -2.400000
vt 136.699997 -2.400000
vt 75.000000 -3.850710
vt 75.000000 -2.400000
vt 138.729614 0.000000
vt 1.014804 1.769256
vt 137.714798 1.769256
vt 77.029610 -0.000000
vt 76.014801 1.769256
vt 136.699997 0.000000
vt 0.000000 1.777350
vt 136.699997 1.777350
vt 75.000000 -0.000000
vt 75.000000 1.777350
vt -1.744576 1.837628
vt 138.444580 1.837628
vt 76.744576 1.837628
vt 144.543076 0.000000
vt -1.078461 1.223279
vt 145.621536 1.223279
vt 144.699997 0.000000
vt 0.000000 6.500000
vt 144.699997 6.500000
vt 83.000000 0.000000
vt 83.000000 6.500000
vt 82.843079 0.000000
vt 83.921539 1.223279
vt 146.699997 0.000000
vt 0.000000 0.577350
vt 146.699997 0.577350
vt 85.000000 0.000000
vt 85.000000 0.577350
vt 85.000000 -0.000000
vt 84.000000 1.000000
vt 84.000000 145.699997
vt 1.000000 1.000000
vt 85.000000 146.699997
vt 0.000000 146.699997
vt 1.000000 145.699997
vt 78.489151 -140.189148
vt 80.666115 -142.366119
vt 78.489151 0.000000
vt 0.000000 -140.189148
vt 80.666115 2.176964
vt -2.176964 -142.366119
vt -2.176964 2.176964
vt 80.014801 2.985196
vt 80.014801 141.714798
vt 2.985196 2.985196
vt 83.000000 144.699997
vt 0.000000 144.699997
vt 2.985196 141.714798
vt 77.000000 138.699997
vt 76.000000 137.699997
vt 0.000000 138.699997
vt 76.000000 1.000000
vt 1.000000 137.699997
vt 75.000000 -136.699997
vt 76.000000 -137.699997
vt 0.000000 -136.699997
vt -1.000000 -137.699997
vt -1.000000 1.000000
s 0
usemtl Material__31
f 3430/4072/4918 3432/4073/4918 3431/4074/4918
f 3431/4074/4918 3432/4073/4918 3433/4075/4918
f 3434/4072/4919 3430/4076/4919 3435/4074/4919
f 3435/4074/4919 3430/4076/4919 3431/4077/4919
f 3436/4072/4920 3434/4073/4920 3437/4074/4920
f 3437/4074/4920 3434/4073/4920 3435/4075/4920
f 3432/4072/4921 3436/4076/4921 3433/4074/4921
f 3433/4074/4921 3436/4076/4921 3437/4077/4921
f 3438/4078/4922 3440/4079/4922 3439/4080/4922
f 3439/4080/4922 3440/4079/4922 3441/4081/4922
f 3440/4078/4921 3442/4082/4921 3441/4080/4921
f 3441/4080/4923 3442/4082/4923 3443/4083/4923
f 3442/4078/4924 3444/4079/4924 3443/4080/4924
f 3443/4080/4924 3444/4079/4924 3445/4081/4924
f 3444/4078/4919 3438/4082/4919 3445/4080/4919
f 3445/4080/4925 3438/4082/4925 3439/4083/4925
f 3446/4072/4926 3447/4084/4926 3438/4085/4926
f 3438/4085/4926 3447/4084/4926 3440/4086/4926
f 3447/4072/4927 3448/4087/4927 3440/4085/4927
f 3440/4085/4928 3448/4087/4928 3442/4088/4928
f 3448/4072/4929 3449/4084/4929 3442/4085/4929
f 3442/4085/4930 3449/4084/4930 3444/4086/4931
f 3449/4072/4932 3446/4087/4932 3444/4085/4932
f 3444/4085/4933 3446/4087/4933 3438/4088/4933
f 3450/4072/4934 3452/4089/4934 3451/4090/4934
f 3451/4090/4934 3452/4089/4934 3453/4091/4934
f 3454/4072/4925 3450/4092/4925 3455/4090/4925
f 3455/4090/4919 3450/4092/4919 3451/4093/4919
f 3456/4072/4935 3454/4089/4935 3457/4090/4935
f 3457/4090/4935 3454/4089/4935 3455/4091/4935
f 3452/4072/4921 3456/4092/4921 3453/4090/4921
f 3453/4090/4921 3456/4092/4921 3457/4093/4921
f 3451/4072/4936 3453/4089/4936 3458/4094/4936
f 3458/4094/4937 3453/4089/4937 3459/4095/4937
f 3455/4072/4938 3451/4092/4938 3460/4094/4938
f 3460/4094/4939 3451/4092/4939 3458/4096/4939
f 3457/4072/4940 3455/4089/4940 3461/4094/4940
f 3461/4094/4941 3455/4089/4941 3460/4095/4941
f 3453/4072/4942 3457/4092/4942 3459/4094/4942
f 3459/4094/4943 3457/4092/4943 3461/4096/4943
f 3462/4072/4944 3464/4097/4945 3463/4098/4944
f 3463/4098/4946 3464/4097/4947 3465/4099/4946
f 3466/4072/4948 3468/4100/4948 3467/4101/4948
f 3467/4101/4948 3468/4100/4948 3469/4102/4948
f 3468/4072/4919 3470/4103/4919 3469/4101/4919
f 3469/4101/4919 3470/4103/4919 3471/4104/4919
f 3470/4072/4922 3472/4100/4922 3471/4101/4922
f 3471/4101/4922 3472/4100/4922 3473/4102/4922
f 3472/4072/4921 3466/4103/4921 3473/4101/4921
f 3473/4101/4921 3466/4103/4921 3467/4104/4921
f 3474/4072/4949 3462/4105/4949 3475/4098/4949
f 3475/4098/4950 3462/4105/4950 3463/4106/4951
f 3464/4072/4952 3476/4105/4952 3465/4098/4952
f 3465/4098/4953 3476/4105/4953 3477/4106/4953
f 3463/4072/4918 3465/4107/4918 3478/4108/4918
f 3478/4108/4918 3465/4107/4918 3479/4109/4918
f 3475/4072/4919 3463/4110/4919 3480/4108/4919
f 3480/4108/4954 3463/4110/4954 3478/4111/4954
f 3476/4072/4955 3474/4097/4955 3477/4098/4955
f 3477/4098/4956 3474/4097/4956 3475/4099/4956
f 3465/4072/4921 3477/4112/4921 3479/4108/4921
f 3479/4108/4957 3477/4112/4957 3481/4111/4957
f 3477/4072/4958 3475/4107/4958 3481/4108/4958
f 3481/4108/4958 3475/4107/4958 3480/4109/4958
f 3466/4113/4959 3481/4110/4959 3468/4114/4959
f 3472/4115/4959 3481/4110/4959 3466/4113/4959
f 3481/4110/4960 3480/4116/4960 3468/4114/4960
f 3472/4115/4959 3479/4072/4959 3481/4110/4959
f 3468/4114/4959 3480/4116/4959 3478/4117/4959
f 3470/4118/4960 3479/4072/4960 3472/4115/4960
f 3468/4114/4959 3478/4117/4959 3470/4118/4959
f 3470/4118/4961 3478/4117/4961 3479/4072/4961
f 3459/4119/4962 3474/4120/4962 3458/4121/4962
f 3461/4122/4963 3474/4120/4963 3459/4119/4963
f 3474/4120/4964 3476/4123/4964 3458/4121/4964
f 3461/4122/4965 3462/4124/4965 3474/4120/4965
f 3458/4121/4965 3476/4123/4965 3464/4125/4965
f 3460/4072/4965 3462/4124/4965 3461/4122/4965
f 3458/4121/4965 3464/4125/4965 3460/4072/4965
f 3460/4072/4966 3464/4125/4966 3462/4124/4966
f 3446/4126/4960 3467/4103/4960 3447/4127/4960
f 3449/4128/4967 3467/4103/4967 3446/4126/4967
f 3467/4103/4960 3469/4129/4960 3447/4127/4960
f 3449/4128/4968 3473/4072/4968 3467/4103/4968
f 3447/4127/4968 3469/4129/4968 3471/4130/4968
f 3448/4131/4959 3473/4072/4959 3449/4128/4959
f 3447/4127/4967 3471/4130/4967 3448/4131/4967
f 3448/4131/4959 3471/4130/4959 3473/4072/4959
f 3431/4076/4969 3433/4132/4969 3452/4133/4969
f 3452/4133/4970 3433/4132/4970 3437/4134/4970
f 3450/4135/4959 3431/4076/4959 3452/4133/4959
f 3452/4133/4971 3437/4134/4971 3456/4136/4972
f 3454/4115/4959 3431/4076/4959 3450/4135/4959
f 3456/4136/4973 3437/4134/4974 3435/4072/4974
f 3454/4115/4975 3435/4072/4975 3431/4076/4975
f 3456/4136/4976 3435/4072/4977 3454/4115/4977
f 3441/4137/4978 3432/4138/4979 3439/4092/4979
f 3443/4139/4965 3432/4138/4965 3441/4137/4980
f 3432/4138/4981 3430/4135/4982 3439/4092/4981
f 3443/4139/4983 3436/4140/4983 3432/4138/4983
f 3439/4092/4984 3430/4135/4985 3434/4141/4984
f 3445/4072/4986 3436/4140/4987 3443/4139/4987
f 3439/4092/4988 3434/4141/4988 3445/4072/4989
f 3445/4072/4990 3434/4141/4985 3436/4140/4985
