# Blender 4.0.2
# www.blender.org
mtllib table3.mtl
o table
v -0.700000 -0.450000 0.054728
v 0.700000 -0.450000 0.054728
v 0.700000 0.450000 0.054728
v -0.700000 0.450000 0.054728
v -0.700000 -0.450000 0.104728
v 0.700000 -0.450000 0.104728
v 0.700000 0.450000 0.104728
v -0.700000 0.450000 0.104728
v -0.605000 -0.355000 -0.685272
v -0.555000 -0.355000 -0.685272
v -0.555000 -0.305000 -0.685272
v -0.605000 -0.305000 -0.685272
v -0.605000 -0.355000 0.054728
v -0.555000 -0.355000 0.054728
v -0.555000 -0.305000 0.054728
v -0.605000 -0.305000 0.054728
v 0.555000 -0.355000 -0.685272
v 0.605000 -0.355000 -0.685272
v 0.605000 -0.305000 -0.685272
v 0.555000 -0.305000 -0.685272
v 0.555000 -0.355000 0.054728
v 0.605000 -0.355000 0.054728
v 0.605000 -0.305000 0.054728
v 0.555000 -0.305000 0.054728
v 0.555000 0.305000 -0.685272
v 0.605000 0.305000 -0.685272
v 0.605000 0.355000 -0.685272
v 0.555000 0.355000 -0.685272
v 0.555000 0.305000 0.054728
v 0.605000 0.305000 0.054728
v 0.605000 0.355000 0.054728
v 0.555000 0.355000 0.054728
v -0.605000 0.305000 -0.685272
v -0.555000 0.305000 -0.685272
v -0.555000 0.355000 -0.685272
v -0.605000 0.355000 -0.685272
v -0.605000 0.305000 0.054728
v -0.555000 0.305000 0.054728
v -0.555000 0.355000 0.054728
v -0.605000 0.355000 0.054728
v 0.000000 -0.450000 0.054728
v 0.700000 0.000000 0.054728
v 0.000000 0.000000 0.054728
v -0.700000 -0.450000 0.079728
v 0.000000 -0.450000 0.104728
v 0.000000 0.000000 0.104728
v -0.700000 -0.000000 0.104728
v -0.580000 -0.355000 -0.685272
v -0.555000 -0.330000 -0.685272
v -0.580000 -0.330000 -0.685272
v -0.605000 -0.355000 -0.315272
v -0.580000 -0.355000 0.054728
v -0.580000 -0.330000 0.054728
v -0.605000 -0.330000 0.054728
v -0.700000 -0.000000 0.054728
v 0.580000 -0.355000 -0.685272
v 0.605000 -0.330000 -0.685272
v 0.580000 -0.330000 -0.685272
v 0.555000 -0.330000 0.054728
v 0.580000 -0.355000 0.054728
v 0.580000 -0.330000 0.054728
v 0.605000 -0.330000 0.054728
v 0.580000 -0.305000 -0.315272
v 0.000000 -0.450000 0.079728
v 0.580000 0.330000 -0.685272
v 0.555000 0.305000 -0.315272
v 0.580000 0.305000 0.054728
v 0.580000 0.330000 0.054728
v 0.555000 0.330000 0.054728
v -0.000000 0.450000 0.054728
v -0.580000 0.305000 -0.685272
v 0.700000 -0.450000 0.079728
v -0.580000 0.330000 -0.685272
v 0.580000 -0.305000 0.054728
v -0.580000 0.305000 0.054728
v -0.580000 0.330000 0.054728
v 0.700000 0.000000 0.079728
v -0.700000 -0.000000 0.079728
v 0.700000 0.450000 0.079728
v -0.000000 0.450000 0.079728
v -0.700000 0.450000 0.079728
v 0.580000 0.305000 -0.685272
v 0.555000 -0.305000 -0.315272
v 0.700000 0.000000 0.104728
v 0.555000 0.330000 -0.685272
v 0.605000 0.330000 -0.685272
v 0.580000 0.305000 -0.315272
v -0.000000 0.450000 0.104728
v 0.580000 0.355000 -0.685272
v 0.605000 0.305000 -0.315272
v 0.605000 0.330000 -0.315272
v 0.555000 0.330000 -0.315272
v 0.605000 0.355000 -0.315272
v 0.580000 0.355000 -0.315272
v 0.555000 0.355000 -0.315272
v -0.605000 -0.330000 -0.685272
v 0.605000 0.330000 0.054728
v -0.580000 -0.355000 -0.315272
v -0.605000 0.330000 0.054728
v -0.580000 -0.305000 -0.685272
v -0.555000 -0.355000 -0.315272
v 0.580000 0.355000 0.054728
v -0.555000 -0.330000 -0.315272
v -0.605000 -0.330000 -0.315272
v -0.555000 -0.305000 -0.315272
v -0.580000 -0.305000 -0.315272
v -0.605000 -0.305000 -0.315272
v -0.555000 -0.330000 0.054728
v -0.605000 0.330000 -0.685272
v -0.555000 0.330000 -0.685272
v -0.605000 0.305000 -0.315272
v -0.580000 0.305000 -0.315272
v -0.580000 -0.305000 0.054728
v -0.580000 0.355000 -0.685272
v -0.555000 0.305000 -0.315272
v -0.555000 0.330000 -0.315272
v -0.605000 0.330000 -0.315272
v -0.555000 0.355000 -0.315272
v -0.580000 0.355000 -0.315272
v -0.605000 0.355000 -0.315272
v 0.555000 -0.330000 -0.685272
v 0.555000 -0.355000 -0.315272
v -0.555000 0.330000 0.054728
v 0.580000 -0.355000 -0.315272
v 0.580000 -0.305000 -0.685272
v 0.605000 -0.355000 -0.315272
v -0.580000 0.355000 0.054728
v 0.605000 -0.330000 -0.315272
v 0.555000 -0.330000 -0.315272
v 0.605000 -0.305000 -0.315272
v 0.350000 -0.450000 0.054728
v 0.700000 0.225000 0.054728
v -0.350000 0.225000 0.054728
v -0.700000 -0.450000 0.092228
v 0.350000 -0.450000 0.104728
v 0.350000 0.225000 0.104728
v -0.700000 0.225000 0.104728
v -0.567500 -0.355000 -0.685272
v -0.555000 -0.317500 -0.685272
v -0.592500 -0.317500 -0.685272
v -0.605000 -0.355000 -0.130272
v -0.567500 -0.355000 0.054728
v -0.567500 -0.317500 0.054728
v -0.605000 -0.317500 0.054728
v -0.700000 0.225000 0.054728
v 0.592500 -0.355000 -0.685272
v 0.605000 -0.317500 -0.685272
v 0.567500 -0.317500 -0.685272
v 0.555000 -0.317500 0.054728
v 0.592500 -0.355000 0.054728
v 0.592500 -0.317500 0.054728
v 0.605000 -0.317500 0.054728
v 0.567500 -0.305000 -0.130272
v 0.350000 -0.450000 0.092228
v 0.567500 0.342500 -0.685272
v 0.555000 0.305000 -0.130272
v 0.592500 0.305000 0.054728
v 0.592500 0.342500 0.054728
v 0.555000 0.342500 0.054728
v -0.350000 0.450000 0.054728
v -0.567500 0.305000 -0.685272
v 0.700000 -0.450000 0.092228
v -0.592500 0.342500 -0.685272
v 0.567500 -0.305000 0.054728
v -0.567500 0.305000 0.054728
v -0.567500 0.342500 0.054728
v 0.700000 0.225000 0.092228
v -0.700000 -0.225000 0.092228
v 0.700000 0.450000 0.092228
v -0.350000 0.450000 0.092228
v -0.700000 0.450000 0.092228
v 0.592500 0.305000 -0.685272
v 0.555000 -0.305000 -0.130272
v 0.700000 0.225000 0.104728
v 0.555000 0.342500 -0.685272
v 0.605000 0.342500 -0.685272
v 0.592500 0.305000 -0.130272
v -0.350000 0.450000 0.104728
v 0.567500 0.355000 -0.685272
v 0.605000 0.305000 -0.130272
v 0.605000 0.342500 -0.130272
v 0.555000 0.317500 -0.130272
v 0.605000 0.355000 -0.130272
v 0.567500 0.355000 -0.130272
v 0.555000 0.355000 -0.130272
v -0.605000 -0.317500 -0.685272
v 0.605000 0.342500 0.054728
v -0.567500 -0.355000 -0.130272
v -0.605000 0.342500 0.054728
v -0.592500 -0.305000 -0.685272
v -0.555000 -0.355000 -0.130272
v 0.567500 0.355000 0.054728
v -0.555000 -0.317500 -0.130272
v -0.605000 -0.342500 -0.130272
v -0.555000 -0.305000 -0.130272
v -0.592500 -0.305000 -0.130272
v -0.605000 -0.305000 -0.130272
v -0.555000 -0.317500 0.054728
v -0.605000 0.342500 -0.685272
v -0.555000 0.342500 -0.685272
v -0.605000 0.305000 -0.130272
v -0.567500 0.305000 -0.130272
v -0.592500 -0.305000 0.054728
v -0.592500 0.355000 -0.685272
v -0.555000 0.305000 -0.130272
v -0.555000 0.342500 -0.130272
v -0.605000 0.317500 -0.130272
v -0.555000 0.355000 -0.130272
v -0.592500 0.355000 -0.130272
v -0.605000 0.355000 -0.130272
v 0.555000 -0.317500 -0.685272
v 0.555000 -0.355000 -0.130272
v -0.555000 0.342500 0.054728
v 0.592500 -0.355000 -0.130272
v 0.567500 -0.305000 -0.685272
v 0.605000 -0.355000 -0.130272
v -0.592500 0.355000 0.054728
v 0.605000 -0.317500 -0.130272
v 0.555000 -0.342500 -0.130272
v 0.605000 -0.305000 -0.130272
v -0.350000 -0.450000 0.054728
v 0.700000 -0.225000 0.054728
v 0.350000 -0.225000 0.054728
v -0.700000 -0.450000 0.067228
v -0.350000 -0.450000 0.104728
v -0.350000 -0.225000 0.104728
v -0.700000 -0.225000 0.104728
v -0.592500 -0.355000 -0.685272
v -0.555000 -0.342500 -0.685272
v -0.567500 -0.342500 -0.685272
v -0.605000 -0.355000 -0.500272
v -0.592500 -0.355000 0.054728
v -0.592500 -0.342500 0.054728
v -0.605000 -0.342500 0.054728
v -0.700000 -0.225000 0.054728
v 0.567500 -0.355000 -0.685272
v 0.605000 -0.342500 -0.685272
v 0.592500 -0.342500 -0.685272
v 0.555000 -0.342500 0.054728
v 0.567500 -0.355000 0.054728
v 0.567500 -0.342500 0.054728
v 0.605000 -0.342500 0.054728
v 0.592500 -0.305000 -0.500272
v -0.350000 -0.450000 0.067228
v 0.592500 0.317500 -0.685272
v 0.555000 0.305000 -0.500272
v 0.567500 0.305000 0.054728
v 0.567500 0.317500 0.054728
v 0.555000 0.317500 0.054728
v 0.350000 0.450000 0.054728
v -0.592500 0.305000 -0.685272
v 0.700000 -0.450000 0.067228
v -0.567500 0.317500 -0.685272
v 0.592500 -0.305000 0.054728
v -0.592500 0.305000 0.054728
v -0.592500 0.317500 0.054728
v 0.700000 -0.225000 0.067228
v -0.700000 0.225000 0.067228
v 0.700000 0.450000 0.067228
v 0.350000 0.450000 0.067228
v -0.700000 0.450000 0.067228
v 0.567500 0.305000 -0.685272
v 0.555000 -0.305000 -0.500272
v 0.700000 -0.225000 0.104728
v 0.555000 0.317500 -0.685272
v 0.605000 0.317500 -0.685272
v 0.567500 0.305000 -0.500272
v 0.350000 0.450000 0.104728
v 0.592500 0.355000 -0.685272
v 0.605000 0.305000 -0.500272
v 0.605000 0.317500 -0.500272
v 0.555000 0.342500 -0.500272
v 0.605000 0.355000 -0.500272
v 0.592500 0.355000 -0.500272
v 0.555000 0.355000 -0.500272
v -0.605000 -0.342500 -0.685272
v 0.605000 0.317500 0.054728
v -0.592500 -0.355000 -0.500272
v -0.605000 0.317500 0.054728
v -0.567500 -0.305000 -0.685272
v -0.555000 -0.355000 -0.500272
v 0.592500 0.355000 0.054728
v -0.555000 -0.342500 -0.500272
v -0.605000 -0.317500 -0.500272
v -0.555000 -0.305000 -0.500272
v -0.567500 -0.305000 -0.500272
v -0.605000 -0.305000 -0.500272
v -0.555000 -0.342500 0.054728
v -0.605000 0.317500 -0.685272
v -0.555000 0.317500 -0.685272
v -0.605000 0.305000 -0.500272
v -0.592500 0.305000 -0.500272
v -0.567500 -0.305000 0.054728
v -0.567500 0.355000 -0.685272
v -0.555000 0.305000 -0.500272
v -0.555000 0.317500 -0.500272
v -0.605000 0.342500 -0.500272
v -0.555000 0.355000 -0.500272
v -0.567500 0.355000 -0.500272
v -0.605000 0.355000 -0.500272
v 0.555000 -0.342500 -0.685272
v 0.555000 -0.355000 -0.500272
v -0.555000 0.317500 0.054728
v 0.567500 -0.355000 -0.500272
v 0.592500 -0.305000 -0.685272
v 0.605000 -0.355000 -0.500272
v -0.567500 0.355000 0.054728
v 0.605000 -0.342500 -0.500272
v 0.555000 -0.317500 -0.500272
v 0.605000 -0.305000 -0.500272
v -0.605000 0.342500 -0.130272
v -0.605000 0.342500 -0.315272
v -0.605000 0.330000 -0.130272
v -0.605000 0.317500 -0.315272
v -0.605000 0.330000 -0.500272
v -0.605000 0.317500 -0.500272
v -0.555000 0.317500 -0.130272
v -0.555000 0.317500 -0.315272
v -0.555000 0.330000 -0.130272
v -0.555000 0.342500 -0.315272
v -0.555000 0.330000 -0.500272
v -0.555000 0.342500 -0.500272
v -0.567500 0.355000 -0.130272
v -0.567500 0.355000 -0.315272
v -0.580000 0.355000 -0.130272
v -0.592500 0.355000 -0.315272
v -0.580000 0.355000 -0.500272
v -0.592500 0.355000 -0.500272
v -0.592500 0.305000 -0.130272
v -0.592500 0.305000 -0.315272
v -0.580000 0.305000 -0.130272
v -0.567500 0.305000 -0.315272
v -0.580000 0.305000 -0.500272
v -0.567500 0.305000 -0.500272
v -0.592500 0.342500 0.054728
v -0.592500 0.330000 0.054728
v -0.580000 0.342500 0.054728
v -0.567500 0.330000 0.054728
v -0.580000 0.317500 0.054728
v -0.567500 0.317500 0.054728
v -0.592500 0.317500 -0.685272
v -0.580000 0.317500 -0.685272
v -0.592500 0.330000 -0.685272
v -0.580000 0.342500 -0.685272
v -0.567500 0.330000 -0.685272
v -0.567500 0.342500 -0.685272
v 0.555000 0.342500 -0.130272
v 0.555000 0.342500 -0.315272
v 0.555000 0.330000 -0.130272
v 0.555000 0.317500 -0.315272
v 0.555000 0.330000 -0.500272
v 0.555000 0.317500 -0.500272
v 0.605000 0.317500 -0.130272
v 0.605000 0.317500 -0.315272
v 0.605000 0.330000 -0.130272
v 0.605000 0.342500 -0.315272
v 0.605000 0.330000 -0.500272
v 0.605000 0.342500 -0.500272
v 0.592500 0.355000 -0.130272
v 0.592500 0.355000 -0.315272
v 0.580000 0.355000 -0.130272
v 0.567500 0.355000 -0.315272
v 0.580000 0.355000 -0.500272
v 0.567500 0.355000 -0.500272
v 0.567500 0.305000 -0.130272
v 0.567500 0.305000 -0.315272
v 0.580000 0.305000 -0.130272
v 0.592500 0.305000 -0.315272
v 0.580000 0.305000 -0.500272
v 0.592500 0.305000 -0.500272
v 0.567500 0.342500 0.054728
v 0.567500 0.330000 0.054728
v 0.580000 0.342500 0.054728
v 0.592500 0.330000 0.054728
v 0.580000 0.317500 0.054728
v 0.592500 0.317500 0.054728
v 0.567500 0.317500 -0.685272
v 0.580000 0.317500 -0.685272
v 0.567500 0.330000 -0.685272
v 0.580000 0.342500 -0.685272
v 0.592500 0.330000 -0.685272
v 0.592500 0.342500 -0.685272
v 0.555000 -0.317500 -0.130272
v 0.555000 -0.317500 -0.315272
v 0.555000 -0.330000 -0.130272
v 0.555000 -0.342500 -0.315272
v 0.555000 -0.330000 -0.500272
v 0.555000 -0.342500 -0.500272
v 0.605000 -0.342500 -0.130272
v 0.605000 -0.342500 -0.315272
v 0.605000 -0.330000 -0.130272
v 0.605000 -0.317500 -0.315272
v 0.605000 -0.330000 -0.500272
v 0.605000 -0.317500 -0.500272
v 0.592500 -0.305000 -0.130272
v 0.592500 -0.305000 -0.315272
v 0.580000 -0.305000 -0.130272
v 0.567500 -0.305000 -0.315272
v 0.580000 -0.305000 -0.500272
v 0.567500 -0.305000 -0.500272
v 0.567500 -0.355000 -0.130272
v 0.567500 -0.355000 -0.315272
v 0.580000 -0.355000 -0.130272
v 0.592500 -0.355000 -0.315272
v 0.580000 -0.355000 -0.500272
v 0.592500 -0.355000 -0.500272
v 0.567500 -0.317500 0.054728
v 0.567500 -0.330000 0.054728
v 0.580000 -0.317500 0.054728
v 0.592500 -0.330000 0.054728
v 0.580000 -0.342500 0.054728
v 0.592500 -0.342500 0.054728
v 0.567500 -0.342500 -0.685272
v 0.580000 -0.342500 -0.685272
v 0.567500 -0.330000 -0.685272
v 0.580000 -0.317500 -0.685272
v 0.592500 -0.330000 -0.685272
v 0.592500 -0.317500 -0.685272
v -0.605000 -0.317500 -0.130272
v -0.605000 -0.317500 -0.315272
v -0.605000 -0.330000 -0.130272
v -0.605000 -0.342500 -0.315272
v -0.605000 -0.330000 -0.500272
v -0.605000 -0.342500 -0.500272
v -0.555000 -0.342500 -0.130272
v -0.555000 -0.342500 -0.315272
v -0.555000 -0.330000 -0.130272
v -0.555000 -0.317500 -0.315272
v -0.555000 -0.330000 -0.500272
v -0.555000 -0.317500 -0.500272
v -0.567500 -0.305000 -0.130272
v -0.567500 -0.305000 -0.315272
v -0.580000 -0.305000 -0.130272
v -0.592500 -0.305000 -0.315272
v -0.580000 -0.305000 -0.500272
v -0.592500 -0.305000 -0.500272
v -0.592500 -0.355000 -0.130272
v -0.592500 -0.355000 -0.315272
v -0.580000 -0.355000 -0.130272
v -0.567500 -0.355000 -0.315272
v -0.580000 -0.355000 -0.500272
v -0.567500 -0.355000 -0.500272
v -0.592500 -0.317500 0.054728
v -0.592500 -0.330000 0.054728
v -0.580000 -0.317500 0.054728
v -0.567500 -0.330000 0.054728
v -0.580000 -0.342500 0.054728
v -0.567500 -0.342500 0.054728
v -0.592500 -0.342500 -0.685272
v -0.580000 -0.342500 -0.685272
v -0.592500 -0.330000 -0.685272
v -0.580000 -0.317500 -0.685272
v -0.567500 -0.330000 -0.685272
v -0.567500 -0.317500 -0.685272
v -0.700000 0.225000 0.092228
v -0.700000 0.225000 0.079728
v -0.700000 -0.000000 0.092228
v -0.700000 -0.225000 0.079728
v -0.700000 -0.000000 0.067228
v -0.700000 -0.225000 0.067228
v 0.700000 -0.225000 0.092228
v 0.700000 -0.225000 0.079728
v 0.700000 0.000000 0.092228
v 0.700000 0.225000 0.079728
v 0.700000 0.000000 0.067228
v 0.700000 0.225000 0.067228
v 0.350000 0.450000 0.092228
v 0.350000 0.450000 0.079728
v -0.000000 0.450000 0.092228
v -0.350000 0.450000 0.079728
v -0.000000 0.450000 0.067228
v -0.350000 0.450000 0.067228
v -0.350000 -0.450000 0.092228
v -0.350000 -0.450000 0.079728
v 0.000000 -0.450000 0.092228
v 0.350000 -0.450000 0.079728
v 0.000000 -0.450000 0.067228
v 0.350000 -0.450000 0.067228
v -0.350000 0.225000 0.104728
v -0.350000 -0.000000 0.104728
v -0.000000 0.225000 0.104728
v 0.350000 0.000000 0.104728
v 0.000000 -0.225000 0.104728
v 0.350000 -0.225000 0.104728
v -0.350000 -0.225000 0.054728
v 0.000000 -0.225000 0.054728
v -0.350000 -0.000000 0.054728
v -0.000000 0.225000 0.054728
v 0.350000 0.000000 0.054728
v 0.350000 0.225000 0.054728
v 0.525000 -0.450000 0.054728
v 0.700000 0.337500 0.054728
v -0.525000 0.337500 0.054728
v -0.700000 -0.450000 0.098478
v 0.525000 -0.450000 0.104728
v 0.525000 0.337500 0.104728
v -0.700000 0.337500 0.104728
v -0.561250 -0.355000 -0.685272
v -0.555000 -0.311250 -0.685272
v -0.598750 -0.311250 -0.685272
v -0.605000 -0.355000 -0.037772
v -0.561250 -0.355000 0.054728
v -0.561250 -0.311250 0.054728
v -0.605000 -0.311250 0.054728
v -0.700000 0.337500 0.054728
v 0.598750 -0.355000 -0.685272
v 0.605000 -0.311250 -0.685272
v 0.561250 -0.311250 -0.685272
v 0.555000 -0.311250 0.054728
v 0.598750 -0.355000 0.054728
v 0.598750 -0.311250 0.054728
v 0.605000 -0.311250 0.054728
v 0.561250 -0.305000 -0.037772
v 0.525000 -0.450000 0.098478
v 0.561250 0.348750 -0.685272
v 0.555000 0.305000 -0.037772
v 0.598750 0.305000 0.054728
v 0.598750 0.348750 0.054728
v 0.555000 0.348750 0.054728
v -0.525000 0.450000 0.054728
v -0.561250 0.305000 -0.685272
v 0.700000 -0.450000 0.098478
v -0.598750 0.348750 -0.685272
v 0.561250 -0.305000 0.054728
v -0.561250 0.305000 0.054728
v -0.561250 0.348750 0.054728
v 0.700000 0.337500 0.098478
v -0.700000 -0.337500 0.098478
v 0.700000 0.450000 0.098478
v -0.525000 0.450000 0.098478
v -0.700000 0.450000 0.098478
v 0.598750 0.305000 -0.685272
v 0.555000 -0.305000 -0.037772
v 0.700000 0.337500 0.104728
v 0.555000 0.348750 -0.685272
v 0.605000 0.348750 -0.685272
v 0.598750 0.305000 -0.037772
v -0.525000 0.450000 0.104728
v 0.561250 0.355000 -0.685272
v 0.605000 0.305000 -0.037772
v 0.605000 0.348750 -0.037772
v 0.555000 0.311250 -0.037772
v 0.605000 0.355000 -0.037772
v 0.561250 0.355000 -0.037772
v 0.555000 0.355000 -0.037772
v -0.605000 -0.311250 -0.685272
v 0.605000 0.348750 0.054728
v -0.561250 -0.355000 -0.037772
v -0.605000 0.348750 0.054728
v -0.598750 -0.305000 -0.685272
v -0.555000 -0.355000 -0.037772
v 0.561250 0.355000 0.054728
v -0.555000 -0.311250 -0.037772
v -0.605000 -0.348750 -0.037772
v -0.555000 -0.305000 -0.037772
v -0.598750 -0.305000 -0.037772
v -0.605000 -0.305000 -0.037772
v -0.555000 -0.311250 0.054728
v -0.605000 0.348750 -0.685272
v -0.555000 0.348750 -0.685272
v -0.605000 0.305000 -0.037772
v -0.561250 0.305000 -0.037772
v -0.598750 -0.305000 0.054728
v -0.598750 0.355000 -0.685272
v -0.555000 0.305000 -0.037772
v -0.555000 0.348750 -0.037772
v -0.605000 0.311250 -0.037772
v -0.555000 0.355000 -0.037772
v -0.598750 0.355000 -0.037772
v -0.605000 0.355000 -0.037772
v 0.555000 -0.311250 -0.685272
v 0.555000 -0.355000 -0.037772
v -0.555000 0.348750 0.054728
v 0.598750 -0.355000 -0.037772
v 0.561250 -0.305000 -0.685272
v 0.605000 -0.355000 -0.037772
v -0.598750 0.355000 0.054728
v 0.605000 -0.311250 -0.037772
v 0.555000 -0.348750 -0.037772
v 0.605000 -0.305000 -0.037772
v -0.175000 -0.450000 0.054728
v 0.700000 -0.112500 0.054728
v 0.175000 -0.112500 0.054728
v -0.700000 -0.450000 0.073478
v -0.175000 -0.450000 0.104728
v -0.175000 -0.112500 0.104728
v -0.700000 -0.112500 0.104728
v -0.586250 -0.355000 -0.685272
v -0.555000 -0.336250 -0.685272
v -0.573750 -0.336250 -0.685272
v -0.605000 -0.355000 -0.407772
v -0.586250 -0.355000 0.054728
v -0.586250 -0.336250 0.054728
v -0.605000 -0.336250 0.054728
v -0.700000 -0.112500 0.054728
v 0.573750 -0.355000 -0.685272
v 0.605000 -0.336250 -0.685272
v 0.586250 -0.336250 -0.685272
v 0.555000 -0.336250 0.054728
v 0.573750 -0.355000 0.054728
v 0.573750 -0.336250 0.054728
v 0.605000 -0.336250 0.054728
v 0.586250 -0.305000 -0.407772
v -0.175000 -0.450000 0.073478
v 0.586250 0.323750 -0.685272
v 0.555000 0.305000 -0.407772
v 0.573750 0.305000 0.054728
v 0.573750 0.323750 0.054728
v 0.555000 0.323750 0.054728
v 0.175000 0.450000 0.054728
v -0.586250 0.305000 -0.685272
v 0.700000 -0.450000 0.073478
v -0.573750 0.323750 -0.685272
v 0.586250 -0.305000 0.054728
v -0.586250 0.305000 0.054728
v -0.586250 0.323750 0.054728
v 0.700000 -0.112500 0.073478
v -0.700000 0.112500 0.073478
v 0.700000 0.450000 0.073478
v 0.175000 0.450000 0.073478
v -0.700000 0.450000 0.073478
v 0.573750 0.305000 -0.685272
v 0.555000 -0.305000 -0.407772
v 0.700000 -0.112500 0.104728
v 0.555000 0.323750 -0.685272
v 0.605000 0.323750 -0.685272
v 0.573750 0.305000 -0.407772
v 0.175000 0.450000 0.104728
v 0.586250 0.355000 -0.685272
v 0.605000 0.305000 -0.407772
v 0.605000 0.323750 -0.407772
v 0.555000 0.336250 -0.407772
v 0.605000 0.355000 -0.407772
v 0.586250 0.355000 -0.407772
v 0.555000 0.355000 -0.407772
v -0.605000 -0.336250 -0.685272
v 0.605000 0.323750 0.054728
v -0.586250 -0.355000 -0.407772
v -0.605000 0.323750 0.054728
v -0.573750 -0.305000 -0.685272
v -0.555000 -0.355000 -0.407772
v 0.586250 0.355000 0.054728
v -0.555000 -0.336250 -0.407772
v -0.605000 -0.323750 -0.407772
v -0.555000 -0.305000 -0.407772
v -0.573750 -0.305000 -0.407772
v -0.605000 -0.305000 -0.407772
v -0.555000 -0.336250 0.054728
v -0.605000 0.323750 -0.685272
v -0.555000 0.323750 -0.685272
v -0.605000 0.305000 -0.407772
v -0.586250 0.305000 -0.407772
v -0.573750 -0.305000 0.054728
v -0.573750 0.355000 -0.685272
v -0.555000 0.305000 -0.407772
v -0.555000 0.323750 -0.407772
v -0.605000 0.336250 -0.407772
v -0.555000 0.355000 -0.407772
v -0.573750 0.355000 -0.407772
v -0.605000 0.355000 -0.407772
v 0.555000 -0.336250 -0.685272
v 0.555000 -0.355000 -0.407772
v -0.555000 0.323750 0.054728
v 0.573750 -0.355000 -0.407772
v 0.586250 -0.305000 -0.685272
v 0.605000 -0.355000 -0.407772
v -0.573750 0.355000 0.054728
v 0.605000 -0.336250 -0.407772
v 0.555000 -0.323750 -0.407772
v 0.605000 -0.305000 -0.407772
v -0.605000 0.336250 -0.037772
v -0.605000 0.336250 -0.315272
v -0.605000 0.330000 -0.222772
v -0.605000 0.311250 -0.315272
v -0.605000 0.330000 -0.592772
v -0.605000 0.323750 -0.592772
v -0.555000 0.323750 -0.037772
v -0.555000 0.323750 -0.315272
v -0.555000 0.330000 -0.222772
v -0.555000 0.348750 -0.315272
v -0.555000 0.330000 -0.592772
v -0.555000 0.336250 -0.592772
v -0.573750 0.355000 -0.037772
v -0.573750 0.355000 -0.315272
v -0.580000 0.355000 -0.222772
v -0.598750 0.355000 -0.315272
v -0.580000 0.355000 -0.592772
v -0.586250 0.355000 -0.592772
v -0.586250 0.305000 -0.037772
v -0.586250 0.305000 -0.315272
v -0.580000 0.305000 -0.222772
v -0.561250 0.305000 -0.315272
v -0.580000 0.305000 -0.592772
v -0.573750 0.305000 -0.592772
v -0.586250 0.348750 0.054728
v -0.586250 0.330000 0.054728
v -0.580000 0.336250 0.054728
v -0.561250 0.330000 0.054728
v -0.580000 0.311250 0.054728
v -0.573750 0.311250 0.054728
v -0.598750 0.323750 -0.685272
v -0.580000 0.323750 -0.685272
v -0.586250 0.330000 -0.685272
v -0.580000 0.348750 -0.685272
v -0.561250 0.330000 -0.685272
v -0.561250 0.336250 -0.685272
v 0.555000 0.336250 -0.037772
v 0.555000 0.336250 -0.315272
v 0.555000 0.330000 -0.222772
v 0.555000 0.311250 -0.315272
v 0.555000 0.330000 -0.592772
v 0.555000 0.323750 -0.592772
v 0.605000 0.323750 -0.037772
v 0.605000 0.323750 -0.315272
v 0.605000 0.330000 -0.222772
v 0.605000 0.348750 -0.315272
v 0.605000 0.330000 -0.592772
v 0.605000 0.336250 -0.592772
v 0.586250 0.355000 -0.037772
v 0.586250 0.355000 -0.315272
v 0.580000 0.355000 -0.222772
v 0.561250 0.355000 -0.315272
v 0.580000 0.355000 -0.592772
v 0.573750 0.355000 -0.592772
v 0.573750 0.305000 -0.037772
v 0.573750 0.305000 -0.315272
v 0.580000 0.305000 -0.222772
v 0.598750 0.305000 -0.315272
v 0.580000 0.305000 -0.592772
v 0.586250 0.305000 -0.592772
v 0.573750 0.348750 0.054728
v 0.573750 0.330000 0.054728
v 0.580000 0.336250 0.054728
v 0.598750 0.330000 0.054728
v 0.580000 0.311250 0.054728
v 0.586250 0.311250 0.054728
v 0.561250 0.323750 -0.685272
v 0.580000 0.323750 -0.685272
v 0.573750 0.330000 -0.685272
v 0.580000 0.348750 -0.685272
v 0.598750 0.330000 -0.685272
v 0.598750 0.336250 -0.685272
v 0.555000 -0.323750 -0.037772
v 0.555000 -0.323750 -0.315272
v 0.555000 -0.330000 -0.222772
v 0.555000 -0.348750 -0.315272
v 0.555000 -0.330000 -0.592772
v 0.555000 -0.336250 -0.592772
v 0.605000 -0.336250 -0.037772
v 0.605000 -0.336250 -0.315272
v 0.605000 -0.330000 -0.222772
v 0.605000 -0.311250 -0.315272
v 0.605000 -0.330000 -0.592772
v 0.605000 -0.323750 -0.592772
v 0.586250 -0.305000 -0.037772
v 0.586250 -0.305000 -0.315272
v 0.580000 -0.305000 -0.222772
v 0.561250 -0.305000 -0.315272
v 0.580000 -0.305000 -0.592772
v 0.573750 -0.305000 -0.592772
v 0.573750 -0.355000 -0.037772
v 0.573750 -0.355000 -0.315272
v 0.580000 -0.355000 -0.222772
v 0.598750 -0.355000 -0.315272
v 0.580000 -0.355000 -0.592772
v 0.586250 -0.355000 -0.592772
v 0.573750 -0.311250 0.054728
v 0.573750 -0.330000 0.054728
v 0.580000 -0.323750 0.054728
v 0.598750 -0.330000 0.054728
v 0.580000 -0.348750 0.054728
v 0.586250 -0.348750 0.054728
v 0.561250 -0.336250 -0.685272
v 0.580000 -0.336250 -0.685272
v 0.573750 -0.330000 -0.685272
v 0.580000 -0.311250 -0.685272
v 0.598750 -0.330000 -0.685272
v 0.598750 -0.323750 -0.685272
v -0.605000 -0.323750 -0.037772
v -0.605000 -0.323750 -0.315272
v -0.605000 -0.330000 -0.222772
v -0.605000 -0.348750 -0.315272
v -0.605000 -0.330000 -0.592772
v -0.605000 -0.336250 -0.592772
v -0.555000 -0.336250 -0.037772
v -0.555000 -0.336250 -0.315272
v -0.555000 -0.330000 -0.222772
v -0.555000 -0.311250 -0.315272
v -0.555000 -0.330000 -0.592772
v -0.555000 -0.323750 -0.592772
v -0.573750 -0.305000 -0.037772
v -0.573750 -0.305000 -0.315272
v -0.580000 -0.305000 -0.222772
v -0.598750 -0.305000 -0.315272
v -0.580000 -0.305000 -0.592772
v -0.586250 -0.305000 -0.592772
v -0.586250 -0.355000 -0.037772
v -0.586250 -0.355000 -0.315272
v -0.580000 -0.355000 -0.222772
v -0.561250 -0.355000 -0.315272
v -0.580000 -0.355000 -0.592772
v -0.573750 -0.355000 -0.592772
v -0.586250 -0.311250 0.054728
v -0.586250 -0.330000 0.054728
v -0.580000 -0.323750 0.054728
v -0.561250 -0.330000 0.054728
v -0.580000 -0.348750 0.054728
v -0.573750 -0.348750 0.054728
v -0.598750 -0.336250 -0.685272
v -0.580000 -0.336250 -0.685272
v -0.586250 -0.330000 -0.685272
v -0.580000 -0.311250 -0.685272
v -0.561250 -0.330000 -0.685272
v -0.561250 -0.323750 -0.685272
v -0.700000 0.112500 0.098478
v -0.700000 0.112500 0.079728
v -0.700000 -0.000000 0.085978
v -0.700000 -0.337500 0.079728
v -0.700000 -0.000000 0.060978
v -0.700000 -0.112500 0.060978
v 0.700000 -0.112500 0.098478
v 0.700000 -0.112500 0.079728
v 0.700000 0.000000 0.085978
v 0.700000 0.337500 0.079728
v 0.700000 0.000000 0.060978
v 0.700000 0.112500 0.060978
v 0.175000 0.450000 0.098478
v 0.175000 0.450000 0.079728
v -0.000000 0.450000 0.085978
v -0.525000 0.450000 0.079728
v -0.000000 0.450000 0.060978
v -0.175000 0.450000 0.060978
v -0.175000 -0.450000 0.098478
v -0.175000 -0.450000 0.079728
v 0.000000 -0.450000 0.085978
v 0.525000 -0.450000 0.079728
v 0.000000 -0.450000 0.060978
v 0.175000 -0.450000 0.060978
v -0.175000 0.337500 0.104728
v -0.175000 -0.000000 0.104728
v -0.000000 0.112500 0.104728
v 0.525000 0.000000 0.104728
v 0.000000 -0.337500 0.104728
v 0.175000 -0.337500 0.104728
v -0.525000 -0.112500 0.054728
v 0.000000 -0.112500 0.054728
v -0.175000 -0.000000 0.054728
v -0.000000 0.337500 0.054728
v 0.525000 0.000000 0.054728
v 0.525000 0.112500 0.054728
v 0.175000 -0.450000 0.054728
v 0.700000 0.112500 0.054728
v -0.175000 0.112500 0.054728
v -0.700000 -0.450000 0.085978
v 0.175000 -0.450000 0.104728
v 0.175000 0.112500 0.104728
v -0.700000 0.112500 0.104728
v -0.573750 -0.355000 -0.685272
v -0.555000 -0.323750 -0.685272
v -0.586250 -0.323750 -0.685272
v -0.605000 -0.355000 -0.222772
v -0.573750 -0.355000 0.054728
v -0.573750 -0.323750 0.054728
v -0.605000 -0.323750 0.054728
v -0.700000 0.112500 0.054728
v 0.586250 -0.355000 -0.685272
v 0.605000 -0.323750 -0.685272
v 0.573750 -0.323750 -0.685272
v 0.555000 -0.323750 0.054728
v 0.586250 -0.355000 0.054728
v 0.586250 -0.323750 0.054728
v 0.605000 -0.323750 0.054728
v 0.573750 -0.305000 -0.222772
v 0.175000 -0.450000 0.085978
v 0.573750 0.336250 -0.685272
v 0.555000 0.305000 -0.222772
v 0.586250 0.305000 0.054728
v 0.586250 0.336250 0.054728
v 0.555000 0.336250 0.054728
v -0.175000 0.450000 0.054728
v -0.573750 0.305000 -0.685272
v 0.700000 -0.450000 0.085978
v -0.586250 0.336250 -0.685272
v 0.573750 -0.305000 0.054728
v -0.573750 0.305000 0.054728
v -0.573750 0.336250 0.054728
v 0.700000 0.112500 0.085978
v -0.700000 -0.112500 0.085978
v 0.700000 0.450000 0.085978
v -0.175000 0.450000 0.085978
v -0.700000 0.450000 0.085978
v 0.586250 0.305000 -0.685272
v 0.555000 -0.305000 -0.222772
v 0.700000 0.112500 0.104728
v 0.555000 0.336250 -0.685272
v 0.605000 0.336250 -0.685272
v 0.586250 0.305000 -0.222772
v -0.175000 0.450000 0.104728
v 0.573750 0.355000 -0.685272
v 0.605000 0.305000 -0.222772
v 0.605000 0.336250 -0.222772
v 0.555000 0.323750 -0.222772
v 0.605000 0.355000 -0.222772
v 0.573750 0.355000 -0.222772
v 0.555000 0.355000 -0.222772
v -0.605000 -0.323750 -0.685272
v 0.605000 0.336250 0.054728
v -0.573750 -0.355000 -0.222772
v -0.605000 0.336250 0.054728
v -0.586250 -0.305000 -0.685272
v -0.555000 -0.355000 -0.222772
v 0.573750 0.355000 0.054728
v -0.555000 -0.323750 -0.222772
v -0.605000 -0.336250 -0.222772
v -0.555000 -0.305000 -0.222772
v -0.586250 -0.305000 -0.222772
v -0.605000 -0.305000 -0.222772
v -0.555000 -0.323750 0.054728
v -0.605000 0.336250 -0.685272
v -0.555000 0.336250 -0.685272
v -0.605000 0.305000 -0.222772
v -0.573750 0.305000 -0.222772
v -0.586250 -0.305000 0.054728
v -0.586250 0.355000 -0.685272
v -0.555000 0.305000 -0.222772
v -0.555000 0.336250 -0.222772
v -0.605000 0.323750 -0.222772
v -0.555000 0.355000 -0.222772
v -0.586250 0.355000 -0.222772
v -0.605000 0.355000 -0.222772
v 0.555000 -0.323750 -0.685272
v 0.555000 -0.355000 -0.222772
v -0.555000 0.336250 0.054728
v 0.586250 -0.355000 -0.222772
v 0.573750 -0.305000 -0.685272
v 0.605000 -0.355000 -0.222772
v -0.586250 0.355000 0.054728
v 0.605000 -0.323750 -0.222772
v 0.555000 -0.336250 -0.222772
v 0.605000 -0.305000 -0.222772
v -0.525000 -0.450000 0.054728
v 0.700000 -0.337500 0.054728
v 0.525000 -0.337500 0.054728
v -0.700000 -0.450000 0.060978
v -0.525000 -0.450000 0.104728
v -0.525000 -0.337500 0.104728
v -0.700000 -0.337500 0.104728
v -0.598750 -0.355000 -0.685272
v -0.555000 -0.348750 -0.685272
v -0.561250 -0.348750 -0.685272
v -0.605000 -0.355000 -0.592772
v -0.598750 -0.355000 0.054728
v -0.598750 -0.348750 0.054728
v -0.605000 -0.348750 0.054728
v -0.700000 -0.337500 0.054728
v 0.561250 -0.355000 -0.685272
v 0.605000 -0.348750 -0.685272
v 0.598750 -0.348750 -0.685272
v 0.555000 -0.348750 0.054728
v 0.561250 -0.355000 0.054728
v 0.561250 -0.348750 0.054728
v 0.605000 -0.348750 0.054728
v 0.598750 -0.305000 -0.592772
v -0.525000 -0.450000 0.060978
v 0.598750 0.311250 -0.685272
v 0.555000 0.305000 -0.592772
v 0.561250 0.305000 0.054728
v 0.561250 0.311250 0.054728
v 0.555000 0.311250 0.054728
v 0.525000 0.450000 0.054728
v -0.598750 0.305000 -0.685272
v 0.700000 -0.450000 0.060978
v -0.561250 0.311250 -0.685272
v 0.598750 -0.305000 0.054728
v -0.598750 0.305000 0.054728
v -0.598750 0.311250 0.054728
v 0.700000 -0.337500 0.060978
v -0.700000 0.337500 0.060978
v 0.700000 0.450000 0.060978
v 0.525000 0.450000 0.060978
v -0.700000 0.450000 0.060978
v 0.561250 0.305000 -0.685272
v 0.555000 -0.305000 -0.592772
v 0.700000 -0.337500 0.104728
v 0.555000 0.311250 -0.685272
v 0.605000 0.311250 -0.685272
v 0.561250 0.305000 -0.592772
v 0.525000 0.450000 0.104728
v 0.598750 0.355000 -0.685272
v 0.605000 0.305000 -0.592772
v 0.605000 0.311250 -0.592772
v 0.555000 0.348750 -0.592772
v 0.605000 0.355000 -0.592772
v 0.598750 0.355000 -0.592772
v 0.555000 0.355000 -0.592772
v -0.605000 -0.348750 -0.685272
v 0.605000 0.311250 0.054728
v -0.598750 -0.355000 -0.592772
v -0.605000 0.311250 0.054728
v -0.561250 -0.305000 -0.685272
v -0.555000 -0.355000 -0.592772
v 0.598750 0.355000 0.054728
v -0.555000 -0.348750 -0.592772
v -0.605000 -0.311250 -0.592772
v -0.555000 -0.305000 -0.592772
v -0.561250 -0.305000 -0.592772
v -0.605000 -0.305000 -0.592772
v -0.555000 -0.348750 0.054728
v -0.605000 0.311250 -0.685272
v -0.555000 0.311250 -0.685272
v -0.605000 0.305000 -0.592772
v -0.598750 0.305000 -0.592772
v -0.561250 -0.305000 0.054728
v -0.561250 0.355000 -0.685272
v -0.555000 0.305000 -0.592772
v -0.555000 0.311250 -0.592772
v -0.605000 0.348750 -0.592772
v -0.555000 0.355000 -0.592772
v -0.561250 0.355000 -0.592772
v -0.605000 0.355000 -0.592772
v 0.555000 -0.348750 -0.685272
v 0.555000 -0.355000 -0.592772
v -0.555000 0.311250 0.054728
v 0.561250 -0.355000 -0.592772
v 0.598750 -0.305000 -0.685272
v 0.605000 -0.355000 -0.592772
v -0.561250 0.355000 0.054728
v 0.605000 -0.348750 -0.592772
v 0.555000 -0.311250 -0.592772
v 0.605000 -0.305000 -0.592772
v -0.605000 0.348750 -0.222772
v -0.605000 0.348750 -0.315272
v -0.605000 0.330000 -0.037772
v -0.605000 0.323750 -0.315272
v -0.605000 0.330000 -0.407772
v -0.605000 0.311250 -0.407772
v -0.555000 0.311250 -0.222772
v -0.555000 0.311250 -0.315272
v -0.555000 0.330000 -0.037772
v -0.555000 0.336250 -0.315272
v -0.555000 0.330000 -0.407772
v -0.555000 0.348750 -0.407772
v -0.561250 0.355000 -0.222772
v -0.561250 0.355000 -0.315272
v -0.580000 0.355000 -0.037772
v -0.586250 0.355000 -0.315272
v -0.580000 0.355000 -0.407772
v -0.598750 0.355000 -0.407772
v -0.598750 0.305000 -0.222772
v -0.598750 0.305000 -0.315272
v -0.580000 0.305000 -0.037772
v -0.573750 0.305000 -0.315272
v -0.580000 0.305000 -0.407772
v -0.561250 0.305000 -0.407772
v -0.598750 0.336250 0.054728
v -0.598750 0.330000 0.054728
v -0.580000 0.348750 0.054728
v -0.573750 0.330000 0.054728
v -0.580000 0.323750 0.054728
v -0.561250 0.323750 0.054728
v -0.586250 0.311250 -0.685272
v -0.580000 0.311250 -0.685272
v -0.598750 0.330000 -0.685272
v -0.580000 0.336250 -0.685272
v -0.573750 0.330000 -0.685272
v -0.573750 0.348750 -0.685272
v 0.555000 0.348750 -0.222772
v 0.555000 0.348750 -0.315272
v 0.555000 0.330000 -0.037772
v 0.555000 0.323750 -0.315272
v 0.555000 0.330000 -0.407772
v 0.555000 0.311250 -0.407772
v 0.605000 0.311250 -0.222772
v 0.605000 0.311250 -0.315272
v 0.605000 0.330000 -0.037772
v 0.605000 0.336250 -0.315272
v 0.605000 0.330000 -0.407772
v 0.605000 0.348750 -0.407772
v 0.598750 0.355000 -0.222772
v 0.598750 0.355000 -0.315272
v 0.580000 0.355000 -0.037772
v 0.573750 0.355000 -0.315272
v 0.580000 0.355000 -0.407772
v 0.561250 0.355000 -0.407772
v 0.561250 0.305000 -0.222772
v 0.561250 0.305000 -0.315272
v 0.580000 0.305000 -0.037772
v 0.586250 0.305000 -0.315272
v 0.580000 0.305000 -0.407772
v 0.598750 0.305000 -0.407772
v 0.561250 0.336250 0.054728
v 0.561250 0.330000 0.054728
v 0.580000 0.348750 0.054728
v 0.586250 0.330000 0.054728
v 0.580000 0.323750 0.054728
v 0.598750 0.323750 0.054728
v 0.573750 0.311250 -0.685272
v 0.580000 0.311250 -0.685272
v 0.561250 0.330000 -0.685272
v 0.580000 0.336250 -0.685272
v 0.586250 0.330000 -0.685272
v 0.586250 0.348750 -0.685272
v 0.555000 -0.311250 -0.222772
v 0.555000 -0.311250 -0.315272
v 0.555000 -0.330000 -0.037772
v 0.555000 -0.336250 -0.315272
v 0.555000 -0.330000 -0.407772
v 0.555000 -0.348750 -0.407772
v 0.605000 -0.348750 -0.222772
v 0.605000 -0.348750 -0.315272
v 0.605000 -0.330000 -0.037772
v 0.605000 -0.323750 -0.315272
v 0.605000 -0.330000 -0.407772
v 0.605000 -0.311250 -0.407772
v 0.598750 -0.305000 -0.222772
v 0.598750 -0.305000 -0.315272
v 0.580000 -0.305000 -0.037772
v 0.573750 -0.305000 -0.315272
v 0.580000 -0.305000 -0.407772
v 0.561250 -0.305000 -0.407772
v 0.561250 -0.355000 -0.222772
v 0.561250 -0.355000 -0.315272
v 0.580000 -0.355000 -0.037772
v 0.586250 -0.355000 -0.315272
v 0.580000 -0.355000 -0.407772
v 0.598750 -0.355000 -0.407772
v 0.561250 -0.323750 0.054728
v 0.561250 -0.330000 0.054728
v 0.580000 -0.311250 0.054728
v 0.586250 -0.330000 0.054728
v 0.580000 -0.336250 0.054728
v 0.598750 -0.336250 0.054728
v 0.573750 -0.348750 -0.685272
v 0.580000 -0.348750 -0.685272
v 0.561250 -0.330000 -0.685272
v 0.580000 -0.323750 -0.685272
v 0.586250 -0.330000 -0.685272
v 0.586250 -0.311250 -0.685272
v -0.605000 -0.311250 -0.222772
v -0.605000 -0.311250 -0.315272
v -0.605000 -0.330000 -0.037772
v -0.605000 -0.336250 -0.315272
v -0.605000 -0.330000 -0.407772
v -0.605000 -0.348750 -0.407772
v -0.555000 -0.348750 -0.222772
v -0.555000 -0.348750 -0.315272
v -0.555000 -0.330000 -0.037772
v -0.555000 -0.323750 -0.315272
v -0.555000 -0.330000 -0.407772
v -0.555000 -0.311250 -0.407772
v -0.561250 -0.305000 -0.222772
v -0.561250 -0.305000 -0.315272
v -0.580000 -0.305000 -0.037772
v -0.586250 -0.305000 -0.315272
v -0.580000 -0.305000 -0.407772
v -0.598750 -0.305000 -0.407772
v -0.598750 -0.355000 -0.222772
v -0.598750 -0.355000 -0.315272
v -0.580000 -0.355000 -0.037772
v -0.573750 -0.355000 -0.315272
v -0.580000 -0.355000 -0.407772
v -0.561250 -0.355000 -0.407772
v -0.598750 -0.323750 0.054728
v -0.598750 -0.330000 0.054728
v -0.580000 -0.311250 0.054728
v -0.573750 -0.330000 0.054728
v -0.580000 -0.336250 0.054728
v -0.561250 -0.336250 0.054728
v -0.586250 -0.348750 -0.685272
v -0.580000 -0.348750 -0.685272
v -0.598750 -0.330000 -0.685272
v -0.580000 -0.323750 -0.685272
v -0.573750 -0.330000 -0.685272
v -0.573750 -0.311250 -0.685272
v -0.700000 0.337500 0.085978
v -0.700000 0.337500 0.079728
v -0.700000 -0.000000 0.098478
v -0.700000 -0.112500 0.079728
v -0.700000 -0.000000 0.073478
v -0.700000 -0.337500 0.073478
v 0.700000 -0.337500 0.085978
v 0.700000 -0.337500 0.079728
v 0.700000 0.000000 0.098478
v 0.700000 0.112500 0.079728
v 0.700000 0.000000 0.073478
v 0.700000 0.337500 0.073478
v 0.525000 0.450000 0.085978
v 0.525000 0.450000 0.079728
v -0.000000 0.450000 0.098478
v -0.175000 0.450000 0.079728
v -0.000000 0.450000 0.073478
v -0.525000 0.450000 0.073478
v -0.525000 -0.450000 0.085978
v -0.525000 -0.450000 0.079728
v 0.000000 -0.450000 0.098478
v 0.175000 -0.450000 0.079728
v 0.000000 -0.450000 0.073478
v 0.525000 -0.450000 0.073478
v -0.525000 0.112500 0.104728
v -0.525000 -0.000000 0.104728
v -0.000000 0.337500 0.104728
v 0.175000 0.000000 0.104728
v 0.000000 -0.112500 0.104728
v 0.525000 -0.112500 0.104728
v -0.175000 -0.337500 0.054728
v 0.000000 -0.337500 0.054728
v -0.525000 -0.000000 0.054728
v -0.000000 0.112500 0.054728
v 0.175000 0.000000 0.054728
v 0.175000 0.337500 0.054728
v 0.350000 0.337500 0.054728
v 0.525000 0.225000 0.054728
v 0.525000 0.337500 0.054728
v 0.175000 0.225000 0.054728
v 0.175000 0.112500 0.054728
v 0.350000 0.112500 0.054728
v -0.350000 0.337500 0.054728
v -0.175000 0.225000 0.054728
v -0.175000 0.337500 0.054728
v -0.525000 0.112500 0.054728
v -0.350000 0.112500 0.054728
v -0.525000 0.225000 0.054728
v -0.350000 -0.112500 0.054728
v -0.175000 -0.225000 0.054728
v -0.175000 -0.112500 0.054728
v -0.525000 -0.337500 0.054728
v -0.350000 -0.337500 0.054728
v -0.525000 -0.225000 0.054728
v 0.525000 -0.225000 0.104728
v 0.350000 -0.337500 0.104728
v 0.525000 -0.337500 0.104728
v 0.350000 -0.112500 0.104728
v 0.175000 -0.112500 0.104728
v 0.175000 -0.225000 0.104728
v 0.525000 0.225000 0.104728
v 0.350000 0.112500 0.104728
v 0.525000 0.112500 0.104728
v 0.175000 0.337500 0.104728
v 0.175000 0.225000 0.104728
v 0.350000 0.337500 0.104728
v -0.175000 0.225000 0.104728
v -0.350000 0.112500 0.104728
v -0.175000 0.112500 0.104728
v -0.525000 0.337500 0.104728
v -0.525000 0.225000 0.104728
v -0.350000 0.337500 0.104728
v 0.525000 -0.450000 0.067228
v 0.350000 -0.450000 0.060978
v 0.525000 -0.450000 0.060978
v 0.350000 -0.450000 0.073478
v 0.175000 -0.450000 0.073478
v 0.175000 -0.450000 0.067228
v 0.525000 -0.450000 0.092228
v 0.350000 -0.450000 0.085978
v 0.525000 -0.450000 0.085978
v 0.175000 -0.450000 0.098478
v 0.175000 -0.450000 0.092228
v 0.350000 -0.450000 0.098478
v -0.175000 -0.450000 0.092228
v -0.350000 -0.450000 0.085978
v -0.175000 -0.450000 0.085978
v -0.525000 -0.450000 0.098478
v -0.525000 -0.450000 0.092228
v -0.350000 -0.450000 0.098478
v -0.525000 0.450000 0.067228
v -0.350000 0.450000 0.060978
v -0.525000 0.450000 0.060978
v -0.350000 0.450000 0.073478
v -0.175000 0.450000 0.073478
v -0.175000 0.450000 0.067228
v -0.525000 0.450000 0.092228
v -0.350000 0.450000 0.085978
v -0.525000 0.450000 0.085978
v -0.175000 0.450000 0.098478
v -0.175000 0.450000 0.092228
v -0.350000 0.450000 0.098478
v 0.175000 0.450000 0.092228
v 0.350000 0.450000 0.085978
v 0.175000 0.450000 0.085978
v 0.525000 0.450000 0.098478
v 0.525000 0.450000 0.092228
v 0.350000 0.450000 0.098478
v 0.700000 0.337500 0.067228
v 0.700000 0.225000 0.060978
v 0.700000 0.337500 0.060978
v 0.700000 0.225000 0.073478
v 0.700000 0.112500 0.073478
v 0.700000 0.112500 0.067228
v 0.700000 0.337500 0.092228
v 0.700000 0.225000 0.085978
v 0.700000 0.337500 0.085978
v 0.700000 0.112500 0.098478
v 0.700000 0.112500 0.092228
v 0.700000 0.225000 0.098478
v 0.700000 -0.112500 0.092228
v 0.700000 -0.225000 0.085978
v 0.700000 -0.112500 0.085978
v 0.700000 -0.337500 0.098478
v 0.700000 -0.337500 0.092228
v 0.700000 -0.225000 0.098478
v -0.700000 -0.337500 0.067228
v -0.700000 -0.225000 0.060978
v -0.700000 -0.337500 0.060978
v -0.700000 -0.225000 0.073478
v -0.700000 -0.112500 0.073478
v -0.700000 -0.112500 0.067228
v -0.700000 -0.337500 0.092228
v -0.700000 -0.225000 0.085978
v -0.700000 -0.337500 0.085978
v -0.700000 -0.112500 0.098478
v -0.700000 -0.112500 0.092228
v -0.700000 -0.225000 0.098478
v -0.700000 0.112500 0.092228
v -0.700000 0.225000 0.085978
v -0.700000 0.112500 0.085978
v -0.700000 0.337500 0.098478
v -0.700000 0.337500 0.092228
v -0.700000 0.225000 0.098478
v -0.567500 -0.311250 -0.685272
v -0.561250 -0.317500 -0.685272
v -0.561250 -0.311250 -0.685272
v -0.573750 -0.317500 -0.685272
v -0.573750 -0.323750 -0.685272
v -0.567500 -0.323750 -0.685272
v -0.592500 -0.311250 -0.685272
v -0.586250 -0.317500 -0.685272
v -0.586250 -0.311250 -0.685272
v -0.598750 -0.323750 -0.685272
v -0.592500 -0.323750 -0.685272
v -0.598750 -0.317500 -0.685272
v -0.592500 -0.336250 -0.685272
v -0.586250 -0.342500 -0.685272
v -0.586250 -0.336250 -0.685272
v -0.598750 -0.348750 -0.685272
v -0.592500 -0.348750 -0.685272
v -0.598750 -0.342500 -0.685272
v -0.561250 -0.342500 0.054728
v -0.567500 -0.348750 0.054728
v -0.561250 -0.348750 0.054728
v -0.567500 -0.336250 0.054728
v -0.573750 -0.336250 0.054728
v -0.573750 -0.342500 0.054728
v -0.561250 -0.317500 0.054728
v -0.567500 -0.323750 0.054728
v -0.561250 -0.323750 0.054728
v -0.573750 -0.311250 0.054728
v -0.573750 -0.317500 0.054728
v -0.567500 -0.311250 0.054728
v -0.586250 -0.317500 0.054728
v -0.592500 -0.323750 0.054728
v -0.586250 -0.323750 0.054728
v -0.598750 -0.311250 0.054728
v -0.598750 -0.317500 0.054728
v -0.592500 -0.311250 0.054728
v -0.561250 -0.355000 -0.500272
v -0.567500 -0.355000 -0.592772
v -0.561250 -0.355000 -0.592772
v -0.567500 -0.355000 -0.407772
v -0.573750 -0.355000 -0.407772
v -0.573750 -0.355000 -0.500272
v -0.561250 -0.355000 -0.130272
v -0.567500 -0.355000 -0.222772
v -0.561250 -0.355000 -0.222772
v -0.573750 -0.355000 -0.037772
v -0.573750 -0.355000 -0.130272
v -0.567500 -0.355000 -0.037772
v -0.586250 -0.355000 -0.130272
v -0.592500 -0.355000 -0.222772
v -0.586250 -0.355000 -0.222772
v -0.598750 -0.355000 -0.037772
v -0.598750 -0.355000 -0.130272
v -0.592500 -0.355000 -0.037772
v -0.598750 -0.305000 -0.500272
v -0.592500 -0.305000 -0.592772
v -0.598750 -0.305000 -0.592772
v -0.592500 -0.305000 -0.407772
v -0.586250 -0.305000 -0.407772
v -0.586250 -0.305000 -0.500272
v -0.598750 -0.305000 -0.130272
v -0.592500 -0.305000 -0.222772
v -0.598750 -0.305000 -0.222772
v -0.586250 -0.305000 -0.037772
v -0.586250 -0.305000 -0.130272
v -0.592500 -0.305000 -0.037772
v -0.573750 -0.305000 -0.130272
v -0.567500 -0.305000 -0.222772
v -0.573750 -0.305000 -0.222772
v -0.561250 -0.305000 -0.037772
v -0.561250 -0.305000 -0.130272
v -0.567500 -0.305000 -0.037772
v -0.555000 -0.311250 -0.500272
v -0.555000 -0.317500 -0.592772
v -0.555000 -0.311250 -0.592772
v -0.555000 -0.317500 -0.407772
v -0.555000 -0.323750 -0.407772
v -0.555000 -0.323750 -0.500272
v -0.555000 -0.311250 -0.130272
v -0.555000 -0.317500 -0.222772
v -0.555000 -0.311250 -0.222772
v -0.555000 -0.323750 -0.037772
v -0.555000 -0.323750 -0.130272
v -0.555000 -0.317500 -0.037772
v -0.555000 -0.336250 -0.130272
v -0.555000 -0.342500 -0.222772
v -0.555000 -0.336250 -0.222772
v -0.555000 -0.348750 -0.037772
v -0.555000 -0.348750 -0.130272
v -0.555000 -0.342500 -0.037772
v -0.605000 -0.348750 -0.500272
v -0.605000 -0.342500 -0.592772
v -0.605000 -0.348750 -0.592772
v -0.605000 -0.342500 -0.407772
v -0.605000 -0.336250 -0.407772
v -0.605000 -0.336250 -0.500272
v -0.605000 -0.348750 -0.130272
v -0.605000 -0.342500 -0.222772
v -0.605000 -0.348750 -0.222772
v -0.605000 -0.336250 -0.037772
v -0.605000 -0.336250 -0.130272
v -0.605000 -0.342500 -0.037772
v -0.605000 -0.323750 -0.130272
v -0.605000 -0.317500 -0.222772
v -0.605000 -0.323750 -0.222772
v -0.605000 -0.311250 -0.037772
v -0.605000 -0.311250 -0.130272
v -0.605000 -0.317500 -0.037772
v 0.592500 -0.311250 -0.685272
v 0.598750 -0.317500 -0.685272
v 0.598750 -0.311250 -0.685272
v 0.586250 -0.317500 -0.685272
v 0.586250 -0.323750 -0.685272
v 0.592500 -0.323750 -0.685272
v 0.567500 -0.311250 -0.685272
v 0.573750 -0.317500 -0.685272
v 0.573750 -0.311250 -0.685272
v 0.561250 -0.323750 -0.685272
v 0.567500 -0.323750 -0.685272
v 0.561250 -0.317500 -0.685272
v 0.567500 -0.336250 -0.685272
v 0.573750 -0.342500 -0.685272
v 0.573750 -0.336250 -0.685272
v 0.561250 -0.348750 -0.685272
v 0.567500 -0.348750 -0.685272
v 0.561250 -0.342500 -0.685272
v 0.598750 -0.342500 0.054728
v 0.592500 -0.348750 0.054728
v 0.598750 -0.348750 0.054728
v 0.592500 -0.336250 0.054728
v 0.586250 -0.336250 0.054728
v 0.586250 -0.342500 0.054728
v 0.598750 -0.317500 0.054728
v 0.592500 -0.323750 0.054728
v 0.598750 -0.323750 0.054728
v 0.586250 -0.311250 0.054728
v 0.586250 -0.317500 0.054728
v 0.592500 -0.311250 0.054728
v 0.573750 -0.317500 0.054728
v 0.567500 -0.323750 0.054728
v 0.573750 -0.323750 0.054728
v 0.561250 -0.311250 0.054728
v 0.561250 -0.317500 0.054728
v 0.567500 -0.311250 0.054728
v 0.598750 -0.355000 -0.500272
v 0.592500 -0.355000 -0.592772
v 0.598750 -0.355000 -0.592772
v 0.592500 -0.355000 -0.407772
v 0.586250 -0.355000 -0.407772
v 0.586250 -0.355000 -0.500272
v 0.598750 -0.355000 -0.130272
v 0.592500 -0.355000 -0.222772
v 0.598750 -0.355000 -0.222772
v 0.586250 -0.355000 -0.037772
v 0.586250 -0.355000 -0.130272
v 0.592500 -0.355000 -0.037772
v 0.573750 -0.355000 -0.130272
v 0.567500 -0.355000 -0.222772
v 0.573750 -0.355000 -0.222772
v 0.561250 -0.355000 -0.037772
v 0.561250 -0.355000 -0.130272
v 0.567500 -0.355000 -0.037772
v 0.561250 -0.305000 -0.500272
v 0.567500 -0.305000 -0.592772
v 0.561250 -0.305000 -0.592772
v 0.567500 -0.305000 -0.407772
v 0.573750 -0.305000 -0.407772
v 0.573750 -0.305000 -0.500272
v 0.561250 -0.305000 -0.130272
v 0.567500 -0.305000 -0.222772
v 0.561250 -0.305000 -0.222772
v 0.573750 -0.305000 -0.037772
v 0.573750 -0.305000 -0.130272
v 0.567500 -0.305000 -0.037772
v 0.586250 -0.305000 -0.130272
v 0.592500 -0.305000 -0.222772
v 0.586250 -0.305000 -0.222772
v 0.598750 -0.305000 -0.037772
v 0.598750 -0.305000 -0.130272
v 0.592500 -0.305000 -0.037772
v 0.605000 -0.311250 -0.500272
v 0.605000 -0.317500 -0.592772
v 0.605000 -0.311250 -0.592772
v 0.605000 -0.317500 -0.407772
v 0.605000 -0.323750 -0.407772
v 0.605000 -0.323750 -0.500272
v 0.605000 -0.311250 -0.130272
v 0.605000 -0.317500 -0.222772
v 0.605000 -0.311250 -0.222772
v 0.605000 -0.323750 -0.037772
v 0.605000 -0.323750 -0.130272
v 0.605000 -0.317500 -0.037772
v 0.605000 -0.336250 -0.130272
v 0.605000 -0.342500 -0.222772
v 0.605000 -0.336250 -0.222772
v 0.605000 -0.348750 -0.037772
v 0.605000 -0.348750 -0.130272
v 0.605000 -0.342500 -0.037772
v 0.555000 -0.348750 -0.500272
v 0.555000 -0.342500 -0.592772
v 0.555000 -0.348750 -0.592772
v 0.555000 -0.342500 -0.407772
v 0.555000 -0.336250 -0.407772
v 0.555000 -0.336250 -0.500272
v 0.555000 -0.348750 -0.130272
v 0.555000 -0.342500 -0.222772
v 0.555000 -0.348750 -0.222772
v 0.555000 -0.336250 -0.037772
v 0.555000 -0.336250 -0.130272
v 0.555000 -0.342500 -0.037772
v 0.555000 -0.323750 -0.130272
v 0.555000 -0.317500 -0.222772
v 0.555000 -0.323750 -0.222772
v 0.555000 -0.311250 -0.037772
v 0.555000 -0.311250 -0.130272
v 0.555000 -0.317500 -0.037772
v 0.592500 0.348750 -0.685272
v 0.598750 0.342500 -0.685272
v 0.598750 0.348750 -0.685272
v 0.586250 0.342500 -0.685272
v 0.586250 0.336250 -0.685272
v 0.592500 0.336250 -0.685272
v 0.567500 0.348750 -0.685272
v 0.573750 0.342500 -0.685272
v 0.573750 0.348750 -0.685272
v 0.561250 0.336250 -0.685272
v 0.567500 0.336250 -0.685272
v 0.561250 0.342500 -0.685272
v 0.567500 0.323750 -0.685272
v 0.573750 0.317500 -0.685272
v 0.573750 0.323750 -0.685272
v 0.561250 0.311250 -0.685272
v 0.567500 0.311250 -0.685272
v 0.561250 0.317500 -0.685272
v 0.598750 0.317500 0.054728
v 0.592500 0.311250 0.054728
v 0.598750 0.311250 0.054728
v 0.592500 0.323750 0.054728
v 0.586250 0.323750 0.054728
v 0.586250 0.317500 0.054728
v 0.598750 0.342500 0.054728
v 0.592500 0.336250 0.054728
v 0.598750 0.336250 0.054728
v 0.586250 0.348750 0.054728
v 0.586250 0.342500 0.054728
v 0.592500 0.348750 0.054728
v 0.573750 0.342500 0.054728
v 0.567500 0.336250 0.054728
v 0.573750 0.336250 0.054728
v 0.561250 0.348750 0.054728
v 0.561250 0.342500 0.054728
v 0.567500 0.348750 0.054728
v 0.598750 0.305000 -0.500272
v 0.592500 0.305000 -0.592772
v 0.598750 0.305000 -0.592772
v 0.592500 0.305000 -0.407772
v 0.586250 0.305000 -0.407772
v 0.586250 0.305000 -0.500272
v 0.598750 0.305000 -0.130272
v 0.592500 0.305000 -0.222772
v 0.598750 0.305000 -0.222772
v 0.586250 0.305000 -0.037772
v 0.586250 0.305000 -0.130272
v 0.592500 0.305000 -0.037772
v 0.573750 0.305000 -0.130272
v 0.567500 0.305000 -0.222772
v 0.573750 0.305000 -0.222772
v 0.561250 0.305000 -0.037772
v 0.561250 0.305000 -0.130272
v 0.567500 0.305000 -0.037772
v 0.561250 0.355000 -0.500272
v 0.567500 0.355000 -0.592772
v 0.561250 0.355000 -0.592772
v 0.567500 0.355000 -0.407772
v 0.573750 0.355000 -0.407772
v 0.573750 0.355000 -0.500272
v 0.561250 0.355000 -0.130272
v 0.567500 0.355000 -0.222772
v 0.561250 0.355000 -0.222772
v 0.573750 0.355000 -0.037772
v 0.573750 0.355000 -0.130272
v 0.567500 0.355000 -0.037772
v 0.586250 0.355000 -0.130272
v 0.592500 0.355000 -0.222772
v 0.586250 0.355000 -0.222772
v 0.598750 0.355000 -0.037772
v 0.598750 0.355000 -0.130272
v 0.592500 0.355000 -0.037772
v 0.605000 0.348750 -0.500272
v 0.605000 0.342500 -0.592772
v 0.605000 0.348750 -0.592772
v 0.605000 0.342500 -0.407772
v 0.605000 0.336250 -0.407772
v 0.605000 0.336250 -0.500272
v 0.605000 0.348750 -0.130272
v 0.605000 0.342500 -0.222772
v 0.605000 0.348750 -0.222772
v 0.605000 0.336250 -0.037772
v 0.605000 0.336250 -0.130272
v 0.605000 0.342500 -0.037772
v 0.605000 0.323750 -0.130272
v 0.605000 0.317500 -0.222772
v 0.605000 0.323750 -0.222772
v 0.605000 0.311250 -0.037772
v 0.605000 0.311250 -0.130272
v 0.605000 0.317500 -0.037772
v 0.555000 0.311250 -0.500272
v 0.555000 0.317500 -0.592772
v 0.555000 0.311250 -0.592772
v 0.555000 0.317500 -0.407772
v 0.555000 0.323750 -0.407772
v 0.555000 0.323750 -0.500272
v 0.555000 0.311250 -0.130272
v 0.555000 0.317500 -0.222772
v 0.555000 0.311250 -0.222772
v 0.555000 0.323750 -0.037772
v 0.555000 0.323750 -0.130272
v 0.555000 0.317500 -0.037772
v 0.555000 0.336250 -0.130272
v 0.555000 0.342500 -0.222772
v 0.555000 0.336250 -0.222772
v 0.555000 0.348750 -0.037772
v 0.555000 0.348750 -0.130272
v 0.555000 0.342500 -0.037772
v -0.567500 0.348750 -0.685272
v -0.561250 0.342500 -0.685272
v -0.561250 0.348750 -0.685272
v -0.573750 0.342500 -0.685272
v -0.573750 0.336250 -0.685272
v -0.567500 0.336250 -0.685272
v -0.592500 0.348750 -0.685272
v -0.586250 0.342500 -0.685272
v -0.586250 0.348750 -0.685272
v -0.598750 0.336250 -0.685272
v -0.592500 0.336250 -0.685272
v -0.598750 0.342500 -0.685272
v -0.592500 0.323750 -0.685272
v -0.586250 0.317500 -0.685272
v -0.586250 0.323750 -0.685272
v -0.598750 0.311250 -0.685272
v -0.592500 0.311250 -0.685272
v -0.598750 0.317500 -0.685272
v -0.561250 0.317500 0.054728
v -0.567500 0.311250 0.054728
v -0.561250 0.311250 0.054728
v -0.567500 0.323750 0.054728
v -0.573750 0.323750 0.054728
v -0.573750 0.317500 0.054728
v -0.561250 0.342500 0.054728
v -0.567500 0.336250 0.054728
v -0.561250 0.336250 0.054728
v -0.573750 0.348750 0.054728
v -0.573750 0.342500 0.054728
v -0.567500 0.348750 0.054728
v -0.586250 0.342500 0.054728
v -0.592500 0.336250 0.054728
v -0.586250 0.336250 0.054728
v -0.598750 0.348750 0.054728
v -0.598750 0.342500 0.054728
v -0.592500 0.348750 0.054728
v -0.561250 0.305000 -0.500272
v -0.567500 0.305000 -0.592772
v -0.561250 0.305000 -0.592772
v -0.567500 0.305000 -0.407772
v -0.573750 0.305000 -0.407772
v -0.573750 0.305000 -0.500272
v -0.561250 0.305000 -0.130272
v -0.567500 0.305000 -0.222772
v -0.561250 0.305000 -0.222772
v -0.573750 0.305000 -0.037772
v -0.573750 0.305000 -0.130272
v -0.567500 0.305000 -0.037772
v -0.586250 0.305000 -0.130272
v -0.592500 0.305000 -0.222772
v -0.586250 0.305000 -0.222772
v -0.598750 0.305000 -0.037772
v -0.598750 0.305000 -0.130272
v -0.592500 0.305000 -0.037772
v -0.598750 0.355000 -0.500272
v -0.592500 0.355000 -0.592772
v -0.598750 0.355000 -0.592772
v -0.592500 0.355000 -0.407772
v -0.586250 0.355000 -0.407772
v -0.586250 0.355000 -0.500272
v -0.598750 0.355000 -0.130272
v -0.592500 0.355000 -0.222772
v -0.598750 0.355000 -0.222772
v -0.586250 0.355000 -0.037772
v -0.586250 0.355000 -0.130272
v -0.592500 0.355000 -0.037772
v -0.573750 0.355000 -0.130272
v -0.567500 0.355000 -0.222772
v -0.573750 0.355000 -0.222772
v -0.561250 0.355000 -0.037772
v -0.561250 0.355000 -0.130272
v -0.567500 0.355000 -0.037772
v -0.555000 0.348750 -0.500272
v -0.555000 0.342500 -0.592772
v -0.555000 0.348750 -0.592772
v -0.555000 0.342500 -0.407772
v -0.555000 0.336250 -0.407772
v -0.555000 0.336250 -0.500272
v -0.555000 0.348750 -0.130272
v -0.555000 0.342500 -0.222772
v -0.555000 0.348750 -0.222772
v -0.555000 0.336250 -0.037772
v -0.555000 0.336250 -0.130272
v -0.555000 0.342500 -0.037772
v -0.555000 0.323750 -0.130272
v -0.555000 0.317500 -0.222772
v -0.555000 0.323750 -0.222772
v -0.555000 0.311250 -0.037772
v -0.555000 0.311250 -0.130272
v -0.555000 0.317500 -0.037772
v -0.605000 0.311250 -0.500272
v -0.605000 0.317500 -0.592772
v -0.605000 0.311250 -0.592772
v -0.605000 0.317500 -0.407772
v -0.605000 0.323750 -0.407772
v -0.605000 0.323750 -0.500272
v -0.605000 0.311250 -0.130272
v -0.605000 0.317500 -0.222772
v -0.605000 0.311250 -0.222772
v -0.605000 0.323750 -0.037772
v -0.605000 0.323750 -0.130272
v -0.605000 0.317500 -0.037772
v -0.605000 0.336250 -0.130272
v -0.605000 0.342500 -0.222772
v -0.605000 0.336250 -0.222772
v -0.605000 0.348750 -0.037772
v -0.605000 0.348750 -0.130272
v -0.605000 0.342500 -0.037772
v -0.605000 0.348750 -0.407772
v -0.605000 0.348750 -0.500272
v -0.605000 0.342500 -0.407772
v -0.605000 0.336250 -0.500272
v -0.605000 0.342500 -0.592772
v -0.605000 0.336250 -0.592772
v -0.555000 0.311250 -0.407772
v -0.555000 0.311250 -0.500272
v -0.555000 0.317500 -0.407772
v -0.555000 0.323750 -0.500272
v -0.555000 0.317500 -0.592772
v -0.555000 0.323750 -0.592772
v -0.561250 0.355000 -0.407772
v -0.561250 0.355000 -0.500272
v -0.567500 0.355000 -0.407772
v -0.573750 0.355000 -0.500272
v -0.567500 0.355000 -0.592772
v -0.573750 0.355000 -0.592772
v -0.598750 0.305000 -0.407772
v -0.598750 0.305000 -0.500272
v -0.592500 0.305000 -0.407772
v -0.586250 0.305000 -0.500272
v -0.592500 0.305000 -0.592772
v -0.586250 0.305000 -0.592772
v -0.598750 0.323750 0.054728
v -0.598750 0.317500 0.054728
v -0.592500 0.323750 0.054728
v -0.586250 0.317500 0.054728
v -0.592500 0.311250 0.054728
v -0.586250 0.311250 0.054728
v -0.573750 0.311250 -0.685272
v -0.567500 0.311250 -0.685272
v -0.573750 0.317500 -0.685272
v -0.567500 0.323750 -0.685272
v -0.561250 0.317500 -0.685272
v -0.561250 0.323750 -0.685272
v 0.555000 0.348750 -0.407772
v 0.555000 0.348750 -0.500272
v 0.555000 0.342500 -0.407772
v 0.555000 0.336250 -0.500272
v 0.555000 0.342500 -0.592772
v 0.555000 0.336250 -0.592772
v 0.605000 0.311250 -0.407772
v 0.605000 0.311250 -0.500272
v 0.605000 0.317500 -0.407772
v 0.605000 0.323750 -0.500272
v 0.605000 0.317500 -0.592772
v 0.605000 0.323750 -0.592772
v 0.598750 0.355000 -0.407772
v 0.598750 0.355000 -0.500272
v 0.592500 0.355000 -0.407772
v 0.586250 0.355000 -0.500272
v 0.592500 0.355000 -0.592772
v 0.586250 0.355000 -0.592772
v 0.561250 0.305000 -0.407772
v 0.561250 0.305000 -0.500272
v 0.567500 0.305000 -0.407772
v 0.573750 0.305000 -0.500272
v 0.567500 0.305000 -0.592772
v 0.573750 0.305000 -0.592772
v 0.561250 0.323750 0.054728
v 0.561250 0.317500 0.054728
v 0.567500 0.323750 0.054728
v 0.573750 0.317500 0.054728
v 0.567500 0.311250 0.054728
v 0.573750 0.311250 0.054728
v 0.586250 0.311250 -0.685272
v 0.592500 0.311250 -0.685272
v 0.586250 0.317500 -0.685272
v 0.592500 0.323750 -0.685272
v 0.598750 0.317500 -0.685272
v 0.598750 0.323750 -0.685272
v 0.555000 -0.311250 -0.407772
v 0.555000 -0.311250 -0.500272
v 0.555000 -0.317500 -0.407772
v 0.555000 -0.323750 -0.500272
v 0.555000 -0.317500 -0.592772
v 0.555000 -0.323750 -0.592772
v 0.605000 -0.348750 -0.407772
v 0.605000 -0.348750 -0.500272
v 0.605000 -0.342500 -0.407772
v 0.605000 -0.336250 -0.500272
v 0.605000 -0.342500 -0.592772
v 0.605000 -0.336250 -0.592772
v 0.598750 -0.305000 -0.407772
v 0.598750 -0.305000 -0.500272
v 0.592500 -0.305000 -0.407772
v 0.586250 -0.305000 -0.500272
v 0.592500 -0.305000 -0.592772
v 0.586250 -0.305000 -0.592772
v 0.561250 -0.355000 -0.407772
v 0.561250 -0.355000 -0.500272
v 0.567500 -0.355000 -0.407772
v 0.573750 -0.355000 -0.500272
v 0.567500 -0.355000 -0.592772
v 0.573750 -0.355000 -0.592772
v 0.561250 -0.336250 0.054728
v 0.561250 -0.342500 0.054728
v 0.567500 -0.336250 0.054728
v 0.573750 -0.342500 0.054728
v 0.567500 -0.348750 0.054728
v 0.573750 -0.348750 0.054728
v 0.586250 -0.348750 -0.685272
v 0.592500 -0.348750 -0.685272
v 0.586250 -0.342500 -0.685272
v 0.592500 -0.336250 -0.685272
v 0.598750 -0.342500 -0.685272
v 0.598750 -0.336250 -0.685272
v -0.605000 -0.311250 -0.407772
v -0.605000 -0.311250 -0.500272
v -0.605000 -0.317500 -0.407772
v -0.605000 -0.323750 -0.500272
v -0.605000 -0.317500 -0.592772
v -0.605000 -0.323750 -0.592772
v -0.555000 -0.348750 -0.407772
v -0.555000 -0.348750 -0.500272
v -0.555000 -0.342500 -0.407772
v -0.555000 -0.336250 -0.500272
v -0.555000 -0.342500 -0.592772
v -0.555000 -0.336250 -0.592772
v -0.561250 -0.305000 -0.407772
v -0.561250 -0.305000 -0.500272
v -0.567500 -0.305000 -0.407772
v -0.573750 -0.305000 -0.500272
v -0.567500 -0.305000 -0.592772
v -0.573750 -0.305000 -0.592772
v -0.598750 -0.355000 -0.407772
v -0.598750 -0.355000 -0.500272
v -0.592500 -0.355000 -0.407772
v -0.586250 -0.355000 -0.500272
v -0.592500 -0.355000 -0.592772
v -0.586250 -0.355000 -0.592772
v -0.598750 -0.336250 0.054728
v -0.598750 -0.342500 0.054728
v -0.592500 -0.336250 0.054728
v -0.586250 -0.342500 0.054728
v -0.592500 -0.348750 0.054728
v -0.586250 -0.348750 0.054728
v -0.573750 -0.348750 -0.685272
v -0.567500 -0.348750 -0.685272
v -0.573750 -0.342500 -0.685272
v -0.567500 -0.336250 -0.685272
v -0.561250 -0.342500 -0.685272
v -0.561250 -0.336250 -0.685272
v -0.700000 0.337500 0.073478
v -0.700000 0.337500 0.067228
v -0.700000 0.225000 0.073478
v -0.700000 0.112500 0.067228
v -0.700000 0.225000 0.060978
v -0.700000 0.112500 0.060978
v 0.700000 -0.337500 0.073478
v 0.700000 -0.337500 0.067228
v 0.700000 -0.225000 0.073478
v 0.700000 -0.112500 0.067228
v 0.700000 -0.225000 0.060978
v 0.700000 -0.112500 0.060978
v 0.525000 0.450000 0.073478
v 0.525000 0.450000 0.067228
v 0.350000 0.450000 0.073478
v 0.175000 0.450000 0.067228
v 0.350000 0.450000 0.060978
v 0.175000 0.450000 0.060978
v -0.525000 -0.450000 0.073478
v -0.525000 -0.450000 0.067228
v -0.350000 -0.450000 0.073478
v -0.175000 -0.450000 0.067228
v -0.350000 -0.450000 0.060978
v -0.175000 -0.450000 0.060978
v -0.525000 -0.112500 0.104728
v -0.525000 -0.225000 0.104728
v -0.350000 -0.112500 0.104728
v -0.175000 -0.225000 0.104728
v -0.350000 -0.337500 0.104728
v -0.175000 -0.337500 0.104728
v 0.175000 -0.337500 0.054728
v 0.350000 -0.337500 0.054728
v 0.175000 -0.225000 0.054728
v 0.350000 -0.112500 0.054728
v 0.525000 -0.225000 0.054728
v 0.525000 -0.112500 0.054728
vn -0.0000 -0.0000 -1.0000
vn -0.0000 -0.0000 1.0000
vn -0.0000 -1.0000 -0.0000
vn -0.0000 1.0000 -0.0000
vn 1.0000 -0.0000 -0.0000
vn -1.0000 -0.0000 -0.0000
s 0
usemtl WoodMaterial
f 2//1 943//1 942//1
f 2//1 491//1 943//1
f 5//2 945//2 946//2
f 5//2 946//2 947//2
f 1//3 941//3 964//3
f 1//3 964//3 944//3
f 3//4 970//4 980//4
f 3//4 980//4 979//4
f 2//5 942//5 977//5
f 2//5 977//5 972//5
f 4//6 505//6 978//6
f 4//6 978//6 981//6
f 81//6 1175//6 891//6
f 81//6 1176//6 1175//6
f 78//6 888//6 817//6
f 78//6 1178//6 888//6
f 78//6 1179//6 1178//6
f 55//6 595//6 820//6
f 72//5 1181//5 882//5
f 72//5 1182//5 1181//5
f 77//5 887//5 823//5
f 77//5 1184//5 887//5
f 77//5 1185//5 1184//5
f 42//5 852//5 826//5
f 79//4 1187//4 889//4
f 79//4 1188//4 1187//4
f 80//4 890//4 829//4
f 80//4 1190//4 890//4
f 80//4 1191//4 1190//4
f 70//4 880//4 832//4
f 44//3 1193//3 854//3
f 44//3 1194//3 1193//3
f 64//3 874//3 835//3
f 64//3 1196//3 874//3
f 64//3 1197//3 1196//3
f 41//3 851//3 838//3
f 47//2 1199//2 857//2
f 47//2 1200//2 1199//2
f 46//2 856//2 841//2
f 46//2 1202//2 856//2
f 46//2 1203//2 1202//2
f 45//2 855//2 844//2
f 41//1 581//1 1205//1
f 41//1 1205//1 1206//1
f 43//1 847//1 853//1
f 43//1 853//1 1208//1
f 43//1 1208//1 1209//1
f 42//1 850//1 852//1
f 490//1 1210//1 1211//1
f 490//1 1211//1 1212//1
f 132//1 1213//1 492//1
f 488//1 848//1 1214//1
f 488//1 1214//1 1215//1
f 489//1 1216//1 849//1
f 133//1 493//1 1217//1
f 133//1 1217//1 1218//1
f 488//1 1219//1 848//1
f 487//1 1207//1 1220//1
f 487//1 1220//1 1221//1
f 133//1 1222//1 493//1
f 485//1 845//1 1223//1
f 485//1 1223//1 1224//1
f 486//1 1225//1 846//1
f 221//1 941//1 1226//1
f 221//1 1226//1 1227//1
f 485//1 1228//1 845//1
f 484//2 1229//2 1204//2
f 484//2 1230//2 1229//2
f 135//2 495//2 1231//2
f 482//2 1232//2 842//2
f 482//2 1233//2 1232//2
f 483//2 843//2 1234//2
f 136//2 1235//2 496//2
f 136//2 1236//2 1235//2
f 482//2 842//2 1237//2
f 481//2 1238//2 1201//2
f 481//2 1239//2 1238//2
f 136//2 496//2 1240//2
f 479//2 1241//2 839//2
f 479//2 1242//2 1241//2
f 480//2 840//2 1243//2
f 137//2 1244//2 497//2
f 137//2 1245//2 1244//2
f 479//2 839//2 1246//2
f 478//3 1247//3 1198//3
f 478//3 1248//3 1247//3
f 131//3 491//3 1249//3
f 476//3 1250//3 836//3
f 476//3 1251//3 1250//3
f 477//3 837//3 1252//3
f 154//3 1253//3 514//3
f 154//3 1254//3 1253//3
f 476//3 836//3 1255//3
f 475//3 1256//3 1195//3
f 475//3 1257//3 1256//3
f 154//3 514//3 1258//3
f 473//3 1259//3 833//3
f 473//3 1260//3 1259//3
f 474//3 834//3 1261//3
f 134//3 1262//3 494//3
f 134//3 1263//3 1262//3
f 473//3 833//3 1264//3
f 472//4 1265//4 1192//4
f 472//4 1266//4 1265//4
f 160//4 520//4 1267//4
f 470//4 1268//4 830//4
f 470//4 1269//4 1268//4
f 471//4 831//4 1270//4
f 170//4 1271//4 530//4
f 170//4 1272//4 1271//4
f 470//4 830//4 1273//4
f 469//4 1274//4 1189//4
f 469//4 1275//4 1274//4
f 170//4 530//4 1276//4
f 467//4 1277//4 827//4
f 467//4 1278//4 1277//4
f 468//4 828//4 1279//4
f 169//4 1280//4 529//4
f 169//4 1281//4 1280//4
f 467//4 827//4 1282//4
f 466//5 1283//5 1186//5
f 466//5 1284//5 1283//5
f 132//5 492//5 1285//5
f 464//5 1286//5 824//5
f 464//5 1287//5 1286//5
f 465//5 825//5 1288//5
f 167//5 1289//5 527//5
f 167//5 1290//5 1289//5
f 464//5 824//5 1291//5
f 463//5 1292//5 1183//5
f 463//5 1293//5 1292//5
f 167//5 527//5 1294//5
f 461//5 1295//5 821//5
f 461//5 1296//5 1295//5
f 462//5 822//5 1297//5
f 162//5 1298//5 522//5
f 162//5 1299//5 1298//5
f 461//5 821//5 1300//5
f 460//6 1301//6 1180//6
f 460//6 1302//6 1301//6
f 235//6 955//6 1303//6
f 458//6 1304//6 818//6
f 458//6 1305//6 1304//6
f 459//6 819//6 1306//6
f 168//6 1307//6 528//6
f 168//6 1308//6 1307//6
f 458//6 818//6 1309//6
f 457//6 1310//6 1177//6
f 457//6 1311//6 1310//6
f 168//6 528//6 1312//6
f 455//6 1313//6 815//6
f 455//6 1314//6 1313//6
f 456//6 816//6 1315//6
f 171//6 1316//6 531//6
f 171//6 1317//6 1316//6
f 455//6 815//6 1318//6
f 261//6 1895//6 621//6
f 261//6 1896//6 1895//6
f 258//6 618//6 1897//6
f 258//6 1898//6 618//6
f 258//6 1899//6 1898//6
f 145//6 865//6 1900//6
f 252//5 1901//5 612//5
f 252//5 1902//5 1901//5
f 257//5 617//5 1903//5
f 257//5 1904//5 617//5
f 257//5 1905//5 1904//5
f 222//5 582//5 1906//5
f 259//4 1907//4 619//4
f 259//4 1908//4 1907//4
f 260//4 620//4 1909//4
f 260//4 1910//4 620//4
f 260//4 1911//4 1910//4
f 250//4 610//4 1912//4
f 224//3 1913//3 584//3
f 224//3 1914//3 1913//3
f 244//3 604//3 1915//3
f 244//3 1916//3 604//3
f 244//3 1917//3 1916//3
f 221//3 581//3 1918//3
f 227//2 1919//2 587//2
f 227//2 1920//2 1919//2
f 226//2 586//2 1921//2
f 226//2 1922//2 586//2
f 226//2 1923//2 1922//2
f 225//2 585//2 1924//2
f 131//1 851//1 1925//1
f 131//1 1925//1 1926//1
f 223//1 1927//1 583//1
f 223//1 583//1 1928//1
f 223//1 1928//1 1929//1
f 222//1 1930//1 582//1
f 1930//1 489//1 849//1
f 1930//1 849//1 582//1
f 582//1 849//1 42//1
f 1928//1 489//1 1930//1
f 1928//1 1930//1 1929//1
f 1929//1 1930//1 222//1
f 583//1 43//1 1209//1
f 583//1 1209//1 1928//1
f 1928//1 1209//1 489//1
f 1927//1 486//1 846//1
f 1927//1 846//1 583//1
f 583//1 846//1 43//1
f 1925//1 486//1 1927//1
f 1925//1 1927//1 1926//1
f 1926//1 1927//1 223//1
f 851//1 41//1 1206//1
f 851//1 1206//1 1925//1
f 1925//1 1206//1 486//1
f 1924//2 843//2 483//2
f 1924//2 585//2 843//2
f 585//2 45//2 843//2
f 1922//2 1924//2 483//2
f 1922//2 1923//2 1924//2
f 1923//2 225//2 1924//2
f 586//2 1203//2 46//2
f 586//2 1922//2 1203//2
f 1922//2 483//2 1203//2
f 1921//2 840//2 480//2
f 1921//2 586//2 840//2
f 586//2 46//2 840//2
f 1919//2 1921//2 480//2
f 1919//2 1920//2 1921//2
f 1920//2 226//2 1921//2
f 587//2 1200//2 47//2
f 587//2 1919//2 1200//2
f 1919//2 480//2 1200//2
f 1918//3 837//3 477//3
f 1918//3 581//3 837//3
f 581//3 41//3 837//3
f 1916//3 1918//3 477//3
f 1916//3 1917//3 1918//3
f 1917//3 221//3 1918//3
f 604//3 1197//3 64//3
f 604//3 1916//3 1197//3
f 1916//3 477//3 1197//3
f 1915//3 834//3 474//3
f 1915//3 604//3 834//3
f 604//3 64//3 834//3
f 1913//3 1915//3 474//3
f 1913//3 1914//3 1915//3
f 1914//3 244//3 1915//3
f 584//3 1194//3 44//3
f 584//3 1913//3 1194//3
f 1913//3 474//3 1194//3
f 1912//4 831//4 471//4
f 1912//4 610//4 831//4
f 610//4 70//4 831//4
f 1910//4 1912//4 471//4
f 1910//4 1911//4 1912//4
f 1911//4 250//4 1912//4
f 620//4 1191//4 80//4
f 620//4 1910//4 1191//4
f 1910//4 471//4 1191//4
f 1909//4 828//4 468//4
f 1909//4 620//4 828//4
f 620//4 80//4 828//4
f 1907//4 1909//4 468//4
f 1907//4 1908//4 1909//4
f 1908//4 260//4 1909//4
f 619//4 1188//4 79//4
f 619//4 1907//4 1188//4
f 1907//4 468//4 1188//4
f 1906//5 825//5 465//5
f 1906//5 582//5 825//5
f 582//5 42//5 825//5
f 1904//5 1906//5 465//5
f 1904//5 1905//5 1906//5
f 1905//5 222//5 1906//5
f 617//5 1185//5 77//5
f 617//5 1904//5 1185//5
f 1904//5 465//5 1185//5
f 1903//5 822//5 462//5
f 1903//5 617//5 822//5
f 617//5 77//5 822//5
f 1901//5 1903//5 462//5
f 1901//5 1902//5 1903//5
f 1902//5 257//5 1903//5
f 612//5 1182//5 72//5
f 612//5 1901//5 1182//5
f 1901//5 462//5 1182//5
f 1900//6 819//6 459//6
f 1900//6 865//6 819//6
f 865//6 55//6 819//6
f 1898//6 1900//6 459//6
f 1898//6 1899//6 1900//6
f 1899//6 145//6 1900//6
f 618//6 1179//6 78//6
f 618//6 1898//6 1179//6
f 1898//6 459//6 1179//6
f 1897//6 816//6 456//6
f 1897//6 618//6 816//6
f 618//6 78//6 816//6
f 1895//6 1897//6 456//6
f 1895//6 1896//6 1897//6
f 1896//6 258//6 1897//6
f 621//6 1176//6 81//6
f 621//6 1895//6 1176//6
f 1895//6 456//6 1176//6
f 1318//6 857//6 137//6
f 1318//6 815//6 857//6
f 815//6 47//6 857//6
f 1316//6 1318//6 137//6
f 1316//6 1317//6 1318//6
f 1317//6 455//6 1318//6
f 531//6 497//6 8//6
f 531//6 1316//6 497//6
f 1316//6 137//6 497//6
f 1315//6 817//6 457//6
f 1315//6 816//6 817//6
f 816//6 78//6 817//6
f 1313//6 1315//6 457//6
f 1313//6 1314//6 1315//6
f 1314//6 456//6 1315//6
f 815//6 1177//6 47//6
f 815//6 1313//6 1177//6
f 1313//6 457//6 1177//6
f 1312//6 947//6 227//6
f 1312//6 528//6 947//6
f 528//6 5//6 947//6
f 1310//6 1312//6 227//6
f 1310//6 1311//6 1312//6
f 1311//6 168//6 1312//6
f 1177//6 587//6 47//6
f 1177//6 1310//6 587//6
f 1310//6 227//6 587//6
f 1309//6 854//6 134//6
f 1309//6 818//6 854//6
f 818//6 44//6 854//6
f 1307//6 1309//6 134//6
f 1307//6 1308//6 1309//6
f 1308//6 458//6 1309//6
f 528//6 494//6 5//6
f 528//6 1307//6 494//6
f 1307//6 134//6 494//6
f 1306//6 820//6 460//6
f 1306//6 819//6 820//6
f 819//6 55//6 820//6
f 1304//6 1306//6 460//6
f 1304//6 1305//6 1306//6
f 1305//6 459//6 1306//6
f 818//6 1180//6 44//6
f 818//6 1304//6 1180//6
f 1304//6 460//6 1180//6
f 1303//6 944//6 224//6
f 1303//6 955//6 944//6
f 955//6 1//6 944//6
f 1301//6 1303//6 224//6
f 1301//6 1302//6 1303//6
f 1302//6 235//6 1303//6
f 1180//6 584//6 44//6
f 1180//6 1301//6 584//6
f 1301//6 224//6 584//6
f 1300//5 624//5 264//5
f 1300//5 821//5 624//5
f 821//5 84//5 624//5
f 1298//5 1300//5 264//5
f 1298//5 1299//5 1300//5
f 1299//5 461//5 1300//5
f 522//5 984//5 6//5
f 522//5 1298//5 984//5
f 1298//5 264//5 984//5
f 1297//5 823//5 463//5
f 1297//5 822//5 823//5
f 822//5 77//5 823//5
f 1295//5 1297//5 463//5
f 1295//5 1296//5 1297//5
f 1296//5 462//5 1297//5
f 821//5 1183//5 84//5
f 821//5 1295//5 1183//5
f 1295//5 463//5 1183//5
f 1294//5 534//5 174//5
f 1294//5 527//5 534//5
f 527//5 7//5 534//5
f 1292//5 1294//5 174//5
f 1292//5 1293//5 1294//5
f 1293//5 167//5 1294//5
f 1183//5 894//5 84//5
f 1183//5 1292//5 894//5
f 1292//5 174//5 894//5
f 1291//5 889//5 169//5
f 1291//5 824//5 889//5
f 824//5 79//5 889//5
f 1289//5 1291//5 169//5
f 1289//5 1290//5 1291//5
f 1290//5 464//5 1291//5
f 527//5 529//5 7//5
f 527//5 1289//5 529//5
f 1289//5 169//5 529//5
f 1288//5 826//5 466//5
f 1288//5 825//5 826//5
f 825//5 42//5 826//5
f 1286//5 1288//5 466//5
f 1286//5 1287//5 1288//5
f 1287//5 465//5 1288//5
f 824//5 1186//5 79//5
f 824//5 1286//5 1186//5
f 1286//5 466//5 1186//5
f 1285//5 979//5 259//5
f 1285//5 492//5 979//5
f 492//5 3//5 979//5
f 1283//5 1285//5 259//5
f 1283//5 1284//5 1285//5
f 1284//5 132//5 1285//5
f 1186//5 619//5 79//5
f 1186//5 1283//5 619//5
f 1283//5 259//5 619//5
f 1282//4 628//4 268//4
f 1282//4 827//4 628//4
f 827//4 88//4 628//4
f 1280//4 1282//4 268//4
f 1280//4 1281//4 1282//4
f 1281//4 467//4 1282//4
f 529//4 988//4 7//4
f 529//4 1280//4 988//4
f 1280//4 268//4 988//4
f 1279//4 829//4 469//4
f 1279//4 828//4 829//4
f 828//4 80//4 829//4
f 1277//4 1279//4 469//4
f 1277//4 1278//4 1279//4
f 1278//4 468//4 1279//4
f 827//4 1189//4 88//4
f 827//4 1277//4 1189//4
f 1277//4 469//4 1189//4
f 1276//4 538//4 178//4
f 1276//4 530//4 538//4
f 530//4 8//4 538//4
f 1274//4 1276//4 178//4
f 1274//4 1275//4 1276//4
f 1275//4 170//4 1276//4
f 1189//4 898//4 88//4
f 1189//4 1274//4 898//4
f 1274//4 178//4 898//4
f 1273//4 891//4 171//4
f 1273//4 830//4 891//4
f 830//4 81//4 891//4
f 1271//4 1273//4 171//4
f 1271//4 1272//4 1273//4
f 1272//4 470//4 1273//4
f 530//4 531//4 8//4
f 530//4 1271//4 531//4
f 1271//4 171//4 531//4
f 1270//4 832//4 472//4
f 1270//4 831//4 832//4
f 831//4 70//4 832//4
f 1268//4 1270//4 472//4
f 1268//4 1269//4 1270//4
f 1269//4 471//4 1270//4
f 830//4 1192//4 81//4
f 830//4 1268//4 1192//4
f 1268//4 472//4 1192//4
f 1267//4 981//4 261//4
f 1267//4 520//4 981//4
f 520//4 4//4 981//4
f 1265//4 1267//4 261//4
f 1265//4 1266//4 1267//4
f 1266//4 160//4 1267//4
f 1192//4 621//4 81//4
f 1192//4 1265//4 621//4
f 1265//4 261//4 621//4
f 1264//3 585//3 225//3
f 1264//3 833//3 585//3
f 833//3 45//3 585//3
f 1262//3 1264//3 225//3
f 1262//3 1263//3 1264//3
f 1263//3 473//3 1264//3
f 494//3 945//3 5//3
f 494//3 1262//3 945//3
f 1262//3 225//3 945//3
f 1261//3 835//3 475//3
f 1261//3 834//3 835//3
f 834//3 64//3 835//3
f 1259//3 1261//3 475//3
f 1259//3 1260//3 1261//3
f 1260//3 474//3 1261//3
f 833//3 1195//3 45//3
f 833//3 1259//3 1195//3
f 1259//3 475//3 1195//3
f 1258//3 495//3 135//3
f 1258//3 514//3 495//3
f 514//3 6//3 495//3
f 1256//3 1258//3 135//3
f 1256//3 1257//3 1258//3
f 1257//3 154//3 1258//3
f 1195//3 855//3 45//3
f 1195//3 1256//3 855//3
f 1256//3 135//3 855//3
f 1255//3 882//3 162//3
f 1255//3 836//3 882//3
f 836//3 72//3 882//3
f 1253//3 1255//3 162//3
f 1253//3 1254//3 1255//3
f 1254//3 476//3 1255//3
f 514//3 522//3 6//3
f 514//3 1253//3 522//3
f 1253//3 162//3 522//3
f 1252//3 838//3 478//3
f 1252//3 837//3 838//3
f 837//3 41//3 838//3
f 1250//3 1252//3 478//3
f 1250//3 1251//3 1252//3
f 1251//3 477//3 1252//3
f 836//3 1198//3 72//3
f 836//3 1250//3 1198//3
f 1250//3 478//3 1198//3
f 1249//3 972//3 252//3
f 1249//3 491//3 972//3
f 491//3 2//3 972//3
f 1247//3 1249//3 252//3
f 1247//3 1248//3 1249//3
f 1248//3 131//3 1249//3
f 1198//3 612//3 72//3
f 1198//3 1247//3 612//3
f 1247//3 252//3 612//3
f 1246//2 898//2 178//2
f 1246//2 839//2 898//2
f 839//2 88//2 898//2
f 1244//2 1246//2 178//2
f 1244//2 1245//2 1246//2
f 1245//2 479//2 1246//2
f 497//2 538//2 8//2
f 497//2 1244//2 538//2
f 1244//2 178//2 538//2
f 1243//2 841//2 481//2
f 1243//2 840//2 841//2
f 840//2 46//2 841//2
f 1241//2 1243//2 481//2
f 1241//2 1242//2 1243//2
f 1242//2 480//2 1243//2
f 839//2 1201//2 88//2
f 839//2 1241//2 1201//2
f 1241//2 481//2 1201//2
f 1240//2 988//2 268//2
f 1240//2 496//2 988//2
f 496//2 7//2 988//2
f 1238//2 1240//2 268//2
f 1238//2 1239//2 1240//2
f 1239//2 136//2 1240//2
f 1201//2 628//2 88//2
f 1201//2 1238//2 628//2
f 1238//2 268//2 628//2
f 1237//2 894//2 174//2
f 1237//2 842//2 894//2
f 842//2 84//2 894//2
f 1235//2 1237//2 174//2
f 1235//2 1236//2 1237//2
f 1236//2 482//2 1237//2
f 496//2 534//2 7//2
f 496//2 1235//2 534//2
f 1235//2 174//2 534//2
f 1234//2 844//2 484//2
f 1234//2 843//2 844//2
f 843//2 45//2 844//2
f 1232//2 1234//2 484//2
f 1232//2 1233//2 1234//2
f 1233//2 483//2 1234//2
f 842//2 1204//2 84//2
f 842//2 1232//2 1204//2
f 1232//2 484//2 1204//2
f 1231//2 984//2 264//2
f 1231//2 495//2 984//2
f 495//2 6//2 984//2
f 1229//2 1231//2 264//2
f 1229//2 1230//2 1231//2
f 1230//2 135//2 1231//2
f 1204//2 624//2 84//2
f 1204//2 1229//2 624//2
f 1229//2 264//2 624//2
f 1228//1 235//1 595//1
f 1228//1 595//1 845//1
f 845//1 595//1 55//1
f 1226//1 235//1 1228//1
f 1226//1 1228//1 1227//1
f 1227//1 1228//1 485//1
f 941//1 1//1 955//1
f 941//1 955//1 1226//1
f 1226//1 955//1 235//1
f 1225//1 487//1 847//1
f 1225//1 847//1 846//1
f 846//1 847//1 43//1
f 1223//1 487//1 1225//1
f 1223//1 1225//1 1224//1
f 1224//1 1225//1 486//1
f 845//1 55//1 1207//1
f 845//1 1207//1 1223//1
f 1223//1 1207//1 487//1
f 1222//1 145//1 505//1
f 1222//1 505//1 493//1
f 493//1 505//1 4//1
f 1220//1 145//1 1222//1
f 1220//1 1222//1 1221//1
f 1221//1 1222//1 133//1
f 1207//1 55//1 865//1
f 1207//1 865//1 1220//1
f 1220//1 865//1 145//1
f 1219//1 160//1 880//1
f 1219//1 880//1 848//1
f 848//1 880//1 70//1
f 1217//1 160//1 1219//1
f 1217//1 1219//1 1218//1
f 1218//1 1219//1 488//1
f 493//1 4//1 520//1
f 493//1 520//1 1217//1
f 1217//1 520//1 160//1
f 1216//1 490//1 850//1
f 1216//1 850//1 849//1
f 849//1 850//1 42//1
f 1214//1 490//1 1216//1
f 1214//1 1216//1 1215//1
f 1215//1 1216//1 489//1
f 848//1 70//1 1210//1
f 848//1 1210//1 1214//1
f 1214//1 1210//1 490//1
f 1213//1 250//1 970//1
f 1213//1 970//1 492//1
f 492//1 970//1 3//1
f 1211//1 250//1 1213//1
f 1211//1 1213//1 1212//1
f 1212//1 1213//1 132//1
f 1210//1 70//1 610//1
f 1210//1 610//1 1211//1
f 1211//1 610//1 250//1
f 850//1 490//1 1212//1
f 850//1 1212//1 852//1
f 852//1 1212//1 132//1
f 1208//1 488//1 1215//1
f 1208//1 1215//1 1209//1
f 1209//1 1215//1 489//1
f 853//1 133//1 1218//1
f 853//1 1218//1 1208//1
f 1208//1 1218//1 488//1
f 847//1 487//1 1221//1
f 847//1 1221//1 853//1
f 853//1 1221//1 133//1
f 1205//1 485//1 1224//1
f 1205//1 1224//1 1206//1
f 1206//1 1224//1 486//1
f 581//1 221//1 1227//1
f 581//1 1227//1 1205//1
f 1205//1 1227//1 485//1
f 844//2 1230//2 484//2
f 844//2 855//2 1230//2
f 855//2 135//2 1230//2
f 1202//2 1233//2 482//2
f 1202//2 1203//2 1233//2
f 1203//2 483//2 1233//2
f 856//2 1236//2 136//2
f 856//2 1202//2 1236//2
f 1202//2 482//2 1236//2
f 841//2 1239//2 481//2
f 841//2 856//2 1239//2
f 856//2 136//2 1239//2
f 1199//2 1242//2 479//2
f 1199//2 1200//2 1242//2
f 1200//2 480//2 1242//2
f 857//2 1245//2 137//2
f 857//2 1199//2 1245//2
f 1199//2 479//2 1245//2
f 838//3 1248//3 478//3
f 838//3 851//3 1248//3
f 851//3 131//3 1248//3
f 1196//3 1251//3 476//3
f 1196//3 1197//3 1251//3
f 1197//3 477//3 1251//3
f 874//3 1254//3 154//3
f 874//3 1196//3 1254//3
f 1196//3 476//3 1254//3
f 835//3 1257//3 475//3
f 835//3 874//3 1257//3
f 874//3 154//3 1257//3
f 1193//3 1260//3 473//3
f 1193//3 1194//3 1260//3
f 1194//3 474//3 1260//3
f 854//3 1263//3 134//3
f 854//3 1193//3 1263//3
f 1193//3 473//3 1263//3
f 832//4 1266//4 472//4
f 832//4 880//4 1266//4
f 880//4 160//4 1266//4
f 1190//4 1269//4 470//4
f 1190//4 1191//4 1269//4
f 1191//4 471//4 1269//4
f 890//4 1272//4 170//4
f 890//4 1190//4 1272//4
f 1190//4 470//4 1272//4
f 829//4 1275//4 469//4
f 829//4 890//4 1275//4
f 890//4 170//4 1275//4
f 1187//4 1278//4 467//4
f 1187//4 1188//4 1278//4
f 1188//4 468//4 1278//4
f 889//4 1281//4 169//4
f 889//4 1187//4 1281//4
f 1187//4 467//4 1281//4
f 826//5 1284//5 466//5
f 826//5 852//5 1284//5
f 852//5 132//5 1284//5
f 1184//5 1287//5 464//5
f 1184//5 1185//5 1287//5
f 1185//5 465//5 1287//5
f 887//5 1290//5 167//5
f 887//5 1184//5 1290//5
f 1184//5 464//5 1290//5
f 823//5 1293//5 463//5
f 823//5 887//5 1293//5
f 887//5 167//5 1293//5
f 1181//5 1296//5 461//5
f 1181//5 1182//5 1296//5
f 1182//5 462//5 1296//5
f 882//5 1299//5 162//5
f 882//5 1181//5 1299//5
f 1181//5 461//5 1299//5
f 820//6 1302//6 460//6
f 820//6 595//6 1302//6
f 595//6 235//6 1302//6
f 1178//6 1305//6 458//6
f 1178//6 1179//6 1305//6
f 1179//6 459//6 1305//6
f 888//6 1308//6 168//6
f 888//6 1178//6 1308//6
f 1178//6 458//6 1308//6
f 817//6 1311//6 457//6
f 817//6 888//6 1311//6
f 888//6 168//6 1311//6
f 1175//6 1314//6 455//6
f 1175//6 1176//6 1314//6
f 1176//6 456//6 1314//6
f 891//6 1317//6 171//6
f 891//6 1175//6 1317//6
f 1175//6 455//6 1317//6
f 981//6 1896//6 261//6
f 981//6 978//6 1896//6
f 978//6 258//6 1896//6
f 978//6 1899//6 258//6
f 978//6 505//6 1899//6
f 505//6 145//6 1899//6
f 972//5 1902//5 252//5
f 972//5 977//5 1902//5
f 977//5 257//5 1902//5
f 977//5 1905//5 257//5
f 977//5 942//5 1905//5
f 942//5 222//5 1905//5
f 979//4 1908//4 259//4
f 979//4 980//4 1908//4
f 980//4 260//4 1908//4
f 980//4 1911//4 260//4
f 980//4 970//4 1911//4
f 970//4 250//4 1911//4
f 944//3 1914//3 224//3
f 944//3 964//3 1914//3
f 964//3 244//3 1914//3
f 964//3 1917//3 244//3
f 964//3 941//3 1917//3
f 941//3 221//3 1917//3
f 947//2 1920//2 227//2
f 947//2 946//2 1920//2
f 946//2 226//2 1920//2
f 946//2 1923//2 226//2
f 946//2 945//2 1923//2
f 945//2 225//2 1923//2
f 491//1 131//1 1926//1
f 491//1 1926//1 943//1
f 943//1 1926//1 223//1
f 943//1 223//1 1929//1
f 943//1 1929//1 942//1
f 942//1 1929//1 222//1
usemtl MetalMaterial
f 10//1 950//1 949//1
f 10//1 498//1 950//1
f 13//2 952//2 953//2
f 13//2 953//2 954//2
f 9//3 948//3 998//3
f 9//3 998//3 951//3
f 11//4 1000//4 1006//4
f 11//4 1006//4 1005//4
f 10//5 949//5 1003//5
f 10//5 1003//5 1001//5
f 12//6 546//6 1004//6
f 12//6 1004//6 1007//6
f 18//1 958//1 957//1
f 18//1 506//1 958//1
f 21//2 960//2 961//2
f 21//2 961//2 959//2
f 17//3 956//3 1024//3
f 17//3 1024//3 1022//3
f 19//4 1025//4 963//4
f 19//4 963//4 1030//4
f 18//5 957//5 1028//5
f 18//5 1028//5 1026//5
f 20//6 571//6 1029//6
f 20//6 1029//6 983//6
f 26//1 965//1 986//1
f 26//1 532//1 965//1
f 29//2 967//2 968//2
f 29//2 968//2 969//2
f 25//3 982//3 987//3
f 25//3 987//3 966//3
f 27//4 989//4 994//4
f 27//4 994//4 993//4
f 26//5 986//5 991//5
f 26//5 991//5 990//5
f 28//6 535//6 992//6
f 28//6 992//6 995//6
f 34//1 973//1 1010//1
f 34//1 521//1 973//1
f 37//2 975//2 976//2
f 37//2 976//2 999//2
f 33//3 971//3 1012//3
f 33//3 1012//3 1011//3
f 35//4 1014//4 1019//4
f 35//4 1019//4 1018//4
f 34//5 1010//5 1016//5
f 34//5 1016//5 1015//5
f 36//6 559//6 1017//6
f 36//6 1017//6 1020//6
f 120//6 1031//6 930//6
f 120//6 1032//6 1031//6
f 117//6 927//6 673//6
f 117//6 1034//6 927//6
f 117//6 1035//6 1034//6
f 109//6 649//6 676//6
f 115//5 1037//5 925//5
f 115//5 1038//5 1037//5
f 116//5 926//5 679//5
f 116//5 1040//5 926//5
f 116//5 1041//5 1040//5
f 110//5 920//5 682//5
f 118//4 1043//4 928//4
f 118//4 1044//4 1043//4
f 119//4 929//4 685//4
f 119//4 1046//4 929//4
f 119//4 1047//4 1046//4
f 114//4 924//4 688//4
f 111//3 1049//3 921//3
f 111//3 1050//3 1049//3
f 112//3 922//3 691//3
f 112//3 1052//3 922//3
f 112//3 1053//3 1052//3
f 71//3 881//3 694//3
f 99//2 1055//2 909//2
f 99//2 1056//2 1055//2
f 76//2 886//2 697//2
f 76//2 1058//2 886//2
f 76//2 1059//2 1058//2
f 75//2 885//2 700//2
f 71//1 611//1 1061//1
f 71//1 1061//1 1062//1
f 73//1 703//1 883//1
f 73//1 883//1 1064//1
f 73//1 1064//1 1065//1
f 110//1 706//1 920//1
f 95//6 1067//6 905//6
f 95//6 1068//6 1067//6
f 92//6 902//6 709//6
f 92//6 1070//6 902//6
f 92//6 1071//6 1070//6
f 85//6 625//6 712//6
f 90//5 1073//5 900//5
f 90//5 1074//5 1073//5
f 91//5 901//5 715//5
f 91//5 1076//5 901//5
f 91//5 1077//5 1076//5
f 86//5 896//5 718//5
f 93//4 1079//4 903//4
f 93//4 1080//4 1079//4
f 94//4 904//4 721//4
f 94//4 1082//4 904//4
f 94//4 1083//4 1082//4
f 89//4 899//4 724//4
f 66//3 1085//3 876//3
f 66//3 1086//3 1085//3
f 87//3 897//3 727//3
f 87//3 1088//3 897//3
f 87//3 1089//3 1088//3
f 82//3 892//3 730//3
f 69//2 1091//2 879//2
f 69//2 1092//2 1091//2
f 68//2 878//2 733//2
f 68//2 1094//2 878//2
f 68//2 1095//2 1094//2
f 67//2 877//2 736//2
f 82//1 622//1 1097//1
f 82//1 1097//1 1098//1
f 65//1 739//1 875//1
f 65//1 875//1 1100//1
f 65//1 1100//1 1101//1
f 86//1 742//1 896//1
f 83//6 1103//6 893//6
f 83//6 1104//6 1103//6
f 129//6 939//6 745//6
f 129//6 1106//6 939//6
f 129//6 1107//6 1106//6
f 121//6 661//6 748//6
f 126//5 1109//5 936//5
f 126//5 1110//5 1109//5
f 128//5 938//5 751//5
f 128//5 1112//5 938//5
f 128//5 1113//5 1112//5
f 57//5 867//5 754//5
f 130//4 1115//4 940//4
f 130//4 1116//4 1115//4
f 63//4 873//4 757//4
f 63//4 1118//4 873//4
f 63//4 1119//4 1118//4
f 125//4 935//4 760//4
f 122//3 1121//3 932//3
f 122//3 1122//3 1121//3
f 124//3 934//3 763//3
f 124//3 1124//3 934//3
f 124//3 1125//3 1124//3
f 56//3 866//3 766//3
f 59//2 1127//2 869//2
f 59//2 1128//2 1127//2
f 61//2 871//2 769//2
f 61//2 1130//2 871//2
f 61//2 1131//2 1130//2
f 60//2 870//2 772//2
f 56//1 596//1 1133//1
f 56//1 1133//1 1134//1
f 58//1 775//1 868//1
f 58//1 868//1 1136//1
f 58//1 1136//1 1137//1
f 57//1 778//1 867//1
f 107//6 1139//6 917//6
f 107//6 1140//6 1139//6
f 104//6 914//6 781//6
f 104//6 1142//6 914//6
f 104//6 1143//6 1142//6
f 96//6 636//6 784//6
f 101//5 1145//5 911//5
f 101//5 1146//5 1145//5
f 103//5 913//5 787//5
f 103//5 1148//5 913//5
f 103//5 1149//5 1148//5
f 49//5 859//5 790//5
f 105//4 1151//4 915//4
f 105//4 1152//4 1151//4
f 106//4 916//4 793//4
f 106//4 1154//4 916//4
f 106//4 1155//4 1154//4
f 100//4 910//4 796//4
f 51//3 1157//3 861//3
f 51//3 1158//3 1157//3
f 98//3 908//3 799//3
f 98//3 1160//3 908//3
f 98//3 1161//3 1160//3
f 48//3 858//3 802//3
f 54//2 1163//2 864//2
f 54//2 1164//2 1163//2
f 53//2 863//2 805//2
f 53//2 1166//2 863//2
f 53//2 1167//2 1166//2
f 52//2 862//2 808//2
f 48//1 588//1 1169//1
f 48//1 1169//1 1170//1
f 50//1 811//1 860//1
f 50//1 860//1 1172//1
f 50//1 1172//1 1173//1
f 49//1 814//1 859//1
f 454//1 1174//1 1319//1
f 454//1 1319//1 1320//1
f 139//1 1321//1 499//1
f 452//1 812//1 1322//1
f 452//1 1322//1 1323//1
f 453//1 1324//1 813//1
f 140//1 500//1 1325//1
f 140//1 1325//1 1326//1
f 452//1 1327//1 812//1
f 451//1 1171//1 1328//1
f 451//1 1328//1 1329//1
f 140//1 1330//1 500//1
f 449//1 809//1 1331//1
f 449//1 1331//1 1332//1
f 450//1 1333//1 810//1
f 228//1 948//1 1334//1
f 228//1 1334//1 1335//1
f 449//1 1336//1 809//1
f 448//2 1337//2 1168//2
f 448//2 1338//2 1337//2
f 142//2 502//2 1339//2
f 446//2 1340//2 806//2
f 446//2 1341//2 1340//2
f 447//2 807//2 1342//2
f 143//2 1343//2 503//2
f 143//2 1344//2 1343//2
f 446//2 806//2 1345//2
f 445//2 1346//2 1165//2
f 445//2 1347//2 1346//2
f 143//2 503//2 1348//2
f 443//2 1349//2 803//2
f 443//2 1350//2 1349//2
f 444//2 804//2 1351//2
f 144//2 1352//2 504//2
f 144//2 1353//2 1352//2
f 443//2 803//2 1354//2
f 442//3 1355//3 1162//3
f 442//3 1356//3 1355//3
f 138//3 498//3 1357//3
f 440//3 1358//3 800//3
f 440//3 1359//3 1358//3
f 441//3 801//3 1360//3
f 188//3 1361//3 548//3
f 188//3 1362//3 1361//3
f 440//3 800//3 1363//3
f 439//3 1364//3 1159//3
f 439//3 1365//3 1364//3
f 188//3 548//3 1366//3
f 437//3 1367//3 797//3
f 437//3 1368//3 1367//3
f 438//3 798//3 1369//3
f 141//3 1370//3 501//3
f 141//3 1371//3 1370//3
f 437//3 797//3 1372//3
f 436//4 1373//4 1156//4
f 436//4 1374//4 1373//4
f 190//4 550//4 1375//4
f 434//4 1376//4 794//4
f 434//4 1377//4 1376//4
f 435//4 795//4 1378//4
f 196//4 1379//4 556//4
f 196//4 1380//4 1379//4
f 434//4 794//4 1381//4
f 433//4 1382//4 1153//4
f 433//4 1383//4 1382//4
f 196//4 556//4 1384//4
f 431//4 1385//4 791//4
f 431//4 1386//4 1385//4
f 432//4 792//4 1387//4
f 195//4 1388//4 555//4
f 195//4 1389//4 1388//4
f 431//4 791//4 1390//4
f 430//5 1391//5 1150//5
f 430//5 1392//5 1391//5
f 139//5 499//5 1393//5
f 428//5 1394//5 788//5
f 428//5 1395//5 1394//5
f 429//5 789//5 1396//5
f 193//5 1397//5 553//5
f 193//5 1398//5 1397//5
f 428//5 788//5 1399//5
f 427//5 1400//5 1147//5
f 427//5 1401//5 1400//5
f 193//5 553//5 1402//5
f 425//5 1403//5 785//5
f 425//5 1404//5 1403//5
f 426//5 786//5 1405//5
f 191//5 1406//5 551//5
f 191//5 1407//5 1406//5
f 425//5 785//5 1408//5
f 424//6 1409//6 1144//6
f 424//6 1410//6 1409//6
f 276//6 996//6 1411//6
f 422//6 1412//6 782//6
f 422//6 1413//6 1412//6
f 423//6 783//6 1414//6
f 194//6 1415//6 554//6
f 194//6 1416//6 1415//6
f 422//6 782//6 1417//6
f 421//6 1418//6 1141//6
f 421//6 1419//6 1418//6
f 194//6 554//6 1420//6
f 419//6 1421//6 779//6
f 419//6 1422//6 1421//6
f 420//6 780//6 1423//6
f 197//6 1424//6 557//6
f 197//6 1425//6 1424//6
f 419//6 779//6 1426//6
f 418//1 1138//1 1427//1
f 418//1 1427//1 1428//1
f 147//1 1429//1 507//1
f 416//1 776//1 1430//1
f 416//1 1430//1 1431//1
f 417//1 1432//1 777//1
f 148//1 508//1 1433//1
f 148//1 1433//1 1434//1
f 416//1 1435//1 776//1
f 415//1 1135//1 1436//1
f 415//1 1436//1 1437//1
f 148//1 1438//1 508//1
f 413//1 773//1 1439//1
f 413//1 1439//1 1440//1
f 414//1 1441//1 774//1
f 236//1 956//1 1442//1
f 236//1 1442//1 1443//1
f 413//1 1444//1 773//1
f 412//2 1445//2 1132//2
f 412//2 1446//2 1445//2
f 150//2 510//2 1447//2
f 410//2 1448//2 770//2
f 410//2 1449//2 1448//2
f 411//2 771//2 1450//2
f 151//2 1451//2 511//2
f 151//2 1452//2 1451//2
f 410//2 770//2 1453//2
f 409//2 1454//2 1129//2
f 409//2 1455//2 1454//2
f 151//2 511//2 1456//2
f 407//2 1457//2 767//2
f 407//2 1458//2 1457//2
f 408//2 768//2 1459//2
f 149//2 1460//2 509//2
f 149//2 1461//2 1460//2
f 407//2 767//2 1462//2
f 406//3 1463//3 1126//3
f 406//3 1464//3 1463//3
f 146//3 506//3 1465//3
f 404//3 1466//3 764//3
f 404//3 1467//3 1466//3
f 405//3 765//3 1468//3
f 214//3 1469//3 574//3
f 214//3 1470//3 1469//3
f 404//3 764//3 1471//3
f 403//3 1472//3 1123//3
f 403//3 1473//3 1472//3
f 214//3 574//3 1474//3
f 401//3 1475//3 761//3
f 401//3 1476//3 1475//3
f 402//3 762//3 1477//3
f 212//3 1478//3 572//3
f 212//3 1479//3 1478//3
f 401//3 761//3 1480//3
f 400//4 1481//4 1120//4
f 400//4 1482//4 1481//4
f 215//4 575//4 1483//4
f 398//4 1484//4 758//4
f 398//4 1485//4 1484//4
f 399//4 759//4 1486//4
f 153//4 1487//4 513//4
f 153//4 1488//4 1487//4
f 398//4 758//4 1489//4
f 397//4 1490//4 1117//4
f 397//4 1491//4 1490//4
f 153//4 513//4 1492//4
f 395//4 1493//4 755//4
f 395//4 1494//4 1493//4
f 396//4 756//4 1495//4
f 220//4 1496//4 580//4
f 220//4 1497//4 1496//4
f 395//4 755//4 1498//4
f 394//5 1499//5 1114//5
f 394//5 1500//5 1499//5
f 147//5 507//5 1501//5
f 392//5 1502//5 752//5
f 392//5 1503//5 1502//5
f 393//5 753//5 1504//5
f 218//5 1505//5 578//5
f 218//5 1506//5 1505//5
f 392//5 752//5 1507//5
f 391//5 1508//5 1111//5
f 391//5 1509//5 1508//5
f 218//5 578//5 1510//5
f 389//5 1511//5 749//5
f 389//5 1512//5 1511//5
f 390//5 750//5 1513//5
f 216//5 1514//5 576//5
f 216//5 1515//5 1514//5
f 389//5 749//5 1516//5
f 388//6 1517//6 1108//6
f 388//6 1518//6 1517//6
f 301//6 1021//6 1519//6
f 386//6 1520//6 746//6
f 386//6 1521//6 1520//6
f 387//6 747//6 1522//6
f 219//6 1523//6 579//6
f 219//6 1524//6 1523//6
f 386//6 746//6 1525//6
f 385//6 1526//6 1105//6
f 385//6 1527//6 1526//6
f 219//6 579//6 1528//6
f 383//6 1529//6 743//6
f 383//6 1530//6 1529//6
f 384//6 744//6 1531//6
f 173//6 1532//6 533//6
f 173//6 1533//6 1532//6
f 383//6 743//6 1534//6
f 382//1 1102//1 1535//1
f 382//1 1535//1 1536//1
f 176//1 1537//1 536//1
f 380//1 740//1 1538//1
f 380//1 1538//1 1539//1
f 381//1 1540//1 741//1
f 155//1 515//1 1541//1
f 155//1 1541//1 1542//1
f 380//1 1543//1 740//1
f 379//1 1099//1 1544//1
f 379//1 1544//1 1545//1
f 155//1 1546//1 515//1
f 377//1 737//1 1547//1
f 377//1 1547//1 1548//1
f 378//1 1549//1 738//1
f 262//1 982//1 1550//1
f 262//1 1550//1 1551//1
f 377//1 1552//1 737//1
f 376//2 1553//2 1096//2
f 376//2 1554//2 1553//2
f 157//2 517//2 1555//2
f 374//2 1556//2 734//2
f 374//2 1557//2 1556//2
f 375//2 735//2 1558//2
f 158//2 1559//2 518//2
f 158//2 1560//2 1559//2
f 374//2 734//2 1561//2
f 373//2 1562//2 1093//2
f 373//2 1563//2 1562//2
f 158//2 518//2 1564//2
f 371//2 1565//2 731//2
f 371//2 1566//2 1565//2
f 372//2 732//2 1567//2
f 159//2 1568//2 519//2
f 159//2 1569//2 1568//2
f 371//2 731//2 1570//2
f 370//3 1571//3 1090//3
f 370//3 1572//3 1571//3
f 172//3 532//3 1573//3
f 368//3 1574//3 728//3
f 368//3 1575//3 1574//3
f 369//3 729//3 1576//3
f 177//3 1577//3 537//3
f 177//3 1578//3 1577//3
f 368//3 728//3 1579//3
f 367//3 1580//3 1087//3
f 367//3 1581//3 1580//3
f 177//3 537//3 1582//3
f 365//3 1583//3 725//3
f 365//3 1584//3 1583//3
f 366//3 726//3 1585//3
f 156//3 1586//3 516//3
f 156//3 1587//3 1586//3
f 365//3 725//3 1588//3
f 364//4 1589//4 1084//4
f 364//4 1590//4 1589//4
f 179//4 539//4 1591//4
f 362//4 1592//4 722//4
f 362//4 1593//4 1592//4
f 363//4 723//4 1594//4
f 184//4 1595//4 544//4
f 184//4 1596//4 1595//4
f 362//4 722//4 1597//4
f 361//4 1598//4 1081//4
f 361//4 1599//4 1598//4
f 184//4 544//4 1600//4
f 359//4 1601//4 719//4
f 359//4 1602//4 1601//4
f 360//4 720//4 1603//4
f 183//4 1604//4 543//4
f 183//4 1605//4 1604//4
f 359//4 719//4 1606//4
f 358//5 1607//5 1078//5
f 358//5 1608//5 1607//5
f 176//5 536//5 1609//5
f 356//5 1610//5 716//5
f 356//5 1611//5 1610//5
f 357//5 717//5 1612//5
f 181//5 1613//5 541//5
f 181//5 1614//5 1613//5
f 356//5 716//5 1615//5
f 355//5 1616//5 1075//5
f 355//5 1617//5 1616//5
f 181//5 541//5 1618//5
f 353//5 1619//5 713//5
f 353//5 1620//5 1619//5
f 354//5 714//5 1621//5
f 180//5 1622//5 540//5
f 180//5 1623//5 1622//5
f 353//5 713//5 1624//5
f 352//6 1625//6 1072//6
f 352//6 1626//6 1625//6
f 265//6 985//6 1627//6
f 350//6 1628//6 710//6
f 350//6 1629//6 1628//6
f 351//6 711//6 1630//6
f 182//6 1631//6 542//6
f 182//6 1632//6 1631//6
f 350//6 710//6 1633//6
f 349//6 1634//6 1069//6
f 349//6 1635//6 1634//6
f 182//6 542//6 1636//6
f 347//6 1637//6 707//6
f 347//6 1638//6 1637//6
f 348//6 708//6 1639//6
f 185//6 1640//6 545//6
f 185//6 1641//6 1640//6
f 347//6 707//6 1642//6
f 346//1 1066//1 1643//1
f 346//1 1643//1 1644//1
f 200//1 1645//1 560//1
f 344//1 704//1 1646//1
f 344//1 1646//1 1647//1
f 345//1 1648//1 705//1
f 163//1 523//1 1649//1
f 163//1 1649//1 1650//1
f 344//1 1651//1 704//1
f 343//1 1063//1 1652//1
f 343//1 1652//1 1653//1
f 163//1 1654//1 523//1
f 341//1 701//1 1655//1
f 341//1 1655//1 1656//1
f 342//1 1657//1 702//1
f 251//1 971//1 1658//1
f 251//1 1658//1 1659//1
f 341//1 1660//1 701//1
f 340//2 1661//2 1060//2
f 340//2 1662//2 1661//2
f 165//2 525//2 1663//2
f 338//2 1664//2 698//2
f 338//2 1665//2 1664//2
f 339//2 699//2 1666//2
f 166//2 1667//2 526//2
f 166//2 1668//2 1667//2
f 338//2 698//2 1669//2
f 337//2 1670//2 1057//2
f 337//2 1671//2 1670//2
f 166//2 526//2 1672//2
f 335//2 1673//2 695//2
f 335//2 1674//2 1673//2
f 336//2 696//2 1675//2
f 189//2 1676//2 549//2
f 189//2 1677//2 1676//2
f 335//2 695//2 1678//2
f 334//3 1679//3 1054//3
f 334//3 1680//3 1679//3
f 161//3 521//3 1681//3
f 332//3 1682//3 692//3
f 332//3 1683//3 1682//3
f 333//3 693//3 1684//3
f 202//3 1685//3 562//3
f 202//3 1686//3 1685//3
f 332//3 692//3 1687//3
f 331//3 1688//3 1051//3
f 331//3 1689//3 1688//3
f 202//3 562//3 1690//3
f 329//3 1691//3 689//3
f 329//3 1692//3 1691//3
f 330//3 690//3 1693//3
f 201//3 1694//3 561//3
f 201//3 1695//3 1694//3
f 329//3 689//3 1696//3
f 328//4 1697//4 1048//4
f 328//4 1698//4 1697//4
f 204//4 564//4 1699//4
f 326//4 1700//4 686//4
f 326//4 1701//4 1700//4
f 327//4 687//4 1702//4
f 209//4 1703//4 569//4
f 209//4 1704//4 1703//4
f 326//4 686//4 1705//4
f 325//4 1706//4 1045//4
f 325//4 1707//4 1706//4
f 209//4 569//4 1708//4
f 323//4 1709//4 683//4
f 323//4 1710//4 1709//4
f 324//4 684//4 1711//4
f 208//4 1712//4 568//4
f 208//4 1713//4 1712//4
f 323//4 683//4 1714//4
f 322//5 1715//5 1042//5
f 322//5 1716//5 1715//5
f 200//5 560//5 1717//5
f 320//5 1718//5 680//5
f 320//5 1719//5 1718//5
f 321//5 681//5 1720//5
f 206//5 1721//5 566//5
f 206//5 1722//5 1721//5
f 320//5 680//5 1723//5
f 319//5 1724//5 1039//5
f 319//5 1725//5 1724//5
f 206//5 566//5 1726//5
f 317//5 1727//5 677//5
f 317//5 1728//5 1727//5
f 318//5 678//5 1729//5
f 205//5 1730//5 565//5
f 205//5 1731//5 1730//5
f 317//5 677//5 1732//5
f 316//6 1733//6 1036//6
f 316//6 1734//6 1733//6
f 289//6 1009//6 1735//6
f 314//6 1736//6 674//6
f 314//6 1737//6 1736//6
f 315//6 675//6 1738//6
f 207//6 1739//6 567//6
f 207//6 1740//6 1739//6
f 314//6 674//6 1741//6
f 313//6 1742//6 1033//6
f 313//6 1743//6 1742//6
f 207//6 567//6 1744//6
f 311//6 1745//6 671//6
f 311//6 1746//6 1745//6
f 312//6 672//6 1747//6
f 210//6 1748//6 570//6
f 210//6 1749//6 1748//6
f 311//6 671//6 1750//6
f 300//6 1751//6 660//6
f 300//6 1752//6 1751//6
f 297//6 657//6 1753//6
f 297//6 1754//6 657//6
f 297//6 1755//6 1754//6
f 199//6 919//6 1756//6
f 295//5 1757//5 655//5
f 295//5 1758//5 1757//5
f 296//5 656//5 1759//5
f 296//5 1760//5 656//5
f 296//5 1761//5 1760//5
f 290//5 650//5 1762//5
f 298//4 1763//4 658//4
f 298//4 1764//4 1763//4
f 299//4 659//4 1765//4
f 299//4 1766//4 659//4
f 299//4 1767//4 1766//4
f 294//4 654//4 1768//4
f 291//3 1769//3 651//3
f 291//3 1770//3 1769//3
f 292//3 652//3 1771//3
f 292//3 1772//3 652//3
f 292//3 1773//3 1772//3
f 251//3 611//3 1774//3
f 279//2 1775//2 639//2
f 279//2 1776//2 1775//2
f 256//2 616//2 1777//2
f 256//2 1778//2 616//2
f 256//2 1779//2 1778//2
f 255//2 615//2 1780//2
f 161//1 881//1 1781//1
f 161//1 1781//1 1782//1
f 253//1 1783//1 613//1
f 253//1 613//1 1784//1
f 253//1 1784//1 1785//1
f 290//1 1786//1 650//1
f 275//6 1787//6 635//6
f 275//6 1788//6 1787//6
f 272//6 632//6 1789//6
f 272//6 1790//6 632//6
f 272//6 1791//6 1790//6
f 175//6 895//6 1792//6
f 270//5 1793//5 630//5
f 270//5 1794//5 1793//5
f 271//5 631//5 1795//5
f 271//5 1796//5 631//5
f 271//5 1797//5 1796//5
f 266//5 626//5 1798//5
f 273//4 1799//4 633//4
f 273//4 1800//4 1799//4
f 274//4 634//4 1801//4
f 274//4 1802//4 634//4
f 274//4 1803//4 1802//4
f 269//4 629//4 1804//4
f 246//3 1805//3 606//3
f 246//3 1806//3 1805//3
f 267//3 627//3 1807//3
f 267//3 1808//3 627//3
f 267//3 1809//3 1808//3
f 262//3 622//3 1810//3
f 249//2 1811//2 609//2
f 249//2 1812//2 1811//2
f 248//2 608//2 1813//2
f 248//2 1814//2 608//2
f 248//2 1815//2 1814//2
f 247//2 607//2 1816//2
f 172//1 892//1 1817//1
f 172//1 1817//1 1818//1
f 245//1 1819//1 605//1
f 245//1 605//1 1820//1
f 245//1 1820//1 1821//1
f 266//1 1822//1 626//1
f 263//6 1823//6 623//6
f 263//6 1824//6 1823//6
f 309//6 669//6 1825//6
f 309//6 1826//6 669//6
f 309//6 1827//6 1826//6
f 211//6 931//6 1828//6
f 306//5 1829//5 666//5
f 306//5 1830//5 1829//5
f 308//5 668//5 1831//5
f 308//5 1832//5 668//5
f 308//5 1833//5 1832//5
f 237//5 597//5 1834//5
f 310//4 1835//4 670//4
f 310//4 1836//4 1835//4
f 243//4 603//4 1837//4
f 243//4 1838//4 603//4
f 243//4 1839//4 1838//4
f 305//4 665//4 1840//4
f 302//3 1841//3 662//3
f 302//3 1842//3 1841//3
f 304//3 664//3 1843//3
f 304//3 1844//3 664//3
f 304//3 1845//3 1844//3
f 236//3 596//3 1846//3
f 239//2 1847//2 599//2
f 239//2 1848//2 1847//2
f 241//2 601//2 1849//2
f 241//2 1850//2 601//2
f 241//2 1851//2 1850//2
f 240//2 600//2 1852//2
f 146//1 866//1 1853//1
f 146//1 1853//1 1854//1
f 238//1 1855//1 598//1
f 238//1 598//1 1856//1
f 238//1 1856//1 1857//1
f 237//1 1858//1 597//1
f 287//6 1859//6 647//6
f 287//6 1860//6 1859//6
f 284//6 644//6 1861//6
f 284//6 1862//6 644//6
f 284//6 1863//6 1862//6
f 186//6 906//6 1864//6
f 281//5 1865//5 641//5
f 281//5 1866//5 1865//5
f 283//5 643//5 1867//5
f 283//5 1868//5 643//5
f 283//5 1869//5 1868//5
f 229//5 589//5 1870//5
f 285//4 1871//4 645//4
f 285//4 1872//4 1871//4
f 286//4 646//4 1873//4
f 286//4 1874//4 646//4
f 286//4 1875//4 1874//4
f 280//4 640//4 1876//4
f 231//3 1877//3 591//3
f 231//3 1878//3 1877//3
f 278//3 638//3 1879//3
f 278//3 1880//3 638//3
f 278//3 1881//3 1880//3
f 228//3 588//3 1882//3
f 234//2 1883//2 594//2
f 234//2 1884//2 1883//2
f 233//2 593//2 1885//2
f 233//2 1886//2 593//2
f 233//2 1887//2 1886//2
f 232//2 592//2 1888//2
f 138//1 858//1 1889//1
f 138//1 1889//1 1890//1
f 230//1 1891//1 590//1
f 230//1 590//1 1892//1
f 230//1 1892//1 1893//1
f 229//1 1894//1 589//1
f 1894//1 453//1 813//1
f 1894//1 813//1 589//1
f 589//1 813//1 49//1
f 1892//1 453//1 1894//1
f 1892//1 1894//1 1893//1
f 1893//1 1894//1 229//1
f 590//1 50//1 1173//1
f 590//1 1173//1 1892//1
f 1892//1 1173//1 453//1
f 1891//1 450//1 810//1
f 1891//1 810//1 590//1
f 590//1 810//1 50//1
f 1889//1 450//1 1891//1
f 1889//1 1891//1 1890//1
f 1890//1 1891//1 230//1
f 858//1 48//1 1170//1
f 858//1 1170//1 1889//1
f 1889//1 1170//1 450//1
f 1888//2 807//2 447//2
f 1888//2 592//2 807//2
f 592//2 52//2 807//2
f 1886//2 1888//2 447//2
f 1886//2 1887//2 1888//2
f 1887//2 232//2 1888//2
f 593//2 1167//2 53//2
f 593//2 1886//2 1167//2
f 1886//2 447//2 1167//2
f 1885//2 804//2 444//2
f 1885//2 593//2 804//2
f 593//2 53//2 804//2
f 1883//2 1885//2 444//2
f 1883//2 1884//2 1885//2
f 1884//2 233//2 1885//2
f 594//2 1164//2 54//2
f 594//2 1883//2 1164//2
f 1883//2 444//2 1164//2
f 1882//3 801//3 441//3
f 1882//3 588//3 801//3
f 588//3 48//3 801//3
f 1880//3 1882//3 441//3
f 1880//3 1881//3 1882//3
f 1881//3 228//3 1882//3
f 638//3 1161//3 98//3
f 638//3 1880//3 1161//3
f 1880//3 441//3 1161//3
f 1879//3 798//3 438//3
f 1879//3 638//3 798//3
f 638//3 98//3 798//3
f 1877//3 1879//3 438//3
f 1877//3 1878//3 1879//3
f 1878//3 278//3 1879//3
f 591//3 1158//3 51//3
f 591//3 1877//3 1158//3
f 1877//3 438//3 1158//3
f 1876//4 795//4 435//4
f 1876//4 640//4 795//4
f 640//4 100//4 795//4
f 1874//4 1876//4 435//4
f 1874//4 1875//4 1876//4
f 1875//4 280//4 1876//4
f 646//4 1155//4 106//4
f 646//4 1874//4 1155//4
f 1874//4 435//4 1155//4
f 1873//4 792//4 432//4
f 1873//4 646//4 792//4
f 646//4 106//4 792//4
f 1871//4 1873//4 432//4
f 1871//4 1872//4 1873//4
f 1872//4 286//4 1873//4
f 645//4 1152//4 105//4
f 645//4 1871//4 1152//4
f 1871//4 432//4 1152//4
f 1870//5 789//5 429//5
f 1870//5 589//5 789//5
f 589//5 49//5 789//5
f 1868//5 1870//5 429//5
f 1868//5 1869//5 1870//5
f 1869//5 229//5 1870//5
f 643//5 1149//5 103//5
f 643//5 1868//5 1149//5
f 1868//5 429//5 1149//5
f 1867//5 786//5 426//5
f 1867//5 643//5 786//5
f 643//5 103//5 786//5
f 1865//5 1867//5 426//5
f 1865//5 1866//5 1867//5
f 1866//5 283//5 1867//5
f 641//5 1146//5 101//5
f 641//5 1865//5 1146//5
f 1865//5 426//5 1146//5
f 1864//6 783//6 423//6
f 1864//6 906//6 783//6
f 906//6 96//6 783//6
f 1862//6 1864//6 423//6
f 1862//6 1863//6 1864//6
f 1863//6 186//6 1864//6
f 644//6 1143//6 104//6
f 644//6 1862//6 1143//6
f 1862//6 423//6 1143//6
f 1861//6 780//6 420//6
f 1861//6 644//6 780//6
f 644//6 104//6 780//6
f 1859//6 1861//6 420//6
f 1859//6 1860//6 1861//6
f 1860//6 284//6 1861//6
f 647//6 1140//6 107//6
f 647//6 1859//6 1140//6
f 1859//6 420//6 1140//6
f 1858//1 417//1 777//1
f 1858//1 777//1 597//1
f 597//1 777//1 57//1
f 1856//1 417//1 1858//1
f 1856//1 1858//1 1857//1
f 1857//1 1858//1 237//1
f 598//1 58//1 1137//1
f 598//1 1137//1 1856//1
f 1856//1 1137//1 417//1
f 1855//1 414//1 774//1
f 1855//1 774//1 598//1
f 598//1 774//1 58//1
f 1853//1 414//1 1855//1
f 1853//1 1855//1 1854//1
f 1854//1 1855//1 238//1
f 866//1 56//1 1134//1
f 866//1 1134//1 1853//1
f 1853//1 1134//1 414//1
f 1852//2 771//2 411//2
f 1852//2 600//2 771//2
f 600//2 60//2 771//2
f 1850//2 1852//2 411//2
f 1850//2 1851//2 1852//2
f 1851//2 240//2 1852//2
f 601//2 1131//2 61//2
f 601//2 1850//2 1131//2
f 1850//2 411//2 1131//2
f 1849//2 768//2 408//2
f 1849//2 601//2 768//2
f 601//2 61//2 768//2
f 1847//2 1849//2 408//2
f 1847//2 1848//2 1849//2
f 1848//2 241//2 1849//2
f 599//2 1128//2 59//2
f 599//2 1847//2 1128//2
f 1847//2 408//2 1128//2
f 1846//3 765//3 405//3
f 1846//3 596//3 765//3
f 596//3 56//3 765//3
f 1844//3 1846//3 405//3
f 1844//3 1845//3 1846//3
f 1845//3 236//3 1846//3
f 664//3 1125//3 124//3
f 664//3 1844//3 1125//3
f 1844//3 405//3 1125//3
f 1843//3 762//3 402//3
f 1843//3 664//3 762//3
f 664//3 124//3 762//3
f 1841//3 1843//3 402//3
f 1841//3 1842//3 1843//3
f 1842//3 304//3 1843//3
f 662//3 1122//3 122//3
f 662//3 1841//3 1122//3
f 1841//3 402//3 1122//3
f 1840//4 759//4 399//4
f 1840//4 665//4 759//4
f 665//4 125//4 759//4
f 1838//4 1840//4 399//4
f 1838//4 1839//4 1840//4
f 1839//4 305//4 1840//4
f 603//4 1119//4 63//4
f 603//4 1838//4 1119//4
f 1838//4 399//4 1119//4
f 1837//4 756//4 396//4
f 1837//4 603//4 756//4
f 603//4 63//4 756//4
f 1835//4 1837//4 396//4
f 1835//4 1836//4 1837//4
f 1836//4 243//4 1837//4
f 670//4 1116//4 130//4
f 670//4 1835//4 1116//4
f 1835//4 396//4 1116//4
f 1834//5 753//5 393//5
f 1834//5 597//5 753//5
f 597//5 57//5 753//5
f 1832//5 1834//5 393//5
f 1832//5 1833//5 1834//5
f 1833//5 237//5 1834//5
f 668//5 1113//5 128//5
f 668//5 1832//5 1113//5
f 1832//5 393//5 1113//5
f 1831//5 750//5 390//5
f 1831//5 668//5 750//5
f 668//5 128//5 750//5
f 1829//5 1831//5 390//5
f 1829//5 1830//5 1831//5
f 1830//5 308//5 1831//5
f 666//5 1110//5 126//5
f 666//5 1829//5 1110//5
f 1829//5 390//5 1110//5
f 1828//6 747//6 387//6
f 1828//6 931//6 747//6
f 931//6 121//6 747//6
f 1826//6 1828//6 387//6
f 1826//6 1827//6 1828//6
f 1827//6 211//6 1828//6
f 669//6 1107//6 129//6
f 669//6 1826//6 1107//6
f 1826//6 387//6 1107//6
f 1825//6 744//6 384//6
f 1825//6 669//6 744//6
f 669//6 129//6 744//6
f 1823//6 1825//6 384//6
f 1823//6 1824//6 1825//6
f 1824//6 309//6 1825//6
f 623//6 1104//6 83//6
f 623//6 1823//6 1104//6
f 1823//6 384//6 1104//6
f 1822//1 381//1 741//1
f 1822//1 741//1 626//1
f 626//1 741//1 86//1
f 1820//1 381//1 1822//1
f 1820//1 1822//1 1821//1
f 1821//1 1822//1 266//1
f 605//1 65//1 1101//1
f 605//1 1101//1 1820//1
f 1820//1 1101//1 381//1
f 1819//1 378//1 738//1
f 1819//1 738//1 605//1
f 605//1 738//1 65//1
f 1817//1 378//1 1819//1
f 1817//1 1819//1 1818//1
f 1818//1 1819//1 245//1
f 892//1 82//1 1098//1
f 892//1 1098//1 1817//1
f 1817//1 1098//1 378//1
f 1816//2 735//2 375//2
f 1816//2 607//2 735//2
f 607//2 67//2 735//2
f 1814//2 1816//2 375//2
f 1814//2 1815//2 1816//2
f 1815//2 247//2 1816//2
f 608//2 1095//2 68//2
f 608//2 1814//2 1095//2
f 1814//2 375//2 1095//2
f 1813//2 732//2 372//2
f 1813//2 608//2 732//2
f 608//2 68//2 732//2
f 1811//2 1813//2 372//2
f 1811//2 1812//2 1813//2
f 1812//2 248//2 1813//2
f 609//2 1092//2 69//2
f 609//2 1811//2 1092//2
f 1811//2 372//2 1092//2
f 1810//3 729//3 369//3
f 1810//3 622//3 729//3
f 622//3 82//3 729//3
f 1808//3 1810//3 369//3
f 1808//3 1809//3 1810//3
f 1809//3 262//3 1810//3
f 627//3 1089//3 87//3
f 627//3 1808//3 1089//3
f 1808//3 369//3 1089//3
f 1807//3 726//3 366//3
f 1807//3 627//3 726//3
f 627//3 87//3 726//3
f 1805//3 1807//3 366//3
f 1805//3 1806//3 1807//3
f 1806//3 267//3 1807//3
f 606//3 1086//3 66//3
f 606//3 1805//3 1086//3
f 1805//3 366//3 1086//3
f 1804//4 723//4 363//4
f 1804//4 629//4 723//4
f 629//4 89//4 723//4
f 1802//4 1804//4 363//4
f 1802//4 1803//4 1804//4
f 1803//4 269//4 1804//4
f 634//4 1083//4 94//4
f 634//4 1802//4 1083//4
f 1802//4 363//4 1083//4
f 1801//4 720//4 360//4
f 1801//4 634//4 720//4
f 634//4 94//4 720//4
f 1799//4 1801//4 360//4
f 1799//4 1800//4 1801//4
f 1800//4 274//4 1801//4
f 633//4 1080//4 93//4
f 633//4 1799//4 1080//4
f 1799//4 360//4 1080//4
f 1798//5 717//5 357//5
f 1798//5 626//5 717//5
f 626//5 86//5 717//5
f 1796//5 1798//5 357//5
f 1796//5 1797//5 1798//5
f 1797//5 266//5 1798//5
f 631//5 1077//5 91//5
f 631//5 1796//5 1077//5
f 1796//5 357//5 1077//5
f 1795//5 714//5 354//5
f 1795//5 631//5 714//5
f 631//5 91//5 714//5
f 1793//5 1795//5 354//5
f 1793//5 1794//5 1795//5
f 1794//5 271//5 1795//5
f 630//5 1074//5 90//5
f 630//5 1793//5 1074//5
f 1793//5 354//5 1074//5
f 1792//6 711//6 351//6
f 1792//6 895//6 711//6
f 895//6 85//6 711//6
f 1790//6 1792//6 351//6
f 1790//6 1791//6 1792//6
f 1791//6 175//6 1792//6
f 632//6 1071//6 92//6
f 632//6 1790//6 1071//6
f 1790//6 351//6 1071//6
f 1789//6 708//6 348//6
f 1789//6 632//6 708//6
f 632//6 92//6 708//6
f 1787//6 1789//6 348//6
f 1787//6 1788//6 1789//6
f 1788//6 272//6 1789//6
f 635//6 1068//6 95//6
f 635//6 1787//6 1068//6
f 1787//6 348//6 1068//6
f 1786//1 345//1 705//1
f 1786//1 705//1 650//1
f 650//1 705//1 110//1
f 1784//1 345//1 1786//1
f 1784//1 1786//1 1785//1
f 1785//1 1786//1 290//1
f 613//1 73//1 1065//1
f 613//1 1065//1 1784//1
f 1784//1 1065//1 345//1
f 1783//1 342//1 702//1
f 1783//1 702//1 613//1
f 613//1 702//1 73//1
f 1781//1 342//1 1783//1
f 1781//1 1783//1 1782//1
f 1782//1 1783//1 253//1
f 881//1 71//1 1062//1
f 881//1 1062//1 1781//1
f 1781//1 1062//1 342//1
f 1780//2 699//2 339//2
f 1780//2 615//2 699//2
f 615//2 75//2 699//2
f 1778//2 1780//2 339//2
f 1778//2 1779//2 1780//2
f 1779//2 255//2 1780//2
f 616//2 1059//2 76//2
f 616//2 1778//2 1059//2
f 1778//2 339//2 1059//2
f 1777//2 696//2 336//2
f 1777//2 616//2 696//2
f 616//2 76//2 696//2
f 1775//2 1777//2 336//2
f 1775//2 1776//2 1777//2
f 1776//2 256//2 1777//2
f 639//2 1056//2 99//2
f 639//2 1775//2 1056//2
f 1775//2 336//2 1056//2
f 1774//3 693//3 333//3
f 1774//3 611//3 693//3
f 611//3 71//3 693//3
f 1772//3 1774//3 333//3
f 1772//3 1773//3 1774//3
f 1773//3 251//3 1774//3
f 652//3 1053//3 112//3
f 652//3 1772//3 1053//3
f 1772//3 333//3 1053//3
f 1771//3 690//3 330//3
f 1771//3 652//3 690//3
f 652//3 112//3 690//3
f 1769//3 1771//3 330//3
f 1769//3 1770//3 1771//3
f 1770//3 292//3 1771//3
f 651//3 1050//3 111//3
f 651//3 1769//3 1050//3
f 1769//3 330//3 1050//3
f 1768//4 687//4 327//4
f 1768//4 654//4 687//4
f 654//4 114//4 687//4
f 1766//4 1768//4 327//4
f 1766//4 1767//4 1768//4
f 1767//4 294//4 1768//4
f 659//4 1047//4 119//4
f 659//4 1766//4 1047//4
f 1766//4 327//4 1047//4
f 1765//4 684//4 324//4
f 1765//4 659//4 684//4
f 659//4 119//4 684//4
f 1763//4 1765//4 324//4
f 1763//4 1764//4 1765//4
f 1764//4 299//4 1765//4
f 658//4 1044//4 118//4
f 658//4 1763//4 1044//4
f 1763//4 324//4 1044//4
f 1762//5 681//5 321//5
f 1762//5 650//5 681//5
f 650//5 110//5 681//5
f 1760//5 1762//5 321//5
f 1760//5 1761//5 1762//5
f 1761//5 290//5 1762//5
f 656//5 1041//5 116//5
f 656//5 1760//5 1041//5
f 1760//5 321//5 1041//5
f 1759//5 678//5 318//5
f 1759//5 656//5 678//5
f 656//5 116//5 678//5
f 1757//5 1759//5 318//5
f 1757//5 1758//5 1759//5
f 1758//5 296//5 1759//5
f 655//5 1038//5 115//5
f 655//5 1757//5 1038//5
f 1757//5 318//5 1038//5
f 1756//6 675//6 315//6
f 1756//6 919//6 675//6
f 919//6 109//6 675//6
f 1754//6 1756//6 315//6
f 1754//6 1755//6 1756//6
f 1755//6 199//6 1756//6
f 657//6 1035//6 117//6
f 657//6 1754//6 1035//6
f 1754//6 315//6 1035//6
f 1753//6 672//6 312//6
f 1753//6 657//6 672//6
f 657//6 117//6 672//6
f 1751//6 1753//6 312//6
f 1751//6 1752//6 1753//6
f 1752//6 297//6 1753//6
f 660//6 1032//6 120//6
f 660//6 1751//6 1032//6
f 1751//6 312//6 1032//6
f 1750//6 909//6 189//6
f 1750//6 671//6 909//6
f 671//6 99//6 909//6
f 1748//6 1750//6 189//6
f 1748//6 1749//6 1750//6
f 1749//6 311//6 1750//6
f 570//6 549//6 40//6
f 570//6 1748//6 549//6
f 1748//6 189//6 549//6
f 1747//6 673//6 313//6
f 1747//6 672//6 673//6
f 672//6 117//6 673//6
f 1745//6 1747//6 313//6
f 1745//6 1746//6 1747//6
f 1746//6 312//6 1747//6
f 671//6 1033//6 99//6
f 671//6 1745//6 1033//6
f 1745//6 313//6 1033//6
f 1744//6 999//6 279//6
f 1744//6 567//6 999//6
f 567//6 37//6 999//6
f 1742//6 1744//6 279//6
f 1742//6 1743//6 1744//6
f 1743//6 207//6 1744//6
f 1033//6 639//6 99//6
f 1033//6 1742//6 639//6
f 1742//6 279//6 639//6
f 1741//6 921//6 201//6
f 1741//6 674//6 921//6
f 674//6 111//6 921//6
f 1739//6 1741//6 201//6
f 1739//6 1740//6 1741//6
f 1740//6 314//6 1741//6
f 567//6 561//6 37//6
f 567//6 1739//6 561//6
f 1739//6 201//6 561//6
f 1738//6 676//6 316//6
f 1738//6 675//6 676//6
f 675//6 109//6 676//6
f 1736//6 1738//6 316//6
f 1736//6 1737//6 1738//6
f 1737//6 315//6 1738//6
f 674//6 1036//6 111//6
f 674//6 1736//6 1036//6
f 1736//6 316//6 1036//6
f 1735//6 1011//6 291//6
f 1735//6 1009//6 1011//6
f 1009//6 33//6 1011//6
f 1733//6 1735//6 291//6
f 1733//6 1734//6 1735//6
f 1734//6 289//6 1735//6
f 1036//6 651//6 111//6
f 1036//6 1733//6 651//6
f 1733//6 291//6 651//6
f 1732//5 663//5 303//5
f 1732//5 677//5 663//5
f 677//5 123//5 663//5
f 1730//5 1732//5 303//5
f 1730//5 1731//5 1732//5
f 1731//5 317//5 1732//5
f 565//5 1023//5 38//5
f 565//5 1730//5 1023//5
f 1730//5 303//5 1023//5
f 1729//5 679//5 319//5
f 1729//5 678//5 679//5
f 678//5 116//5 679//5
f 1727//5 1729//5 319//5
f 1727//5 1728//5 1729//5
f 1728//5 318//5 1729//5
f 677//5 1039//5 123//5
f 677//5 1727//5 1039//5
f 1727//5 319//5 1039//5
f 1726//5 573//5 213//5
f 1726//5 566//5 573//5
f 566//5 39//5 573//5
f 1724//5 1726//5 213//5
f 1724//5 1725//5 1726//5
f 1725//5 206//5 1726//5
f 1039//5 933//5 123//5
f 1039//5 1724//5 933//5
f 1724//5 213//5 933//5
f 1723//5 928//5 208//5
f 1723//5 680//5 928//5
f 680//5 118//5 928//5
f 1721//5 1723//5 208//5
f 1721//5 1722//5 1723//5
f 1722//5 320//5 1723//5
f 566//5 568//5 39//5
f 566//5 1721//5 568//5
f 1721//5 208//5 568//5
f 1720//5 682//5 322//5
f 1720//5 681//5 682//5
f 681//5 110//5 682//5
f 1718//5 1720//5 322//5
f 1718//5 1719//5 1720//5
f 1719//5 321//5 1720//5
f 680//5 1042//5 118//5
f 680//5 1718//5 1042//5
f 1718//5 322//5 1042//5
f 1717//5 1018//5 298//5
f 1717//5 560//5 1018//5
f 560//5 35//5 1018//5
f 1715//5 1717//5 298//5
f 1715//5 1716//5 1717//5
f 1716//5 200//5 1717//5
f 1042//5 658//5 118//5
f 1042//5 1715//5 658//5
f 1715//5 298//5 658//5
f 1714//4 667//4 307//4
f 1714//4 683//4 667//4
f 683//4 127//4 667//4
f 1712//4 1714//4 307//4
f 1712//4 1713//4 1714//4
f 1713//4 323//4 1714//4
f 568//4 1027//4 39//4
f 568//4 1712//4 1027//4
f 1712//4 307//4 1027//4
f 1711//4 685//4 325//4
f 1711//4 684//4 685//4
f 684//4 119//4 685//4
f 1709//4 1711//4 325//4
f 1709//4 1710//4 1711//4
f 1710//4 324//4 1711//4
f 683//4 1045//4 127//4
f 683//4 1709//4 1045//4
f 1709//4 325//4 1045//4
f 1708//4 577//4 217//4
f 1708//4 569//4 577//4
f 569//4 40//4 577//4
f 1706//4 1708//4 217//4
f 1706//4 1707//4 1708//4
f 1707//4 209//4 1708//4
f 1045//4 937//4 127//4
f 1045//4 1706//4 937//4
f 1706//4 217//4 937//4
f 1705//4 930//4 210//4
f 1705//4 686//4 930//4
f 686//4 120//4 930//4
f 1703//4 1705//4 210//4
f 1703//4 1704//4 1705//4
f 1704//4 326//4 1705//4
f 569//4 570//4 40//4
f 569//4 1703//4 570//4
f 1703//4 210//4 570//4
f 1702//4 688//4 328//4
f 1702//4 687//4 688//4
f 687//4 114//4 688//4
f 1700//4 1702//4 328//4
f 1700//4 1701//4 1702//4
f 1701//4 327//4 1702//4
f 686//4 1048//4 120//4
f 686//4 1700//4 1048//4
f 1700//4 328//4 1048//4
f 1699//4 1020//4 300//4
f 1699//4 564//4 1020//4
f 564//4 36//4 1020//4
f 1697//4 1699//4 300//4
f 1697//4 1698//4 1699//4
f 1698//4 204//4 1699//4
f 1048//4 660//4 120//4
f 1048//4 1697//4 660//4
f 1697//4 300//4 660//4
f 1696//3 615//3 255//3
f 1696//3 689//3 615//3
f 689//3 75//3 615//3
f 1694//3 1696//3 255//3
f 1694//3 1695//3 1696//3
f 1695//3 329//3 1696//3
f 561//3 975//3 37//3
f 561//3 1694//3 975//3
f 1694//3 255//3 975//3
f 1693//3 691//3 331//3
f 1693//3 690//3 691//3
f 690//3 112//3 691//3
f 1691//3 1693//3 331//3
f 1691//3 1692//3 1693//3
f 1692//3 330//3 1693//3
f 689//3 1051//3 75//3
f 689//3 1691//3 1051//3
f 1691//3 331//3 1051//3
f 1690//3 525//3 165//3
f 1690//3 562//3 525//3
f 562//3 38//3 525//3
f 1688//3 1690//3 165//3
f 1688//3 1689//3 1690//3
f 1689//3 202//3 1690//3
f 1051//3 885//3 75//3
f 1051//3 1688//3 885//3
f 1688//3 165//3 885//3
f 1687//3 925//3 205//3
f 1687//3 692//3 925//3
f 692//3 115//3 925//3
f 1685//3 1687//3 205//3
f 1685//3 1686//3 1687//3
f 1686//3 332//3 1687//3
f 562//3 565//3 38//3
f 562//3 1685//3 565//3
f 1685//3 205//3 565//3
f 1684//3 694//3 334//3
f 1684//3 693//3 694//3
f 693//3 71//3 694//3
f 1682//3 1684//3 334//3
f 1682//3 1683//3 1684//3
f 1683//3 333//3 1684//3
f 692//3 1054//3 115//3
f 692//3 1682//3 1054//3
f 1682//3 334//3 1054//3
f 1681//3 1015//3 295//3
f 1681//3 521//3 1015//3
f 521//3 34//3 1015//3
f 1679//3 1681//3 295//3
f 1679//3 1680//3 1681//3
f 1680//3 161//3 1681//3
f 1054//3 655//3 115//3
f 1054//3 1679//3 655//3
f 1679//3 295//3 655//3
f 1678//2 937//2 217//2
f 1678//2 695//2 937//2
f 695//2 127//2 937//2
f 1676//2 1678//2 217//2
f 1676//2 1677//2 1678//2
f 1677//2 335//2 1678//2
f 549//2 577//2 40//2
f 549//2 1676//2 577//2
f 1676//2 217//2 577//2
f 1675//2 697//2 337//2
f 1675//2 696//2 697//2
f 696//2 76//2 697//2
f 1673//2 1675//2 337//2
f 1673//2 1674//2 1675//2
f 1674//2 336//2 1675//2
f 695//2 1057//2 127//2
f 695//2 1673//2 1057//2
f 1673//2 337//2 1057//2
f 1672//2 1027//2 307//2
f 1672//2 526//2 1027//2
f 526//2 39//2 1027//2
f 1670//2 1672//2 307//2
f 1670//2 1671//2 1672//2
f 1671//2 166//2 1672//2
f 1057//2 667//2 127//2
f 1057//2 1670//2 667//2
f 1670//2 307//2 667//2
f 1669//2 933//2 213//2
f 1669//2 698//2 933//2
f 698//2 123//2 933//2
f 1667//2 1669//2 213//2
f 1667//2 1668//2 1669//2
f 1668//2 338//2 1669//2
f 526//2 573//2 39//2
f 526//2 1667//2 573//2
f 1667//2 213//2 573//2
f 1666//2 700//2 340//2
f 1666//2 699//2 700//2
f 699//2 75//2 700//2
f 1664//2 1666//2 340//2
f 1664//2 1665//2 1666//2
f 1665//2 339//2 1666//2
f 698//2 1060//2 123//2
f 698//2 1664//2 1060//2
f 1664//2 340//2 1060//2
f 1663//2 1023//2 303//2
f 1663//2 525//2 1023//2
f 525//2 38//2 1023//2
f 1661//2 1663//2 303//2
f 1661//2 1662//2 1663//2
f 1662//2 165//2 1663//2
f 1060//2 663//2 123//2
f 1060//2 1661//2 663//2
f 1661//2 303//2 663//2
f 1660//1 289//1 649//1
f 1660//1 649//1 701//1
f 701//1 649//1 109//1
f 1658//1 289//1 1660//1
f 1658//1 1660//1 1659//1
f 1659//1 1660//1 341//1
f 971//1 33//1 1009//1
f 971//1 1009//1 1658//1
f 1658//1 1009//1 289//1
f 1657//1 343//1 703//1
f 1657//1 703//1 702//1
f 702//1 703//1 73//1
f 1655//1 343//1 1657//1
f 1655//1 1657//1 1656//1
f 1656//1 1657//1 342//1
f 701//1 109//1 1063//1
f 701//1 1063//1 1655//1
f 1655//1 1063//1 343//1
f 1654//1 199//1 559//1
f 1654//1 559//1 523//1
f 523//1 559//1 36//1
f 1652//1 199//1 1654//1
f 1652//1 1654//1 1653//1
f 1653//1 1654//1 163//1
f 1063//1 109//1 919//1
f 1063//1 919//1 1652//1
f 1652//1 919//1 199//1
f 1651//1 204//1 924//1
f 1651//1 924//1 704//1
f 704//1 924//1 114//1
f 1649//1 204//1 1651//1
f 1649//1 1651//1 1650//1
f 1650//1 1651//1 344//1
f 523//1 36//1 564//1
f 523//1 564//1 1649//1
f 1649//1 564//1 204//1
f 1648//1 346//1 706//1
f 1648//1 706//1 705//1
f 705//1 706//1 110//1
f 1646//1 346//1 1648//1
f 1646//1 1648//1 1647//1
f 1647//1 1648//1 345//1
f 704//1 114//1 1066//1
f 704//1 1066//1 1646//1
f 1646//1 1066//1 346//1
f 1645//1 294//1 1014//1
f 1645//1 1014//1 560//1
f 560//1 1014//1 35//1
f 1643//1 294//1 1645//1
f 1643//1 1645//1 1644//1
f 1644//1 1645//1 200//1
f 1066//1 114//1 654//1
f 1066//1 654//1 1643//1
f 1643//1 654//1 294//1
f 1642//6 879//6 159//6
f 1642//6 707//6 879//6
f 707//6 69//6 879//6
f 1640//6 1642//6 159//6
f 1640//6 1641//6 1642//6
f 1641//6 347//6 1642//6
f 545//6 519//6 32//6
f 545//6 1640//6 519//6
f 1640//6 159//6 519//6
f 1639//6 709//6 349//6
f 1639//6 708//6 709//6
f 708//6 92//6 709//6
f 1637//6 1639//6 349//6
f 1637//6 1638//6 1639//6
f 1638//6 348//6 1639//6
f 707//6 1069//6 69//6
f 707//6 1637//6 1069//6
f 1637//6 349//6 1069//6
f 1636//6 969//6 249//6
f 1636//6 542//6 969//6
f 542//6 29//6 969//6
f 1634//6 1636//6 249//6
f 1634//6 1635//6 1636//6
f 1635//6 182//6 1636//6
f 1069//6 609//6 69//6
f 1069//6 1634//6 609//6
f 1634//6 249//6 609//6
f 1633//6 876//6 156//6
f 1633//6 710//6 876//6
f 710//6 66//6 876//6
f 1631//6 1633//6 156//6
f 1631//6 1632//6 1633//6
f 1632//6 350//6 1633//6
f 542//6 516//6 29//6
f 542//6 1631//6 516//6
f 1631//6 156//6 516//6
f 1630//6 712//6 352//6
f 1630//6 711//6 712//6
f 711//6 85//6 712//6
f 1628//6 1630//6 352//6
f 1628//6 1629//6 1630//6
f 1629//6 351//6 1630//6
f 710//6 1072//6 66//6
f 710//6 1628//6 1072//6
f 1628//6 352//6 1072//6
f 1627//6 966//6 246//6
f 1627//6 985//6 966//6
f 985//6 25//6 966//6
f 1625//6 1627//6 246//6
f 1625//6 1626//6 1627//6
f 1626//6 265//6 1627//6
f 1072//6 606//6 66//6
f 1072//6 1625//6 606//6
f 1625//6 246//6 606//6
f 1624//5 637//5 277//5
f 1624//5 713//5 637//5
f 713//5 97//5 637//5
f 1622//5 1624//5 277//5
f 1622//5 1623//5 1624//5
f 1623//5 353//5 1624//5
f 540//5 997//5 30//5
f 540//5 1622//5 997//5
f 1622//5 277//5 997//5
f 1621//5 715//5 355//5
f 1621//5 714//5 715//5
f 714//5 91//5 715//5
f 1619//5 1621//5 355//5
f 1619//5 1620//5 1621//5
f 1620//5 354//5 1621//5
f 713//5 1075//5 97//5
f 713//5 1619//5 1075//5
f 1619//5 355//5 1075//5
f 1618//5 547//5 187//5
f 1618//5 541//5 547//5
f 541//5 31//5 547//5
f 1616//5 1618//5 187//5
f 1616//5 1617//5 1618//5
f 1617//5 181//5 1618//5
f 1075//5 907//5 97//5
f 1075//5 1616//5 907//5
f 1616//5 187//5 907//5
f 1615//5 903//5 183//5
f 1615//5 716//5 903//5
f 716//5 93//5 903//5
f 1613//5 1615//5 183//5
f 1613//5 1614//5 1615//5
f 1614//5 356//5 1615//5
f 541//5 543//5 31//5
f 541//5 1613//5 543//5
f 1613//5 183//5 543//5
f 1612//5 718//5 358//5
f 1612//5 717//5 718//5
f 717//5 86//5 718//5
f 1610//5 1612//5 358//5
f 1610//5 1611//5 1612//5
f 1611//5 357//5 1612//5
f 716//5 1078//5 93//5
f 716//5 1610//5 1078//5
f 1610//5 358//5 1078//5
f 1609//5 993//5 273//5
f 1609//5 536//5 993//5
f 536//5 27//5 993//5
f 1607//5 1609//5 273//5
f 1607//5 1608//5 1609//5
f 1608//5 176//5 1609//5
f 1078//5 633//5 93//5
f 1078//5 1607//5 633//5
f 1607//5 273//5 633//5
f 1606//4 642//4 282//4
f 1606//4 719//4 642//4
f 719//4 102//4 642//4
f 1604//4 1606//4 282//4
f 1604//4 1605//4 1606//4
f 1605//4 359//4 1606//4
f 543//4 1002//4 31//4
f 543//4 1604//4 1002//4
f 1604//4 282//4 1002//4
f 1603//4 721//4 361//4
f 1603//4 720//4 721//4
f 720//4 94//4 721//4
f 1601//4 1603//4 361//4
f 1601//4 1602//4 1603//4
f 1602//4 360//4 1603//4
f 719//4 1081//4 102//4
f 719//4 1601//4 1081//4
f 1601//4 361//4 1081//4
f 1600//4 552//4 192//4
f 1600//4 544//4 552//4
f 544//4 32//4 552//4
f 1598//4 1600//4 192//4
f 1598//4 1599//4 1600//4
f 1599//4 184//4 1600//4
f 1081//4 912//4 102//4
f 1081//4 1598//4 912//4
f 1598//4 192//4 912//4
f 1597//4 905//4 185//4
f 1597//4 722//4 905//4
f 722//4 95//4 905//4
f 1595//4 1597//4 185//4
f 1595//4 1596//4 1597//4
f 1596//4 362//4 1597//4
f 544//4 545//4 32//4
f 544//4 1595//4 545//4
f 1595//4 185//4 545//4
f 1594//4 724//4 364//4
f 1594//4 723//4 724//4
f 723//4 89//4 724//4
f 1592//4 1594//4 364//4
f 1592//4 1593//4 1594//4
f 1593//4 363//4 1594//4
f 722//4 1084//4 95//4
f 722//4 1592//4 1084//4
f 1592//4 364//4 1084//4
f 1591//4 995//4 275//4
f 1591//4 539//4 995//4
f 539//4 28//4 995//4
f 1589//4 1591//4 275//4
f 1589//4 1590//4 1591//4
f 1590//4 179//4 1591//4
f 1084//4 635//4 95//4
f 1084//4 1589//4 635//4
f 1589//4 275//4 635//4
f 1588//3 607//3 247//3
f 1588//3 725//3 607//3
f 725//3 67//3 607//3
f 1586//3 1588//3 247//3
f 1586//3 1587//3 1588//3
f 1587//3 365//3 1588//3
f 516//3 967//3 29//3
f 516//3 1586//3 967//3
f 1586//3 247//3 967//3
f 1585//3 727//3 367//3
f 1585//3 726//3 727//3
f 726//3 87//3 727//3
f 1583//3 1585//3 367//3
f 1583//3 1584//3 1585//3
f 1584//3 366//3 1585//3
f 725//3 1087//3 67//3
f 725//3 1583//3 1087//3
f 1583//3 367//3 1087//3
f 1582//3 517//3 157//3
f 1582//3 537//3 517//3
f 537//3 30//3 517//3
f 1580//3 1582//3 157//3
f 1580//3 1581//3 1582//3
f 1581//3 177//3 1582//3
f 1087//3 877//3 67//3
f 1087//3 1580//3 877//3
f 1580//3 157//3 877//3
f 1579//3 900//3 180//3
f 1579//3 728//3 900//3
f 728//3 90//3 900//3
f 1577//3 1579//3 180//3
f 1577//3 1578//3 1579//3
f 1578//3 368//3 1579//3
f 537//3 540//3 30//3
f 537//3 1577//3 540//3
f 1577//3 180//3 540//3
f 1576//3 730//3 370//3
f 1576//3 729//3 730//3
f 729//3 82//3 730//3
f 1574//3 1576//3 370//3
f 1574//3 1575//3 1576//3
f 1575//3 369//3 1576//3
f 728//3 1090//3 90//3
f 728//3 1574//3 1090//3
f 1574//3 370//3 1090//3
f 1573//3 990//3 270//3
f 1573//3 532//3 990//3
f 532//3 26//3 990//3
f 1571//3 1573//3 270//3
f 1571//3 1572//3 1573//3
f 1572//3 172//3 1573//3
f 1090//3 630//3 90//3
f 1090//3 1571//3 630//3
f 1571//3 270//3 630//3
f 1570//2 912//2 192//2
f 1570//2 731//2 912//2
f 731//2 102//2 912//2
f 1568//2 1570//2 192//2
f 1568//2 1569//2 1570//2
f 1569//2 371//2 1570//2
f 519//2 552//2 32//2
f 519//2 1568//2 552//2
f 1568//2 192//2 552//2
f 1567//2 733//2 373//2
f 1567//2 732//2 733//2
f 732//2 68//2 733//2
f 1565//2 1567//2 373//2
f 1565//2 1566//2 1567//2
f 1566//2 372//2 1567//2
f 731//2 1093//2 102//2
f 731//2 1565//2 1093//2
f 1565//2 373//2 1093//2
f 1564//2 1002//2 282//2
f 1564//2 518//2 1002//2
f 518//2 31//2 1002//2
f 1562//2 1564//2 282//2
f 1562//2 1563//2 1564//2
f 1563//2 158//2 1564//2
f 1093//2 642//2 102//2
f 1093//2 1562//2 642//2
f 1562//2 282//2 642//2
f 1561//2 907//2 187//2
f 1561//2 734//2 907//2
f 734//2 97//2 907//2
f 1559//2 1561//2 187//2
f 1559//2 1560//2 1561//2
f 1560//2 374//2 1561//2
f 518//2 547//2 31//2
f 518//2 1559//2 547//2
f 1559//2 187//2 547//2
f 1558//2 736//2 376//2
f 1558//2 735//2 736//2
f 735//2 67//2 736//2
f 1556//2 1558//2 376//2
f 1556//2 1557//2 1558//2
f 1557//2 375//2 1558//2
f 734//2 1096//2 97//2
f 734//2 1556//2 1096//2
f 1556//2 376//2 1096//2
f 1555//2 997//2 277//2
f 1555//2 517//2 997//2
f 517//2 30//2 997//2
f 1553//2 1555//2 277//2
f 1553//2 1554//2 1555//2
f 1554//2 157//2 1555//2
f 1096//2 637//2 97//2
f 1096//2 1553//2 637//2
f 1553//2 277//2 637//2
f 1552//1 265//1 625//1
f 1552//1 625//1 737//1
f 737//1 625//1 85//1
f 1550//1 265//1 1552//1
f 1550//1 1552//1 1551//1
f 1551//1 1552//1 377//1
f 982//1 25//1 985//1
f 982//1 985//1 1550//1
f 1550//1 985//1 265//1
f 1549//1 379//1 739//1
f 1549//1 739//1 738//1
f 738//1 739//1 65//1
f 1547//1 379//1 1549//1
f 1547//1 1549//1 1548//1
f 1548//1 1549//1 378//1
f 737//1 85//1 1099//1
f 737//1 1099//1 1547//1
f 1547//1 1099//1 379//1
f 1546//1 175//1 535//1
f 1546//1 535//1 515//1
f 515//1 535//1 28//1
f 1544//1 175//1 1546//1
f 1544//1 1546//1 1545//1
f 1545//1 1546//1 155//1
f 1099//1 85//1 895//1
f 1099//1 895//1 1544//1
f 1544//1 895//1 175//1
f 1543//1 179//1 899//1
f 1543//1 899//1 740//1
f 740//1 899//1 89//1
f 1541//1 179//1 1543//1
f 1541//1 1543//1 1542//1
f 1542//1 1543//1 380//1
f 515//1 28//1 539//1
f 515//1 539//1 1541//1
f 1541//1 539//1 179//1
f 1540//1 382//1 742//1
f 1540//1 742//1 741//1
f 741//1 742//1 86//1
f 1538//1 382//1 1540//1
f 1538//1 1540//1 1539//1
f 1539//1 1540//1 381//1
f 740//1 89//1 1102//1
f 740//1 1102//1 1538//1
f 1538//1 1102//1 382//1
f 1537//1 269//1 989//1
f 1537//1 989//1 536//1
f 536//1 989//1 27//1
f 1535//1 269//1 1537//1
f 1535//1 1537//1 1536//1
f 1536//1 1537//1 176//1
f 1102//1 89//1 629//1
f 1102//1 629//1 1535//1
f 1535//1 629//1 269//1
f 1534//6 869//6 149//6
f 1534//6 743//6 869//6
f 743//6 59//6 869//6
f 1532//6 1534//6 149//6
f 1532//6 1533//6 1534//6
f 1533//6 383//6 1534//6
f 533//6 509//6 24//6
f 533//6 1532//6 509//6
f 1532//6 149//6 509//6
f 1531//6 745//6 385//6
f 1531//6 744//6 745//6
f 744//6 129//6 745//6
f 1529//6 1531//6 385//6
f 1529//6 1530//6 1531//6
f 1530//6 384//6 1531//6
f 743//6 1105//6 59//6
f 743//6 1529//6 1105//6
f 1529//6 385//6 1105//6
f 1528//6 959//6 239//6
f 1528//6 579//6 959//6
f 579//6 21//6 959//6
f 1526//6 1528//6 239//6
f 1526//6 1527//6 1528//6
f 1527//6 219//6 1528//6
f 1105//6 599//6 59//6
f 1105//6 1526//6 599//6
f 1526//6 239//6 599//6
f 1525//6 932//6 212//6
f 1525//6 746//6 932//6
f 746//6 122//6 932//6
f 1523//6 1525//6 212//6
f 1523//6 1524//6 1525//6
f 1524//6 386//6 1525//6
f 579//6 572//6 21//6
f 579//6 1523//6 572//6
f 1523//6 212//6 572//6
f 1522//6 748//6 388//6
f 1522//6 747//6 748//6
f 747//6 121//6 748//6
f 1520//6 1522//6 388//6
f 1520//6 1521//6 1522//6
f 1521//6 387//6 1522//6
f 746//6 1108//6 122//6
f 746//6 1520//6 1108//6
f 1520//6 388//6 1108//6
f 1519//6 1022//6 302//6
f 1519//6 1021//6 1022//6
f 1021//6 17//6 1022//6
f 1517//6 1519//6 302//6
f 1517//6 1518//6 1519//6
f 1518//6 301//6 1519//6
f 1108//6 662//6 122//6
f 1108//6 1517//6 662//6
f 1517//6 302//6 662//6
f 1516//5 602//5 242//5
f 1516//5 749//5 602//5
f 749//5 62//5 602//5
f 1514//5 1516//5 242//5
f 1514//5 1515//5 1516//5
f 1515//5 389//5 1516//5
f 576//5 962//5 22//5
f 576//5 1514//5 962//5
f 1514//5 242//5 962//5
f 1513//5 751//5 391//5
f 1513//5 750//5 751//5
f 750//5 128//5 751//5
f 1511//5 1513//5 391//5
f 1511//5 1512//5 1513//5
f 1512//5 390//5 1513//5
f 749//5 1111//5 62//5
f 749//5 1511//5 1111//5
f 1511//5 391//5 1111//5
f 1510//5 512//5 152//5
f 1510//5 578//5 512//5
f 578//5 23//5 512//5
f 1508//5 1510//5 152//5
f 1508//5 1509//5 1510//5
f 1509//5 218//5 1510//5
f 1111//5 872//5 62//5
f 1111//5 1508//5 872//5
f 1508//5 152//5 872//5
f 1507//5 940//5 220//5
f 1507//5 752//5 940//5
f 752//5 130//5 940//5
f 1505//5 1507//5 220//5
f 1505//5 1506//5 1507//5
f 1506//5 392//5 1507//5
f 578//5 580//5 23//5
f 578//5 1505//5 580//5
f 1505//5 220//5 580//5
f 1504//5 754//5 394//5
f 1504//5 753//5 754//5
f 753//5 57//5 754//5
f 1502//5 1504//5 394//5
f 1502//5 1503//5 1504//5
f 1503//5 393//5 1504//5
f 752//5 1114//5 130//5
f 752//5 1502//5 1114//5
f 1502//5 394//5 1114//5
f 1501//5 1030//5 310//5
f 1501//5 507//5 1030//5
f 507//5 19//5 1030//5
f 1499//5 1501//5 310//5
f 1499//5 1500//5 1501//5
f 1500//5 147//5 1501//5
f 1114//5 670//5 130//5
f 1114//5 1499//5 670//5
f 1499//5 310//5 670//5
f 1498//4 614//4 254//4
f 1498//4 755//4 614//4
f 755//4 74//4 614//4
f 1496//4 1498//4 254//4
f 1496//4 1497//4 1498//4
f 1497//4 395//4 1498//4
f 580//4 974//4 23//4
f 580//4 1496//4 974//4
f 1496//4 254//4 974//4
f 1495//4 757//4 397//4
f 1495//4 756//4 757//4
f 756//4 63//4 757//4
f 1493//4 1495//4 397//4
f 1493//4 1494//4 1495//4
f 1494//4 396//4 1495//4
f 755//4 1117//4 74//4
f 755//4 1493//4 1117//4
f 1493//4 397//4 1117//4
f 1492//4 524//4 164//4
f 1492//4 513//4 524//4
f 513//4 24//4 524//4
f 1490//4 1492//4 164//4
f 1490//4 1491//4 1492//4
f 1491//4 153//4 1492//4
f 1117//4 884//4 74//4
f 1117//4 1490//4 884//4
f 1490//4 164//4 884//4
f 1489//4 893//4 173//4
f 1489//4 758//4 893//4
f 758//4 83//4 893//4
f 1487//4 1489//4 173//4
f 1487//4 1488//4 1489//4
f 1488//4 398//4 1489//4
f 513//4 533//4 24//4
f 513//4 1487//4 533//4
f 1487//4 173//4 533//4
f 1486//4 760//4 400//4
f 1486//4 759//4 760//4
f 759//4 125//4 760//4
f 1484//4 1486//4 400//4
f 1484//4 1485//4 1486//4
f 1485//4 399//4 1486//4
f 758//4 1120//4 83//4
f 758//4 1484//4 1120//4
f 1484//4 400//4 1120//4
f 1483//4 983//4 263//4
f 1483//4 575//4 983//4
f 575//4 20//4 983//4
f 1481//4 1483//4 263//4
f 1481//4 1482//4 1483//4
f 1482//4 215//4 1483//4
f 1120//4 623//4 83//4
f 1120//4 1481//4 623//4
f 1481//4 263//4 623//4
f 1480//3 600//3 240//3
f 1480//3 761//3 600//3
f 761//3 60//3 600//3
f 1478//3 1480//3 240//3
f 1478//3 1479//3 1480//3
f 1479//3 401//3 1480//3
f 572//3 960//3 21//3
f 572//3 1478//3 960//3
f 1478//3 240//3 960//3
f 1477//3 763//3 403//3
f 1477//3 762//3 763//3
f 762//3 124//3 763//3
f 1475//3 1477//3 403//3
f 1475//3 1476//3 1477//3
f 1476//3 402//3 1477//3
f 761//3 1123//3 60//3
f 761//3 1475//3 1123//3
f 1475//3 403//3 1123//3
f 1474//3 510//3 150//3
f 1474//3 574//3 510//3
f 574//3 22//3 510//3
f 1472//3 1474//3 150//3
f 1472//3 1473//3 1474//3
f 1473//3 214//3 1474//3
f 1123//3 870//3 60//3
f 1123//3 1472//3 870//3
f 1472//3 150//3 870//3
f 1471//3 936//3 216//3
f 1471//3 764//3 936//3
f 764//3 126//3 936//3
f 1469//3 1471//3 216//3
f 1469//3 1470//3 1471//3
f 1470//3 404//3 1471//3
f 574//3 576//3 22//3
f 574//3 1469//3 576//3
f 1469//3 216//3 576//3
f 1468//3 766//3 406//3
f 1468//3 765//3 766//3
f 765//3 56//3 766//3
f 1466//3 1468//3 406//3
f 1466//3 1467//3 1468//3
f 1467//3 405//3 1468//3
f 764//3 1126//3 126//3
f 764//3 1466//3 1126//3
f 1466//3 406//3 1126//3
f 1465//3 1026//3 306//3
f 1465//3 506//3 1026//3
f 506//3 18//3 1026//3
f 1463//3 1465//3 306//3
f 1463//3 1464//3 1465//3
f 1464//3 146//3 1465//3
f 1126//3 666//3 126//3
f 1126//3 1463//3 666//3
f 1463//3 306//3 666//3
f 1462//2 884//2 164//2
f 1462//2 767//2 884//2
f 767//2 74//2 884//2
f 1460//2 1462//2 164//2
f 1460//2 1461//2 1462//2
f 1461//2 407//2 1462//2
f 509//2 524//2 24//2
f 509//2 1460//2 524//2
f 1460//2 164//2 524//2
f 1459//2 769//2 409//2
f 1459//2 768//2 769//2
f 768//2 61//2 769//2
f 1457//2 1459//2 409//2
f 1457//2 1458//2 1459//2
f 1458//2 408//2 1459//2
f 767//2 1129//2 74//2
f 767//2 1457//2 1129//2
f 1457//2 409//2 1129//2
f 1456//2 974//2 254//2
f 1456//2 511//2 974//2
f 511//2 23//2 974//2
f 1454//2 1456//2 254//2
f 1454//2 1455//2 1456//2
f 1455//2 151//2 1456//2
f 1129//2 614//2 74//2
f 1129//2 1454//2 614//2
f 1454//2 254//2 614//2
f 1453//2 872//2 152//2
f 1453//2 770//2 872//2
f 770//2 62//2 872//2
f 1451//2 1453//2 152//2
f 1451//2 1452//2 1453//2
f 1452//2 410//2 1453//2
f 511//2 512//2 23//2
f 511//2 1451//2 512//2
f 1451//2 152//2 512//2
f 1450//2 772//2 412//2
f 1450//2 771//2 772//2
f 771//2 60//2 772//2
f 1448//2 1450//2 412//2
f 1448//2 1449//2 1450//2
f 1449//2 411//2 1450//2
f 770//2 1132//2 62//2
f 770//2 1448//2 1132//2
f 1448//2 412//2 1132//2
f 1447//2 962//2 242//2
f 1447//2 510//2 962//2
f 510//2 22//2 962//2
f 1445//2 1447//2 242//2
f 1445//2 1446//2 1447//2
f 1446//2 150//2 1447//2
f 1132//2 602//2 62//2
f 1132//2 1445//2 602//2
f 1445//2 242//2 602//2
f 1444//1 301//1 661//1
f 1444//1 661//1 773//1
f 773//1 661//1 121//1
f 1442//1 301//1 1444//1
f 1442//1 1444//1 1443//1
f 1443//1 1444//1 413//1
f 956//1 17//1 1021//1
f 956//1 1021//1 1442//1
f 1442//1 1021//1 301//1
f 1441//1 415//1 775//1
f 1441//1 775//1 774//1
f 774//1 775//1 58//1
f 1439//1 415//1 1441//1
f 1439//1 1441//1 1440//1
f 1440//1 1441//1 414//1
f 773//1 121//1 1135//1
f 773//1 1135//1 1439//1
f 1439//1 1135//1 415//1
f 1438//1 211//1 571//1
f 1438//1 571//1 508//1
f 508//1 571//1 20//1
f 1436//1 211//1 1438//1
f 1436//1 1438//1 1437//1
f 1437//1 1438//1 148//1
f 1135//1 121//1 931//1
f 1135//1 931//1 1436//1
f 1436//1 931//1 211//1
f 1435//1 215//1 935//1
f 1435//1 935//1 776//1
f 776//1 935//1 125//1
f 1433//1 215//1 1435//1
f 1433//1 1435//1 1434//1
f 1434//1 1435//1 416//1
f 508//1 20//1 575//1
f 508//1 575//1 1433//1
f 1433//1 575//1 215//1
f 1432//1 418//1 778//1
f 1432//1 778//1 777//1
f 777//1 778//1 57//1
f 1430//1 418//1 1432//1
f 1430//1 1432//1 1431//1
f 1431//1 1432//1 417//1
f 776//1 125//1 1138//1
f 776//1 1138//1 1430//1
f 1430//1 1138//1 418//1
f 1429//1 305//1 1025//1
f 1429//1 1025//1 507//1
f 507//1 1025//1 19//1
f 1427//1 305//1 1429//1
f 1427//1 1429//1 1428//1
f 1428//1 1429//1 147//1
f 1138//1 125//1 665//1
f 1138//1 665//1 1427//1
f 1427//1 665//1 305//1
f 1426//6 864//6 144//6
f 1426//6 779//6 864//6
f 779//6 54//6 864//6
f 1424//6 1426//6 144//6
f 1424//6 1425//6 1426//6
f 1425//6 419//6 1426//6
f 557//6 504//6 16//6
f 557//6 1424//6 504//6
f 1424//6 144//6 504//6
f 1423//6 781//6 421//6
f 1423//6 780//6 781//6
f 780//6 104//6 781//6
f 1421//6 1423//6 421//6
f 1421//6 1422//6 1423//6
f 1422//6 420//6 1423//6
f 779//6 1141//6 54//6
f 779//6 1421//6 1141//6
f 1421//6 421//6 1141//6
f 1420//6 954//6 234//6
f 1420//6 554//6 954//6
f 554//6 13//6 954//6
f 1418//6 1420//6 234//6
f 1418//6 1419//6 1420//6
f 1419//6 194//6 1420//6
f 1141//6 594//6 54//6
f 1141//6 1418//6 594//6
f 1418//6 234//6 594//6
f 1417//6 861//6 141//6
f 1417//6 782//6 861//6
f 782//6 51//6 861//6
f 1415//6 1417//6 141//6
f 1415//6 1416//6 1417//6
f 1416//6 422//6 1417//6
f 554//6 501//6 13//6
f 554//6 1415//6 501//6
f 1415//6 141//6 501//6
f 1414//6 784//6 424//6
f 1414//6 783//6 784//6
f 783//6 96//6 784//6
f 1412//6 1414//6 424//6
f 1412//6 1413//6 1414//6
f 1413//6 423//6 1414//6
f 782//6 1144//6 51//6
f 782//6 1412//6 1144//6
f 1412//6 424//6 1144//6
f 1411//6 951//6 231//6
f 1411//6 996//6 951//6
f 996//6 9//6 951//6
f 1409//6 1411//6 231//6
f 1409//6 1410//6 1411//6
f 1410//6 276//6 1411//6
f 1144//6 591//6 51//6
f 1144//6 1409//6 591//6
f 1409//6 231//6 591//6
f 1408//5 648//5 288//5
f 1408//5 785//5 648//5
f 785//5 108//5 648//5
f 1406//5 1408//5 288//5
f 1406//5 1407//5 1408//5
f 1407//5 425//5 1408//5
f 551//5 1008//5 14//5
f 551//5 1406//5 1008//5
f 1406//5 288//5 1008//5
f 1405//5 787//5 427//5
f 1405//5 786//5 787//5
f 786//5 103//5 787//5
f 1403//5 1405//5 427//5
f 1403//5 1404//5 1405//5
f 1404//5 426//5 1405//5
f 785//5 1147//5 108//5
f 785//5 1403//5 1147//5
f 1403//5 427//5 1147//5
f 1402//5 558//5 198//5
f 1402//5 553//5 558//5
f 553//5 15//5 558//5
f 1400//5 1402//5 198//5
f 1400//5 1401//5 1402//5
f 1401//5 193//5 1402//5
f 1147//5 918//5 108//5
f 1147//5 1400//5 918//5
f 1400//5 198//5 918//5
f 1399//5 915//5 195//5
f 1399//5 788//5 915//5
f 788//5 105//5 915//5
f 1397//5 1399//5 195//5
f 1397//5 1398//5 1399//5
f 1398//5 428//5 1399//5
f 553//5 555//5 15//5
f 553//5 1397//5 555//5
f 1397//5 195//5 555//5
f 1396//5 790//5 430//5
f 1396//5 789//5 790//5
f 789//5 49//5 790//5
f 1394//5 1396//5 430//5
f 1394//5 1395//5 1396//5
f 1395//5 429//5 1396//5
f 788//5 1150//5 105//5
f 788//5 1394//5 1150//5
f 1394//5 430//5 1150//5
f 1393//5 1005//5 285//5
f 1393//5 499//5 1005//5
f 499//5 11//5 1005//5
f 1391//5 1393//5 285//5
f 1391//5 1392//5 1393//5
f 1392//5 139//5 1393//5
f 1150//5 645//5 105//5
f 1150//5 1391//5 645//5
f 1391//5 285//5 645//5
f 1390//4 653//4 293//4
f 1390//4 791//4 653//4
f 791//4 113//4 653//4
f 1388//4 1390//4 293//4
f 1388//4 1389//4 1390//4
f 1389//4 431//4 1390//4
f 555//4 1013//4 15//4
f 555//4 1388//4 1013//4
f 1388//4 293//4 1013//4
f 1387//4 793//4 433//4
f 1387//4 792//4 793//4
f 792//4 106//4 793//4
f 1385//4 1387//4 433//4
f 1385//4 1386//4 1387//4
f 1386//4 432//4 1387//4
f 791//4 1153//4 113//4
f 791//4 1385//4 1153//4
f 1385//4 433//4 1153//4
f 1384//4 563//4 203//4
f 1384//4 556//4 563//4
f 556//4 16//4 563//4
f 1382//4 1384//4 203//4
f 1382//4 1383//4 1384//4
f 1383//4 196//4 1384//4
f 1153//4 923//4 113//4
f 1153//4 1382//4 923//4
f 1382//4 203//4 923//4
f 1381//4 917//4 197//4
f 1381//4 794//4 917//4
f 794//4 107//4 917//4
f 1379//4 1381//4 197//4
f 1379//4 1380//4 1381//4
f 1380//4 434//4 1381//4
f 556//4 557//4 16//4
f 556//4 1379//4 557//4
f 1379//4 197//4 557//4
f 1378//4 796//4 436//4
f 1378//4 795//4 796//4
f 795//4 100//4 796//4
f 1376//4 1378//4 436//4
f 1376//4 1377//4 1378//4
f 1377//4 435//4 1378//4
f 794//4 1156//4 107//4
f 794//4 1376//4 1156//4
f 1376//4 436//4 1156//4
f 1375//4 1007//4 287//4
f 1375//4 550//4 1007//4
f 550//4 12//4 1007//4
f 1373//4 1375//4 287//4
f 1373//4 1374//4 1375//4
f 1374//4 190//4 1375//4
f 1156//4 647//4 107//4
f 1156//4 1373//4 647//4
f 1373//4 287//4 647//4
f 1372//3 592//3 232//3
f 1372//3 797//3 592//3
f 797//3 52//3 592//3
f 1370//3 1372//3 232//3
f 1370//3 1371//3 1372//3
f 1371//3 437//3 1372//3
f 501//3 952//3 13//3
f 501//3 1370//3 952//3
f 1370//3 232//3 952//3
f 1369//3 799//3 439//3
f 1369//3 798//3 799//3
f 798//3 98//3 799//3
f 1367//3 1369//3 439//3
f 1367//3 1368//3 1369//3
f 1368//3 438//3 1369//3
f 797//3 1159//3 52//3
f 797//3 1367//3 1159//3
f 1367//3 439//3 1159//3
f 1366//3 502//3 142//3
f 1366//3 548//3 502//3
f 548//3 14//3 502//3
f 1364//3 1366//3 142//3
f 1364//3 1365//3 1366//3
f 1365//3 188//3 1366//3
f 1159//3 862//3 52//3
f 1159//3 1364//3 862//3
f 1364//3 142//3 862//3
f 1363//3 911//3 191//3
f 1363//3 800//3 911//3
f 800//3 101//3 911//3
f 1361//3 1363//3 191//3
f 1361//3 1362//3 1363//3
f 1362//3 440//3 1363//3
f 548//3 551//3 14//3
f 548//3 1361//3 551//3
f 1361//3 191//3 551//3
f 1360//3 802//3 442//3
f 1360//3 801//3 802//3
f 801//3 48//3 802//3
f 1358//3 1360//3 442//3
f 1358//3 1359//3 1360//3
f 1359//3 441//3 1360//3
f 800//3 1162//3 101//3
f 800//3 1358//3 1162//3
f 1358//3 442//3 1162//3
f 1357//3 1001//3 281//3
f 1357//3 498//3 1001//3
f 498//3 10//3 1001//3
f 1355//3 1357//3 281//3
f 1355//3 1356//3 1357//3
f 1356//3 138//3 1357//3
f 1162//3 641//3 101//3
f 1162//3 1355//3 641//3
f 1355//3 281//3 641//3
f 1354//2 923//2 203//2
f 1354//2 803//2 923//2
f 803//2 113//2 923//2
f 1352//2 1354//2 203//2
f 1352//2 1353//2 1354//2
f 1353//2 443//2 1354//2
f 504//2 563//2 16//2
f 504//2 1352//2 563//2
f 1352//2 203//2 563//2
f 1351//2 805//2 445//2
f 1351//2 804//2 805//2
f 804//2 53//2 805//2
f 1349//2 1351//2 445//2
f 1349//2 1350//2 1351//2
f 1350//2 444//2 1351//2
f 803//2 1165//2 113//2
f 803//2 1349//2 1165//2
f 1349//2 445//2 1165//2
f 1348//2 1013//2 293//2
f 1348//2 503//2 1013//2
f 503//2 15//2 1013//2
f 1346//2 1348//2 293//2
f 1346//2 1347//2 1348//2
f 1347//2 143//2 1348//2
f 1165//2 653//2 113//2
f 1165//2 1346//2 653//2
f 1346//2 293//2 653//2
f 1345//2 918//2 198//2
f 1345//2 806//2 918//2
f 806//2 108//2 918//2
f 1343//2 1345//2 198//2
f 1343//2 1344//2 1345//2
f 1344//2 446//2 1345//2
f 503//2 558//2 15//2
f 503//2 1343//2 558//2
f 1343//2 198//2 558//2
f 1342//2 808//2 448//2
f 1342//2 807//2 808//2
f 807//2 52//2 808//2
f 1340//2 1342//2 448//2
f 1340//2 1341//2 1342//2
f 1341//2 447//2 1342//2
f 806//2 1168//2 108//2
f 806//2 1340//2 1168//2
f 1340//2 448//2 1168//2
f 1339//2 1008//2 288//2
f 1339//2 502//2 1008//2
f 502//2 14//2 1008//2
f 1337//2 1339//2 288//2
f 1337//2 1338//2 1339//2
f 1338//2 142//2 1339//2
f 1168//2 648//2 108//2
f 1168//2 1337//2 648//2
f 1337//2 288//2 648//2
f 1336//1 276//1 636//1
f 1336//1 636//1 809//1
f 809//1 636//1 96//1
f 1334//1 276//1 1336//1
f 1334//1 1336//1 1335//1
f 1335//1 1336//1 449//1
f 948//1 9//1 996//1
f 948//1 996//1 1334//1
f 1334//1 996//1 276//1
f 1333//1 451//1 811//1
f 1333//1 811//1 810//1
f 810//1 811//1 50//1
f 1331//1 451//1 1333//1
f 1331//1 1333//1 1332//1
f 1332//1 1333//1 450//1
f 809//1 96//1 1171//1
f 809//1 1171//1 1331//1
f 1331//1 1171//1 451//1
f 1330//1 186//1 546//1
f 1330//1 546//1 500//1
f 500//1 546//1 12//1
f 1328//1 186//1 1330//1
f 1328//1 1330//1 1329//1
f 1329//1 1330//1 140//1
f 1171//1 96//1 906//1
f 1171//1 906//1 1328//1
f 1328//1 906//1 186//1
f 1327//1 190//1 910//1
f 1327//1 910//1 812//1
f 812//1 910//1 100//1
f 1325//1 190//1 1327//1
f 1325//1 1327//1 1326//1
f 1326//1 1327//1 452//1
f 500//1 12//1 550//1
f 500//1 550//1 1325//1
f 1325//1 550//1 190//1
f 1324//1 454//1 814//1
f 1324//1 814//1 813//1
f 813//1 814//1 49//1
f 1322//1 454//1 1324//1
f 1322//1 1324//1 1323//1
f 1323//1 1324//1 453//1
f 812//1 100//1 1174//1
f 812//1 1174//1 1322//1
f 1322//1 1174//1 454//1
f 1321//1 280//1 1000//1
f 1321//1 1000//1 499//1
f 499//1 1000//1 11//1
f 1319//1 280//1 1321//1
f 1319//1 1321//1 1320//1
f 1320//1 1321//1 139//1
f 1174//1 100//1 640//1
f 1174//1 640//1 1319//1
f 1319//1 640//1 280//1
f 814//1 454//1 1320//1
f 814//1 1320//1 859//1
f 859//1 1320//1 139//1
f 1172//1 452//1 1323//1
f 1172//1 1323//1 1173//1
f 1173//1 1323//1 453//1
f 860//1 140//1 1326//1
f 860//1 1326//1 1172//1
f 1172//1 1326//1 452//1
f 811//1 451//1 1329//1
f 811//1 1329//1 860//1
f 860//1 1329//1 140//1
f 1169//1 449//1 1332//1
f 1169//1 1332//1 1170//1
f 1170//1 1332//1 450//1
f 588//1 228//1 1335//1
f 588//1 1335//1 1169//1
f 1169//1 1335//1 449//1
f 808//2 1338//2 448//2
f 808//2 862//2 1338//2
f 862//2 142//2 1338//2
f 1166//2 1341//2 446//2
f 1166//2 1167//2 1341//2
f 1167//2 447//2 1341//2
f 863//2 1344//2 143//2
f 863//2 1166//2 1344//2
f 1166//2 446//2 1344//2
f 805//2 1347//2 445//2
f 805//2 863//2 1347//2
f 863//2 143//2 1347//2
f 1163//2 1350//2 443//2
f 1163//2 1164//2 1350//2
f 1164//2 444//2 1350//2
f 864//2 1353//2 144//2
f 864//2 1163//2 1353//2
f 1163//2 443//2 1353//2
f 802//3 1356//3 442//3
f 802//3 858//3 1356//3
f 858//3 138//3 1356//3
f 1160//3 1359//3 440//3
f 1160//3 1161//3 1359//3
f 1161//3 441//3 1359//3
f 908//3 1362//3 188//3
f 908//3 1160//3 1362//3
f 1160//3 440//3 1362//3
f 799//3 1365//3 439//3
f 799//3 908//3 1365//3
f 908//3 188//3 1365//3
f 1157//3 1368//3 437//3
f 1157//3 1158//3 1368//3
f 1158//3 438//3 1368//3
f 861//3 1371//3 141//3
f 861//3 1157//3 1371//3
f 1157//3 437//3 1371//3
f 796//4 1374//4 436//4
f 796//4 910//4 1374//4
f 910//4 190//4 1374//4
f 1154//4 1377//4 434//4
f 1154//4 1155//4 1377//4
f 1155//4 435//4 1377//4
f 916//4 1380//4 196//4
f 916//4 1154//4 1380//4
f 1154//4 434//4 1380//4
f 793//4 1383//4 433//4
f 793//4 916//4 1383//4
f 916//4 196//4 1383//4
f 1151//4 1386//4 431//4
f 1151//4 1152//4 1386//4
f 1152//4 432//4 1386//4
f 915//4 1389//4 195//4
f 915//4 1151//4 1389//4
f 1151//4 431//4 1389//4
f 790//5 1392//5 430//5
f 790//5 859//5 1392//5
f 859//5 139//5 1392//5
f 1148//5 1395//5 428//5
f 1148//5 1149//5 1395//5
f 1149//5 429//5 1395//5
f 913//5 1398//5 193//5
f 913//5 1148//5 1398//5
f 1148//5 428//5 1398//5
f 787//5 1401//5 427//5
f 787//5 913//5 1401//5
f 913//5 193//5 1401//5
f 1145//5 1404//5 425//5
f 1145//5 1146//5 1404//5
f 1146//5 426//5 1404//5
f 911//5 1407//5 191//5
f 911//5 1145//5 1407//5
f 1145//5 425//5 1407//5
f 784//6 1410//6 424//6
f 784//6 636//6 1410//6
f 636//6 276//6 1410//6
f 1142//6 1413//6 422//6
f 1142//6 1143//6 1413//6
f 1143//6 423//6 1413//6
f 914//6 1416//6 194//6
f 914//6 1142//6 1416//6
f 1142//6 422//6 1416//6
f 781//6 1419//6 421//6
f 781//6 914//6 1419//6
f 914//6 194//6 1419//6
f 1139//6 1422//6 419//6
f 1139//6 1140//6 1422//6
f 1140//6 420//6 1422//6
f 917//6 1425//6 197//6
f 917//6 1139//6 1425//6
f 1139//6 419//6 1425//6
f 778//1 418//1 1428//1
f 778//1 1428//1 867//1
f 867//1 1428//1 147//1
f 1136//1 416//1 1431//1
f 1136//1 1431//1 1137//1
f 1137//1 1431//1 417//1
f 868//1 148//1 1434//1
f 868//1 1434//1 1136//1
f 1136//1 1434//1 416//1
f 775//1 415//1 1437//1
f 775//1 1437//1 868//1
f 868//1 1437//1 148//1
f 1133//1 413//1 1440//1
f 1133//1 1440//1 1134//1
f 1134//1 1440//1 414//1
f 596//1 236//1 1443//1
f 596//1 1443//1 1133//1
f 1133//1 1443//1 413//1
f 772//2 1446//2 412//2
f 772//2 870//2 1446//2
f 870//2 150//2 1446//2
f 1130//2 1449//2 410//2
f 1130//2 1131//2 1449//2
f 1131//2 411//2 1449//2
f 871//2 1452//2 151//2
f 871//2 1130//2 1452//2
f 1130//2 410//2 1452//2
f 769//2 1455//2 409//2
f 769//2 871//2 1455//2
f 871//2 151//2 1455//2
f 1127//2 1458//2 407//2
f 1127//2 1128//2 1458//2
f 1128//2 408//2 1458//2
f 869//2 1461//2 149//2
f 869//2 1127//2 1461//2
f 1127//2 407//2 1461//2
f 766//3 1464//3 406//3
f 766//3 866//3 1464//3
f 866//3 146//3 1464//3
f 1124//3 1467//3 404//3
f 1124//3 1125//3 1467//3
f 1125//3 405//3 1467//3
f 934//3 1470//3 214//3
f 934//3 1124//3 1470//3
f 1124//3 404//3 1470//3
f 763//3 1473//3 403//3
f 763//3 934//3 1473//3
f 934//3 214//3 1473//3
f 1121//3 1476//3 401//3
f 1121//3 1122//3 1476//3
f 1122//3 402//3 1476//3
f 932//3 1479//3 212//3
f 932//3 1121//3 1479//3
f 1121//3 401//3 1479//3
f 760//4 1482//4 400//4
f 760//4 935//4 1482//4
f 935//4 215//4 1482//4
f 1118//4 1485//4 398//4
f 1118//4 1119//4 1485//4
f 1119//4 399//4 1485//4
f 873//4 1488//4 153//4
f 873//4 1118//4 1488//4
f 1118//4 398//4 1488//4
f 757//4 1491//4 397//4
f 757//4 873//4 1491//4
f 873//4 153//4 1491//4
f 1115//4 1494//4 395//4
f 1115//4 1116//4 1494//4
f 1116//4 396//4 1494//4
f 940//4 1497//4 220//4
f 940//4 1115//4 1497//4
f 1115//4 395//4 1497//4
f 754//5 1500//5 394//5
f 754//5 867//5 1500//5
f 867//5 147//5 1500//5
f 1112//5 1503//5 392//5
f 1112//5 1113//5 1503//5
f 1113//5 393//5 1503//5
f 938//5 1506//5 218//5
f 938//5 1112//5 1506//5
f 1112//5 392//5 1506//5
f 751//5 1509//5 391//5
f 751//5 938//5 1509//5
f 938//5 218//5 1509//5
f 1109//5 1512//5 389//5
f 1109//5 1110//5 1512//5
f 1110//5 390//5 1512//5
f 936//5 1515//5 216//5
f 936//5 1109//5 1515//5
f 1109//5 389//5 1515//5
f 748//6 1518//6 388//6
f 748//6 661//6 1518//6
f 661//6 301//6 1518//6
f 1106//6 1521//6 386//6
f 1106//6 1107//6 1521//6
f 1107//6 387//6 1521//6
f 939//6 1524//6 219//6
f 939//6 1106//6 1524//6
f 1106//6 386//6 1524//6
f 745//6 1527//6 385//6
f 745//6 939//6 1527//6
f 939//6 219//6 1527//6
f 1103//6 1530//6 383//6
f 1103//6 1104//6 1530//6
f 1104//6 384//6 1530//6
f 893//6 1533//6 173//6
f 893//6 1103//6 1533//6
f 1103//6 383//6 1533//6
f 742//1 382//1 1536//1
f 742//1 1536//1 896//1
f 896//1 1536//1 176//1
f 1100//1 380//1 1539//1
f 1100//1 1539//1 1101//1
f 1101//1 1539//1 381//1
f 875//1 155//1 1542//1
f 875//1 1542//1 1100//1
f 1100//1 1542//1 380//1
f 739//1 379//1 1545//1
f 739//1 1545//1 875//1
f 875//1 1545//1 155//1
f 1097//1 377//1 1548//1
f 1097//1 1548//1 1098//1
f 1098//1 1548//1 378//1
f 622//1 262//1 1551//1
f 622//1 1551//1 1097//1
f 1097//1 1551//1 377//1
f 736//2 1554//2 376//2
f 736//2 877//2 1554//2
f 877//2 157//2 1554//2
f 1094//2 1557//2 374//2
f 1094//2 1095//2 1557//2
f 1095//2 375//2 1557//2
f 878//2 1560//2 158//2
f 878//2 1094//2 1560//2
f 1094//2 374//2 1560//2
f 733//2 1563//2 373//2
f 733//2 878//2 1563//2
f 878//2 158//2 1563//2
f 1091//2 1566//2 371//2
f 1091//2 1092//2 1566//2
f 1092//2 372//2 1566//2
f 879//2 1569//2 159//2
f 879//2 1091//2 1569//2
f 1091//2 371//2 1569//2
f 730//3 1572//3 370//3
f 730//3 892//3 1572//3
f 892//3 172//3 1572//3
f 1088//3 1575//3 368//3
f 1088//3 1089//3 1575//3
f 1089//3 369//3 1575//3
f 897//3 1578//3 177//3
f 897//3 1088//3 1578//3
f 1088//3 368//3 1578//3
f 727//3 1581//3 367//3
f 727//3 897//3 1581//3
f 897//3 177//3 1581//3
f 1085//3 1584//3 365//3
f 1085//3 1086//3 1584//3
f 1086//3 366//3 1584//3
f 876//3 1587//3 156//3
f 876//3 1085//3 1587//3
f 1085//3 365//3 1587//3
f 724//4 1590//4 364//4
f 724//4 899//4 1590//4
f 899//4 179//4 1590//4
f 1082//4 1593//4 362//4
f 1082//4 1083//4 1593//4
f 1083//4 363//4 1593//4
f 904//4 1596//4 184//4
f 904//4 1082//4 1596//4
f 1082//4 362//4 1596//4
f 721//4 1599//4 361//4
f 721//4 904//4 1599//4
f 904//4 184//4 1599//4
f 1079//4 1602//4 359//4
f 1079//4 1080//4 1602//4
f 1080//4 360//4 1602//4
f 903//4 1605//4 183//4
f 903//4 1079//4 1605//4
f 1079//4 359//4 1605//4
f 718//5 1608//5 358//5
f 718//5 896//5 1608//5
f 896//5 176//5 1608//5
f 1076//5 1611//5 356//5
f 1076//5 1077//5 1611//5
f 1077//5 357//5 1611//5
f 901//5 1614//5 181//5
f 901//5 1076//5 1614//5
f 1076//5 356//5 1614//5
f 715//5 1617//5 355//5
f 715//5 901//5 1617//5
f 901//5 181//5 1617//5
f 1073//5 1620//5 353//5
f 1073//5 1074//5 1620//5
f 1074//5 354//5 1620//5
f 900//5 1623//5 180//5
f 900//5 1073//5 1623//5
f 1073//5 353//5 1623//5
f 712//6 1626//6 352//6
f 712//6 625//6 1626//6
f 625//6 265//6 1626//6
f 1070//6 1629//6 350//6
f 1070//6 1071//6 1629//6
f 1071//6 351//6 1629//6
f 902//6 1632//6 182//6
f 902//6 1070//6 1632//6
f 1070//6 350//6 1632//6
f 709//6 1635//6 349//6
f 709//6 902//6 1635//6
f 902//6 182//6 1635//6
f 1067//6 1638//6 347//6
f 1067//6 1068//6 1638//6
f 1068//6 348//6 1638//6
f 905//6 1641//6 185//6
f 905//6 1067//6 1641//6
f 1067//6 347//6 1641//6
f 706//1 346//1 1644//1
f 706//1 1644//1 920//1
f 920//1 1644//1 200//1
f 1064//1 344//1 1647//1
f 1064//1 1647//1 1065//1
f 1065//1 1647//1 345//1
f 883//1 163//1 1650//1
f 883//1 1650//1 1064//1
f 1064//1 1650//1 344//1
f 703//1 343//1 1653//1
f 703//1 1653//1 883//1
f 883//1 1653//1 163//1
f 1061//1 341//1 1656//1
f 1061//1 1656//1 1062//1
f 1062//1 1656//1 342//1
f 611//1 251//1 1659//1
f 611//1 1659//1 1061//1
f 1061//1 1659//1 341//1
f 700//2 1662//2 340//2
f 700//2 885//2 1662//2
f 885//2 165//2 1662//2
f 1058//2 1665//2 338//2
f 1058//2 1059//2 1665//2
f 1059//2 339//2 1665//2
f 886//2 1668//2 166//2
f 886//2 1058//2 1668//2
f 1058//2 338//2 1668//2
f 697//2 1671//2 337//2
f 697//2 886//2 1671//2
f 886//2 166//2 1671//2
f 1055//2 1674//2 335//2
f 1055//2 1056//2 1674//2
f 1056//2 336//2 1674//2
f 909//2 1677//2 189//2
f 909//2 1055//2 1677//2
f 1055//2 335//2 1677//2
f 694//3 1680//3 334//3
f 694//3 881//3 1680//3
f 881//3 161//3 1680//3
f 1052//3 1683//3 332//3
f 1052//3 1053//3 1683//3
f 1053//3 333//3 1683//3
f 922//3 1686//3 202//3
f 922//3 1052//3 1686//3
f 1052//3 332//3 1686//3
f 691//3 1689//3 331//3
f 691//3 922//3 1689//3
f 922//3 202//3 1689//3
f 1049//3 1692//3 329//3
f 1049//3 1050//3 1692//3
f 1050//3 330//3 1692//3
f 921//3 1695//3 201//3
f 921//3 1049//3 1695//3
f 1049//3 329//3 1695//3
f 688//4 1698//4 328//4
f 688//4 924//4 1698//4
f 924//4 204//4 1698//4
f 1046//4 1701//4 326//4
f 1046//4 1047//4 1701//4
f 1047//4 327//4 1701//4
f 929//4 1704//4 209//4
f 929//4 1046//4 1704//4
f 1046//4 326//4 1704//4
f 685//4 1707//4 325//4
f 685//4 929//4 1707//4
f 929//4 209//4 1707//4
f 1043//4 1710//4 323//4
f 1043//4 1044//4 1710//4
f 1044//4 324//4 1710//4
f 928//4 1713//4 208//4
f 928//4 1043//4 1713//4
f 1043//4 323//4 1713//4
f 682//5 1716//5 322//5
f 682//5 920//5 1716//5
f 920//5 200//5 1716//5
f 1040//5 1719//5 320//5
f 1040//5 1041//5 1719//5
f 1041//5 321//5 1719//5
f 926//5 1722//5 206//5
f 926//5 1040//5 1722//5
f 1040//5 320//5 1722//5
f 679//5 1725//5 319//5
f 679//5 926//5 1725//5
f 926//5 206//5 1725//5
f 1037//5 1728//5 317//5
f 1037//5 1038//5 1728//5
f 1038//5 318//5 1728//5
f 925//5 1731//5 205//5
f 925//5 1037//5 1731//5
f 1037//5 317//5 1731//5
f 676//6 1734//6 316//6
f 676//6 649//6 1734//6
f 649//6 289//6 1734//6
f 1034//6 1737//6 314//6
f 1034//6 1035//6 1737//6
f 1035//6 315//6 1737//6
f 927//6 1740//6 207//6
f 927//6 1034//6 1740//6
f 1034//6 314//6 1740//6
f 673//6 1743//6 313//6
f 673//6 927//6 1743//6
f 927//6 207//6 1743//6
f 1031//6 1746//6 311//6
f 1031//6 1032//6 1746//6
f 1032//6 312//6 1746//6
f 930//6 1749//6 210//6
f 930//6 1031//6 1749//6
f 1031//6 311//6 1749//6
f 1020//6 1752//6 300//6
f 1020//6 1017//6 1752//6
f 1017//6 297//6 1752//6
f 1017//6 1755//6 297//6
f 1017//6 559//6 1755//6
f 559//6 199//6 1755//6
f 1015//5 1758//5 295//5
f 1015//5 1016//5 1758//5
f 1016//5 296//5 1758//5
f 1016//5 1761//5 296//5
f 1016//5 1010//5 1761//5
f 1010//5 290//5 1761//5
f 1018//4 1764//4 298//4
f 1018//4 1019//4 1764//4
f 1019//4 299//4 1764//4
f 1019//4 1767//4 299//4
f 1019//4 1014//4 1767//4
f 1014//4 294//4 1767//4
f 1011//3 1770//3 291//3
f 1011//3 1012//3 1770//3
f 1012//3 292//3 1770//3
f 1012//3 1773//3 292//3
f 1012//3 971//3 1773//3
f 971//3 251//3 1773//3
f 999//2 1776//2 279//2
f 999//2 976//2 1776//2
f 976//2 256//2 1776//2
f 976//2 1779//2 256//2
f 976//2 975//2 1779//2
f 975//2 255//2 1779//2
f 521//1 161//1 1782//1
f 521//1 1782//1 973//1
f 973//1 1782//1 253//1
f 973//1 253//1 1785//1
f 973//1 1785//1 1010//1
f 1010//1 1785//1 290//1
f 995//6 1788//6 275//6
f 995//6 992//6 1788//6
f 992//6 272//6 1788//6
f 992//6 1791//6 272//6
f 992//6 535//6 1791//6
f 535//6 175//6 1791//6
f 990//5 1794//5 270//5
f 990//5 991//5 1794//5
f 991//5 271//5 1794//5
f 991//5 1797//5 271//5
f 991//5 986//5 1797//5
f 986//5 266//5 1797//5
f 993//4 1800//4 273//4
f 993//4 994//4 1800//4
f 994//4 274//4 1800//4
f 994//4 1803//4 274//4
f 994//4 989//4 1803//4
f 989//4 269//4 1803//4
f 966//3 1806//3 246//3
f 966//3 987//3 1806//3
f 987//3 267//3 1806//3
f 987//3 1809//3 267//3
f 987//3 982//3 1809//3
f 982//3 262//3 1809//3
f 969//2 1812//2 249//2
f 969//2 968//2 1812//2
f 968//2 248//2 1812//2
f 968//2 1815//2 248//2
f 968//2 967//2 1815//2
f 967//2 247//2 1815//2
f 532//1 172//1 1818//1
f 532//1 1818//1 965//1
f 965//1 1818//1 245//1
f 965//1 245//1 1821//1
f 965//1 1821//1 986//1
f 986//1 1821//1 266//1
f 983//6 1824//6 263//6
f 983//6 1029//6 1824//6
f 1029//6 309//6 1824//6
f 1029//6 1827//6 309//6
f 1029//6 571//6 1827//6
f 571//6 211//6 1827//6
f 1026//5 1830//5 306//5
f 1026//5 1028//5 1830//5
f 1028//5 308//5 1830//5
f 1028//5 1833//5 308//5
f 1028//5 957//5 1833//5
f 957//5 237//5 1833//5
f 1030//4 1836//4 310//4
f 1030//4 963//4 1836//4
f 963//4 243//4 1836//4
f 963//4 1839//4 243//4
f 963//4 1025//4 1839//4
f 1025//4 305//4 1839//4
f 1022//3 1842//3 302//3
f 1022//3 1024//3 1842//3
f 1024//3 304//3 1842//3
f 1024//3 1845//3 304//3
f 1024//3 956//3 1845//3
f 956//3 236//3 1845//3
f 959//2 1848//2 239//2
f 959//2 961//2 1848//2
f 961//2 241//2 1848//2
f 961//2 1851//2 241//2
f 961//2 960//2 1851//2
f 960//2 240//2 1851//2
f 506//1 146//1 1854//1
f 506//1 1854//1 958//1
f 958//1 1854//1 238//1
f 958//1 238//1 1857//1
f 958//1 1857//1 957//1
f 957//1 1857//1 237//1
f 1007//6 1860//6 287//6
f 1007//6 1004//6 1860//6
f 1004//6 284//6 1860//6
f 1004//6 1863//6 284//6
f 1004//6 546//6 1863//6
f 546//6 186//6 1863//6
f 1001//5 1866//5 281//5
f 1001//5 1003//5 1866//5
f 1003//5 283//5 1866//5
f 1003//5 1869//5 283//5
f 1003//5 949//5 1869//5
f 949//5 229//5 1869//5
f 1005//4 1872//4 285//4
f 1005//4 1006//4 1872//4
f 1006//4 286//4 1872//4
f 1006//4 1875//4 286//4
f 1006//4 1000//4 1875//4
f 1000//4 280//4 1875//4
f 951//3 1878//3 231//3
f 951//3 998//3 1878//3
f 998//3 278//3 1878//3
f 998//3 1881//3 278//3
f 998//3 948//3 1881//3
f 948//3 228//3 1881//3
f 954//2 1884//2 234//2
f 954//2 953//2 1884//2
f 953//2 233//2 1884//2
f 953//2 1887//2 233//2
f 953//2 952//2 1887//2
f 952//2 232//2 1887//2
f 498//1 138//1 1890//1
f 498//1 1890//1 950//1
f 950//1 1890//1 230//1
f 950//1 230//1 1893//1
f 950//1 1893//1 949//1
f 949//1 1893//1 229//1
