# Blender 4.4.3
# www.blender.org
mtllib Table.mtl
o Table.001
v 0.600000 0.400000 0.807000
v 0.600000 -0.400000 0.807000
v -0.600000 -0.400000 0.807000
v -0.600000 0.400000 0.807000
v 0.600000 0.400000 0.757000
v 0.600000 -0.400000 0.757000
v -0.600000 -0.400000 0.757000
v -0.600000 0.400000 0.757000
v 0.500000 0.300000 0.757000
v 0.500000 0.250000 0.757000
v 0.450000 0.250000 0.757000
v 0.450000 0.300000 0.757000
v 0.500000 0.300000 -0.000000
v 0.500000 0.250000 -0.000000
v 0.450000 0.250000 -0.000000
v 0.450000 0.300000 -0.000000
v 0.500000 -0.250000 0.757000
v 0.500000 -0.300000 0.757000
v 0.450000 -0.300000 0.757000
v 0.450000 -0.250000 0.757000
v 0.500000 -0.250000 -0.000000
v 0.500000 -0.300000 -0.000000
v 0.450000 -0.300000 -0.000000
v 0.450000 -0.250000 -0.000000
v -0.450000 0.300000 0.757000
v -0.450000 0.250000 0.757000
v -0.500000 0.250000 0.757000
v -0.500000 0.300000 0.757000
v -0.450000 0.300000 0.000000
v -0.450000 0.250000 0.000000
v -0.500000 0.250000 0.000000
v -0.500000 0.300000 0.000000
v -0.450000 -0.250000 0.757000
v -0.450000 -0.300000 0.757000
v -0.500000 -0.300000 0.757000
v -0.500000 -0.250000 0.757000
v -0.450000 -0.250000 0.000000
v -0.450000 -0.300000 0.000000
v -0.500000 -0.300000 0.000000
v -0.500000 -0.250000 0.000000
v 0.000000 0.000000 0.807000
v 0.600000 0.000000 0.807000
v 0.000000 -0.400000 0.807000
v 0.000000 0.400000 0.807000
v -0.600000 0.000000 0.807000
v 0.000000 0.000000 0.757000
v 0.000000 0.400000 0.757000
v -0.600000 0.000000 0.757000
v 0.600000 0.000000 0.757000
v 0.000000 -0.400000 0.757000
v 0.000000 0.400000 0.782000
v -0.600000 0.400000 0.782000
v 0.600000 0.400000 0.782000
v 0.000000 -0.400000 0.782000
v 0.600000 -0.400000 0.782000
v -0.600000 -0.400000 0.782000
v -0.600000 0.000000 0.782000
v 0.600000 0.000000 0.782000
v 0.475000 0.275000 0.757000
v 0.500000 0.275000 0.757000
v 0.475000 0.250000 0.757000
v 0.475000 0.300000 0.757000
v 0.450000 0.275000 0.757000
v 0.475000 0.275000 -0.000000
v 0.475000 0.300000 -0.000000
v 0.450000 0.275000 -0.000000
v 0.500000 0.275000 -0.000000
v 0.475000 0.250000 -0.000000
v 0.500000 0.275000 0.378500
v 0.500000 0.300000 0.378500
v 0.500000 0.250000 0.378500
v 0.475000 0.250000 0.378500
v 0.450000 0.250000 0.378500
v 0.450000 0.275000 0.378500
v 0.450000 0.300000 0.378500
v 0.475000 0.300000 0.378500
v 0.475000 -0.275000 0.757000
v 0.500000 -0.275000 0.757000
v 0.475000 -0.300000 0.757000
v 0.475000 -0.250000 0.757000
v 0.450000 -0.275000 0.757000
v 0.475000 -0.275000 -0.000000
v 0.475000 -0.250000 -0.000000
v 0.450000 -0.275000 -0.000000
v 0.500000 -0.275000 -0.000000
v 0.475000 -0.300000 -0.000000
v 0.500000 -0.275000 0.378500
v 0.500000 -0.250000 0.378500
v 0.500000 -0.300000 0.378500
v 0.475000 -0.300000 0.378500
v 0.450000 -0.300000 0.378500
v 0.450000 -0.275000 0.378500
v 0.450000 -0.250000 0.378500
v 0.475000 -0.250000 0.378500
v -0.475000 0.275000 0.757000
v -0.450000 0.275000 0.757000
v -0.475000 0.250000 0.757000
v -0.475000 0.300000 0.757000
v -0.500000 0.275000 0.757000
v -0.475000 0.275000 0.000000
v -0.475000 0.300000 0.000000
v -0.500000 0.275000 0.000000
v -0.450000 0.275000 0.000000
v -0.475000 0.250000 0.000000
v -0.450000 0.275000 0.378500
v -0.450000 0.300000 0.378500
v -0.450000 0.250000 0.378500
v -0.475000 0.250000 0.378500
v -0.500000 0.250000 0.378500
v -0.500000 0.275000 0.378500
v -0.500000 0.300000 0.378500
v -0.475000 0.300000 0.378500
v -0.475000 -0.275000 0.757000
v -0.450000 -0.275000 0.757000
v -0.475000 -0.300000 0.757000
v -0.475000 -0.250000 0.757000
v -0.500000 -0.275000 0.757000
v -0.475000 -0.275000 0.000000
v -0.475000 -0.250000 0.000000
v -0.500000 -0.275000 0.000000
v -0.450000 -0.275000 0.000000
v -0.475000 -0.300000 0.000000
v -0.450000 -0.275000 0.378500
v -0.450000 -0.250000 0.378500
v -0.450000 -0.300000 0.378500
v -0.475000 -0.300000 0.378500
v -0.500000 -0.300000 0.378500
v -0.500000 -0.275000 0.378500
v -0.500000 -0.250000 0.378500
v -0.475000 -0.250000 0.378500
v -0.300000 -0.200000 0.807000
v 0.600000 -0.200000 0.807000
v -0.300000 -0.400000 0.807000
v -0.300000 0.400000 0.807000
v -0.600000 0.200000 0.807000
v -0.300000 -0.200000 0.757000
v -0.300000 0.400000 0.757000
v -0.600000 0.200000 0.757000
v 0.600000 -0.200000 0.757000
v -0.300000 -0.400000 0.757000
v -0.300000 0.400000 0.769500
v -0.600000 0.400000 0.769500
v 0.600000 0.400000 0.769500
v -0.300000 -0.400000 0.769500
v 0.600000 -0.400000 0.769500
v -0.600000 -0.400000 0.769500
v -0.600000 0.200000 0.769500
v 0.600000 -0.200000 0.769500
v 0.462500 0.262500 0.757000
v 0.500000 0.262500 0.757000
v 0.462500 0.250000 0.757000
v 0.462500 0.300000 0.757000
v 0.450000 0.287500 0.757000
v 0.462500 0.262500 -0.000000
v 0.462500 0.300000 -0.000000
v 0.450000 0.287500 -0.000000
v 0.500000 0.262500 -0.000000
v 0.462500 0.250000 -0.000000
v 0.500000 0.262500 0.189250
v 0.500000 0.300000 0.189250
v 0.500000 0.250000 0.189250
v 0.462500 0.250000 0.189250
v 0.450000 0.250000 0.189250
v 0.450000 0.287500 0.189250
v 0.450000 0.300000 0.189250
v 0.487500 0.300000 0.189250
v 0.462500 -0.287500 0.757000
v 0.500000 -0.287500 0.757000
v 0.462500 -0.300000 0.757000
v 0.462500 -0.250000 0.757000
v 0.450000 -0.262500 0.757000
v 0.462500 -0.287500 -0.000000
v 0.462500 -0.250000 -0.000000
v 0.450000 -0.262500 -0.000000
v 0.500000 -0.287500 -0.000000
v 0.462500 -0.300000 -0.000000
v 0.500000 -0.287500 0.189250
v 0.500000 -0.250000 0.189250
v 0.500000 -0.300000 0.189250
v 0.462500 -0.300000 0.189250
v 0.450000 -0.300000 0.189250
v 0.450000 -0.262500 0.189250
v 0.450000 -0.250000 0.189250
v 0.487500 -0.250000 0.189250
v -0.487500 0.262500 0.757000
v -0.450000 0.262500 0.757000
v -0.487500 0.250000 0.757000
v -0.487500 0.300000 0.757000
v -0.500000 0.287500 0.757000
v -0.487500 0.262500 0.000000
v -0.487500 0.300000 0.000000
v -0.500000 0.287500 0.000000
v -0.450000 0.262500 0.000000
v -0.487500 0.250000 0.000000
v -0.450000 0.262500 0.189250
v -0.450000 0.300000 0.189250
v -0.450000 0.250000 0.189250
v -0.487500 0.250000 0.189250
v -0.500000 0.250000 0.189250
v -0.500000 0.287500 0.189250
v -0.500000 0.300000 0.189250
v -0.462500 0.300000 0.189250
v -0.487500 -0.287500 0.757000
v -0.450000 -0.287500 0.757000
v -0.487500 -0.300000 0.757000
v -0.487500 -0.250000 0.757000
v -0.500000 -0.262500 0.757000
v -0.487500 -0.287500 0.000000
v -0.487500 -0.250000 0.000000
v -0.500000 -0.262500 0.000000
v -0.450000 -0.287500 0.000000
v -0.487500 -0.300000 0.000000
v -0.450000 -0.287500 0.189250
v -0.450000 -0.250000 0.189250
v -0.450000 -0.300000 0.189250
v -0.487500 -0.300000 0.189250
v -0.500000 -0.300000 0.189250
v -0.500000 -0.262500 0.189250
v -0.500000 -0.250000 0.189250
v -0.462500 -0.250000 0.189250
v 0.300000 0.200000 0.807000
v 0.600000 0.200000 0.807000
v 0.300000 -0.400000 0.807000
v 0.300000 0.400000 0.807000
v -0.600000 -0.200000 0.807000
v 0.300000 0.200000 0.757000
v 0.300000 0.400000 0.757000
v -0.600000 -0.200000 0.757000
v 0.600000 0.200000 0.757000
v 0.300000 -0.400000 0.757000
v 0.300000 0.400000 0.794500
v -0.600000 0.400000 0.794500
v 0.600000 0.400000 0.794500
v 0.300000 -0.400000 0.794500
v 0.600000 -0.400000 0.794500
v -0.600000 -0.400000 0.794500
v -0.600000 -0.200000 0.794500
v 0.600000 0.200000 0.794500
v 0.487500 0.287500 0.757000
v 0.500000 0.287500 0.757000
v 0.487500 0.250000 0.757000
v 0.487500 0.300000 0.757000
v 0.450000 0.262500 0.757000
v 0.487500 0.287500 -0.000000
v 0.487500 0.300000 -0.000000
v 0.450000 0.262500 -0.000000
v 0.500000 0.287500 -0.000000
v 0.487500 0.250000 -0.000000
v 0.500000 0.287500 0.567750
v 0.500000 0.300000 0.567750
v 0.500000 0.250000 0.567750
v 0.487500 0.250000 0.567750
v 0.450000 0.250000 0.567750
v 0.450000 0.262500 0.567750
v 0.450000 0.300000 0.567750
v 0.462500 0.300000 0.567750
v 0.487500 -0.262500 0.757000
v 0.500000 -0.262500 0.757000
v 0.487500 -0.300000 0.757000
v 0.487500 -0.250000 0.757000
v 0.450000 -0.287500 0.757000
v 0.487500 -0.262500 -0.000000
v 0.487500 -0.250000 -0.000000
v 0.450000 -0.287500 -0.000000
v 0.500000 -0.262500 -0.000000
v 0.487500 -0.300000 -0.000000
v 0.500000 -0.262500 0.567750
v 0.500000 -0.250000 0.567750
v 0.500000 -0.300000 0.567750
v 0.487500 -0.300000 0.567750
v 0.450000 -0.300000 0.567750
v 0.450000 -0.287500 0.567750
v 0.450000 -0.250000 0.567750
v 0.462500 -0.250000 0.567750
v -0.462500 0.287500 0.757000
v -0.450000 0.287500 0.757000
v -0.462500 0.250000 0.757000
v -0.462500 0.300000 0.757000
v -0.500000 0.262500 0.757000
v -0.462500 0.287500 0.000000
v -0.462500 0.300000 0.000000
v -0.500000 0.262500 0.000000
v -0.450000 0.287500 0.000000
v -0.462500 0.250000 0.000000
v -0.450000 0.287500 0.567750
v -0.450000 0.300000 0.567750
v -0.450000 0.250000 0.567750
v -0.462500 0.250000 0.567750
v -0.500000 0.250000 0.567750
v -0.500000 0.262500 0.567750
v -0.500000 0.300000 0.567750
v -0.487500 0.300000 0.567750
v -0.462500 -0.262500 0.757000
v -0.450000 -0.262500 0.757000
v -0.462500 -0.300000 0.757000
v -0.462500 -0.250000 0.757000
v -0.500000 -0.287500 0.757000
v -0.462500 -0.262500 0.000000
v -0.462500 -0.250000 0.000000
v -0.500000 -0.287500 0.000000
v -0.450000 -0.262500 0.000000
v -0.462500 -0.300000 0.000000
v -0.450000 -0.262500 0.567750
v -0.450000 -0.250000 0.567750
v -0.450000 -0.300000 0.567750
v -0.462500 -0.300000 0.567750
v -0.500000 -0.300000 0.567750
v -0.500000 -0.287500 0.567750
v -0.500000 -0.250000 0.567750
v -0.487500 -0.250000 0.567750
v -0.462500 -0.250000 0.567750
v -0.475000 -0.250000 0.567750
v -0.462500 -0.250000 0.378500
v -0.475000 -0.250000 0.189250
v -0.487500 -0.250000 0.378500
v -0.487500 -0.250000 0.189250
v -0.500000 -0.262500 0.567750
v -0.500000 -0.275000 0.567750
v -0.500000 -0.262500 0.378500
v -0.500000 -0.275000 0.189250
v -0.500000 -0.287500 0.378500
v -0.500000 -0.287500 0.189250
v -0.487500 -0.300000 0.567750
v -0.475000 -0.300000 0.567750
v -0.487500 -0.300000 0.378500
v -0.475000 -0.300000 0.189250
v -0.462500 -0.300000 0.378500
v -0.462500 -0.300000 0.189250
v -0.450000 -0.287500 0.567750
v -0.450000 -0.275000 0.567750
v -0.450000 -0.287500 0.378500
v -0.450000 -0.275000 0.189250
v -0.450000 -0.262500 0.378500
v -0.450000 -0.262500 0.189250
v -0.462500 -0.287500 0.000000
v -0.462500 -0.275000 0.000000
v -0.475000 -0.287500 0.000000
v -0.487500 -0.275000 0.000000
v -0.475000 -0.262500 0.000000
v -0.487500 -0.262500 0.000000
v -0.487500 -0.262500 0.757000
v -0.475000 -0.262500 0.757000
v -0.487500 -0.275000 0.757000
v -0.475000 -0.287500 0.757000
v -0.462500 -0.275000 0.757000
v -0.462500 -0.287500 0.757000
v -0.462500 0.300000 0.567750
v -0.475000 0.300000 0.567750
v -0.462500 0.300000 0.378500
v -0.475000 0.300000 0.189250
v -0.487500 0.300000 0.378500
v -0.487500 0.300000 0.189250
v -0.500000 0.287500 0.567750
v -0.500000 0.275000 0.567750
v -0.500000 0.287500 0.378500
v -0.500000 0.275000 0.189250
v -0.500000 0.262500 0.378500
v -0.500000 0.262500 0.189250
v -0.487500 0.250000 0.567750
v -0.475000 0.250000 0.567750
v -0.487500 0.250000 0.378500
v -0.475000 0.250000 0.189250
v -0.462500 0.250000 0.378500
v -0.462500 0.250000 0.189250
v -0.450000 0.262500 0.567750
v -0.450000 0.275000 0.567750
v -0.450000 0.262500 0.378500
v -0.450000 0.275000 0.189250
v -0.450000 0.287500 0.378500
v -0.450000 0.287500 0.189250
v -0.462500 0.262500 0.000000
v -0.462500 0.275000 0.000000
v -0.475000 0.262500 0.000000
v -0.487500 0.275000 0.000000
v -0.475000 0.287500 0.000000
v -0.487500 0.287500 0.000000
v -0.487500 0.287500 0.757000
v -0.475000 0.287500 0.757000
v -0.487500 0.275000 0.757000
v -0.475000 0.262500 0.757000
v -0.462500 0.275000 0.757000
v -0.462500 0.262500 0.757000
v 0.487500 -0.250000 0.567750
v 0.475000 -0.250000 0.567750
v 0.487500 -0.250000 0.378500
v 0.475000 -0.250000 0.189250
v 0.462500 -0.250000 0.378500
v 0.462500 -0.250000 0.189250
v 0.450000 -0.262500 0.567750
v 0.450000 -0.275000 0.567750
v 0.450000 -0.262500 0.378500
v 0.450000 -0.275000 0.189250
v 0.450000 -0.287500 0.378500
v 0.450000 -0.287500 0.189250
v 0.462500 -0.300000 0.567750
v 0.475000 -0.300000 0.567750
v 0.462500 -0.300000 0.378500
v 0.475000 -0.300000 0.189250
v 0.487500 -0.300000 0.378500
v 0.487500 -0.300000 0.189250
v 0.500000 -0.287500 0.567750
v 0.500000 -0.275000 0.567750
v 0.500000 -0.287500 0.378500
v 0.500000 -0.275000 0.189250
v 0.500000 -0.262500 0.378500
v 0.500000 -0.262500 0.189250
v 0.487500 -0.287500 -0.000000
v 0.487500 -0.275000 -0.000000
v 0.475000 -0.287500 -0.000000
v 0.462500 -0.275000 -0.000000
v 0.475000 -0.262500 -0.000000
v 0.462500 -0.262500 -0.000000
v 0.462500 -0.262500 0.757000
v 0.475000 -0.262500 0.757000
v 0.462500 -0.275000 0.757000
v 0.475000 -0.287500 0.757000
v 0.487500 -0.275000 0.757000
v 0.487500 -0.287500 0.757000
v 0.487500 0.300000 0.567750
v 0.475000 0.300000 0.567750
v 0.487500 0.300000 0.378500
v 0.475000 0.300000 0.189250
v 0.462500 0.300000 0.378500
v 0.462500 0.300000 0.189250
v 0.450000 0.287500 0.567750
v 0.450000 0.275000 0.567750
v 0.450000 0.287500 0.378500
v 0.450000 0.275000 0.189250
v 0.450000 0.262500 0.378500
v 0.450000 0.262500 0.189250
v 0.462500 0.250000 0.567750
v 0.475000 0.250000 0.567750
v 0.462500 0.250000 0.378500
v 0.475000 0.250000 0.189250
v 0.487500 0.250000 0.378500
v 0.487500 0.250000 0.189250
v 0.500000 0.262500 0.567750
v 0.500000 0.275000 0.567750
v 0.500000 0.262500 0.378500
v 0.500000 0.275000 0.189250
v 0.500000 0.287500 0.378500
v 0.500000 0.287500 0.189250
v 0.487500 0.262500 -0.000000
v 0.487500 0.275000 -0.000000
v 0.475000 0.262500 -0.000000
v 0.462500 0.275000 -0.000000
v 0.475000 0.287500 -0.000000
v 0.462500 0.287500 -0.000000
v 0.462500 0.287500 0.757000
v 0.475000 0.287500 0.757000
v 0.462500 0.275000 0.757000
v 0.475000 0.262500 0.757000
v 0.487500 0.275000 0.757000
v 0.487500 0.262500 0.757000
v 0.600000 -0.200000 0.794500
v 0.600000 0.000000 0.794500
v 0.600000 -0.200000 0.782000
v 0.600000 0.000000 0.769500
v 0.600000 0.200000 0.782000
v 0.600000 0.200000 0.769500
v -0.600000 0.200000 0.794500
v -0.600000 0.000000 0.794500
v -0.600000 0.200000 0.782000
v -0.600000 0.000000 0.769500
v -0.600000 -0.200000 0.782000
v -0.600000 -0.200000 0.769500
v -0.300000 -0.400000 0.794500
v 0.000000 -0.400000 0.794500
v -0.300000 -0.400000 0.782000
v 0.000000 -0.400000 0.769500
v 0.300000 -0.400000 0.782000
v 0.300000 -0.400000 0.769500
v 0.300000 0.400000 0.769500
v 0.300000 0.400000 0.782000
v 0.000000 0.400000 0.769500
v -0.300000 0.400000 0.782000
v 0.000000 0.400000 0.794500
v -0.300000 0.400000 0.794500
v 0.300000 -0.200000 0.757000
v 0.300000 0.000000 0.757000
v 0.000000 -0.200000 0.757000
v -0.300000 0.000000 0.757000
v 0.000000 0.200000 0.757000
v -0.300000 0.200000 0.757000
v -0.300000 0.200000 0.807000
v 0.000000 0.200000 0.807000
v -0.300000 0.000000 0.807000
v 0.000000 -0.200000 0.807000
v 0.300000 0.000000 0.807000
v 0.300000 -0.200000 0.807000
v -0.450000 -0.300000 0.807000
v 0.600000 -0.300000 0.807000
v -0.450000 -0.400000 0.807000
v -0.450000 0.400000 0.807000
v -0.600000 0.300000 0.807000
v -0.450000 -0.300000 0.757000
v -0.450000 0.400000 0.757000
v -0.600000 0.300000 0.757000
v 0.600000 -0.300000 0.757000
v -0.450000 -0.400000 0.757000
v -0.450000 0.400000 0.763250
v -0.600000 0.400000 0.763250
v 0.600000 0.400000 0.763250
v -0.450000 -0.400000 0.763250
v 0.600000 -0.400000 0.763250
v -0.600000 -0.400000 0.763250
v -0.600000 0.300000 0.763250
v 0.600000 -0.300000 0.763250
v 0.456250 0.256250 0.757000
v 0.500000 0.256250 0.757000
v 0.456250 0.250000 0.757000
v 0.456250 0.300000 0.757000
v 0.450000 0.293750 0.757000
v 0.456250 0.256250 -0.000000
v 0.456250 0.300000 -0.000000
v 0.450000 0.293750 -0.000000
v 0.500000 0.256250 -0.000000
v 0.456250 0.250000 -0.000000
v 0.500000 0.256250 0.094625
v 0.500000 0.300000 0.094625
v 0.500000 0.250000 0.094625
v 0.456250 0.250000 0.094625
v 0.450000 0.250000 0.094625
v 0.450000 0.293750 0.094625
v 0.450000 0.300000 0.094625
v 0.493750 0.300000 0.094625
v 0.456250 -0.293750 0.757000
v 0.500000 -0.293750 0.757000
v 0.456250 -0.300000 0.757000
v 0.456250 -0.250000 0.757000
v 0.450000 -0.256250 0.757000
v 0.456250 -0.293750 -0.000000
v 0.456250 -0.250000 -0.000000
v 0.450000 -0.256250 -0.000000
v 0.500000 -0.293750 -0.000000
v 0.456250 -0.300000 -0.000000
v 0.500000 -0.293750 0.094625
v 0.500000 -0.250000 0.094625
v 0.500000 -0.300000 0.094625
v 0.456250 -0.300000 0.094625
v 0.450000 -0.300000 0.094625
v 0.450000 -0.256250 0.094625
v 0.450000 -0.250000 0.094625
v 0.493750 -0.250000 0.094625
v -0.493750 0.256250 0.757000
v -0.450000 0.256250 0.757000
v -0.493750 0.250000 0.757000
v -0.493750 0.300000 0.757000
v -0.500000 0.293750 0.757000
v -0.493750 0.256250 0.000000
v -0.493750 0.300000 0.000000
v -0.500000 0.293750 0.000000
v -0.450000 0.256250 0.000000
v -0.493750 0.250000 0.000000
v -0.450000 0.256250 0.094625
v -0.450000 0.300000 0.094625
v -0.450000 0.250000 0.094625
v -0.493750 0.250000 0.094625
v -0.500000 0.250000 0.094625
v -0.500000 0.293750 0.094625
v -0.500000 0.300000 0.094625
v -0.456250 0.300000 0.094625
v -0.493750 -0.293750 0.757000
v -0.450000 -0.293750 0.757000
v -0.493750 -0.300000 0.757000
v -0.493750 -0.250000 0.757000
v -0.500000 -0.256250 0.757000
v -0.493750 -0.293750 0.000000
v -0.493750 -0.250000 0.000000
v -0.500000 -0.256250 0.000000
v -0.450000 -0.293750 0.000000
v -0.493750 -0.300000 0.000000
v -0.450000 -0.293750 0.094625
v -0.450000 -0.250000 0.094625
v -0.450000 -0.300000 0.094625
v -0.493750 -0.300000 0.094625
v -0.500000 -0.300000 0.094625
v -0.500000 -0.256250 0.094625
v -0.500000 -0.250000 0.094625
v -0.456250 -0.250000 0.094625
v 0.150000 0.100000 0.807000
v 0.600000 0.100000 0.807000
v 0.150000 -0.400000 0.807000
v 0.150000 0.400000 0.807000
v -0.600000 -0.100000 0.807000
v 0.150000 0.100000 0.757000
v 0.150000 0.400000 0.757000
v -0.600000 -0.100000 0.757000
v 0.600000 0.100000 0.757000
v 0.150000 -0.400000 0.757000
v 0.150000 0.400000 0.788250
v -0.600000 0.400000 0.788250
v 0.600000 0.400000 0.788250
v 0.150000 -0.400000 0.788250
v 0.600000 -0.400000 0.788250
v -0.600000 -0.400000 0.788250
v -0.600000 -0.100000 0.788250
v 0.600000 0.100000 0.788250
v 0.481250 0.281250 0.757000
v 0.500000 0.281250 0.757000
v 0.481250 0.250000 0.757000
v 0.481250 0.300000 0.757000
v 0.450000 0.268750 0.757000
v 0.481250 0.281250 -0.000000
v 0.481250 0.300000 -0.000000
v 0.450000 0.268750 -0.000000
v 0.500000 0.281250 -0.000000
v 0.481250 0.250000 -0.000000
v 0.500000 0.281250 0.473125
v 0.500000 0.300000 0.473125
v 0.500000 0.250000 0.473125
v 0.481250 0.250000 0.473125
v 0.450000 0.250000 0.473125
v 0.450000 0.268750 0.473125
v 0.450000 0.300000 0.473125
v 0.468750 0.300000 0.473125
v 0.481250 -0.268750 0.757000
v 0.500000 -0.268750 0.757000
v 0.481250 -0.300000 0.757000
v 0.481250 -0.250000 0.757000
v 0.450000 -0.281250 0.757000
v 0.481250 -0.268750 -0.000000
v 0.481250 -0.250000 -0.000000
v 0.450000 -0.281250 -0.000000
v 0.500000 -0.268750 -0.000000
v 0.481250 -0.300000 -0.000000
v 0.500000 -0.268750 0.473125
v 0.500000 -0.250000 0.473125
v 0.500000 -0.300000 0.473125
v 0.481250 -0.300000 0.473125
v 0.450000 -0.300000 0.473125
v 0.450000 -0.281250 0.473125
v 0.450000 -0.250000 0.473125
v 0.468750 -0.250000 0.473125
v -0.468750 0.281250 0.757000
v -0.450000 0.281250 0.757000
v -0.468750 0.250000 0.757000
v -0.468750 0.300000 0.757000
v -0.500000 0.268750 0.757000
v -0.468750 0.281250 0.000000
v -0.468750 0.300000 0.000000
v -0.500000 0.268750 0.000000
v -0.450000 0.281250 0.000000
v -0.468750 0.250000 0.000000
v -0.450000 0.281250 0.473125
v -0.450000 0.300000 0.473125
v -0.450000 0.250000 0.473125
v -0.468750 0.250000 0.473125
v -0.500000 0.250000 0.473125
v -0.500000 0.268750 0.473125
v -0.500000 0.300000 0.473125
v -0.481250 0.300000 0.473125
v -0.468750 -0.268750 0.757000
v -0.450000 -0.268750 0.757000
v -0.468750 -0.300000 0.757000
v -0.468750 -0.250000 0.757000
v -0.500000 -0.281250 0.757000
v -0.468750 -0.268750 0.000000
v -0.468750 -0.250000 0.000000
v -0.500000 -0.281250 0.000000
v -0.450000 -0.268750 0.000000
v -0.468750 -0.300000 0.000000
v -0.450000 -0.268750 0.473125
v -0.450000 -0.250000 0.473125
v -0.450000 -0.300000 0.473125
v -0.468750 -0.300000 0.473125
v -0.500000 -0.300000 0.473125
v -0.500000 -0.281250 0.473125
v -0.500000 -0.250000 0.473125
v -0.481250 -0.250000 0.473125
v -0.456250 -0.250000 0.473125
v -0.475000 -0.250000 0.473125
v -0.468750 -0.250000 0.378500
v -0.475000 -0.250000 0.094625
v -0.493750 -0.250000 0.378500
v -0.493750 -0.250000 0.283875
v -0.500000 -0.256250 0.473125
v -0.500000 -0.275000 0.473125
v -0.500000 -0.268750 0.378500
v -0.500000 -0.275000 0.094625
v -0.500000 -0.293750 0.378500
v -0.500000 -0.293750 0.283875
v -0.493750 -0.300000 0.473125
v -0.475000 -0.300000 0.473125
v -0.481250 -0.300000 0.378500
v -0.475000 -0.300000 0.094625
v -0.456250 -0.300000 0.378500
v -0.456250 -0.300000 0.283875
v -0.450000 -0.293750 0.473125
v -0.450000 -0.275000 0.473125
v -0.450000 -0.281250 0.378500
v -0.450000 -0.275000 0.094625
v -0.450000 -0.256250 0.378500
v -0.450000 -0.256250 0.283875
v -0.468750 -0.293750 0.000000
v -0.468750 -0.275000 0.000000
v -0.475000 -0.281250 0.000000
v -0.493750 -0.275000 0.000000
v -0.475000 -0.256250 0.000000
v -0.481250 -0.256250 0.000000
v -0.493750 -0.268750 0.757000
v -0.475000 -0.268750 0.757000
v -0.481250 -0.275000 0.757000
v -0.475000 -0.293750 0.757000
v -0.456250 -0.275000 0.757000
v -0.456250 -0.281250 0.757000
v -0.456250 0.300000 0.473125
v -0.475000 0.300000 0.473125
v -0.468750 0.300000 0.378500
v -0.475000 0.300000 0.094625
v -0.493750 0.300000 0.378500
v -0.493750 0.300000 0.283875
v -0.500000 0.293750 0.473125
v -0.500000 0.275000 0.473125
v -0.500000 0.281250 0.378500
v -0.500000 0.275000 0.094625
v -0.500000 0.256250 0.378500
v -0.500000 0.256250 0.283875
v -0.493750 0.250000 0.473125
v -0.475000 0.250000 0.473125
v -0.481250 0.250000 0.378500
v -0.475000 0.250000 0.094625
v -0.456250 0.250000 0.378500
v -0.456250 0.250000 0.283875
v -0.450000 0.256250 0.473125
v -0.450000 0.275000 0.473125
v -0.450000 0.268750 0.378500
v -0.450000 0.275000 0.094625
v -0.450000 0.293750 0.378500
v -0.450000 0.293750 0.283875
v -0.468750 0.256250 0.000000
v -0.468750 0.275000 0.000000
v -0.475000 0.268750 0.000000
v -0.493750 0.275000 0.000000
v -0.475000 0.293750 0.000000
v -0.481250 0.293750 0.000000
v -0.493750 0.281250 0.757000
v -0.475000 0.281250 0.757000
v -0.481250 0.275000 0.757000
v -0.475000 0.256250 0.757000
v -0.456250 0.275000 0.757000
v -0.456250 0.268750 0.757000
v 0.493750 -0.250000 0.473125
v 0.475000 -0.250000 0.473125
v 0.481250 -0.250000 0.378500
v 0.475000 -0.250000 0.094625
v 0.456250 -0.250000 0.378500
v 0.456250 -0.250000 0.283875
v 0.450000 -0.256250 0.473125
v 0.450000 -0.275000 0.473125
v 0.450000 -0.268750 0.378500
v 0.450000 -0.275000 0.094625
v 0.450000 -0.293750 0.378500
v 0.450000 -0.293750 0.283875
v 0.456250 -0.300000 0.473125
v 0.475000 -0.300000 0.473125
v 0.468750 -0.300000 0.378500
v 0.475000 -0.300000 0.094625
v 0.493750 -0.300000 0.378500
v 0.493750 -0.300000 0.283875
v 0.500000 -0.293750 0.473125
v 0.500000 -0.275000 0.473125
v 0.500000 -0.281250 0.378500
v 0.500000 -0.275000 0.094625
v 0.500000 -0.256250 0.378500
v 0.500000 -0.256250 0.283875
v 0.481250 -0.293750 -0.000000
v 0.481250 -0.275000 -0.000000
v 0.475000 -0.281250 -0.000000
v 0.456250 -0.275000 -0.000000
v 0.475000 -0.256250 -0.000000
v 0.468750 -0.256250 -0.000000
v 0.456250 -0.268750 0.757000
v 0.475000 -0.268750 0.757000
v 0.468750 -0.275000 0.757000
v 0.475000 -0.293750 0.757000
v 0.493750 -0.275000 0.757000
v 0.493750 -0.281250 0.757000
v 0.493750 0.300000 0.473125
v 0.475000 0.300000 0.473125
v 0.481250 0.300000 0.378500
v 0.475000 0.300000 0.094625
v 0.456250 0.300000 0.378500
v 0.456250 0.300000 0.283875
v 0.450000 0.293750 0.473125
v 0.450000 0.275000 0.473125
v 0.450000 0.281250 0.378500
v 0.450000 0.275000 0.094625
v 0.450000 0.256250 0.378500
v 0.450000 0.256250 0.283875
v 0.456250 0.250000 0.473125
v 0.475000 0.250000 0.473125
v 0.468750 0.250000 0.378500
v 0.475000 0.250000 0.094625
v 0.493750 0.250000 0.378500
v 0.493750 0.250000 0.283875
v 0.500000 0.256250 0.473125
v 0.500000 0.275000 0.473125
v 0.500000 0.268750 0.378500
v 0.500000 0.275000 0.094625
v 0.500000 0.293750 0.378500
v 0.500000 0.293750 0.283875
v 0.481250 0.256250 -0.000000
v 0.481250 0.275000 -0.000000
v 0.475000 0.268750 -0.000000
v 0.456250 0.275000 -0.000000
v 0.475000 0.293750 -0.000000
v 0.468750 0.293750 -0.000000
v 0.456250 0.281250 0.757000
v 0.475000 0.281250 0.757000
v 0.468750 0.275000 0.757000
v 0.475000 0.256250 0.757000
v 0.493750 0.275000 0.757000
v 0.493750 0.268750 0.757000
v 0.600000 -0.300000 0.788250
v 0.600000 0.000000 0.788250
v 0.600000 -0.100000 0.782000
v 0.600000 0.000000 0.763250
v 0.600000 0.300000 0.782000
v 0.600000 0.300000 0.775750
v -0.600000 0.300000 0.788250
v -0.600000 0.000000 0.788250
v -0.600000 0.100000 0.782000
v -0.600000 0.000000 0.763250
v -0.600000 -0.300000 0.782000
v -0.600000 -0.300000 0.775750
v -0.450000 -0.400000 0.788250
v 0.000000 -0.400000 0.788250
v -0.150000 -0.400000 0.782000
v 0.000000 -0.400000 0.763250
v 0.450000 -0.400000 0.782000
v 0.450000 -0.400000 0.775750
v 0.150000 0.400000 0.763250
v 0.150000 0.400000 0.782000
v 0.000000 0.400000 0.775750
v -0.450000 0.400000 0.782000
v 0.000000 0.400000 0.800750
v -0.150000 0.400000 0.800750
v 0.150000 -0.300000 0.757000
v 0.150000 0.000000 0.757000
v 0.000000 -0.100000 0.757000
v -0.450000 0.000000 0.757000
v 0.000000 0.300000 0.757000
v -0.150000 0.300000 0.757000
v -0.450000 0.100000 0.807000
v 0.000000 0.100000 0.807000
v -0.150000 0.000000 0.807000
v 0.000000 -0.300000 0.807000
v 0.450000 0.000000 0.807000
v 0.450000 -0.100000 0.807000
v -0.150000 -0.100000 0.807000
v 0.600000 -0.100000 0.807000
v -0.150000 -0.400000 0.807000
v -0.150000 0.400000 0.807000
v -0.600000 0.100000 0.807000
v -0.150000 -0.100000 0.757000
v -0.150000 0.400000 0.757000
v -0.600000 0.100000 0.757000
v 0.600000 -0.100000 0.757000
v -0.150000 -0.400000 0.757000
v -0.150000 0.400000 0.775750
v -0.600000 0.400000 0.775750
v 0.600000 0.400000 0.775750
v -0.150000 -0.400000 0.775750
v 0.600000 -0.400000 0.775750
v -0.600000 -0.400000 0.775750
v -0.600000 0.100000 0.775750
v 0.600000 -0.100000 0.775750
v 0.468750 0.268750 0.757000
v 0.500000 0.268750 0.757000
v 0.468750 0.250000 0.757000
v 0.468750 0.300000 0.757000
v 0.450000 0.281250 0.757000
v 0.468750 0.268750 -0.000000
v 0.468750 0.300000 -0.000000
v 0.450000 0.281250 -0.000000
v 0.500000 0.268750 -0.000000
v 0.468750 0.250000 -0.000000
v 0.500000 0.268750 0.283875
v 0.500000 0.300000 0.283875
v 0.500000 0.250000 0.283875
v 0.468750 0.250000 0.283875
v 0.450000 0.250000 0.283875
v 0.450000 0.281250 0.283875
v 0.450000 0.300000 0.283875
v 0.481250 0.300000 0.283875
v 0.468750 -0.281250 0.757000
v 0.500000 -0.281250 0.757000
v 0.468750 -0.300000 0.757000
v 0.468750 -0.250000 0.757000
v 0.450000 -0.268750 0.757000
v 0.468750 -0.281250 -0.000000
v 0.468750 -0.250000 -0.000000
v 0.450000 -0.268750 -0.000000
v 0.500000 -0.281250 -0.000000
v 0.468750 -0.300000 -0.000000
v 0.500000 -0.281250 0.283875
v 0.500000 -0.250000 0.283875
v 0.500000 -0.300000 0.283875
v 0.468750 -0.300000 0.283875
v 0.450000 -0.300000 0.283875
v 0.450000 -0.268750 0.283875
v 0.450000 -0.250000 0.283875
v 0.481250 -0.250000 0.283875
v -0.481250 0.268750 0.757000
v -0.450000 0.268750 0.757000
v -0.481250 0.250000 0.757000
v -0.481250 0.300000 0.757000
v -0.500000 0.281250 0.757000
v -0.481250 0.268750 0.000000
v -0.481250 0.300000 0.000000
v -0.500000 0.281250 0.000000
v -0.450000 0.268750 0.000000
v -0.481250 0.250000 0.000000
v -0.450000 0.268750 0.283875
v -0.450000 0.300000 0.283875
v -0.450000 0.250000 0.283875
v -0.481250 0.250000 0.283875
v -0.500000 0.250000 0.283875
v -0.500000 0.281250 0.283875
v -0.500000 0.300000 0.283875
v -0.468750 0.300000 0.283875
v -0.481250 -0.281250 0.757000
v -0.450000 -0.281250 0.757000
v -0.481250 -0.300000 0.757000
v -0.481250 -0.250000 0.757000
v -0.500000 -0.268750 0.757000
v -0.481250 -0.281250 0.000000
v -0.481250 -0.250000 0.000000
v -0.500000 -0.268750 0.000000
v -0.450000 -0.281250 0.000000
v -0.481250 -0.300000 0.000000
v -0.450000 -0.281250 0.283875
v -0.450000 -0.250000 0.283875
v -0.450000 -0.300000 0.283875
v -0.481250 -0.300000 0.283875
v -0.500000 -0.300000 0.283875
v -0.500000 -0.268750 0.283875
v -0.500000 -0.250000 0.283875
v -0.468750 -0.250000 0.283875
v 0.450000 0.300000 0.807000
v 0.600000 0.300000 0.807000
v 0.450000 -0.400000 0.807000
v 0.450000 0.400000 0.807000
v -0.600000 -0.300000 0.807000
v 0.450000 0.300000 0.757000
v 0.450000 0.400000 0.757000
v -0.600000 -0.300000 0.757000
v 0.600000 0.300000 0.757000
v 0.450000 -0.400000 0.757000
v 0.450000 0.400000 0.800750
v -0.600000 0.400000 0.800750
v 0.600000 0.400000 0.800750
v 0.450000 -0.400000 0.800750
v 0.600000 -0.400000 0.800750
v -0.600000 -0.400000 0.800750
v -0.600000 -0.300000 0.800750
v 0.600000 0.300000 0.800750
v 0.493750 0.293750 0.757000
v 0.500000 0.293750 0.757000
v 0.493750 0.250000 0.757000
v 0.493750 0.300000 0.757000
v 0.450000 0.256250 0.757000
v 0.493750 0.293750 -0.000000
v 0.493750 0.300000 -0.000000
v 0.450000 0.256250 -0.000000
v 0.500000 0.293750 -0.000000
v 0.493750 0.250000 -0.000000
v 0.500000 0.293750 0.662375
v 0.500000 0.300000 0.662375
v 0.500000 0.250000 0.662375
v 0.493750 0.250000 0.662375
v 0.450000 0.250000 0.662375
v 0.450000 0.256250 0.662375
v 0.450000 0.300000 0.662375
v 0.456250 0.300000 0.662375
v 0.493750 -0.256250 0.757000
v 0.500000 -0.256250 0.757000
v 0.493750 -0.300000 0.757000
v 0.493750 -0.250000 0.757000
v 0.450000 -0.293750 0.757000
v 0.493750 -0.256250 -0.000000
v 0.493750 -0.250000 -0.000000
v 0.450000 -0.293750 -0.000000
v 0.500000 -0.256250 -0.000000
v 0.493750 -0.300000 -0.000000
v 0.500000 -0.256250 0.662375
v 0.500000 -0.250000 0.662375
v 0.500000 -0.300000 0.662375
v 0.493750 -0.300000 0.662375
v 0.450000 -0.300000 0.662375
v 0.450000 -0.293750 0.662375
v 0.450000 -0.250000 0.662375
v 0.456250 -0.250000 0.662375
v -0.456250 0.293750 0.757000
v -0.450000 0.293750 0.757000
v -0.456250 0.250000 0.757000
v -0.456250 0.300000 0.757000
v -0.500000 0.256250 0.757000
v -0.456250 0.293750 0.000000
v -0.456250 0.300000 0.000000
v -0.500000 0.256250 0.000000
v -0.450000 0.293750 0.000000
v -0.456250 0.250000 0.000000
v -0.450000 0.293750 0.662375
v -0.450000 0.300000 0.662375
v -0.450000 0.250000 0.662375
v -0.456250 0.250000 0.662375
v -0.500000 0.250000 0.662375
v -0.500000 0.256250 0.662375
v -0.500000 0.300000 0.662375
v -0.493750 0.300000 0.662375
v -0.456250 -0.256250 0.757000
v -0.450000 -0.256250 0.757000
v -0.456250 -0.300000 0.757000
v -0.456250 -0.250000 0.757000
v -0.500000 -0.293750 0.757000
v -0.456250 -0.256250 0.000000
v -0.456250 -0.250000 0.000000
v -0.500000 -0.293750 0.000000
v -0.450000 -0.256250 0.000000
v -0.456250 -0.300000 0.000000
v -0.450000 -0.256250 0.662375
v -0.450000 -0.250000 0.662375
v -0.450000 -0.300000 0.662375
v -0.456250 -0.300000 0.662375
v -0.500000 -0.300000 0.662375
v -0.500000 -0.293750 0.662375
v -0.500000 -0.250000 0.662375
v -0.493750 -0.250000 0.662375
v -0.468750 -0.250000 0.662375
v -0.475000 -0.250000 0.662375
v -0.456250 -0.250000 0.378500
v -0.475000 -0.250000 0.283875
v -0.481250 -0.250000 0.378500
v -0.481250 -0.250000 0.094625
v -0.500000 -0.268750 0.662375
v -0.500000 -0.275000 0.662375
v -0.500000 -0.256250 0.378500
v -0.500000 -0.275000 0.283875
v -0.500000 -0.281250 0.378500
v -0.500000 -0.281250 0.094625
v -0.481250 -0.300000 0.662375
v -0.475000 -0.300000 0.662375
v -0.493750 -0.300000 0.378500
v -0.475000 -0.300000 0.283875
v -0.468750 -0.300000 0.378500
v -0.468750 -0.300000 0.094625
v -0.450000 -0.281250 0.662375
v -0.450000 -0.275000 0.662375
v -0.450000 -0.293750 0.378500
v -0.450000 -0.275000 0.283875
v -0.450000 -0.268750 0.378500
v -0.450000 -0.268750 0.094625
v -0.456250 -0.281250 0.000000
v -0.456250 -0.275000 0.000000
v -0.475000 -0.293750 0.000000
v -0.481250 -0.275000 0.000000
v -0.475000 -0.268750 0.000000
v -0.493750 -0.268750 0.000000
v -0.481250 -0.256250 0.757000
v -0.475000 -0.256250 0.757000
v -0.493750 -0.275000 0.757000
v -0.475000 -0.281250 0.757000
v -0.468750 -0.275000 0.757000
v -0.468750 -0.293750 0.757000
v -0.468750 0.300000 0.662375
v -0.475000 0.300000 0.662375
v -0.456250 0.300000 0.378500
v -0.475000 0.300000 0.283875
v -0.481250 0.300000 0.378500
v -0.481250 0.300000 0.094625
v -0.500000 0.281250 0.662375
v -0.500000 0.275000 0.662375
v -0.500000 0.293750 0.378500
v -0.500000 0.275000 0.283875
v -0.500000 0.268750 0.378500
v -0.500000 0.268750 0.094625
v -0.481250 0.250000 0.662375
v -0.475000 0.250000 0.662375
v -0.493750 0.250000 0.378500
v -0.475000 0.250000 0.283875
v -0.468750 0.250000 0.378500
v -0.468750 0.250000 0.094625
v -0.450000 0.268750 0.662375
v -0.450000 0.275000 0.662375
v -0.450000 0.256250 0.378500
v -0.450000 0.275000 0.283875
v -0.450000 0.281250 0.378500
v -0.450000 0.281250 0.094625
v -0.456250 0.268750 0.000000
v -0.456250 0.275000 0.000000
v -0.475000 0.256250 0.000000
v -0.481250 0.275000 0.000000
v -0.475000 0.281250 0.000000
v -0.493750 0.281250 0.000000
v -0.481250 0.293750 0.757000
v -0.475000 0.293750 0.757000
v -0.493750 0.275000 0.757000
v -0.475000 0.268750 0.757000
v -0.468750 0.275000 0.757000
v -0.468750 0.256250 0.757000
v 0.481250 -0.250000 0.662375
v 0.475000 -0.250000 0.662375
v 0.493750 -0.250000 0.378500
v 0.475000 -0.250000 0.283875
v 0.468750 -0.250000 0.378500
v 0.468750 -0.250000 0.094625
v 0.450000 -0.268750 0.662375
v 0.450000 -0.275000 0.662375
v 0.450000 -0.256250 0.378500
v 0.450000 -0.275000 0.283875
v 0.450000 -0.281250 0.378500
v 0.450000 -0.281250 0.094625
v 0.468750 -0.300000 0.662375
v 0.475000 -0.300000 0.662375
v 0.456250 -0.300000 0.378500
v 0.475000 -0.300000 0.283875
v 0.481250 -0.300000 0.378500
v 0.481250 -0.300000 0.094625
v 0.500000 -0.281250 0.662375
v 0.500000 -0.275000 0.662375
v 0.500000 -0.293750 0.378500
v 0.500000 -0.275000 0.283875
v 0.500000 -0.268750 0.378500
v 0.500000 -0.268750 0.094625
v 0.493750 -0.281250 -0.000000
v 0.493750 -0.275000 -0.000000
v 0.475000 -0.293750 -0.000000
v 0.468750 -0.275000 -0.000000
v 0.475000 -0.268750 -0.000000
v 0.456250 -0.268750 -0.000000
v 0.468750 -0.256250 0.757000
v 0.475000 -0.256250 0.757000
v 0.456250 -0.275000 0.757000
v 0.475000 -0.281250 0.757000
v 0.481250 -0.275000 0.757000
v 0.481250 -0.293750 0.757000
v 0.481250 0.300000 0.662375
v 0.475000 0.300000 0.662375
v 0.493750 0.300000 0.378500
v 0.475000 0.300000 0.283875
v 0.468750 0.300000 0.378500
v 0.468750 0.300000 0.094625
v 0.450000 0.281250 0.662375
v 0.450000 0.275000 0.662375
v 0.450000 0.293750 0.378500
v 0.450000 0.275000 0.283875
v 0.450000 0.268750 0.378500
v 0.450000 0.268750 0.094625
v 0.468750 0.250000 0.662375
v 0.475000 0.250000 0.662375
v 0.456250 0.250000 0.378500
v 0.475000 0.250000 0.283875
v 0.481250 0.250000 0.378500
v 0.481250 0.250000 0.094625
v 0.500000 0.268750 0.662375
v 0.500000 0.275000 0.662375
v 0.500000 0.256250 0.378500
v 0.500000 0.275000 0.283875
v 0.500000 0.281250 0.378500
v 0.500000 0.281250 0.094625
v 0.493750 0.268750 -0.000000
v 0.493750 0.275000 -0.000000
v 0.475000 0.256250 -0.000000
v 0.468750 0.275000 -0.000000
v 0.475000 0.281250 -0.000000
v 0.456250 0.281250 -0.000000
v 0.468750 0.293750 0.757000
v 0.475000 0.293750 0.757000
v 0.456250 0.275000 0.757000
v 0.475000 0.268750 0.757000
v 0.481250 0.275000 0.757000
v 0.481250 0.256250 0.757000
v 0.600000 -0.100000 0.800750
v 0.600000 0.000000 0.800750
v 0.600000 -0.300000 0.782000
v 0.600000 0.000000 0.775750
v 0.600000 0.100000 0.782000
v 0.600000 0.100000 0.763250
v -0.600000 0.100000 0.800750
v -0.600000 0.000000 0.800750
v -0.600000 0.300000 0.782000
v -0.600000 0.000000 0.775750
v -0.600000 -0.100000 0.782000
v -0.600000 -0.100000 0.763250
v -0.150000 -0.400000 0.800750
v 0.000000 -0.400000 0.800750
v -0.450000 -0.400000 0.782000
v 0.000000 -0.400000 0.775750
v 0.150000 -0.400000 0.782000
v 0.150000 -0.400000 0.763250
v 0.450000 0.400000 0.775750
v 0.450000 0.400000 0.782000
v 0.000000 0.400000 0.763250
v -0.150000 0.400000 0.782000
v 0.000000 0.400000 0.788250
v -0.450000 0.400000 0.788250
v 0.450000 -0.100000 0.757000
v 0.450000 0.000000 0.757000
v 0.000000 -0.300000 0.757000
v -0.150000 0.000000 0.757000
v 0.000000 0.100000 0.757000
v -0.450000 0.100000 0.757000
v -0.150000 0.300000 0.807000
v 0.000000 0.300000 0.807000
v -0.450000 0.000000 0.807000
v 0.000000 -0.100000 0.807000
v 0.150000 0.000000 0.807000
v 0.150000 -0.300000 0.807000
v 0.300000 -0.300000 0.807000
v 0.450000 -0.200000 0.807000
v 0.450000 -0.300000 0.807000
v 0.150000 -0.200000 0.807000
v 0.150000 -0.100000 0.807000
v 0.300000 -0.100000 0.807000
v -0.300000 -0.300000 0.807000
v -0.150000 -0.200000 0.807000
v -0.150000 -0.300000 0.807000
v -0.450000 -0.100000 0.807000
v -0.300000 -0.100000 0.807000
v -0.450000 -0.200000 0.807000
v -0.300000 0.100000 0.807000
v -0.150000 0.200000 0.807000
v -0.150000 0.100000 0.807000
v -0.450000 0.300000 0.807000
v -0.300000 0.300000 0.807000
v -0.450000 0.200000 0.807000
v -0.450000 0.200000 0.757000
v -0.300000 0.300000 0.757000
v -0.450000 0.300000 0.757000
v -0.300000 0.100000 0.757000
v -0.150000 0.100000 0.757000
v -0.150000 0.200000 0.757000
v -0.450000 -0.200000 0.757000
v -0.300000 -0.100000 0.757000
v -0.450000 -0.100000 0.757000
v -0.150000 -0.300000 0.757000
v -0.150000 -0.200000 0.757000
v -0.300000 -0.300000 0.757000
v 0.150000 -0.200000 0.757000
v 0.300000 -0.100000 0.757000
v 0.150000 -0.100000 0.757000
v 0.450000 -0.300000 0.757000
v 0.450000 -0.200000 0.757000
v 0.300000 -0.300000 0.757000
v -0.450000 0.400000 0.794500
v -0.300000 0.400000 0.800750
v -0.450000 0.400000 0.800750
v -0.300000 0.400000 0.788250
v -0.150000 0.400000 0.788250
v -0.150000 0.400000 0.794500
v -0.450000 0.400000 0.769500
v -0.300000 0.400000 0.775750
v -0.450000 0.400000 0.775750
v -0.150000 0.400000 0.763250
v -0.150000 0.400000 0.769500
v -0.300000 0.400000 0.763250
v 0.150000 0.400000 0.769500
v 0.300000 0.400000 0.775750
v 0.150000 0.400000 0.775750
v 0.450000 0.400000 0.763250
v 0.450000 0.400000 0.769500
v 0.300000 0.400000 0.763250
v 0.300000 -0.400000 0.763250
v 0.450000 -0.400000 0.769500
v 0.450000 -0.400000 0.763250
v 0.150000 -0.400000 0.769500
v 0.150000 -0.400000 0.775750
v 0.300000 -0.400000 0.775750
v -0.300000 -0.400000 0.763250
v -0.150000 -0.400000 0.769500
v -0.150000 -0.400000 0.763250
v -0.450000 -0.400000 0.775750
v -0.300000 -0.400000 0.775750
v -0.450000 -0.400000 0.769500
v -0.300000 -0.400000 0.788250
v -0.150000 -0.400000 0.794500
v -0.150000 -0.400000 0.788250
v -0.450000 -0.400000 0.800750
v -0.300000 -0.400000 0.800750
v -0.450000 -0.400000 0.794500
v -0.600000 -0.200000 0.763250
v -0.600000 -0.300000 0.769500
v -0.600000 -0.300000 0.763250
v -0.600000 -0.100000 0.769500
v -0.600000 -0.100000 0.775750
v -0.600000 -0.200000 0.775750
v -0.600000 0.200000 0.763250
v -0.600000 0.100000 0.769500
v -0.600000 0.100000 0.763250
v -0.600000 0.300000 0.775750
v -0.600000 0.200000 0.775750
v -0.600000 0.300000 0.769500
v -0.600000 0.200000 0.788250
v -0.600000 0.100000 0.794500
v -0.600000 0.100000 0.788250
v -0.600000 0.300000 0.800750
v -0.600000 0.200000 0.800750
v -0.600000 0.300000 0.794500
v 0.600000 0.200000 0.763250
v 0.600000 0.300000 0.769500
v 0.600000 0.300000 0.763250
v 0.600000 0.100000 0.769500
v 0.600000 0.100000 0.775750
v 0.600000 0.200000 0.775750
v 0.600000 -0.200000 0.763250
v 0.600000 -0.100000 0.769500
v 0.600000 -0.100000 0.763250
v 0.600000 -0.300000 0.775750
v 0.600000 -0.200000 0.775750
v 0.600000 -0.300000 0.769500
v 0.600000 -0.200000 0.788250
v 0.600000 -0.100000 0.794500
v 0.600000 -0.100000 0.788250
v 0.600000 -0.300000 0.800750
v 0.600000 -0.200000 0.800750
v 0.600000 -0.300000 0.794500
v 0.487500 0.256250 0.757000
v 0.493750 0.262500 0.757000
v 0.493750 0.256250 0.757000
v 0.481250 0.262500 0.757000
v 0.481250 0.268750 0.757000
v 0.487500 0.268750 0.757000
v 0.462500 0.256250 0.757000
v 0.468750 0.262500 0.757000
v 0.468750 0.256250 0.757000
v 0.456250 0.268750 0.757000
v 0.462500 0.268750 0.757000
v 0.456250 0.262500 0.757000
v 0.462500 0.281250 0.757000
v 0.468750 0.287500 0.757000
v 0.468750 0.281250 0.757000
v 0.456250 0.293750 0.757000
v 0.462500 0.293750 0.757000
v 0.456250 0.287500 0.757000
v 0.456250 0.287500 -0.000000
v 0.462500 0.293750 -0.000000
v 0.456250 0.293750 -0.000000
v 0.462500 0.281250 -0.000000
v 0.468750 0.281250 -0.000000
v 0.468750 0.287500 -0.000000
v 0.456250 0.262500 -0.000000
v 0.462500 0.268750 -0.000000
v 0.456250 0.268750 -0.000000
v 0.468750 0.256250 -0.000000
v 0.468750 0.262500 -0.000000
v 0.462500 0.256250 -0.000000
v 0.481250 0.262500 -0.000000
v 0.487500 0.268750 -0.000000
v 0.481250 0.268750 -0.000000
v 0.493750 0.256250 -0.000000
v 0.493750 0.262500 -0.000000
v 0.487500 0.256250 -0.000000
v 0.500000 0.287500 0.094625
v 0.500000 0.293750 0.189250
v 0.500000 0.293750 0.094625
v 0.500000 0.281250 0.189250
v 0.500000 0.281250 0.283875
v 0.500000 0.287500 0.283875
v 0.500000 0.262500 0.094625
v 0.500000 0.268750 0.189250
v 0.500000 0.268750 0.094625
v 0.500000 0.256250 0.283875
v 0.500000 0.262500 0.283875
v 0.500000 0.256250 0.189250
v 0.500000 0.262500 0.473125
v 0.500000 0.268750 0.567750
v 0.500000 0.268750 0.473125
v 0.500000 0.256250 0.662375
v 0.500000 0.262500 0.662375
v 0.500000 0.256250 0.567750
v 0.487500 0.250000 0.094625
v 0.493750 0.250000 0.189250
v 0.493750 0.250000 0.094625
v 0.481250 0.250000 0.189250
v 0.481250 0.250000 0.283875
v 0.487500 0.250000 0.283875
v 0.462500 0.250000 0.094625
v 0.468750 0.250000 0.189250
v 0.468750 0.250000 0.094625
v 0.456250 0.250000 0.283875
v 0.462500 0.250000 0.283875
v 0.456250 0.250000 0.189250
v 0.462500 0.250000 0.473125
v 0.468750 0.250000 0.567750
v 0.468750 0.250000 0.473125
v 0.456250 0.250000 0.662375
v 0.462500 0.250000 0.662375
v 0.456250 0.250000 0.567750
v 0.450000 0.262500 0.094625
v 0.450000 0.256250 0.189250
v 0.450000 0.256250 0.094625
v 0.450000 0.268750 0.189250
v 0.450000 0.268750 0.283875
v 0.450000 0.262500 0.283875
v 0.450000 0.287500 0.094625
v 0.450000 0.281250 0.189250
v 0.450000 0.281250 0.094625
v 0.450000 0.293750 0.283875
v 0.450000 0.287500 0.283875
v 0.450000 0.293750 0.189250
v 0.450000 0.287500 0.473125
v 0.450000 0.281250 0.567750
v 0.450000 0.281250 0.473125
v 0.450000 0.293750 0.662375
v 0.450000 0.287500 0.662375
v 0.450000 0.293750 0.567750
v 0.462500 0.300000 0.094625
v 0.456250 0.300000 0.189250
v 0.456250 0.300000 0.094625
v 0.468750 0.300000 0.189250
v 0.468750 0.300000 0.283875
v 0.462500 0.300000 0.283875
v 0.487500 0.300000 0.094625
v 0.481250 0.300000 0.189250
v 0.481250 0.300000 0.094625
v 0.493750 0.300000 0.283875
v 0.487500 0.300000 0.283875
v 0.493750 0.300000 0.189250
v 0.487500 0.300000 0.473125
v 0.481250 0.300000 0.567750
v 0.481250 0.300000 0.473125
v 0.493750 0.300000 0.662375
v 0.487500 0.300000 0.662375
v 0.493750 0.300000 0.567750
v 0.487500 -0.293750 0.757000
v 0.493750 -0.287500 0.757000
v 0.493750 -0.293750 0.757000
v 0.481250 -0.287500 0.757000
v 0.481250 -0.281250 0.757000
v 0.487500 -0.281250 0.757000
v 0.462500 -0.293750 0.757000
v 0.468750 -0.287500 0.757000
v 0.468750 -0.293750 0.757000
v 0.456250 -0.281250 0.757000
v 0.462500 -0.281250 0.757000
v 0.456250 -0.287500 0.757000
v 0.462500 -0.268750 0.757000
v 0.468750 -0.262500 0.757000
v 0.468750 -0.268750 0.757000
v 0.456250 -0.256250 0.757000
v 0.462500 -0.256250 0.757000
v 0.456250 -0.262500 0.757000
v 0.456250 -0.262500 -0.000000
v 0.462500 -0.256250 -0.000000
v 0.456250 -0.256250 -0.000000
v 0.462500 -0.268750 -0.000000
v 0.468750 -0.268750 -0.000000
v 0.468750 -0.262500 -0.000000
v 0.456250 -0.287500 -0.000000
v 0.462500 -0.281250 -0.000000
v 0.456250 -0.281250 -0.000000
v 0.468750 -0.293750 -0.000000
v 0.468750 -0.287500 -0.000000
v 0.462500 -0.293750 -0.000000
v 0.481250 -0.287500 -0.000000
v 0.487500 -0.281250 -0.000000
v 0.481250 -0.281250 -0.000000
v 0.493750 -0.293750 -0.000000
v 0.493750 -0.287500 -0.000000
v 0.487500 -0.293750 -0.000000
v 0.500000 -0.262500 0.094625
v 0.500000 -0.256250 0.189250
v 0.500000 -0.256250 0.094625
v 0.500000 -0.268750 0.189250
v 0.500000 -0.268750 0.283875
v 0.500000 -0.262500 0.283875
v 0.500000 -0.287500 0.094625
v 0.500000 -0.281250 0.189250
v 0.500000 -0.281250 0.094625
v 0.500000 -0.293750 0.283875
v 0.500000 -0.287500 0.283875
v 0.500000 -0.293750 0.189250
v 0.500000 -0.287500 0.473125
v 0.500000 -0.281250 0.567750
v 0.500000 -0.281250 0.473125
v 0.500000 -0.293750 0.662375
v 0.500000 -0.287500 0.662375
v 0.500000 -0.293750 0.567750
v 0.487500 -0.300000 0.094625
v 0.493750 -0.300000 0.189250
v 0.493750 -0.300000 0.094625
v 0.481250 -0.300000 0.189250
v 0.481250 -0.300000 0.283875
v 0.487500 -0.300000 0.283875
v 0.462500 -0.300000 0.094625
v 0.468750 -0.300000 0.189250
v 0.468750 -0.300000 0.094625
v 0.456250 -0.300000 0.283875
v 0.462500 -0.300000 0.283875
v 0.456250 -0.300000 0.189250
v 0.462500 -0.300000 0.473125
v 0.468750 -0.300000 0.567750
v 0.468750 -0.300000 0.473125
v 0.456250 -0.300000 0.662375
v 0.462500 -0.300000 0.662375
v 0.456250 -0.300000 0.567750
v 0.450000 -0.287500 0.094625
v 0.450000 -0.293750 0.189250
v 0.450000 -0.293750 0.094625
v 0.450000 -0.281250 0.189250
v 0.450000 -0.281250 0.283875
v 0.450000 -0.287500 0.283875
v 0.450000 -0.262500 0.094625
v 0.450000 -0.268750 0.189250
v 0.450000 -0.268750 0.094625
v 0.450000 -0.256250 0.283875
v 0.450000 -0.262500 0.283875
v 0.450000 -0.256250 0.189250
v 0.450000 -0.262500 0.473125
v 0.450000 -0.268750 0.567750
v 0.450000 -0.268750 0.473125
v 0.450000 -0.256250 0.662375
v 0.450000 -0.262500 0.662375
v 0.450000 -0.256250 0.567750
v 0.462500 -0.250000 0.094625
v 0.456250 -0.250000 0.189250
v 0.456250 -0.250000 0.094625
v 0.468750 -0.250000 0.189250
v 0.468750 -0.250000 0.283875
v 0.462500 -0.250000 0.283875
v 0.487500 -0.250000 0.094625
v 0.481250 -0.250000 0.189250
v 0.481250 -0.250000 0.094625
v 0.493750 -0.250000 0.283875
v 0.487500 -0.250000 0.283875
v 0.493750 -0.250000 0.189250
v 0.487500 -0.250000 0.473125
v 0.481250 -0.250000 0.567750
v 0.481250 -0.250000 0.473125
v 0.493750 -0.250000 0.662375
v 0.487500 -0.250000 0.662375
v 0.493750 -0.250000 0.567750
v -0.462500 0.256250 0.757000
v -0.456250 0.262500 0.757000
v -0.456250 0.256250 0.757000
v -0.468750 0.262500 0.757000
v -0.468750 0.268750 0.757000
v -0.462500 0.268750 0.757000
v -0.487500 0.256250 0.757000
v -0.481250 0.262500 0.757000
v -0.481250 0.256250 0.757000
v -0.493750 0.268750 0.757000
v -0.487500 0.268750 0.757000
v -0.493750 0.262500 0.757000
v -0.487500 0.281250 0.757000
v -0.481250 0.287500 0.757000
v -0.481250 0.281250 0.757000
v -0.493750 0.293750 0.757000
v -0.487500 0.293750 0.757000
v -0.493750 0.287500 0.757000
v -0.493750 0.287500 0.000000
v -0.487500 0.293750 0.000000
v -0.493750 0.293750 0.000000
v -0.487500 0.281250 0.000000
v -0.481250 0.281250 0.000000
v -0.481250 0.287500 0.000000
v -0.493750 0.262500 0.000000
v -0.487500 0.268750 0.000000
v -0.493750 0.268750 0.000000
v -0.481250 0.256250 0.000000
v -0.481250 0.262500 0.000000
v -0.487500 0.256250 0.000000
v -0.468750 0.262500 0.000000
v -0.462500 0.268750 0.000000
v -0.468750 0.268750 0.000000
v -0.456250 0.256250 0.000000
v -0.456250 0.262500 0.000000
v -0.462500 0.256250 0.000000
v -0.450000 0.287500 0.094625
v -0.450000 0.293750 0.189250
v -0.450000 0.293750 0.094625
v -0.450000 0.281250 0.189250
v -0.450000 0.281250 0.283875
v -0.450000 0.287500 0.283875
v -0.450000 0.262500 0.094625
v -0.450000 0.268750 0.189250
v -0.450000 0.268750 0.094625
v -0.450000 0.256250 0.283875
v -0.450000 0.262500 0.283875
v -0.450000 0.256250 0.189250
v -0.450000 0.262500 0.473125
v -0.450000 0.268750 0.567750
v -0.450000 0.268750 0.473125
v -0.450000 0.256250 0.662375
v -0.450000 0.262500 0.662375
v -0.450000 0.256250 0.567750
v -0.462500 0.250000 0.094625
v -0.456250 0.250000 0.189250
v -0.456250 0.250000 0.094625
v -0.468750 0.250000 0.189250
v -0.468750 0.250000 0.283875
v -0.462500 0.250000 0.283875
v -0.487500 0.250000 0.094625
v -0.481250 0.250000 0.189250
v -0.481250 0.250000 0.094625
v -0.493750 0.250000 0.283875
v -0.487500 0.250000 0.283875
v -0.493750 0.250000 0.189250
v -0.487500 0.250000 0.473125
v -0.481250 0.250000 0.567750
v -0.481250 0.250000 0.473125
v -0.493750 0.250000 0.662375
v -0.487500 0.250000 0.662375
v -0.493750 0.250000 0.567750
v -0.500000 0.262500 0.094625
v -0.500000 0.256250 0.189250
v -0.500000 0.256250 0.094625
v -0.500000 0.268750 0.189250
v -0.500000 0.268750 0.283875
v -0.500000 0.262500 0.283875
v -0.500000 0.287500 0.094625
v -0.500000 0.281250 0.189250
v -0.500000 0.281250 0.094625
v -0.500000 0.293750 0.283875
v -0.500000 0.287500 0.283875
v -0.500000 0.293750 0.189250
v -0.500000 0.287500 0.473125
v -0.500000 0.281250 0.567750
v -0.500000 0.281250 0.473125
v -0.500000 0.293750 0.662375
v -0.500000 0.287500 0.662375
v -0.500000 0.293750 0.567750
v -0.487500 0.300000 0.094625
v -0.493750 0.300000 0.189250
v -0.493750 0.300000 0.094625
v -0.481250 0.300000 0.189250
v -0.481250 0.300000 0.283875
v -0.487500 0.300000 0.283875
v -0.462500 0.300000 0.094625
v -0.468750 0.300000 0.189250
v -0.468750 0.300000 0.094625
v -0.456250 0.300000 0.283875
v -0.462500 0.300000 0.283875
v -0.456250 0.300000 0.189250
v -0.462500 0.300000 0.473125
v -0.468750 0.300000 0.567750
v -0.468750 0.300000 0.473125
v -0.456250 0.300000 0.662375
v -0.462500 0.300000 0.662375
v -0.456250 0.300000 0.567750
v -0.462500 -0.293750 0.757000
v -0.456250 -0.287500 0.757000
v -0.456250 -0.293750 0.757000
v -0.468750 -0.287500 0.757000
v -0.468750 -0.281250 0.757000
v -0.462500 -0.281250 0.757000
v -0.487500 -0.293750 0.757000
v -0.481250 -0.287500 0.757000
v -0.481250 -0.293750 0.757000
v -0.493750 -0.281250 0.757000
v -0.487500 -0.281250 0.757000
v -0.493750 -0.287500 0.757000
v -0.487500 -0.268750 0.757000
v -0.481250 -0.262500 0.757000
v -0.481250 -0.268750 0.757000
v -0.493750 -0.256250 0.757000
v -0.487500 -0.256250 0.757000
v -0.493750 -0.262500 0.757000
v -0.493750 -0.262500 0.000000
v -0.487500 -0.256250 0.000000
v -0.493750 -0.256250 0.000000
v -0.487500 -0.268750 0.000000
v -0.481250 -0.268750 0.000000
v -0.481250 -0.262500 0.000000
v -0.493750 -0.287500 0.000000
v -0.487500 -0.281250 0.000000
v -0.493750 -0.281250 0.000000
v -0.481250 -0.293750 0.000000
v -0.481250 -0.287500 0.000000
v -0.487500 -0.293750 0.000000
v -0.468750 -0.287500 0.000000
v -0.462500 -0.281250 0.000000
v -0.468750 -0.281250 0.000000
v -0.456250 -0.293750 0.000000
v -0.456250 -0.287500 0.000000
v -0.462500 -0.293750 0.000000
v -0.450000 -0.262500 0.094625
v -0.450000 -0.256250 0.189250
v -0.450000 -0.256250 0.094625
v -0.450000 -0.268750 0.189250
v -0.450000 -0.268750 0.283875
v -0.450000 -0.262500 0.283875
v -0.450000 -0.287500 0.094625
v -0.450000 -0.281250 0.189250
v -0.450000 -0.281250 0.094625
v -0.450000 -0.293750 0.283875
v -0.450000 -0.287500 0.283875
v -0.450000 -0.293750 0.189250
v -0.450000 -0.287500 0.473125
v -0.450000 -0.281250 0.567750
v -0.450000 -0.281250 0.473125
v -0.450000 -0.293750 0.662375
v -0.450000 -0.287500 0.662375
v -0.450000 -0.293750 0.567750
v -0.462500 -0.300000 0.094625
v -0.456250 -0.300000 0.189250
v -0.456250 -0.300000 0.094625
v -0.468750 -0.300000 0.189250
v -0.468750 -0.300000 0.283875
v -0.462500 -0.300000 0.283875
v -0.487500 -0.300000 0.094625
v -0.481250 -0.300000 0.189250
v -0.481250 -0.300000 0.094625
v -0.493750 -0.300000 0.283875
v -0.487500 -0.300000 0.283875
v -0.493750 -0.300000 0.189250
v -0.487500 -0.300000 0.473125
v -0.481250 -0.300000 0.567750
v -0.481250 -0.300000 0.473125
v -0.493750 -0.300000 0.662375
v -0.487500 -0.300000 0.662375
v -0.493750 -0.300000 0.567750
v -0.500000 -0.287500 0.094625
v -0.500000 -0.293750 0.189250
v -0.500000 -0.293750 0.094625
v -0.500000 -0.281250 0.189250
v -0.500000 -0.281250 0.283875
v -0.500000 -0.287500 0.283875
v -0.500000 -0.262500 0.094625
v -0.500000 -0.268750 0.189250
v -0.500000 -0.268750 0.094625
v -0.500000 -0.256250 0.283875
v -0.500000 -0.262500 0.283875
v -0.500000 -0.256250 0.189250
v -0.500000 -0.262500 0.473125
v -0.500000 -0.268750 0.567750
v -0.500000 -0.268750 0.473125
v -0.500000 -0.256250 0.662375
v -0.500000 -0.262500 0.662375
v -0.500000 -0.256250 0.567750
v -0.487500 -0.250000 0.094625
v -0.493750 -0.250000 0.189250
v -0.493750 -0.250000 0.094625
v -0.481250 -0.250000 0.189250
v -0.481250 -0.250000 0.283875
v -0.487500 -0.250000 0.283875
v -0.462500 -0.250000 0.094625
v -0.468750 -0.250000 0.189250
v -0.468750 -0.250000 0.094625
v -0.456250 -0.250000 0.283875
v -0.462500 -0.250000 0.283875
v -0.456250 -0.250000 0.189250
v -0.462500 -0.250000 0.473125
v -0.468750 -0.250000 0.567750
v -0.468750 -0.250000 0.473125
v -0.456250 -0.250000 0.662375
v -0.462500 -0.250000 0.662375
v -0.456250 -0.250000 0.567750
v -0.481250 -0.250000 0.662375
v -0.487500 -0.250000 0.662375
v -0.481250 -0.250000 0.567750
v -0.487500 -0.250000 0.473125
v -0.493750 -0.250000 0.567750
v -0.493750 -0.250000 0.473125
v -0.500000 -0.281250 0.662375
v -0.500000 -0.287500 0.662375
v -0.500000 -0.281250 0.567750
v -0.500000 -0.287500 0.473125
v -0.500000 -0.293750 0.567750
v -0.500000 -0.293750 0.473125
v -0.468750 -0.300000 0.662375
v -0.462500 -0.300000 0.662375
v -0.468750 -0.300000 0.567750
v -0.462500 -0.300000 0.473125
v -0.456250 -0.300000 0.567750
v -0.456250 -0.300000 0.473125
v -0.450000 -0.268750 0.662375
v -0.450000 -0.262500 0.662375
v -0.450000 -0.268750 0.567750
v -0.450000 -0.262500 0.473125
v -0.450000 -0.256250 0.567750
v -0.450000 -0.256250 0.473125
v -0.456250 -0.268750 0.000000
v -0.456250 -0.262500 0.000000
v -0.462500 -0.268750 0.000000
v -0.468750 -0.262500 0.000000
v -0.462500 -0.256250 0.000000
v -0.468750 -0.256250 0.000000
v -0.468750 -0.256250 0.757000
v -0.462500 -0.256250 0.757000
v -0.468750 -0.262500 0.757000
v -0.462500 -0.268750 0.757000
v -0.456250 -0.262500 0.757000
v -0.456250 -0.268750 0.757000
v -0.481250 0.300000 0.662375
v -0.487500 0.300000 0.662375
v -0.481250 0.300000 0.567750
v -0.487500 0.300000 0.473125
v -0.493750 0.300000 0.567750
v -0.493750 0.300000 0.473125
v -0.500000 0.268750 0.662375
v -0.500000 0.262500 0.662375
v -0.500000 0.268750 0.567750
v -0.500000 0.262500 0.473125
v -0.500000 0.256250 0.567750
v -0.500000 0.256250 0.473125
v -0.468750 0.250000 0.662375
v -0.462500 0.250000 0.662375
v -0.468750 0.250000 0.567750
v -0.462500 0.250000 0.473125
v -0.456250 0.250000 0.567750
v -0.456250 0.250000 0.473125
v -0.450000 0.281250 0.662375
v -0.450000 0.287500 0.662375
v -0.450000 0.281250 0.567750
v -0.450000 0.287500 0.473125
v -0.450000 0.293750 0.567750
v -0.450000 0.293750 0.473125
v -0.456250 0.281250 0.000000
v -0.456250 0.287500 0.000000
v -0.462500 0.281250 0.000000
v -0.468750 0.287500 0.000000
v -0.462500 0.293750 0.000000
v -0.468750 0.293750 0.000000
v -0.468750 0.293750 0.757000
v -0.462500 0.293750 0.757000
v -0.468750 0.287500 0.757000
v -0.462500 0.281250 0.757000
v -0.456250 0.287500 0.757000
v -0.456250 0.281250 0.757000
v 0.468750 -0.250000 0.662375
v 0.462500 -0.250000 0.662375
v 0.468750 -0.250000 0.567750
v 0.462500 -0.250000 0.473125
v 0.456250 -0.250000 0.567750
v 0.456250 -0.250000 0.473125
v 0.450000 -0.281250 0.662375
v 0.450000 -0.287500 0.662375
v 0.450000 -0.281250 0.567750
v 0.450000 -0.287500 0.473125
v 0.450000 -0.293750 0.567750
v 0.450000 -0.293750 0.473125
v 0.481250 -0.300000 0.662375
v 0.487500 -0.300000 0.662375
v 0.481250 -0.300000 0.567750
v 0.487500 -0.300000 0.473125
v 0.493750 -0.300000 0.567750
v 0.493750 -0.300000 0.473125
v 0.500000 -0.268750 0.662375
v 0.500000 -0.262500 0.662375
v 0.500000 -0.268750 0.567750
v 0.500000 -0.262500 0.473125
v 0.500000 -0.256250 0.567750
v 0.500000 -0.256250 0.473125
v 0.493750 -0.268750 -0.000000
v 0.493750 -0.262500 -0.000000
v 0.487500 -0.268750 -0.000000
v 0.481250 -0.262500 -0.000000
v 0.487500 -0.256250 -0.000000
v 0.481250 -0.256250 -0.000000
v 0.481250 -0.256250 0.757000
v 0.487500 -0.256250 0.757000
v 0.481250 -0.262500 0.757000
v 0.487500 -0.268750 0.757000
v 0.493750 -0.262500 0.757000
v 0.493750 -0.268750 0.757000
v 0.468750 0.300000 0.662375
v 0.462500 0.300000 0.662375
v 0.468750 0.300000 0.567750
v 0.462500 0.300000 0.473125
v 0.456250 0.300000 0.567750
v 0.456250 0.300000 0.473125
v 0.450000 0.268750 0.662375
v 0.450000 0.262500 0.662375
v 0.450000 0.268750 0.567750
v 0.450000 0.262500 0.473125
v 0.450000 0.256250 0.567750
v 0.450000 0.256250 0.473125
v 0.481250 0.250000 0.662375
v 0.487500 0.250000 0.662375
v 0.481250 0.250000 0.567750
v 0.487500 0.250000 0.473125
v 0.493750 0.250000 0.567750
v 0.493750 0.250000 0.473125
v 0.500000 0.281250 0.662375
v 0.500000 0.287500 0.662375
v 0.500000 0.281250 0.567750
v 0.500000 0.287500 0.473125
v 0.500000 0.293750 0.567750
v 0.500000 0.293750 0.473125
v 0.493750 0.281250 -0.000000
v 0.493750 0.287500 -0.000000
v 0.487500 0.281250 -0.000000
v 0.481250 0.287500 -0.000000
v 0.487500 0.293750 -0.000000
v 0.481250 0.293750 -0.000000
v 0.481250 0.293750 0.757000
v 0.487500 0.293750 0.757000
v 0.481250 0.287500 0.757000
v 0.487500 0.281250 0.757000
v 0.493750 0.287500 0.757000
v 0.493750 0.281250 0.757000
v 0.600000 0.100000 0.800750
v 0.600000 0.200000 0.800750
v 0.600000 0.100000 0.794500
v 0.600000 0.200000 0.788250
v 0.600000 0.300000 0.794500
v 0.600000 0.300000 0.788250
v -0.600000 -0.100000 0.800750
v -0.600000 -0.200000 0.800750
v -0.600000 -0.100000 0.794500
v -0.600000 -0.200000 0.788250
v -0.600000 -0.300000 0.794500
v -0.600000 -0.300000 0.788250
v 0.150000 -0.400000 0.800750
v 0.300000 -0.400000 0.800750
v 0.150000 -0.400000 0.794500
v 0.300000 -0.400000 0.788250
v 0.450000 -0.400000 0.794500
v 0.450000 -0.400000 0.788250
v 0.450000 0.400000 0.788250
v 0.450000 0.400000 0.794500
v 0.300000 0.400000 0.788250
v 0.150000 0.400000 0.794500
v 0.300000 0.400000 0.800750
v 0.150000 0.400000 0.800750
v 0.450000 0.100000 0.757000
v 0.450000 0.200000 0.757000
v 0.300000 0.100000 0.757000
v 0.150000 0.200000 0.757000
v 0.300000 0.300000 0.757000
v 0.150000 0.300000 0.757000
v 0.150000 0.300000 0.807000
v 0.300000 0.300000 0.807000
v 0.150000 0.200000 0.807000
v 0.300000 0.100000 0.807000
v 0.450000 0.200000 0.807000
v 0.450000 0.100000 0.807000
v 0.600000 0.350000 0.807000
v 0.525000 0.350000 0.807000
v 0.525000 0.400000 0.807000
v 0.525000 0.400000 0.803875
v 0.600000 0.400000 0.803875
v -0.600000 -0.300000 0.803875
v 0.600000 0.350000 0.803875
v 0.600000 0.350000 0.800750
v 0.500000 0.296875 0.757000
v 0.496875 0.296875 0.757000
v 0.496875 0.300000 0.757000
v 0.500000 0.300000 0.709687
v 0.500000 0.296875 0.709687
v 0.500000 0.296875 0.662375
v 0.493750 0.250000 0.709687
v 0.500000 -0.253125 0.757000
v 0.496875 -0.253125 0.757000
v 0.496875 -0.256250 0.757000
v 0.496875 -0.250000 0.757000
v 0.493750 -0.253125 0.757000
v 0.500000 -0.250000 0.709687
v 0.500000 -0.253125 0.709687
v 0.453125 -0.250000 0.662375
v -0.450000 0.296875 0.757000
v -0.453125 0.296875 0.757000
v -0.453125 0.300000 0.757000
v -0.450000 0.300000 0.709688
v -0.450000 0.296875 0.709688
v -0.500000 0.253125 0.662375
v -0.450000 -0.253125 0.757000
v -0.453125 -0.253125 0.757000
v -0.453125 -0.250000 0.757000
v -0.450000 -0.250000 0.709688
v -0.450000 -0.253125 0.709688
v -0.453125 -0.300000 0.662375
v -0.500000 -0.293750 0.709688
v -0.468750 -0.250000 0.331188
v -0.500000 -0.250000 0.331188
v -0.496875 -0.250000 0.331188
v -0.450000 -0.278125 0.662375
v -0.453125 -0.278125 0.000000
v -0.450000 -0.278125 0.000000
v -0.453125 -0.275000 0.000000
v -0.478125 -0.281250 0.000000
v -0.478125 -0.278125 0.757000
v -0.478125 -0.275000 0.757000
v -0.475000 -0.278125 0.757000
v -0.471875 -0.275000 0.757000
v -0.500000 0.278125 0.662375
v -0.478125 0.250000 0.709688
v -0.478125 0.250000 0.757000
v -0.475000 0.250000 0.709688
v -0.481250 0.250000 0.331188
v -0.450000 0.271875 0.331188
v -0.450000 0.271875 0.378500
v -0.450000 0.275000 0.331188
v -0.450000 0.278125 0.378500
v -0.453125 0.268750 0.000000
v -0.478125 0.293750 0.757000
v -0.478125 0.268750 0.757000
v 0.481250 -0.250000 0.331187
v 0.450000 -0.271875 0.709687
v 0.450000 -0.271875 0.757000
v 0.450000 -0.275000 0.709687
v 0.468750 -0.300000 0.709687
v 0.500000 -0.300000 0.331187
v 0.496875 -0.300000 0.331187
v 0.500000 -0.278125 0.662375
v 0.500000 -0.278125 0.283875
v 0.471875 -0.281250 -0.000000
v 0.450000 0.281250 0.709687
v 0.450000 0.278125 0.662375
v 0.450000 0.250000 0.331187
v 0.450000 0.253125 0.331187
v 0.468750 0.250000 0.331187
v 0.471875 0.300000 -0.000000
v 0.471875 0.296875 -0.000000
v 0.471875 0.293750 0.757000
v 0.600000 -0.100000 0.778875
v -0.600000 0.050000 0.778875
v -0.600000 0.050000 0.782000
v -0.600000 0.000000 0.778875
v -0.600000 -0.050000 0.782000
v 0.450000 0.400000 0.778875
v 0.525000 -0.050000 0.757000
v 0.600000 -0.050000 0.757000
v 0.525000 0.000000 0.757000
v -0.075000 -0.100000 0.757000
v -0.075000 -0.050000 0.807000
v -0.075000 0.000000 0.807000
v 0.000000 -0.050000 0.807000
v 0.075000 0.000000 0.807000
v 0.375000 0.000000 0.807000
v 0.300000 -0.050000 0.807000
v 0.375000 -0.050000 0.807000
v -0.225000 -0.250000 0.807000
v -0.375000 0.400000 0.757000
v -0.375000 0.350000 0.757000
v -0.450000 0.350000 0.757000
v -0.075000 -0.250000 0.757000
v 0.000000 -0.250000 0.757000
v -0.075000 -0.300000 0.757000
v -0.075000 -0.200000 0.757000
v 0.225000 -0.150000 0.757000
v 0.225000 0.400000 0.769500
v 0.225000 0.400000 0.766375
v 0.150000 0.400000 0.766375
v 0.300000 0.400000 0.772625
v 0.300000 0.400000 0.766375
v 0.225000 0.400000 0.763250
v 0.375000 -0.400000 0.766375
v 0.600000 -0.400000 0.766375
v 0.525000 -0.400000 0.766375
v 0.525000 -0.400000 0.763250
v -0.600000 -0.250000 0.782000
v -0.600000 -0.200000 0.778875
v -0.600000 -0.250000 0.778875
v -0.600000 0.150000 0.766375
v 0.600000 -0.250000 0.778875
v 0.600000 -0.250000 0.782000
v 0.600000 -0.300000 0.778875
v 0.600000 -0.200000 0.778875
v 0.600000 -0.150000 0.791375
v 0.462500 0.284375 0.757000
v 0.459375 0.284375 0.757000
v 0.459375 0.281250 0.757000
v 0.465625 0.287500 0.757000
v 0.459375 0.287500 0.757000
v 0.456250 0.284375 0.757000
v 0.459375 0.290625 -0.000000
v 0.500000 0.290625 0.378500
v 0.500000 0.287500 0.331187
v 0.500000 0.290625 0.331187
v 0.500000 0.265625 0.141937
v 0.500000 0.250000 0.141937
v 0.496875 0.250000 0.141937
v 0.496875 0.250000 0.094625
v 0.459375 0.250000 0.331187
v 0.459375 0.250000 0.378500
v 0.456250 0.250000 0.331187
v 0.462500 0.250000 0.331187
v 0.465625 0.250000 0.520437
v 0.450000 0.287500 0.520437
v 0.450000 0.290625 0.520437
v 0.450000 0.290625 0.473125
v 0.450000 0.284375 0.567750
v 0.450000 0.290625 0.709687
v 0.450000 0.290625 0.757000
v 0.450000 0.293750 0.709687
v 0.450000 0.287500 0.709687
v 0.450000 0.290625 0.567750
v 0.450000 0.293750 0.520437
v 0.459375 0.300000 0.141937
v 0.490625 -0.275000 0.757000
v 0.487500 -0.278125 0.757000
v 0.490625 -0.278125 0.757000
v 0.465625 -0.290625 0.757000
v 0.471875 -0.290625 -0.000000
v 0.475000 -0.290625 -0.000000
v 0.471875 -0.293750 -0.000000
v 0.471875 -0.287500 -0.000000
v 0.484375 -0.284375 -0.000000
v 0.500000 -0.287500 0.141937
v 0.500000 -0.290625 0.141937
v 0.500000 -0.290625 0.094625
v 0.500000 -0.284375 0.189250
v 0.500000 -0.290625 0.189250
v 0.500000 -0.293750 0.141937
v 0.500000 -0.287500 0.520437
v 0.500000 -0.290625 0.520437
v 0.500000 -0.290625 0.473125
v 0.500000 -0.284375 0.567750
v 0.500000 -0.290625 0.567750
v 0.500000 -0.293750 0.520437
v 0.490625 -0.300000 0.141937
v 0.459375 -0.300000 0.709687
v 0.459375 -0.300000 0.757000
v 0.456250 -0.300000 0.709687
v 0.462500 -0.300000 0.709687
v 0.450000 -0.290625 0.378500
v 0.450000 -0.287500 0.331187
v 0.450000 -0.290625 0.331187
v 0.450000 -0.265625 0.141937
v 0.490625 -0.250000 0.331187
v 0.490625 -0.250000 0.378500
v 0.493750 -0.250000 0.331187
v 0.487500 -0.250000 0.331187
v 0.484375 -0.250000 0.520437
v -0.487500 0.259375 0.757000
v -0.490625 0.259375 0.757000
v -0.490625 0.256250 0.757000
v -0.484375 0.262500 0.757000
v -0.490625 0.262500 0.757000
v -0.493750 0.259375 0.757000
v -0.487500 0.284375 0.757000
v -0.490625 0.284375 0.757000
v -0.490625 0.281250 0.757000
v -0.484375 0.287500 0.757000
v -0.490625 0.287500 0.757000
v -0.493750 0.284375 0.757000
v -0.490625 0.290625 0.000000
v -0.453125 0.259375 0.000000
v -0.450000 0.259375 0.000000
v -0.453125 0.256250 0.000000
v -0.453125 0.262500 0.000000
v -0.450000 0.290625 0.378500
v -0.450000 0.287500 0.331188
v -0.450000 0.290625 0.331188
v -0.450000 0.265625 0.141938
v -0.490625 0.250000 0.331188
v -0.490625 0.250000 0.378500
v -0.493750 0.250000 0.331188
v -0.487500 0.250000 0.331188
v -0.484375 0.250000 0.520438
v -0.500000 0.287500 0.520438
v -0.500000 0.290625 0.520438
v -0.500000 0.290625 0.473125
v -0.500000 0.284375 0.567750
v -0.500000 0.290625 0.567750
v -0.500000 0.293750 0.520438
v -0.490625 0.300000 0.141938
v -0.500000 0.300000 0.141938
v -0.496875 0.300000 0.141938
v -0.496875 0.300000 0.094625
v -0.459375 -0.275000 0.757000
v -0.462500 -0.278125 0.757000
v -0.459375 -0.278125 0.757000
v -0.484375 -0.290625 0.757000
v -0.490625 -0.250000 0.000000
v -0.490625 -0.253125 0.000000
v -0.493750 -0.253125 0.000000
v -0.478125 -0.290625 0.000000
v -0.475000 -0.290625 0.000000
v -0.478125 -0.293750 0.000000
v -0.478125 -0.287500 0.000000
v -0.465625 -0.284375 0.000000
v -0.450000 -0.287500 0.520438
v -0.450000 -0.290625 0.520438
v -0.450000 -0.290625 0.473125
v -0.450000 -0.284375 0.567750
v -0.450000 -0.290625 0.567750
v -0.450000 -0.293750 0.520438
v -0.459375 -0.300000 0.141938
v -0.500000 -0.300000 0.141938
v -0.500000 -0.296875 0.141938
v -0.500000 -0.296875 0.094625
v -0.500000 -0.290625 0.378500
v -0.500000 -0.287500 0.331188
v -0.500000 -0.290625 0.331188
v -0.500000 -0.265625 0.141938
v -0.459375 -0.250000 0.331188
v -0.459375 -0.250000 0.378500
v -0.456250 -0.250000 0.331188
v -0.462500 -0.250000 0.331188
v -0.465625 -0.250000 0.520438
v -0.500000 -0.284375 0.709688
v -0.500000 -0.284375 0.757000
v -0.500000 -0.281250 0.709688
v -0.500000 -0.287500 0.709688
v -0.450000 -0.300000 0.520438
v -0.453125 -0.300000 0.520438
v -0.453125 -0.300000 0.473125
v -0.450000 -0.265625 0.662375
v -0.500000 0.265625 0.662375
v -0.500000 0.250000 0.520438
v -0.500000 0.253125 0.520438
v -0.500000 0.253125 0.473125
v -0.465625 0.300000 0.000000
v -0.465625 0.296875 0.000000
v -0.468750 0.296875 0.000000
v -0.465625 0.293750 0.757000
v 0.450000 -0.250000 0.520437
v 0.453125 -0.250000 0.520437
v 0.453125 -0.250000 0.473125
v 0.500000 -0.265625 0.662375
v 0.496875 -0.265625 -0.000000
v 0.500000 -0.265625 -0.000000
v 0.496875 -0.268750 -0.000000
v 0.496875 -0.262500 -0.000000
v 0.484375 -0.265625 0.757000
v 0.484375 -0.262500 0.757000
v 0.481250 -0.265625 0.757000
v 0.487500 -0.265625 0.757000
v 0.484375 -0.268750 0.757000
v 0.490625 -0.262500 0.757000
v 0.450000 0.265625 0.662375
v 0.484375 0.250000 0.709687
v 0.484375 0.250000 0.757000
v 0.481250 0.250000 0.709687
v 0.487500 0.250000 0.709687
v 0.500000 0.284375 0.520437
v 0.500000 0.284375 0.567750
v 0.500000 0.281250 0.520437
v 0.500000 0.287500 0.520437
v 0.500000 0.284375 0.473125
v 0.500000 0.290625 0.567750
v 0.484375 0.293750 0.757000
v 0.600000 0.400000 0.791375
v 0.600000 0.350000 0.791375
v 0.600000 0.350000 0.788250
v -0.600000 -0.150000 0.803875
v -0.600000 -0.150000 0.807000
v -0.600000 -0.100000 0.803875
v -0.600000 -0.200000 0.803875
v 0.525000 0.400000 0.791375
v 0.525000 0.400000 0.788250
v 0.525000 0.400000 0.794500
v 0.450000 0.400000 0.791375
v 0.450000 0.050000 0.807000
v 0.375000 0.050000 0.807000
v 0.300000 0.050000 0.807000
v 0.450000 0.150000 0.807000
v 0.075000 0.050000 0.807000
v 0.225000 0.050000 0.807000
v 0.225000 0.000000 0.807000
v 0.000000 0.050000 0.807000
v 0.600000 0.050000 0.757000
v 0.375000 0.400000 0.788250
v 0.525000 0.400000 0.785125
v -0.600000 -0.300000 0.785125
v -0.600000 -0.250000 0.785125
v -0.600000 -0.200000 0.785125
v -0.600000 -0.300000 0.791375
v -0.600000 -0.050000 0.785125
v -0.600000 -0.150000 0.785125
v -0.600000 -0.150000 0.782000
v -0.600000 0.000000 0.785125
v -0.600000 -0.050000 0.803875
v 0.600000 0.350000 0.785125
v 0.600000 0.350000 0.794500
v 0.481250 0.290625 0.757000
v 0.478125 0.300000 -0.000000
v 0.475000 0.296875 -0.000000
v 0.500000 0.293750 0.425812
v 0.500000 0.290625 0.425812
v 0.500000 0.287500 0.425812
v 0.500000 0.293750 0.520437
v 0.500000 0.281250 0.425812
v 0.500000 0.284375 0.425812
v 0.500000 0.284375 0.378500
v 0.500000 0.278125 0.473125
v 0.500000 0.287500 0.615062
v 0.478125 0.250000 0.709687
v 0.450000 0.250000 0.425812
v 0.450000 0.253125 0.378500
v 0.450000 0.268750 0.615062
v 0.493750 -0.271875 0.757000
v 0.490625 -0.271875 0.757000
v 0.487500 -0.271875 0.757000
v 0.493750 -0.265625 0.757000
v 0.481250 -0.271875 0.757000
v 0.484375 -0.271875 0.757000
v 0.484375 -0.275000 0.757000
v 0.478125 -0.268750 0.757000
v 0.487500 -0.259375 0.757000
v 0.496875 -0.271875 -0.000000
v 0.500000 -0.268750 0.615062
v 0.500000 -0.300000 0.425812
v 0.496875 -0.300000 0.378500
v 0.450000 -0.293750 0.425812
v 0.450000 -0.290625 0.425812
v 0.450000 -0.287500 0.425812
v 0.450000 -0.293750 0.520437
v 0.450000 -0.284375 0.425812
v 0.450000 -0.284375 0.378500
v 0.450000 -0.278125 0.757000
v 0.453125 -0.250000 0.425812
v 0.453125 -0.250000 0.567750
v -0.468750 0.290625 0.757000
v -0.471875 0.296875 0.000000
v -0.462500 0.296875 0.000000
v -0.450000 0.293750 0.425813
v -0.450000 0.290625 0.425813
v -0.450000 0.287500 0.425813
v -0.450000 0.293750 0.520438
v -0.450000 0.278125 0.425813
v -0.450000 0.284375 0.425813
v -0.450000 0.284375 0.378500
v -0.450000 0.275000 0.425813
v -0.471875 0.250000 0.757000
v -0.500000 0.253125 0.425813
v -0.500000 0.253125 0.567750
v -0.500000 0.268750 0.615063
v -0.456250 -0.271875 0.757000
v -0.459375 -0.271875 0.757000
v -0.462500 -0.271875 0.757000
v -0.456250 -0.265625 0.757000
v -0.471875 -0.271875 0.757000
v -0.465625 -0.271875 0.757000
v -0.465625 -0.275000 0.757000
v -0.475000 -0.271875 0.757000
v -0.450000 -0.271875 0.000000
v -0.450000 -0.268750 0.615063
v -0.453125 -0.300000 0.425813
v -0.453125 -0.300000 0.567750
v -0.500000 -0.293750 0.425813
v -0.500000 -0.290625 0.425813
v -0.500000 -0.287500 0.425813
v -0.500000 -0.293750 0.520438
v -0.500000 -0.284375 0.425813
v -0.500000 -0.284375 0.378500
v -0.500000 -0.278125 0.709688
v -0.500000 -0.250000 0.425813
v -0.496875 -0.250000 0.378500
v -0.468750 -0.250000 0.425813
v -0.465625 -0.250000 0.425813
v -0.465625 -0.250000 0.378500
v -0.465625 -0.250000 0.473125
v -0.462500 -0.250000 0.425813
v -0.459375 -0.250000 0.425813
v -0.484375 -0.250000 0.283875
v -0.493750 -0.250000 0.047313
v -0.490625 -0.250000 0.047313
v -0.496875 -0.250000 0.047313
v -0.487500 -0.250000 0.047313
v -0.481250 -0.250000 0.047313
v -0.484375 -0.250000 0.047313
v -0.484375 -0.250000 0.000000
v -0.500000 -0.253125 0.425813
v -0.500000 -0.253125 0.378500
v -0.500000 -0.265625 0.094625
v -0.500000 -0.293750 0.331188
v -0.500000 -0.284375 0.331188
v -0.500000 -0.296875 0.047313
v -0.500000 -0.296875 0.189250
v -0.490625 -0.300000 0.615063
v -0.496875 -0.300000 0.141938
v -0.496875 -0.300000 0.189250
v -0.496875 -0.300000 0.236563
v -0.496875 -0.300000 0.331188
v -0.496875 -0.300000 0.283875
v -0.500000 -0.300000 0.236563
v -0.459375 -0.300000 0.094625
v -0.450000 -0.296875 0.520438
v -0.450000 -0.296875 0.567750
v -0.450000 -0.296875 0.473125
v -0.450000 -0.296875 0.615063
v -0.450000 -0.287500 0.615063
v -0.450000 -0.296875 0.662375
v -0.450000 -0.300000 0.615063
v -0.450000 -0.293750 0.425813
v -0.450000 -0.290625 0.236563
v -0.450000 -0.275000 0.047313
v -0.450000 -0.271875 0.047313
v -0.471875 -0.281250 0.000000
v -0.471875 -0.284375 0.000000
v -0.475000 -0.284375 0.000000
v -0.468750 -0.284375 0.000000
v -0.471875 -0.287500 0.000000
v -0.471875 -0.290625 0.000000
v -0.481250 -0.265625 0.000000
v -0.496875 -0.253125 0.000000
v -0.487500 -0.253125 0.000000
v -0.496875 -0.290625 0.757000
v -0.496875 -0.287500 0.757000
v -0.500000 -0.290625 0.757000
v -0.496875 -0.284375 0.757000
v -0.496875 -0.278125 0.757000
v -0.496875 -0.281250 0.757000
v -0.484375 -0.293750 0.757000
v -0.456250 -0.278125 0.757000
v -0.465625 -0.278125 0.757000
v -0.459375 0.300000 0.615063
v -0.468750 0.300000 0.047313
v -0.465625 0.300000 0.047313
v -0.471875 0.300000 0.047313
v -0.462500 0.300000 0.047313
v -0.459375 0.300000 0.047313
v -0.459375 0.300000 0.000000
v -0.490625 0.300000 0.094625
v -0.496875 0.300000 0.189250
v -0.500000 0.287500 0.615063
v -0.500000 0.293750 0.425813
v -0.500000 0.296875 0.141938
v -0.500000 0.296875 0.189250
v -0.500000 0.296875 0.236563
v -0.500000 0.290625 0.236563
v -0.500000 0.296875 0.331188
v -0.500000 0.296875 0.283875
v -0.500000 0.300000 0.236563
v -0.496875 0.250000 0.520438
v -0.496875 0.250000 0.567750
v -0.496875 0.250000 0.473125
v -0.496875 0.250000 0.615063
v -0.496875 0.250000 0.662375
v -0.500000 0.250000 0.615063
v -0.481250 0.250000 0.425813
v -0.484375 0.250000 0.425813
v -0.484375 0.250000 0.378500
v -0.484375 0.250000 0.473125
v -0.487500 0.250000 0.425813
v -0.490625 0.250000 0.425813
v -0.465625 0.250000 0.283875
v -0.450000 0.268750 0.047313
v -0.450000 0.265625 0.047313
v -0.450000 0.265625 0.000000
v -0.450000 0.265625 0.094625
v -0.450000 0.262500 0.047313
v -0.450000 0.256250 0.047313
v -0.450000 0.259375 0.047313
v -0.450000 0.293750 0.331188
v -0.450000 0.284375 0.331188
v -0.459375 0.259375 0.000000
v -0.453125 0.253125 0.000000
v -0.493750 0.290625 0.000000
v -0.496875 0.281250 0.757000
v -0.487500 0.290625 0.757000
v -0.493750 0.278125 0.757000
v -0.496875 0.256250 0.757000
v -0.490625 0.265625 0.757000
v -0.487500 0.265625 0.757000
v -0.475000 0.253125 0.757000
v -0.493750 0.253125 0.757000
v -0.471875 0.253125 0.757000
v 0.481250 -0.250000 0.425812
v 0.484375 -0.250000 0.425812
v 0.484375 -0.250000 0.378500
v 0.484375 -0.250000 0.473125
v 0.487500 -0.250000 0.425812
v 0.490625 -0.250000 0.425812
v 0.465625 -0.250000 0.283875
v 0.450000 -0.253125 0.520437
v 0.450000 -0.253125 0.567750
v 0.450000 -0.253125 0.473125
v 0.450000 -0.253125 0.615062
v 0.450000 -0.253125 0.662375
v 0.450000 -0.250000 0.615062
v 0.450000 -0.265625 0.094625
v 0.450000 -0.293750 0.331187
v 0.450000 -0.284375 0.331187
v 0.459375 -0.300000 0.615062
v 0.453125 -0.300000 0.709687
v 0.490625 -0.300000 0.094625
v 0.500000 -0.296875 0.425812
v 0.500000 -0.287500 0.615062
v 0.500000 -0.293750 0.425812
v 0.500000 -0.296875 0.378500
v 0.500000 -0.296875 0.094625
v 0.500000 -0.290625 0.236562
v 0.500000 -0.287500 0.236562
v 0.500000 -0.256250 0.047312
v 0.500000 -0.259375 0.047312
v 0.500000 -0.259375 -0.000000
v 0.500000 -0.262500 0.047312
v 0.500000 -0.268750 0.047312
v 0.500000 -0.265625 0.047312
v 0.478125 -0.281250 -0.000000
v 0.478125 -0.284375 -0.000000
v 0.475000 -0.284375 -0.000000
v 0.481250 -0.284375 -0.000000
v 0.478125 -0.287500 -0.000000
v 0.478125 -0.290625 -0.000000
v 0.468750 -0.265625 -0.000000
v 0.453125 -0.271875 0.757000
v 0.453125 -0.275000 0.757000
v 0.468750 -0.296875 0.757000
v 0.465625 -0.296875 0.757000
v 0.465625 -0.300000 0.757000
v 0.465625 -0.293750 0.757000
v 0.462500 -0.296875 0.757000
v 0.459375 -0.296875 0.757000
v 0.493750 -0.278125 0.757000
v 0.484375 -0.278125 0.757000
v 0.490625 0.300000 0.615062
v 0.475000 0.300000 0.047312
v 0.471875 0.300000 0.047312
v 0.459375 0.300000 0.094625
v 0.450000 0.287500 0.615062
v 0.450000 0.296875 0.709687
v 0.450000 0.293750 0.425812
v 0.450000 0.290625 0.236562
v 0.453125 0.250000 0.425812
v 0.468750 0.250000 0.425812
v 0.465625 0.250000 0.425812
v 0.465625 0.250000 0.378500
v 0.465625 0.250000 0.473125
v 0.462500 0.250000 0.425812
v 0.453125 0.250000 0.378500
v 0.459375 0.250000 0.425812
v 0.484375 0.250000 0.283875
v 0.496875 0.250000 0.047312
v 0.496875 0.250000 0.189250
v 0.500000 0.253125 0.141937
v 0.500000 0.253125 0.189250
v 0.500000 0.253125 0.236562
v 0.500000 0.253125 0.331187
v 0.500000 0.253125 0.283875
v 0.500000 0.250000 0.236562
v 0.500000 0.265625 0.094625
v 0.500000 0.293750 0.331187
v 0.500000 0.284375 0.331187
v 0.490625 0.259375 -0.000000
v 0.456250 0.290625 -0.000000
v 0.453125 0.284375 0.757000
v 0.453125 0.287500 0.757000
v 0.450000 0.284375 0.757000
v 0.453125 0.281250 0.757000
v 0.453125 0.290625 0.757000
v 0.462500 0.290625 0.757000
v 0.453125 0.293750 0.757000
v 0.456250 0.278125 0.757000
v 0.459375 0.265625 0.757000
v 0.493750 0.253125 0.757000
v 0.490625 0.253125 0.757000
v 0.490625 0.250000 0.757000
v 0.487500 0.253125 0.757000
v 0.481250 0.253125 0.757000
v 0.484375 0.253125 0.757000
v 0.600000 -0.100000 0.785125
v 0.600000 -0.150000 0.785125
v 0.600000 -0.150000 0.782000
v 0.600000 -0.150000 0.788250
v 0.600000 -0.200000 0.785125
v 0.600000 -0.250000 0.785125
v 0.600000 -0.350000 0.766375
v 0.600000 -0.350000 0.769500
v 0.600000 -0.350000 0.763250
v 0.600000 -0.350000 0.772625
v 0.600000 -0.350000 0.778875
v 0.600000 -0.350000 0.775750
v 0.600000 -0.400000 0.772625
v 0.600000 0.000000 0.760125
v 0.600000 0.150000 0.775750
v 0.600000 0.050000 0.760125
v -0.600000 0.150000 0.763250
v -0.600000 -0.300000 0.778875
v -0.600000 -0.150000 0.778875
v -0.375000 -0.400000 0.797625
v 0.525000 -0.400000 0.760125
v 0.375000 -0.400000 0.763250
v 0.525000 -0.400000 0.769500
v 0.375000 0.400000 0.769500
v 0.075000 0.400000 0.763250
v -0.375000 0.400000 0.760125
v -0.300000 0.400000 0.760125
v -0.450000 0.400000 0.760125
v -0.225000 0.400000 0.760125
v -0.225000 0.400000 0.766375
v -0.075000 0.400000 0.760125
v -0.150000 0.400000 0.760125
v -0.225000 0.400000 0.757000
v 0.075000 -0.100000 0.757000
v 0.075000 -0.150000 0.757000
v 0.000000 -0.150000 0.757000
v 0.150000 -0.150000 0.757000
v 0.075000 -0.200000 0.757000
v 0.075000 -0.250000 0.757000
v -0.150000 0.150000 0.757000
v -0.525000 0.350000 0.757000
v -0.300000 0.350000 0.757000
v -0.525000 -0.250000 0.807000
v -0.525000 -0.200000 0.807000
v -0.600000 -0.250000 0.807000
v -0.525000 -0.150000 0.807000
v -0.525000 -0.050000 0.807000
v -0.525000 -0.100000 0.807000
v -0.225000 -0.300000 0.807000
v 0.450000 -0.050000 0.807000
v 0.225000 -0.050000 0.807000
v 0.150000 -0.050000 0.807000
v -0.225000 0.350000 0.757000
v -0.075000 -0.150000 0.757000
v 0.375000 0.400000 0.775750
v 0.375000 0.400000 0.772625
v 0.450000 0.400000 0.772625
v 0.525000 -0.400000 0.772625
v -0.600000 -0.100000 0.778875
v 0.600000 -0.150000 0.778875
v 0.468750 0.290625 0.757000
v 0.465625 0.290625 0.757000
v 0.465625 0.293750 0.757000
v 0.500000 0.281250 0.331187
v 0.496875 0.250000 0.236562
v 0.465625 0.250000 0.331187
v 0.450000 0.281250 0.615062
v 0.450000 0.284375 0.615062
v 0.450000 0.284375 0.709687
v 0.450000 0.284375 0.662375
v 0.481250 -0.278125 0.757000
v 0.471875 -0.284375 -0.000000
v 0.500000 -0.281250 0.236562
v 0.500000 -0.284375 0.236562
v 0.500000 -0.284375 0.283875
v 0.500000 -0.281250 0.615062
v 0.500000 -0.284375 0.615062
v 0.500000 -0.284375 0.662375
v 0.465625 -0.300000 0.709687
v 0.450000 -0.281250 0.331187
v 0.484375 -0.250000 0.331187
v -0.481250 0.265625 0.757000
v -0.484375 0.265625 0.757000
v -0.484375 0.268750 0.757000
v -0.481250 0.290625 0.757000
v -0.484375 0.290625 0.757000
v -0.484375 0.293750 0.757000
v -0.453125 0.265625 0.000000
v -0.450000 0.281250 0.331188
v -0.484375 0.250000 0.331188
v -0.500000 0.281250 0.615063
v -0.500000 0.284375 0.615063
v -0.500000 0.284375 0.662375
v -0.496875 0.300000 0.236563
v -0.468750 -0.278125 0.757000
v -0.484375 -0.253125 0.000000
v -0.478125 -0.284375 0.000000
v -0.450000 -0.281250 0.615063
v -0.450000 -0.284375 0.615063
v -0.450000 -0.284375 0.662375
v -0.500000 -0.296875 0.236563
v -0.500000 -0.281250 0.331188
v -0.465625 -0.250000 0.331188
v -0.500000 -0.290625 0.709688
v -0.453125 -0.300000 0.615063
v -0.500000 0.253125 0.615063
v -0.459375 0.296875 0.000000
v 0.453125 -0.250000 0.615062
v 0.496875 -0.259375 -0.000000
v 0.490625 -0.256250 0.757000
v 0.490625 -0.259375 0.757000
v 0.493750 -0.259375 0.757000
v 0.490625 0.250000 0.709687
v 0.500000 0.290625 0.662375
v 0.500000 0.290625 0.615062
v 0.500000 0.293750 0.615062
v 0.600000 0.350000 0.797625
v 0.600000 0.400000 0.797625
v -0.600000 -0.250000 0.803875
v 0.525000 0.400000 0.797625
v 0.450000 0.350000 0.757000
v 0.525000 0.300000 0.757000
v 0.600000 -0.400000 0.803875
v 0.525000 -0.400000 0.803875
v 0.525000 -0.400000 0.800750
v 0.525000 -0.400000 0.807000
v 0.500000 0.250000 0.709687
v 0.496875 0.250000 0.709687
v 0.496875 0.250000 0.757000
v 0.500000 -0.256250 0.709687
v 0.500000 -0.300000 0.709687
v 0.496875 -0.300000 0.709687
v 0.496875 -0.300000 0.757000
v 0.456250 -0.250000 0.709687
v -0.450000 0.250000 0.709688
v -0.453125 0.250000 0.709688
v -0.453125 0.250000 0.757000
v -0.456250 -0.253125 0.000000
v -0.453125 -0.256250 0.000000
v -0.450000 -0.300000 0.709688
v -0.453125 -0.300000 0.709688
v -0.453125 -0.300000 0.757000
v -0.471875 -0.250000 0.331188
v -0.471875 -0.250000 0.378500
v -0.475000 -0.250000 0.331188
v -0.478125 -0.250000 0.378500
v -0.478125 -0.250000 0.331188
v -0.500000 -0.271875 0.283875
v -0.500000 -0.296875 0.283875
v -0.450000 -0.278125 0.709688
v -0.450000 -0.278125 0.757000
v -0.450000 -0.275000 0.709688
v -0.478125 -0.271875 0.000000
v -0.453125 -0.278125 0.757000
v -0.453125 -0.281250 0.757000
v -0.471875 0.300000 0.709688
v -0.471875 0.300000 0.757000
v -0.475000 0.300000 0.709688
v -0.471875 0.300000 0.283875
v -0.471875 0.250000 0.331188
v -0.450000 0.268750 0.709688
v -0.450000 0.300000 0.331188
v -0.450000 0.296875 0.331188
v -0.450000 0.296875 0.283875
v -0.478125 0.296875 0.757000
v -0.478125 0.300000 0.757000
v -0.475000 0.296875 0.757000
v 0.471875 -0.250000 0.331187
v 0.450000 -0.296875 0.283875
v 0.471875 -0.300000 0.331187
v 0.471875 -0.300000 0.378500
v 0.475000 -0.300000 0.331187
v 0.478125 -0.300000 0.378500
v 0.471875 -0.278125 -0.000000
v 0.475000 -0.278125 -0.000000
v 0.471875 -0.275000 -0.000000
v 0.475000 -0.271875 -0.000000
v 0.471875 -0.271875 -0.000000
v 0.468750 -0.253125 0.757000
v 0.496875 -0.281250 0.757000
v 0.481250 0.300000 0.709687
v 0.450000 0.278125 0.331187
v 0.450000 0.278125 0.378500
v 0.450000 0.275000 0.331187
v 0.450000 0.271875 0.378500
v 0.471875 0.250000 0.283875
v 0.478125 0.250000 0.331187
v 0.500000 0.296875 0.283875
v 0.468750 0.271875 -0.000000
v 0.600000 -0.050000 0.803875
v 0.600000 -0.050000 0.807000
v 0.600000 0.000000 0.803875
v 0.600000 -0.050000 0.778875
v 0.600000 -0.050000 0.782000
v 0.600000 0.000000 0.778875
v 0.600000 0.050000 0.782000
v 0.600000 0.050000 0.778875
v -0.600000 -0.350000 0.775750
v -0.075000 0.050000 0.757000
v 0.525000 -0.050000 0.807000
v 0.525000 -0.100000 0.807000
v 0.300000 -0.250000 0.807000
v 0.225000 -0.250000 0.807000
v 0.225000 -0.300000 0.807000
v 0.375000 -0.200000 0.807000
v -0.375000 0.300000 0.807000
v -0.300000 0.050000 0.757000
v -0.375000 0.000000 0.757000
v -0.375000 0.050000 0.757000
v -0.225000 0.050000 0.757000
v -0.375000 -0.050000 0.757000
v -0.450000 -0.050000 0.757000
v -0.225000 0.400000 0.788250
v 0.225000 0.400000 0.782000
v 0.225000 0.400000 0.778875
v 0.150000 0.400000 0.778875
v -0.375000 -0.400000 0.775750
v -0.600000 -0.200000 0.766375
v -0.600000 -0.150000 0.766375
v -0.600000 -0.150000 0.763250
v -0.600000 -0.250000 0.769500
v -0.600000 -0.400000 0.766375
v -0.600000 -0.350000 0.766375
v -0.600000 -0.350000 0.763250
v -0.600000 0.250000 0.800750
v 0.600000 0.050000 0.769500
v 0.600000 0.000000 0.766375
v 0.600000 0.050000 0.766375
v 0.600000 0.050000 0.772625
v 0.600000 -0.050000 0.766375
v 0.600000 -0.050000 0.763250
v 0.481250 0.265625 0.757000
v 0.475000 0.284375 0.757000
v 0.471875 0.284375 0.757000
v 0.471875 0.281250 0.757000
v 0.459375 0.262500 -0.000000
v 0.459375 0.259375 -0.000000
v 0.456250 0.259375 -0.000000
v 0.462500 0.265625 -0.000000
v 0.468750 0.259375 -0.000000
v 0.462500 0.259375 -0.000000
v 0.459375 0.256250 -0.000000
v 0.500000 0.287500 0.141937
v 0.500000 0.284375 0.141937
v 0.500000 0.284375 0.094625
v 0.500000 0.290625 0.189250
v 0.500000 0.259375 0.662375
v 0.478125 0.250000 0.189250
v 0.475000 0.250000 0.141937
v 0.478125 0.250000 0.141937
v 0.478125 0.250000 0.236562
v 0.462500 0.250000 0.141937
v 0.459375 0.250000 0.141937
v 0.459375 0.250000 0.094625
v 0.465625 0.250000 0.189250
v 0.471875 0.250000 0.141937
v 0.471875 0.250000 0.094625
v 0.459375 0.250000 0.189250
v 0.456250 0.250000 0.141937
v 0.450000 0.268750 0.236562
v 0.450000 0.275000 0.520437
v 0.450000 0.278125 0.520437
v 0.450000 0.278125 0.473125
v 0.490625 0.300000 0.283875
v 0.490625 0.300000 0.709687
v 0.490625 0.300000 0.757000
v 0.493750 0.300000 0.709687
v 0.487500 0.300000 0.709687
v 0.487500 -0.290625 0.757000
v 0.484375 -0.290625 0.757000
v 0.484375 -0.293750 0.757000
v 0.490625 -0.287500 0.757000
v 0.459375 -0.253125 0.757000
v 0.459375 -0.250000 0.757000
v 0.456250 -0.253125 0.757000
v 0.462500 -0.253125 0.757000
v 0.459375 -0.256250 0.757000
v 0.462500 -0.271875 -0.000000
v 0.459375 -0.275000 -0.000000
v 0.459375 -0.271875 -0.000000
v 0.465625 -0.271875 -0.000000
v 0.459375 -0.278125 -0.000000
v 0.456250 -0.278125 -0.000000
v 0.500000 -0.250000 0.141937
v 0.500000 -0.253125 0.141937
v 0.500000 -0.253125 0.094625
v 0.500000 -0.268750 0.236562
v 0.500000 -0.275000 0.520437
v 0.500000 -0.278125 0.520437
v 0.500000 -0.278125 0.473125
v 0.459375 -0.300000 0.283875
v 0.450000 -0.287500 0.141937
v 0.450000 -0.284375 0.141937
v 0.450000 -0.284375 0.094625
v 0.450000 -0.290625 0.189250
v 0.450000 -0.259375 0.662375
v 0.471875 -0.250000 0.189250
v 0.475000 -0.250000 0.141937
v 0.471875 -0.250000 0.141937
v 0.471875 -0.250000 0.236562
v 0.478125 -0.250000 0.141937
v 0.478125 -0.250000 0.094625
v -0.450000 0.259375 0.757000
v -0.453125 0.259375 0.757000
v -0.453125 0.256250 0.757000
v -0.468750 0.265625 0.757000
v -0.475000 0.284375 0.757000
v -0.478125 0.284375 0.757000
v -0.478125 0.281250 0.757000
v -0.481250 0.259375 0.000000
v -0.450000 0.287500 0.141938
v -0.450000 0.284375 0.141938
v -0.450000 0.284375 0.094625
v -0.450000 0.290625 0.189250
v -0.450000 0.259375 0.709688
v -0.450000 0.256250 0.709688
v -0.450000 0.262500 0.709688
v -0.450000 0.259375 0.662375
v -0.471875 0.250000 0.189250
v -0.475000 0.250000 0.141938
v -0.471875 0.250000 0.141938
v -0.471875 0.250000 0.236563
v -0.478125 0.250000 0.141938
v -0.478125 0.250000 0.094625
v -0.500000 0.268750 0.236563
v -0.500000 0.275000 0.520438
v -0.500000 0.278125 0.520438
v -0.500000 0.278125 0.473125
v -0.462500 0.300000 0.141938
v -0.459375 0.300000 0.141938
v -0.459375 0.300000 0.094625
v -0.465625 0.300000 0.189250
v -0.459375 0.300000 0.283875
v -0.459375 0.300000 0.189250
v -0.456250 0.300000 0.141938
v -0.462500 -0.290625 0.757000
v -0.465625 -0.290625 0.757000
v -0.465625 -0.293750 0.757000
v -0.459375 -0.287500 0.757000
v -0.490625 -0.256250 0.757000
v -0.487500 -0.271875 0.000000
v -0.490625 -0.275000 0.000000
v -0.490625 -0.271875 0.000000
v -0.484375 -0.271875 0.000000
v -0.490625 -0.278125 0.000000
v -0.493750 -0.278125 0.000000
v -0.450000 -0.268750 0.236563
v -0.450000 -0.275000 0.520438
v -0.450000 -0.278125 0.520438
v -0.450000 -0.278125 0.473125
v -0.490625 -0.300000 0.283875
v -0.500000 -0.287500 0.141938
v -0.500000 -0.284375 0.141938
v -0.500000 -0.284375 0.094625
v -0.500000 -0.290625 0.189250
v -0.500000 -0.262500 0.141938
v -0.500000 -0.259375 0.141938
v -0.500000 -0.259375 0.094625
v -0.500000 -0.265625 0.189250
v -0.500000 -0.259375 0.189250
v -0.500000 -0.256250 0.141938
v -0.500000 -0.259375 0.662375
v -0.478125 -0.250000 0.189250
v -0.475000 -0.250000 0.141938
v -0.478125 -0.250000 0.141938
v -0.478125 -0.250000 0.236563
v -0.471875 -0.250000 0.141938
v -0.471875 -0.250000 0.094625
v -0.490625 -0.250000 0.520438
v -0.465625 -0.300000 0.520438
v -0.465625 -0.300000 0.567750
v -0.468750 -0.300000 0.520438
v -0.462500 -0.300000 0.520438
v -0.465625 -0.300000 0.473125
v -0.459375 -0.300000 0.567750
v -0.465625 -0.265625 0.000000
v -0.462500 -0.265625 0.000000
v -0.465625 -0.268750 0.000000
v -0.465625 -0.262500 0.000000
v -0.468750 -0.265625 0.000000
v -0.462500 -0.259375 0.000000
v -0.465625 -0.259375 0.000000
v -0.500000 0.265625 0.520438
v -0.500000 0.265625 0.567750
v -0.500000 0.268750 0.520438
v -0.500000 0.262500 0.520438
v -0.500000 0.265625 0.473125
v -0.500000 0.259375 0.567750
v -0.459375 0.250000 0.520438
v 0.465625 -0.250000 0.709687
v 0.465625 -0.250000 0.757000
v 0.468750 -0.250000 0.709687
v 0.462500 -0.250000 0.709687
v 0.465625 -0.250000 0.520437
v 0.465625 -0.250000 0.567750
v 0.468750 -0.250000 0.520437
v 0.462500 -0.250000 0.520437
v 0.465625 -0.250000 0.473125
v 0.459375 -0.250000 0.567750
v 0.459375 -0.250000 0.520437
v 0.500000 -0.265625 0.709687
v 0.500000 -0.265625 0.757000
v 0.500000 -0.268750 0.709687
v 0.500000 -0.262500 0.709687
v 0.484375 -0.259375 -0.000000
v 0.496875 -0.265625 0.757000
v 0.496875 -0.268750 0.757000
v 0.490625 0.250000 0.520437
v 0.500000 0.300000 0.520437
v 0.500000 0.296875 0.520437
v 0.500000 0.296875 0.473125
v 0.484375 0.296875 0.757000
v 0.484375 0.300000 0.757000
v 0.481250 0.296875 0.757000
v 0.487500 0.296875 0.757000
v 0.600000 0.250000 0.791375
v 0.225000 -0.400000 0.791375
v 0.225000 -0.400000 0.794500
v 0.150000 -0.400000 0.791375
v 0.300000 -0.400000 0.791375
v 0.225000 -0.400000 0.788250
v 0.375000 -0.400000 0.794500
v 0.225000 0.150000 0.757000
v 0.300000 0.150000 0.757000
v 0.225000 0.100000 0.757000
v 0.225000 0.200000 0.757000
v 0.150000 0.150000 0.757000
v 0.300000 0.250000 0.757000
v 0.225000 0.250000 0.757000
v 0.600000 0.050000 0.807000
v 0.525000 0.000000 0.807000
v 0.150000 0.250000 0.757000
v 0.075000 0.100000 0.757000
v 0.150000 0.050000 0.757000
v 0.375000 0.200000 0.757000
v 0.225000 0.400000 0.785125
v 0.300000 0.400000 0.785125
v 0.375000 0.400000 0.785125
v 0.375000 0.400000 0.791375
v 0.450000 0.400000 0.785125
v 0.375000 0.400000 0.782000
v 0.150000 -0.400000 0.785125
v 0.075000 -0.400000 0.788250
v 0.300000 -0.400000 0.797625
v 0.600000 0.250000 0.788250
v 0.600000 0.050000 0.785125
v 0.600000 0.000000 0.785125
v 0.478125 0.284375 0.757000
v 0.478125 0.287500 0.757000
v 0.478125 0.290625 0.757000
v 0.484375 0.290625 0.757000
v 0.478125 0.296875 0.757000
v 0.478125 0.293750 0.757000
v 0.475000 0.290625 0.757000
v 0.500000 0.296875 0.425812
v 0.500000 0.296875 0.567750
v 0.490625 0.250000 0.473125
v 0.450000 0.271875 0.425812
v 0.450000 0.271875 0.520437
v 0.450000 0.271875 0.567750
v 0.450000 0.275000 0.425812
v 0.450000 0.271875 0.615062
v 0.450000 0.265625 0.615062
v 0.450000 0.271875 0.662375
v 0.450000 0.275000 0.615062
v 0.496875 -0.271875 0.757000
v 0.496875 -0.262500 0.757000
v 0.481250 -0.259375 -0.000000
v 0.478125 -0.271875 -0.000000
v 0.478125 -0.275000 -0.000000
v 0.500000 -0.271875 0.520437
v 0.500000 -0.271875 0.567750
v 0.500000 -0.271875 0.615062
v 0.500000 -0.265625 0.615062
v 0.500000 -0.271875 0.709687
v 0.500000 -0.271875 0.662375
v 0.500000 -0.275000 0.615062
v 0.478125 -0.300000 0.425812
v 0.475000 -0.300000 0.425812
v 0.459375 -0.250000 0.473125
v 0.468750 -0.250000 0.425812
v 0.471875 -0.250000 0.473125
v 0.462500 -0.250000 0.615062
v 0.471875 -0.250000 0.709687
v -0.471875 0.284375 0.757000
v -0.471875 0.287500 0.757000
v -0.471875 0.290625 0.757000
v -0.465625 0.290625 0.757000
v -0.471875 0.293750 0.757000
v -0.475000 0.290625 0.757000
v -0.450000 0.300000 0.425813
v -0.450000 0.296875 0.378500
v -0.459375 0.250000 0.473125
v -0.500000 0.268750 0.425813
v -0.500000 0.271875 0.520438
v -0.500000 0.271875 0.567750
v -0.500000 0.271875 0.473125
v -0.500000 0.271875 0.615063
v -0.500000 0.265625 0.615063
v -0.500000 0.262500 0.615063
v -0.500000 0.271875 0.662375
v -0.500000 0.275000 0.615063
v -0.450000 -0.271875 0.757000
v -0.453125 -0.275000 0.757000
v -0.468750 -0.259375 0.000000
v -0.471875 -0.268750 0.000000
v -0.468750 -0.271875 0.000000
v -0.459375 -0.262500 0.000000
v -0.450000 -0.271875 0.520438
v -0.450000 -0.271875 0.567750
v -0.450000 -0.271875 0.615063
v -0.450000 -0.265625 0.615063
v -0.450000 -0.271875 0.662375
v -0.450000 -0.275000 0.615063
v -0.468750 -0.300000 0.425813
v -0.471875 -0.300000 0.473125
v -0.462500 -0.300000 0.615063
v -0.490625 -0.250000 0.473125
v -0.478125 -0.250000 0.425813
v -0.475000 -0.250000 0.425813
v -0.468750 -0.250000 0.520438
v -0.471875 -0.250000 0.189250
v -0.478125 -0.250000 0.094625
v -0.500000 -0.256250 0.615063
v -0.500000 -0.253125 0.094625
v -0.500000 -0.262500 0.236563
v -0.500000 -0.268750 0.047313
v -0.500000 -0.265625 0.047313
v -0.500000 -0.265625 0.000000
v -0.500000 -0.262500 0.047313
v -0.500000 -0.268750 0.141938
v -0.500000 -0.256250 0.047313
v -0.500000 -0.259375 0.047313
v -0.500000 -0.259375 0.000000
v -0.500000 -0.290625 0.283875
v -0.500000 -0.287500 0.236563
v -0.500000 -0.290625 0.236563
v -0.500000 -0.284375 0.189250
v -0.500000 -0.281250 0.141938
v -0.493750 -0.300000 0.236563
v -0.475000 -0.300000 0.047313
v -0.478125 -0.300000 0.000000
v -0.471875 -0.300000 0.047313
v -0.456250 -0.300000 0.141938
v -0.471875 -0.300000 0.000000
v -0.450000 -0.296875 0.757000
v -0.450000 -0.278125 0.425813
v -0.450000 -0.278125 0.567750
v -0.450000 -0.265625 0.236563
v -0.471875 -0.296875 0.000000
v -0.465625 -0.281250 0.000000
v -0.475000 -0.296875 0.000000
v -0.487500 -0.278125 0.000000
v -0.493750 -0.271875 0.000000
v -0.496875 -0.256250 0.000000
v -0.496875 -0.259375 0.000000
v -0.496875 -0.262500 0.000000
v -0.496875 -0.268750 0.000000
v -0.496875 -0.265625 0.000000
v -0.493750 -0.259375 0.757000
v -0.481250 -0.290625 0.757000
v -0.459375 -0.281250 0.757000
v -0.462500 -0.284375 0.757000
v -0.459375 -0.284375 0.757000
v -0.465625 -0.287500 0.757000
v -0.468750 -0.290625 0.757000
v -0.453125 0.300000 0.425813
v -0.453125 0.300000 0.378500
v -0.456250 0.300000 0.236563
v -0.462500 0.300000 0.236563
v -0.456250 0.300000 0.047313
v -0.493750 0.300000 0.141938
v -0.500000 0.278125 0.425813
v -0.500000 0.278125 0.567750
v -0.500000 0.265625 0.236563
v -0.500000 0.256250 0.047313
v -0.500000 0.259375 0.047313
v -0.500000 0.259375 0.000000
v -0.500000 0.262500 0.047313
v -0.500000 0.268750 0.047313
v -0.500000 0.265625 0.047313
v -0.500000 0.265625 0.000000
v -0.481250 0.250000 0.520438
v -0.481250 0.250000 0.047313
v -0.484375 0.250000 0.047313
v -0.484375 0.250000 0.000000
v -0.478125 0.250000 0.047313
v -0.487500 0.250000 0.047313
v -0.478125 0.250000 0.189250
v -0.493750 0.250000 0.047313
v -0.490625 0.250000 0.047313
v -0.490625 0.250000 0.000000
v -0.471875 0.250000 0.094625
v -0.450000 0.256250 0.615063
v -0.450000 0.253125 0.709688
v -0.450000 0.253125 0.757000
v -0.450000 0.268750 0.141938
v -0.450000 0.290625 0.283875
v -0.450000 0.287500 0.236563
v -0.450000 0.290625 0.236563
v -0.450000 0.284375 0.189250
v -0.450000 0.281250 0.141938
v -0.490625 0.253125 0.000000
v -0.487500 0.253125 0.000000
v -0.484375 0.256250 0.000000
v -0.484375 0.253125 0.000000
v -0.478125 0.253125 0.000000
v -0.481250 0.253125 0.000000
v -0.496875 0.268750 0.000000
v -0.496875 0.265625 0.000000
v -0.496875 0.271875 0.000000
v -0.496875 0.262500 0.000000
v -0.496875 0.259375 0.000000
v -0.490625 0.293750 0.000000
v -0.478125 0.278125 0.757000
v -0.478125 0.287500 0.757000
v -0.465625 0.265625 0.757000
v -0.453125 0.253125 0.757000
v -0.453125 0.262500 0.757000
v 0.481250 -0.250000 0.520437
v 0.496875 -0.250000 0.141937
v 0.496875 -0.250000 0.189250
v 0.496875 -0.250000 0.094625
v 0.496875 -0.250000 0.236562
v 0.496875 -0.250000 0.331187
v 0.496875 -0.250000 0.283875
v 0.500000 -0.250000 0.236562
v 0.478125 -0.250000 0.189250
v 0.471875 -0.250000 0.094625
v 0.450000 -0.256250 0.615062
v 0.450000 -0.268750 0.141937
v 0.450000 -0.290625 0.283875
v 0.450000 -0.287500 0.236562
v 0.450000 -0.290625 0.236562
v 0.450000 -0.284375 0.189250
v 0.450000 -0.281250 0.141937
v 0.456250 -0.300000 0.236562
v 0.493750 -0.300000 0.047312
v 0.490625 -0.300000 0.047312
v 0.490625 -0.300000 -0.000000
v 0.487500 -0.300000 0.047312
v 0.493750 -0.300000 0.141937
v 0.481250 -0.300000 0.047312
v 0.484375 -0.300000 0.047312
v 0.484375 -0.300000 -0.000000
v 0.500000 -0.296875 0.757000
v 0.500000 -0.278125 0.425812
v 0.500000 -0.278125 0.567750
v 0.500000 -0.265625 0.236562
v 0.500000 -0.253125 0.047312
v 0.500000 -0.253125 0.189250
v 0.484375 -0.296875 -0.000000
v 0.487500 -0.296875 -0.000000
v 0.481250 -0.296875 -0.000000
v 0.490625 -0.296875 -0.000000
v 0.493750 -0.296875 -0.000000
v 0.484375 -0.281250 -0.000000
v 0.462500 -0.278125 -0.000000
v 0.456250 -0.271875 -0.000000
v 0.456250 -0.259375 0.757000
v 0.453125 -0.253125 0.757000
v 0.468750 -0.290625 0.757000
v 0.490625 -0.281250 0.757000
v 0.487500 -0.284375 0.757000
v 0.490625 -0.284375 0.757000
v 0.484375 -0.287500 0.757000
v 0.481250 -0.290625 0.757000
v 0.496875 0.300000 0.520437
v 0.496875 0.300000 0.567750
v 0.496875 0.300000 0.473125
v 0.496875 0.300000 0.615062
v 0.496875 0.300000 0.709687
v 0.496875 0.300000 0.662375
v 0.500000 0.300000 0.615062
v 0.493750 0.300000 0.236562
v 0.456250 0.300000 0.141937
v 0.450000 0.278125 0.425812
v 0.450000 0.278125 0.567750
v 0.450000 0.275000 0.047312
v 0.450000 0.278125 -0.000000
v 0.450000 0.265625 0.236562
v 0.450000 0.271875 0.047312
v 0.450000 0.271875 -0.000000
v 0.468750 0.250000 0.520437
v 0.453125 0.250000 0.094625
v 0.462500 0.250000 0.236562
v 0.471875 0.250000 0.047312
v 0.471875 0.250000 0.189250
v 0.478125 0.250000 0.094625
v 0.500000 0.256250 0.615062
v 0.500000 0.253125 0.757000
v 0.500000 0.268750 0.141937
v 0.500000 0.290625 0.283875
v 0.500000 0.287500 0.236562
v 0.500000 0.290625 0.236562
v 0.500000 0.284375 0.189250
v 0.500000 0.281250 0.141937
v 0.456250 0.253125 -0.000000
v 0.465625 0.256250 -0.000000
v 0.465625 0.262500 -0.000000
v 0.453125 0.275000 -0.000000
v 0.453125 0.256250 -0.000000
v 0.453125 0.278125 -0.000000
v 0.459375 0.293750 -0.000000
v 0.471875 0.278125 0.757000
v 0.471875 0.287500 0.757000
v 0.484375 0.265625 0.757000
v 0.600000 -0.350000 0.807000
v 0.600000 -0.100000 0.791375
v 0.600000 -0.050000 0.760125
v 0.600000 -0.050000 0.769500
v 0.600000 0.050000 0.763250
v -0.600000 0.300000 0.797625
v -0.600000 0.100000 0.760125
v -0.600000 0.150000 0.760125
v -0.600000 0.150000 0.757000
v -0.600000 0.200000 0.760125
v -0.600000 0.100000 0.766375
v -0.600000 0.300000 0.760125
v -0.600000 0.250000 0.760125
v -0.600000 0.250000 0.757000
v -0.600000 -0.250000 0.775750
v -0.600000 -0.200000 0.772625
v -0.600000 -0.250000 0.772625
v -0.600000 -0.150000 0.769500
v -0.600000 -0.100000 0.766375
v -0.600000 -0.350000 0.760125
v -0.600000 -0.350000 0.769500
v -0.525000 -0.400000 0.766375
v -0.525000 -0.400000 0.769500
v -0.450000 -0.400000 0.772625
v -0.525000 -0.400000 0.772625
v -0.525000 -0.400000 0.778875
v -0.525000 -0.400000 0.775750
v -0.600000 -0.400000 0.772625
v 0.000000 -0.400000 0.760125
v -0.075000 -0.400000 0.757000
v 0.075000 -0.400000 0.760125
v 0.450000 -0.400000 0.766375
v 0.075000 -0.400000 0.757000
v 0.075000 0.400000 0.778875
v 0.300000 0.400000 0.778875
v -0.225000 0.400000 0.791375
v 0.075000 -0.350000 0.757000
v 0.225000 -0.100000 0.757000
v 0.000000 -0.350000 0.757000
v -0.300000 -0.050000 0.757000
v -0.450000 0.050000 0.757000
v -0.525000 0.300000 0.757000
v -0.525000 0.250000 0.757000
v -0.525000 0.200000 0.757000
v -0.525000 0.100000 0.757000
v -0.525000 0.150000 0.757000
v -0.450000 0.250000 0.807000
v -0.150000 -0.250000 0.807000
v 0.375000 -0.100000 0.807000
v 0.300000 -0.150000 0.807000
v 0.375000 -0.150000 0.807000
v 0.225000 -0.200000 0.807000
v 0.150000 -0.250000 0.807000
v 0.450000 -0.150000 0.807000
v -0.150000 0.050000 0.757000
v -0.225000 0.000000 0.757000
v -0.225000 -0.050000 0.757000
v 0.375000 0.400000 0.778875
v -0.600000 -0.300000 0.772625
v -0.600000 -0.350000 0.772625
v 0.600000 0.050000 0.775750
v 0.600000 0.000000 0.772625
v 0.600000 -0.050000 0.772625
v 0.471875 0.290625 0.757000
v 0.465625 0.268750 -0.000000
v 0.465625 0.265625 -0.000000
v 0.468750 0.265625 -0.000000
v 0.500000 0.293750 0.236562
v 0.478125 0.250000 0.283875
v 0.475000 0.250000 0.236562
v 0.468750 0.250000 0.236562
v 0.465625 0.250000 0.236562
v 0.471875 0.250000 0.236562
v 0.465625 0.250000 0.283875
v 0.450000 0.278125 0.615062
v 0.484375 0.300000 0.709687
v 0.493750 -0.284375 0.757000
v 0.465625 -0.253125 0.757000
v 0.468750 -0.271875 -0.000000
v 0.465625 -0.275000 -0.000000
v 0.465625 -0.278125 -0.000000
v 0.500000 -0.253125 0.236562
v 0.500000 -0.278125 0.615062
v 0.450000 -0.293750 0.236562
v 0.471875 -0.250000 0.283875
v 0.475000 -0.250000 0.236562
v 0.478125 -0.250000 0.236562
v -0.453125 0.265625 0.757000
v -0.450000 0.265625 0.757000
v -0.478125 0.290625 0.757000
v -0.450000 0.293750 0.236563
v -0.450000 0.265625 0.709688
v -0.471875 0.250000 0.283875
v -0.475000 0.250000 0.236563
v -0.478125 0.250000 0.236563
v -0.500000 0.278125 0.615063
v -0.468750 0.300000 0.236563
v -0.465625 0.300000 0.236563
v -0.465625 0.300000 0.283875
v -0.456250 -0.284375 0.757000
v -0.481250 -0.271875 0.000000
v -0.484375 -0.275000 0.000000
v -0.484375 -0.278125 0.000000
v -0.450000 -0.278125 0.615063
v -0.500000 -0.293750 0.236563
v -0.500000 -0.268750 0.236563
v -0.500000 -0.265625 0.236563
v -0.500000 -0.265625 0.283875
v -0.478125 -0.250000 0.283875
v -0.475000 -0.250000 0.236563
v -0.471875 -0.250000 0.236563
v -0.459375 -0.300000 0.662375
v -0.459375 -0.300000 0.615063
v -0.456250 -0.300000 0.615063
v -0.456250 -0.259375 0.000000
v -0.459375 -0.259375 0.000000
v -0.459375 -0.256250 0.000000
v -0.500000 0.259375 0.662375
v -0.500000 0.259375 0.615063
v -0.500000 0.256250 0.615063
v 0.459375 -0.250000 0.709687
v 0.459375 -0.250000 0.662375
v 0.459375 -0.250000 0.615062
v 0.456250 -0.250000 0.615062
v 0.500000 -0.259375 0.709687
v 0.500000 -0.259375 0.757000
v 0.496875 -0.259375 0.757000
v 0.500000 0.296875 0.615062
v 0.490625 0.296875 0.757000
v 0.375000 -0.400000 0.800750
v 0.375000 -0.400000 0.797625
v 0.450000 -0.400000 0.797625
v 0.450000 0.250000 0.757000
v 0.375000 0.250000 0.757000
v 0.375000 0.300000 0.757000
v -0.600000 -0.400000 0.803875
v -0.600000 -0.350000 0.803875
v -0.600000 -0.350000 0.807000
v 0.496875 0.250000 0.662375
v 0.450000 0.250000 0.709687
v 0.450000 0.253125 0.709687
v 0.450000 0.253125 0.757000
v 0.450000 0.256250 0.709687
v 0.500000 -0.253125 0.662375
v 0.493750 -0.300000 0.709687
v 0.450000 -0.300000 0.709687
v 0.450000 -0.296875 0.709687
v 0.450000 -0.296875 0.757000
v -0.453125 0.293750 0.757000
v -0.456250 0.296875 0.757000
v -0.500000 0.250000 0.709688
v -0.500000 0.253125 0.709688
v -0.500000 0.253125 0.757000
v -0.496875 0.300000 0.662375
v -0.500000 -0.300000 0.709688
v -0.500000 -0.296875 0.709688
v -0.500000 -0.296875 0.662375
v -0.500000 -0.296875 0.757000
v -0.478125 -0.300000 0.709688
v -0.478125 -0.300000 0.757000
v -0.475000 -0.300000 0.709688
v -0.478125 -0.300000 0.662375
v -0.450000 -0.278125 0.331188
v -0.450000 -0.278125 0.378500
v -0.450000 -0.281250 0.331188
v -0.450000 -0.275000 0.331188
v -0.450000 -0.271875 0.378500
v -0.453125 -0.281250 0.000000
v -0.478125 -0.281250 0.757000
v -0.471875 0.300000 0.662375
v -0.500000 0.278125 0.709688
v -0.500000 0.278125 0.757000
v -0.500000 0.275000 0.709688
v -0.500000 0.281250 0.331188
v -0.481250 0.250000 0.709688
v -0.450000 0.250000 0.331188
v -0.453125 0.250000 0.331188
v -0.450000 0.271875 0.283875
v -0.456250 0.271875 0.000000
v -0.481250 0.271875 0.757000
v 0.450000 -0.268750 0.709687
v 0.450000 -0.300000 0.331187
v 0.450000 -0.296875 0.331187
v 0.471875 -0.300000 0.662375
v 0.500000 -0.281250 0.331187
v 0.471875 -0.250000 -0.000000
v 0.471875 -0.253125 -0.000000
v 0.478125 0.300000 0.662375
v 0.450000 0.300000 0.331187
v 0.453125 0.300000 0.331187
v 0.450000 0.281250 0.331187
v 0.496875 0.271875 -0.000000
v 0.500000 0.271875 -0.000000
v 0.496875 0.275000 -0.000000
v 0.493750 0.271875 -0.000000
v 0.471875 0.271875 0.757000
v 0.471875 0.275000 0.757000
v 0.468750 0.271875 0.757000
v 0.475000 0.271875 0.757000
v 0.478125 0.275000 0.757000
v -0.600000 0.050000 0.775750
v -0.075000 -0.400000 0.803875
v -0.075000 -0.400000 0.807000
v 0.000000 -0.400000 0.803875
v -0.075000 -0.400000 0.800750
v -0.075000 0.400000 0.778875
v 0.000000 0.400000 0.778875
v -0.075000 0.400000 0.775750
v -0.075000 0.400000 0.782000
v 0.000000 0.400000 0.785125
v 0.525000 -0.100000 0.757000
v -0.075000 -0.100000 0.807000
v 0.375000 -0.250000 0.807000
v -0.300000 -0.250000 0.807000
v -0.375000 -0.250000 0.807000
v -0.375000 -0.300000 0.807000
v -0.225000 -0.200000 0.807000
v -0.375000 -0.200000 0.807000
v -0.450000 -0.250000 0.807000
v 0.000000 0.250000 0.757000
v -0.075000 0.200000 0.757000
v -0.075000 0.250000 0.757000
v -0.375000 -0.150000 0.757000
v 0.525000 -0.250000 0.757000
v 0.600000 -0.250000 0.757000
v 0.525000 -0.300000 0.757000
v 0.525000 -0.200000 0.757000
v -0.075000 0.400000 0.766375
v 0.000000 0.400000 0.766375
v -0.075000 0.400000 0.763250
v -0.075000 0.400000 0.769500
v 0.225000 0.400000 0.772625
v -0.300000 -0.400000 0.791375
v -0.375000 -0.400000 0.791375
v -0.375000 -0.400000 0.788250
v -0.225000 -0.400000 0.794500
v -0.375000 -0.400000 0.794500
v -0.450000 -0.400000 0.791375
v -0.600000 -0.250000 0.766375
v -0.600000 0.200000 0.766375
v -0.600000 0.250000 0.766375
v -0.600000 0.250000 0.763250
v -0.600000 0.150000 0.769500
v -0.600000 0.250000 0.769500
v -0.600000 0.300000 0.766375
v 0.600000 0.250000 0.782000
v 0.600000 0.200000 0.778875
v 0.600000 0.250000 0.778875
v 0.600000 -0.150000 0.766375
v 0.459375 0.271875 0.757000
v 0.459375 0.275000 0.757000
v 0.456250 0.271875 0.757000
v 0.462500 0.271875 0.757000
v 0.465625 0.284375 0.757000
v 0.459375 0.300000 -0.000000
v 0.459375 0.296875 -0.000000
v 0.456250 0.296875 -0.000000
v 0.484375 0.262500 -0.000000
v 0.484375 0.259375 -0.000000
v 0.481250 0.259375 -0.000000
v 0.487500 0.265625 -0.000000
v 0.487500 0.259375 -0.000000
v 0.484375 0.256250 -0.000000
v 0.500000 0.290625 0.141937
v 0.490625 0.250000 0.378500
v 0.487500 0.250000 0.331187
v 0.490625 0.250000 0.331187
v 0.465625 0.250000 0.141937
v 0.450000 0.250000 0.141937
v 0.450000 0.253125 0.141937
v 0.450000 0.253125 0.094625
v 0.450000 0.290625 0.331187
v 0.450000 0.290625 0.378500
v 0.450000 0.293750 0.331187
v 0.450000 0.287500 0.331187
v 0.450000 0.284375 0.520437
v 0.487500 0.300000 0.520437
v 0.490625 0.300000 0.520437
v 0.490625 0.300000 0.473125
v 0.484375 0.300000 0.567750
v 0.490625 0.300000 0.567750
v 0.493750 0.300000 0.520437
v 0.490625 -0.290625 0.757000
v 0.475000 -0.259375 -0.000000
v 0.471875 -0.262500 -0.000000
v 0.471875 -0.259375 -0.000000
v 0.459375 -0.284375 -0.000000
v 0.500000 -0.290625 0.331187
v 0.500000 -0.290625 0.378500
v 0.500000 -0.293750 0.331187
v 0.500000 -0.287500 0.331187
v 0.500000 -0.284375 0.520437
v 0.500000 -0.300000 0.141937
v 0.496875 -0.300000 0.141937
v 0.496875 -0.300000 0.094625
v 0.462500 -0.300000 0.520437
v 0.459375 -0.300000 0.520437
v 0.459375 -0.300000 0.473125
v 0.465625 -0.300000 0.567750
v 0.459375 -0.300000 0.567750
v 0.456250 -0.300000 0.520437
v 0.450000 -0.290625 0.141937
v 0.450000 -0.259375 0.709687
v 0.450000 -0.259375 0.757000
v 0.450000 -0.256250 0.709687
v 0.450000 -0.262500 0.709687
v 0.459375 -0.250000 0.378500
v 0.462500 -0.250000 0.331187
v 0.459375 -0.250000 0.331187
v 0.484375 -0.250000 0.141937
v -0.490625 0.271875 0.757000
v -0.490625 0.275000 0.757000
v -0.493750 0.271875 0.757000
v -0.487500 0.271875 0.757000
v -0.484375 0.284375 0.757000
v -0.465625 0.262500 0.000000
v -0.465625 0.259375 0.000000
v -0.468750 0.259375 0.000000
v -0.462500 0.265625 0.000000
v -0.462500 0.259375 0.000000
v -0.465625 0.256250 0.000000
v -0.450000 0.290625 0.141938
v -0.450000 0.262500 0.141938
v -0.450000 0.259375 0.141938
v -0.450000 0.259375 0.094625
v -0.450000 0.265625 0.189250
v -0.450000 0.259375 0.189250
v -0.450000 0.256250 0.141938
v -0.459375 0.250000 0.378500
v -0.462500 0.250000 0.331188
v -0.459375 0.250000 0.331188
v -0.484375 0.250000 0.141938
v -0.490625 0.250000 0.709688
v -0.490625 0.250000 0.757000
v -0.493750 0.250000 0.709688
v -0.487500 0.250000 0.709688
v -0.500000 0.290625 0.331188
v -0.500000 0.290625 0.378500
v -0.500000 0.293750 0.331188
v -0.500000 0.287500 0.331188
v -0.500000 0.284375 0.520438
v -0.462500 0.300000 0.520438
v -0.459375 0.300000 0.520438
v -0.459375 0.300000 0.473125
v -0.465625 0.300000 0.567750
v -0.459375 0.300000 0.567750
v -0.456250 0.300000 0.520438
v -0.459375 -0.290625 0.757000
v -0.487500 -0.290625 0.757000
v -0.490625 -0.290625 0.757000
v -0.490625 -0.293750 0.757000
v -0.484375 -0.287500 0.757000
v -0.490625 -0.287500 0.757000
v -0.493750 -0.290625 0.757000
v -0.475000 -0.259375 0.000000
v -0.478125 -0.262500 0.000000
v -0.478125 -0.259375 0.000000
v -0.490625 -0.284375 0.000000
v -0.453125 -0.290625 0.000000
v -0.450000 -0.290625 0.000000
v -0.453125 -0.293750 0.000000
v -0.453125 -0.287500 0.000000
v -0.450000 -0.290625 0.331188
v -0.450000 -0.290625 0.378500
v -0.450000 -0.293750 0.331188
v -0.450000 -0.287500 0.331188
v -0.450000 -0.284375 0.520438
v -0.487500 -0.300000 0.520438
v -0.490625 -0.300000 0.520438
v -0.490625 -0.300000 0.473125
v -0.484375 -0.300000 0.567750
v -0.490625 -0.300000 0.567750
v -0.493750 -0.300000 0.520438
v -0.500000 -0.290625 0.141938
v -0.500000 -0.250000 0.141938
v -0.496875 -0.250000 0.141938
v -0.496875 -0.250000 0.094625
v -0.490625 -0.250000 0.378500
v -0.487500 -0.250000 0.331188
v -0.490625 -0.250000 0.331188
v -0.465625 -0.250000 0.141938
v -0.500000 -0.300000 0.520438
v -0.500000 -0.296875 0.520438
v -0.500000 -0.296875 0.473125
v -0.465625 -0.300000 0.662375
v -0.465625 -0.250000 0.000000
v -0.465625 -0.253125 0.000000
v -0.468750 -0.253125 0.000000
v -0.484375 0.300000 0.662375
v -0.500000 0.300000 0.520438
v -0.496875 0.300000 0.520438
v -0.496875 0.300000 0.473125
v -0.453125 0.284375 0.000000
v -0.450000 0.284375 0.000000
v -0.453125 0.281250 0.000000
v -0.453125 0.287500 0.000000
v -0.456250 0.284375 0.000000
v -0.465625 0.284375 0.757000
v -0.465625 0.287500 0.757000
v -0.468750 0.284375 0.757000
v -0.462500 0.284375 0.757000
v -0.465625 0.281250 0.757000
v -0.459375 0.287500 0.757000
v 0.484375 -0.300000 0.709687
v 0.484375 -0.300000 0.757000
v 0.481250 -0.300000 0.709687
v 0.487500 -0.300000 0.709687
v 0.484375 -0.300000 0.662375
v 0.500000 -0.265625 0.520437
v 0.500000 -0.265625 0.567750
v 0.500000 -0.268750 0.520437
v 0.500000 -0.262500 0.520437
v 0.500000 -0.265625 0.473125
v 0.500000 -0.259375 0.567750
v 0.465625 0.300000 0.662375
v 0.450000 0.265625 0.709687
v 0.450000 0.265625 0.757000
v 0.450000 0.268750 0.709687
v 0.450000 0.262500 0.709687
v 0.500000 0.250000 0.520437
v 0.496875 0.250000 0.520437
v 0.496875 0.250000 0.473125
v 0.493750 0.284375 -0.000000
v 0.225000 -0.400000 0.800750
v 0.600000 -0.400000 0.791375
v 0.525000 -0.400000 0.791375
v 0.525000 -0.400000 0.788250
v 0.225000 0.400000 0.757000
v 0.225000 0.350000 0.757000
v 0.150000 0.350000 0.757000
v 0.075000 0.300000 0.757000
v 0.075000 0.250000 0.757000
v 0.075000 0.350000 0.757000
v 0.075000 0.200000 0.757000
v 0.225000 0.300000 0.757000
v 0.300000 0.350000 0.757000
v 0.075000 0.150000 0.757000
v 0.000000 0.150000 0.757000
v 0.075000 0.400000 0.785125
v 0.075000 0.400000 0.782000
v 0.525000 -0.400000 0.785125
v 0.525000 -0.400000 0.794500
v 0.150000 -0.400000 0.797625
v 0.075000 -0.400000 0.807000
v 0.600000 0.300000 0.785125
v 0.600000 0.250000 0.785125
v 0.600000 0.200000 0.785125
v 0.600000 0.300000 0.791375
v 0.600000 0.150000 0.785125
v 0.600000 0.150000 0.782000
v 0.478125 0.278125 0.757000
v 0.475000 0.278125 0.757000
v 0.490625 0.281250 -0.000000
v 0.500000 0.278125 -0.000000
v 0.493750 0.250000 0.425812
v 0.490625 0.250000 0.425812
v 0.496875 0.250000 0.425812
v 0.487500 0.250000 0.425812
v 0.493750 0.250000 0.520437
v 0.496875 0.250000 0.567750
v 0.484375 0.250000 0.425812
v 0.484375 0.250000 0.378500
v 0.450000 0.271875 0.709687
v 0.450000 0.300000 0.425812
v 0.453125 0.300000 0.378500
v 0.468750 0.300000 0.615062
v 0.478125 -0.256250 -0.000000
v 0.478125 -0.259375 -0.000000
v 0.478125 -0.250000 -0.000000
v 0.475000 -0.253125 -0.000000
v 0.478125 -0.262500 -0.000000
v 0.484375 -0.256250 -0.000000
v 0.478125 -0.265625 -0.000000
v 0.475000 -0.265625 -0.000000
v 0.500000 -0.268750 0.425812
v 0.500000 -0.271875 0.473125
v 0.500000 -0.262500 0.615062
v 0.481250 -0.300000 0.615062
v 0.478125 -0.300000 0.709687
v 0.450000 -0.300000 0.425812
v 0.450000 -0.296875 0.378500
v 0.456250 -0.250000 0.425812
v 0.459375 -0.250000 0.425812
v 0.462500 -0.250000 0.425812
v 0.456250 -0.250000 0.520437
v 0.465625 -0.250000 0.425812
v 0.465625 -0.250000 0.378500
v -0.468750 0.278125 0.757000
v -0.471875 0.281250 0.757000
v -0.462500 0.290625 0.757000
v -0.459375 0.281250 0.000000
v -0.453125 0.278125 0.000000
v -0.456250 0.250000 0.425813
v -0.459375 0.250000 0.425813
v -0.450000 0.250000 0.425813
v -0.453125 0.250000 0.378500
v -0.462500 0.250000 0.425813
v -0.456250 0.250000 0.520438
v -0.465625 0.250000 0.425813
v -0.465625 0.250000 0.378500
v -0.500000 0.271875 0.757000
v -0.496875 0.300000 0.425813
v -0.496875 0.300000 0.567750
v -0.481250 0.300000 0.615063
v -0.471875 -0.256250 0.000000
v -0.471875 -0.259375 0.000000
v -0.471875 -0.253125 0.000000
v -0.471875 -0.262500 0.000000
v -0.465625 -0.256250 0.000000
v -0.462500 -0.253125 0.000000
v -0.471875 -0.265625 0.000000
v -0.475000 -0.265625 0.000000
v -0.450000 -0.271875 0.425813
v -0.450000 -0.275000 0.425813
v -0.468750 -0.300000 0.615063
v -0.471875 -0.300000 0.757000
v -0.500000 -0.296875 0.425813
v -0.500000 -0.296875 0.567750
v -0.493750 -0.250000 0.425813
v -0.490625 -0.250000 0.425813
v -0.487500 -0.250000 0.425813
v -0.493750 -0.250000 0.520438
v -0.484375 -0.250000 0.425813
v -0.484375 -0.250000 0.378500
v -0.468750 -0.250000 0.047313
v -0.465625 -0.250000 0.047313
v -0.471875 -0.250000 0.047313
v -0.465625 -0.250000 0.094625
v -0.462500 -0.250000 0.047313
v -0.459375 -0.250000 0.047313
v -0.459375 -0.250000 0.000000
v -0.493750 -0.250000 0.331188
v -0.484375 -0.250000 0.331188
v -0.496875 -0.250000 0.189250
v -0.500000 -0.259375 0.615063
v -0.500000 -0.253125 0.141938
v -0.500000 -0.253125 0.189250
v -0.500000 -0.253125 0.236563
v -0.500000 -0.253125 0.331188
v -0.500000 -0.253125 0.283875
v -0.500000 -0.250000 0.236563
v -0.500000 -0.290625 0.094625
v -0.496875 -0.300000 0.520438
v -0.496875 -0.300000 0.567750
v -0.496875 -0.300000 0.473125
v -0.496875 -0.300000 0.615063
v -0.487500 -0.300000 0.615063
v -0.496875 -0.300000 0.757000
v -0.496875 -0.300000 0.662375
v -0.500000 -0.300000 0.615063
v -0.493750 -0.300000 0.425813
v -0.490625 -0.300000 0.236563
v -0.450000 -0.281250 0.425813
v -0.450000 -0.284375 0.425813
v -0.450000 -0.284375 0.378500
v -0.450000 -0.284375 0.473125
v -0.450000 -0.287500 0.425813
v -0.450000 -0.290625 0.425813
v -0.450000 -0.281250 0.047313
v -0.450000 -0.284375 0.047313
v -0.450000 -0.284375 0.000000
v -0.450000 -0.287500 0.047313
v -0.450000 -0.293750 0.047313
v -0.450000 -0.290625 0.047313
v -0.450000 -0.265625 0.283875
v -0.453125 -0.296875 0.000000
v -0.493750 -0.284375 0.000000
v -0.478125 -0.256250 0.000000
v -0.478125 -0.265625 0.000000
v -0.490625 -0.259375 0.757000
v -0.496875 -0.293750 0.757000
v -0.496875 -0.296875 0.757000
v -0.487500 -0.284375 0.757000
v -0.475000 -0.296875 0.757000
v -0.493750 -0.296875 0.757000
v -0.471875 -0.296875 0.757000
v -0.459375 -0.293750 0.757000
v -0.462500 0.300000 0.615063
v -0.456250 0.300000 0.425813
v -0.459375 0.300000 0.236563
v -0.500000 0.296875 0.520438
v -0.500000 0.296875 0.567750
v -0.500000 0.296875 0.473125
v -0.500000 0.296875 0.615063
v -0.500000 0.296875 0.662375
v -0.500000 0.300000 0.615063
v -0.500000 0.281250 0.425813
v -0.500000 0.284375 0.425813
v -0.500000 0.284375 0.378500
v -0.500000 0.284375 0.473125
v -0.500000 0.287500 0.425813
v -0.500000 0.290625 0.425813
v -0.500000 0.265625 0.283875
v -0.496875 0.250000 0.709688
v -0.496875 0.250000 0.757000
v -0.484375 0.250000 0.094625
v -0.456250 0.250000 0.331188
v -0.465625 0.250000 0.331188
v -0.450000 0.253125 0.425813
v -0.450000 0.259375 0.615063
v -0.450000 0.253125 0.378500
v -0.450000 0.253125 0.094625
v -0.450000 0.262500 0.236563
v -0.450000 0.293750 0.047313
v -0.450000 0.290625 0.047313
v -0.450000 0.290625 0.000000
v -0.450000 0.290625 0.094625
v -0.450000 0.287500 0.047313
v -0.450000 0.281250 0.047313
v -0.450000 0.284375 0.047313
v -0.459375 0.262500 0.000000
v -0.471875 0.256250 0.000000
v -0.484375 0.259375 0.000000
v -0.496875 0.278125 0.757000
v -0.481250 0.278125 0.757000
v -0.484375 0.278125 0.757000
v -0.484375 0.275000 0.757000
v -0.484375 0.281250 0.757000
v -0.487500 0.278125 0.757000
v -0.496875 0.275000 0.757000
v -0.490625 0.278125 0.757000
v -0.496875 0.253125 0.757000
v -0.481250 0.253125 0.757000
v -0.484375 0.253125 0.757000
v -0.484375 0.250000 0.757000
v -0.487500 0.253125 0.757000
v -0.490625 0.253125 0.757000
v -0.465625 0.268750 0.757000
v 0.475000 -0.250000 0.047312
v 0.484375 -0.250000 0.094625
v 0.456250 -0.250000 0.331187
v 0.465625 -0.250000 0.331187
v 0.471875 -0.250000 0.047312
v 0.450000 -0.259375 0.615062
v 0.450000 -0.253125 0.709687
v 0.450000 -0.290625 0.094625
v 0.453125 -0.300000 0.425812
v 0.462500 -0.300000 0.615062
v 0.453125 -0.300000 0.757000
v 0.456250 -0.300000 0.425812
v 0.453125 -0.300000 0.378500
v 0.459375 -0.300000 0.236562
v 0.496875 -0.300000 0.047312
v 0.496875 -0.300000 0.189250
v 0.500000 -0.281250 0.425812
v 0.500000 -0.284375 0.425812
v 0.500000 -0.284375 0.378500
v 0.500000 -0.284375 0.473125
v 0.500000 -0.287500 0.425812
v 0.500000 -0.290625 0.425812
v 0.500000 -0.296875 0.141937
v 0.500000 -0.296875 0.189250
v 0.500000 -0.296875 0.236562
v 0.500000 -0.296875 0.331187
v 0.500000 -0.296875 0.283875
v 0.500000 -0.300000 0.236562
v 0.500000 -0.265625 0.283875
v 0.456250 -0.284375 -0.000000
v 0.471875 -0.256250 -0.000000
v 0.471875 -0.265625 -0.000000
v 0.453125 -0.265625 0.757000
v 0.453125 -0.262500 0.757000
v 0.450000 -0.265625 0.757000
v 0.453125 -0.259375 0.757000
v 0.459375 -0.259375 0.757000
v 0.453125 -0.256250 0.757000
v 0.453125 -0.296875 0.757000
v 0.493750 -0.296875 0.757000
v 0.490625 -0.296875 0.757000
v 0.490625 -0.300000 0.757000
v 0.490625 -0.293750 0.757000
v 0.487500 -0.296875 0.757000
v 0.481250 -0.296875 0.757000
v 0.484375 -0.296875 0.757000
v 0.487500 0.300000 0.615062
v 0.493750 0.300000 0.425812
v 0.490625 0.300000 0.236562
v 0.456250 0.300000 0.047312
v 0.459375 0.300000 0.047312
v 0.453125 0.300000 0.047312
v 0.462500 0.300000 0.047312
v 0.468750 0.300000 0.047312
v 0.465625 0.300000 0.047312
v 0.465625 0.300000 -0.000000
v 0.450000 0.296875 0.425812
v 0.450000 0.281250 0.425812
v 0.450000 0.284375 0.425812
v 0.450000 0.284375 0.378500
v 0.450000 0.284375 0.473125
v 0.450000 0.287500 0.425812
v 0.450000 0.296875 0.378500
v 0.450000 0.290625 0.425812
v 0.450000 0.265625 0.283875
v 0.450000 0.253125 0.047312
v 0.450000 0.253125 0.189250
v 0.453125 0.250000 0.757000
v 0.453125 0.250000 0.141937
v 0.453125 0.250000 0.189250
v 0.453125 0.250000 0.236562
v 0.453125 0.250000 0.331187
v 0.453125 0.250000 0.283875
v 0.450000 0.250000 0.236562
v 0.465625 0.250000 0.094625
v 0.493750 0.250000 0.331187
v 0.484375 0.250000 0.331187
v 0.500000 0.253125 0.520437
v 0.500000 0.253125 0.567750
v 0.500000 0.253125 0.473125
v 0.500000 0.253125 0.615062
v 0.500000 0.259375 0.615062
v 0.500000 0.253125 0.662375
v 0.500000 0.250000 0.615062
v 0.500000 0.275000 0.047312
v 0.500000 0.278125 0.047312
v 0.500000 0.290625 0.094625
v 0.490625 0.262500 -0.000000
v 0.478125 0.256250 -0.000000
v 0.465625 0.259375 -0.000000
v 0.453125 0.296875 -0.000000
v 0.462500 0.296875 -0.000000
v 0.468750 0.278125 0.757000
v 0.465625 0.278125 0.757000
v 0.465625 0.275000 0.757000
v 0.465625 0.281250 0.757000
v 0.462500 0.278125 0.757000
v 0.459375 0.278125 0.757000
v 0.453125 0.259375 0.757000
v 0.453125 0.262500 0.757000
v 0.450000 0.259375 0.757000
v 0.453125 0.253125 0.757000
v 0.453125 0.265625 0.757000
v 0.453125 0.271875 0.757000
v 0.453125 0.268750 0.757000
v 0.484375 0.268750 0.757000
v 0.600000 -0.350000 0.791375
v 0.600000 -0.350000 0.794500
v 0.600000 -0.350000 0.788250
v 0.600000 -0.350000 0.797625
v 0.600000 -0.350000 0.800750
v 0.600000 -0.400000 0.797625
v 0.600000 -0.100000 0.760125
v 0.600000 -0.150000 0.760125
v 0.600000 -0.150000 0.757000
v 0.600000 -0.150000 0.763250
v 0.600000 -0.200000 0.760125
v 0.600000 -0.300000 0.760125
v 0.600000 -0.250000 0.760125
v 0.600000 0.300000 0.778875
v 0.600000 0.150000 0.778875
v -0.600000 0.250000 0.797625
v -0.600000 0.200000 0.772625
v -0.600000 -0.250000 0.763250
v -0.300000 -0.400000 0.797625
v -0.525000 -0.400000 0.807000
v -0.450000 -0.400000 0.785125
v -0.375000 -0.400000 0.772625
v 0.225000 0.400000 0.760125
v 0.300000 0.400000 0.760125
v 0.150000 0.400000 0.760125
v 0.375000 0.400000 0.760125
v 0.450000 0.400000 0.760125
v 0.375000 0.400000 0.757000
v 0.075000 0.400000 0.775750
v 0.075000 0.400000 0.772625
v 0.000000 0.400000 0.772625
v 0.150000 0.400000 0.772625
v 0.075000 0.400000 0.769500
v 0.075000 0.400000 0.766375
v -0.150000 0.400000 0.791375
v 0.525000 -0.350000 0.757000
v -0.450000 -0.150000 0.757000
v -0.075000 0.300000 0.757000
v -0.075000 0.150000 0.757000
v -0.375000 0.250000 0.807000
v -0.525000 -0.300000 0.807000
v -0.525000 -0.350000 0.807000
v -0.300000 -0.150000 0.807000
v 0.000000 -0.350000 0.807000
v -0.450000 -0.350000 0.807000
v 0.075000 -0.350000 0.807000
v 0.375000 -0.300000 0.807000
v -0.150000 -0.150000 0.807000
v -0.225000 -0.150000 0.807000
v -0.225000 -0.100000 0.807000
v -0.075000 0.100000 0.757000
v 0.525000 -0.150000 0.757000
v -0.075000 0.400000 0.772625
v -0.150000 -0.400000 0.797625
v -0.225000 -0.400000 0.797625
v -0.225000 -0.400000 0.800750
v -0.600000 0.100000 0.772625
v -0.600000 0.150000 0.772625
v -0.600000 0.150000 0.775750
v 0.600000 0.100000 0.778875
v 0.465625 0.271875 0.757000
v 0.465625 0.296875 -0.000000
v 0.490625 0.268750 -0.000000
v 0.490625 0.265625 -0.000000
v 0.493750 0.265625 -0.000000
v 0.481250 0.250000 0.331187
v 0.450000 0.253125 0.236562
v 0.450000 0.284375 0.331187
v 0.481250 0.300000 0.615062
v 0.484375 0.300000 0.615062
v 0.484375 0.300000 0.662375
v 0.471875 -0.268750 -0.000000
v 0.500000 -0.284375 0.331187
v 0.496875 -0.300000 0.236562
v 0.468750 -0.300000 0.615062
v 0.465625 -0.300000 0.615062
v 0.465625 -0.300000 0.662375
v 0.450000 -0.265625 0.709687
v 0.468750 -0.250000 0.331187
v -0.484375 0.271875 0.757000
v -0.459375 0.268750 0.000000
v -0.459375 0.265625 0.000000
v -0.456250 0.265625 0.000000
v -0.450000 0.268750 0.236563
v -0.450000 0.265625 0.236563
v -0.450000 0.265625 0.283875
v -0.468750 0.250000 0.331188
v -0.484375 0.250000 0.709688
v -0.500000 0.284375 0.331188
v -0.468750 0.300000 0.615063
v -0.465625 0.300000 0.615063
v -0.465625 0.300000 0.662375
v -0.481250 -0.284375 0.757000
v -0.484375 -0.284375 0.757000
v -0.484375 -0.281250 0.757000
v -0.478125 -0.268750 0.000000
v -0.453125 -0.284375 0.000000
v -0.450000 -0.284375 0.331188
v -0.481250 -0.300000 0.615063
v -0.484375 -0.300000 0.615063
v -0.484375 -0.300000 0.662375
v -0.496875 -0.250000 0.236563
v -0.481250 -0.250000 0.331188
v -0.500000 -0.296875 0.615063
v -0.459375 -0.253125 0.000000
v -0.496875 0.300000 0.615063
v -0.453125 0.290625 0.000000
v -0.459375 0.293750 0.757000
v -0.459375 0.290625 0.757000
v -0.456250 0.290625 0.757000
v 0.490625 -0.300000 0.709687
v 0.500000 -0.259375 0.662375
v 0.500000 -0.259375 0.615062
v 0.500000 -0.256250 0.615062
v 0.450000 0.259375 0.709687
v 0.496875 0.250000 0.615062
v 0.525000 -0.400000 0.797625
v 0.375000 0.350000 0.757000
v -0.600000 -0.350000 0.800750
v 0.493750 0.296875 -0.000000
v 0.496875 0.293750 -0.000000
v 0.450000 0.300000 0.709687
v 0.453125 0.300000 0.709687
v 0.453125 0.300000 0.757000
v 0.450000 -0.250000 0.709687
v 0.453125 -0.250000 0.709687
v 0.453125 -0.250000 0.757000
v -0.450000 0.293750 0.709688
v -0.500000 0.300000 0.709688
v -0.496875 0.300000 0.709688
v -0.496875 0.300000 0.757000
v -0.493750 0.300000 0.709688
v -0.500000 -0.250000 0.709688
v -0.496875 -0.250000 0.709688
v -0.496875 -0.250000 0.757000
v -0.471875 -0.250000 0.709688
v -0.471875 -0.250000 0.757000
v -0.475000 -0.250000 0.709688
v -0.471875 -0.250000 0.283875
v -0.496875 -0.250000 0.283875
v -0.450000 -0.281250 0.709688
v -0.450000 -0.271875 0.331188
v -0.450000 -0.250000 0.331188
v -0.450000 -0.253125 0.331188
v -0.481250 -0.253125 0.000000
v -0.478125 -0.253125 0.757000
v -0.478125 -0.250000 0.757000
v -0.475000 -0.253125 0.757000
v -0.500000 0.271875 0.331188
v -0.478125 0.250000 0.331188
v -0.478125 0.250000 0.378500
v -0.475000 0.250000 0.331188
v -0.471875 0.250000 0.378500
v -0.453125 0.250000 0.283875
v -0.478125 0.271875 0.000000
v -0.475000 0.271875 0.000000
v -0.478125 0.275000 0.000000
v -0.475000 0.278125 0.000000
v -0.481250 0.296875 0.757000
v -0.471875 0.271875 0.757000
v 0.481250 -0.250000 0.709687
v 0.453125 -0.250000 0.283875
v 0.450000 -0.271875 0.331187
v 0.450000 -0.271875 0.378500
v 0.450000 -0.275000 0.331187
v 0.450000 -0.278125 0.378500
v 0.471875 -0.300000 0.283875
v 0.500000 -0.271875 0.331187
v 0.468750 -0.278125 -0.000000
v 0.468750 -0.253125 -0.000000
v 0.478125 0.300000 0.331187
v 0.478125 0.300000 0.378500
v 0.475000 0.300000 0.331187
v 0.471875 0.300000 0.378500
v 0.450000 0.278125 0.283875
v 0.450000 0.271875 0.331187
v 0.496875 0.250000 0.283875
v 0.500000 0.271875 0.709687
v 0.500000 0.271875 0.757000
v 0.500000 0.275000 0.709687
v 0.478125 0.271875 0.757000
v 0.496875 0.271875 0.757000
v 0.600000 -0.100000 0.803875
v 0.600000 -0.050000 0.775750
v 0.600000 0.350000 0.775750
v -0.075000 0.400000 0.785125
v -0.075000 0.400000 0.807000
v -0.075000 0.400000 0.803875
v -0.150000 0.350000 0.757000
v -0.075000 0.350000 0.807000
v 0.000000 0.350000 0.807000
v 0.600000 -0.250000 0.807000
v 0.525000 -0.250000 0.807000
v 0.525000 -0.300000 0.807000
v -0.375000 -0.100000 0.807000
v -0.375000 0.200000 0.757000
v -0.375000 0.150000 0.757000
v -0.450000 0.150000 0.757000
v -0.300000 0.250000 0.757000
v 0.450000 -0.250000 0.757000
v -0.300000 0.400000 0.785125
v -0.375000 0.400000 0.782000
v -0.375000 0.400000 0.785125
v -0.225000 0.400000 0.785125
v -0.375000 0.400000 0.778875
v -0.450000 0.400000 0.778875
v 0.150000 -0.400000 0.772625
v 0.000000 -0.400000 0.791375
v -0.075000 -0.400000 0.791375
v -0.075000 -0.400000 0.788250
v -0.600000 0.250000 0.775750
v 0.600000 0.200000 0.766375
v 0.600000 0.150000 0.766375
v 0.600000 0.150000 0.763250
v 0.600000 0.250000 0.769500
v 0.600000 -0.200000 0.766375
v 0.600000 -0.250000 0.766375
v 0.600000 -0.250000 0.763250
v 0.600000 -0.150000 0.769500
v 0.600000 -0.250000 0.769500
v 0.600000 -0.300000 0.766375
v 0.600000 -0.250000 0.803875
v 0.600000 -0.300000 0.803875
v 0.600000 -0.200000 0.803875
v 0.600000 -0.250000 0.800750
v 0.478125 0.262500 0.757000
v 0.475000 0.259375 0.757000
v 0.478125 0.259375 0.757000
v 0.478125 0.265625 0.757000
v 0.471875 0.259375 0.757000
v 0.471875 0.256250 0.757000
v 0.465625 0.281250 -0.000000
v 0.484375 0.275000 -0.000000
v 0.484375 0.271875 -0.000000
v 0.481250 0.271875 -0.000000
v 0.500000 0.259375 0.283875
v 0.487500 0.250000 0.141937
v 0.484375 0.250000 0.141937
v 0.484375 0.250000 0.094625
v 0.490625 0.250000 0.189250
v 0.459375 0.250000 0.662375
v 0.450000 0.271875 0.189250
v 0.450000 0.275000 0.141937
v 0.450000 0.271875 0.141937
v 0.450000 0.271875 0.236562
v 0.450000 0.287500 0.141937
v 0.450000 0.290625 0.141937
v 0.450000 0.290625 0.094625
v 0.450000 0.284375 0.189250
v 0.450000 0.278125 0.141937
v 0.450000 0.278125 0.094625
v 0.450000 0.290625 0.189250
v 0.450000 0.293750 0.141937
v 0.468750 0.300000 0.236562
v 0.475000 0.300000 0.520437
v 0.478125 0.300000 0.520437
v 0.478125 0.300000 0.473125
v 0.459375 -0.281250 0.757000
v 0.459375 -0.262500 -0.000000
v 0.459375 -0.265625 -0.000000
v 0.456250 -0.265625 -0.000000
v 0.462500 -0.259375 -0.000000
v 0.459375 -0.287500 -0.000000
v 0.459375 -0.290625 -0.000000
v 0.456250 -0.290625 -0.000000
v 0.462500 -0.284375 -0.000000
v 0.462500 -0.290625 -0.000000
v 0.459375 -0.293750 -0.000000
v 0.493750 -0.290625 -0.000000
v 0.500000 -0.271875 0.189250
v 0.500000 -0.275000 0.141937
v 0.500000 -0.271875 0.141937
v 0.500000 -0.271875 0.236562
v 0.500000 -0.278125 0.141937
v 0.500000 -0.278125 0.094625
v 0.481250 -0.300000 0.236562
v 0.462500 -0.300000 0.141937
v 0.459375 -0.300000 0.141937
v 0.459375 -0.300000 0.094625
v 0.465625 -0.300000 0.189250
v 0.459375 -0.300000 0.189250
v 0.456250 -0.300000 0.141937
v 0.475000 -0.300000 0.520437
v 0.471875 -0.300000 0.520437
v 0.471875 -0.300000 0.473125
v 0.450000 -0.259375 0.283875
v 0.462500 -0.250000 0.141937
v 0.465625 -0.250000 0.141937
v 0.465625 -0.250000 0.094625
v 0.459375 -0.250000 0.189250
v 0.490625 -0.250000 0.709687
v 0.490625 -0.250000 0.757000
v 0.493750 -0.250000 0.709687
v 0.487500 -0.250000 0.709687
v 0.490625 -0.250000 0.662375
v -0.471875 0.262500 0.757000
v -0.475000 0.259375 0.757000
v -0.471875 0.259375 0.757000
v -0.471875 0.265625 0.757000
v -0.478125 0.259375 0.757000
v -0.478125 0.256250 0.757000
v -0.490625 0.296875 0.757000
v -0.490625 0.300000 0.757000
v -0.493750 0.296875 0.757000
v -0.487500 0.296875 0.757000
v -0.484375 0.281250 0.000000
v -0.465625 0.275000 0.000000
v -0.465625 0.271875 0.000000
v -0.468750 0.271875 0.000000
v -0.450000 0.300000 0.141938
v -0.450000 0.296875 0.141938
v -0.450000 0.296875 0.094625
v -0.450000 0.259375 0.283875
v -0.462500 0.250000 0.141938
v -0.465625 0.250000 0.141938
v -0.465625 0.250000 0.094625
v -0.459375 0.250000 0.189250
v -0.490625 0.250000 0.662375
v -0.500000 0.271875 0.189250
v -0.500000 0.275000 0.141938
v -0.500000 0.271875 0.141938
v -0.500000 0.271875 0.236563
v -0.500000 0.278125 0.141938
v -0.500000 0.278125 0.094625
v -0.481250 0.300000 0.236563
v -0.475000 0.300000 0.520438
v -0.471875 0.300000 0.520438
v -0.471875 0.300000 0.473125
v -0.450000 -0.290625 0.757000
v -0.453125 -0.290625 0.757000
v -0.453125 -0.293750 0.757000
v -0.490625 -0.281250 0.757000
v -0.490625 -0.262500 0.000000
v -0.490625 -0.265625 0.000000
v -0.493750 -0.265625 0.000000
v -0.487500 -0.259375 0.000000
v -0.456250 -0.290625 0.000000
v -0.450000 -0.271875 0.189250
v -0.450000 -0.275000 0.141938
v -0.450000 -0.271875 0.141938
v -0.450000 -0.271875 0.236563
v -0.450000 -0.278125 0.141938
v -0.450000 -0.278125 0.094625
v -0.450000 -0.290625 0.709688
v -0.450000 -0.293750 0.709688
v -0.450000 -0.287500 0.709688
v -0.468750 -0.300000 0.236563
v -0.475000 -0.300000 0.520438
v -0.478125 -0.300000 0.520438
v -0.478125 -0.300000 0.473125
v -0.500000 -0.259375 0.283875
v -0.487500 -0.250000 0.141938
v -0.484375 -0.250000 0.141938
v -0.484375 -0.250000 0.094625
v -0.490625 -0.250000 0.189250
v -0.462500 -0.250000 0.141938
v -0.459375 -0.250000 0.141938
v -0.459375 -0.250000 0.094625
v -0.465625 -0.250000 0.189250
v -0.459375 -0.250000 0.189250
v -0.456250 -0.250000 0.141938
v -0.459375 -0.250000 0.662375
v -0.500000 -0.284375 0.520438
v -0.500000 -0.284375 0.567750
v -0.500000 -0.281250 0.520438
v -0.500000 -0.287500 0.520438
v -0.500000 -0.284375 0.473125
v -0.500000 -0.290625 0.567750
v -0.450000 -0.259375 0.520438
v -0.484375 0.300000 0.709688
v -0.484375 0.300000 0.757000
v -0.481250 0.300000 0.709688
v -0.487500 0.300000 0.709688
v -0.484375 0.300000 0.520438
v -0.484375 0.300000 0.567750
v -0.481250 0.300000 0.520438
v -0.487500 0.300000 0.520438
v -0.484375 0.300000 0.473125
v -0.490625 0.300000 0.567750
v -0.500000 0.259375 0.520438
v -0.450000 0.284375 0.709688
v -0.450000 0.284375 0.757000
v -0.450000 0.281250 0.709688
v -0.450000 0.287500 0.709688
v -0.459375 0.284375 0.757000
v -0.453125 0.284375 0.757000
v -0.453125 0.281250 0.757000
v 0.500000 -0.259375 0.520437
v 0.500000 -0.250000 0.520437
v 0.500000 -0.253125 0.520437
v 0.500000 -0.253125 0.473125
v 0.484375 -0.253125 0.757000
v 0.484375 -0.250000 0.757000
v 0.481250 -0.253125 0.757000
v 0.487500 -0.253125 0.757000
v 0.450000 0.259375 0.520437
v 0.484375 0.250000 0.520437
v 0.484375 0.250000 0.567750
v 0.481250 0.250000 0.520437
v 0.487500 0.250000 0.520437
v 0.484375 0.250000 0.473125
v 0.490625 0.250000 0.567750
v 0.484375 0.284375 -0.000000
v 0.487500 0.284375 -0.000000
v 0.484375 0.281250 -0.000000
v 0.484375 0.287500 -0.000000
v 0.481250 0.284375 -0.000000
v 0.487500 0.290625 -0.000000
v 0.490625 0.284375 0.757000
v -0.600000 -0.400000 0.791375
v -0.600000 -0.350000 0.791375
v -0.600000 -0.350000 0.788250
v 0.225000 0.400000 0.797625
v 0.075000 0.400000 0.807000
v 0.000000 0.400000 0.803875
v 0.150000 0.400000 0.797625
v 0.075000 -0.400000 0.791375
v 0.075000 -0.400000 0.794500
v 0.075000 -0.400000 0.797625
v 0.225000 -0.400000 0.797625
v 0.075000 -0.400000 0.800750
v 0.000000 -0.400000 0.797625
v -0.600000 -0.350000 0.785125
v -0.600000 -0.350000 0.794500
v 0.500000 0.278125 0.757000
v 0.496875 0.275000 0.757000
v 0.490625 0.281250 0.757000
v 0.478125 0.281250 -0.000000
v 0.484375 0.278125 -0.000000
v 0.487500 0.278125 -0.000000
v 0.481250 0.278125 -0.000000
v 0.490625 0.278125 -0.000000
v 0.490625 0.284375 -0.000000
v 0.490625 0.287500 -0.000000
v 0.493750 0.278125 -0.000000
v 0.490625 0.275000 -0.000000
v 0.481250 0.250000 0.425812
v 0.478125 0.250000 0.473125
v 0.487500 0.250000 0.615062
v 0.450000 0.259375 0.473125
v 0.471875 0.300000 0.425812
v 0.471875 0.300000 0.520437
v 0.471875 0.300000 0.567750
v 0.475000 0.300000 0.425812
v 0.471875 0.300000 0.615062
v 0.465625 0.300000 0.615062
v 0.471875 0.300000 0.662375
v 0.475000 0.300000 0.615062
v 0.478125 -0.253125 0.757000
v 0.500000 -0.253125 0.425812
v 0.500000 -0.259375 0.473125
v 0.500000 -0.253125 0.567750
v 0.478125 -0.300000 0.520437
v 0.478125 -0.300000 0.567750
v 0.478125 -0.300000 0.615062
v 0.484375 -0.300000 0.615062
v 0.478125 -0.300000 0.662375
v 0.475000 -0.300000 0.615062
v 0.450000 -0.278125 0.425812
v 0.450000 -0.275000 0.425812
v -0.453125 0.278125 0.757000
v -0.459375 0.281250 0.757000
v -0.453125 0.287500 0.757000
v -0.471875 0.278125 0.000000
v -0.465625 0.278125 0.000000
v -0.462500 0.278125 0.000000
v -0.471875 0.275000 0.000000
v -0.459375 0.278125 0.000000
v -0.459375 0.284375 0.000000
v -0.456250 0.278125 0.000000
v -0.459375 0.275000 0.000000
v -0.450000 0.278125 0.709688
v -0.471875 0.250000 0.425813
v -0.475000 0.250000 0.425813
v -0.500000 0.259375 0.473125
v -0.481250 0.300000 0.425813
v -0.478125 0.300000 0.520438
v -0.478125 0.300000 0.567750
v -0.478125 0.300000 0.473125
v -0.478125 0.300000 0.615063
v -0.484375 0.300000 0.615063
v -0.487500 0.300000 0.615063
v -0.478125 0.300000 0.709688
v -0.478125 0.300000 0.662375
v -0.475000 0.300000 0.615063
v -0.450000 -0.250000 0.425813
v -0.450000 -0.253125 0.378500
v -0.450000 -0.259375 0.473125
v -0.471875 -0.300000 0.520438
v -0.471875 -0.300000 0.567750
v -0.471875 -0.300000 0.615063
v -0.465625 -0.300000 0.615063
v -0.471875 -0.300000 0.662375
v -0.475000 -0.300000 0.615063
v -0.500000 -0.281250 0.425813
v -0.500000 -0.278125 0.473125
v -0.500000 -0.287500 0.615063
v -0.453125 -0.250000 0.425813
v -0.456250 -0.250000 0.615063
v -0.453125 -0.250000 0.378500
v -0.462500 -0.250000 0.236563
v -0.468750 -0.250000 0.141938
v -0.456250 -0.250000 0.047313
v -0.490625 -0.250000 0.283875
v -0.487500 -0.250000 0.236563
v -0.490625 -0.250000 0.236563
v -0.484375 -0.250000 0.189250
v -0.481250 -0.250000 0.141938
v -0.500000 -0.253125 0.757000
v -0.500000 -0.256250 0.236563
v -0.500000 -0.293750 0.047313
v -0.500000 -0.290625 0.047313
v -0.500000 -0.290625 0.000000
v -0.500000 -0.287500 0.047313
v -0.500000 -0.293750 0.141938
v -0.500000 -0.281250 0.047313
v -0.500000 -0.284375 0.047313
v -0.500000 -0.284375 0.000000
v -0.478125 -0.300000 0.425813
v -0.478125 -0.300000 0.567750
v -0.481250 -0.300000 0.047313
v -0.484375 -0.300000 0.047313
v -0.484375 -0.300000 0.000000
v -0.487500 -0.300000 0.047313
v -0.493750 -0.300000 0.047313
v -0.490625 -0.300000 0.047313
v -0.490625 -0.300000 0.000000
v -0.465625 -0.300000 0.236563
v -0.450000 -0.296875 0.709688
v -0.450000 -0.281250 0.520438
v -0.450000 -0.278125 0.047313
v -0.450000 -0.278125 0.189250
v -0.450000 -0.271875 0.094625
v -0.459375 -0.293750 0.000000
v -0.490625 -0.296875 0.000000
v -0.487500 -0.296875 0.000000
v -0.484375 -0.296875 0.000000
v -0.478125 -0.296875 0.000000
v -0.481250 -0.296875 0.000000
v -0.496875 -0.281250 0.000000
v -0.496875 -0.284375 0.000000
v -0.496875 -0.278125 0.000000
v -0.496875 -0.287500 0.000000
v -0.490625 -0.281250 0.000000
v -0.496875 -0.290625 0.000000
v -0.481250 -0.259375 0.000000
v -0.484375 -0.262500 0.000000
v -0.484375 -0.259375 0.000000
v -0.487500 -0.265625 0.000000
v -0.490625 -0.268750 0.000000
v -0.493750 -0.284375 0.757000
v -0.453125 -0.296875 0.757000
v -0.456250 -0.290625 0.757000
v -0.453125 -0.287500 0.757000
v -0.471875 0.300000 0.425813
v -0.471875 0.300000 0.567750
v -0.453125 0.300000 0.141938
v -0.453125 0.300000 0.189250
v -0.453125 0.300000 0.094625
v -0.453125 0.300000 0.236563
v -0.453125 0.300000 0.331188
v -0.453125 0.300000 0.283875
v -0.450000 0.300000 0.236563
v -0.484375 0.300000 0.236563
v -0.500000 0.296875 0.757000
v -0.500000 0.281250 0.520438
v -0.500000 0.278125 0.047313
v -0.500000 0.278125 0.189250
v -0.500000 0.271875 0.094625
v -0.493750 0.250000 0.615063
v -0.481250 0.250000 0.141938
v -0.459375 0.250000 0.283875
v -0.462500 0.250000 0.236563
v -0.459375 0.250000 0.236563
v -0.465625 0.250000 0.189250
v -0.468750 0.250000 0.141938
v -0.456250 0.250000 0.047313
v -0.459375 0.250000 0.047313
v -0.459375 0.250000 0.000000
v -0.462500 0.250000 0.047313
v -0.468750 0.250000 0.047313
v -0.465625 0.250000 0.047313
v -0.465625 0.250000 0.000000
v -0.450000 0.256250 0.236563
v -0.450000 0.296875 0.047313
v -0.450000 0.293750 0.141938
v -0.450000 0.296875 0.189250
v -0.465625 0.253125 0.000000
v -0.462500 0.253125 0.000000
v -0.468750 0.253125 0.000000
v -0.459375 0.253125 0.000000
v -0.456250 0.253125 0.000000
v -0.471875 0.271875 0.000000
v -0.462500 0.271875 0.000000
v -0.484375 0.284375 0.000000
v -0.496875 0.296875 0.757000
v -0.481250 0.284375 0.757000
v -0.478125 0.253125 0.757000
v -0.478125 0.262500 0.757000
v -0.471875 0.256250 0.757000
v 0.496875 -0.250000 0.520437
v 0.496875 -0.250000 0.567750
v 0.496875 -0.250000 0.473125
v 0.493750 -0.250000 0.615062
v 0.496875 -0.250000 0.615062
v 0.496875 -0.250000 0.709687
v 0.496875 -0.250000 0.662375
v 0.500000 -0.250000 0.615062
v 0.481250 -0.250000 0.141937
v 0.459375 -0.250000 0.283875
v 0.462500 -0.250000 0.236562
v 0.459375 -0.250000 0.236562
v 0.465625 -0.250000 0.189250
v 0.468750 -0.250000 0.141937
v 0.450000 -0.253125 0.757000
v 0.450000 -0.256250 0.236562
v 0.450000 -0.275000 0.047312
v 0.450000 -0.271875 -0.000000
v 0.450000 -0.278125 0.047312
v 0.450000 -0.293750 0.141937
v 0.450000 -0.278125 -0.000000
v 0.471875 -0.300000 0.425812
v 0.471875 -0.300000 0.567750
v 0.453125 -0.300000 0.094625
v 0.462500 -0.300000 0.236562
v 0.484375 -0.300000 0.236562
v 0.500000 -0.281250 0.520437
v 0.500000 -0.278125 0.047312
v 0.500000 -0.278125 0.189250
v 0.500000 -0.271875 0.094625
v 0.490625 -0.293750 -0.000000
v 0.456250 -0.296875 -0.000000
v 0.465625 -0.287500 -0.000000
v 0.453125 -0.275000 -0.000000
v 0.459375 -0.281250 -0.000000
v 0.453125 -0.293750 -0.000000
v 0.468750 -0.259375 -0.000000
v 0.465625 -0.262500 -0.000000
v 0.465625 -0.259375 -0.000000
v 0.462500 -0.265625 -0.000000
v 0.453125 -0.271875 -0.000000
v 0.459375 -0.268750 -0.000000
v 0.456250 -0.284375 0.757000
v 0.493750 -0.290625 0.757000
v 0.478125 0.300000 0.425812
v 0.478125 0.300000 0.567750
v 0.465625 0.300000 0.236562
v 0.450000 0.296875 0.757000
v 0.450000 0.281250 0.520437
v 0.450000 0.296875 0.094625
v 0.450000 0.287500 0.236562
v 0.450000 0.281250 0.047312
v 0.450000 0.284375 0.047312
v 0.450000 0.284375 -0.000000
v 0.450000 0.278125 0.047312
v 0.450000 0.287500 0.047312
v 0.450000 0.278125 0.189250
v 0.450000 0.293750 0.047312
v 0.450000 0.290625 0.047312
v 0.450000 0.290625 -0.000000
v 0.450000 0.271875 0.094625
v 0.456250 0.250000 0.615062
v 0.475000 0.250000 0.047312
v 0.471875 0.250000 -0.000000
v 0.468750 0.250000 0.141937
v 0.490625 0.250000 0.283875
v 0.487500 0.250000 0.236562
v 0.490625 0.250000 0.236562
v 0.484375 0.250000 0.189250
v 0.478125 0.250000 0.047312
v 0.481250 0.250000 0.141937
v 0.478125 0.250000 -0.000000
v 0.500000 0.256250 0.236562
v 0.500000 0.293750 0.141937
v 0.478125 0.253125 -0.000000
v 0.478125 0.271875 -0.000000
v 0.487500 0.271875 -0.000000
v 0.475000 0.253125 -0.000000
v 0.465625 0.284375 -0.000000
v 0.453125 0.293750 -0.000000
v 0.453125 0.290625 -0.000000
v 0.453125 0.287500 -0.000000
v 0.453125 0.281250 -0.000000
v 0.453125 0.284375 -0.000000
v 0.468750 0.284375 0.757000
v 0.471875 0.253125 0.757000
v 0.471875 0.262500 0.757000
v 0.478125 0.256250 0.757000
v 0.600000 -0.300000 0.797625
v 0.600000 -0.350000 0.803875
v 0.600000 -0.200000 0.772625
v 0.600000 -0.100000 0.766375
v 0.600000 0.250000 0.775750
v 0.600000 0.200000 0.772625
v 0.600000 0.250000 0.772625
v 0.600000 0.150000 0.769500
v 0.600000 0.100000 0.766375
v -0.600000 0.350000 0.785125
v -0.600000 0.400000 0.785125
v -0.600000 0.350000 0.807000
v -0.600000 0.400000 0.803875
v -0.600000 0.350000 0.782000
v -0.600000 0.300000 0.772625
v -0.600000 0.400000 0.778875
v -0.600000 -0.300000 0.760125
v -0.600000 -0.250000 0.760125
v -0.600000 -0.250000 0.757000
v -0.600000 -0.200000 0.760125
v -0.600000 -0.300000 0.766375
v -0.600000 -0.100000 0.760125
v -0.600000 -0.150000 0.760125
v -0.600000 -0.150000 0.757000
v -0.525000 -0.400000 0.791375
v -0.525000 -0.400000 0.794500
v -0.525000 -0.400000 0.788250
v -0.525000 -0.400000 0.797625
v -0.525000 -0.400000 0.800750
v -0.600000 -0.400000 0.797625
v -0.075000 -0.400000 0.785125
v -0.075000 -0.400000 0.794500
v -0.150000 -0.400000 0.760125
v -0.225000 -0.400000 0.760125
v -0.225000 -0.400000 0.757000
v -0.300000 -0.400000 0.760125
v -0.450000 -0.400000 0.760125
v -0.375000 -0.400000 0.760125
v -0.375000 -0.400000 0.757000
v 0.225000 -0.400000 0.772625
v 0.225000 0.400000 0.775750
v -0.525000 0.400000 0.778875
v -0.525000 0.400000 0.782000
v -0.300000 0.400000 0.778875
v -0.450000 0.400000 0.785125
v -0.525000 0.400000 0.785125
v -0.525000 0.400000 0.807000
v 0.375000 -0.300000 0.757000
v -0.375000 -0.350000 0.757000
v -0.300000 -0.350000 0.757000
v -0.225000 -0.350000 0.757000
v -0.075000 -0.350000 0.757000
v -0.150000 -0.350000 0.757000
v -0.525000 -0.100000 0.757000
v -0.525000 -0.150000 0.757000
v -0.525000 -0.050000 0.757000
v -0.525000 -0.200000 0.757000
v -0.375000 -0.100000 0.757000
v -0.525000 -0.250000 0.757000
v -0.150000 0.250000 0.757000
v -0.225000 0.200000 0.757000
v -0.225000 0.250000 0.757000
v -0.300000 0.150000 0.757000
v -0.375000 0.100000 0.757000
v -0.450000 -0.150000 0.807000
v 0.525000 -0.350000 0.807000
v 0.450000 -0.250000 0.807000
v 0.525000 -0.200000 0.807000
v 0.525000 -0.150000 0.807000
v 0.600000 -0.150000 0.807000
v -0.225000 0.300000 0.757000
v -0.150000 0.400000 0.785125
v -0.225000 0.400000 0.782000
v -0.225000 0.400000 0.778875
v -0.075000 -0.400000 0.797625
v 0.600000 0.300000 0.772625
v 0.600000 -0.100000 0.772625
v 0.600000 -0.150000 0.772625
v 0.600000 -0.150000 0.775750
v 0.600000 -0.150000 0.803875
v 0.478125 0.268750 0.757000
v 0.475000 0.265625 0.757000
v 0.471875 0.265625 0.757000
v 0.490625 0.271875 -0.000000
v 0.493750 0.250000 0.236562
v 0.450000 0.271875 0.283875
v 0.450000 0.275000 0.236562
v 0.450000 0.281250 0.236562
v 0.450000 0.284375 0.236562
v 0.450000 0.278125 0.236562
v 0.450000 0.284375 0.283875
v 0.478125 0.300000 0.615062
v 0.465625 -0.256250 -0.000000
v 0.465625 -0.281250 -0.000000
v 0.465625 -0.284375 -0.000000
v 0.468750 -0.284375 -0.000000
v 0.500000 -0.271875 0.283875
v 0.500000 -0.275000 0.236562
v 0.500000 -0.278125 0.236562
v 0.468750 -0.300000 0.236562
v 0.465625 -0.300000 0.236562
v 0.465625 -0.300000 0.283875
v 0.471875 -0.300000 0.615062
v 0.456250 -0.250000 0.236562
v 0.484375 -0.250000 0.709687
v -0.471875 0.268750 0.757000
v -0.475000 0.265625 0.757000
v -0.478125 0.265625 0.757000
v -0.484375 0.296875 0.757000
v -0.459375 0.271875 0.000000
v -0.450000 0.296875 0.236563
v -0.456250 0.250000 0.236563
v -0.500000 0.271875 0.283875
v -0.500000 0.275000 0.236563
v -0.500000 0.278125 0.236563
v -0.471875 0.300000 0.615063
v -0.453125 -0.284375 0.757000
v -0.450000 -0.284375 0.757000
v -0.484375 -0.256250 0.000000
v -0.450000 -0.271875 0.283875
v -0.450000 -0.275000 0.236563
v -0.450000 -0.278125 0.236563
v -0.450000 -0.284375 0.709688
v -0.478125 -0.300000 0.615063
v -0.493750 -0.250000 0.236563
v -0.468750 -0.250000 0.236563
v -0.465625 -0.250000 0.236563
v -0.465625 -0.250000 0.283875
v -0.500000 -0.290625 0.662375
v -0.500000 -0.290625 0.615063
v -0.500000 -0.293750 0.615063
v -0.490625 0.300000 0.709688
v -0.490625 0.300000 0.662375
v -0.490625 0.300000 0.615063
v -0.493750 0.300000 0.615063
v -0.450000 0.290625 0.709688
v -0.450000 0.290625 0.757000
v -0.453125 0.290625 0.757000
v 0.500000 -0.253125 0.615062
v 0.490625 -0.253125 0.757000
v 0.490625 0.250000 0.662375
v 0.490625 0.250000 0.615062
v 0.493750 0.250000 0.615062
v 0.493750 0.290625 -0.000000
v 0.490625 0.290625 -0.000000
v 0.490625 0.293750 -0.000000
v -0.600000 -0.350000 0.797625
v 0.525000 0.300000 0.807000
v 0.450000 0.350000 0.807000
v 0.525000 0.400000 0.757000
v 0.525000 0.350000 0.757000
v 0.600000 0.350000 0.757000
v 0.496875 0.300000 -0.000000
v 0.496875 0.296875 -0.000000
v 0.500000 0.296875 -0.000000
v 0.450000 0.253125 0.662375
v 0.496875 -0.250000 -0.000000
v 0.496875 -0.253125 -0.000000
v 0.500000 -0.253125 -0.000000
v 0.496875 -0.300000 0.662375
v 0.450000 -0.293750 0.709687
v -0.453125 0.300000 0.000000
v -0.453125 0.296875 0.000000
v -0.450000 0.296875 0.000000
v -0.450000 0.296875 0.662375
v -0.456250 0.250000 0.709688
v -0.453125 -0.256250 0.757000
v -0.456250 -0.253125 0.757000
v -0.453125 -0.250000 0.000000
v -0.453125 -0.253125 0.000000
v -0.450000 -0.253125 0.000000
v -0.496875 -0.250000 0.662375
v -0.500000 -0.271875 0.709688
v -0.500000 -0.271875 0.757000
v -0.500000 -0.275000 0.709688
v -0.500000 -0.271875 0.662375
v -0.481250 -0.300000 0.709688
v -0.481250 -0.300000 0.331188
v -0.450000 -0.300000 0.331188
v -0.453125 -0.300000 0.331188
v -0.450000 -0.278125 0.283875
v -0.478125 -0.256250 0.757000
v -0.468750 0.300000 0.331188
v -0.500000 0.281250 0.709688
v -0.500000 0.250000 0.331188
v -0.500000 0.253125 0.331188
v -0.450000 0.271875 0.662375
v -0.478125 0.268750 0.000000
v -0.478125 0.300000 0.000000
v -0.478125 0.296875 0.000000
v 0.450000 -0.250000 0.331187
v 0.453125 -0.250000 0.331187
v 0.450000 -0.271875 0.662375
v 0.468750 -0.300000 0.331187
v 0.496875 -0.278125 -0.000000
v 0.500000 -0.278125 -0.000000
v 0.496875 -0.275000 -0.000000
v 0.471875 -0.256250 0.757000
v 0.471875 -0.278125 0.757000
v 0.471875 -0.275000 0.757000
v 0.475000 -0.278125 0.757000
v 0.478125 -0.275000 0.757000
v 0.481250 0.300000 0.331187
v 0.471875 0.250000 0.709687
v 0.471875 0.250000 0.757000
v 0.475000 0.250000 0.709687
v 0.500000 0.271875 0.662375
v 0.500000 0.271875 0.331187
v 0.500000 0.271875 0.378500
v 0.500000 0.275000 0.331187
v 0.500000 0.278125 0.378500
v 0.496875 0.268750 -0.000000
v 0.471875 0.268750 -0.000000
v 0.471875 0.268750 0.757000
v 0.600000 0.400000 0.778875
v 0.600000 0.350000 0.778875
v -0.600000 0.050000 0.803875
v -0.600000 0.050000 0.807000
v -0.600000 0.000000 0.803875
v -0.600000 0.050000 0.800750
v -0.150000 -0.400000 0.803875
v -0.150000 -0.400000 0.778875
v 0.525000 0.400000 0.778875
v 0.525000 0.400000 0.782000
v -0.150000 0.400000 0.778875
v -0.075000 0.300000 0.807000
v -0.300000 0.150000 0.807000
v -0.375000 0.150000 0.807000
v -0.375000 0.100000 0.807000
v -0.225000 0.200000 0.807000
v -0.375000 0.200000 0.807000
v -0.450000 0.150000 0.807000
v -0.375000 0.250000 0.757000
v 0.000000 0.400000 0.797625
v -0.075000 0.400000 0.794500
v -0.075000 0.400000 0.797625
v -0.375000 0.400000 0.769500
v -0.375000 0.400000 0.766375
v -0.450000 0.400000 0.766375
v -0.300000 0.400000 0.772625
v -0.375000 0.400000 0.772625
v -0.300000 0.400000 0.766375
v -0.375000 0.400000 0.763250
v -0.375000 -0.400000 0.778875
v -0.375000 -0.400000 0.782000
v -0.450000 -0.400000 0.778875
v -0.300000 -0.400000 0.778875
v -0.225000 -0.400000 0.791375
v -0.375000 -0.400000 0.803875
v -0.375000 -0.400000 0.807000
v -0.450000 -0.400000 0.803875
v -0.300000 -0.400000 0.803875
v -0.600000 0.200000 0.791375
v -0.600000 0.250000 0.791375
v -0.600000 0.250000 0.788250
v -0.600000 0.150000 0.794500
v -0.600000 0.250000 0.794500
v -0.600000 0.300000 0.791375
v 0.600000 0.250000 0.766375
v 0.490625 0.275000 0.757000
v 0.487500 0.271875 0.757000
v 0.490625 0.271875 0.757000
v 0.462500 0.259375 0.757000
v 0.459375 0.259375 0.757000
v 0.459375 0.256250 0.757000
v 0.465625 0.262500 0.757000
v 0.465625 0.259375 0.757000
v 0.459375 0.262500 0.757000
v 0.456250 0.259375 0.757000
v 0.471875 0.259375 -0.000000
v 0.475000 0.259375 -0.000000
v 0.471875 0.256250 -0.000000
v 0.471875 0.262500 -0.000000
v 0.484375 0.265625 -0.000000
v 0.496875 0.259375 -0.000000
v 0.500000 0.259375 -0.000000
v 0.496875 0.256250 -0.000000
v 0.496875 0.262500 -0.000000
v 0.500000 0.262500 0.520437
v 0.500000 0.259375 0.520437
v 0.500000 0.259375 0.473125
v 0.500000 0.265625 0.567750
v 0.500000 0.259375 0.567750
v 0.500000 0.256250 0.520437
v 0.490625 0.250000 0.141937
v 0.450000 0.259375 0.378500
v 0.450000 0.262500 0.331187
v 0.450000 0.259375 0.331187
v 0.450000 0.284375 0.141937
v 0.450000 0.300000 0.141937
v 0.453125 0.300000 0.141937
v 0.453125 0.300000 0.094625
v 0.490625 0.300000 0.331187
v 0.490625 0.300000 0.378500
v 0.493750 0.300000 0.331187
v 0.487500 0.300000 0.331187
v 0.484375 0.300000 0.520437
v 0.462500 -0.265625 0.757000
v 0.459375 -0.265625 0.757000
v 0.459375 -0.268750 0.757000
v 0.465625 -0.262500 0.757000
v 0.459375 -0.262500 0.757000
v 0.456250 -0.265625 0.757000
v 0.459375 -0.259375 -0.000000
v 0.459375 -0.250000 -0.000000
v 0.459375 -0.253125 -0.000000
v 0.456250 -0.253125 -0.000000
v 0.500000 -0.259375 0.378500
v 0.500000 -0.262500 0.331187
v 0.500000 -0.259375 0.331187
v 0.500000 -0.284375 0.141937
v 0.459375 -0.300000 0.331187
v 0.459375 -0.300000 0.378500
v 0.456250 -0.300000 0.331187
v 0.462500 -0.300000 0.331187
v 0.465625 -0.300000 0.520437
v 0.450000 -0.300000 0.141937
v 0.450000 -0.296875 0.141937
v 0.450000 -0.296875 0.094625
v 0.450000 -0.262500 0.520437
v 0.450000 -0.259375 0.520437
v 0.450000 -0.259375 0.473125
v 0.450000 -0.265625 0.567750
v 0.450000 -0.259375 0.567750
v 0.450000 -0.256250 0.520437
v 0.459375 -0.250000 0.141937
v -0.459375 0.275000 0.757000
v -0.462500 0.271875 0.757000
v -0.459375 0.271875 0.757000
v -0.484375 0.259375 0.757000
v -0.478125 0.259375 0.000000
v -0.475000 0.259375 0.000000
v -0.478125 0.256250 0.000000
v -0.478125 0.262500 0.000000
v -0.465625 0.265625 0.000000
v -0.450000 0.262500 0.520438
v -0.450000 0.259375 0.520438
v -0.450000 0.259375 0.473125
v -0.450000 0.265625 0.567750
v -0.450000 0.259375 0.567750
v -0.450000 0.256250 0.520438
v -0.459375 0.250000 0.141938
v -0.450000 0.250000 0.141938
v -0.453125 0.250000 0.141938
v -0.453125 0.250000 0.094625
v -0.500000 0.259375 0.378500
v -0.500000 0.262500 0.331188
v -0.500000 0.259375 0.331188
v -0.500000 0.284375 0.141938
v -0.500000 0.290625 0.709688
v -0.500000 0.290625 0.757000
v -0.500000 0.293750 0.709688
v -0.500000 0.287500 0.709688
v -0.459375 0.300000 0.331188
v -0.459375 0.300000 0.378500
v -0.456250 0.300000 0.331188
v -0.462500 0.300000 0.331188
v -0.465625 0.300000 0.520438
v -0.487500 -0.265625 0.757000
v -0.490625 -0.265625 0.757000
v -0.490625 -0.268750 0.757000
v -0.484375 -0.262500 0.757000
v -0.490625 -0.262500 0.757000
v -0.493750 -0.265625 0.757000
v -0.490625 -0.259375 0.000000
v -0.450000 -0.259375 0.378500
v -0.450000 -0.262500 0.331188
v -0.450000 -0.259375 0.331188
v -0.450000 -0.287500 0.141938
v -0.450000 -0.290625 0.141938
v -0.450000 -0.290625 0.094625
v -0.450000 -0.284375 0.189250
v -0.450000 -0.284375 0.141938
v -0.450000 -0.290625 0.189250
v -0.450000 -0.293750 0.141938
v -0.490625 -0.300000 0.331188
v -0.490625 -0.300000 0.378500
v -0.493750 -0.300000 0.331188
v -0.487500 -0.300000 0.331188
v -0.484375 -0.300000 0.520438
v -0.490625 -0.300000 0.709688
v -0.490625 -0.300000 0.757000
v -0.493750 -0.300000 0.709688
v -0.487500 -0.300000 0.709688
v -0.500000 -0.262500 0.520438
v -0.500000 -0.259375 0.520438
v -0.500000 -0.259375 0.473125
v -0.500000 -0.265625 0.567750
v -0.500000 -0.259375 0.567750
v -0.500000 -0.256250 0.520438
v -0.490625 -0.250000 0.141938
v -0.500000 -0.250000 0.520438
v -0.496875 -0.250000 0.520438
v -0.496875 -0.250000 0.473125
v -0.500000 -0.284375 0.662375
v -0.453125 -0.265625 0.000000
v -0.450000 -0.265625 0.000000
v -0.453125 -0.268750 0.000000
v -0.453125 -0.262500 0.000000
v -0.465625 -0.256250 0.757000
v -0.465625 -0.265625 0.757000
v -0.465625 -0.262500 0.757000
v -0.468750 -0.265625 0.757000
v -0.462500 -0.265625 0.757000
v -0.465625 -0.268750 0.757000
v -0.459375 -0.262500 0.757000
v -0.465625 0.250000 0.709688
v -0.465625 0.250000 0.757000
v -0.468750 0.250000 0.709688
v -0.462500 0.250000 0.709688
v -0.450000 0.284375 0.662375
v -0.450000 0.284375 0.520438
v -0.450000 0.284375 0.567750
v -0.450000 0.281250 0.520438
v -0.450000 0.287500 0.520438
v -0.450000 0.284375 0.473125
v -0.450000 0.290625 0.567750
v 0.450000 -0.284375 0.709687
v 0.450000 -0.284375 0.757000
v 0.450000 -0.281250 0.709687
v 0.450000 -0.287500 0.709687
v 0.450000 -0.284375 0.662375
v 0.500000 -0.300000 0.520437
v 0.496875 -0.300000 0.520437
v 0.496875 -0.300000 0.473125
v 0.484375 -0.256250 0.757000
v 0.450000 0.250000 0.520437
v 0.450000 0.253125 0.520437
v 0.450000 0.253125 0.473125
v 0.500000 0.284375 0.662375
v 0.484375 0.300000 -0.000000
v 0.484375 0.296875 -0.000000
v 0.481250 0.296875 -0.000000
v -0.600000 -0.150000 0.800750
v -0.600000 -0.150000 0.791375
v -0.600000 -0.150000 0.794500
v -0.600000 -0.100000 0.791375
v -0.600000 -0.200000 0.791375
v -0.600000 -0.150000 0.788250
v -0.600000 -0.250000 0.794500
v 0.525000 0.150000 0.757000
v 0.600000 0.150000 0.757000
v 0.525000 0.100000 0.757000
v 0.525000 0.200000 0.757000
v 0.225000 0.300000 0.807000
v 0.225000 0.150000 0.807000
v 0.225000 0.200000 0.807000
v 0.150000 0.150000 0.807000
v 0.300000 0.150000 0.807000
v 0.225000 0.100000 0.807000
v 0.375000 0.200000 0.807000
v 0.150000 0.050000 0.807000
v 0.075000 0.100000 0.807000
v 0.150000 0.250000 0.807000
v 0.300000 0.250000 0.807000
v 0.525000 0.050000 0.757000
v 0.075000 0.400000 0.800750
v 0.075000 0.400000 0.797625
v 0.075000 0.400000 0.794500
v 0.225000 0.400000 0.800750
v 0.075000 0.400000 0.791375
v 0.000000 0.400000 0.791375
v 0.600000 0.400000 0.785125
v -0.600000 -0.100000 0.785125
v -0.600000 -0.050000 0.788250
v -0.600000 -0.100000 0.797625
v -0.600000 -0.200000 0.797625
v -0.600000 -0.050000 0.807000
v 0.600000 0.350000 0.782000
v 0.493750 0.278125 0.757000
v 0.490625 0.278125 0.757000
v 0.487500 0.278125 0.757000
v 0.493750 0.284375 0.757000
v 0.484375 0.278125 0.757000
v 0.484375 0.275000 0.757000
v 0.478125 0.296875 -0.000000
v 0.487500 0.296875 -0.000000
v 0.500000 0.278125 0.425812
v 0.500000 0.275000 0.425812
v 0.500000 0.281250 0.615062
v 0.478125 0.250000 0.757000
v 0.450000 0.256250 0.425812
v 0.450000 0.259375 0.425812
v 0.450000 0.253125 0.425812
v 0.450000 0.262500 0.425812
v 0.450000 0.256250 0.520437
v 0.450000 0.253125 0.567750
v 0.450000 0.265625 0.425812
v 0.450000 0.265625 0.378500
v 0.478125 -0.271875 0.757000
v 0.475000 -0.271875 0.757000
v 0.481250 -0.259375 0.757000
v 0.500000 -0.271875 -0.000000
v 0.500000 -0.256250 0.425812
v 0.500000 -0.259375 0.425812
v 0.500000 -0.262500 0.425812
v 0.500000 -0.256250 0.520437
v 0.500000 -0.265625 0.425812
v 0.500000 -0.265625 0.378500
v 0.496875 -0.300000 0.425812
v 0.496875 -0.300000 0.567750
v 0.450000 -0.281250 0.615062
v 0.450000 -0.278125 0.709687
v 0.450000 -0.250000 0.425812
v 0.453125 -0.250000 0.378500
v -0.456250 0.278125 0.757000
v -0.459375 0.278125 0.757000
v -0.462500 0.278125 0.757000
v -0.456250 0.284375 0.757000
v -0.465625 0.278125 0.757000
v -0.465625 0.275000 0.757000
v -0.471875 0.300000 0.000000
v -0.475000 0.296875 0.000000
v -0.450000 0.281250 0.425813
v -0.450000 0.278125 0.473125
v -0.450000 0.281250 0.615063
v -0.450000 0.287500 0.615063
v -0.471875 0.250000 0.709688
v -0.500000 0.256250 0.425813
v -0.500000 0.259375 0.425813
v -0.500000 0.250000 0.425813
v -0.500000 0.253125 0.378500
v -0.500000 0.262500 0.425813
v -0.500000 0.256250 0.520438
v -0.500000 0.265625 0.425813
v -0.500000 0.265625 0.378500
v -0.468750 -0.271875 0.757000
v -0.471875 -0.268750 0.757000
v -0.468750 -0.259375 0.757000
v -0.462500 -0.259375 0.757000
v -0.453125 -0.271875 0.000000
v -0.450000 -0.256250 0.425813
v -0.450000 -0.259375 0.425813
v -0.450000 -0.262500 0.425813
v -0.450000 -0.256250 0.520438
v -0.450000 -0.265625 0.425813
v -0.450000 -0.265625 0.378500
v -0.450000 -0.300000 0.425813
v -0.453125 -0.300000 0.378500
v -0.500000 -0.281250 0.615063
v -0.500000 -0.278125 0.757000
v -0.496875 -0.250000 0.425813
v -0.496875 -0.250000 0.567750
v -0.459375 -0.250000 0.615063
v -0.453125 -0.250000 0.047313
v -0.450000 -0.250000 0.047313
v -0.490625 -0.250000 0.094625
v -0.500000 -0.253125 0.520438
v -0.500000 -0.253125 0.567750
v -0.500000 -0.253125 0.473125
v -0.500000 -0.253125 0.615063
v -0.500000 -0.262500 0.615063
v -0.500000 -0.253125 0.662375
v -0.500000 -0.250000 0.615063
v -0.500000 -0.256250 0.425813
v -0.500000 -0.259375 0.236563
v -0.496875 -0.300000 0.709688
v -0.481250 -0.300000 0.425813
v -0.484375 -0.300000 0.425813
v -0.484375 -0.300000 0.378500
v -0.484375 -0.300000 0.473125
v -0.487500 -0.300000 0.425813
v -0.490625 -0.300000 0.425813
v -0.465625 -0.300000 0.283875
v -0.450000 -0.296875 0.425813
v -0.450000 -0.296875 0.378500
v -0.450000 -0.296875 0.094625
v -0.450000 -0.287500 0.236563
v -0.450000 -0.284375 0.094625
v -0.450000 -0.256250 0.331188
v -0.450000 -0.265625 0.331188
v -0.450000 -0.256250 0.047313
v -0.450000 -0.259375 0.047313
v -0.450000 -0.259375 0.000000
v -0.450000 -0.262500 0.047313
v -0.450000 -0.268750 0.047313
v -0.450000 -0.265625 0.047313
v -0.459375 -0.290625 0.000000
v -0.493750 -0.259375 0.000000
v -0.496875 -0.268750 0.757000
v -0.496875 -0.271875 0.757000
v -0.487500 -0.259375 0.757000
v -0.493750 -0.271875 0.757000
v -0.496875 -0.275000 0.757000
v -0.490625 -0.284375 0.757000
v -0.481250 -0.296875 0.757000
v -0.484375 -0.296875 0.757000
v -0.484375 -0.300000 0.757000
v -0.487500 -0.296875 0.757000
v -0.490625 -0.296875 0.757000
v -0.468750 0.300000 0.425813
v -0.465625 0.300000 0.425813
v -0.465625 0.300000 0.378500
v -0.465625 0.300000 0.473125
v -0.462500 0.300000 0.425813
v -0.459375 0.300000 0.425813
v -0.453125 0.300000 0.047313
v -0.450000 0.300000 0.047313
v -0.475000 0.300000 0.047313
v -0.484375 0.300000 0.283875
v -0.478125 0.300000 0.047313
v -0.500000 0.296875 0.709688
v -0.500000 0.284375 0.094625
v -0.500000 0.256250 0.331188
v -0.500000 0.265625 0.331188
v -0.496875 0.250000 0.425813
v -0.490625 0.250000 0.615063
v -0.496875 0.250000 0.378500
v -0.453125 0.250000 0.047313
v -0.459375 0.250000 0.094625
v -0.453125 0.250000 0.189250
v -0.450000 0.262500 0.615063
v -0.450000 0.256250 0.425813
v -0.450000 0.253125 0.141938
v -0.450000 0.253125 0.189250
v -0.450000 0.253125 0.236563
v -0.450000 0.259375 0.236563
v -0.450000 0.253125 0.331188
v -0.450000 0.253125 0.283875
v -0.450000 0.250000 0.236563
v -0.471875 0.268750 0.000000
v -0.471875 0.265625 0.000000
v -0.475000 0.265625 0.000000
v -0.468750 0.265625 0.000000
v -0.471875 0.262500 0.000000
v -0.471875 0.259375 0.000000
v -0.481250 0.284375 0.000000
v -0.496875 0.284375 0.757000
v -0.496875 0.287500 0.757000
v -0.500000 0.284375 0.757000
v -0.496875 0.290625 0.757000
v -0.496875 0.293750 0.757000
v -0.484375 0.256250 0.757000
v -0.456250 0.271875 0.757000
v -0.465625 0.271875 0.757000
v -0.456250 0.253125 0.757000
v -0.459375 0.253125 0.757000
v -0.459375 0.250000 0.757000
v -0.462500 0.253125 0.757000
v -0.468750 0.253125 0.757000
v -0.465625 0.253125 0.757000
v 0.490625 -0.250000 0.615062
v 0.496875 -0.250000 0.047312
v 0.500000 -0.250000 0.047312
v 0.456250 -0.250000 0.047312
v 0.459375 -0.250000 0.047312
v 0.453125 -0.250000 0.047312
v 0.459375 -0.250000 0.094625
v 0.462500 -0.250000 0.047312
v 0.468750 -0.250000 0.047312
v 0.465625 -0.250000 0.047312
v 0.465625 -0.250000 -0.000000
v 0.450000 -0.253125 0.425812
v 0.450000 -0.262500 0.615062
v 0.450000 -0.256250 0.425812
v 0.450000 -0.253125 0.378500
v 0.450000 -0.259375 0.236562
v 0.450000 -0.296875 0.047312
v 0.450000 -0.296875 0.189250
v 0.468750 -0.300000 0.425812
v 0.465625 -0.300000 0.425812
v 0.465625 -0.300000 0.378500
v 0.465625 -0.300000 0.473125
v 0.462500 -0.300000 0.425812
v 0.459375 -0.300000 0.425812
v 0.453125 -0.300000 0.141937
v 0.453125 -0.300000 0.189250
v 0.453125 -0.300000 0.236562
v 0.453125 -0.300000 0.331187
v 0.453125 -0.300000 0.283875
v 0.450000 -0.300000 0.236562
v 0.484375 -0.300000 0.283875
v 0.500000 -0.296875 0.520437
v 0.500000 -0.296875 0.567750
v 0.500000 -0.296875 0.473125
v 0.500000 -0.296875 0.615062
v 0.500000 -0.296875 0.662375
v 0.500000 -0.300000 0.615062
v 0.500000 -0.275000 0.047312
v 0.500000 -0.284375 0.094625
v 0.500000 -0.256250 0.331187
v 0.500000 -0.265625 0.331187
v 0.500000 -0.271875 0.047312
v 0.490625 -0.290625 -0.000000
v 0.453125 -0.253125 -0.000000
v 0.456250 -0.259375 -0.000000
v 0.462500 -0.253125 -0.000000
v 0.453125 -0.268750 0.757000
v 0.462500 -0.259375 0.757000
v 0.456250 -0.271875 0.757000
v 0.453125 -0.290625 0.757000
v 0.453125 -0.287500 0.757000
v 0.450000 -0.290625 0.757000
v 0.453125 -0.284375 0.757000
v 0.459375 -0.284375 0.757000
v 0.453125 -0.278125 0.757000
v 0.453125 -0.281250 0.757000
v 0.481250 0.300000 0.425812
v 0.484375 0.300000 0.425812
v 0.484375 0.300000 0.378500
v 0.484375 0.300000 0.473125
v 0.487500 0.300000 0.425812
v 0.490625 0.300000 0.425812
v 0.496875 0.300000 0.047312
v 0.500000 0.300000 0.047312
v 0.481250 0.300000 0.047312
v 0.484375 0.300000 0.047312
v 0.478125 0.300000 0.047312
v 0.487500 0.300000 0.047312
v 0.490625 0.300000 0.047312
v 0.490625 0.300000 -0.000000
v 0.465625 0.300000 0.283875
v 0.453125 0.300000 0.189250
v 0.450000 0.296875 0.141937
v 0.450000 0.296875 0.189250
v 0.450000 0.296875 0.236562
v 0.450000 0.296875 0.331187
v 0.450000 0.296875 0.283875
v 0.450000 0.300000 0.236562
v 0.450000 0.284375 0.094625
v 0.450000 0.256250 0.331187
v 0.450000 0.265625 0.331187
v 0.453125 0.250000 0.520437
v 0.453125 0.250000 0.567750
v 0.453125 0.250000 0.473125
v 0.453125 0.250000 0.615062
v 0.459375 0.250000 0.615062
v 0.453125 0.250000 0.662375
v 0.450000 0.250000 0.615062
v 0.490625 0.250000 0.094625
v 0.500000 0.262500 0.615062
v 0.500000 0.256250 0.425812
v 0.500000 0.259375 0.236562
v 0.500000 0.268750 0.047312
v 0.500000 0.265625 0.047312
v 0.500000 0.265625 -0.000000
v 0.500000 0.262500 0.047312
v 0.500000 0.256250 0.047312
v 0.500000 0.259375 0.047312
v 0.496875 0.253125 -0.000000
v 0.478125 0.268750 -0.000000
v 0.478125 0.265625 -0.000000
v 0.475000 0.265625 -0.000000
v 0.481250 0.265625 -0.000000
v 0.478125 0.262500 -0.000000
v 0.478125 0.259375 -0.000000
v 0.468750 0.284375 -0.000000
v 0.453125 0.256250 0.757000
v 0.462500 0.265625 0.757000
v 0.475000 0.253125 0.757000
v 0.465625 0.256250 0.757000
v 0.456250 0.253125 0.757000
v 0.493750 0.271875 0.757000
v 0.484375 0.271875 0.757000
v 0.478125 0.253125 0.757000
v 0.600000 -0.250000 0.797625
v 0.600000 0.300000 0.760125
v 0.600000 0.250000 0.760125
v 0.600000 0.250000 0.757000
v 0.600000 0.400000 0.760125
v 0.600000 0.250000 0.763250
v 0.600000 0.200000 0.760125
v 0.600000 0.100000 0.760125
v 0.600000 0.150000 0.760125
v -0.600000 0.200000 0.797625
v -0.600000 0.300000 0.785125
v -0.600000 0.250000 0.772625
v -0.525000 -0.400000 0.803875
v -0.150000 -0.400000 0.785125
v -0.225000 -0.400000 0.785125
v -0.225000 -0.400000 0.782000
v -0.225000 -0.400000 0.788250
v -0.300000 -0.400000 0.785125
v -0.375000 -0.400000 0.785125
v 0.225000 -0.400000 0.775750
v -0.225000 0.400000 0.769500
v -0.450000 0.400000 0.772625
v -0.525000 0.400000 0.763250
v -0.075000 0.400000 0.800750
v -0.075000 0.400000 0.791375
v 0.375000 -0.250000 0.757000
v -0.450000 0.250000 0.757000
v -0.525000 0.100000 0.807000
v -0.525000 0.050000 0.807000
v -0.300000 0.250000 0.807000
v -0.450000 0.050000 0.807000
v -0.525000 0.000000 0.807000
v -0.375000 -0.150000 0.807000
v -0.150000 -0.350000 0.807000
v -0.225000 -0.350000 0.807000
v -0.225000 -0.400000 0.807000
v -0.300000 -0.350000 0.807000
v -0.375000 -0.350000 0.807000
v -0.150000 0.250000 0.807000
v -0.225000 0.250000 0.807000
v -0.225000 0.300000 0.807000
v -0.075000 0.400000 0.788250
v -0.225000 0.400000 0.775750
v -0.225000 0.400000 0.772625
v -0.150000 0.400000 0.772625
v -0.225000 -0.400000 0.778875
v -0.225000 -0.400000 0.803875
v -0.600000 0.100000 0.797625
v -0.600000 0.150000 0.797625
v -0.600000 0.150000 0.800750
v 0.481250 0.271875 0.757000
v 0.468750 0.265625 0.757000
v 0.465625 0.265625 0.757000
v 0.465625 0.268750 0.757000
v 0.471875 0.265625 -0.000000
v 0.496875 0.265625 -0.000000
v 0.500000 0.268750 0.615062
v 0.500000 0.265625 0.615062
v 0.500000 0.265625 0.662375
v 0.450000 0.268750 0.331187
v 0.453125 0.300000 0.236562
v 0.484375 0.300000 0.331187
v 0.468750 -0.259375 0.757000
v 0.465625 -0.259375 0.757000
v 0.465625 -0.256250 0.757000
v 0.465625 -0.253125 -0.000000
v 0.500000 -0.268750 0.331187
v 0.465625 -0.300000 0.331187
v 0.450000 -0.296875 0.236562
v 0.450000 -0.268750 0.615062
v 0.450000 -0.265625 0.615062
v 0.450000 -0.265625 0.662375
v -0.468750 0.271875 0.757000
v -0.478125 0.265625 0.000000
v -0.450000 0.268750 0.615063
v -0.450000 0.265625 0.615063
v -0.450000 0.265625 0.662375
v -0.453125 0.250000 0.236563
v -0.500000 0.268750 0.331188
v -0.500000 0.284375 0.709688
v -0.465625 0.300000 0.331188
v -0.481250 -0.259375 0.757000
v -0.484375 -0.259375 0.757000
v -0.484375 -0.256250 0.757000
v -0.450000 -0.268750 0.331188
v -0.450000 -0.281250 0.236563
v -0.450000 -0.284375 0.236563
v -0.450000 -0.284375 0.283875
v -0.484375 -0.300000 0.331188
v -0.484375 -0.300000 0.709688
v -0.500000 -0.268750 0.615063
v -0.500000 -0.265625 0.615063
v -0.500000 -0.265625 0.662375
v -0.496875 -0.250000 0.615063
v -0.453125 -0.259375 0.000000
v -0.459375 -0.256250 0.757000
v -0.459375 -0.259375 0.757000
v -0.456250 -0.259375 0.757000
v -0.459375 0.250000 0.709688
v -0.450000 0.290625 0.662375
v -0.450000 0.290625 0.615063
v -0.450000 0.293750 0.615063
v 0.450000 -0.290625 0.709687
v 0.496875 -0.300000 0.615062
v 0.450000 0.253125 0.615062
v 0.490625 0.296875 -0.000000
v -0.600000 -0.250000 0.800750
v -0.600000 -0.250000 0.797625
v -0.600000 -0.300000 0.797625
v 0.525000 0.250000 0.757000
v 0.375000 0.300000 0.807000
v 0.375000 0.250000 0.807000
v 0.450000 0.250000 0.807000
v 0.600000 0.300000 0.803875
v 0.493750 -0.253125 -0.000000
v 0.496875 -0.256250 -0.000000
v -0.450000 -0.256250 0.709688
v -0.493750 -0.250000 0.709688
v -0.478125 -0.300000 0.331188
v -0.478125 -0.300000 0.378500
v -0.475000 -0.300000 0.331188
v -0.471875 -0.300000 0.378500
v -0.471875 -0.300000 0.331188
v -0.450000 -0.253125 0.283875
v -0.478125 -0.278125 0.000000
v -0.475000 -0.278125 0.000000
v -0.478125 -0.275000 0.000000
v -0.475000 -0.271875 0.000000
v -0.481250 -0.253125 0.757000
v -0.468750 0.300000 0.709688
v -0.478125 0.300000 0.331188
v -0.500000 0.278125 0.331188
v -0.500000 0.278125 0.378500
v -0.500000 0.275000 0.331188
v -0.500000 0.271875 0.378500
v -0.500000 0.253125 0.283875
v -0.478125 0.250000 0.283875
v -0.481250 0.271875 0.000000
v -0.478125 0.278125 0.000000
v -0.453125 0.268750 0.757000
v 0.478125 -0.250000 0.331187
v 0.478125 -0.250000 0.378500
v 0.475000 -0.250000 0.331187
v 0.471875 -0.250000 0.378500
v 0.450000 -0.271875 0.283875
v 0.478125 -0.300000 0.331187
v 0.500000 -0.278125 0.709687
v 0.500000 -0.278125 0.757000
v 0.500000 -0.275000 0.709687
v 0.500000 -0.253125 0.283875
v 0.496875 -0.278125 0.757000
v 0.478125 0.300000 0.709687
v 0.478125 0.300000 0.757000
v 0.475000 0.300000 0.709687
v 0.478125 0.300000 0.283875
v 0.471875 0.300000 0.331187
v 0.450000 0.253125 0.283875
v 0.500000 0.268750 0.709687
v 0.500000 0.300000 0.331187
v 0.500000 0.296875 0.331187
v 0.471875 0.278125 -0.000000
v 0.471875 0.296875 0.757000
v 0.471875 0.300000 0.757000
v 0.475000 0.296875 0.757000
v 0.496875 0.268750 0.757000
v -0.075000 -0.400000 0.778875
v -0.075000 -0.400000 0.782000
v 0.000000 -0.400000 0.778875
v 0.075000 -0.400000 0.782000
v 0.075000 -0.400000 0.778875
v -0.150000 0.400000 0.803875
v -0.075000 -0.050000 0.757000
v 0.000000 -0.050000 0.757000
v -0.075000 0.000000 0.757000
v 0.000000 0.050000 0.757000
v -0.150000 0.350000 0.807000
v 0.150000 -0.150000 0.807000
v 0.000000 0.150000 0.807000
v -0.075000 0.150000 0.807000
v -0.075000 0.100000 0.807000
v -0.375000 0.350000 0.807000
v -0.375000 0.400000 0.807000
v -0.450000 0.350000 0.807000
v -0.300000 0.350000 0.807000
v -0.150000 -0.250000 0.757000
v -0.375000 0.400000 0.794500
v -0.375000 0.400000 0.791375
v -0.450000 0.400000 0.791375
v -0.300000 0.400000 0.797625
v -0.375000 0.400000 0.803875
v -0.450000 0.400000 0.803875
v 0.450000 0.400000 0.766375
v 0.075000 -0.400000 0.769500
v 0.000000 -0.400000 0.766375
v 0.075000 -0.400000 0.766375
v 0.075000 -0.400000 0.772625
v -0.075000 -0.400000 0.766375
v -0.075000 -0.400000 0.763250
v -0.600000 -0.100000 0.772625
v -0.600000 0.000000 0.791375
v -0.600000 0.050000 0.791375
v -0.600000 0.050000 0.788250
v 0.600000 -0.250000 0.775750
v 0.487500 0.259375 0.757000
v 0.484375 0.259375 0.757000
v 0.484375 0.256250 0.757000
v 0.490625 0.262500 0.757000
v 0.500000 0.259375 0.757000
v 0.496875 0.259375 0.757000
v 0.496875 0.256250 0.757000
v 0.459375 0.293750 0.757000
v 0.462500 0.278125 -0.000000
v 0.459375 0.275000 -0.000000
v 0.459375 0.278125 -0.000000
v 0.465625 0.278125 -0.000000
v 0.459375 0.271875 -0.000000
v 0.456250 0.271875 -0.000000
v 0.500000 0.281250 0.236562
v 0.500000 0.275000 0.520437
v 0.500000 0.271875 0.520437
v 0.500000 0.271875 0.473125
v 0.500000 0.259375 0.709687
v 0.500000 0.256250 0.709687
v 0.500000 0.262500 0.709687
v 0.459375 0.250000 0.283875
v 0.450000 0.262500 0.141937
v 0.450000 0.265625 0.141937
v 0.450000 0.265625 0.094625
v 0.450000 0.259375 0.189250
v 0.450000 0.290625 0.662375
v 0.471875 0.300000 0.189250
v 0.475000 0.300000 0.141937
v 0.471875 0.300000 0.141937
v 0.471875 0.300000 0.236562
v 0.487500 0.300000 0.141937
v 0.490625 0.300000 0.141937
v 0.490625 0.300000 0.094625
v 0.484375 0.300000 0.189250
v 0.478125 0.300000 0.141937
v 0.478125 0.300000 0.094625
v 0.490625 0.300000 0.189250
v 0.493750 0.300000 0.141937
v 0.481250 -0.284375 0.757000
v 0.475000 -0.265625 0.757000
v 0.471875 -0.265625 0.757000
v 0.471875 -0.268750 0.757000
v 0.468750 -0.290625 -0.000000
v 0.500000 -0.262500 0.141937
v 0.500000 -0.265625 0.141937
v 0.500000 -0.265625 0.094625
v 0.500000 -0.259375 0.189250
v 0.500000 -0.290625 0.662375
v 0.478125 -0.300000 0.189250
v 0.475000 -0.300000 0.141937
v 0.478125 -0.300000 0.141937
v 0.478125 -0.300000 0.236562
v 0.471875 -0.300000 0.141937
v 0.471875 -0.300000 0.094625
v 0.450000 -0.281250 0.236562
v 0.450000 -0.262500 0.141937
v 0.450000 -0.259375 0.141937
v 0.450000 -0.259375 0.094625
v 0.450000 -0.265625 0.189250
v 0.450000 -0.259375 0.189250
v 0.450000 -0.256250 0.141937
v 0.450000 -0.275000 0.520437
v 0.450000 -0.271875 0.520437
v 0.450000 -0.271875 0.473125
v 0.490625 -0.250000 0.283875
v -0.462500 0.259375 0.757000
v -0.465625 0.259375 0.757000
v -0.465625 0.256250 0.757000
v -0.459375 0.262500 0.757000
v -0.490625 0.293750 0.757000
v -0.487500 0.278125 0.000000
v -0.490625 0.275000 0.000000
v -0.490625 0.278125 0.000000
v -0.484375 0.278125 0.000000
v -0.490625 0.262500 0.000000
v -0.490625 0.259375 0.000000
v -0.493750 0.259375 0.000000
v -0.487500 0.265625 0.000000
v -0.490625 0.271875 0.000000
v -0.493750 0.271875 0.000000
v -0.487500 0.259375 0.000000
v -0.490625 0.256250 0.000000
v -0.450000 0.281250 0.236563
v -0.450000 0.275000 0.520438
v -0.450000 0.271875 0.520438
v -0.450000 0.271875 0.473125
v -0.487500 0.250000 0.141938
v -0.490625 0.250000 0.141938
v -0.490625 0.250000 0.094625
v -0.484375 0.250000 0.189250
v -0.490625 0.250000 0.283875
v -0.490625 0.250000 0.189250
v -0.493750 0.250000 0.141938
v -0.500000 0.262500 0.141938
v -0.500000 0.265625 0.141938
v -0.500000 0.265625 0.094625
v -0.500000 0.259375 0.189250
v -0.500000 0.290625 0.662375
v -0.478125 0.300000 0.189250
v -0.475000 0.300000 0.141938
v -0.478125 0.300000 0.141938
v -0.478125 0.300000 0.236563
v -0.471875 0.300000 0.141938
v -0.471875 0.300000 0.094625
v -0.459375 0.300000 0.709688
v -0.459375 0.300000 0.757000
v -0.456250 0.300000 0.709688
v -0.462500 0.300000 0.709688
v -0.468750 -0.284375 0.757000
v -0.475000 -0.265625 0.757000
v -0.478125 -0.265625 0.757000
v -0.478125 -0.268750 0.757000
v -0.490625 -0.253125 0.757000
v -0.490625 -0.250000 0.757000
v -0.493750 -0.253125 0.757000
v -0.487500 -0.253125 0.757000
v -0.481250 -0.290625 0.000000
v -0.450000 -0.262500 0.141938
v -0.450000 -0.265625 0.141938
v -0.450000 -0.265625 0.094625
v -0.450000 -0.259375 0.189250
v -0.450000 -0.250000 0.141938
v -0.450000 -0.253125 0.141938
v -0.450000 -0.253125 0.094625
v -0.450000 -0.290625 0.662375
v -0.471875 -0.300000 0.189250
v -0.475000 -0.300000 0.141938
v -0.471875 -0.300000 0.141938
v -0.471875 -0.300000 0.236563
v -0.478125 -0.300000 0.141938
v -0.478125 -0.300000 0.094625
v -0.500000 -0.281250 0.236563
v -0.500000 -0.275000 0.520438
v -0.500000 -0.271875 0.520438
v -0.500000 -0.271875 0.473125
v -0.459375 -0.250000 0.283875
v -0.484375 -0.250000 0.709688
v -0.484375 -0.250000 0.757000
v -0.481250 -0.250000 0.709688
v -0.487500 -0.250000 0.709688
v -0.484375 -0.250000 0.520438
v -0.484375 -0.250000 0.567750
v -0.481250 -0.250000 0.520438
v -0.487500 -0.250000 0.520438
v -0.484375 -0.250000 0.473125
v -0.490625 -0.250000 0.567750
v -0.459375 -0.300000 0.520438
v -0.450000 -0.265625 0.709688
v -0.450000 -0.265625 0.757000
v -0.450000 -0.268750 0.709688
v -0.450000 -0.262500 0.709688
v -0.453125 -0.265625 0.757000
v -0.453125 -0.268750 0.757000
v -0.490625 0.300000 0.520438
v -0.450000 0.300000 0.520438
v -0.450000 0.296875 0.520438
v -0.450000 0.296875 0.473125
v -0.465625 0.290625 0.000000
v -0.465625 0.296875 0.757000
v -0.465625 0.300000 0.757000
v -0.468750 0.296875 0.757000
v -0.462500 0.296875 0.757000
v 0.484375 -0.300000 0.520437
v 0.484375 -0.300000 0.567750
v 0.481250 -0.300000 0.520437
v 0.487500 -0.300000 0.520437
v 0.484375 -0.300000 0.473125
v 0.490625 -0.300000 0.567750
v 0.490625 -0.300000 0.520437
v 0.484375 -0.265625 -0.000000
v 0.487500 -0.265625 -0.000000
v 0.484375 -0.268750 -0.000000
v 0.484375 -0.262500 -0.000000
v 0.481250 -0.265625 -0.000000
v 0.487500 -0.259375 -0.000000
v 0.459375 0.300000 0.520437
v 0.450000 0.265625 0.520437
v 0.450000 0.265625 0.567750
v 0.450000 0.268750 0.520437
v 0.450000 0.262500 0.520437
v 0.450000 0.265625 0.473125
v 0.450000 0.259375 0.567750
v 0.484375 0.290625 -0.000000
v 0.600000 0.150000 0.803875
v 0.600000 0.150000 0.807000
v 0.600000 0.100000 0.803875
v 0.600000 0.200000 0.803875
v 0.600000 0.150000 0.791375
v 0.600000 0.150000 0.794500
v 0.600000 0.100000 0.791375
v 0.600000 0.200000 0.791375
v 0.600000 0.150000 0.788250
v 0.600000 0.250000 0.794500
v 0.375000 -0.400000 0.791375
v 0.525000 0.150000 0.807000
v 0.525000 0.100000 0.807000
v 0.525000 0.050000 0.807000
v 0.525000 0.200000 0.807000
v 0.075000 0.150000 0.807000
v 0.075000 0.200000 0.807000
v 0.075000 0.250000 0.807000
v 0.225000 0.250000 0.807000
v 0.075000 0.300000 0.807000
v 0.000000 0.250000 0.807000
v 0.075000 0.050000 0.757000
v 0.075000 0.000000 0.757000
v 0.375000 -0.400000 0.788250
v 0.075000 -0.400000 0.785125
v 0.000000 -0.400000 0.785125
v -0.600000 -0.050000 0.791375
v -0.600000 -0.050000 0.794500
v -0.600000 -0.050000 0.797625
v -0.600000 -0.150000 0.797625
v -0.600000 -0.050000 0.800750
v -0.600000 0.000000 0.797625
v 0.600000 0.100000 0.785125
v 0.600000 0.050000 0.788250
v 0.600000 0.200000 0.797625
v 0.600000 0.050000 0.803875
v 0.481250 0.290625 -0.000000
v 0.500000 0.300000 0.425812
v 0.500000 0.296875 0.378500
v 0.500000 0.278125 0.520437
v 0.500000 0.278125 0.567750
v 0.500000 0.278125 0.615062
v 0.500000 0.284375 0.615062
v 0.500000 0.278125 0.662375
v 0.500000 0.275000 0.615062
v 0.450000 0.268750 0.425812
v 0.450000 0.271875 0.473125
v 0.450000 0.262500 0.615062
v 0.459375 0.300000 0.473125
v 0.500000 -0.271875 0.757000
v 0.496875 -0.275000 0.757000
v 0.478125 -0.265625 0.757000
v 0.478125 -0.262500 0.757000
v 0.478125 -0.259375 0.757000
v 0.484375 -0.259375 0.757000
v 0.478125 -0.256250 0.757000
v 0.475000 -0.259375 0.757000
v 0.478125 -0.268750 -0.000000
v 0.481250 -0.271875 -0.000000
v 0.490625 -0.262500 -0.000000
v 0.490625 -0.300000 0.473125
v 0.481250 -0.300000 0.425812
v 0.478125 -0.300000 0.473125
v 0.487500 -0.300000 0.615062
v 0.450000 -0.278125 0.520437
v 0.450000 -0.278125 0.567750
v 0.450000 -0.278125 0.615062
v 0.450000 -0.284375 0.615062
v 0.450000 -0.278125 0.662375
v 0.450000 -0.275000 0.615062
v 0.471875 -0.250000 0.425812
v 0.475000 -0.250000 0.425812
v -0.471875 0.296875 0.757000
v -0.468750 0.290625 0.000000
v -0.450000 0.296875 0.425813
v -0.450000 0.296875 0.567750
v -0.450000 0.278125 0.520438
v -0.450000 0.278125 0.567750
v -0.450000 0.278125 0.615063
v -0.450000 0.284375 0.615063
v -0.450000 0.278125 0.662375
v -0.450000 0.275000 0.615063
v -0.500000 0.271875 0.425813
v -0.500000 0.275000 0.425813
v -0.490625 0.300000 0.473125
v -0.453125 -0.271875 0.757000
v -0.453125 -0.262500 0.757000
v -0.471875 -0.265625 0.757000
v -0.471875 -0.262500 0.757000
v -0.471875 -0.259375 0.757000
v -0.465625 -0.259375 0.757000
v -0.471875 -0.256250 0.757000
v -0.475000 -0.259375 0.757000
v -0.471875 -0.271875 0.000000
v -0.471875 -0.275000 0.000000
v -0.450000 -0.271875 0.709688
v -0.459375 -0.300000 0.473125
v -0.471875 -0.300000 0.425813
v -0.475000 -0.300000 0.425813
v -0.500000 -0.278125 0.520438
v -0.500000 -0.278125 0.567750
v -0.500000 -0.278125 0.615063
v -0.500000 -0.284375 0.615063
v -0.500000 -0.278125 0.662375
v -0.500000 -0.275000 0.615063
v -0.481250 -0.250000 0.425813
v -0.478125 -0.250000 0.473125
v -0.487500 -0.250000 0.615063
v -0.478125 -0.250000 0.709688
v -0.453125 -0.250000 0.141938
v -0.453125 -0.250000 0.189250
v -0.453125 -0.250000 0.094625
v -0.456250 -0.250000 0.236563
v -0.453125 -0.250000 0.236563
v -0.453125 -0.250000 0.331188
v -0.453125 -0.250000 0.283875
v -0.450000 -0.250000 0.236563
v -0.493750 -0.250000 0.141938
v -0.500000 -0.271875 0.425813
v -0.500000 -0.271875 0.567750
v -0.500000 -0.284375 0.236563
v -0.481250 -0.300000 0.520438
v -0.478125 -0.300000 0.047313
v -0.478125 -0.300000 0.189250
v -0.471875 -0.300000 0.094625
v -0.456250 -0.300000 0.047313
v -0.459375 -0.300000 0.047313
v -0.459375 -0.300000 0.000000
v -0.450000 -0.300000 0.047313
v -0.453125 -0.300000 0.000000
v -0.462500 -0.300000 0.047313
v -0.468750 -0.300000 0.047313
v -0.465625 -0.300000 0.047313
v -0.465625 -0.300000 0.000000
v -0.450000 -0.293750 0.615063
v -0.450000 -0.296875 0.047313
v -0.450000 -0.281250 0.141938
v -0.450000 -0.296875 0.000000
v -0.450000 -0.259375 0.283875
v -0.450000 -0.262500 0.236563
v -0.450000 -0.259375 0.236563
v -0.450000 -0.265625 0.189250
v -0.450000 -0.268750 0.141938
v -0.450000 -0.253125 0.047313
v -0.450000 -0.253125 0.189250
v -0.465625 -0.296875 0.000000
v -0.462500 -0.296875 0.000000
v -0.468750 -0.296875 0.000000
v -0.459375 -0.296875 0.000000
v -0.456250 -0.296875 0.000000
v -0.484375 -0.293750 0.000000
v -0.490625 -0.256250 0.000000
v -0.496875 -0.253125 0.757000
v -0.478125 -0.271875 0.757000
v -0.478125 -0.262500 0.757000
v -0.465625 -0.284375 0.757000
v -0.453125 0.300000 0.520438
v -0.453125 0.300000 0.567750
v -0.453125 0.300000 0.473125
v -0.453125 0.300000 0.615063
v -0.453125 0.300000 0.709688
v -0.453125 0.300000 0.662375
v -0.450000 0.300000 0.615063
v -0.468750 0.300000 0.520438
v -0.471875 0.300000 0.189250
v -0.478125 0.300000 0.094625
v -0.500000 0.293750 0.615063
v -0.500000 0.275000 0.047313
v -0.500000 0.278125 0.000000
v -0.500000 0.281250 0.141938
v -0.500000 0.259375 0.283875
v -0.500000 0.262500 0.236563
v -0.500000 0.259375 0.236563
v -0.500000 0.265625 0.189250
v -0.500000 0.271875 0.047313
v -0.500000 0.268750 0.141938
v -0.500000 0.271875 0.000000
v -0.496875 0.250000 0.094625
v -0.493750 0.250000 0.236563
v -0.487500 0.250000 0.236563
v -0.450000 0.250000 0.047313
v -0.453125 0.250000 0.000000
v -0.456250 0.250000 0.141938
v -0.450000 0.271875 0.425813
v -0.450000 0.271875 0.567750
v -0.450000 0.253125 0.047313
v -0.450000 0.253125 0.000000
v -0.450000 0.284375 0.236563
v -0.465625 0.268750 0.000000
v -0.493750 0.253125 0.000000
v -0.484375 0.262500 0.000000
v -0.496875 0.275000 0.000000
v -0.487500 0.271875 0.000000
v -0.496875 0.256250 0.000000
v -0.493750 0.278125 0.000000
v -0.496875 0.278125 0.000000
v -0.493750 0.290625 0.757000
v -0.481250 0.259375 0.757000
v -0.459375 0.268750 0.757000
v -0.462500 0.265625 0.757000
v -0.459375 0.265625 0.757000
v -0.465625 0.262500 0.757000
v -0.468750 0.259375 0.757000
v 0.493750 -0.250000 0.236562
v 0.456250 -0.250000 0.141937
v 0.450000 -0.271875 0.425812
v 0.450000 -0.271875 0.567750
v 0.450000 -0.253125 0.094625
v 0.450000 -0.262500 0.236562
v 0.450000 -0.268750 0.047312
v 0.450000 -0.265625 0.047312
v 0.450000 -0.265625 -0.000000
v 0.450000 -0.262500 0.047312
v 0.450000 -0.256250 0.047312
v 0.450000 -0.259375 0.047312
v 0.450000 -0.259375 -0.000000
v 0.450000 -0.284375 0.236562
v 0.468750 -0.300000 0.520437
v 0.471875 -0.300000 0.047312
v 0.475000 -0.300000 0.047312
v 0.471875 -0.300000 -0.000000
v 0.471875 -0.300000 0.189250
v 0.478125 -0.300000 0.094625
v 0.478125 -0.300000 0.047312
v 0.500000 -0.300000 0.047312
v 0.496875 -0.300000 -0.000000
v 0.478125 -0.300000 -0.000000
v 0.500000 -0.293750 0.615062
v 0.500000 -0.296875 0.047312
v 0.500000 -0.281250 0.141937
v 0.500000 -0.296875 -0.000000
v 0.500000 -0.259375 0.283875
v 0.500000 -0.262500 0.236562
v 0.500000 -0.259375 0.236562
v 0.500000 -0.265625 0.189250
v 0.500000 -0.268750 0.141937
v 0.478125 -0.296875 -0.000000
v 0.475000 -0.296875 -0.000000
v 0.465625 -0.293750 -0.000000
v 0.453125 -0.256250 -0.000000
v 0.453125 -0.259375 -0.000000
v 0.453125 -0.262500 -0.000000
v 0.459375 -0.256250 -0.000000
v 0.453125 -0.268750 -0.000000
v 0.453125 -0.265625 -0.000000
v 0.471875 -0.271875 0.757000
v 0.471875 -0.262500 0.757000
v 0.484375 -0.284375 0.757000
v 0.496875 0.300000 0.425812
v 0.481250 0.300000 0.520437
v 0.496875 0.300000 0.378500
v 0.487500 0.300000 0.236562
v 0.478125 0.300000 0.189250
v 0.493750 0.300000 0.047312
v 0.471875 0.300000 0.094625
v 0.450000 0.293750 0.615062
v 0.450000 0.281250 0.141937
v 0.450000 0.259375 0.283875
v 0.450000 0.262500 0.236562
v 0.450000 0.259375 0.236562
v 0.450000 0.265625 0.189250
v 0.450000 0.268750 0.141937
v 0.450000 0.256250 0.047312
v 0.450000 0.259375 0.047312
v 0.450000 0.259375 -0.000000
v 0.450000 0.262500 0.047312
v 0.450000 0.268750 0.047312
v 0.450000 0.265625 0.047312
v 0.450000 0.265625 -0.000000
v 0.456250 0.250000 0.236562
v 0.468750 0.250000 0.047312
v 0.465625 0.250000 0.047312
v 0.465625 0.250000 -0.000000
v 0.462500 0.250000 0.047312
v 0.456250 0.250000 0.047312
v 0.459375 0.250000 0.047312
v 0.459375 0.250000 -0.000000
v 0.500000 0.250000 0.047312
v 0.496875 0.250000 -0.000000
v 0.493750 0.250000 0.141937
v 0.500000 0.253125 0.709687
v 0.500000 0.271875 0.425812
v 0.500000 0.271875 0.567750
v 0.500000 0.253125 0.047312
v 0.500000 0.253125 -0.000000
v 0.500000 0.284375 0.236562
v 0.484375 0.268750 -0.000000
v 0.459375 0.253125 -0.000000
v 0.462500 0.253125 -0.000000
v 0.465625 0.253125 -0.000000
v 0.471875 0.253125 -0.000000
v 0.468750 0.253125 -0.000000
v 0.453125 0.268750 -0.000000
v 0.453125 0.265625 -0.000000
v 0.453125 0.271875 -0.000000
v 0.453125 0.262500 -0.000000
v 0.462500 0.271875 -0.000000
v 0.453125 0.259375 -0.000000
v 0.456250 0.278125 -0.000000
v 0.456250 0.290625 0.757000
v 0.468750 0.259375 0.757000
v 0.490625 0.268750 0.757000
v 0.487500 0.265625 0.757000
v 0.490625 0.265625 0.757000
v 0.484375 0.262500 0.757000
v 0.481250 0.259375 0.757000
v 0.496875 0.253125 0.757000
v 0.496875 0.262500 0.757000
v 0.600000 -0.350000 0.760125
v 0.600000 -0.400000 0.760125
v 0.600000 -0.300000 0.772625
v 0.600000 -0.350000 0.757000
v 0.600000 0.300000 0.766375
v -0.600000 0.050000 0.785125
v -0.600000 0.050000 0.794500
v -0.600000 0.350000 0.766375
v -0.600000 0.350000 0.769500
v -0.600000 0.400000 0.766375
v -0.600000 0.350000 0.763250
v -0.600000 0.350000 0.772625
v -0.600000 0.350000 0.778875
v -0.600000 0.350000 0.775750
v -0.600000 0.400000 0.772625
v -0.600000 -0.150000 0.772625
v -0.150000 -0.400000 0.791375
v -0.075000 -0.400000 0.760125
v -0.075000 -0.400000 0.769500
v 0.075000 -0.400000 0.763250
v 0.450000 -0.400000 0.760125
v 0.375000 -0.400000 0.760125
v 0.375000 -0.400000 0.757000
v 0.525000 -0.400000 0.757000
v 0.300000 -0.400000 0.760125
v 0.150000 -0.400000 0.760125
v 0.225000 -0.400000 0.760125
v 0.225000 -0.400000 0.757000
v 0.375000 0.400000 0.763250
v -0.525000 0.400000 0.775750
v -0.525000 0.400000 0.772625
v -0.525000 0.400000 0.769500
v -0.375000 0.400000 0.775750
v -0.525000 0.400000 0.766375
v -0.150000 0.400000 0.797625
v -0.225000 0.400000 0.794500
v -0.225000 0.400000 0.797625
v -0.300000 0.400000 0.791375
v -0.375000 0.400000 0.788250
v -0.525000 0.400000 0.803875
v -0.300000 0.400000 0.803875
v 0.225000 -0.350000 0.757000
v 0.300000 -0.350000 0.757000
v 0.150000 -0.350000 0.757000
v 0.375000 -0.350000 0.757000
v 0.450000 -0.350000 0.757000
v -0.225000 -0.300000 0.757000
v -0.375000 0.300000 0.757000
v -0.525000 0.350000 0.807000
v -0.075000 0.050000 0.807000
v -0.075000 0.200000 0.807000
v 0.225000 -0.150000 0.807000
v -0.075000 0.250000 0.807000
v -0.225000 0.350000 0.807000
v -0.225000 0.400000 0.807000
v -0.225000 0.400000 0.800750
v -0.225000 0.400000 0.803875
v 0.075000 -0.400000 0.775750
v 0.000000 -0.400000 0.772625
v -0.075000 -0.400000 0.772625
v -0.600000 0.050000 0.797625
v 0.493750 0.265625 0.757000
v 0.496875 0.265625 0.757000
v 0.500000 0.265625 0.757000
v 0.468750 0.278125 -0.000000
v 0.465625 0.275000 -0.000000
v 0.465625 0.271875 -0.000000
v 0.500000 0.271875 0.615062
v 0.500000 0.265625 0.709687
v 0.450000 0.256250 0.236562
v 0.471875 0.300000 0.283875
v 0.475000 0.300000 0.236562
v 0.481250 0.300000 0.236562
v 0.484375 0.300000 0.236562
v 0.478125 0.300000 0.236562
v 0.484375 0.300000 0.283875
v 0.471875 -0.259375 0.757000
v 0.500000 -0.256250 0.236562
v 0.478125 -0.300000 0.283875
v 0.475000 -0.300000 0.236562
v 0.471875 -0.300000 0.236562
v 0.450000 -0.268750 0.236562
v 0.450000 -0.265625 0.236562
v 0.450000 -0.265625 0.283875
v 0.450000 -0.271875 0.615062
v -0.456250 0.265625 0.757000
v -0.481250 0.278125 0.000000
v -0.484375 0.275000 0.000000
v -0.484375 0.268750 0.000000
v -0.484375 0.265625 0.000000
v -0.484375 0.271875 0.000000
v -0.481250 0.265625 0.000000
v -0.450000 0.271875 0.615063
v -0.481250 0.250000 0.236563
v -0.484375 0.250000 0.236563
v -0.484375 0.250000 0.283875
v -0.500000 0.256250 0.236563
v -0.478125 0.300000 0.283875
v -0.475000 0.300000 0.236563
v -0.471875 0.300000 0.236563
v -0.465625 0.300000 0.709688
v -0.478125 -0.259375 0.757000
v -0.484375 -0.253125 0.757000
v -0.450000 -0.256250 0.236563
v -0.450000 -0.253125 0.236563
v -0.471875 -0.300000 0.283875
v -0.475000 -0.300000 0.236563
v -0.478125 -0.300000 0.236563
v -0.500000 -0.271875 0.615063
v -0.490625 -0.250000 0.709688
v -0.490625 -0.250000 0.662375
v -0.490625 -0.250000 0.615063
v -0.493750 -0.250000 0.615063
v -0.450000 -0.259375 0.709688
v -0.450000 -0.259375 0.757000
v -0.453125 -0.259375 0.757000
v -0.450000 0.296875 0.615063
v -0.459375 0.296875 0.757000
v 0.490625 -0.300000 0.662375
v 0.490625 -0.300000 0.615062
v 0.493750 -0.300000 0.615062
v 0.493750 -0.259375 -0.000000
v 0.490625 -0.259375 -0.000000
v 0.490625 -0.256250 -0.000000
v 0.450000 0.259375 0.662375
v 0.450000 0.259375 0.615062
v 0.450000 0.256250 0.615062
v 0.600000 0.250000 0.803875
v 0.600000 0.250000 0.807000
v 0.600000 0.250000 0.800750
v 0.600000 0.250000 0.797625
v 0.600000 0.300000 0.797625
v 0.525000 0.250000 0.807000
v 0.525000 0.400000 0.800750
v 0.450000 -0.400000 0.803875
v 0.496875 0.293750 0.757000
v 0.493750 0.296875 0.757000
v 0.453125 0.300000 0.662375
v 0.450000 -0.296875 0.662375
v -0.453125 0.250000 0.662375
v -0.500000 0.256250 0.709688
v -0.450000 -0.253125 0.662375
v -0.456250 -0.300000 0.709688
v -0.471875 -0.250000 0.662375
v -0.500000 -0.268750 0.709688
v -0.500000 -0.268750 0.331188
v -0.500000 -0.300000 0.331188
v -0.500000 -0.296875 0.331188
v -0.456250 -0.278125 0.000000
v -0.478125 -0.250000 0.000000
v -0.478125 -0.253125 0.000000
v -0.481250 -0.278125 0.757000
v -0.500000 0.300000 0.331188
v -0.496875 0.300000 0.331188
v -0.478125 0.250000 0.662375
v -0.450000 0.268750 0.331188
v -0.453125 0.271875 0.000000
v -0.450000 0.271875 0.000000
v -0.453125 0.275000 0.000000
v -0.478125 0.271875 0.757000
v -0.478125 0.275000 0.757000
v -0.475000 0.271875 0.757000
v -0.471875 0.275000 0.757000
v 0.478125 -0.250000 0.662375
v 0.450000 -0.268750 0.331187
v 0.471875 -0.300000 0.709687
v 0.471875 -0.300000 0.757000
v 0.475000 -0.300000 0.709687
v 0.500000 -0.278125 0.331187
v 0.500000 -0.278125 0.378500
v 0.500000 -0.275000 0.331187
v 0.500000 -0.271875 0.378500
v 0.496875 -0.281250 -0.000000
v 0.493750 -0.278125 -0.000000
v 0.468750 -0.278125 0.757000
v 0.471875 -0.281250 0.757000
v 0.450000 0.278125 0.709687
v 0.450000 0.278125 0.757000
v 0.450000 0.275000 0.709687
v 0.468750 0.250000 0.709687
v 0.471875 0.250000 0.662375
v 0.500000 0.250000 0.331187
v 0.496875 0.250000 0.331187
v 0.500000 0.268750 0.331187
v 0.500000 0.271875 0.283875
v 0.600000 -0.050000 0.800750
v -0.600000 0.100000 0.803875
v -0.600000 0.100000 0.778875
v 0.600000 -0.400000 0.778875
v 0.525000 -0.400000 0.778875
v 0.525000 0.400000 0.775750
v 0.450000 -0.050000 0.757000
v -0.075000 0.400000 0.757000
v -0.075000 0.350000 0.757000
v -0.150000 -0.050000 0.807000
v -0.375000 -0.050000 0.807000
v -0.375000 0.000000 0.807000
v -0.450000 -0.050000 0.807000
v -0.300000 -0.050000 0.807000
v -0.225000 0.150000 0.807000
v 0.225000 -0.200000 0.757000
v 0.225000 -0.250000 0.757000
v 0.150000 -0.250000 0.757000
v 0.300000 -0.150000 0.757000
v 0.300000 -0.250000 0.757000
v 0.225000 -0.300000 0.757000
v -0.375000 0.400000 0.797625
v 0.525000 0.400000 0.766375
v 0.600000 0.400000 0.766375
v 0.525000 0.400000 0.763250
v 0.525000 0.400000 0.769500
v 0.375000 -0.400000 0.782000
v 0.300000 -0.400000 0.778875
v 0.375000 -0.400000 0.778875
v -0.225000 -0.400000 0.766375
v -0.600000 0.250000 0.778875
v -0.600000 0.250000 0.782000
v -0.600000 0.300000 0.778875
v -0.600000 0.200000 0.778875
v -0.600000 0.150000 0.791375
v -0.600000 0.250000 0.803875
v -0.600000 0.250000 0.807000
v -0.600000 0.300000 0.803875
v -0.600000 0.200000 0.803875
v 0.600000 0.350000 0.766375
v 0.600000 0.350000 0.763250
v 0.600000 -0.200000 0.791375
v 0.600000 -0.250000 0.791375
v 0.600000 -0.250000 0.788250
v 0.600000 -0.150000 0.794500
v 0.600000 -0.250000 0.794500
v 0.600000 -0.300000 0.791375
v 0.490625 0.259375 0.757000
v 0.475000 0.290625 -0.000000
v 0.471875 0.287500 -0.000000
v 0.471875 0.290625 -0.000000
v 0.459375 0.265625 -0.000000
v 0.500000 0.262500 0.141937
v 0.500000 0.259375 0.141937
v 0.500000 0.259375 0.094625
v 0.500000 0.265625 0.189250
v 0.500000 0.259375 0.331187
v 0.500000 0.259375 0.378500
v 0.500000 0.256250 0.331187
v 0.500000 0.262500 0.331187
v 0.500000 0.259375 0.189250
v 0.500000 0.256250 0.141937
v 0.500000 0.265625 0.520437
v 0.462500 0.250000 0.520437
v 0.459375 0.250000 0.520437
v 0.459375 0.250000 0.473125
v 0.465625 0.250000 0.567750
v 0.459375 0.250000 0.709687
v 0.459375 0.250000 0.757000
v 0.456250 0.250000 0.709687
v 0.462500 0.250000 0.709687
v 0.459375 0.250000 0.567750
v 0.456250 0.250000 0.520437
v 0.450000 0.259375 0.141937
v 0.459375 0.300000 0.378500
v 0.462500 0.300000 0.331187
v 0.459375 0.300000 0.331187
v 0.484375 0.300000 0.141937
v 0.462500 -0.290625 0.757000
v 0.459375 -0.290625 0.757000
v 0.459375 -0.293750 0.757000
v 0.465625 -0.287500 0.757000
v 0.459375 -0.278125 0.757000
v 0.459375 -0.275000 0.757000
v 0.456250 -0.278125 0.757000
v 0.462500 -0.278125 0.757000
v 0.459375 -0.287500 0.757000
v 0.456250 -0.290625 0.757000
v 0.465625 -0.265625 0.757000
v 0.484375 -0.287500 -0.000000
v 0.484375 -0.290625 -0.000000
v 0.481250 -0.290625 -0.000000
v 0.487500 -0.284375 -0.000000
v 0.496875 -0.290625 -0.000000
v 0.500000 -0.290625 -0.000000
v 0.496875 -0.293750 -0.000000
v 0.496875 -0.287500 -0.000000
v 0.487500 -0.290625 -0.000000
v 0.484375 -0.293750 -0.000000
v 0.500000 -0.259375 0.141937
v 0.490625 -0.300000 0.378500
v 0.487500 -0.300000 0.331187
v 0.490625 -0.300000 0.331187
v 0.465625 -0.300000 0.141937
v 0.450000 -0.259375 0.331187
v 0.450000 -0.259375 0.378500
v 0.450000 -0.256250 0.331187
v 0.450000 -0.262500 0.331187
v 0.450000 -0.265625 0.520437
v 0.450000 -0.250000 0.141937
v 0.453125 -0.250000 0.141937
v 0.453125 -0.250000 0.094625
v 0.487500 -0.250000 0.520437
v 0.490625 -0.250000 0.520437
v 0.490625 -0.250000 0.473125
v 0.484375 -0.250000 0.567750
v 0.490625 -0.250000 0.567750
v 0.493750 -0.250000 0.520437
v -0.459375 0.259375 0.757000
v -0.490625 0.300000 0.000000
v -0.490625 0.296875 0.000000
v -0.493750 0.296875 0.000000
v -0.475000 0.290625 0.000000
v -0.478125 0.287500 0.000000
v -0.478125 0.290625 0.000000
v -0.490625 0.265625 0.000000
v -0.450000 0.259375 0.331188
v -0.450000 0.259375 0.378500
v -0.450000 0.256250 0.331188
v -0.450000 0.262500 0.331188
v -0.450000 0.265625 0.520438
v -0.487500 0.250000 0.520438
v -0.490625 0.250000 0.520438
v -0.490625 0.250000 0.473125
v -0.484375 0.250000 0.567750
v -0.490625 0.250000 0.567750
v -0.493750 0.250000 0.520438
v -0.500000 0.259375 0.141938
v -0.500000 0.250000 0.141938
v -0.500000 0.253125 0.141938
v -0.500000 0.253125 0.094625
v -0.490625 0.300000 0.378500
v -0.487500 0.300000 0.331188
v -0.490625 0.300000 0.331188
v -0.465625 0.300000 0.141938
v -0.490625 -0.278125 0.757000
v -0.490625 -0.275000 0.757000
v -0.493750 -0.278125 0.757000
v -0.487500 -0.278125 0.757000
v -0.484375 -0.265625 0.757000
v -0.465625 -0.287500 0.000000
v -0.465625 -0.290625 0.000000
v -0.468750 -0.290625 0.000000
v -0.462500 -0.284375 0.000000
v -0.462500 -0.290625 0.000000
v -0.465625 -0.293750 0.000000
v -0.450000 -0.259375 0.141938
v -0.450000 -0.300000 0.141938
v -0.453125 -0.300000 0.141938
v -0.453125 -0.300000 0.094625
v -0.459375 -0.300000 0.378500
v -0.462500 -0.300000 0.331188
v -0.459375 -0.300000 0.331188
v -0.484375 -0.300000 0.141938
v -0.500000 -0.259375 0.331188
v -0.500000 -0.259375 0.378500
v -0.500000 -0.256250 0.331188
v -0.500000 -0.262500 0.331188
v -0.500000 -0.265625 0.520438
v -0.500000 -0.259375 0.709688
v -0.500000 -0.259375 0.757000
v -0.500000 -0.256250 0.709688
v -0.500000 -0.262500 0.709688
v -0.462500 -0.250000 0.520438
v -0.459375 -0.250000 0.520438
v -0.459375 -0.250000 0.473125
v -0.465625 -0.250000 0.567750
v -0.459375 -0.250000 0.567750
v -0.456250 -0.250000 0.520438
v -0.484375 -0.250000 0.662375
v -0.465625 -0.300000 0.709688
v -0.465625 -0.300000 0.757000
v -0.468750 -0.300000 0.709688
v -0.462500 -0.300000 0.709688
v -0.450000 -0.265625 0.520438
v -0.450000 -0.265625 0.567750
v -0.450000 -0.268750 0.520438
v -0.450000 -0.262500 0.520438
v -0.450000 -0.265625 0.473125
v -0.450000 -0.259375 0.567750
v -0.456250 -0.265625 0.000000
v -0.500000 0.265625 0.709688
v -0.500000 0.265625 0.757000
v -0.500000 0.268750 0.709688
v -0.500000 0.262500 0.709688
v -0.465625 0.250000 0.662375
v -0.450000 0.250000 0.520438
v -0.453125 0.250000 0.520438
v -0.453125 0.250000 0.473125
v 0.465625 -0.250000 0.662375
v 0.450000 -0.300000 0.520437
v 0.450000 -0.296875 0.520437
v 0.450000 -0.296875 0.473125
v 0.493750 -0.265625 -0.000000
v 0.484375 -0.250000 -0.000000
v 0.484375 -0.253125 -0.000000
v 0.481250 -0.253125 -0.000000
v 0.450000 0.300000 0.520437
v 0.453125 0.300000 0.520437
v 0.453125 0.300000 0.473125
v 0.484375 0.250000 0.662375
v 0.496875 0.284375 -0.000000
v 0.500000 0.284375 -0.000000
v 0.496875 0.281250 -0.000000
v 0.496875 0.287500 -0.000000
v 0.484375 0.284375 0.757000
v 0.484375 0.287500 0.757000
v 0.481250 0.284375 0.757000
v 0.487500 0.284375 0.757000
v 0.484375 0.281250 0.757000
v 0.490625 0.287500 0.757000
v 0.600000 0.150000 0.800750
v 0.225000 -0.400000 0.803875
v 0.225000 -0.400000 0.807000
v 0.150000 -0.400000 0.803875
v 0.300000 -0.400000 0.803875
v 0.225000 0.400000 0.791375
v 0.300000 0.400000 0.791375
v 0.225000 0.400000 0.788250
v 0.225000 0.400000 0.794500
v 0.150000 0.400000 0.791375
v 0.300000 0.400000 0.797625
v 0.450000 0.150000 0.757000
v 0.075000 0.400000 0.757000
v 0.000000 0.350000 0.757000
v 0.375000 0.100000 0.757000
v 0.075000 0.400000 0.788250
v 0.150000 0.400000 0.785125
v 0.375000 0.400000 0.794500
v 0.450000 -0.400000 0.785125
v 0.375000 -0.400000 0.785125
v 0.600000 -0.400000 0.785125
v 0.525000 -0.400000 0.782000
v 0.300000 -0.400000 0.785125
v 0.450000 -0.400000 0.791375
v 0.225000 -0.400000 0.785125
v 0.225000 -0.400000 0.782000
v 0.075000 -0.400000 0.803875
v 0.600000 0.100000 0.797625
v 0.481250 0.278125 0.757000
v 0.478125 0.281250 0.757000
v 0.487500 0.290625 0.757000
v 0.478125 0.293750 -0.000000
v 0.478125 0.290625 -0.000000
v 0.478125 0.287500 -0.000000
v 0.484375 0.293750 -0.000000
v 0.478125 0.284375 -0.000000
v 0.475000 0.284375 -0.000000
v 0.496875 0.278125 -0.000000
v 0.500000 0.250000 0.425812
v 0.496875 0.250000 0.378500
v 0.481250 0.250000 0.615062
v 0.450000 0.271875 0.757000
v 0.456250 0.300000 0.425812
v 0.459375 0.300000 0.425812
v 0.453125 0.300000 0.425812
v 0.462500 0.300000 0.425812
v 0.456250 0.300000 0.520437
v 0.453125 0.300000 0.567750
v 0.465625 0.300000 0.425812
v 0.465625 0.300000 0.378500
v 0.478125 -0.253125 -0.000000
v 0.487500 -0.253125 -0.000000
v 0.490625 -0.268750 -0.000000
v 0.500000 -0.271875 0.425812
v 0.500000 -0.275000 0.425812
v 0.493750 -0.300000 0.425812
v 0.490625 -0.300000 0.425812
v 0.487500 -0.300000 0.425812
v 0.493750 -0.300000 0.520437
v 0.484375 -0.300000 0.425812
v 0.484375 -0.300000 0.378500
v 0.478125 -0.300000 0.757000
v 0.450000 -0.296875 0.425812
v 0.450000 -0.296875 0.567750
v 0.468750 -0.250000 0.615062
v -0.471875 0.278125 0.757000
v -0.475000 0.278125 0.757000
v -0.471875 0.293750 0.000000
v -0.471875 0.290625 0.000000
v -0.471875 0.287500 0.000000
v -0.465625 0.293750 0.000000
v -0.471875 0.284375 0.000000
v -0.475000 0.284375 0.000000
v -0.450000 0.278125 0.000000
v -0.453125 0.250000 0.425813
v -0.453125 0.250000 0.567750
v -0.468750 0.250000 0.615063
v -0.500000 0.271875 0.709688
v -0.493750 0.300000 0.425813
v -0.490625 0.300000 0.425813
v -0.500000 0.300000 0.425813
v -0.496875 0.300000 0.378500
v -0.487500 0.300000 0.425813
v -0.493750 0.300000 0.520438
v -0.484375 0.300000 0.425813
v -0.484375 0.300000 0.378500
v -0.471875 -0.250000 0.000000
v -0.475000 -0.253125 0.000000
v -0.459375 -0.268750 0.000000
v -0.450000 -0.268750 0.425813
v -0.450000 -0.271875 0.473125
v -0.450000 -0.262500 0.615063
v -0.456250 -0.300000 0.425813
v -0.459375 -0.300000 0.425813
v -0.462500 -0.300000 0.425813
v -0.456250 -0.300000 0.520438
v -0.465625 -0.300000 0.425813
v -0.465625 -0.300000 0.378500
v -0.471875 -0.300000 0.709688
v -0.500000 -0.300000 0.425813
v -0.500000 -0.296875 0.378500
v -0.481250 -0.250000 0.615063
v -0.462500 -0.250000 0.615063
v -0.456250 -0.250000 0.425813
v -0.459375 -0.250000 0.236563
v -0.475000 -0.250000 0.047313
v -0.478125 -0.250000 0.047313
v -0.500000 -0.253125 0.709688
v -0.500000 -0.268750 0.425813
v -0.500000 -0.265625 0.425813
v -0.500000 -0.265625 0.378500
v -0.500000 -0.265625 0.473125
v -0.500000 -0.262500 0.425813
v -0.500000 -0.259375 0.425813
v -0.500000 -0.284375 0.283875
v -0.500000 -0.300000 0.047313
v -0.500000 -0.296875 0.000000
v -0.496875 -0.300000 0.425813
v -0.496875 -0.300000 0.378500
v -0.496875 -0.300000 0.047313
v -0.484375 -0.300000 0.094625
v -0.496875 -0.300000 0.000000
v -0.456250 -0.300000 0.331188
v -0.465625 -0.300000 0.331188
v -0.453125 -0.300000 0.047313
v -0.453125 -0.300000 0.189250
v -0.450000 -0.290625 0.615063
v -0.450000 -0.296875 0.141938
v -0.450000 -0.296875 0.189250
v -0.450000 -0.296875 0.236563
v -0.450000 -0.296875 0.331188
v -0.450000 -0.296875 0.283875
v -0.450000 -0.300000 0.236563
v -0.450000 -0.259375 0.094625
v -0.459375 -0.287500 0.000000
v -0.471875 -0.293750 0.000000
v -0.496875 -0.296875 0.000000
v -0.484375 -0.290625 0.000000
v -0.496875 -0.265625 0.757000
v -0.496875 -0.262500 0.757000
v -0.500000 -0.265625 0.757000
v -0.496875 -0.259375 0.757000
v -0.496875 -0.256250 0.757000
v -0.481250 -0.271875 0.757000
v -0.484375 -0.271875 0.757000
v -0.484375 -0.275000 0.757000
v -0.484375 -0.268750 0.757000
v -0.487500 -0.271875 0.757000
v -0.490625 -0.271875 0.757000
v -0.465625 -0.281250 0.757000
v -0.456250 -0.296875 0.757000
v -0.459375 -0.296875 0.757000
v -0.459375 -0.300000 0.757000
v -0.462500 -0.296875 0.757000
v -0.468750 -0.296875 0.757000
v -0.465625 -0.296875 0.757000
v -0.465625 0.300000 0.094625
v -0.493750 0.300000 0.331188
v -0.484375 0.300000 0.331188
v -0.493750 0.300000 0.047313
v -0.490625 0.300000 0.047313
v -0.496875 0.300000 0.047313
v -0.487500 0.300000 0.047313
v -0.481250 0.300000 0.047313
v -0.484375 0.300000 0.047313
v -0.484375 0.300000 0.000000
v -0.500000 0.296875 0.425813
v -0.500000 0.290625 0.615063
v -0.500000 0.296875 0.378500
v -0.500000 0.253125 0.047313
v -0.500000 0.250000 0.047313
v -0.500000 0.253125 0.000000
v -0.500000 0.259375 0.094625
v -0.500000 0.253125 0.189250
v -0.487500 0.250000 0.615063
v -0.493750 0.250000 0.425813
v -0.496875 0.250000 0.141938
v -0.496875 0.250000 0.189250
v -0.496875 0.250000 0.047313
v -0.496875 0.250000 0.236563
v -0.490625 0.250000 0.236563
v -0.496875 0.250000 0.331188
v -0.496875 0.250000 0.283875
v -0.500000 0.250000 0.236563
v -0.496875 0.250000 0.000000
v -0.450000 0.253125 0.520438
v -0.450000 0.253125 0.567750
v -0.450000 0.253125 0.473125
v -0.450000 0.253125 0.615063
v -0.450000 0.253125 0.662375
v -0.450000 0.250000 0.615063
v -0.450000 0.268750 0.425813
v -0.450000 0.265625 0.425813
v -0.450000 0.265625 0.378500
v -0.450000 0.265625 0.473125
v -0.450000 0.262500 0.425813
v -0.450000 0.259375 0.425813
v -0.450000 0.275000 0.047313
v -0.450000 0.284375 0.283875
v -0.450000 0.278125 0.047313
v -0.496875 0.253125 0.000000
v -0.493750 0.265625 0.000000
v -0.478125 0.293750 0.000000
v -0.478125 0.284375 0.000000
v -0.496875 0.296875 0.000000
v -0.487500 0.296875 0.000000
v -0.490625 0.290625 0.757000
v -0.496875 0.259375 0.757000
v -0.496875 0.262500 0.757000
v -0.500000 0.259375 0.757000
v -0.496875 0.265625 0.757000
v -0.496875 0.271875 0.757000
v -0.496875 0.268750 0.757000
v -0.459375 0.256250 0.757000
v 0.487500 -0.250000 0.615062
v 0.493750 -0.250000 0.425812
v 0.490625 -0.250000 0.236562
v 0.481250 -0.250000 0.047312
v 0.484375 -0.250000 0.047312
v 0.478125 -0.250000 0.047312
v 0.487500 -0.250000 0.047312
v 0.490625 -0.250000 0.047312
v 0.490625 -0.250000 -0.000000
v 0.453125 -0.250000 0.189250
v 0.450000 -0.268750 0.425812
v 0.450000 -0.265625 0.425812
v 0.450000 -0.265625 0.378500
v 0.450000 -0.265625 0.473125
v 0.450000 -0.262500 0.425812
v 0.450000 -0.259375 0.425812
v 0.450000 -0.253125 0.141937
v 0.450000 -0.253125 0.189250
v 0.450000 -0.253125 0.236562
v 0.450000 -0.253125 0.331187
v 0.450000 -0.253125 0.283875
v 0.450000 -0.250000 0.236562
v 0.450000 -0.284375 0.283875
v 0.450000 -0.300000 0.047312
v 0.450000 -0.296875 -0.000000
v 0.453125 -0.300000 0.520437
v 0.453125 -0.300000 0.567750
v 0.453125 -0.300000 0.473125
v 0.453125 -0.300000 0.615062
v 0.453125 -0.300000 0.662375
v 0.450000 -0.300000 0.615062
v 0.453125 -0.300000 0.047312
v 0.465625 -0.300000 0.094625
v 0.453125 -0.300000 -0.000000
v 0.493750 -0.300000 0.331187
v 0.484375 -0.300000 0.331187
v 0.500000 -0.290625 0.615062
v 0.500000 -0.281250 0.047312
v 0.500000 -0.284375 0.047312
v 0.500000 -0.284375 -0.000000
v 0.500000 -0.287500 0.047312
v 0.500000 -0.293750 0.047312
v 0.500000 -0.290625 0.047312
v 0.500000 -0.259375 0.094625
v 0.490625 -0.287500 -0.000000
v 0.496875 -0.296875 -0.000000
v 0.478125 -0.293750 -0.000000
v 0.453125 -0.296875 -0.000000
v 0.465625 -0.290625 -0.000000
v 0.468750 -0.271875 0.757000
v 0.465625 -0.271875 0.757000
v 0.465625 -0.275000 0.757000
v 0.465625 -0.268750 0.757000
v 0.462500 -0.271875 0.757000
v 0.459375 -0.271875 0.757000
v 0.453125 -0.293750 0.757000
v 0.462500 -0.284375 0.757000
v 0.475000 -0.296875 0.757000
v 0.456250 -0.296875 0.757000
v 0.484375 -0.281250 0.757000
v 0.478125 -0.296875 0.757000
v 0.484375 0.300000 0.094625
v 0.456250 0.300000 0.331187
v 0.465625 0.300000 0.331187
v 0.450000 0.296875 0.520437
v 0.450000 0.296875 0.567750
v 0.450000 0.296875 0.473125
v 0.450000 0.296875 0.615062
v 0.450000 0.290625 0.615062
v 0.450000 0.296875 0.662375
v 0.450000 0.300000 0.615062
v 0.450000 0.250000 0.047312
v 0.450000 0.253125 -0.000000
v 0.450000 0.259375 0.094625
v 0.462500 0.250000 0.615062
v 0.453125 0.250000 0.709687
v 0.456250 0.250000 0.425812
v 0.453125 0.250000 0.047312
v 0.459375 0.250000 0.236562
v 0.453125 0.250000 -0.000000
v 0.500000 0.253125 0.425812
v 0.500000 0.268750 0.425812
v 0.500000 0.265625 0.425812
v 0.500000 0.265625 0.378500
v 0.500000 0.265625 0.473125
v 0.500000 0.262500 0.425812
v 0.500000 0.253125 0.378500
v 0.500000 0.259375 0.425812
v 0.500000 0.253125 0.094625
v 0.500000 0.262500 0.236562
v 0.500000 0.284375 0.283875
v 0.500000 0.293750 0.047312
v 0.500000 0.290625 0.047312
v 0.500000 0.290625 -0.000000
v 0.500000 0.287500 0.047312
v 0.500000 0.281250 0.047312
v 0.500000 0.284375 0.047312
v 0.453125 0.253125 -0.000000
v 0.456250 0.265625 -0.000000
v 0.471875 0.293750 -0.000000
v 0.471875 0.284375 -0.000000
v 0.453125 0.278125 0.757000
v 0.459375 0.290625 0.757000
v 0.453125 0.275000 0.757000
v 0.468750 0.253125 0.757000
v 0.465625 0.253125 0.757000
v 0.465625 0.250000 0.757000
v 0.462500 0.253125 0.757000
v 0.459375 0.253125 0.757000
v 0.490625 0.256250 0.757000
v 0.600000 -0.350000 0.785125
v 0.600000 -0.200000 0.797625
v 0.600000 -0.300000 0.785125
v 0.600000 -0.350000 0.782000
v 0.600000 -0.250000 0.772625
v 0.600000 0.350000 0.760125
v 0.600000 0.350000 0.769500
v -0.600000 0.350000 0.803875
v -0.600000 0.100000 0.785125
v -0.600000 0.150000 0.785125
v -0.600000 0.150000 0.782000
v -0.600000 0.150000 0.788250
v -0.600000 0.200000 0.785125
v -0.600000 0.250000 0.785125
v -0.600000 -0.150000 0.775750
v -0.600000 -0.400000 0.760125
v -0.600000 -0.350000 0.757000
v -0.525000 -0.400000 0.760125
v -0.225000 -0.400000 0.763250
v -0.525000 -0.400000 0.757000
v 0.450000 -0.400000 0.778875
v 0.225000 -0.400000 0.778875
v 0.075000 0.400000 0.760125
v 0.375000 0.400000 0.766375
v 0.525000 0.400000 0.760125
v 0.000000 0.400000 0.760125
v -0.450000 0.400000 0.797625
v 0.375000 -0.200000 0.757000
v 0.075000 -0.300000 0.757000
v -0.525000 -0.350000 0.757000
v -0.225000 -0.250000 0.757000
v -0.525000 0.150000 0.807000
v -0.525000 0.200000 0.807000
v -0.600000 0.150000 0.807000
v -0.525000 0.250000 0.807000
v -0.525000 0.300000 0.807000
v -0.150000 0.050000 0.807000
v -0.225000 0.050000 0.807000
v -0.225000 0.000000 0.807000
v -0.225000 0.100000 0.807000
v -0.300000 0.050000 0.807000
v -0.375000 0.050000 0.807000
v 0.225000 -0.100000 0.807000
v 0.450000 -0.350000 0.807000
v 0.375000 -0.350000 0.807000
v 0.375000 -0.400000 0.807000
v 0.300000 -0.350000 0.807000
v 0.150000 -0.350000 0.807000
v 0.225000 -0.350000 0.807000
v -0.225000 -0.050000 0.807000
v 0.375000 -0.100000 0.757000
v 0.375000 -0.150000 0.757000
v 0.450000 -0.150000 0.757000
v 0.525000 0.400000 0.772625
v 0.600000 0.400000 0.772625
v 0.150000 -0.400000 0.778875
v -0.600000 0.150000 0.778875
v -0.600000 0.150000 0.803875
v 0.600000 0.350000 0.772625
v 0.600000 -0.100000 0.797625
v 0.600000 -0.150000 0.797625
v 0.600000 -0.150000 0.800750
v 0.471875 0.281250 -0.000000
v 0.500000 0.268750 0.236562
v 0.500000 0.265625 0.236562
v 0.500000 0.265625 0.331187
v 0.500000 0.265625 0.283875
v 0.468750 0.250000 0.615062
v 0.465625 0.250000 0.615062
v 0.465625 0.250000 0.709687
v 0.465625 0.250000 0.662375
v 0.468750 0.300000 0.331187
v 0.468750 -0.284375 0.757000
v 0.465625 -0.284375 0.757000
v 0.465625 -0.278125 0.757000
v 0.465625 -0.281250 0.757000
v 0.490625 -0.281250 -0.000000
v 0.490625 -0.284375 -0.000000
v 0.496875 -0.284375 -0.000000
v 0.493750 -0.284375 -0.000000
v 0.481250 -0.300000 0.331187
v 0.450000 -0.265625 0.331187
v 0.453125 -0.250000 0.236562
v 0.481250 -0.250000 0.615062
v 0.484375 -0.250000 0.615062
v 0.484375 -0.250000 0.662375
v -0.484375 0.296875 0.000000
v -0.478125 0.281250 0.000000
v -0.450000 0.265625 0.331188
v -0.481250 0.250000 0.615063
v -0.484375 0.250000 0.615063
v -0.484375 0.250000 0.662375
v -0.500000 0.253125 0.236563
v -0.481250 0.300000 0.331188
v -0.484375 -0.278125 0.757000
v -0.459375 -0.281250 0.000000
v -0.459375 -0.284375 0.000000
v -0.456250 -0.284375 0.000000
v -0.453125 -0.300000 0.236563
v -0.468750 -0.300000 0.331188
v -0.500000 -0.265625 0.331188
v -0.500000 -0.265625 0.709688
v -0.468750 -0.250000 0.615063
v -0.465625 -0.250000 0.615063
v -0.465625 -0.250000 0.662375
v -0.459375 -0.300000 0.709688
v -0.450000 -0.259375 0.662375
v -0.450000 -0.259375 0.615063
v -0.450000 -0.256250 0.615063
v -0.500000 0.259375 0.709688
v -0.453125 0.250000 0.615063
v 0.450000 -0.296875 0.615062
v 0.490625 -0.253125 -0.000000
v 0.453125 0.300000 0.615062
v 0.496875 0.290625 -0.000000
v 0.490625 0.293750 0.757000
v 0.490625 0.290625 0.757000
v 0.493750 0.290625 0.757000
v 0.375000 -0.400000 0.803875
v 0.450000 0.400000 0.797625
v 0.375000 0.400000 0.797625
v 0.375000 0.400000 0.800750
v 0.450000 0.400000 0.803875
v 0.500000 0.293750 0.709687
v 0.456250 0.300000 0.709687
v -0.456250 0.296875 0.000000
v -0.453125 0.293750 0.000000
v -0.468750 -0.250000 0.709688
v -0.500000 -0.271875 0.331188
v -0.500000 -0.271875 0.378500
v -0.500000 -0.275000 0.331188
v -0.500000 -0.278125 0.378500
v -0.500000 -0.278125 0.331188
v -0.478125 -0.300000 0.283875
v -0.453125 -0.300000 0.283875
v -0.481250 -0.278125 0.000000
v -0.471875 -0.278125 0.757000
v -0.471875 0.300000 0.331188
v -0.471875 0.300000 0.378500
v -0.475000 0.300000 0.331188
v -0.478125 0.300000 0.378500
v -0.496875 0.300000 0.283875
v -0.500000 0.278125 0.283875
v -0.450000 0.271875 0.709688
v -0.450000 0.271875 0.757000
v -0.450000 0.275000 0.709688
v -0.450000 0.278125 0.331188
v -0.481250 0.296875 0.000000
v -0.453125 0.271875 0.757000
v 0.478125 -0.250000 0.709687
v 0.478125 -0.250000 0.757000
v 0.475000 -0.250000 0.709687
v 0.478125 -0.250000 0.283875
v 0.450000 -0.278125 0.331187
v 0.496875 -0.300000 0.283875
v 0.500000 -0.281250 0.709687
v 0.500000 -0.250000 0.331187
v 0.500000 -0.253125 0.331187
v 0.471875 -0.253125 0.757000
v 0.471875 -0.250000 0.757000
v 0.475000 -0.253125 0.757000
v 0.478125 -0.278125 0.757000
v 0.453125 0.300000 0.283875
v 0.471875 0.250000 0.331187
v 0.471875 0.250000 0.378500
v 0.475000 0.250000 0.331187
v 0.478125 0.250000 0.378500
v 0.500000 0.278125 0.331187
v 0.471875 0.271875 -0.000000
v 0.475000 0.271875 -0.000000
v 0.471875 0.275000 -0.000000
v 0.475000 0.278125 -0.000000
v 0.468750 0.296875 -0.000000
v 0.468750 0.296875 0.757000
v -0.600000 -0.050000 0.778875
v -0.600000 -0.400000 0.778875
v -0.600000 -0.350000 0.778875
v -0.075000 -0.400000 0.775750
v 0.525000 -0.400000 0.775750
v -0.150000 -0.050000 0.757000
v 0.075000 -0.050000 0.807000
v 0.075000 -0.200000 0.807000
v 0.000000 -0.250000 0.807000
v 0.075000 -0.250000 0.807000
v 0.075000 -0.150000 0.807000
v -0.075000 -0.250000 0.807000
v -0.075000 -0.300000 0.807000
v -0.225000 0.100000 0.757000
v -0.375000 -0.200000 0.757000
v -0.375000 -0.250000 0.757000
v -0.450000 -0.250000 0.757000
v -0.300000 -0.150000 0.757000
v -0.300000 -0.250000 0.757000
v -0.375000 -0.300000 0.757000
v 0.225000 0.000000 0.757000
v 0.225000 -0.050000 0.757000
v 0.150000 -0.050000 0.757000
v -0.150000 0.400000 0.766375
v 0.300000 -0.400000 0.766375
v 0.225000 -0.400000 0.766375
v 0.225000 -0.400000 0.763250
v 0.375000 -0.400000 0.769500
v -0.300000 -0.400000 0.766375
v -0.375000 -0.400000 0.766375
v -0.375000 -0.400000 0.763250
v -0.225000 -0.400000 0.769500
v -0.375000 -0.400000 0.769500
v -0.450000 -0.400000 0.766375
v -0.375000 -0.400000 0.800750
v -0.600000 -0.050000 0.769500
v -0.600000 0.000000 0.766375
v -0.600000 -0.050000 0.766375
v -0.600000 -0.050000 0.772625
v -0.600000 0.050000 0.766375
v -0.600000 0.050000 0.763250
v 0.600000 0.100000 0.772625
v 0.600000 0.000000 0.791375
v 0.600000 -0.050000 0.791375
v 0.600000 -0.050000 0.788250
v 0.459375 0.268750 0.757000
v 0.459375 0.296875 0.757000
v 0.459375 0.300000 0.757000
v 0.456250 0.296875 0.757000
v 0.462500 0.296875 0.757000
v 0.459375 0.287500 -0.000000
v 0.459375 0.284375 -0.000000
v 0.456250 0.284375 -0.000000
v 0.462500 0.290625 -0.000000
v 0.493750 0.259375 -0.000000
v 0.500000 0.300000 0.141937
v 0.500000 0.296875 0.141937
v 0.500000 0.296875 0.094625
v 0.500000 0.278125 0.189250
v 0.500000 0.275000 0.141937
v 0.500000 0.278125 0.141937
v 0.500000 0.278125 0.236562
v 0.500000 0.271875 0.141937
v 0.500000 0.271875 0.094625
v 0.481250 0.250000 0.236562
v 0.475000 0.250000 0.520437
v 0.471875 0.250000 0.520437
v 0.471875 0.250000 0.473125
v 0.450000 0.290625 0.283875
v 0.462500 0.300000 0.141937
v 0.465625 0.300000 0.141937
v 0.465625 0.300000 0.094625
v 0.459375 0.300000 0.189250
v 0.490625 0.300000 0.662375
v 0.500000 -0.290625 0.757000
v 0.496875 -0.290625 0.757000
v 0.496875 -0.293750 0.757000
v 0.478125 -0.287500 0.757000
v 0.475000 -0.290625 0.757000
v 0.478125 -0.290625 0.757000
v 0.478125 -0.284375 0.757000
v 0.471875 -0.290625 0.757000
v 0.471875 -0.293750 0.757000
v 0.465625 -0.268750 -0.000000
v 0.484375 -0.275000 -0.000000
v 0.484375 -0.278125 -0.000000
v 0.481250 -0.278125 -0.000000
v 0.500000 -0.290625 0.283875
v 0.500000 -0.290625 0.709687
v 0.500000 -0.293750 0.709687
v 0.500000 -0.287500 0.709687
v 0.487500 -0.300000 0.141937
v 0.484375 -0.300000 0.141937
v 0.484375 -0.300000 0.094625
v 0.490625 -0.300000 0.189250
v 0.459375 -0.300000 0.662375
v 0.450000 -0.278125 0.189250
v 0.450000 -0.275000 0.141937
v 0.450000 -0.278125 0.141937
v 0.450000 -0.278125 0.236562
v 0.450000 -0.271875 0.141937
v 0.450000 -0.271875 0.094625
v 0.468750 -0.250000 0.236562
v 0.487500 -0.250000 0.141937
v 0.490625 -0.250000 0.141937
v 0.490625 -0.250000 0.094625
v 0.484375 -0.250000 0.189250
v 0.490625 -0.250000 0.189250
v 0.493750 -0.250000 0.141937
v 0.475000 -0.250000 0.520437
v 0.478125 -0.250000 0.520437
v 0.478125 -0.250000 0.473125
v -0.490625 0.268750 0.757000
v -0.490625 0.287500 0.000000
v -0.490625 0.284375 0.000000
v -0.493750 0.284375 0.000000
v -0.487500 0.290625 0.000000
v -0.456250 0.259375 0.000000
v -0.450000 0.278125 0.189250
v -0.450000 0.275000 0.141938
v -0.450000 0.278125 0.141938
v -0.450000 0.278125 0.236563
v -0.450000 0.271875 0.141938
v -0.450000 0.271875 0.094625
v -0.468750 0.250000 0.236563
v -0.475000 0.250000 0.520438
v -0.478125 0.250000 0.520438
v -0.478125 0.250000 0.473125
v -0.500000 0.287500 0.141938
v -0.500000 0.290625 0.141938
v -0.500000 0.290625 0.094625
v -0.500000 0.284375 0.189250
v -0.500000 0.290625 0.283875
v -0.500000 0.290625 0.189250
v -0.500000 0.293750 0.141938
v -0.487500 0.300000 0.141938
v -0.484375 0.300000 0.141938
v -0.484375 0.300000 0.094625
v -0.490625 0.300000 0.189250
v -0.459375 0.300000 0.662375
v -0.471875 -0.287500 0.757000
v -0.475000 -0.290625 0.757000
v -0.471875 -0.290625 0.757000
v -0.471875 -0.284375 0.757000
v -0.478125 -0.290625 0.757000
v -0.478125 -0.293750 0.757000
v -0.484375 -0.268750 0.000000
v -0.490625 -0.287500 0.000000
v -0.490625 -0.290625 0.000000
v -0.493750 -0.290625 0.000000
v -0.487500 -0.284375 0.000000
v -0.487500 -0.290625 0.000000
v -0.490625 -0.293750 0.000000
v -0.465625 -0.275000 0.000000
v -0.465625 -0.278125 0.000000
v -0.468750 -0.278125 0.000000
v -0.450000 -0.290625 0.283875
v -0.462500 -0.300000 0.141938
v -0.465625 -0.300000 0.141938
v -0.465625 -0.300000 0.094625
v -0.459375 -0.300000 0.189250
v -0.487500 -0.300000 0.141938
v -0.490625 -0.300000 0.141938
v -0.490625 -0.300000 0.094625
v -0.484375 -0.300000 0.189250
v -0.490625 -0.300000 0.189250
v -0.493750 -0.300000 0.141938
v -0.490625 -0.300000 0.662375
v -0.500000 -0.278125 0.189250
v -0.500000 -0.275000 0.141938
v -0.500000 -0.278125 0.141938
v -0.500000 -0.278125 0.236563
v -0.500000 -0.271875 0.141938
v -0.500000 -0.271875 0.094625
v -0.481250 -0.250000 0.236563
v -0.475000 -0.250000 0.520438
v -0.471875 -0.250000 0.520438
v -0.471875 -0.250000 0.473125
v -0.459375 -0.250000 0.709688
v -0.459375 -0.250000 0.757000
v -0.456250 -0.250000 0.709688
v -0.462500 -0.250000 0.709688
v -0.500000 -0.290625 0.520438
v -0.450000 -0.250000 0.520438
v -0.450000 -0.253125 0.520438
v -0.450000 -0.253125 0.473125
v -0.465625 -0.253125 0.757000
v -0.465625 -0.250000 0.757000
v -0.468750 -0.253125 0.757000
v -0.462500 -0.253125 0.757000
v -0.459375 -0.265625 0.757000
v -0.465625 0.250000 0.520438
v -0.465625 0.250000 0.567750
v -0.468750 0.250000 0.520438
v -0.462500 0.250000 0.520438
v -0.465625 0.250000 0.473125
v -0.459375 0.250000 0.567750
v -0.450000 0.290625 0.520438
v -0.465625 0.284375 0.000000
v -0.462500 0.284375 0.000000
v -0.465625 0.281250 0.000000
v -0.465625 0.287500 0.000000
v -0.468750 0.284375 0.000000
v -0.462500 0.290625 0.000000
v 0.450000 -0.284375 0.520437
v 0.450000 -0.284375 0.567750
v 0.450000 -0.281250 0.520437
v 0.450000 -0.287500 0.520437
v 0.450000 -0.284375 0.473125
v 0.450000 -0.290625 0.567750
v 0.450000 -0.290625 0.520437
v 0.490625 -0.265625 0.757000
v 0.465625 0.300000 0.709687
v 0.465625 0.300000 0.757000
v 0.468750 0.300000 0.709687
v 0.462500 0.300000 0.709687
v 0.465625 0.300000 0.520437
v 0.465625 0.300000 0.567750
v 0.468750 0.300000 0.520437
v 0.462500 0.300000 0.520437
v 0.465625 0.300000 0.473125
v 0.459375 0.300000 0.567750
v 0.500000 0.284375 0.709687
v 0.500000 0.284375 0.757000
v 0.500000 0.281250 0.709687
v 0.500000 0.287500 0.709687
v 0.500000 0.290625 0.520437
v 0.496875 0.284375 0.757000
v 0.496875 0.281250 0.757000
v -0.600000 -0.250000 0.791375
v 0.225000 0.400000 0.807000
v 0.225000 0.400000 0.803875
v 0.150000 0.400000 0.803875
v 0.225000 0.350000 0.807000
v 0.150000 0.350000 0.807000
v 0.300000 0.350000 0.807000
v 0.375000 0.150000 0.807000
v 0.375000 0.100000 0.807000
v 0.075000 0.350000 0.807000
v 0.225000 0.050000 0.757000
v 0.300000 0.050000 0.757000
v 0.375000 0.050000 0.757000
v 0.375000 0.150000 0.757000
v 0.450000 0.050000 0.757000
v 0.375000 0.000000 0.757000
v 0.075000 0.400000 0.803875
v 0.300000 0.400000 0.803875
v -0.600000 -0.400000 0.785125
v -0.600000 -0.350000 0.782000
v -0.600000 -0.250000 0.788250
v 0.600000 0.050000 0.791375
v 0.600000 0.050000 0.794500
v 0.600000 0.050000 0.797625
v 0.600000 0.150000 0.797625
v 0.600000 0.050000 0.800750
v 0.600000 0.000000 0.797625
v 0.496875 0.278125 0.757000
v 0.496875 0.287500 0.757000
v 0.478125 0.278125 -0.000000
v 0.478125 0.275000 -0.000000
v 0.500000 0.290625 0.473125
v 0.500000 0.278125 0.709687
v 0.478125 0.250000 0.425812
v 0.478125 0.250000 0.520437
v 0.478125 0.250000 0.567750
v 0.475000 0.250000 0.425812
v 0.478125 0.250000 0.615062
v 0.484375 0.250000 0.615062
v 0.478125 0.250000 0.662375
v 0.475000 0.250000 0.615062
v 0.468750 0.300000 0.425812
v 0.471875 0.300000 0.473125
v 0.462500 0.300000 0.615062
v 0.471875 0.300000 0.709687
v 0.490625 -0.268750 0.757000
v 0.484375 -0.271875 -0.000000
v 0.487500 -0.271875 -0.000000
v 0.490625 -0.271875 -0.000000
v 0.490625 -0.265625 -0.000000
v 0.493750 -0.271875 -0.000000
v 0.490625 -0.275000 -0.000000
v 0.500000 -0.250000 0.425812
v 0.500000 -0.253125 0.378500
v 0.450000 -0.290625 0.473125
v 0.450000 -0.281250 0.425812
v 0.450000 -0.278125 0.473125
v 0.450000 -0.287500 0.615062
v 0.471875 -0.250000 0.520437
v 0.471875 -0.250000 0.567750
v 0.471875 -0.250000 0.615062
v 0.465625 -0.250000 0.615062
v 0.471875 -0.250000 0.662375
v 0.475000 -0.250000 0.615062
v -0.450000 0.278125 0.757000
v -0.453125 0.275000 0.757000
v -0.471875 0.281250 0.000000
v -0.468750 0.278125 0.000000
v -0.459375 0.287500 0.000000
v -0.450000 0.290625 0.473125
v -0.468750 0.250000 0.425813
v -0.471875 0.250000 0.520438
v -0.471875 0.250000 0.567750
v -0.471875 0.250000 0.473125
v -0.471875 0.250000 0.615063
v -0.465625 0.250000 0.615063
v -0.462500 0.250000 0.615063
v -0.471875 0.250000 0.662375
v -0.475000 0.250000 0.615063
v -0.478125 0.300000 0.425813
v -0.475000 0.300000 0.425813
v -0.459375 -0.268750 0.757000
v -0.471875 -0.253125 0.757000
v -0.465625 -0.271875 0.000000
v -0.462500 -0.271875 0.000000
v -0.459375 -0.271875 0.000000
v -0.459375 -0.265625 0.000000
v -0.456250 -0.271875 0.000000
v -0.459375 -0.275000 0.000000
v -0.450000 -0.253125 0.425813
v -0.450000 -0.253125 0.567750
v -0.500000 -0.290625 0.473125
v -0.500000 -0.278125 0.425813
v -0.500000 -0.275000 0.425813
v -0.478125 -0.250000 0.520438
v -0.478125 -0.250000 0.567750
v -0.478125 -0.250000 0.615063
v -0.484375 -0.250000 0.615063
v -0.478125 -0.250000 0.662375
v -0.475000 -0.250000 0.615063
v -0.453125 -0.250000 0.520438
v -0.453125 -0.250000 0.567750
v -0.453125 -0.250000 0.473125
v -0.453125 -0.250000 0.615063
v -0.453125 -0.250000 0.709688
v -0.453125 -0.250000 0.662375
v -0.450000 -0.250000 0.615063
v -0.471875 -0.250000 0.425813
v -0.471875 -0.250000 0.567750
v -0.484375 -0.250000 0.236563
v -0.500000 -0.250000 0.047313
v -0.496875 -0.250000 0.000000
v -0.500000 -0.268750 0.520438
v -0.500000 -0.253125 0.047313
v -0.500000 -0.271875 0.047313
v -0.500000 -0.275000 0.047313
v -0.500000 -0.271875 0.000000
v -0.500000 -0.271875 0.189250
v -0.500000 -0.253125 0.000000
v -0.500000 -0.278125 0.094625
v -0.500000 -0.278125 0.047313
v -0.500000 -0.278125 0.000000
v -0.493750 -0.300000 0.615063
v -0.496875 -0.300000 0.094625
v -0.487500 -0.300000 0.236563
v -0.481250 -0.300000 0.141938
v -0.459375 -0.300000 0.283875
v -0.462500 -0.300000 0.236563
v -0.459375 -0.300000 0.236563
v -0.465625 -0.300000 0.189250
v -0.468750 -0.300000 0.141938
v -0.450000 -0.293750 0.236563
v -0.450000 -0.256250 0.141938
v -0.471875 -0.278125 0.000000
v -0.462500 -0.278125 0.000000
v -0.493750 -0.296875 0.000000
v -0.484375 -0.287500 0.000000
v -0.496875 -0.275000 0.000000
v -0.496875 -0.293750 0.000000
v -0.484375 -0.265625 0.000000
v -0.496875 -0.271875 0.000000
v -0.481250 -0.265625 0.757000
v -0.478125 -0.296875 0.757000
v -0.478125 -0.287500 0.757000
v -0.471875 -0.293750 0.757000
v -0.456250 0.300000 0.615063
v -0.468750 0.300000 0.141938
v -0.490625 0.300000 0.283875
v -0.487500 0.300000 0.236563
v -0.490625 0.300000 0.236563
v -0.484375 0.300000 0.189250
v -0.481250 0.300000 0.141938
v -0.500000 0.300000 0.047313
v -0.496875 0.300000 0.000000
v -0.500000 0.296875 0.094625
v -0.500000 0.296875 0.047313
v -0.500000 0.293750 0.236563
v -0.500000 0.287500 0.236563
v -0.500000 0.281250 0.047313
v -0.500000 0.284375 0.047313
v -0.500000 0.284375 0.000000
v -0.500000 0.287500 0.047313
v -0.500000 0.293750 0.047313
v -0.500000 0.296875 0.000000
v -0.500000 0.290625 0.047313
v -0.500000 0.290625 0.000000
v -0.500000 0.256250 0.141938
v -0.478125 0.250000 0.425813
v -0.478125 0.250000 0.567750
v -0.475000 0.250000 0.047313
v -0.478125 0.250000 0.000000
v -0.465625 0.250000 0.236563
v -0.471875 0.250000 0.047313
v -0.471875 0.250000 0.000000
v -0.450000 0.268750 0.520438
v -0.450000 0.271875 0.047313
v -0.450000 0.271875 0.189250
v -0.450000 0.278125 0.094625
v -0.471875 0.253125 0.000000
v -0.459375 0.256250 0.000000
v -0.475000 0.253125 0.000000
v -0.490625 0.268750 0.000000
v -0.481250 0.290625 0.000000
v -0.484375 0.287500 0.000000
v -0.484375 0.290625 0.000000
v -0.487500 0.284375 0.000000
v -0.490625 0.281250 0.000000
v -0.496875 0.293750 0.000000
v -0.496875 0.290625 0.000000
v -0.496875 0.287500 0.000000
v -0.496875 0.281250 0.000000
v -0.496875 0.284375 0.000000
v -0.493750 0.265625 0.757000
v -0.456250 0.259375 0.757000
v 0.496875 -0.250000 0.425812
v 0.478125 -0.250000 0.425812
v 0.478125 -0.250000 0.567750
v 0.496875 -0.250000 0.378500
v 0.487500 -0.250000 0.236562
v 0.493750 -0.250000 0.047312
v 0.465625 -0.250000 0.236562
v 0.450000 -0.250000 0.047312
v 0.453125 -0.250000 -0.000000
v 0.450000 -0.268750 0.520437
v 0.450000 -0.253125 0.047312
v 0.450000 -0.271875 0.047312
v 0.450000 -0.271875 0.189250
v 0.450000 -0.253125 -0.000000
v 0.450000 -0.278125 0.094625
v 0.450000 -0.293750 0.047312
v 0.450000 -0.290625 0.047312
v 0.450000 -0.290625 -0.000000
v 0.450000 -0.287500 0.047312
v 0.450000 -0.281250 0.047312
v 0.450000 -0.284375 0.047312
v 0.450000 -0.284375 -0.000000
v 0.456250 -0.300000 0.615062
v 0.468750 -0.300000 0.047312
v 0.465625 -0.300000 0.047312
v 0.465625 -0.300000 -0.000000
v 0.462500 -0.300000 0.047312
v 0.468750 -0.300000 0.141937
v 0.456250 -0.300000 0.047312
v 0.459375 -0.300000 0.047312
v 0.459375 -0.300000 -0.000000
v 0.490625 -0.300000 0.283875
v 0.487500 -0.300000 0.236562
v 0.490625 -0.300000 0.236562
v 0.484375 -0.300000 0.189250
v 0.481250 -0.300000 0.141937
v 0.500000 -0.296875 0.709687
v 0.500000 -0.293750 0.236562
v 0.500000 -0.256250 0.141937
v 0.478125 -0.278125 -0.000000
v 0.487500 -0.278125 -0.000000
v 0.459375 -0.296875 -0.000000
v 0.462500 -0.296875 -0.000000
v 0.465625 -0.296875 -0.000000
v 0.471875 -0.296875 -0.000000
v 0.468750 -0.296875 -0.000000
v 0.453125 -0.281250 -0.000000
v 0.453125 -0.284375 -0.000000
v 0.453125 -0.278125 -0.000000
v 0.453125 -0.287500 -0.000000
v 0.453125 -0.290625 -0.000000
v 0.465625 -0.265625 -0.000000
v 0.468750 -0.265625 0.757000
v 0.471875 -0.296875 0.757000
v 0.471875 -0.287500 0.757000
v 0.478125 -0.293750 0.757000
v 0.496875 -0.296875 0.757000
v 0.496875 -0.287500 0.757000
v 0.493750 0.300000 0.615062
v 0.496875 0.300000 0.141937
v 0.496875 0.300000 0.189250
v 0.496875 0.300000 0.094625
v 0.496875 0.300000 0.236562
v 0.496875 0.300000 0.331187
v 0.496875 0.300000 0.283875
v 0.500000 0.300000 0.236562
v 0.481250 0.300000 0.141937
v 0.459375 0.300000 0.283875
v 0.462500 0.300000 0.236562
v 0.459375 0.300000 0.236562
v 0.465625 0.300000 0.189250
v 0.468750 0.300000 0.141937
v 0.450000 0.300000 0.047312
v 0.453125 0.300000 -0.000000
v 0.450000 0.296875 0.047312
v 0.450000 0.293750 0.236562
v 0.450000 0.296875 -0.000000
v 0.450000 0.256250 0.141937
v 0.471875 0.250000 0.425812
v 0.471875 0.250000 0.567750
v 0.484375 0.250000 0.236562
v 0.493750 0.250000 0.047312
v 0.490625 0.250000 0.047312
v 0.490625 0.250000 -0.000000
v 0.487500 0.250000 0.047312
v 0.481250 0.250000 0.047312
v 0.484375 0.250000 0.047312
v 0.484375 0.250000 -0.000000
v 0.500000 0.268750 0.520437
v 0.500000 0.271875 0.047312
v 0.500000 0.271875 0.189250
v 0.500000 0.278125 0.094625
v 0.500000 0.296875 0.047312
v 0.500000 0.296875 0.189250
v 0.484375 0.253125 -0.000000
v 0.487500 0.253125 -0.000000
v 0.481250 0.253125 -0.000000
v 0.490625 0.256250 -0.000000
v 0.490625 0.253125 -0.000000
v 0.493750 0.253125 -0.000000
v 0.459375 0.268750 -0.000000
v 0.468750 0.290625 -0.000000
v 0.465625 0.287500 -0.000000
v 0.465625 0.290625 -0.000000
v 0.462500 0.284375 -0.000000
v 0.459375 0.281250 -0.000000
v 0.453125 0.296875 0.757000
v 0.456250 0.265625 0.757000
v 0.493750 0.259375 0.757000
v 0.600000 -0.050000 0.785125
v 0.600000 -0.050000 0.794500
v 0.600000 0.150000 0.772625
v -0.600000 0.350000 0.791375
v -0.600000 0.350000 0.794500
v -0.600000 0.400000 0.791375
v -0.600000 0.350000 0.788250
v -0.600000 0.350000 0.797625
v -0.600000 0.350000 0.800750
v -0.600000 0.400000 0.797625
v -0.600000 0.100000 0.791375
v -0.600000 0.350000 0.760125
v -0.600000 0.400000 0.760125
v -0.600000 0.050000 0.760125
v -0.600000 0.000000 0.760125
v -0.600000 0.050000 0.757000
v -0.600000 0.050000 0.769500
v -0.600000 0.350000 0.757000
v -0.600000 -0.050000 0.763250
v -0.600000 -0.050000 0.760125
v -0.600000 -0.050000 0.757000
v -0.525000 -0.400000 0.785125
v -0.450000 -0.400000 0.797625
v -0.525000 -0.400000 0.782000
v -0.525000 -0.400000 0.763250
v -0.300000 -0.400000 0.772625
v -0.150000 -0.400000 0.766375
v 0.375000 -0.400000 0.775750
v 0.300000 -0.400000 0.772625
v 0.375000 -0.400000 0.772625
v 0.225000 -0.400000 0.769500
v 0.150000 -0.400000 0.766375
v -0.525000 0.400000 0.760125
v -0.525000 0.400000 0.757000
v -0.225000 0.400000 0.763250
v -0.525000 0.400000 0.800750
v -0.525000 0.400000 0.797625
v -0.525000 0.400000 0.794500
v -0.375000 0.400000 0.800750
v -0.525000 0.400000 0.788250
v -0.525000 0.400000 0.791375
v 0.075000 -0.050000 0.757000
v 0.300000 -0.050000 0.757000
v -0.450000 -0.350000 0.757000
v -0.225000 -0.200000 0.757000
v -0.525000 0.000000 0.757000
v -0.525000 -0.300000 0.757000
v -0.225000 0.150000 0.757000
v -0.525000 0.050000 0.757000
v -0.150000 0.150000 0.807000
v -0.075000 -0.350000 0.807000
v -0.075000 -0.200000 0.807000
v 0.075000 -0.300000 0.807000
v 0.075000 -0.100000 0.807000
v 0.000000 -0.150000 0.807000
v -0.075000 -0.150000 0.807000
v -0.225000 -0.100000 0.757000
v -0.225000 -0.150000 0.757000
v -0.150000 -0.150000 0.757000
v 0.375000 -0.050000 0.757000
v 0.450000 -0.400000 0.772625
v -0.150000 -0.400000 0.772625
v -0.225000 -0.400000 0.772625
v -0.225000 -0.400000 0.775750
v -0.600000 -0.050000 0.775750
v -0.600000 0.000000 0.772625
v -0.600000 0.050000 0.772625
v 0.600000 -0.050000 0.797625
v 0.465625 0.296875 0.757000
v 0.465625 0.293750 -0.000000
v 0.500000 0.296875 0.236562
v 0.500000 0.278125 0.283875
v 0.500000 0.275000 0.236562
v 0.500000 0.271875 0.236562
v 0.471875 0.250000 0.615062
v 0.456250 0.300000 0.236562
v 0.496875 -0.284375 0.757000
v 0.500000 -0.284375 0.757000
v 0.478125 -0.281250 0.757000
v 0.475000 -0.284375 0.757000
v 0.471875 -0.284375 0.757000
v 0.490625 -0.278125 -0.000000
v 0.500000 -0.284375 0.709687
v 0.493750 -0.300000 0.236562
v 0.450000 -0.278125 0.283875
v 0.450000 -0.275000 0.236562
v 0.450000 -0.271875 0.236562
v 0.481250 -0.250000 0.236562
v 0.484375 -0.250000 0.236562
v 0.484375 -0.250000 0.283875
v 0.478125 -0.250000 0.615062
v -0.484375 0.293750 0.000000
v -0.450000 0.278125 0.283875
v -0.450000 0.275000 0.236563
v -0.450000 0.271875 0.236563
v -0.478125 0.250000 0.615063
v -0.500000 0.281250 0.236563
v -0.500000 0.284375 0.236563
v -0.500000 0.284375 0.283875
v -0.493750 0.300000 0.236563
v -0.471875 -0.281250 0.757000
v -0.475000 -0.284375 0.757000
v -0.478125 -0.284375 0.757000
v -0.484375 -0.281250 0.000000
v -0.484375 -0.284375 0.000000
v -0.481250 -0.284375 0.000000
v -0.459375 -0.278125 0.000000
v -0.456250 -0.300000 0.236563
v -0.481250 -0.300000 0.236563
v -0.484375 -0.300000 0.236563
v -0.484375 -0.300000 0.283875
v -0.500000 -0.278125 0.283875
v -0.500000 -0.275000 0.236563
v -0.500000 -0.271875 0.236563
v -0.471875 -0.250000 0.615063
v -0.465625 -0.250000 0.709688
v -0.450000 -0.253125 0.615063
v -0.459375 -0.253125 0.757000
v -0.459375 0.250000 0.662375
v -0.459375 0.250000 0.615063
v -0.456250 0.250000 0.615063
v -0.456250 0.290625 0.000000
v -0.459375 0.290625 0.000000
v -0.459375 0.293750 0.000000
v 0.450000 -0.290625 0.662375
v 0.450000 -0.290625 0.615062
v 0.450000 -0.293750 0.615062
v 0.459375 0.300000 0.709687
v 0.459375 0.300000 0.662375
v 0.459375 0.300000 0.615062
v 0.456250 0.300000 0.615062
v 0.500000 0.290625 0.709687
v 0.500000 0.290625 0.757000
v 0.496875 0.290625 0.757000
v 0.375000 0.400000 0.803875
v 0.375000 0.400000 0.807000
v 0.375000 0.350000 0.807000
vn -0.0000 -0.0000 1.0000
vn -0.0000 -0.0000 -1.0000
vn -0.0000 1.0000 -0.0000
vn -0.0000 -1.0000 -0.0000
vn -1.0000 -0.0000 -0.0000
vn 1.0000 -0.0000 -0.0000
s 1
usemtl Material__29.001
f 1//1 1932//1 1931//1
f 1//1 1933//1 1932//1
f 5//2 4818//2 4817//2
f 5//2 4819//2 4818//2
f 1//3 1934//3 1933//3
f 1//3 1935//3 1934//3
f 2//4 2662//4 2661//4
f 2//4 2664//4 2662//4
f 3//5 3382//5 3381//5
f 3//5 3383//5 3382//5
f 1//6 1937//6 1935//6
f 1//6 1931//6 1937//6
f 9//1 1940//1 1939//1
f 9//1 1941//1 1940//1
f 13//2 4821//2 4820//2
f 13//2 4822//2 4821//2
f 9//6 1943//6 1942//6
f 9//6 1939//6 1943//6
f 10//4 2666//4 2665//4
f 10//4 2667//4 2666//4
f 11//5 3386//5 3385//5
f 11//5 3387//5 3386//5
f 12//3 4102//3 4101//3
f 12//3 4103//3 4102//3
f 17//1 1947//1 1946//1
f 17//1 1949//1 1947//1
f 21//2 4825//2 4824//2
f 21//2 4826//2 4825//2
f 17//6 1952//6 1951//6
f 17//6 1946//6 1952//6
f 18//4 2670//4 2669//4
f 18//4 2671//4 2670//4
f 19//5 3392//5 3391//5
f 19//5 3393//5 3392//5
f 20//3 4105//3 4104//3
f 20//3 4106//3 4105//3
f 25//1 1955//1 1954//1
f 25//1 1956//1 1955//1
f 29//2 4830//2 4829//2
f 29//2 4831//2 4830//2
f 25//6 1958//6 1957//6
f 25//6 1954//6 1958//6
f 26//4 2674//4 2673//4
f 26//4 2675//4 2674//4
f 27//5 3397//5 3396//5
f 27//5 3398//5 3397//5
f 28//3 4109//3 4108//3
f 28//3 4110//3 4109//3
f 33//1 1961//1 1960//1
f 33//1 1962//1 1961//1
f 37//2 4837//2 4836//2
f 37//2 4838//2 4837//2
f 33//6 1964//6 1963//6
f 33//6 1960//6 1964//6
f 34//4 2679//4 2678//4
f 34//4 2680//4 2679//4
f 35//5 3401//5 3400//5
f 35//5 3403//5 3401//5
f 36//3 4113//3 4112//3
f 36//3 4114//3 4113//3
f 116//3 4116//3 4115//3
f 116//3 4115//3 4117//3
f 130//3 2682//3 2681//3
f 130//3 2681//3 2683//3
f 130//3 2683//3 2684//3
f 129//3 1969//3 1968//3
f 117//5 4841//5 4840//5
f 117//5 4840//5 4842//5
f 128//5 6977//5 6976//5
f 128//5 6976//5 6978//5
f 128//5 6978//5 6979//5
f 127//5 6265//5 6264//5
f 115//4 3405//4 3404//4
f 115//4 3404//4 3406//4
f 126//4 5542//4 5541//4
f 126//4 5541//4 5543//4
f 126//4 5543//4 5544//4
f 125//4 4847//4 4846//4
f 114//6 2689//6 2688//6
f 114//6 2688//6 2690//6
f 123//6 3409//6 3408//6
f 123//6 3408//6 3411//6
f 123//6 3411//6 3412//6
f 124//6 4123//6 4122//6
f 121//2 1972//2 1971//2
f 121//2 1971//2 1973//2
f 118//2 5548//2 5547//2
f 118//2 5547//2 5549//2
f 118//2 5549//2 5550//2
f 119//2 6268//2 6267//2
f 116//1 4126//1 4125//1
f 116//1 4125//1 4127//1
f 113//1 1976//1 1975//1
f 113//1 1975//1 1977//1
f 113//1 1977//1 1978//1
f 114//1 2692//1 2689//1
f 98//3 2695//3 2694//3
f 98//3 2694//3 2696//3
f 112//3 6986//3 6985//3
f 112//3 6985//3 6987//3
f 112//3 6987//3 6988//3
f 111//3 6271//3 6270//3
f 99//5 3417//5 3416//5
f 99//5 3416//5 3418//5
f 110//5 5555//5 5554//5
f 110//5 5554//5 5556//5
f 110//5 5556//5 5557//5
f 109//5 4853//5 4852//5
f 97//4 1981//4 1980//4
f 97//4 1980//4 1982//4
f 108//4 4130//4 4129//4
f 108//4 4129//4 4131//4
f 108//4 4131//4 4132//4
f 107//4 3422//4 3421//4
f 96//6 6992//6 6991//6
f 96//6 6991//6 6993//6
f 105//6 1985//6 1984//6
f 105//6 1984//6 1986//6
f 105//6 1986//6 1987//6
f 106//6 2701//6 2700//6
f 103//2 6275//2 6274//2
f 103//2 6274//2 6276//2
f 100//2 4135//2 4134//2
f 100//2 4134//2 4136//2
f 100//2 4136//2 4137//2
f 101//2 4857//2 4856//2
f 98//1 2704//1 2703//1
f 98//1 2703//1 2705//1
f 95//1 6278//1 6277//1
f 95//1 6277//1 6279//1
f 95//1 6279//1 6280//1
f 96//1 6996//1 6992//1
f 80//3 6998//3 6997//3
f 80//3 6997//3 6999//3
f 94//3 5564//3 5563//3
f 94//3 5563//3 5565//3
f 94//3 5565//3 5566//3
f 93//3 4859//3 4858//3
f 81//5 1993//5 1992//5
f 81//5 1992//5 1994//5
f 92//5 4143//5 4142//5
f 92//5 4142//5 4144//5
f 92//5 4144//5 4145//5
f 91//5 3428//5 3427//5
f 79//4 6284//4 6283//4
f 79//4 6283//4 6285//4
f 90//4 2709//4 2708//4
f 90//4 2708//4 2710//4
f 90//4 2710//4 2711//4
f 89//4 1997//4 1996//4
f 78//6 5570//6 5569//6
f 78//6 5569//6 5571//6
f 87//6 6287//6 6286//6
f 87//6 6286//6 6288//6
f 87//6 6288//6 6289//6
f 88//6 7005//6 7004//6
f 85//2 4863//2 4862//2
f 85//2 4862//2 4864//2
f 82//2 2713//2 2712//2
f 82//2 2712//2 2714//2
f 82//2 2714//2 2715//2
f 83//2 3432//2 3431//2
f 80//1 7007//1 7006//1
f 80//1 7006//1 7008//1
f 77//1 4867//1 4866//1
f 77//1 4866//1 4868//1
f 77//1 4868//1 4869//1
f 78//1 5573//1 5570//1
f 62//3 5575//3 5574//3
f 62//3 5574//3 5576//3
f 76//3 4151//3 4150//3
f 76//3 4150//3 4152//3
f 76//3 4152//3 4153//3
f 75//3 3435//3 3434//3
f 63//5 6295//5 6294//5
f 63//5 6294//5 6296//5
f 74//5 2721//5 2720//5
f 74//5 2720//5 2722//5
f 74//5 2722//5 2723//5
f 73//5 2004//5 2003//5
f 61//4 4872//4 4871//4
f 61//4 4871//4 4873//4
f 72//4 7012//4 7011//4
f 72//4 7011//4 7013//4
f 72//4 7013//4 7014//4
f 71//4 6300//4 6299//4
f 60//6 4158//6 4157//6
f 60//6 4157//6 4159//6
f 69//6 4876//6 4875//6
f 69//6 4875//6 4877//6
f 69//6 4877//6 4878//6
f 70//6 5582//6 5581//6
f 67//2 3438//2 3437//2
f 67//2 3437//2 3439//2
f 64//2 7017//2 7016//2
f 64//2 7016//2 7018//2
f 64//2 7018//2 7019//2
f 65//2 2007//2 2006//2
f 62//1 5585//1 5584//1
f 62//1 5584//1 5586//1
f 59//1 3442//1 3441//1
f 59//1 3441//1 3444//1
f 59//1 3444//1 3445//1
f 60//1 4161//1 4158//1
f 42//6 2729//6 2728//6
f 42//6 2728//6 2730//6
f 58//6 2732//6 2731//6
f 58//6 2731//6 2733//6
f 58//6 2733//6 2734//6
f 53//6 4883//6 4882//6
f 45//5 4885//5 4884//5
f 45//5 4884//5 4886//5
f 57//5 2011//5 2010//5
f 57//5 2010//5 2012//5
f 57//5 2012//5 2013//5
f 56//5 7024//5 7023//5
f 43//4 3448//4 3447//4
f 43//4 3447//4 3449//4
f 54//4 5589//4 5588//4
f 54//4 5588//4 5590//4
f 54//4 5590//4 5591//4
f 55//4 6307//4 6306//4
f 53//3 4882//3 4890//3
f 53//3 4890//3 4891//3
f 51//3 3452//3 3451//3
f 51//3 3451//3 3454//3
f 51//3 3454//3 3455//3
f 44//3 4167//3 4166//3
f 49//2 2016//2 2015//2
f 49//2 2015//2 2017//2
f 46//2 5595//2 5594//2
f 46//2 5594//2 5596//2
f 46//2 5596//2 5597//2
f 47//2 6311//2 6310//2
f 44//1 4166//1 4169//1
f 44//1 4169//1 4170//1
f 41//1 2020//1 2019//1
f 41//1 2019//1 2021//1
f 41//1 2021//1 2022//1
f 42//1 2738//1 2729//1
f 490//1 2741//1 2740//1
f 490//1 2740//1 2743//1
f 132//1 4172//1 4171//1
f 488//1 7030//1 7029//1
f 488//1 7029//1 7032//1
f 489//1 2024//1 2023//1
f 131//1 3460//1 3459//1
f 131//1 3459//1 3462//1
f 488//1 7033//1 7030//1
f 487//1 6314//1 6313//1
f 487//1 6313//1 6316//1
f 131//1 3463//1 3460//1
f 485//1 4895//1 4894//1
f 485//1 4894//1 4897//1
f 486//1 5601//1 5600//1
f 134//1 5604//1 5603//1
f 134//1 5603//1 5606//1
f 485//1 4898//1 4895//1
f 484//2 4176//2 4175//2
f 484//2 4175//2 4178//2
f 137//2 2028//2 2027//2
f 482//2 2746//2 2745//2
f 482//2 2745//2 2748//2
f 483//2 3466//2 3465//2
f 136//2 7037//2 7036//2
f 136//2 7036//2 7039//2
f 482//2 2749//2 2746//2
f 481//2 2031//2 2030//2
f 481//2 2030//2 2033//2
f 136//2 7040//2 7037//2
f 479//2 6319//2 6318//2
f 479//2 6318//2 6321//2
f 480//2 7043//2 7042//2
f 139//2 3470//2 3469//2
f 139//2 3469//2 3472//2
f 479//2 6322//2 6319//2
f 478//3 5609//3 5608//3
f 478//3 5608//3 5611//3
f 134//3 5612//3 5604//3
f 476//3 4181//3 4180//3
f 476//3 4180//3 4183//3
f 477//3 4902//3 4901//3
f 141//3 4905//3 4904//3
f 141//3 4904//3 4907//3
f 476//3 4184//3 4181//3
f 475//3 3474//3 3473//3
f 475//3 3473//3 3476//3
f 141//3 4909//3 4905//3
f 473//3 2036//3 2035//3
f 473//3 2035//3 2038//3
f 474//3 2753//3 2752//3
f 143//3 6326//3 6325//3
f 143//3 6325//3 6328//3
f 473//3 2039//3 2036//3
f 472//4 7047//4 7046//4
f 472//4 7046//4 7049//4
f 145//4 2043//4 2042//4
f 470//4 5616//4 5615//4
f 470//4 5615//4 5618//4
f 471//4 6330//4 6329//4
f 144//4 7051//4 7050//4
f 144//4 7050//4 7053//4
f 470//4 5619//4 5616//4
f 469//4 4912//4 4911//4
f 469//4 4911//4 4914//4
f 144//4 7054//4 7051//4
f 467//4 3479//4 3478//4
f 467//4 3478//4 3481//4
f 468//4 4188//4 4187//4
f 133//4 4917//4 4916//4
f 133//4 4916//4 4919//4
f 467//4 3482//4 3479//4
f 466//5 2757//5 2756//5
f 466//5 2756//5 2759//5
f 146//5 2761//5 2760//5
f 464//5 7058//5 7057//5
f 464//5 7057//5 7060//5
f 465//5 2046//5 2045//5
f 147//5 3486//5 3485//5
f 147//5 3485//5 3488//5
f 464//5 7061//5 7058//5
f 463//5 6334//5 6333//5
f 463//5 6333//5 6336//5
f 147//5 3489//5 3486//5
f 461//5 4921//5 4920//5
f 461//5 4920//5 4923//5
f 462//5 5623//5 5622//5
f 135//5 6339//5 6338//5
f 135//5 6338//5 6341//5
f 461//5 4924//5 4921//5
f 460//6 4192//6 4191//6
f 460//6 4191//6 4194//6
f 143//6 6342//6 6326//6
f 458//6 2765//6 2764//6
f 458//6 2764//6 2767//6
f 459//6 3492//6 3491//6
f 148//6 4196//6 4195//6
f 148//6 4195//6 4198//6
f 458//6 2768//6 2765//6
f 457//6 2050//6 2049//6
f 457//6 2049//6 2052//6
f 148//6 4199//6 4196//6
f 455//6 6345//6 6344//6
f 455//6 6344//6 6347//6
f 456//6 7065//6 7064//6
f 132//6 4171//6 4201//6
f 132//6 4201//6 4203//6
f 455//6 6348//6 6345//6
f 454//1 5627//1 5626//1
f 454//1 5626//1 5629//1
f 150//1 5631//1 5630//1
f 452//1 4206//1 4205//1
f 452//1 4205//1 4208//1
f 453//1 4928//1 4927//1
f 149//1 4931//1 4930//1
f 149//1 4930//1 4933//1
f 452//1 4209//1 4206//1
f 451//1 3496//1 3495//1
f 451//1 3495//1 3498//1
f 149//1 4935//1 4931//1
f 449//1 2055//1 2054//1
f 449//1 2054//1 2057//1
f 450//1 2772//1 2771//1
f 152//1 7069//1 7068//1
f 152//1 7068//1 7071//1
f 449//1 2058//1 2055//1
f 448//2 7073//2 7072//2
f 448//2 7072//2 7075//2
f 155//2 3501//2 3500//2
f 446//2 5635//2 5634//2
f 446//2 5634//2 5637//2
f 447//2 6352//2 6351//2
f 154//2 2775//2 2774//2
f 154//2 2774//2 2777//2
f 446//2 5638//2 5635//2
f 445//2 4938//2 4937//2
f 445//2 4937//2 4940//2
f 154//2 2779//2 2775//2
f 443//2 3504//2 3503//2
f 443//2 3503//2 3506//2
f 444//2 4213//2 4212//2
f 157//2 4943//2 4942//2
f 157//2 4942//2 4945//2
f 443//2 3507//2 3504//2
f 442//6 2782//6 2781//6
f 442//6 2781//6 2784//6
f 160//6 7078//6 7077//6
f 440//6 7081//6 7080//6
f 440//6 7080//6 7083//6
f 441//6 2062//6 2061//6
f 159//6 6356//6 6355//6
f 159//6 6355//6 6358//6
f 440//6 7084//6 7081//6
f 439//6 6360//6 6359//6
f 439//6 6359//6 6362//6
f 159//6 6363//6 6356//6
f 437//6 4947//6 4946//6
f 437//6 4946//6 4949//6
f 438//6 5642//6 5641//6
f 150//6 5630//6 5644//6
f 150//6 5644//6 5646//6
f 437//6 4950//6 4947//6
f 436//4 4217//4 4216//4
f 436//4 4216//4 4219//4
f 161//4 2066//4 2065//4
f 434//4 2787//4 2786//4
f 434//4 2786//4 2789//4
f 435//4 3511//4 3510//4
f 162//4 2791//4 2790//4
f 162//4 2790//4 2793//4
f 434//4 2794//4 2787//4
f 433//4 2069//4 2068//4
f 433//4 2068//4 2071//4
f 162//4 2796//4 2791//4
f 431//4 6367//4 6366//4
f 431//4 6366//4 6369//4
f 432//4 7088//4 7087//4
f 151//4 6371//4 6370//4
f 151//4 6370//4 6373//4
f 431//4 6374//4 6367//4
f 430//5 5649//5 5648//5
f 430//5 5648//5 5651//5
f 163//5 3515//5 3514//5
f 428//5 4222//5 4221//5
f 428//5 4221//5 4224//5
f 429//5 4954//5 4953//5
f 164//5 4226//5 4225//5
f 164//5 4225//5 4228//5
f 428//5 4229//5 4222//5
f 427//5 3518//5 3517//5
f 427//5 3517//5 3520//5
f 164//5 4231//5 4226//5
f 425//5 2074//5 2073//5
f 425//5 2073//5 2076//5
f 426//5 2800//5 2799//5
f 153//5 2078//5 2077//5
f 153//5 2077//5 2080//5
f 425//5 2081//5 2074//5
f 424//3 7092//3 7091//3
f 424//3 7091//3 7094//3
f 165//3 4958//3 4957//3
f 422//3 5654//3 5653//3
f 422//3 5653//3 5656//3
f 423//3 6378//3 6377//3
f 166//3 5658//3 5657//3
f 166//3 5657//3 5660//3
f 422//3 5661//3 5654//3
f 421//3 4961//3 4960//3
f 421//3 4960//3 4963//3
f 166//3 5663//3 5658//3
f 419//3 3523//3 3522//3
f 419//3 3522//3 3525//3
f 420//3 4235//3 4234//3
f 242//3 2804//3 2803//3
f 242//3 2803//3 2806//3
f 419//3 3526//3 3523//3
f 418//1 2808//1 2807//1
f 418//1 2807//1 2810//1
f 168//1 7097//1 7096//1
f 416//1 7100//1 7099//1
f 416//1 7099//1 7102//1
f 417//1 2085//1 2084//1
f 167//1 6382//1 6381//1
f 167//1 6381//1 6384//1
f 416//1 7103//1 7100//1
f 415//1 6386//1 6385//1
f 415//1 6385//1 6388//1
f 167//1 6389//1 6382//1
f 413//1 4966//1 4965//1
f 413//1 4965//1 4968//1
f 414//1 5667//1 5666//1
f 170//1 2812//1 2811//1
f 170//1 2811//1 2814//1
f 413//1 4969//1 4966//1
f 412//2 4239//2 4238//2
f 412//2 4238//2 4241//2
f 173//2 4973//2 4972//2
f 410//2 2817//2 2816//2
f 410//2 2816//2 2819//2
f 411//2 3530//2 3529//2
f 172//2 4243//2 4242//2
f 172//2 4242//2 4245//2
f 410//2 2820//2 2817//2
f 409//2 2089//2 2088//2
f 409//2 2088//2 2091//2
f 172//2 4246//2 4243//2
f 407//2 6393//2 6392//2
f 407//2 6392//2 6395//2
f 408//2 7107//2 7106//2
f 175//2 6397//2 6396//2
f 175//2 6396//2 6399//2
f 407//2 6400//2 6393//2
f 406//6 5671//6 5670//6
f 406//6 5670//6 5673//6
f 178//6 2823//6 2822//6
f 404//6 4250//6 4249//6
f 404//6 4249//6 4252//6
f 405//6 4976//6 4975//6
f 177//6 2094//6 2093//6
f 177//6 2093//6 2096//6
f 404//6 4253//6 4250//6
f 403//6 3534//6 3533//6
f 403//6 3533//6 3536//6
f 177//6 2097//6 2094//6
f 401//6 2100//6 2099//6
f 401//6 2099//6 2102//6
f 402//6 2827//6 2826//6
f 168//6 7096//6 7110//6
f 168//6 7110//6 7112//6
f 401//6 2103//6 2100//6
f 400//4 7114//4 7113//4
f 400//4 7113//4 7116//4
f 179//4 3539//4 3538//4
f 398//4 5676//4 5675//4
f 398//4 5675//4 5678//4
f 399//4 6404//4 6403//4
f 180//4 4257//4 4256//4
f 180//4 4256//4 4259//4
f 398//4 5679//4 5676//4
f 397//4 4980//4 4979//4
f 397//4 4979//4 4982//4
f 180//4 4260//4 4257//4
f 395//4 3542//4 3541//4
f 395//4 3541//4 3544//4
f 396//4 4263//4 4262//4
f 169//4 2107//4 2106//4
f 169//4 2106//4 2109//4
f 395//4 3545//4 3542//4
f 394//5 2831//5 2830//5
f 394//5 2830//5 2833//5
f 181//5 4985//5 4984//5
f 392//5 7119//5 7118//5
f 392//5 7118//5 7121//5
f 393//5 2111//5 2110//5
f 182//5 5683//5 5682//5
f 182//5 5682//5 5685//5
f 392//5 7122//5 7119//5
f 391//5 6408//5 6407//5
f 391//5 6407//5 6410//5
f 182//5 5686//5 5683//5
f 389//5 4988//5 4987//5
f 389//5 4987//5 4990//5
f 390//5 5689//5 5688//5
f 171//5 3549//5 3548//5
f 171//5 3548//5 3551//5
f 389//5 4991//5 4988//5
f 388//3 4267//3 4266//3
f 388//3 4266//3 4269//3
f 183//3 6413//3 6412//3
f 386//3 2836//3 2835//3
f 386//3 2835//3 2838//3
f 387//3 3553//3 3552//3
f 184//3 7126//3 7125//3
f 184//3 7125//3 7128//3
f 386//3 2839//3 2836//3
f 385//3 2115//3 2114//3
f 385//3 2114//3 2117//3
f 184//3 7129//3 7126//3
f 383//3 6416//3 6415//3
f 383//3 6415//3 6418//3
f 384//3 7132//3 7131//3
f 260//3 4271//3 4270//3
f 260//3 4270//3 4273//3
f 383//3 6419//3 6416//3
f 382//1 5693//1 5692//1
f 382//1 5692//1 5695//1
f 186//1 2842//1 2841//1
f 380//1 4276//1 4275//1
f 380//1 4275//1 4278//1
f 381//1 4995//1 4994//1
f 185//1 2120//1 2119//1
f 185//1 2119//1 2122//1
f 380//1 4279//1 4276//1
f 379//1 3557//1 3556//1
f 379//1 3556//1 3559//1
f 185//1 2123//1 2120//1
f 377//1 2126//1 2125//1
f 377//1 2125//1 2128//1
f 378//1 2846//1 2845//1
f 188//1 4282//1 4281//1
f 188//1 4281//1 4284//1
f 377//1 2129//1 2126//1
f 376//2 7136//2 7135//2
f 376//2 7135//2 7138//2
f 191//2 6423//2 6422//2
f 374//2 5698//2 5697//2
f 374//2 5697//2 5700//2
f 375//2 6426//2 6425//2
f 190//2 5702//2 5701//2
f 190//2 5701//2 5704//2
f 374//2 5705//2 5698//2
f 373//2 4999//2 4998//2
f 373//2 4998//2 5001//2
f 190//2 5707//2 5702//2
f 371//2 3562//2 3561//2
f 371//2 3561//2 3564//2
f 372//2 4287//2 4286//2
f 193//2 2133//2 2132//2
f 193//2 2132//2 2135//2
f 371//2 3565//2 3562//2
f 370//6 2850//6 2849//6
f 370//6 2849//6 2852//6
f 196//6 4290//6 4289//6
f 368//6 7141//6 7140//6
f 368//6 7140//6 7143//6
f 369//6 2137//6 2136//6
f 195//6 3569//6 3568//6
f 195//6 3568//6 3571//6
f 368//6 7144//6 7141//6
f 367//6 6430//6 6429//6
f 367//6 6429//6 6432//6
f 195//6 3572//6 3569//6
f 365//6 5004//6 5003//6
f 365//6 5003//6 5006//6
f 366//6 5711//6 5710//6
f 186//6 2841//6 2853//6
f 186//6 2853//6 2855//6
f 365//6 5007//6 5004//6
f 364//4 4294//4 4293//4
f 364//4 4293//4 4296//4
f 197//4 5011//4 5010//4
f 362//4 2858//4 2857//4
f 362//4 2857//4 2860//4
f 363//4 3575//4 3574//4
f 198//4 5714//4 5713//4
f 198//4 5713//4 5716//4
f 362//4 2861//4 2858//4
f 361//4 2141//4 2140//4
f 361//4 2140//4 2143//4
f 198//4 5718//4 5714//4
f 359//4 6435//4 6434//4
f 359//4 6434//4 6437//4
f 360//4 7148//4 7147//4
f 187//4 3579//4 3578//4
f 187//4 3578//4 3581//4
f 359//4 6438//4 6435//4
f 358//5 5721//5 5720//5
f 358//5 5720//5 5723//5
f 199//5 6442//5 6441//5
f 356//5 4299//5 4298//5
f 356//5 4298//5 4301//5
f 357//5 5014//5 5013//5
f 200//5 7151//5 7150//5
f 200//5 7150//5 7153//5
f 356//5 4302//5 4299//5
f 355//5 3583//5 3582//5
f 355//5 3582//5 3585//5
f 200//5 7155//5 7151//5
f 353//5 2146//5 2145//5
f 353//5 2145//5 2148//5
f 354//5 2865//5 2864//5
f 189//5 5018//5 5017//5
f 189//5 5017//5 5020//5
f 353//5 2149//5 2146//5
f 352//3 7158//3 7157//3
f 352//3 7157//3 7160//3
f 201//3 2153//3 2152//3
f 350//3 5726//3 5725//3
f 350//3 5725//3 5728//3
f 351//3 6445//3 6444//3
f 202//3 2868//3 2867//3
f 202//3 2867//3 2870//3
f 350//3 5729//3 5726//3
f 349//3 5022//3 5021//3
f 349//3 5021//3 5024//3
f 202//3 2872//3 2868//3
f 347//3 3588//3 3587//3
f 347//3 3587//3 3590//3
f 348//3 4306//3 4305//3
f 278//3 5732//3 5731//3
f 278//3 5731//3 5734//3
f 347//3 3591//3 3588//3
f 346//1 2875//1 2874//1
f 346//1 2874//1 2877//1
f 204//1 4309//1 4308//1
f 344//1 7163//1 7162//1
f 344//1 7162//1 7165//1
f 345//1 2156//1 2155//1
f 203//1 3595//1 3594//1
f 203//1 3594//1 3597//1
f 344//1 7166//1 7163//1
f 343//1 6449//1 6448//1
f 343//1 6448//1 6451//1
f 203//1 3598//1 3595//1
f 341//1 5027//1 5026//1
f 341//1 5026//1 5029//1
f 342//1 5737//1 5736//1
f 206//1 5740//1 5739//1
f 206//1 5739//1 5742//1
f 341//1 5030//1 5027//1
f 340//2 4313//2 4312//2
f 340//2 4312//2 4315//2
f 209//2 2160//2 2159//2
f 338//2 2880//2 2879//2
f 338//2 2879//2 2882//2
f 339//2 3601//2 3600//2
f 208//2 7170//2 7169//2
f 208//2 7169//2 7172//2
f 338//2 2883//2 2880//2
f 337//2 2163//2 2162//2
f 337//2 2162//2 2165//2
f 208//2 7173//2 7170//2
f 335//2 6454//2 6453//2
f 335//2 6453//2 6456//2
f 336//2 7176//2 7175//2
f 211//2 3605//2 3604//2
f 211//2 3604//2 3607//2
f 335//2 6457//2 6454//2
f 334//6 5745//6 5744//6
f 334//6 5744//6 5747//6
f 214//6 5749//6 5748//6
f 332//6 4318//6 4317//6
f 332//6 4317//6 4320//6
f 333//6 5034//6 5033//6
f 213//6 5037//6 5036//6
f 213//6 5036//6 5039//6
f 332//6 4321//6 4318//6
f 331//6 3609//6 3608//6
f 331//6 3608//6 3611//6
f 213//6 5041//6 5037//6
f 329//6 2168//6 2167//6
f 329//6 2167//6 2170//6
f 330//6 2887//6 2886//6
f 204//6 4308//6 4323//6
f 204//6 4323//6 4325//6
f 329//6 2171//6 2168//6
f 328//4 7180//4 7179//4
f 328//4 7179//4 7182//4
f 215//4 6461//4 6460//4
f 326//4 5753//4 5752//4
f 326//4 5752//4 5755//4
f 327//4 6464//4 6463//4
f 216//4 7184//4 7183//4
f 216//4 7183//4 7186//4
f 326//4 5756//4 5753//4
f 325//4 5044//4 5043//4
f 325//4 5043//4 5046//4
f 216//4 7187//4 7184//4
f 323//4 3614//4 3613//4
f 323//4 3613//4 3616//4
f 324//4 4328//4 4327//4
f 205//4 5049//4 5048//4
f 205//4 5048//4 5051//4
f 323//4 3617//4 3614//4
f 322//5 2891//5 2890//5
f 322//5 2890//5 2893//5
f 217//5 2175//5 2174//5
f 320//5 7191//5 7190//5
f 320//5 7190//5 7193//5
f 321//5 2178//5 2177//5
f 218//5 2895//5 2894//5
f 218//5 2894//5 2897//5
f 320//5 7194//5 7191//5
f 319//5 6468//5 6467//5
f 319//5 6467//5 6470//5
f 218//5 2898//5 2895//5
f 317//5 5053//5 5052//5
f 317//5 5052//5 5055//5
f 318//5 5760//5 5759//5
f 207//5 6473//5 6472//5
f 207//5 6472//5 6475//5
f 317//5 5056//5 5053//5
f 316//3 4332//3 4331//3
f 316//3 4331//3 4334//3
f 219//3 3621//3 3620//3
f 314//3 2902//3 2901//3
f 314//3 2901//3 2904//3
f 315//3 3624//3 3623//3
f 220//3 4336//3 4335//3
f 220//3 4335//3 4338//3
f 314//3 2905//3 2902//3
f 313//3 2182//3 2181//3
f 313//3 2181//3 2184//3
f 220//3 4339//3 4336//3
f 311//3 6477//3 6476//3
f 311//3 6476//3 6479//3
f 312//3 7198//3 7197//3
f 296//3 7201//3 7200//3
f 296//3 7200//3 7203//3
f 311//3 6480//3 6477//3
f 206//3 5764//3 5763//3
f 206//3 5763//3 5766//3
f 310//3 5768//3 5767//3
f 310//3 5767//3 5770//3
f 310//3 5770//3 5772//3
f 309//3 5060//3 5059//3
f 297//5 2187//5 2186//5
f 297//5 2186//5 2189//5
f 308//5 4343//5 4342//5
f 308//5 4342//5 4345//5
f 308//5 4345//5 4347//5
f 307//5 3628//5 3627//5
f 295//4 6484//4 6483//4
f 295//4 6483//4 6486//4
f 306//4 2909//4 2908//4
f 306//4 2908//4 2911//4
f 306//4 2911//4 2913//4
f 305//4 2191//4 2190//4
f 294//6 5775//6 5774//6
f 294//6 5774//6 5777//6
f 303//6 6488//6 6487//6
f 303//6 6487//6 6490//6
f 303//6 6490//6 6492//6
f 304//6 7206//6 7205//6
f 301//2 5064//2 5063//2
f 301//2 5063//2 5066//2
f 298//2 2915//2 2914//2
f 298//2 2914//2 2917//2
f 298//2 2917//2 2919//2
f 299//2 3632//2 3631//2
f 296//1 7209//1 7208//1
f 296//1 7208//1 7211//1
f 293//1 5069//1 5068//1
f 293//1 5068//1 5071//1
f 293//1 5071//1 5073//1
f 294//1 5778//1 5775//1
f 188//3 4350//3 4349//3
f 188//3 4349//3 4352//3
f 292//3 4354//3 4353//3
f 292//3 4353//3 4356//3
f 292//3 4356//3 4358//3
f 291//3 3636//3 3635//3
f 279//5 6495//5 6494//5
f 279//5 6494//5 6497//5
f 290//5 2922//5 2921//5
f 290//5 2921//5 2924//5
f 290//5 2924//5 2926//5
f 289//5 2196//5 2195//5
f 277//4 5075//4 5074//4
f 277//4 5074//4 5077//4
f 288//4 7214//4 7213//4
f 288//4 7213//4 7216//4
f 288//4 7216//4 7218//4
f 287//4 6500//4 6499//4
f 276//6 4361//6 4360//6
f 276//6 4360//6 4363//6
f 285//6 5080//6 5079//6
f 285//6 5079//6 5082//6
f 285//6 5082//6 5084//6
f 286//6 5782//6 5781//6
f 283//2 3639//2 3638//2
f 283//2 3638//2 3641//2
f 280//2 7221//2 7220//2
f 280//2 7220//2 7223//2
f 280//2 7223//2 7225//2
f 281//2 2199//2 2198//2
f 278//1 5786//1 5785//1
f 278//1 5785//1 5788//1
f 275//1 3644//1 3643//1
f 275//1 3643//1 3646//1
f 275//1 3646//1 3648//1
f 276//1 4365//1 4361//1
f 170//3 2929//3 2928//3
f 170//3 2928//3 2931//3
f 274//3 2933//3 2932//3
f 274//3 2932//3 2935//3
f 274//3 2935//3 2937//3
f 273//3 2203//3 2202//3
f 261//5 5086//5 5085//5
f 261//5 5085//5 5088//5
f 272//5 7227//5 7226//5
f 272//5 7226//5 7229//5
f 272//5 7229//5 7231//5
f 271//5 6504//5 6503//5
f 259//4 3650//4 3649//4
f 259//4 3649//4 3652//4
f 270//4 5790//4 5789//4
f 270//4 5789//4 5792//4
f 270//4 5792//4 5794//4
f 269//4 5091//4 5090//4
f 258//6 2940//6 2939//6
f 258//6 2939//6 2942//6
f 267//6 3655//6 3654//6
f 267//6 3654//6 3657//6
f 267//6 3657//6 3659//6
f 268//6 4369//6 4368//6
f 265//2 2207//2 2206//2
f 265//2 2206//2 2209//2
f 262//2 5797//2 5796//2
f 262//2 5796//2 5799//2
f 262//2 5799//2 5801//2
f 263//2 6508//2 6507//2
f 260//1 4372//1 4371//1
f 260//1 4371//1 4374//1
f 257//1 2211//1 2210//1
f 257//1 2210//1 2213//1
f 257//1 2213//1 2215//1
f 258//1 2944//1 2940//1
f 152//3 7235//3 7234//3
f 152//3 7234//3 7237//3
f 256//3 7239//3 7238//3
f 256//3 7238//3 7241//3
f 256//3 7241//3 7243//3
f 255//3 6511//3 6510//3
f 243//5 3662//5 3661//5
f 243//5 3661//5 3664//5
f 254//5 5804//5 5803//5
f 254//5 5803//5 5806//5
f 254//5 5806//5 5808//5
f 253//5 5095//5 5094//5
f 241//4 2218//4 2217//4
f 241//4 2217//4 2220//4
f 252//4 4377//4 4376//4
f 252//4 4376//4 4379//4
f 252//4 4379//4 4381//4
f 251//4 3666//4 3665//4
f 240//6 7245//6 7244//6
f 240//6 7244//6 7247//6
f 249//6 2222//6 2221//6
f 249//6 2221//6 2224//6
f 249//6 2224//6 2226//6
f 250//6 2948//6 2947//6
f 247//2 6515//2 6514//2
f 247//2 6514//2 6517//2
f 244//2 4383//2 4382//2
f 244//2 4382//2 4385//2
f 244//2 4385//2 4387//2
f 245//2 5099//2 5098//2
f 242//1 2951//1 2950//1
f 242//1 2950//1 2953//1
f 239//1 6519//1 6518//1
f 239//1 6518//1 6521//1
f 239//1 6521//1 6523//1
f 240//1 7249//1 7245//1
f 222//6 5811//6 5810//6
f 222//6 5810//6 5813//6
f 238//6 5815//6 5814//6
f 238//6 5814//6 5817//6
f 238//6 5817//6 5819//6
f 233//6 2229//6 2228//6
f 225//5 2232//5 2231//5
f 225//5 2231//5 2234//5
f 237//5 5103//5 5102//5
f 237//5 5102//5 5105//5
f 237//5 5105//5 5107//5
f 236//5 4390//5 4389//5
f 223//4 6526//4 6525//4
f 223//4 6525//4 6528//4
f 234//4 2956//4 2955//4
f 234//4 2955//4 2958//4
f 234//4 2958//4 2960//4
f 235//4 3671//4 3670//4
f 233//3 2228//3 2235//3
f 233//3 2235//3 2237//3
f 231//3 6530//3 6529//3
f 231//3 6529//3 6532//3
f 231//3 6532//3 6534//3
f 224//3 7253//3 7252//3
f 229//2 5109//2 5108//2
f 229//2 5108//2 5111//2
f 226//2 2962//2 2961//2
f 226//2 2961//2 2964//2
f 226//2 2964//2 2966//2
f 227//2 3674//2 3673//2
f 224//1 7252//1 7255//1
f 224//1 7255//1 7257//1
f 221//1 5114//1 5113//1
f 221//1 5113//1 5116//1
f 221//1 5116//1 5118//1
f 222//1 5821//1 5811//1
f 1930//1 2240//1 2239//1
f 1930//1 2239//1 5822//1
f 582//1 5823//1 2968//1
f 1928//1 2241//1 7259//1
f 1928//1 7259//1 7258//1
f 1929//1 2242//1 5824//1
f 581//1 2243//1 5119//1
f 581//1 5119//1 5117//1
f 1928//1 2244//1 2241//1
f 1927//1 5826//1 5825//1
f 1927//1 5825//1 5115//1
f 581//1 5120//1 2243//1
f 1925//1 5827//1 5121//1
f 1925//1 5121//1 5112//1
f 1926//1 5828//1 5122//1
f 584//1 4393//1 7260//1
f 584//1 7260//1 7256//1
f 1925//1 5829//1 5827//1
f 1924//2 3677//2 3676//2
f 1924//2 3676//2 3675//2
f 587//2 3678//2 6536//2
f 1922//2 3679//2 2970//2
f 1922//2 2970//2 2967//2
f 1923//2 3680//2 3681//2
f 586//2 5831//2 2971//2
f 586//2 2971//2 2965//2
f 1922//2 3682//2 3679//2
f 1921//2 7262//2 7261//2
f 1921//2 7261//2 2963//2
f 586//2 2972//2 5831//2
f 1919//2 7263//2 6538//2
f 1919//2 6538//2 6535//2
f 1920//2 7264//2 2973//2
f 589//2 2247//2 5123//2
f 589//2 5123//2 5110//2
f 1919//2 7265//2 7263//2
f 1918//3 5125//3 5124//3
f 1918//3 5124//3 7254//3
f 584//3 7267//3 4393//3
f 1916//3 5126//3 4395//3
f 1916//3 4395//3 4392//3
f 1917//3 5127//3 7268//3
f 591//3 3684//3 6539//3
f 591//3 6539//3 6533//3
f 1916//3 5128//3 5126//3
f 1915//3 2975//3 2974//3
f 1915//3 2974//3 6531//3
f 591//3 6540//3 3684//3
f 1913//3 2976//3 2248//3
f 1913//3 2248//3 2238//3
f 1914//3 2977//3 6541//3
f 593//3 5130//3 2249//3
f 593//3 2249//3 2236//3
f 1913//3 2978//3 2976//3
f 1912//4 6543//4 6542//4
f 1912//4 6542//4 3672//4
f 595//4 3686//4 6544//4
f 1910//4 6546//4 5833//4
f 1910//4 5833//4 5820//4
f 1911//4 6547//4 3687//4
f 594//4 5834//4 2980//4
f 594//4 2980//4 2959//4
f 1910//4 6548//4 6546//4
f 1909//4 4397//4 4396//4
f 1909//4 4396//4 2957//4
f 594//4 2981//4 5834//4
f 1907//4 4398//4 3688//4
f 1907//4 3688//4 3669//4
f 1908//4 4399//4 2982//4
f 583//4 3689//4 6550//4
f 583//4 6550//4 6527//4
f 1907//4 4400//4 4398//4
f 1906//5 2251//5 2250//5
f 1906//5 2250//5 4391//5
f 596//5 4402//5 7269//5
f 1904//5 2252//5 7271//5
f 1904//5 7271//5 7251//5
f 1905//5 2253//5 4403//5
f 597//5 2254//5 5131//5
f 597//5 5131//5 5106//5
f 1904//5 2255//5 2252//5
f 1903//5 5837//5 5836//5
f 1903//5 5836//5 5104//5
f 597//5 5132//5 2254//5
f 1901//5 5838//5 5133//5
f 1901//5 5133//5 5101//5
f 1902//5 5839//5 5134//5
f 585//5 5135//5 2258//5
f 585//5 2258//5 2233//5
f 1901//5 5840//5 5838//5
f 1900//6 3691//6 3690//6
f 1900//6 3690//6 2230//6
f 593//6 2259//6 5130//6
f 1898//6 3692//6 2983//6
f 1898//6 2983//6 2954//6
f 1899//6 3693//6 2260//6
f 598//6 2984//6 5842//6
f 598//6 5842//6 5818//6
f 1898//6 3694//6 3692//6
f 1897//6 7273//6 7272//6
f 1897//6 7272//6 5816//6
f 598//6 5843//6 2984//6
f 1895//6 7274//6 6551//6
f 1895//6 6551//6 6524//6
f 1896//6 7275//6 5844//6
f 582//6 2968//6 5845//6
f 582//6 5845//6 5812//6
f 1895//6 7276//6 7274//6
f 1894//1 5138//1 5137//1
f 1894//1 5137//1 7250//1
f 600//1 7278//1 4404//1
f 1892//1 5139//1 4406//1
f 1892//1 4406//1 4388//1
f 1893//1 5140//1 7279//1
f 599//1 3696//1 6552//1
f 599//1 6552//1 6522//1
f 1892//1 5141//1 5139//1
f 1891//1 2987//1 2986//1
f 1891//1 2986//1 6520//1
f 599//1 6553//1 3696//1
f 1889//1 2988//1 2261//1
f 1889//1 2261//1 2227//1
f 1890//1 2989//1 6554//1
f 602//1 5575//1 2990//1
f 602//1 2990//1 2952//1
f 1889//1 2991//1 2988//1
f 1888//2 6556//2 6555//2
f 1888//2 6555//2 5100//2
f 605//2 5143//2 2262//2
f 1886//2 6557//2 5846//2
f 1886//2 5846//2 5809//2
f 1887//2 6558//2 5144//2
f 604//2 7280//2 4407//2
f 604//2 4407//2 4386//2
f 1886//2 6559//2 6557//2
f 1885//2 4409//2 4408//2
f 1885//2 4408//2 4384//2
f 604//2 4410//2 7280//2
f 1883//2 4411//2 3698//2
f 1883//2 3698//2 3668//2
f 1884//2 4412//2 4413//2
f 607//2 3699//2 6561//2
f 607//2 6561//2 6516//2
f 1883//2 4414//2 4411//2
f 1882//6 2265//6 2264//6
f 1882//6 2264//6 2949//6
f 610//6 2993//6 5847//6
f 1880//6 2266//6 7282//6
f 1880//6 7282//6 7248//6
f 1881//6 2267//6 2994//6
f 609//6 5145//6 2268//6
f 609//6 2268//6 2225//6
f 1880//6 2269//6 2266//6
f 1879//6 5850//6 5849//6
f 1879//6 5849//6 2223//6
f 609//6 2271//6 5145//6
f 1877//6 5851//6 5147//6
f 1877//6 5147//6 5097//6
f 1878//6 5852//6 2272//6
f 600//6 4404//6 7283//6
f 600//6 7283//6 7246//6
f 1877//6 5853//6 5851//6
f 1876//4 3701//4 3700//4
f 1876//4 3700//4 3667//4
f 611//4 3702//4 6562//4
f 1874//4 3703//4 2995//4
f 1874//4 2995//4 2946//4
f 1875//4 3704//4 3705//4
f 612//4 7284//4 4416//4
f 612//4 4416//4 4380//4
f 1874//4 3706//4 3703//4
f 1873//4 7286//4 7285//4
f 1873//4 7285//4 4378//4
f 612//4 4417//4 7284//4
f 1871//4 7288//4 6564//4
f 1871//4 6564//4 6513//4
f 1872//4 7289//4 4418//4
f 601//4 5148//4 2273//4
f 601//4 2273//4 2219//4
f 1871//4 7290//4 7288//4
f 1870//5 5150//5 5149//5
f 1870//5 5149//5 5096//5
f 613//5 5151//5 2274//5
f 1868//5 5152//5 4419//5
f 1868//5 4419//5 4375//5
f 1869//5 5153//5 5154//5
f 614//5 2996//5 5855//5
f 614//5 5855//5 5807//5
f 1868//5 5155//5 5152//5
f 1867//5 2998//5 2997//5
f 1867//5 2997//5 5805//5
f 614//5 5856//5 2996//5
f 1865//5 3000//5 2276//5
f 1865//5 2276//5 2216//5
f 1866//5 3001//5 5857//5
f 603//5 6565//5 3708//5
f 603//5 3708//5 3663//5
f 1865//5 3002//5 3000//5
f 1864//3 6567//3 6566//3
f 1864//3 6566//3 6512//3
f 615//3 6568//3 3709//3
f 1862//3 6569//3 5858//3
f 1862//3 5858//3 5802//3
f 1863//3 6570//3 6571//3
f 616//3 4420//3 7292//3
f 616//3 7292//3 7242//3
f 1862//3 6572//3 6569//3
f 1861//3 4422//3 4421//3
f 1861//3 4421//3 7240//3
f 616//3 7293//3 4420//3
f 1859//3 4424//3 3711//3
f 1859//3 3711//3 3660//3
f 1860//3 4425//3 7294//3
f 872//3 5585//3 7295//3
f 872//3 7295//3 7236//3
f 1859//3 4426//3 4424//3
f 1858//1 2278//1 2277//1
f 1858//1 2277//1 2945//1
f 618//1 3004//1 5859//1
f 1856//1 2279//1 7296//1
f 1856//1 7296//1 7233//1
f 1857//1 2280//1 3005//1
f 617//1 5157//1 2281//1
f 617//1 2281//1 2214//1
f 1856//1 2282//1 2279//1
f 1855//1 5862//1 5861//1
f 1855//1 5861//1 2212//1
f 617//1 2284//1 5157//1
f 1853//1 5863//1 5159//1
f 1853//1 5159//1 5093//1
f 1854//1 5864//1 2285//1
f 620//1 6998//1 4428//1
f 620//1 4428//1 4373//1
f 1853//1 5865//1 5863//1
f 1852//2 3713//2 3712//2
f 1852//2 3712//2 6509//2
f 623//2 6574//2 3714//2
f 1850//2 3716//2 3006//2
f 1850//2 3006//2 2943//2
f 1851//2 3717//2 6575//2
f 622//2 3007//2 5867//2
f 622//2 5867//2 5800//2
f 1850//2 3718//2 3716//2
f 1849//2 7298//2 7297//2
f 1849//2 7297//2 5798//2
f 622//2 5868//2 3007//2
f 1847//2 7299//2 6576//2
f 1847//2 6576//2 6506//2
f 1848//2 7300//2 5869//2
f 625//2 5160//2 2286//2
f 625//2 2286//2 2208//2
f 1847//2 7301//2 7299//2
f 1846//6 5162//6 5161//6
f 1846//6 5161//6 4370//6
f 628//6 4429//6 7303//6
f 1844//6 5163//6 4430//6
f 1844//6 4430//6 4367//6
f 1845//6 5164//6 4431//6
f 627//6 6577//6 3720//6
f 627//6 3720//6 3658//6
f 1844//6 5165//6 5163//6
f 1843//6 3010//6 3009//6
f 1843//6 3009//6 3656//6
f 627//6 3721//6 6577//6
f 1841//6 3011//6 2287//6
f 1841//6 2287//6 2205//6
f 1842//6 3012//6 3722//6
f 618//6 5859//6 3013//6
f 618//6 3013//6 2941//6
f 1841//6 3014//6 3011//6
f 1840//4 6580//4 6579//4
f 1840//4 6579//4 5092//4
f 629//4 5167//4 2288//4
f 1838//4 6581//4 5870//4
f 1838//4 5870//4 5795//4
f 1839//4 6582//4 5168//4
f 630//4 3016//4 5871//4
f 630//4 5871//4 5793//4
f 1838//4 6583//4 6581//4
f 1837//4 4433//4 4432//4
f 1837//4 4432//4 5791//4
f 630//4 5872//4 3016//4
f 1835//4 4434//4 3723//4
f 1835//4 3723//4 3653//4
f 1836//4 4435//4 5873//4
f 619//4 6585//4 3724//4
f 619//4 3724//4 3651//4
f 1835//4 4436//4 4434//4
f 1834//5 2291//5 2290//5
f 1834//5 2290//5 6505//5
f 631//5 6586//5 3725//5
f 1832//5 2292//5 7305//5
f 1832//5 7305//5 7232//5
f 1833//5 2293//5 6587//5
f 632//5 4438//5 7306//5
f 632//5 7306//5 7230//5
f 1832//5 2294//5 2292//5
f 1831//5 5875//5 5874//5
f 1831//5 5874//5 7228//5
f 632//5 7307//5 4438//5
f 1829//5 5876//5 5169//5
f 1829//5 5169//5 5089//5
f 1830//5 5877//5 7308//5
f 621//5 2296//5 5170//5
f 621//5 5170//5 5087//5
f 1829//5 5878//5 5876//5
f 1828//3 3728//3 3727//3
f 1828//3 3727//3 2204//3
f 633//3 2297//3 5171//3
f 1826//3 3729//3 3018//3
f 1826//3 3018//3 2938//3
f 1827//3 3730//3 2298//3
f 634//3 5880//3 3019//3
f 634//3 3019//3 2936//3
f 1826//3 3731//3 3729//3
f 1825//3 7310//3 7309//3
f 1825//3 7309//3 2934//3
f 634//3 3020//3 5880//3
f 1823//3 7311//3 6588//3
f 1823//3 6588//3 6502//3
f 1824//3 7312//3 3021//3
f 890//3 7007//3 3022//3
f 890//3 3022//3 2930//3
f 1823//3 7313//3 7311//3
f 1822//1 5174//1 5173//1
f 1822//1 5173//1 4366//1
f 636//1 4440//1 7315//1
f 1820//1 5175//1 4441//1
f 1820//1 4441//1 4364//1
f 1821//1 5176//1 4442//1
f 635//1 6589//1 3733//1
f 635//1 3733//1 3647//1
f 1820//1 5177//1 5175//1
f 1819//1 3024//1 3023//1
f 1819//1 3023//1 3645//1
f 635//1 3734//1 6589//1
f 1817//1 3025//1 2299//1
f 1817//1 2299//1 2201//1
f 1818//1 3026//1 3735//1
f 638//1 2695//1 5882//1
f 638//1 5882//1 5787//1
f 1817//1 3027//1 3025//1
f 1816//2 6592//2 6591//2
f 1816//2 6591//2 2200//2
f 641//2 2300//2 5179//2
f 1814//2 6593//2 5883//2
f 1814//2 5883//2 5784//2
f 1815//2 6594//2 2301//2
f 640//2 4443//2 7317//2
f 640//2 7317//2 7224//2
f 1814//2 6595//2 6593//2
f 1813//2 4445//2 4444//2
f 1813//2 4444//2 7222//2
f 640//2 7318//2 4443//2
f 1811//2 4447//2 3736//2
f 1811//2 3736//2 3642//2
f 1812//2 4448//2 7319//2
f 643//2 6597//2 3737//2
f 643//2 3737//2 3640//2
f 1811//2 4449//2 4447//2
f 1810//6 2303//6 2302//6
f 1810//6 2302//6 5783//6
f 646//6 5884//6 3029//6
f 1808//6 2304//6 7320//6
f 1808//6 7320//6 7219//6
f 1809//6 2305//6 5885//6
f 645//6 2306//6 5181//6
f 645//6 5181//6 5083//6
f 1808//6 2307//6 2304//6
f 1807//6 5887//6 5886//6
f 1807//6 5886//6 5081//6
f 645//6 5182//6 2306//6
f 1805//6 5888//6 5183//6
f 1805//6 5183//6 5078//6
f 1806//6 5889//6 5184//6
f 636//6 7315//6 4451//6
f 636//6 4451//6 4362//6
f 1805//6 5890//6 5888//6
f 1804//4 3739//4 3738//4
f 1804//4 3738//4 6501//4
f 647//4 6598//4 3740//4
f 1802//4 3742//4 3031//4
f 1802//4 3031//4 2927//4
f 1803//4 3743//4 6599//4
f 648//4 4452//4 7321//4
f 648//4 7321//4 7217//4
f 1802//4 3744//4 3742//4
f 1801//4 7323//4 7322//4
f 1801//4 7322//4 7215//4
f 648//4 7324//4 4452//4
f 1799//4 7325//4 6600//4
f 1799//4 6600//4 6498//4
f 1800//4 7326//4 7327//4
f 637//4 2310//4 5185//4
f 637//4 5185//4 5076//4
f 1799//4 7328//4 7325//4
f 1798//5 5187//5 5186//5
f 1798//5 5186//5 2197//5
f 649//5 2311//5 5188//5
f 1796//5 5190//5 4454//5
f 1796//5 4454//5 4359//5
f 1797//5 5191//5 2312//5
f 650//5 5892//5 3032//5
f 650//5 3032//5 2925//5
f 1796//5 5192//5 5190//5
f 1795//5 3034//5 3033//5
f 1795//5 3033//5 2923//5
f 650//5 3035//5 5892//5
f 1793//5 3036//5 2313//5
f 1793//5 2313//5 2194//5
f 1794//5 3037//5 3038//5
f 639//5 3746//5 6601//5
f 639//5 6601//5 6496//5
f 1793//5 3039//5 3036//5
f 1792//3 6603//3 6602//3
f 1792//3 6602//3 3637//3
f 651//3 3747//3 6604//3
f 1790//3 6606//3 5894//3
f 1790//3 5894//3 5780//3
f 1791//3 6607//3 3748//3
f 652//3 7330//3 4455//3
f 652//3 4455//3 4357//3
f 1790//3 6608//3 6606//3
f 1789//3 4457//3 4456//3
f 1789//3 4456//3 4355//3
f 652//3 4458//3 7330//3
f 1787//3 4459//3 3749//3
f 1787//3 3749//3 3634//3
f 1788//3 4460//3 4461//3
f 908//3 2704//3 4462//3
f 908//3 4462//3 4351//3
f 1787//3 4463//3 4459//3
f 1786//1 2315//1 2314//1
f 1786//1 2314//1 5779//1
f 654//1 5895//1 3041//1
f 1784//1 2316//1 7332//1
f 1784//1 7332//1 7212//1
f 1785//1 2317//1 5896//1
f 653//1 2318//1 5194//1
f 653//1 5194//1 5072//1
f 1784//1 2319//1 2316//1
f 1783//1 5898//1 5897//1
f 1783//1 5897//1 5070//1
f 653//1 5195//1 2318//1
f 1781//1 5899//1 5196//1
f 1781//1 5196//1 5067//1
f 1782//1 5900//1 5197//1
f 656//1 4116//1 7333//1
f 656//1 7333//1 7210//1
f 1781//1 5901//1 5899//1
f 1780//2 3751//2 3750//2
f 1780//2 3750//2 3633//2
f 659//2 3752//2 6610//2
f 1778//2 3753//2 3043//2
f 1778//2 3043//2 2920//2
f 1779//2 3754//2 3755//2
f 658//2 5903//2 3044//2
f 658//2 3044//2 2918//2
f 1778//2 3756//2 3753//2
f 1777//2 7335//2 7334//2
f 1777//2 7334//2 2916//2
f 658//2 3045//2 5903//2
f 1775//2 7336//2 6612//2
f 1775//2 6612//2 6493//2
f 1776//2 7337//2 3046//2
f 661//2 2322//2 5198//2
f 661//2 5198//2 5065//2
f 1775//2 7338//2 7336//2
f 1774//6 5200//6 5199//6
f 1774//6 5199//6 7207//6
f 664//6 7340//6 4465//6
f 1772//6 5201//6 4467//6
f 1772//6 4467//6 4348//6
f 1773//6 5202//6 7341//6
f 663//6 3758//6 6613//6
f 663//6 6613//6 6491//6
f 1772//6 5203//6 5201//6
f 1771//6 3048//6 3047//6
f 1771//6 3047//6 6489//6
f 663//6 6614//6 3758//6
f 1769//6 3049//6 2323//6
f 1769//6 2323//6 2193//6
f 1770//6 3050//6 6615//6
f 654//6 3041//6 5905//6
f 654//6 5905//6 5776//6
f 1769//6 3051//6 3049//6
f 1768//4 6617//4 6616//4
f 1768//4 6616//4 2192//4
f 665//4 2324//4 5205//4
f 1766//4 6618//4 5906//4
f 1766//4 5906//4 5773//4
f 1767//4 6619//4 2325//4
f 666//4 5907//4 3053//4
f 666//4 3053//4 2912//4
f 1766//4 6620//4 6618//4
f 1765//4 4469//4 4468//4
f 1765//4 4468//4 2910//4
f 666//4 3054//4 5907//4
f 1763//4 4470//4 3760//4
f 1763//4 3760//4 3630//4
f 1764//4 4471//4 3055//4
f 655//4 3761//4 6622//4
f 655//4 6622//4 6485//4
f 1763//4 4472//4 4470//4
f 1762//5 2327//5 2326//5
f 1762//5 2326//5 3629//5
f 667//5 3762//5 6623//5
f 1760//5 2328//5 7342//5
f 1760//5 7342//5 7204//5
f 1761//5 2329//5 3763//5
f 668//5 7343//5 4474//5
f 668//5 4474//5 4346//5
f 1760//5 2330//5 2328//5
f 1759//5 5910//5 5909//5
f 1759//5 5909//5 4344//5
f 668//5 4475//5 7343//5
f 1757//5 5911//5 5207//5
f 1757//5 5207//5 5062//5
f 1758//5 5912//5 4476//5
f 657//5 5208//5 2332//5
f 657//5 2332//5 2188//5
f 1757//5 5913//5 5911//5
f 1756//3 3765//3 3764//3
f 1756//3 3764//3 5061//3
f 669//3 5209//3 2333//3
f 1754//3 3766//3 3056//3
f 1754//3 3056//3 2907//3
f 1755//3 3767//3 5210//3
f 670//3 3057//3 5915//3
f 670//3 5915//3 5771//3
f 1754//3 3768//3 3766//3
f 1753//3 7346//3 7345//3
f 1753//3 7345//3 5769//3
f 670//3 5916//3 3057//3
f 1751//3 7347//3 6625//3
f 1751//3 6625//3 6482//3
f 1752//3 7348//3 5917//3
f 926//3 4126//3 5918//3
f 926//3 5918//3 5765//3
f 1751//3 7349//3 7347//3
f 1750//3 7352//3 7351//3
f 1750//3 7351//3 6481//3
f 671//3 7353//3 4477//3
f 1748//3 7354//3 4478//3
f 1748//3 4478//3 4341//3
f 1749//3 5211//3 6626//3
f 1016//3 1962//3 7355//3
f 1016//3 7355//3 7202//3
f 1748//3 7356//3 7354//3
f 1747//3 2336//3 2335//3
f 1747//3 2335//3 7199//3
f 672//3 7358//3 3058//3
f 1745//3 2339//3 2338//3
f 1745//3 2338//3 2185//3
f 1746//3 3059//3 7359//3
f 671//3 4477//3 6627//3
f 671//3 6627//3 6478//3
f 1745//3 2340//3 2339//3
f 1744//3 5920//3 5919//3
f 1744//3 5919//3 4340//3
f 580//3 5921//3 5212//3
f 1742//3 5923//3 5922//3
f 1742//3 5922//3 5762//3
f 1743//3 6628//3 4480//3
f 1033//3 4479//3 5924//3
f 1033//3 5924//3 2183//3
f 1742//3 5925//3 5923//3
f 1741//3 3771//3 3770//3
f 1741//3 3770//3 2906//3
f 674//3 3772//3 6629//3
f 1739//3 3774//3 3773//3
f 1739//3 3773//3 3626//3
f 1740//3 4481//3 3060//3
f 580//3 5212//3 4482//3
f 580//3 4482//3 4337//3
f 1739//3 3775//3 3774//3
f 1738//3 4484//3 4483//3
f 1738//3 4483//3 3625//3
f 675//3 3777//3 2334//3
f 1736//3 4486//3 7360//3
f 1736//3 7360//3 7196//3
f 1737//3 2341//3 3778//3
f 674//3 6629//3 3061//3
f 674//3 3061//3 2903//3
f 1736//3 4487//3 4486//3
f 1735//3 2343//3 2342//3
f 1735//3 2342//3 3622//3
f 579//3 2344//3 7361//3
f 1733//3 2345//3 5214//3
f 1733//3 5214//3 5058//3
f 1734//3 5927//3 3779//3
f 1036//3 6630//3 2346//3
f 1036//3 2346//3 4333//3
f 1733//3 2347//3 2345//3
f 1732//5 5216//5 5215//5
f 1732//5 5215//5 5057//5
f 677//5 5217//5 2349//5
f 1730//5 5218//5 3062//5
f 1730//5 3062//5 2900//5
f 1731//5 3780//5 5219//5
f 567//5 4488//5 6631//5
f 567//5 6631//5 6474//5
f 1730//5 5220//5 5218//5
f 1729//5 6633//5 6632//5
f 1729//5 6632//5 5761//5
f 678//5 5928//5 7344//5
f 1727//5 6636//5 6635//5
f 1727//5 6635//5 6471//5
f 1728//5 7363//5 5929//5
f 677//5 2349//5 5222//5
f 677//5 5222//5 5054//5
f 1727//5 6637//5 6636//5
f 1726//5 3782//5 3781//5
f 1726//5 3781//5 2899//5
f 578//5 3063//5 7364//5
f 1724//5 3783//5 4489//5
f 1724//5 4489//5 4330//5
f 1725//5 5223//5 3064//5
f 1039//5 2350//5 3784//5
f 1039//5 3784//5 6469//5
f 1724//5 3785//5 3783//5
f 1723//5 3066//5 3065//5
f 1723//5 3065//5 7195//5
f 680//5 7365//5 7366//5
f 1721//5 3068//5 2351//5
f 1721//5 2351//5 2180//5
f 1722//5 3069//5 7368//5
f 578//5 7364//5 3070//5
f 578//5 3070//5 2896//5
f 1721//5 3071//5 3068//5
f 1720//5 3074//5 3073//5
f 1720//5 3073//5 2179//5
f 681//5 2352//5 6624//5
f 1718//5 3076//5 5930//5
f 1718//5 5930//5 5758//5
f 1719//5 6638//5 2353//5
f 680//5 7366//5 7370//5
f 680//5 7370//5 7192//5
f 1718//5 3077//5 3076//5
f 1717//5 4491//5 4490//5
f 1717//5 4490//5 2176//5
f 577//5 2354//5 6639//5
f 1715//5 4493//5 3787//5
f 1715//5 3787//5 3619//5
f 1716//5 4494//5 2355//5
f 1042//5 7371//5 4495//5
f 1042//5 4495//5 2892//5
f 1715//5 4496//5 4493//5
f 1714//4 3789//4 3788//4
f 1714//4 3788//4 3618//4
f 683//4 3790//4 6641//4
f 1712//4 3791//4 7373//4
f 1712//4 7373//4 7189//4
f 1713//4 2356//4 3792//4
f 565//4 3793//4 5224//4
f 565//4 5224//4 5050//4
f 1712//4 3794//4 3791//4
f 1711//4 5226//4 5225//4
f 1711//4 5225//4 4329//4
f 684//4 4498//4 5908//4
f 1709//4 5229//4 5228//4
f 1709//4 5228//4 5047//4
f 1710//4 5931//4 4499//4
f 683//4 6641//4 3796//4
f 683//4 3796//4 3615//4
f 1709//4 5230//4 5229//4
f 1708//4 2358//4 2357//4
f 1708//4 2357//4 7188//4
f 576//4 7374//4 6643//4
f 1706//4 2359//4 3078//4
f 1706//4 3078//4 2889//4
f 1707//4 3797//4 7375//4
f 1045//4 6642//4 2360//4
f 1045//4 2360//4 5045//4
f 1706//4 2361//4 2359//4
f 1705//4 4501//4 4500//4
f 1705//4 4500//4 5757//4
f 686//4 5932//4 3079//4
f 1703//4 4503//4 6644//4
f 1703//4 6644//4 6466//4
f 1704//4 7376//4 5933//4
f 576//4 6643//4 4504//4
f 576//4 4504//4 7185//4
f 1703//4 4505//4 4503//4
f 1702//4 7378//4 7377//4
f 1702//4 7377//4 6465//4
f 687//4 6646//4 5206//4
f 1700//4 7380//4 4507//4
f 1700//4 4507//4 4326//4
f 1701//4 5231//4 6647//4
f 686//4 3079//4 5934//4
f 686//4 5934//4 5754//4
f 1700//4 7381//4 7380//4
f 1699//4 5936//4 5935//4
f 1699//4 5935//4 6462//4
f 575//4 6648//4 5938//4
f 1697//4 5940//4 2363//4
f 1697//4 2363//4 2173//4
f 1698//4 3082//4 6649//4
f 1048//4 3081//4 5941//4
f 1048//4 5941//4 7181//4
f 1697//4 5942//4 5940//4
f 1696//6 2365//6 2364//6
f 1696//6 2364//6 2172//6
f 689//6 2366//6 5232//6
f 1694//6 2367//6 5944//6
f 1694//6 5944//6 5751//6
f 1695//6 6650//6 2368//6
f 564//6 3084//6 4508//6
f 564//6 4508//6 4324//6
f 1694//6 2369//6 2367//6
f 1693//6 3799//6 3798//6
f 1693//6 3798//6 2888//6
f 690//6 3085//6 3759//6
f 1691//6 3802//6 3801//6
f 1691//6 3801//6 3612//6
f 1692//6 4509//6 3086//6
f 689//6 5232//6 2371//6
f 689//6 2371//6 2169//6
f 1691//6 3803//6 3802//6
f 1690//6 6652//6 6651//6
f 1690//6 6651//6 5042//6
f 573//6 5234//6 5945//6
f 1688//6 6653//6 7382//6
f 1688//6 7382//6 7178//6
f 1689//6 2372//6 5235//6
f 1051//6 5233//6 6654//6
f 1051//6 6654//6 3610//6
f 1688//6 6655//6 6653//6
f 1687//6 3805//6 3804//6
f 1687//6 3804//6 4322//6
f 692//6 4510//6 2373//6
f 1685//6 3807//6 5236//6
f 1685//6 5236//6 5040//6
f 1686//6 5946//6 4511//6
f 573//6 5945//6 3808//6
f 573//6 3808//6 5038//6
f 1685//6 3809//6 3807//6
f 1684//6 5949//6 5948//6
f 1684//6 5948//6 5035//6
f 693//6 5237//6 4466//6
f 1682//6 5951//6 3087//6
f 1682//6 3087//6 2885//6
f 1683//6 3810//6 5238//6
f 692//6 2373//6 4512//6
f 692//6 4512//6 4319//6
f 1682//6 5952//6 5951//6
f 1681//6 5240//6 5239//6
f 1681//6 5239//6 5750//6
f 574//6 5953//6 5213//6
f 1679//6 5242//6 6657//6
f 1679//6 6657//6 6459//6
f 1680//6 7383//6 5954//6
f 1054//6 2374//6 5243//6
f 1054//6 5243//6 5746//6
f 1679//6 5244//6 5242//6
f 1678//2 5956//2 5955//2
f 1678//2 5955//2 6458//2
f 695//2 5957//2 3088//2
f 1676//2 5958//2 4513//2
f 1676//2 4513//2 4316//2
f 1677//2 5245//2 6658//2
f 571//2 5947//2 3811//2
f 571//2 3811//2 3606//2
f 1676//2 5959//2 5958//2
f 1675//2 2376//2 2375//2
f 1675//2 2375//2 7177//2
f 696//2 7384//2 5904//2
f 1673//2 2379//2 2378//2
f 1673//2 2378//2 2166//2
f 1674//2 3089//2 7385//2
f 695//2 3088//2 6659//2
f 695//2 6659//2 6455//2
f 1673//2 2380//2 2379//2
f 1672//2 4515//2 4514//2
f 1672//2 4514//2 7174//2
f 568//2 7386//2 6660//2
f 1670//2 4516//2 5960//2
f 1670//2 5960//2 5743//2
f 1671//2 6661//2 7387//2
f 1057//2 3090//2 4517//2
f 1057//2 4517//2 2164//2
f 1670//2 4518//2 4516//2
f 1669//2 4520//2 4519//2
f 1669//2 4519//2 2884//2
f 698//2 4521//2 7388//2
f 1667//2 4522//2 3812//2
f 1667//2 3812//2 3603//2
f 1668//2 4523//2 3091//2
f 568//2 6660//2 7389//2
f 568//2 7389//2 7171//2
f 1667//2 4524//2 4522//2
f 1666//2 4526//2 4525//2
f 1666//2 4525//2 3602//2
f 699//2 3813//2 6611//2
f 1664//2 4528//2 7390//2
f 1664//2 7390//2 7168//2
f 1665//2 2381//2 3814//2
f 698//2 7388//2 3092//2
f 698//2 3092//2 2881//2
f 1664//2 4529//2 4528//2
f 1663//2 3094//2 3093//2
f 1663//2 3093//2 2161//2
f 569//2 2382//2 7362//2
f 1661//2 3095//2 5246//2
f 1661//2 5246//2 5032//2
f 1662//2 5961//2 2383//2
f 1060//2 7391//2 3096//2
f 1060//2 3096//2 4314//2
f 1661//2 3097//2 3095//2
f 1660//1 6663//1 6662//1
f 1660//1 6662//1 5031//1
f 701//1 5247//1 5248//1
f 1658//1 6665//1 3098//1
f 1658//1 3098//1 2878//1
f 1659//1 3815//1 5249//1
f 566//1 4114//1 5962//1
f 566//1 5962//1 5741//1
f 1658//1 6666//1 6665//1
f 1657//1 6668//1 6667//1
f 1657//1 6667//1 5738//1
f 702//1 5963//1 2321//1
f 1655//1 6671//1 6670//1
f 1655//1 6670//1 6452//1
f 1656//1 7392//1 5964//1
f 701//1 5248//1 5250//1
f 701//1 5250//1 5028//1
f 1655//1 6672//1 6671//1
f 1654//1 2385//1 2384//1
f 1654//1 2384//1 3599//1
f 563//1 3816//1 3817//1
f 1652//1 2387//1 4530//1
f 1652//1 4530//1 4311//1
f 1653//1 5252//1 3818//1
f 1063//1 5251//1 2388//1
f 1063//1 2388//1 6450//1
f 1652//1 2389//1 2387//1
f 1651//1 5254//1 5253//1
f 1651//1 5253//1 7167//1
f 704//1 7393//1 3819//1
f 1649//1 5256//1 2390//1
f 1649//1 2390//1 2158//1
f 1650//1 3099//1 7394//1
f 563//1 3817//1 3820//1
f 563//1 3820//1 3596//1
f 1649//1 5257//1 5256//1
f 1648//1 3101//1 3100//1
f 1648//1 3100//1 2157//1
f 705//1 2391//1 3042//1
f 1646//1 3103//1 5965//1
f 1646//1 5965//1 5735//1
f 1647//1 6673//1 2392//1
f 704//1 3819//1 7395//1
f 704//1 7395//1 7164//1
f 1646//1 3104//1 3103//1
f 1645//1 6675//1 6674//1
f 1645//1 6674//1 4310//1
f 564//1 4531//1 3084//1
f 1643//1 6677//1 3822//1
f 1643//1 3822//1 3593//1
f 1644//1 4532//1 4533//1
f 1066//1 3821//1 6678//1
f 1066//1 6678//1 2876//1
f 1643//1 6679//1 6677//1
f 1642//3 5967//3 5966//3
f 1642//3 5966//3 3592//3
f 707//3 5968//3 3105//3
f 1640//3 5969//3 7396//3
f 1640//3 7396//3 7161//3
f 1641//3 2393//3 3823//3
f 998//3 1956//3 5970//3
f 998//3 5970//3 5733//3
f 1640//3 5971//3 5969//3
f 1639//3 5259//3 5258//3
f 1639//3 5258//3 4307//3
f 708//3 4534//3 7331//3
f 1637//3 5262//3 5261//3
f 1637//3 5261//3 5025//3
f 1638//3 5973//3 4535//3
f 707//3 3105//3 3824//3
f 707//3 3824//3 3589//3
f 1637//3 5263//3 5262//3
f 1636//3 4537//3 4536//3
f 1636//3 4536//3 2873//3
f 562//3 4538//3 5264//3
f 1634//3 4539//3 3107//3
f 1634//3 3107//3 2871//3
f 1635//3 3825//3 3108//3
f 1069//3 3106//3 4540//3
f 1069//3 4540//3 5023//3
f 1634//3 4541//3 4539//3
f 1633//3 2395//3 2394//3
f 1633//3 2394//3 5730//3
f 710//3 2396//3 5266//3
f 1631//3 2397//3 6680//3
f 1631//3 6680//3 6447//3
f 1632//3 7397//3 5974//3
f 562//3 5264//3 3109//3
f 562//3 3109//3 2869//3
f 1631//3 2398//3 2397//3
f 1630//3 7399//3 7398//3
f 1630//3 7398//3 6446//3
f 711//3 6681//3 6605//3
f 1628//3 7401//3 4543//3
f 1628//3 4543//3 4304//3
f 1629//3 5267//3 6682//3
f 710//3 5266//3 5975//3
f 710//3 5975//3 5727//3
f 1628//3 7402//3 7401//3
f 1627//3 6684//3 6683//3
f 1627//3 6683//3 2154//3
f 561//3 6685//3 7403//3
f 1625//3 6686//3 2400//3
f 1625//3 2400//3 2151//3
f 1626//3 3110//3 2401//3
f 1072//3 5268//3 6687//3
f 1072//3 6687//3 7159//3
f 1625//3 6688//3 6686//3
f 1624//5 3827//5 3826//5
f 1624//5 3826//5 2150//5
f 713//5 3828//5 6690//5
f 1622//5 3829//5 5976//5
f 1622//5 5976//5 5724//5
f 1623//5 6691//5 2402//5
f 549//5 4544//5 5269//5
f 549//5 5269//5 5019//5
f 1622//5 3830//5 3829//5
f 1621//5 3833//5 3832//5
f 1621//5 3832//5 2866//5
f 714//5 3111//5 5893//5
f 1619//5 3836//5 3835//5
f 1619//5 3835//5 3586//5
f 1620//5 4545//5 3112//5
f 713//5 6690//5 2403//5
f 713//5 2403//5 2147//5
f 1619//5 3837//5 3836//5
f 1618//5 2405//5 2404//5
f 1618//5 2404//5 7156//5
f 560//5 7405//5 7406//5
f 1616//5 2406//5 7407//5
f 1616//5 7407//5 7154//5
f 1617//5 2407//5 7408//5
f 1075//5 6692//5 2408//5
f 1075//5 2408//5 3584//5
f 1616//5 2409//5 2406//5
f 1615//5 7410//5 7409//5
f 1615//5 7409//5 4303//5
f 716//5 4546//5 5977//5
f 1613//5 7412//5 5270//5
f 1613//5 5270//5 5016//5
f 1614//5 5979//5 4547//5
f 560//5 7406//5 7413//5
f 560//5 7413//5 7152//5
f 1613//5 7415//5 7412//5
f 1612//5 5981//5 5980//5
f 1612//5 5980//5 5015//5
f 717//5 5271//5 5189//5
f 1610//5 5983//5 3113//5
f 1610//5 3113//5 2863//5
f 1611//5 3838//5 5272//5
f 716//5 5977//5 4548//5
f 716//5 4548//5 4300//5
f 1610//5 5985//5 5983//5
f 1609//5 3115//5 3114//5
f 1609//5 3114//5 6443//5
f 559//5 6693//5 6694//5
f 1607//5 3117//5 6696//5
f 1607//5 6696//5 6440//5
f 1608//5 7417//5 6697//5
f 1078//5 5984//5 3118//5
f 1078//5 3118//5 5722//5
f 1607//5 3119//5 3117//5
f 1606//4 2412//4 2411//4
f 1606//4 2411//4 6439//4
f 719//4 2413//4 5273//4
f 1604//4 2414//4 4549//4
f 1604//4 4549//4 4297//4
f 1605//4 5274//4 6698//4
f 547//4 3840//4 3839//4
f 547//4 3839//4 3580//4
f 1604//4 2415//4 2414//4
f 1603//4 2418//4 2417//4
f 1603//4 2417//4 7149//4
f 720//4 7418//4 4453//4
f 1601//4 2421//4 2420//4
f 1601//4 2420//4 2144//4
f 1602//4 3121//4 7419//4
f 719//4 5273//4 6699//4
f 719//4 6699//4 6436//4
f 1601//4 2422//4 2421//4
f 1600//4 6701//4 6700//4
f 1600//4 6700//4 5719//4
f 558//4 5987//4 6702//4
f 1598//4 6703//4 5988//4
f 1598//4 5988//4 5717//4
f 1599//4 6704//4 5989//4
f 1081//4 5275//4 6705//4
f 1081//4 6705//4 2142//4
f 1598//4 6706//4 6703//4
f 1597//4 3123//4 3122//4
f 1597//4 3122//4 2862//4
f 722//4 3125//4 7420//4
f 1595//4 3126//4 3841//4
f 1595//4 3841//4 3577//4
f 1596//4 4550//4 3127//4
f 558//4 6702//4 3128//4
f 558//4 3128//4 5715//4
f 1595//4 3129//4 3126//4
f 1594//4 4552//4 4551//4
f 1594//4 4551//4 3576//4
f 723//4 3842//4 3741//4
f 1592//4 4554//4 7422//4
f 1592//4 7422//4 7146//4
f 1593//4 2423//4 3843//4
f 722//4 7420//4 3131//4
f 722//4 3131//4 2859//4
f 1592//4 4555//4 4554//4
f 1591//4 4557//4 4556//4
f 1591//4 4556//4 5012//4
f 557//4 5276//4 5990//4
f 1589//4 4559//4 5277//4
f 1589//4 5277//4 5009//4
f 1590//4 5992//4 5278//4
f 1084//4 7423//4 4560//4
f 1084//4 4560//4 4295//4
f 1589//4 4561//4 4559//4
f 1588//6 6710//6 6709//6
f 1588//6 6709//6 5008//6
f 725//6 6711//6 3844//6
f 1586//6 6712//6 3132//6
f 1586//6 3132//6 2856//6
f 1587//6 3845//6 5279//6
f 546//6 3134//6 3133//6
f 546//6 3133//6 2854//6
f 1586//6 6713//6 6712//6
f 1585//6 6716//6 6715//6
f 1585//6 6715//6 5712//6
f 726//6 5993//6 2309//6
f 1583//6 6719//6 6718//6
f 1583//6 6718//6 6433//6
f 1584//6 7425//6 5994//6
f 725//6 3844//6 5280//6
f 725//6 5280//6 5005//6
f 1583//6 6720//6 6719//6
f 1582//6 5282//6 5281//6
f 1582//6 5281//6 3573//6
f 555//6 3847//6 5995//6
f 1580//6 5283//6 4563//6
f 1580//6 4563//6 4292//6
f 1581//6 5284//6 3848//6
f 1087//6 3846//6 5285//6
f 1087//6 5285//6 6431//6
f 1580//6 5286//6 5283//6
f 1579//6 2425//6 2424//6
f 1579//6 2424//6 7145//6
f 728//6 7426//6 6721//6
f 1577//6 2428//6 2427//6
f 1577//6 2427//6 2139//6
f 1578//6 3135//6 7427//6
f 555//6 5995//6 2429//6
f 555//6 2429//6 3570//6
f 1577//6 2430//6 2428//6
f 1576//6 3137//6 3136//6
f 1576//6 3136//6 2138//6
f 729//6 2431//6 3030//6
f 1574//6 3139//6 5997//6
f 1574//6 5997//6 5709//6
f 1575//6 6722//6 2432//6
f 728//6 6721//6 7428//6
f 728//6 7428//6 7142//6
f 1574//6 3140//6 3139//6
f 1573//6 3850//6 3849//6
f 1573//6 3849//6 4291//6
f 556//6 4564//6 5265//6
f 1571//6 3853//6 3852//6
f 1571//6 3852//6 3567//6
f 1572//6 4565//6 4566//6
f 1090//6 6723//6 3854//6
f 1090//6 3854//6 2851//6
f 1571//6 3855//6 3853//6
f 1570//2 4568//2 4567//2
f 1570//2 4567//2 3566//2
f 731//2 4569//2 7429//2
f 1568//2 4570//2 7430//2
f 1568//2 7430//2 7139//2
f 1569//2 2433//2 3856//2
f 553//2 5996//2 2434//2
f 553//2 2434//2 2134//2
f 1568//2 4571//2 4570//2
f 1567//2 5289//2 5288//2
f 1567//2 5288//2 4288//2
f 732//2 4572//2 4446//2
f 1565//2 5292//2 5291//2
f 1565//2 5291//2 5002//2
f 1566//2 5998//2 4573//2
f 731//2 7429//2 3857//2
f 731//2 3857//2 3563//2
f 1565//2 5293//2 5292//2
f 1564//2 3142//2 3141//2
f 1564//2 3141//2 5708//2
f 550//2 5999//2 6724//2
f 1562//2 3144//2 3143//2
f 1562//2 3143//2 2848//2
f 1563//2 3858//2 6000//2
f 1093//2 7431//2 3145//2
f 1093//2 3145//2 5000//2
f 1562//2 3146//2 3144//2
f 1561//2 3148//2 3147//2
f 1561//2 3147//2 5706//2
f 734//2 3149//2 6001//2
f 1559//2 3150//2 6725//2
f 1559//2 6725//2 6428//2
f 1560//2 7432//2 6002//2
f 550//2 6724//2 6003//2
f 550//2 6003//2 5703//2
f 1559//2 3151//2 3150//2
f 1558//2 7434//2 7433//2
f 1558//2 7433//2 6427//2
f 735//2 6726//2 5180//2
f 1556//2 7436//2 4574//2
f 1556//2 4574//2 4285//2
f 1557//2 5294//2 6727//2
f 734//2 6001//2 6004//2
f 734//2 6004//2 5699//2
f 1556//2 7437//2 7436//2
f 1555//2 7439//2 7438//2
f 1555//2 7438//2 6424//2
f 551//2 6728//2 7404//2
f 1553//2 7440//2 2435//2
f 1553//2 2435//2 2131//2
f 1554//2 3152//2 6729//2
f 1096//2 6005//2 7441//2
f 1096//2 7441//2 7137//2
f 1553//2 7442//2 7440//2
f 1552//1 5296//1 5295//1
f 1552//1 5295//1 2130//1
f 737//1 2436//1 3859//1
f 1550//1 5298//1 6006//1
f 1550//1 6006//1 5696//1
f 1551//1 6730//1 2437//1
f 548//1 4110//1 4575//1
f 548//1 4575//1 4283//1
f 1550//1 5299//1 5298//1
f 1549//1 3861//1 3860//1
f 1549//1 3860//1 2847//1
f 738//1 3153//1 6590//1
f 1547//1 3864//1 3863//1
f 1547//1 3863//1 3560//1
f 1548//1 4576//1 3154//1
f 737//1 3859//1 2438//1
f 737//1 2438//1 2127//1
f 1547//1 3866//1 3864//1
f 1546//1 6732//1 6731//1
f 1546//1 6731//1 2124//1
f 545//1 2439//1 3867//1
f 1544//1 6734//1 7443//1
f 1544//1 7443//1 7134//1
f 1545//1 2440//1 2441//1
f 1099//1 3865//1 6735//1
f 1099//1 6735//1 3558//1
f 1544//1 6736//1 6734//1
f 1543//1 3869//1 3868//1
f 1543//1 3868//1 4280//1
f 740//1 4577//1 2442//1
f 1541//1 3871//1 5300//1
f 1541//1 5300//1 4997//1
f 1542//1 6007//1 4578//1
f 545//1 3867//1 2443//1
f 545//1 2443//1 2121//1
f 1541//1 3872//1 3871//1
f 1540//1 6009//1 6008//1
f 1540//1 6008//1 4996//1
f 741//1 5301//1 7316//1
f 1538//1 6011//1 3155//1
f 1538//1 3155//1 2844//1
f 1539//1 3873//1 5302//1
f 740//1 2442//1 4579//1
f 740//1 4579//1 4277//1
f 1538//1 6012//1 6011//1
f 1537//1 5304//1 5303//1
f 1537//1 5303//1 2843//1
f 546//1 3156//1 3134//1
f 1535//1 5306//1 6737//1
f 1535//1 6737//1 6421//1
f 1536//1 7444//1 3157//1
f 1102//1 2444//1 5307//1
f 1102//1 5307//1 5694//1
f 1535//1 5308//1 5306//1
f 1534//3 4581//3 4580//3
f 1534//3 4580//3 6420//3
f 743//3 4582//3 7445//3
f 1532//3 4584//3 4583//3
f 1532//3 4583//3 4274//3
f 1533//3 5309//3 6738//3
f 980//3 1949//3 4585//3
f 980//3 4585//3 4272//3
f 1532//3 4586//3 4584//3
f 1531//3 2446//3 2445//3
f 1531//3 2445//3 7133//3
f 744//3 7446//3 5881//3
f 1529//3 2449//3 2448//3
f 1529//3 2448//3 2118//3
f 1530//3 3158//3 7447//3
f 743//3 7445//3 6739//3
f 743//3 6739//3 6417//3
f 1529//3 2450//3 2449//3
f 1528//3 3160//3 3159//3
f 1528//3 3159//3 7130//3
f 544//3 3161//3 5310//3
f 1526//3 3162//3 6013//3
f 1526//3 6013//3 5691//3
f 1527//3 6740//3 7449//3
f 1105//3 7448//3 3163//3
f 1105//3 3163//3 2116//3
f 1526//3 3164//3 3162//3
f 1525//3 6742//3 6741//3
f 1525//3 6741//3 2840//3
f 746//3 6743//3 3874//3
f 1523//3 6744//3 3875//3
f 1523//3 3875//3 3555//3
f 1524//3 4588//3 3166//3
f 544//3 5310//3 7450//3
f 544//3 7450//3 7127//3
f 1523//3 6745//3 6744//3
f 1522//3 4590//3 4589//3
f 1522//3 4589//3 3554//3
f 747//3 3876//3 5172//3
f 1520//3 4592//3 7451//3
f 1520//3 7451//3 7124//3
f 1521//3 2451//3 3877//3
f 746//3 3874//3 3167//3
f 746//3 3167//3 2837//3
f 1520//3 4593//3 4592//3
f 1519//3 5313//3 5312//3
f 1519//3 5312//3 6414//3
f 543//3 5314//3 7452//3
f 1517//3 5316//3 5315//3
f 1517//3 5315//3 4993//3
f 1518//3 6014//3 6747//3
f 1108//3 3878//3 5317//3
f 1108//3 5317//3 4268//3
f 1517//3 5318//3 5316//3
f 1516//5 2453//5 2452//5
f 1516//5 2452//5 4992//5
f 749//5 2454//5 5320//5
f 1514//5 2455//5 3168//5
f 1514//5 3168//5 2834//5
f 1515//5 3879//5 5321//5
f 531//5 4594//5 3880//5
f 531//5 3880//5 3550//5
f 1514//5 2456//5 2455//5
f 1513//5 6749//5 6748//5
f 1513//5 6748//5 5690//5
f 750//5 6015//5 4439//5
f 1511//5 6752//5 6751//5
f 1511//5 6751//5 6411//5
f 1512//5 7454//5 6016//5
f 749//5 5320//5 5322//5
f 749//5 5322//5 4989//5
f 1511//5 6753//5 6752//5
f 1510//5 6755//5 6754//5
f 1510//5 6754//5 5687//5
f 542//5 6017//5 7455//5
f 1508//5 6756//5 4595//5
f 1508//5 4595//5 4265//5
f 1509//5 5324//5 6018//5
f 1111//5 5323//5 6757//5
f 1111//5 6757//5 6409//5
f 1508//5 6758//5 6756//5
f 1507//5 6020//5 6019//5
f 1507//5 6019//5 7123//5
f 752//5 7456//5 4596//5
f 1505//5 6022//5 2458//5
f 1505//5 2458//5 2113//5
f 1506//5 3169//5 7457//5
f 542//5 7455//5 6023//5
f 542//5 6023//5 5684//5
f 1505//5 6024//5 6022//5
f 1504//5 3171//5 3170//5
f 1504//5 3170//5 2112//5
f 753//5 2459//5 3726//5
f 1502//5 3173//5 6026//5
f 1502//5 6026//5 5681//5
f 1503//5 6760//5 2460//5
f 752//5 4596//5 7459//5
f 752//5 7459//5 7120//5
f 1502//5 3174//5 3173//5
f 1501//5 7461//5 7460//5
f 1501//5 7460//5 4986//5
f 541//5 5325//5 6761//5
f 1499//5 7463//5 3881//5
f 1499//5 3881//5 3547//5
f 1500//5 4599//5 5326//5
f 1114//5 4598//5 7464//5
f 1114//5 7464//5 2832//5
f 1499//5 7465//5 7463//5
f 1498//4 6764//4 6763//4
f 1498//4 6763//4 3546//4
f 755//4 6765//4 3882//4
f 1496//4 6766//4 7467//4
f 1496//4 7467//4 7117//4
f 1497//4 2461//4 3883//4
f 529//4 3884//4 2462//4
f 529//4 2462//4 2108//4
f 1496//4 6767//4 6766//4
f 1495//4 5328//4 5327//4
f 1495//4 5327//4 4264//4
f 756//4 4601//4 3017//4
f 1493//4 5331//4 5330//4
f 1493//4 5330//4 4983//4
f 1494//4 6027//4 4602//4
f 755//4 3882//4 3885//4
f 755//4 3885//4 3543//4
f 1493//4 5332//4 5331//4
f 1492//4 5334//4 5333//4
f 1492//4 5333//4 4261//4
f 540//4 4603//4 6769//4
f 1490//4 5335//4 3175//4
f 1490//4 3175//4 2829//4
f 1491//4 3887//4 4604//4
f 1117//4 3886//4 5336//4
f 1117//4 5336//4 4981//4
f 1490//4 5337//4 5335//4
f 1489//4 7469//4 7468//4
f 1489//4 7468//4 5680//4
f 758//4 6028//4 6029//4
f 1487//4 7471//4 6770//4
f 1487//4 6770//4 6406//4
f 1488//4 7472//4 6031//4
f 540//4 6769//4 7473//4
f 540//4 7473//4 4258//4
f 1487//4 7474//4 7471//4
f 1486//4 7477//4 7476//4
f 1486//4 7476//4 6405//4
f 759//4 6772//4 2289//4
f 1484//4 7479//4 4605//4
f 1484//4 4605//4 4255//4
f 1485//4 5339//4 6773//4
f 758//4 6029//4 6032//4
f 758//4 6032//4 5677//4
f 1484//4 7480//4 7479//4
f 1483//4 3177//4 3176//4
f 1483//4 3176//4 3540//4
f 539//4 3888//4 6034//4
f 1481//4 3179//4 2463//4
f 1481//4 2463//4 2105//4
f 1482//4 3180//4 3889//4
f 1120//4 6033//4 3181//4
f 1120//4 3181//4 7115//4
f 1481//4 3182//4 3179//4
f 1480//6 5341//6 5340//6
f 1480//6 5340//6 2104//6
f 761//6 5342//6 2464//6
f 1478//6 5343//6 6037//6
f 1478//6 6037//6 5674//6
f 1479//6 6774//6 2465//6
f 528//6 3184//6 7481//6
f 528//6 7481//6 7111//6
f 1478//6 5344//6 5343//6
f 1477//6 3891//6 3890//6
f 1477//6 3890//6 2828//6
f 762//6 3185//6 6578//6
f 1475//6 3894//6 3893//6
f 1475//6 3893//6 3537//6
f 1476//6 4606//6 3186//6
f 761//6 2464//6 2466//6
f 761//6 2466//6 2101//6
f 1475//6 3895//6 3894//6
f 1474//6 3897//6 3896//6
f 1474//6 3896//6 2098//6
f 537//6 2468//6 6038//6
f 1472//6 3898//6 7482//6
f 1472//6 7482//6 7109//6
f 1473//6 2469//6 2470//6
f 1123//6 2467//6 3899//6
f 1123//6 3899//6 3535//6
f 1472//6 3900//6 3898//6
f 1471//6 6776//6 6775//6
f 1471//6 6775//6 4254//6
f 764//6 4607//6 5346//6
f 1469//6 6778//6 5347//6
f 1469//6 5347//6 4978//6
f 1470//6 6039//6 4608//6
f 537//6 6038//6 6779//6
f 537//6 6779//6 2095//6
f 1469//6 6780//6 6778//6
f 1468//6 6042//6 6041//6
f 1468//6 6041//6 4977//6
f 765//6 5348//6 7304//6
f 1466//6 6044//6 3187//6
f 1466//6 3187//6 2825//6
f 1467//6 3902//6 5349//6
f 764//6 5346//6 4609//6
f 764//6 4609//6 4251//6
f 1466//6 6045//6 6044//6
f 1465//6 2472//6 2471//6
f 1465//6 2471//6 2824//6
f 538//6 3188//6 5311//6
f 1463//6 2474//6 6781//6
f 1463//6 6781//6 6402//6
f 1464//6 7483//6 3189//6
f 1126//6 5350//6 2475//6
f 1126//6 2475//6 5672//6
f 1463//6 2476//6 2474//6
f 1462//2 3191//2 3190//2
f 1462//2 3190//2 6401//2
f 767//2 3192//2 6046//2
f 1460//2 3193//2 4610//2
f 1460//2 4610//2 4248//2
f 1461//2 5351//2 6782//2
f 535//2 6040//2 6783//2
f 535//2 6783//2 6398//2
f 1460//2 3194//2 3193//2
f 1459//2 2478//2 2477//2
f 1459//2 2477//2 7108//2
f 768//2 7484//2 3008//2
f 1457//2 2481//2 2480//2
f 1457//2 2480//2 2092//2
f 1458//2 3195//2 7485//2
f 767//2 6046//2 6784//2
f 767//2 6784//2 6394//2
f 1457//2 2482//2 2481//2
f 1456//2 7487//2 7486//2
f 1456//2 7486//2 4247//2
f 532//2 4611//2 6785//2
f 1454//2 7488//2 6048//2
f 1454//2 6048//2 5669//2
f 1455//2 6786//2 4612//2
f 1129//2 6047//2 7489//2
f 1129//2 7489//2 2090//2
f 1454//2 7490//2 7488//2
f 1453//2 7492//2 7491//2
f 1453//2 7491//2 2821//2
f 770//2 7493//2 4613//2
f 1451//2 7494//2 3903//2
f 1451//2 3903//2 3532//2
f 1452//2 4614//2 3196//2
f 532//2 6785//2 4615//2
f 532//2 4615//2 4244//2
f 1451//2 7495//2 7494//2
f 1450//2 4617//2 4616//2
f 1450//2 4616//2 3531//2
f 771//2 3904//2 3715//2
f 1448//2 4619//2 7496//2
f 1448//2 7496//2 7105//2
f 1449//2 2483//2 3905//2
f 770//2 4613//2 3197//2
f 770//2 3197//2 2818//2
f 1448//2 4621//2 4619//2
f 1447//2 6050//2 6049//2
f 1447//2 6049//2 4974//2
f 533//2 5352//2 7453//2
f 1445//2 6051//2 5353//2
f 1445//2 5353//2 4971//2
f 1446//2 6052//2 5354//2
f 1132//2 4620//2 6053//2
f 1132//2 6053//2 4240//2
f 1445//2 6054//2 6051//2
f 1444//1 3907//1 3906//1
f 1444//1 3906//1 4970//1
f 773//1 5355//1 2484//1
f 1442//1 3909//1 3198//1
f 1442//1 3198//1 2815//1
f 1443//1 3910//1 5356//1
f 530//1 4106//1 3199//1
f 530//1 3199//1 2813//1
f 1442//1 3911//1 3909//1
f 1441//1 6788//1 6787//1
f 1441//1 6787//1 5668//1
f 774//1 6055//1 5158//1
f 1439//1 6791//1 6790//1
f 1439//1 6790//1 6391//1
f 1440//1 7497//1 6056//1
f 773//1 2484//1 5357//1
f 773//1 5357//1 4967//1
f 1439//1 6792//1 6791//1
f 1438//1 5359//1 5358//1
f 1438//1 5358//1 6390//1
f 527//1 6793//1 3912//1
f 1436//1 5361//1 4622//1
f 1436//1 4622//1 4237//1
f 1437//1 5362//1 6794//1
f 1135//1 2485//1 5363//1
f 1135//1 5363//1 6387//1
f 1436//1 5364//1 5361//1
f 1435//1 2487//1 2486//1
f 1435//1 2486//1 7104//1
f 776//1 7498//1 6795//1
f 1433//1 2490//1 2489//1
f 1433//1 2489//1 2087//1
f 1434//1 3200//1 7499//1
f 527//1 3912//1 6796//1
f 527//1 6796//1 6383//1
f 1433//1 2491//1 2490//1
f 1432//1 3202//1 3201//1
f 1432//1 3201//1 2086//1
f 777//1 2492//1 5860//1
f 1430//1 3204//1 6057//1
f 1430//1 6057//1 5665//1
f 1431//1 6797//1 2493//1
f 776//1 6795//1 7500//1
f 776//1 7500//1 7101//1
f 1430//1 3205//1 3204//1
f 1429//1 3914//1 3913//1
f 1429//1 3913//1 7098//1
f 528//1 7501//1 3184//1
f 1427//1 3917//1 3916//1
f 1427//1 3916//1 3528//1
f 1428//1 4623//1 7502//1
f 1138//1 6798//1 3918//1
f 1138//1 3918//1 2809//1
f 1427//1 3919//1 3917//1
f 1426//3 3207//3 3206//3
f 1426//3 3206//3 3527//3
f 779//3 3208//3 6058//3
f 1424//3 3209//3 7503//3
f 1424//3 7503//3 7095//3
f 1425//3 2494//3 3920//3
f 962//3 1941//3 3210//3
f 962//3 3210//3 2805//3
f 1424//3 3211//3 3209//3
f 1423//3 5366//3 5365//3
f 1423//3 5365//3 4236//3
f 780//3 4624//3 4423//3
f 1421//3 5369//3 5368//3
f 1421//3 5368//3 4964//3
f 1422//3 6059//3 4625//3
f 779//3 6058//3 3921//3
f 779//3 3921//3 3524//3
f 1421//3 5370//3 5369//3
f 1420//3 7505//3 7504//3
f 1420//3 7504//3 5664//3
f 526//3 7506//3 5371//3
f 1418//3 7507//3 3213//3
f 1418//3 3213//3 2802//3
f 1419//3 3922//3 6061//3
f 1141//3 6060//3 7508//3
f 1141//3 7508//3 4962//3
f 1418//3 7509//3 7507//3
f 1417//3 5374//3 5373//3
f 1417//3 5373//3 5662//3
f 782//3 5375//3 2495//3
f 1415//3 5376//3 6799//3
f 1415//3 6799//3 6380//3
f 1416//3 7511//3 6062//3
f 526//3 5371//3 6063//3
f 526//3 6063//3 5659//3
f 1415//3 5377//3 5376//3
f 1414//3 7513//3 7512//3
f 1414//3 7512//3 6379//3
f 783//3 6800//3 3710//3
f 1412//3 7515//3 4626//3
f 1412//3 4626//3 4233//3
f 1413//3 5379//3 6801//3
f 782//3 2495//3 6064//3
f 782//3 6064//3 5655//3
f 1412//3 7516//3 7515//3
f 1411//3 3924//3 3923//3
f 1411//3 3923//3 4959//3
f 525//3 3925//3 7517//3
f 1409//3 3926//3 2497//3
f 1409//3 2497//3 2083//3
f 1410//3 3214//3 5380//3
f 1144//3 2496//3 3927//3
f 1144//3 3927//3 7093//3
f 1409//3 3928//3 3926//3
f 1408//5 6803//5 6802//5
f 1408//5 6802//5 2082//5
f 785//5 6804//5 3930//5
f 1406//5 6805//5 6065//5
f 1406//5 6065//5 5652//5
f 1407//5 6806//5 2498//5
f 513//5 4627//5 2499//5
f 513//5 2499//5 2079//5
f 1406//5 6807//5 6805//5
f 1405//5 3932//5 3931//5
f 1405//5 3931//5 2801//5
f 786//5 3215//5 2999//5
f 1403//5 3935//5 3934//5
f 1403//5 3934//5 3521//5
f 1404//5 4628//5 3216//5
f 785//5 3930//5 2500//5
f 785//5 2500//5 2075//5
f 1403//5 3937//5 3935//5
f 1402//5 5382//5 5381//5
f 1402//5 5381//5 4232//5
f 524//5 4629//5 7519//5
f 1400//5 5383//5 7520//5
f 1400//5 7520//5 7090//5
f 1401//5 2501//5 4630//5
f 1147//5 3936//5 5384//5
f 1147//5 5384//5 3519//5
f 1400//5 5385//5 5383//5
f 1399//5 4632//5 4631//5
f 1399//5 4631//5 4230//5
f 788//5 4634//5 3217//5
f 1397//5 4635//5 5387//5
f 1397//5 5387//5 4956//5
f 1398//5 6066//5 4636//5
f 524//5 7519//5 4637//5
f 524//5 4637//5 4227//5
f 1397//5 4638//5 4635//5
f 1396//5 6068//5 6067//5
f 1396//5 6067//5 4955//5
f 789//5 5388//5 2275//5
f 1394//5 6070//5 3219//5
f 1394//5 3219//5 2798//5
f 1395//5 3938//5 5389//5
f 788//5 3217//5 4640//5
f 788//5 4640//5 4223//5
f 1394//5 6071//5 6070//5
f 1393//5 6073//5 6072//5
f 1393//5 6072//5 3516//5
f 523//5 3939//5 6809//5
f 1391//5 6075//5 6811//5
f 1391//5 6811//5 6376//5
f 1392//5 7522//5 3940//5
f 1150//5 3220//5 6076//5
f 1150//5 6076//5 5650//5
f 1391//5 6077//5 6075//5
f 1390//4 5391//4 5390//4
f 1390//4 5390//4 6375//4
f 791//4 5392//4 2502//4
f 1388//4 5393//4 4641//4
f 1388//4 4641//4 4220//4
f 1389//4 5394//4 6812//4
f 511//4 3941//4 6813//4
f 511//4 6813//4 6372//4
f 1388//4 5395//4 5393//4
f 1387//4 2504//4 2503//4
f 1387//4 2503//4 7089//4
f 792//4 7523//4 7287//4
f 1385//4 2507//4 2506//4
f 1385//4 2506//4 2072//4
f 1386//4 3222//4 7524//4
f 791//4 2502//4 6814//4
f 791//4 6814//4 6368//4
f 1385//4 2509//4 2507//4
f 1384//4 3943//4 3942//4
f 1384//4 3942//4 2797//4
f 522//4 3223//4 6815//4
f 1382//4 3944//4 6079//4
f 1382//4 6079//4 5647//4
f 1383//4 6816//4 3224//4
f 1153//4 2508//4 3945//4
f 1153//4 3945//4 2070//4
f 1382//4 3946//4 3944//4
f 1381//4 6081//4 6080//4
f 1381//4 6080//4 2795//4
f 794//4 3225//4 4642//4
f 1379//4 6083//4 3948//4
f 1379//4 3948//4 3513//4
f 1380//4 4644//4 3226//4
f 522//4 6815//4 6084//4
f 522//4 6084//4 2792//4
f 1379//4 6085//4 6083//4
f 1378//4 4646//4 4645//4
f 1378//4 4645//4 3512//4
f 795//4 3949//4 6563//4
f 1376//4 4648//4 7525//4
f 1376//4 7525//4 7086//4
f 1377//4 2510//4 3950//4
f 794//4 4642//4 3227//4
f 794//4 3227//4 2788//4
f 1376//4 4650//4 4648//4
f 1375//4 7527//4 7526//4
f 1375//4 7526//4 2067//4
f 521//4 2511//4 6087//4
f 1373//4 7529//4 5397//4
f 1373//4 5397//4 4952//4
f 1374//4 6089//4 2512//4
f 1156//4 4649//4 7530//4
f 1156//4 7530//4 4218//4
f 1373//4 7531//4 7529//4
f 1372//6 3952//6 3951//6
f 1372//6 3951//6 4951//6
f 797//6 3953//6 6818//6
f 1370//6 3954//6 3228//6
f 1370//6 3228//6 2785//6
f 1371//6 3955//6 5398//6
f 510//6 3229//6 6090//6
f 510//6 6090//6 5645//6
f 1370//6 3956//6 3954//6
f 1369//6 6820//6 6819//6
f 1369//6 6819//6 5643//6
f 798//6 6091//6 5146//6
f 1367//6 6823//6 6822//6
f 1367//6 6822//6 6365//6
f 1368//6 7533//6 6092//6
f 797//6 6818//6 5399//6
f 797//6 5399//6 4948//6
f 1367//6 6825//6 6823//6
f 1366//6 2514//6 2513//6
f 1366//6 2513//6 6364//6
f 519//6 6826//6 6093//6
f 1364//6 2515//6 4652//6
f 1364//6 4652//6 4215//6
f 1365//6 5400//6 6827//6
f 1159//6 6824//6 2516//6
f 1159//6 2516//6 6361//6
f 1364//6 2517//6 2515//6
f 1363//6 5402//6 5401//6
f 1363//6 5401//6 7085//6
f 800//6 7534//6 3958//6
f 1361//6 5404//6 2519//6
f 1361//6 2519//6 2064//6
f 1362//6 3230//6 7535//6
f 519//6 6093//6 5405//6
f 519//6 5405//6 6357//6
f 1361//6 5406//6 5404//6
f 1360//6 3232//6 3231//6
f 1360//6 3231//6 2063//6
f 801//6 2520//6 5848//6
f 1358//6 3234//6 6095//6
f 1358//6 6095//6 5640//6
f 1359//6 6828//6 2521//6
f 800//6 3958//6 7536//6
f 800//6 7536//6 7082//6
f 1358//6 3235//6 3234//6
f 1357//6 6830//6 6829//6
f 1357//6 6829//6 7079//6
f 520//6 7537//6 5372//6
f 1355//6 6832//6 3960//6
f 1355//6 3960//6 3509//6
f 1356//6 4653//6 7538//6
f 1162//6 3959//6 6833//6
f 1162//6 6833//6 2783//6
f 1355//6 6834//6 6832//6
f 1354//2 7540//2 7539//2
f 1354//2 7539//2 3508//2
f 803//2 7541//2 4654//2
f 1352//2 7543//2 7542//2
f 1352//2 7542//2 7076//2
f 1353//2 2522//2 3961//2
f 517//2 6094//2 5407//2
f 517//2 5407//2 4944//2
f 1352//2 7544//2 7543//2
f 1351//2 5409//2 5408//2
f 1351//2 5408//2 4214//2
f 804//2 4655//2 7281//2
f 1349//2 5412//2 5411//2
f 1349//2 5411//2 4941//2
f 1350//2 6096//2 4656//2
f 803//2 4654//2 3962//2
f 803//2 3962//2 3505//2
f 1349//2 5413//2 5412//2
f 1348//2 6098//2 6097//2
f 1348//2 6097//2 2780//2
f 514//2 3236//2 6835//2
f 1346//2 6099//2 3237//2
f 1346//2 3237//2 2778//2
f 1347//2 3963//2 3238//2
f 1165//2 4657//2 6100//2
f 1165//2 6100//2 4939//2
f 1346//2 6101//2 6099//2
f 1345//2 6103//2 6102//2
f 1345//2 6102//2 5639//2
f 806//2 6104//2 3239//2
f 1343//2 6105//2 6836//2
f 1343//2 6836//2 6354//2
f 1344//2 7545//2 6106//2
f 514//2 6835//2 3240//2
f 514//2 3240//2 2776//2
f 1343//2 6107//2 6105//2
f 1342//2 7547//2 7546//2
f 1342//2 7546//2 6353//2
f 807//2 6837//2 2263//2
f 1340//2 7549//2 4658//2
f 1340//2 4658//2 4211//2
f 1341//2 5414//2 6838//2
f 806//2 3239//2 6108//2
f 806//2 6108//2 5636//2
f 1340//2 7550//2 7549//2
f 1339//2 4660//2 4659//2
f 1339//2 4659//2 3502//2
f 515//2 3964//2 7518//2
f 1337//2 4661//2 2523//2
f 1337//2 2523//2 2060//2
f 1338//2 3242//2 3965//2
f 1168//2 3241//2 4662//2
f 1168//2 4662//2 7074//2
f 1337//2 4663//2 4661//2
f 1336//1 2525//1 2524//1
f 1336//1 2524//1 2059//1
f 809//1 2527//1 6839//1
f 1334//1 2528//1 6109//1
f 1334//1 6109//1 5633//1
f 1335//1 6840//1 2529//1
f 512//1 4103//1 7551//1
f 512//1 7551//1 7070//1
f 1334//1 2530//1 2528//1
f 1333//1 3967//1 3966//1
f 1333//1 3966//1 2773//1
f 810//1 3243//1 3697//1
f 1331//1 3970//1 3969//1
f 1331//1 3969//1 3499//1
f 1332//1 4664//1 3244//1
f 809//1 6839//1 2531//1
f 809//1 2531//1 2056//1
f 1331//1 3971//1 3970//1
f 1330//1 3973//1 3972//1
f 1330//1 3972//1 4936//1
f 509//1 5415//1 3975//1
f 1328//1 3976//1 7552//1
f 1328//1 7552//1 7067//1
f 1329//1 2532//1 5416//1
f 1171//1 6841//1 3977//1
f 1171//1 3977//1 3497//1
f 1328//1 3978//1 3976//1
f 1327//1 6843//1 6842//1
f 1327//1 6842//1 4210//1
f 812//1 4665//1 5417//1
f 1325//1 6845//1 5418//1
f 1325//1 5418//1 4934//1
f 1326//1 6110//1 4666//1
f 509//1 3975//1 5419//1
f 509//1 5419//1 4932//1
f 1325//1 6846//1 6845//1
f 1324//1 6112//1 6111//1
f 1324//1 6111//1 4929//1
f 813//1 5420//1 4405//1
f 1322//1 6114//1 3245//1
f 1322//1 3245//1 2770//1
f 1323//1 3979//1 5421//1
f 812//1 5417//1 4667//1
f 812//1 4667//1 4207//1
f 1322//1 6115//1 6114//1
f 1321//1 2534//1 2533//1
f 1321//1 2533//1 5632//1
f 510//1 6116//1 3229//1
f 1319//1 2536//1 6847//1
f 1319//1 6847//1 6350//1
f 1320//1 7553//1 6117//1
f 1174//1 5422//1 2537//1
f 1174//1 2537//1 5628//1
f 1319//1 2538//1 2536//1
f 1318//6 3981//6 3980//6
f 1318//6 3980//6 6349//6
f 815//6 3982//6 6848//6
f 1316//6 3983//6 4668//6
f 1316//6 4668//6 4204//6
f 1317//6 5423//6 6849//6
f 492//6 3246//6 4669//6
f 492//6 4669//6 4202//6
f 1316//6 3984//6 3983//6
f 1315//6 2540//6 2539//6
f 1315//6 2539//6 7066//6
f 816//6 7554//6 2985//6
f 1313//6 2543//6 2542//6
f 1313//6 2542//6 2053//6
f 1314//6 3247//6 7555//6
f 815//6 6848//6 6850//6
f 815//6 6850//6 6346//6
f 1313//6 2544//6 2543//6
f 1312//6 2546//6 2545//6
f 1312//6 2545//6 4200//6
f 508//6 2547//6 6118//6
f 1310//6 2548//6 6120//6
f 1310//6 6120//6 5625//6
f 1311//6 6852//6 4670//6
f 1177//6 6851//6 2549//6
f 1177//6 2549//6 2051//6
f 1310//6 2550//6 2548//6
f 1309//6 3987//6 3986//6
f 1309//6 3986//6 2769//6
f 818//6 3248//6 2552//6
f 1307//6 3990//6 3989//6
f 1307//6 3989//6 3494//6
f 1308//6 4671//6 3249//6
f 508//6 6118//6 3991//6
f 508//6 3991//6 4197//6
f 1307//6 3992//6 3990//6
f 1306//6 4673//6 4672//6
f 1306//6 4672//6 3493//6
f 819//6 3993//6 5136//6
f 1304//6 4675//6 7556//6
f 1304//6 7556//6 7063//6
f 1305//6 2553//6 3994//6
f 818//6 2552//6 3250//6
f 818//6 3250//6 2766//6
f 1304//6 4676//6 4675//6
f 1303//6 5425//6 5424//6
f 1303//6 5424//6 6343//6
f 503//6 6853//6 5427//6
f 1301//6 5429//6 5428//6
f 1301//6 5428//6 4926//6
f 1302//6 6122//6 6854//6
f 1180//6 2554//6 5430//6
f 1180//6 5430//6 4193//6
f 1301//6 5431//6 5429//6
f 1300//5 7558//5 7557//5
f 1300//5 7557//5 4925//5
f 821//5 7560//5 4677//5
f 1298//5 7561//5 3251//5
f 1298//5 3251//5 2763//5
f 1299//5 3995//5 5432//5
f 495//5 4679//5 6855//5
f 495//5 6855//5 6340//5
f 1298//5 7562//5 7561//5
f 1297//5 6857//5 6856//5
f 1297//5 6856//5 5624//5
f 822//5 6123//5 2257//5
f 1295//5 6860//5 6859//5
f 1295//5 6859//5 6337//5
f 1296//5 7564//5 6124//5
f 821//5 4677//5 5433//5
f 821//5 5433//5 4922//5
f 1295//5 6861//5 6860//5
f 1294//5 6126//5 6125//5
f 1294//5 6125//5 3490//5
f 507//5 6128//5 7565//5
f 1292//5 6129//5 4682//5
f 1292//5 4682//5 4190//5
f 1293//5 5434//5 3996//5
f 1183//5 4681//5 6130//5
f 1183//5 6130//5 6335//5
f 1292//5 6131//5 6129//5
f 1291//5 3253//5 3252//5
f 1291//5 3252//5 7062//5
f 824//5 7567//5 7568//5
f 1289//5 3255//5 2555//5
f 1289//5 2555//5 2048//5
f 1290//5 3256//5 7570//5
f 507//5 7565//5 3257//5
f 507//5 3257//5 3487//5
f 1289//5 3258//5 3255//5
f 1288//5 3261//5 3260//5
f 1288//5 3260//5 2047//5
f 825//5 2556//5 7270//5
f 1286//5 3263//5 6133//5
f 1286//5 6133//5 5621//5
f 1287//5 6862//5 2557//5
f 824//5 7568//5 7572//5
f 824//5 7572//5 7059//5
f 1286//5 3264//5 3263//5
f 1285//5 4685//5 4684//5
f 1285//5 4684//5 2762//5
f 506//5 3265//5 6863//5
f 1283//5 4687//5 3997//5
f 1283//5 3997//5 3484//5
f 1284//5 4688//5 3266//5
f 1186//5 7573//5 4689//5
f 1186//5 4689//5 2758//5
f 1283//5 4690//5 4687//5
f 1282//4 4693//4 4692//4
f 1282//4 4692//4 3483//4
f 827//4 4694//4 7575//4
f 1280//4 4695//4 7576//4
f 1280//4 7576//4 7056//4
f 1281//4 2558//4 3998//4
f 493//4 3999//4 5435//4
f 493//4 5435//4 4918//4
f 1280//4 4696//4 4695//4
f 1279//4 5437//4 5436//4
f 1279//4 5436//4 4189//4
f 828//4 4698//4 5835//4
f 1277//4 5440//4 5439//4
f 1277//4 5439//4 4915//4
f 1278//4 6134//4 4699//4
f 827//4 7575//4 4000//4
f 827//4 4000//4 3480//4
f 1277//4 5441//4 5440//4
f 1276//4 3268//4 3267//4
f 1276//4 3267//4 7055//4
f 504//4 7578//4 6865//4
f 1274//4 3270//4 3269//4
f 1274//4 3269//4 2755//4
f 1275//4 4001//4 7579//4
f 1189//4 7577//4 3271//4
f 1189//4 3271//4 4913//4
f 1274//4 3272//4 3270//4
f 1273//4 4701//4 4700//4
f 1273//4 4700//4 5620//4
f 830//4 6135//4 3274//4
f 1271//4 4703//4 6866//4
f 1271//4 6866//4 6332//4
f 1272//4 7580//4 6136//4
f 504//4 6865//4 4704//4
f 504//4 4704//4 7052//4
f 1271//4 4705//4 4703//4
f 1270//4 7582//4 7581//4
f 1270//4 7581//4 6331//4
f 831//4 6868//4 6545//4
f 1268//4 7584//4 4707//4
f 1268//4 4707//4 4186//4
f 1269//4 5442//4 6869//4
f 830//4 3274//4 6137//4
f 830//4 6137//4 5617//4
f 1268//4 7585//4 7584//4
f 1267//4 6139//4 6138//4
f 1267//4 6138//4 2044//4
f 505//4 2559//4 6119//4
f 1265//4 6142//4 2560//4
f 1265//4 2560//4 2041//4
f 1266//4 3277//4 2561//4
f 1192//4 3276//4 6143//4
f 1192//4 6143//4 7048//4
f 1265//4 6144//4 6142//4
f 1264//3 4003//3 4002//3
f 1264//3 4002//3 2040//3
f 833//3 4004//3 6870//3
f 1262//3 4005//3 6146//3
f 1262//3 6146//3 5614//3
f 1263//3 6871//3 2562//3
f 503//3 5427//3 6872//3
f 503//3 6872//3 6327//3
f 1262//3 4006//3 4005//3
f 1261//3 4009//3 4008//3
f 1261//3 4008//3 2754//3
f 834//3 3279//3 3685//3
f 1259//3 4012//3 4011//3
f 1259//3 4011//3 3477//3
f 1260//3 4708//3 3280//3
f 833//3 6870//3 2563//3
f 833//3 2563//3 2037//3
f 1259//3 4013//3 4012//3
f 1258//3 2565//3 2564//3
f 1258//3 2564//3 4910//3
f 501//3 2566//3 7586//3
f 1256//3 2567//3 7588//3
f 1256//3 7588//3 7045//3
f 1257//3 2568//3 5443//3
f 1195//3 6873//3 2569//3
f 1195//3 2569//3 3475//3
f 1256//3 2570//3 2567//3
f 1255//3 6148//3 6147//3
f 1255//3 6147//3 4185//3
f 836//3 4709//3 4710//3
f 1253//3 6149//3 5444//3
f 1253//3 5444//3 4908//3
f 1254//3 6150//3 4711//3
f 501//3 7586//3 5445//3
f 501//3 5445//3 4906//3
f 1253//3 6151//3 6149//3
f 1252//3 6153//3 6152//3
f 1252//3 6152//3 4903//3
f 837//3 5446//3 4394//3
f 1250//3 6155//3 3281//3
f 1250//3 3281//3 2751//3
f 1251//3 4014//3 5447//3
f 836//3 4710//3 4712//3
f 836//3 4712//3 4182//3
f 1250//3 6156//3 6155//3
f 1249//3 7590//3 7589//3
f 1249//3 7589//3 5613//3
f 494//3 6157//3 4714//3
f 1247//3 7591//3 6874//3
f 1247//3 6874//3 6324//3
f 1248//3 7592//3 6158//3
f 1198//3 4713//3 7593//3
f 1198//3 7593//3 5610//3
f 1247//3 7594//3 7591//3
f 1246//2 6160//2 6159//2
f 1246//2 6159//2 6323//2
f 839//2 6161//2 3282//2
f 1244//2 6162//2 4715//2
f 1244//2 4715//2 4179//2
f 1245//2 5448//2 6875//2
f 499//2 6121//2 4015//2
f 499//2 4015//2 3471//2
f 1244//2 6163//2 6162//2
f 1243//2 2573//2 2572//2
f 1243//2 2572//2 7044//2
f 840//2 7595//2 5832//2
f 1241//2 2576//2 2575//2
f 1241//2 2575//2 2034//2
f 1242//2 3283//2 7596//2
f 839//2 3282//2 6876//2
f 839//2 6876//2 6320//2
f 1241//2 2577//2 2576//2
f 1240//2 4717//2 4716//2
f 1240//2 4716//2 7041//2
f 496//2 7597//2 6877//2
f 1238//2 4718//2 6164//2
f 1238//2 6164//2 5607//2
f 1239//2 6878//2 7598//2
f 1201//2 3284//2 4719//2
f 1201//2 4719//2 2032//2
f 1238//2 4720//2 4718//2
f 1237//2 4722//2 4721//2
f 1237//2 4721//2 2750//2
f 842//2 4723//2 7599//2
f 1235//2 4724//2 4016//2
f 1235//2 4016//2 3468//2
f 1236//2 4725//2 3285//2
f 496//2 6877//2 7600//2
f 496//2 7600//2 7038//2
f 1235//2 4726//2 4724//2
f 1234//2 4728//2 4727//2
f 1234//2 4727//2 3467//2
f 843//2 4017//2 6537//2
f 1232//2 4730//2 7601//2
f 1232//2 7601//2 7035//2
f 1233//2 2578//2 4018//2
f 842//2 7599//2 3286//2
f 842//2 3286//2 2747//2
f 1232//2 4731//2 4730//2
f 1231//2 3288//2 3287//2
f 1231//2 3287//2 2029//2
f 497//2 2579//2 7587//2
f 1229//2 3289//2 5449//2
f 1229//2 5449//2 4900//2
f 1230//2 6165//2 2580//2
f 1204//2 7602//2 3290//2
f 1204//2 3290//2 4177//2
f 1229//2 3291//2 3289//2
f 1228//1 6880//1 6879//1
f 1228//1 6879//1 4899//1
f 845//1 5450//1 5451//1
f 1226//1 6882//1 3292//1
f 1226//1 3292//1 2744//1
f 1227//1 4019//1 5452//1
f 494//1 4714//1 6166//1
f 494//1 6166//1 5605//1
f 1226//1 6883//1 6882//1
f 1225//1 6885//1 6884//1
f 1225//1 6884//1 5602//1
f 846//1 6167//1 2246//1
f 1223//1 6888//1 6887//1
f 1223//1 6887//1 6317//1
f 1224//1 7603//1 6168//1
f 845//1 5451//1 5453//1
f 845//1 5453//1 4896//1
f 1223//1 6889//1 6888//1
f 1222//1 2582//1 2581//1
f 1222//1 2581//1 3464//1
f 491//1 4020//1 4021//1
f 1220//1 2584//1 4732//1
f 1220//1 4732//1 4174//1
f 1221//1 5455//1 4022//1
f 1207//1 5454//1 2585//1
f 1207//1 2585//1 6315//1
f 1220//1 2586//1 2584//1
f 1219//1 5457//1 5456//1
f 1219//1 5456//1 7034//1
f 848//1 7604//1 4023//1
f 1217//1 5459//1 2587//1
f 1217//1 2587//1 2026//1
f 1218//1 3293//1 7605//1
f 491//1 4021//1 4024//1
f 491//1 4024//1 3461//1
f 1217//1 5460//1 5459//1
f 1216//1 3295//1 3294//1
f 1216//1 3294//1 2025//1
f 849//1 2588//1 2969//1
f 1214//1 3297//1 6169//1
f 1214//1 6169//1 5599//1
f 1215//1 6890//1 2589//1
f 848//1 4023//1 7606//1
f 848//1 7606//1 7031//1
f 1214//1 3298//1 3297//1
f 1213//1 6892//1 6891//1
f 1213//1 6891//1 4173//1
f 492//1 4733//1 3246//1
f 1211//1 6894//1 4026//1
f 1211//1 4026//1 3458//1
f 1212//1 4734//1 4735//1
f 1210//1 4025//1 6895//1
f 1210//1 6895//1 2742//1
f 1211//1 6896//1 6894//1
f 850//1 3296//1 3299//1
f 850//1 3299//1 2739//1
f 852//1 4736//1 4737//1
f 1208//1 7608//1 7607//1
f 1208//1 7607//1 7028//1
f 1209//1 2590//1 2245//1
f 851//1 4028//1 4027//1
f 851//1 4027//1 3457//1
f 1208//1 7609//1 7608//1
f 847//1 6886//1 6897//1
f 847//1 6897//1 6312//1
f 851//1 4029//1 4028//1
f 1205//1 5462//1 5461//1
f 1205//1 5461//1 4893//1
f 1206//1 6170//1 5830//1
f 854//1 6172//1 6171//1
f 854//1 6171//1 5598//1
f 1205//1 5463//1 5462//1
f 844//2 4729//2 4738//2
f 844//2 4738//2 4168//2
f 857//2 2591//2 2571//2
f 1202//2 3301//2 3300//2
f 1202//2 3300//2 2737//2
f 1203//2 4030//2 3683//2
f 856//2 7611//2 7610//2
f 856//2 7610//2 7027//2
f 1202//2 3302//2 3301//2
f 841//2 2574//2 2592//2
f 841//2 2592//2 2018//2
f 856//2 7612//2 7611//2
f 1199//2 6899//2 6898//2
f 1199//2 6898//2 6309//2
f 1200//2 7613//2 7266//2
f 859//2 3988//2 4031//2
f 859//2 4031//2 3456//2
f 1199//2 6900//2 6899//2
f 838//3 6154//3 6173//3
f 838//3 6173//3 5593//3
f 854//3 6174//3 6172//3
f 1196//3 4740//3 4739//3
f 1196//3 4739//3 4165//3
f 1197//3 5464//3 5129//3
f 861//3 5466//3 5465//3
f 861//3 5465//3 4892//3
f 1196//3 4741//3 4740//3
f 835//3 4010//3 4032//3
f 835//3 4032//3 3453//3
f 861//3 5467//3 5466//3
f 1193//3 2594//3 2593//3
f 1193//3 2593//3 2014//3
f 1194//3 3303//3 2979//3
f 863//3 6902//3 6901//3
f 863//3 6901//3 6308//3
f 1193//3 2595//3 2594//3
f 832//4 7583//4 7614//4
f 832//4 7614//4 7026//4
f 865//4 2596//4 2551//4
f 1190//4 6176//4 6175//4
f 1190//4 6175//4 5592//4
f 1191//4 6903//4 6549//4
f 864//4 7616//4 7615//4
f 864//4 7615//4 7025//4
f 1190//4 6177//4 6176//4
f 829//4 5438//4 5468//4
f 829//4 5468//4 4889//4
f 864//4 7617//4 7616//4
f 1187//4 4034//4 4033//4
f 1187//4 4033//4 3450//4
f 1188//4 4742//4 4401//4
f 853//4 5458//4 5469//4
f 853//4 5469//4 4888//4
f 1187//4 4035//4 4034//4
f 826//5 3262//5 3304//5
f 826//5 3304//5 2736//5
f 866//5 3305//5 3273//5
f 1184//5 7619//5 7618//5
f 1184//5 7618//5 7022//5
f 1185//5 2597//5 2256//5
f 867//5 4037//5 4036//5
f 867//5 4036//5 3446//5
f 1184//5 7620//5 7619//5
f 823//5 6858//5 6904//5
f 823//5 6904//5 6305//5
f 867//5 4038//5 4037//5
f 1181//5 5471//5 5470//5
f 1181//5 5470//5 4887//5
f 1182//5 6178//5 5841//5
f 855//5 6881//5 6905//5
f 855//5 6905//5 6304//5
f 1181//5 5472//5 5471//5
f 820//6 4674//6 4743//6
f 820//6 4743//6 4164//6
f 863//6 6906//6 6902//6
f 1178//6 3307//6 3306//6
f 1178//6 3306//6 2735//6
f 1179//6 4039//6 3695//6
f 868//6 4745//6 4744//6
f 868//6 4744//6 4163//6
f 1178//6 3308//6 3307//6
f 817//6 2541//6 2598//6
f 817//6 2598//6 2009//6
f 868//6 4746//6 4745//6
f 1175//6 6908//6 6907//6
f 1175//6 6907//6 6303//6
f 1176//6 7621//6 7277//6
f 852//6 4737//6 4747//6
f 852//6 4747//6 4162//6
f 1175//6 6909//6 6908//6
f 814//1 6113//1 6179//1
f 814//1 6179//1 5587//1
f 870//1 6180//1 6181//1
f 1172//1 4749//1 4748//1
f 1172//1 4748//1 4160//1
f 1173//1 5473//1 5142//1
f 869//1 5475//1 5474//1
f 869//1 5474//1 4881//1
f 1172//1 4750//1 4749//1
f 811//1 3968//1 4040//1
f 811//1 4040//1 3443//1
f 869//1 5476//1 5475//1
f 1169//1 2600//1 2599//1
f 1169//1 2599//1 2008//1
f 1170//1 3309//1 2992//1
f 872//1 7235//1 7622//1
f 872//1 7622//1 7021//1
f 1169//1 2601//1 2600//1
f 808//2 7548//2 7623//2
f 808//2 7623//2 7020//2
f 875//2 4041//2 3929//2
f 1166//2 6183//2 6182//2
f 1166//2 6182//2 5583//2
f 1167//2 6910//2 6560//2
f 874//2 3311//2 3310//2
f 874//2 3310//2 2727//2
f 1166//2 6184//2 6183//2
f 805//2 5410//2 5477//2
f 805//2 5477//2 4880//2
f 874//2 3312//2 3311//2
f 1163//2 4043//2 4042//2
f 1163//2 4042//2 3440//2
f 1164//2 4751//2 4415//2
f 877//2 5403//2 5478//2
f 877//2 5478//2 4879//2
f 1163//2 4044//2 4043//2
f 802//6 3233//6 3313//6
f 802//6 3313//6 2726//6
f 880//6 7624//6 7510//6
f 1160//6 7626//6 7625//6
f 1160//6 7625//6 7015//6
f 1161//6 2602//6 2270//6
f 879//6 6912//6 6911//6
f 879//6 6911//6 6302//6
f 1160//6 7627//6 7626//6
f 799//6 6821//6 6913//6
f 799//6 6913//6 6301//6
f 879//6 6914//6 6912//6
f 1157//6 5480//6 5479//6
f 1157//6 5479//6 4874//6
f 1158//6 6185//6 5854//6
f 870//6 6181//6 6186//6
f 870//6 6186//6 5580//6
f 1157//6 5481//6 5480//6
f 796//4 4647//4 4752//4
f 796//4 4752//4 4156//4
f 881//4 2603//4 2518//4
f 1154//4 3315//4 3314//4
f 1154//4 3314//4 2725//4
f 1155//4 4045//4 3707//4
f 882//4 3317//4 3316//4
f 882//4 3316//4 2724//4
f 1154//4 3318//4 3315//4
f 793//4 2505//4 2604//4
f 793//4 2604//4 2005//4
f 882//4 3319//4 3317//4
f 1151//4 6916//4 6915//4
f 1151//4 6915//4 6298//4
f 1152//4 7628//4 7291//4
f 871//4 6844//4 6917//4
f 871//4 6917//4 6297//4
f 1151//4 6918//4 6916//4
f 790//5 6069//5 6187//5
f 790//5 6187//5 5579//5
f 883//5 4046//5 3947//5
f 1148//5 4754//5 4753//5
f 1148//5 4753//5 4155//5
f 1149//5 5482//5 5156//5
f 884//5 4756//5 4755//5
f 884//5 4755//5 4154//5
f 1148//5 4757//5 4754//5
f 787//5 3933//5 4047//5
f 787//5 4047//5 3436//5
f 884//5 4758//5 4756//5
f 1145//5 2606//5 2605//5
f 1145//5 2605//5 2002//5
f 1146//5 3320//5 3003//5
f 873//5 2526//5 2607//5
f 873//5 2607//5 2001//5
f 1145//5 2608//5 2606//5
f 784//3 7514//3 7629//3
f 784//3 7629//3 7010//3
f 885//3 5483//3 5386//3
f 1142//3 6189//3 6188//3
f 1142//3 6188//3 5578//3
f 1143//3 6919//3 6573//3
f 886//3 6191//3 6190//3
f 886//3 6190//3 5577//3
f 1142//3 6192//3 6189//3
f 781//3 5367//3 5484//3
f 781//3 5484//3 4870//3
f 886//3 6193//3 6191//3
f 1139//3 4049//3 4048//3
f 1139//3 4048//3 3433//3
f 1140//3 4759//3 4427//3
f 602//3 2951//3 3321//3
f 602//3 3321//3 2719//3
f 1139//3 4050//3 4049//3
f 778//1 3203//1 3322//1
f 778//1 3322//1 2718//1
f 888//1 7630//1 7631//1
f 1136//1 7633//1 7632//1
f 1136//1 7632//1 7009//1
f 1137//1 2609//1 2283//1
f 887//1 6921//1 6920//1
f 887//1 6920//1 6293//1
f 1136//1 7634//1 7633//1
f 775//1 6789//1 6922//1
f 775//1 6922//1 6292//1
f 887//1 6923//1 6921//1
f 1133//1 5486//1 5485//1
f 1133//1 5485//1 4865//1
f 1134//1 6194//1 5866//1
f 890//1 2929//1 3323//1
f 890//1 3323//1 2717//1
f 1133//1 5487//1 5486//1
f 772//2 4618//2 4760//2
f 772//2 4760//2 4149//2
f 893//2 5488//2 5319//2
f 1130//2 3325//2 3324//2
f 1130//2 3324//2 2716//2
f 1131//2 4051//2 3719//2
f 892//2 4762//2 4761//2
f 892//2 4761//2 4148//2
f 1130//2 3326//2 3325//2
f 769//2 2479//2 2610//2
f 769//2 2610//2 2000//2
f 892//2 4763//2 4762//2
f 1127//2 6925//2 6924//2
f 1127//2 6924//2 6291//2
f 1128//2 7635//2 7302//2
f 895//2 6777//2 6926//2
f 895//2 6926//2 6290//2
f 1127//2 6927//2 6925//2
f 766//6 6043//6 6195//6
f 766//6 6195//6 5572//6
f 898//6 3327//6 3165//6
f 1124//6 4765//6 4764//6
f 1124//6 4764//6 4147//6
f 1125//6 5489//6 5166//6
f 897//6 2612//6 2611//6
f 897//6 2611//6 1999//6
f 1124//6 4766//6 4765//6
f 763//6 3892//6 4052//6
f 763//6 4052//6 3430//6
f 897//6 2613//6 2612//6
f 1121//6 2615//6 2614//6
f 1121//6 2614//6 1998//6
f 1122//6 3328//6 3015//6
f 888//6 7631//6 7636//6
f 888//6 7636//6 7003//6
f 1121//6 2616//6 2615//6
f 760//4 7478//4 7637//4
f 760//4 7637//4 7002//4
f 899//4 4053//4 3901//4
f 1118//4 6197//4 6196//4
f 1118//4 6196//4 5568//4
f 1119//4 6928//4 6584//4
f 900//4 4768//4 4767//4
f 900//4 4767//4 4146//4
f 1118//4 6198//4 6197//4
f 757//4 5329//4 5490//4
f 757//4 5490//4 4861//4
f 900//4 4769//4 4768//4
f 1115//4 4055//4 4054//4
f 1115//4 4054//4 3429//4
f 1116//4 4770//4 4437//4
f 889//4 2488//4 2617//4
f 889//4 2617//4 1995//4
f 1115//4 4056//4 4055//4
f 754//5 3172//5 3329//5
f 754//5 3329//5 2707//5
f 901//5 5491//5 5338//5
f 1112//5 7639//5 7638//5
f 1112//5 7638//5 7001//5
f 1113//5 2618//5 2295//5
f 902//5 6200//5 6199//5
f 902//5 6199//5 5567//5
f 1112//5 7640//5 7639//5
f 751//5 6750//5 6929//5
f 751//5 6929//5 6282//5
f 902//5 6201//5 6200//5
f 1109//5 5493//5 5492//5
f 1109//5 5492//5 4860//5
f 1110//5 6202//5 5879//5
f 891//5 3908//5 4057//5
f 891//5 4057//5 3426//5
f 1109//5 5494//5 5493//5
f 748//3 4591//3 4771//3
f 748//3 4771//3 4141//3
f 903//3 6930//3 6759//3
f 1106//3 3331//3 3330//3
f 1106//3 3330//3 2706//3
f 1107//3 4058//3 3732//3
f 904//3 7642//3 7641//3
f 904//3 7641//3 7000//3
f 1106//3 3332//3 3331//3
f 745//3 2447//3 2619//3
f 745//3 2619//3 1991//3
f 904//3 7643//3 7642//3
f 1103//3 6932//3 6931//3
f 1103//3 6931//3 6281//3
f 1104//3 7644//3 7314//3
f 620//3 4372//3 4772//3
f 620//3 4772//3 4140//3
f 1103//3 6933//3 6932//3
f 742//1 6010//1 6203//1
f 742//1 6203//1 5562//1
f 906//1 3333//1 3334//1
f 1100//1 4774//1 4773//1
f 1100//1 4773//1 4139//1
f 1101//1 5495//1 5178//1
f 905//1 2621//1 2620//1
f 905//1 2620//1 1990//1
f 1100//1 4775//1 4774//1
f 739//1 3862//1 4059//1
f 739//1 4059//1 3425//1
f 905//1 2622//1 2621//1
f 1097//1 2624//1 2623//1
f 1097//1 2623//1 1989//1
f 1098//1 3335//1 3028//1
f 908//1 4350//1 4776//1
f 908//1 4776//1 4138//1
f 1097//1 2625//1 2624//1
f 736//2 7435//2 7645//2
f 736//2 7645//2 6995//2
f 911//2 6934//2 6689//2
f 1094//2 6205//2 6204//2
f 1094//2 6204//2 5561//2
f 1095//2 6935//2 6596//2
f 910//2 6207//2 6206//2
f 910//2 6206//2 5560//2
f 1094//2 6208//2 6205//2
f 733//2 5290//2 5496//2
f 733//2 5496//2 4855//2
f 910//2 6209//2 6207//2
f 1091//2 4061//2 4060//2
f 1091//2 4060//2 3424//2
f 1092//2 4777//2 4450//2
f 913//2 2426//2 2626//2
f 913//2 2626//2 1988//2
f 1091//2 4062//2 4061//2
f 730//6 3138//6 3336//6
f 730//6 3336//6 2702//6
f 916//6 4778//6 4542//6
f 1088//6 7647//6 7646//6
f 1088//6 7646//6 6994//6
f 1089//6 2627//6 2308//6
f 915//6 4064//6 4063//6
f 915//6 4063//6 3423//6
f 1088//6 7648//6 7647//6
f 727//6 6717//6 6936//6
f 727//6 6936//6 6273//6
f 915//6 4065//6 4064//6
f 1085//6 5498//6 5497//6
f 1085//6 5497//6 4854//6
f 1086//6 6210//6 5891//6
f 906//6 3334//6 3337//6
f 906//6 3337//6 2699//6
f 1085//6 5499//6 5498//6
f 724//4 4553//4 4779//4
f 724//4 4779//4 4133//4
f 917//4 5500//4 5287//4
f 1082//4 3339//4 3338//4
f 1082//4 3338//4 2698//4
f 1083//4 4066//4 3745//4
f 918//4 6212//4 6211//4
f 918//4 6211//4 5559//4
f 1082//4 3340//4 3339//4
f 721//4 2419//4 2628//4
f 721//4 2628//4 1983//4
f 918//4 6213//4 6212//4
f 1079//4 6938//4 6937//4
f 1079//4 6937//4 6272//4
f 1080//4 7649//4 7329//4
f 907//4 3870//4 4067//4
f 907//4 4067//4 3420//4
f 1079//4 6939//4 6938//4
f 718//5 5982//5 6214//5
f 718//5 6214//5 5558//5
f 919//5 6940//5 6707//5
f 1076//5 4781//5 4780//5
f 1076//5 4780//5 4128//5
f 1077//5 5501//5 5193//5
f 920//5 7651//5 7650//5
f 920//5 7650//5 6990//5
f 1076//5 4782//5 4781//5
f 715//5 3834//5 4068//5
f 715//5 4068//5 3419//5
f 920//5 7652//5 7651//5
f 1073//5 2630//5 2629//5
f 1073//5 2629//5 1979//5
f 1074//5 3341//5 3040//5
f 909//5 5297//5 5502//5
f 909//5 5502//5 4851//5
f 1073//5 2631//5 2630//5
f 712//3 7400//3 7653//3
f 712//3 7653//3 6989//3
f 921//3 2632//3 2410//3
f 1070//3 6216//3 6215//3
f 1070//3 6215//3 5553//3
f 1071//3 6941//3 6609//3
f 922//3 3343//3 3342//3
f 922//3 3342//3 2697//3
f 1070//3 6217//3 6216//3
f 709//3 5260//3 5503//3
f 709//3 5503//3 4850//3
f 922//3 3344//3 3343//3
f 1067//3 4070//3 4069//3
f 1067//3 4069//3 3415//3
f 1068//3 4783//3 4464//3
f 638//3 5786//3 6218//3
f 638//3 6218//3 5552//3
f 1067//3 4071//3 4070//3
f 706//1 3102//1 3345//1
f 706//1 3345//1 2693//1
f 924//1 4784//1 4785//1
f 1064//1 7655//1 7654//1
f 1064//1 7654//1 6984//1
f 1065//1 2633//1 2320//1
f 923//1 4073//1 4072//1
f 923//1 4072//1 3414//1
f 1064//1 7656//1 7655//1
f 703//1 6669//1 6942//1
f 703//1 6942//1 6269//1
f 923//1 4074//1 4073//1
f 1061//1 5505//1 5504//1
f 1061//1 5504//1 4849//1
f 1062//1 6219//1 5902//1
f 926//1 5764//1 6220//1
f 926//1 6220//1 5551//1
f 1061//1 5506//1 5505//1
f 700//2 4527//2 4786//2
f 700//2 4786//2 4124//2
f 929//2 2634//2 2348//2
f 1058//2 3347//2 3346//2
f 1058//2 3346//2 2691//2
f 1059//2 4075//2 3757//2
f 928//2 7658//2 7657//2
f 928//2 7657//2 6983//2
f 1058//2 3348//2 3347//2
f 697//2 2377//2 2635//2
f 697//2 2635//2 1974//2
f 928//2 7659//2 7658//2
f 1055//2 6944//2 6943//2
f 1055//2 6943//2 6266//2
f 1056//2 7660//2 7339//2
f 931//2 3806//2 4076//2
f 931//2 4076//2 3413//2
f 1055//2 6945//2 6944//2
f 694//6 5950//6 6221//6
f 694//6 6221//6 5546//6
f 934//6 6222//6 5926//6
f 1052//6 4788//6 4787//6
f 1052//6 4787//6 4121//6
f 1053//6 5507//6 5204//6
f 933//6 5509//6 5508//6
f 933//6 5508//6 4848//6
f 1052//6 4789//6 4788//6
f 691//6 3800//6 4077//6
f 691//6 4077//6 3410//6
f 933//6 5510//6 5509//6
f 1049//6 2637//6 2636//6
f 1049//6 2636//6 1970//6
f 1050//6 3349//6 3052//6
f 924//6 4785//6 4790//6
f 924//6 4790//6 4120//6
f 1049//6 2638//6 2637//6
f 688//4 7379//4 7661//4
f 688//4 7661//4 6982//4
f 935//4 6946//4 6656//4
f 1046//4 6224//4 6223//4
f 1046//4 6223//4 5545//4
f 1047//4 6947//4 6621//4
f 936//4 7663//4 7662//4
f 936//4 7662//4 6981//4
f 1046//4 6225//4 6224//4
f 685//4 5227//4 5511//4
f 685//4 5511//4 4845//4
f 936//4 7664//4 7663//4
f 1043//4 4079//4 4078//4
f 1043//4 4078//4 3407//4
f 1044//4 4791//4 4473//4
f 925//4 5255//4 5512//4
f 925//4 5512//4 4844//4
f 1043//4 4080//4 4079//4
f 682//5 3075//5 3350//5
f 682//5 3350//5 2687//5
f 937//5 2639//5 2362//5
f 1040//5 7666//5 7665//5
f 1040//5 7665//5 6980//5
f 1041//5 2640//5 2331//5
f 938//5 3352//5 3351//5
f 938//5 3351//5 2686//5
f 1040//5 7667//5 7666//5
f 679//5 6634//5 6948//5
f 679//5 6948//5 6263//5
f 938//5 3353//5 3352//5
f 1037//5 5514//5 5513//5
f 1037//5 5513//5 4843//5
f 1038//5 6226//5 5914//5
f 927//5 6664//5 6949//5
f 927//5 6949//5 6262//5
f 1037//5 5515//5 5514//5
f 676//3 4485//3 4792//3
f 676//3 4792//3 4119//3
f 939//3 4081//3 3786//3
f 1034//3 3355//3 3354//3
f 1034//3 3354//3 2685//3
f 1035//3 4082//3 3769//3
f 940//3 4794//3 4793//3
f 940//3 4793//3 4118//3
f 1034//3 3356//3 3355//3
f 673//3 2337//3 2641//3
f 673//3 2641//3 1967//3
f 940//3 4795//3 4794//3
f 1031//3 6951//3 6950//3
f 1031//3 6950//3 6261//3
f 1032//3 7668//3 7350//3
f 656//3 7209//3 7669//3
f 656//3 7669//3 6975//3
f 1031//3 6952//3 6951//3
f 566//3 5740//3 6227//3
f 566//3 6227//3 5540//3
f 1030//3 6228//3 6229//3
f 1030//3 6229//3 6230//3
f 1030//3 6230//3 4839//3
f 1029//3 5516//3 5221//3
f 1017//5 2386//5 2642//5
f 1017//5 2642//5 1966//5
f 1028//5 4796//5 4797//5
f 1028//5 4797//5 4798//5
f 1028//5 4798//5 3402//5
f 1027//5 4083//5 3795//5
f 1015//4 6676//4 6953//4
f 1015//4 6953//4 6260//4
f 1026//4 3357//4 3358//4
f 1026//4 3358//4 3359//4
f 1026//4 3359//4 1965//4
f 1025//4 2643//4 2370//4
f 1014//6 6232//6 6231//6
f 1014//6 6231//6 5539//6
f 1023//6 6954//6 6955//6
f 1023//6 6955//6 6956//6
f 1023//6 6956//6 6259//6
f 1024//6 7670//6 7357//6
f 1021//2 5241//2 5517//2
f 1021//2 5517//2 2677//2
f 1018//2 3360//2 3361//2
f 1018//2 3361//2 3362//2
f 1018//2 3362//2 2676//2
f 1019//2 4084//2 3776//2
f 1016//1 7201//1 7671//1
f 1016//1 7671//1 4835//1
f 1013//1 5518//1 5519//1
f 1013//1 5519//1 5520//1
f 1013//1 5520//1 4834//1
f 1014//1 6233//1 6232//1
f 548//3 4282//3 4799//3
f 548//3 4799//3 4111//3
f 1012//3 4800//3 4801//3
f 1012//3 4801//3 4802//3
f 1012//3 4802//3 3399//3
f 1011//3 4085//3 3831//3
f 999//5 6733//5 6957//5
f 999//5 6957//5 6258//5
f 1010//5 3363//5 3364//5
f 1010//5 3364//5 3365//5
f 1010//5 3365//5 1959//5
f 1009//5 2644//5 2416//5
f 997//4 5305//4 5521//4
f 997//4 5521//4 4833//4
f 1008//4 7672//4 7673//4
f 1008//4 7673//4 7674//4
f 1008//4 7674//4 6257//4
f 1007//4 6958//4 6714//4
f 996//6 4804//6 4803//6
f 996//6 4803//6 4107//6
f 1005//6 5522//6 5523//6
f 1005//6 5523//6 5524//6
f 1005//6 5524//6 4832//6
f 1006//6 6234//6 5972//6
f 1003//2 3851//2 4086//2
f 1003//2 4086//2 6974//2
f 1000//2 7675//2 7676//2
f 1000//2 7676//2 7677//2
f 1000//2 7677//2 6973//2
f 1001//2 2645//2 2399//2
f 998//1 5732//1 6235//1
f 998//1 6235//1 3395//1
f 995//1 4087//1 4088//1
f 995//1 4088//1 4089//1
f 995//1 4089//1 3394//1
f 996//1 4805//1 4804//1
f 530//3 2812//3 3366//3
f 530//3 3366//3 2672//3
f 994//3 3367//3 3368//3
f 994//3 3368//3 3369//3
f 994//3 3369//3 1953//3
f 993//3 2646//3 2457//3
f 981//5 5360//5 5525//5
f 981//5 5525//5 4828//5
f 992//5 7678//5 7679//5
f 992//5 7679//5 7680//5
f 992//5 7680//5 6256//5
f 991//5 6959//5 6768//5
f 979//4 3915//4 4090//4
f 979//4 4090//4 3390//4
f 990//4 6236//4 6237//4
f 990//4 6237//4 6238//4
f 990//4 6238//4 4827//4
f 989//4 5526//4 5345//4
f 978//6 3371//6 3370//6
f 978//6 3370//6 2668//6
f 987//6 4091//6 4092//6
f 987//6 4092//6 4093//6
f 987//6 4093//6 3389//6
f 988//6 4806//6 4587//6
f 985//2 2473//2 2647//2
f 985//2 2647//2 5538//2
f 982//2 6239//2 6240//2
f 982//2 6240//2 6241//2
f 982//2 6241//2 5537//2
f 983//2 6960//2 6746//2
f 980//1 4271//1 4807//1
f 980//1 4807//1 1950//1
f 977//1 2648//1 2649//1
f 977//1 2649//1 2650//1
f 977//1 2650//1 1948//1
f 978//1 3372//1 3371//1
f 512//3 7069//3 7681//3
f 512//3 7681//3 6972//3
f 976//3 7682//3 7683//3
f 976//3 7683//3 7684//3
f 976//3 7684//3 6255//3
f 975//3 6961//3 6808//3
f 963//5 3974//5 4094//5
f 963//5 4094//5 3388//5
f 974//5 6242//5 6243//5
f 974//5 6243//5 6244//5
f 974//5 6244//5 4823//5
f 973//5 5527//5 5396//5
f 961//4 2535//4 2651//4
f 961//4 2651//4 1945//4
f 972//4 4808//4 4809//4
f 972//4 4809//4 4810//4
f 972//4 4810//4 3384//4
f 971//4 4095//4 3957//4
f 960//6 7686//6 7685//6
f 960//6 7685//6 6971//6
f 969//6 2652//6 2653//6
f 969//6 2653//6 2654//6
f 969//6 2654//6 1944//6
f 970//6 3373//6 3212//6
f 967//2 6831//2 6962//2
f 967//2 6962//2 4100//2
f 964//2 4811//2 4812//2
f 964//2 4812//2 4813//2
f 964//2 4813//2 4099//2
f 965//2 5528//2 5378//2
f 962//1 2804//1 3374//1
f 962//1 3374//1 6254//1
f 959//1 6963//1 6964//1
f 959//1 6964//1 6965//1
f 959//1 6965//1 6253//1
f 960//1 7687//1 7686//1
f 942//6 6246//6 6245//6
f 942//6 6245//6 5536//6
f 958//6 6247//6 6248//6
f 958//6 6248//6 6249//6
f 958//6 6249//6 1938//6
f 953//6 2655//6 2656//6
f 945//5 2583//5 2657//5
f 945//5 2657//5 1936//5
f 957//5 5529//5 5530//5
f 957//5 5530//5 5531//5
f 957//5 5531//5 4098//5
f 956//5 4814//5 4697//5
f 943//4 6893//4 6966//4
f 943//4 6966//4 6252//4
f 954//4 3375//4 3376//4
f 954//4 3376//4 3377//4
f 954//4 3377//4 2663//4
f 955//4 4096//4 3985//4
f 953//3 2656//3 2658//3
f 953//3 2658//3 6251//3
f 951//3 6967//3 6968//3
f 951//3 6968//3 6969//3
f 951//3 6969//3 6970//3
f 944//3 7688//3 7689//3
f 949//2 5426//2 5532//2
f 949//2 5532//2 2660//2
f 946//2 3378//2 3379//2
f 946//2 3379//2 3380//2
f 946//2 3380//2 2659//2
f 947//2 4097//2 4007//2
f 944//1 7689//1 7690//1
f 944//1 7690//1 4816//1
f 941//1 5533//1 5534//1
f 941//1 5534//1 5535//1
f 941//1 5535//1 4815//1
f 942//1 6250//1 6246//1
f 6246//1 5824//1 222//1
f 6246//1 6250//1 5824//1
f 6250//1 1929//1 5824//1
f 4815//1 6250//1 942//1
f 4815//1 5535//1 6250//1
f 5535//1 1929//1 6250//1
f 5535//1 5118//1 1929//1
f 5535//1 5534//1 5118//1
f 5534//1 221//1 5118//1
f 5534//1 5122//1 221//1
f 5534//1 5533//1 5122//1
f 5533//1 1926//1 5122//1
f 4816//1 5533//1 941//1
f 4816//1 7690//1 5533//1
f 7690//1 1926//1 5533//1
f 7690//1 7257//1 1926//1
f 7690//1 7689//1 7257//1
f 7689//1 224//1 7257//1
f 4007//2 3681//2 227//2
f 4007//2 4097//2 3681//2
f 4097//2 1923//2 3681//2
f 2659//2 4097//2 947//2
f 2659//2 3380//2 4097//2
f 3380//2 1923//2 4097//2
f 3380//2 2966//2 1923//2
f 3380//2 3379//2 2966//2
f 3379//2 226//2 2966//2
f 3379//2 2973//2 226//2
f 3379//2 3378//2 2973//2
f 3378//2 1920//2 2973//2
f 2660//2 3378//2 946//2
f 2660//2 5532//2 3378//2
f 5532//2 1920//2 3378//2
f 5532//2 5111//2 1920//2
f 5532//2 5426//2 5111//2
f 5426//2 229//2 5111//2
f 7689//3 7268//3 224//3
f 7689//3 7688//3 7268//3
f 7688//3 1917//3 7268//3
f 6970//3 7688//3 944//3
f 6970//3 6969//3 7688//3
f 6969//3 1917//3 7688//3
f 6969//3 6534//3 1917//3
f 6969//3 6968//3 6534//3
f 6968//3 231//3 6534//3
f 6968//3 6541//3 231//3
f 6968//3 6967//3 6541//3
f 6967//3 1914//3 6541//3
f 6251//3 6967//3 951//3
f 6251//3 2658//3 6967//3
f 2658//3 1914//3 6967//3
f 2658//3 2237//3 1914//3
f 2658//3 2656//3 2237//3
f 2656//3 233//3 2237//3
f 3985//4 3687//4 235//4
f 3985//4 4096//4 3687//4
f 4096//4 1911//4 3687//4
f 2663//4 4096//4 955//4
f 2663//4 3377//4 4096//4
f 3377//4 1911//4 4096//4
f 3377//4 2960//4 1911//4
f 3377//4 3376//4 2960//4
f 3376//4 234//4 2960//4
f 3376//4 2982//4 234//4
f 3376//4 3375//4 2982//4
f 3375//4 1908//4 2982//4
f 6252//4 3375//4 954//4
f 6252//4 6966//4 3375//4
f 6966//4 1908//4 3375//4
f 6966//4 6528//4 1908//4
f 6966//4 6893//4 6528//4
f 6893//4 223//4 6528//4
f 4697//5 4403//5 236//5
f 4697//5 4814//5 4403//5
f 4814//5 1905//5 4403//5
f 4098//5 4814//5 956//5
f 4098//5 5531//5 4814//5
f 5531//5 1905//5 4814//5
f 5531//5 5107//5 1905//5
f 5531//5 5530//5 5107//5
f 5530//5 237//5 5107//5
f 5530//5 5134//5 237//5
f 5530//5 5529//5 5134//5
f 5529//5 1902//5 5134//5
f 1936//5 5529//5 957//5
f 1936//5 2657//5 5529//5
f 2657//5 1902//5 5529//5
f 2657//5 2234//5 1902//5
f 2657//5 2583//5 2234//5
f 2583//5 225//5 2234//5
f 2656//6 2260//6 233//6
f 2656//6 2655//6 2260//6
f 2655//6 1899//6 2260//6
f 1938//6 2655//6 953//6
f 1938//6 6249//6 2655//6
f 6249//6 1899//6 2655//6
f 6249//6 5819//6 1899//6
f 6249//6 6248//6 5819//6
f 6248//6 238//6 5819//6
f 6248//6 5844//6 238//6
f 6248//6 6247//6 5844//6
f 6247//6 1896//6 5844//6
f 5536//6 6247//6 958//6
f 5536//6 6245//6 6247//6
f 6245//6 1896//6 6247//6
f 6245//6 5813//6 1896//6
f 6245//6 6246//6 5813//6
f 6246//6 222//6 5813//6
f 7686//1 7279//1 240//1
f 7686//1 7687//1 7279//1
f 7687//1 1893//1 7279//1
f 6253//1 7687//1 960//1
f 6253//1 6965//1 7687//1
f 6965//1 1893//1 7687//1
f 6965//1 6523//1 1893//1
f 6965//1 6964//1 6523//1
f 6964//1 239//1 6523//1
f 6964//1 6554//1 239//1
f 6964//1 6963//1 6554//1
f 6963//1 1890//1 6554//1
f 6254//1 6963//1 959//1
f 6254//1 3374//1 6963//1
f 3374//1 1890//1 6963//1
f 3374//1 2953//1 1890//1
f 3374//1 2804//1 2953//1
f 2804//1 242//1 2953//1
f 5378//2 5144//2 245//2
f 5378//2 5528//2 5144//2
f 5528//2 1887//2 5144//2
f 4099//2 5528//2 965//2
f 4099//2 4813//2 5528//2
f 4813//2 1887//2 5528//2
f 4813//2 4387//2 1887//2
f 4813//2 4812//2 4387//2
f 4812//2 244//2 4387//2
f 4812//2 4413//2 244//2
f 4812//2 4811//2 4413//2
f 4811//2 1884//2 4413//2
f 4100//2 4811//2 964//2
f 4100//2 6962//2 4811//2
f 6962//2 1884//2 4811//2
f 6962//2 6517//2 1884//2
f 6962//2 6831//2 6517//2
f 6831//2 247//2 6517//2
f 3212//6 2994//6 250//6
f 3212//6 3373//6 2994//6
f 3373//6 1881//6 2994//6
f 1944//6 3373//6 970//6
f 1944//6 2654//6 3373//6
f 2654//6 1881//6 3373//6
f 2654//6 2226//6 1881//6
f 2654//6 2653//6 2226//6
f 2653//6 249//6 2226//6
f 2653//6 2272//6 249//6
f 2653//6 2652//6 2272//6
f 2652//6 1878//6 2272//6
f 6971//6 2652//6 969//6
f 6971//6 7685//6 2652//6
f 7685//6 1878//6 2652//6
f 7685//6 7247//6 1878//6
f 7685//6 7686//6 7247//6
f 7686//6 240//6 7247//6
f 3957//4 3705//4 251//4
f 3957//4 4095//4 3705//4
f 4095//4 1875//4 3705//4
f 3384//4 4095//4 971//4
f 3384//4 4810//4 4095//4
f 4810//4 1875//4 4095//4
f 4810//4 4381//4 1875//4
f 4810//4 4809//4 4381//4
f 4809//4 252//4 4381//4
f 4809//4 4418//4 252//4
f 4809//4 4808//4 4418//4
f 4808//4 1872//4 4418//4
f 1945//4 4808//4 972//4
f 1945//4 2651//4 4808//4
f 2651//4 1872//4 4808//4
f 2651//4 2220//4 1872//4
f 2651//4 2535//4 2220//4
f 2535//4 241//4 2220//4
f 5396//5 5154//5 253//5
f 5396//5 5527//5 5154//5
f 5527//5 1869//5 5154//5
f 4823//5 5527//5 973//5
f 4823//5 6244//5 5527//5
f 6244//5 1869//5 5527//5
f 6244//5 5808//5 1869//5
f 6244//5 6243//5 5808//5
f 6243//5 254//5 5808//5
f 6243//5 5857//5 254//5
f 6243//5 6242//5 5857//5
f 6242//5 1866//5 5857//5
f 3388//5 6242//5 974//5
f 3388//5 4094//5 6242//5
f 4094//5 1866//5 6242//5
f 4094//5 3664//5 1866//5
f 4094//5 3974//5 3664//5
f 3974//5 243//5 3664//5
f 6808//3 6571//3 255//3
f 6808//3 6961//3 6571//3
f 6961//3 1863//3 6571//3
f 6255//3 6961//3 975//3
f 6255//3 7684//3 6961//3
f 7684//3 1863//3 6961//3
f 7684//3 7243//3 1863//3
f 7684//3 7683//3 7243//3
f 7683//3 256//3 7243//3
f 7683//3 7294//3 256//3
f 7683//3 7682//3 7294//3
f 7682//3 1860//3 7294//3
f 6972//3 7682//3 976//3
f 6972//3 7681//3 7682//3
f 7681//3 1860//3 7682//3
f 7681//3 7237//3 1860//3
f 7681//3 7069//3 7237//3
f 7069//3 152//3 7237//3
f 3371//1 3005//1 258//1
f 3371//1 3372//1 3005//1
f 3372//1 1857//1 3005//1
f 1948//1 3372//1 978//1
f 1948//1 2650//1 3372//1
f 2650//1 1857//1 3372//1
f 2650//1 2215//1 1857//1
f 2650//1 2649//1 2215//1
f 2649//1 257//1 2215//1
f 2649//1 2285//1 257//1
f 2649//1 2648//1 2285//1
f 2648//1 1854//1 2285//1
f 1950//1 2648//1 977//1
f 1950//1 4807//1 2648//1
f 4807//1 1854//1 2648//1
f 4807//1 4374//1 1854//1
f 4807//1 4271//1 4374//1
f 4271//1 260//1 4374//1
f 6746//2 6575//2 263//2
f 6746//2 6960//2 6575//2
f 6960//2 1851//2 6575//2
f 5537//2 6960//2 983//2
f 5537//2 6241//2 6960//2
f 6241//2 1851//2 6960//2
f 6241//2 5801//2 1851//2
f 6241//2 6240//2 5801//2
f 6240//2 262//2 5801//2
f 6240//2 5869//2 262//2
f 6240//2 6239//2 5869//2
f 6239//2 1848//2 5869//2
f 5538//2 6239//2 982//2
f 5538//2 2647//2 6239//2
f 2647//2 1848//2 6239//2
f 2647//2 2209//2 1848//2
f 2647//2 2473//2 2209//2
f 2473//2 265//2 2209//2
f 4587//6 4431//6 268//6
f 4587//6 4806//6 4431//6
f 4806//6 1845//6 4431//6
f 3389//6 4806//6 988//6
f 3389//6 4093//6 4806//6
f 4093//6 1845//6 4806//6
f 4093//6 3659//6 1845//6
f 4093//6 4092//6 3659//6
f 4092//6 267//6 3659//6
f 4092//6 3722//6 267//6
f 4092//6 4091//6 3722//6
f 4091//6 1842//6 3722//6
f 2668//6 4091//6 987//6
f 2668//6 3370//6 4091//6
f 3370//6 1842//6 4091//6
f 3370//6 2942//6 1842//6
f 3370//6 3371//6 2942//6
f 3371//6 258//6 2942//6
f 5345//4 5168//4 269//4
f 5345//4 5526//4 5168//4
f 5526//4 1839//4 5168//4
f 4827//4 5526//4 989//4
f 4827//4 6238//4 5526//4
f 6238//4 1839//4 5526//4
f 6238//4 5794//4 1839//4
f 6238//4 6237//4 5794//4
f 6237//4 270//4 5794//4
f 6237//4 5873//4 270//4
f 6237//4 6236//4 5873//4
f 6236//4 1836//4 5873//4
f 3390//4 6236//4 990//4
f 3390//4 4090//4 6236//4
f 4090//4 1836//4 6236//4
f 4090//4 3652//4 1836//4
f 4090//4 3915//4 3652//4
f 3915//4 259//4 3652//4
f 6768//5 6587//5 271//5
f 6768//5 6959//5 6587//5
f 6959//5 1833//5 6587//5
f 6256//5 6959//5 991//5
f 6256//5 7680//5 6959//5
f 7680//5 1833//5 6959//5
f 7680//5 7231//5 1833//5
f 7680//5 7679//5 7231//5
f 7679//5 272//5 7231//5
f 7679//5 7308//5 272//5
f 7679//5 7678//5 7308//5
f 7678//5 1830//5 7308//5
f 4828//5 7678//5 992//5
f 4828//5 5525//5 7678//5
f 5525//5 1830//5 7678//5
f 5525//5 5088//5 1830//5
f 5525//5 5360//5 5088//5
f 5360//5 261//5 5088//5
f 2457//3 2298//3 273//3
f 2457//3 2646//3 2298//3
f 2646//3 1827//3 2298//3
f 1953//3 2646//3 993//3
f 1953//3 3369//3 2646//3
f 3369//3 1827//3 2646//3
f 3369//3 2937//3 1827//3
f 3369//3 3368//3 2937//3
f 3368//3 274//3 2937//3
f 3368//3 3021//3 274//3
f 3368//3 3367//3 3021//3
f 3367//3 1824//3 3021//3
f 2672//3 3367//3 994//3
f 2672//3 3366//3 3367//3
f 3366//3 1824//3 3367//3
f 3366//3 2931//3 1824//3
f 3366//3 2812//3 2931//3
f 2812//3 170//3 2931//3
f 4804//1 4442//1 276//1
f 4804//1 4805//1 4442//1
f 4805//1 1821//1 4442//1
f 3394//1 4805//1 996//1
f 3394//1 4089//1 4805//1
f 4089//1 1821//1 4805//1
f 4089//1 3648//1 1821//1
f 4089//1 4088//1 3648//1
f 4088//1 275//1 3648//1
f 4088//1 3735//1 275//1
f 4088//1 4087//1 3735//1
f 4087//1 1818//1 3735//1
f 3395//1 4087//1 995//1
f 3395//1 6235//1 4087//1
f 6235//1 1818//1 4087//1
f 6235//1 5788//1 1818//1
f 6235//1 5732//1 5788//1
f 5732//1 278//1 5788//1
f 2399//2 2301//2 281//2
f 2399//2 2645//2 2301//2
f 2645//2 1815//2 2301//2
f 6973//2 2645//2 1001//2
f 6973//2 7677//2 2645//2
f 7677//2 1815//2 2645//2
f 7677//2 7225//2 1815//2
f 7677//2 7676//2 7225//2
f 7676//2 280//2 7225//2
f 7676//2 7319//2 280//2
f 7676//2 7675//2 7319//2
f 7675//2 1812//2 7319//2
f 6974//2 7675//2 1000//2
f 6974//2 4086//2 7675//2
f 4086//2 1812//2 7675//2
f 4086//2 3641//2 1812//2
f 4086//2 3851//2 3641//2
f 3851//2 283//2 3641//2
f 5972//6 5885//6 286//6
f 5972//6 6234//6 5885//6
f 6234//6 1809//6 5885//6
f 4832//6 6234//6 1006//6
f 4832//6 5524//6 6234//6
f 5524//6 1809//6 6234//6
f 5524//6 5084//6 1809//6
f 5524//6 5523//6 5084//6
f 5523//6 285//6 5084//6
f 5523//6 5184//6 285//6
f 5523//6 5522//6 5184//6
f 5522//6 1806//6 5184//6
f 4107//6 5522//6 1005//6
f 4107//6 4803//6 5522//6
f 4803//6 1806//6 5522//6
f 4803//6 4363//6 1806//6
f 4803//6 4804//6 4363//6
f 4804//6 276//6 4363//6
f 6714//4 6599//4 287//4
f 6714//4 6958//4 6599//4
f 6958//4 1803//4 6599//4
f 6257//4 6958//4 1007//4
f 6257//4 7674//4 6958//4
f 7674//4 1803//4 6958//4
f 7674//4 7218//4 1803//4
f 7674//4 7673//4 7218//4
f 7673//4 288//4 7218//4
f 7673//4 7327//4 288//4
f 7673//4 7672//4 7327//4
f 7672//4 1800//4 7327//4
f 4833//4 7672//4 1008//4
f 4833//4 5521//4 7672//4
f 5521//4 1800//4 7672//4
f 5521//4 5077//4 1800//4
f 5521//4 5305//4 5077//4
f 5305//4 277//4 5077//4
f 2416//5 2312//5 289//5
f 2416//5 2644//5 2312//5
f 2644//5 1797//5 2312//5
f 1959//5 2644//5 1009//5
f 1959//5 3365//5 2644//5
f 3365//5 1797//5 2644//5
f 3365//5 2926//5 1797//5
f 3365//5 3364//5 2926//5
f 3364//5 290//5 2926//5
f 3364//5 3038//5 290//5
f 3364//5 3363//5 3038//5
f 3363//5 1794//5 3038//5
f 6258//5 3363//5 1010//5
f 6258//5 6957//5 3363//5
f 6957//5 1794//5 3363//5
f 6957//5 6497//5 1794//5
f 6957//5 6733//5 6497//5
f 6733//5 279//5 6497//5
f 3831//3 3748//3 291//3
f 3831//3 4085//3 3748//3
f 4085//3 1791//3 3748//3
f 3399//3 4085//3 1011//3
f 3399//3 4802//3 4085//3
f 4802//3 1791//3 4085//3
f 4802//3 4358//3 1791//3
f 4802//3 4801//3 4358//3
f 4801//3 292//3 4358//3
f 4801//3 4461//3 292//3
f 4801//3 4800//3 4461//3
f 4800//3 1788//3 4461//3
f 4111//3 4800//3 1012//3
f 4111//3 4799//3 4800//3
f 4799//3 1788//3 4800//3
f 4799//3 4352//3 1788//3
f 4799//3 4282//3 4352//3
f 4282//3 188//3 4352//3
f 6232//1 5896//1 294//1
f 6232//1 6233//1 5896//1
f 6233//1 1785//1 5896//1
f 4834//1 6233//1 1014//1
f 4834//1 5520//1 6233//1
f 5520//1 1785//1 6233//1
f 5520//1 5073//1 1785//1
f 5520//1 5519//1 5073//1
f 5519//1 293//1 5073//1
f 5519//1 5197//1 293//1
f 5519//1 5518//1 5197//1
f 5518//1 1782//1 5197//1
f 4835//1 5518//1 1013//1
f 4835//1 7671//1 5518//1
f 7671//1 1782//1 5518//1
f 7671//1 7211//1 1782//1
f 7671//1 7201//1 7211//1
f 7201//1 296//1 7211//1
f 3776//2 3755//2 299//2
f 3776//2 4084//2 3755//2
f 4084//2 1779//2 3755//2
f 2676//2 4084//2 1019//2
f 2676//2 3362//2 4084//2
f 3362//2 1779//2 4084//2
f 3362//2 2919//2 1779//2
f 3362//2 3361//2 2919//2
f 3361//2 298//2 2919//2
f 3361//2 3046//2 298//2
f 3361//2 3360//2 3046//2
f 3360//2 1776//2 3046//2
f 2677//2 3360//2 1018//2
f 2677//2 5517//2 3360//2
f 5517//2 1776//2 3360//2
f 5517//2 5066//2 1776//2
f 5517//2 5241//2 5066//2
f 5241//2 301//2 5066//2
f 7357//6 7341//6 304//6
f 7357//6 7670//6 7341//6
f 7670//6 1773//6 7341//6
f 6259//6 7670//6 1024//6
f 6259//6 6956//6 7670//6
f 6956//6 1773//6 7670//6
f 6956//6 6492//6 1773//6
f 6956//6 6955//6 6492//6
f 6955//6 303//6 6492//6
f 6955//6 6615//6 303//6
f 6955//6 6954//6 6615//6
f 6954//6 1770//6 6615//6
f 5539//6 6954//6 1023//6
f 5539//6 6231//6 6954//6
f 6231//6 1770//6 6954//6
f 6231//6 5777//6 1770//6
f 6231//6 6232//6 5777//6
f 6232//6 294//6 5777//6
f 2370//4 2325//4 305//4
f 2370//4 2643//4 2325//4
f 2643//4 1767//4 2325//4
f 1965//4 2643//4 1025//4
f 1965//4 3359//4 2643//4
f 3359//4 1767//4 2643//4
f 3359//4 2913//4 1767//4
f 3359//4 3358//4 2913//4
f 3358//4 306//4 2913//4
f 3358//4 3055//4 306//4
f 3358//4 3357//4 3055//4
f 3357//4 1764//4 3055//4
f 6260//4 3357//4 1026//4
f 6260//4 6953//4 3357//4
f 6953//4 1764//4 3357//4
f 6953//4 6486//4 1764//4
f 6953//4 6676//4 6486//4
f 6676//4 295//4 6486//4
f 3795//5 3763//5 307//5
f 3795//5 4083//5 3763//5
f 4083//5 1761//5 3763//5
f 3402//5 4083//5 1027//5
f 3402//5 4798//5 4083//5
f 4798//5 1761//5 4083//5
f 4798//5 4347//5 1761//5
f 4798//5 4797//5 4347//5
f 4797//5 308//5 4347//5
f 4797//5 4476//5 308//5
f 4797//5 4796//5 4476//5
f 4796//5 1758//5 4476//5
f 1966//5 4796//5 1028//5
f 1966//5 2642//5 4796//5
f 2642//5 1758//5 4796//5
f 2642//5 2189//5 1758//5
f 2642//5 2386//5 2189//5
f 2386//5 297//5 2189//5
f 5221//3 5210//3 309//3
f 5221//3 5516//3 5210//3
f 5516//3 1755//3 5210//3
f 4839//3 5516//3 1029//3
f 4839//3 6230//3 5516//3
f 6230//3 1755//3 5516//3
f 6230//3 5772//3 1755//3
f 6230//3 6229//3 5772//3
f 6229//3 310//3 5772//3
f 6229//3 5917//3 310//3
f 6229//3 6228//3 5917//3
f 6228//3 1752//3 5917//3
f 5540//3 6228//3 1030//3
f 5540//3 6227//3 6228//3
f 6227//3 1752//3 6228//3
f 6227//3 5766//3 1752//3
f 6227//3 5740//3 5766//3
f 5740//3 206//3 5766//3
f 6951//3 6626//3 311//3
f 6951//3 6952//3 6626//3
f 6952//3 1749//3 6626//3
f 6975//3 6952//3 1031//3
f 6975//3 7669//3 6952//3
f 7669//3 1749//3 6952//3
f 7669//3 7203//3 1749//3
f 7669//3 7209//3 7203//3
f 7209//3 296//3 7203//3
f 7350//3 7359//3 312//3
f 7350//3 7668//3 7359//3
f 7668//3 1746//3 7359//3
f 6261//3 7668//3 1032//3
f 6261//3 6950//3 7668//3
f 6950//3 1746//3 7668//3
f 6950//3 6479//3 1746//3
f 6950//3 6951//3 6479//3
f 6951//3 311//3 6479//3
f 4794//3 4480//3 220//3
f 4794//3 4795//3 4480//3
f 4795//3 1743//3 4480//3
f 1967//3 4795//3 940//3
f 1967//3 2641//3 4795//3
f 2641//3 1743//3 4795//3
f 2641//3 2184//3 1743//3
f 2641//3 2337//3 2184//3
f 2337//3 313//3 2184//3
f 3355//3 3060//3 314//3
f 3355//3 3356//3 3060//3
f 3356//3 1740//3 3060//3
f 4118//3 3356//3 1034//3
f 4118//3 4793//3 3356//3
f 4793//3 1740//3 3356//3
f 4793//3 4338//3 1740//3
f 4793//3 4794//3 4338//3
f 4794//3 220//3 4338//3
f 3769//3 3778//3 315//3
f 3769//3 4082//3 3778//3
f 4082//3 1737//3 3778//3
f 2685//3 4082//3 1035//3
f 2685//3 3354//3 4082//3
f 3354//3 1737//3 4082//3
f 3354//3 2904//3 1737//3
f 3354//3 3355//3 2904//3
f 3355//3 314//3 2904//3
f 3786//3 3779//3 219//3
f 3786//3 4081//3 3779//3
f 4081//3 1734//3 3779//3
f 4119//3 4081//3 939//3
f 4119//3 4792//3 4081//3
f 4792//3 1734//3 4081//3
f 4792//3 4334//3 1734//3
f 4792//3 4485//3 4334//3
f 4485//3 316//3 4334//3
f 5514//5 5219//5 317//5
f 5514//5 5515//5 5219//5
f 5515//5 1731//5 5219//5
f 6262//5 5515//5 1037//5
f 6262//5 6949//5 5515//5
f 6949//5 1731//5 5515//5
f 6949//5 6475//5 1731//5
f 6949//5 6664//5 6475//5
f 6664//5 207//5 6475//5
f 5914//5 5929//5 318//5
f 5914//5 6226//5 5929//5
f 6226//5 1728//5 5929//5
f 4843//5 6226//5 1038//5
f 4843//5 5513//5 6226//5
f 5513//5 1728//5 6226//5
f 5513//5 5055//5 1728//5
f 5513//5 5514//5 5055//5
f 5514//5 317//5 5055//5
f 3352//5 3064//5 218//5
f 3352//5 3353//5 3064//5
f 3353//5 1725//5 3064//5
f 6263//5 3353//5 938//5
f 6263//5 6948//5 3353//5
f 6948//5 1725//5 3353//5
f 6948//5 6470//5 1725//5
f 6948//5 6634//5 6470//5
f 6634//5 319//5 6470//5
f 7666//5 7368//5 320//5
f 7666//5 7667//5 7368//5
f 7667//5 1722//5 7368//5
f 2686//5 7667//5 1040//5
f 2686//5 3351//5 7667//5
f 3351//5 1722//5 7667//5
f 3351//5 2897//5 1722//5
f 3351//5 3352//5 2897//5
f 3352//5 218//5 2897//5
f 2331//5 2353//5 321//5
f 2331//5 2640//5 2353//5
f 2640//5 1719//5 2353//5
f 6980//5 2640//5 1041//5
f 6980//5 7665//5 2640//5
f 7665//5 1719//5 2640//5
f 7665//5 7193//5 1719//5
f 7665//5 7666//5 7193//5
f 7666//5 320//5 7193//5
f 2362//5 2355//5 217//5
f 2362//5 2639//5 2355//5
f 2639//5 1716//5 2355//5
f 2687//5 2639//5 937//5
f 2687//5 3350//5 2639//5
f 3350//5 1716//5 2639//5
f 3350//5 2893//5 1716//5
f 3350//5 3075//5 2893//5
f 3075//5 322//5 2893//5
f 4079//4 3792//4 323//4
f 4079//4 4080//4 3792//4
f 4080//4 1713//4 3792//4
f 4844//4 4080//4 1043//4
f 4844//4 5512//4 4080//4
f 5512//4 1713//4 4080//4
f 5512//4 5051//4 1713//4
f 5512//4 5255//4 5051//4
f 5255//4 205//4 5051//4
f 4473//4 4499//4 324//4
f 4473//4 4791//4 4499//4
f 4791//4 1710//4 4499//4
f 3407//4 4791//4 1044//4
f 3407//4 4078//4 4791//4
f 4078//4 1710//4 4791//4
f 4078//4 3616//4 1710//4
f 4078//4 4079//4 3616//4
f 4079//4 323//4 3616//4
f 7663//4 7375//4 216//4
f 7663//4 7664//4 7375//4
f 7664//4 1707//4 7375//4
f 4845//4 7664//4 936//4
f 4845//4 5511//4 7664//4
f 5511//4 1707//4 7664//4
f 5511//4 5046//4 1707//4
f 5511//4 5227//4 5046//4
f 5227//4 325//4 5046//4
f 6224//4 5933//4 326//4
f 6224//4 6225//4 5933//4
f 6225//4 1704//4 5933//4
f 6981//4 6225//4 1046//4
f 6981//4 7662//4 6225//4
f 7662//4 1704//4 6225//4
f 7662//4 7186//4 1704//4
f 7662//4 7663//4 7186//4
f 7663//4 216//4 7186//4
f 6621//4 6647//4 327//4
f 6621//4 6947//4 6647//4
f 6947//4 1701//4 6647//4
f 5545//4 6947//4 1047//4
f 5545//4 6223//4 6947//4
f 6223//4 1701//4 6947//4
f 6223//4 5755//4 1701//4
f 6223//4 6224//4 5755//4
f 6224//4 326//4 5755//4
f 6656//4 6649//4 215//4
f 6656//4 6946//4 6649//4
f 6946//4 1698//4 6649//4
f 6982//4 6946//4 935//4
f 6982//4 7661//4 6946//4
f 7661//4 1698//4 6946//4
f 7661//4 7182//4 1698//4
f 7661//4 7379//4 7182//4
f 7379//4 328//4 7182//4
f 2637//6 2368//6 329//6
f 2637//6 2638//6 2368//6
f 2638//6 1695//6 2368//6
f 4120//6 2638//6 1049//6
f 4120//6 4790//6 2638//6
f 4790//6 1695//6 2638//6
f 4790//6 4325//6 1695//6
f 4790//6 4785//6 4325//6
f 4785//6 204//6 4325//6
f 3052//6 3086//6 330//6
f 3052//6 3349//6 3086//6
f 3349//6 1692//6 3086//6
f 1970//6 3349//6 1050//6
f 1970//6 2636//6 3349//6
f 2636//6 1692//6 3349//6
f 2636//6 2170//6 1692//6
f 2636//6 2637//6 2170//6
f 2637//6 329//6 2170//6
f 5509//6 5235//6 213//6
f 5509//6 5510//6 5235//6
f 5510//6 1689//6 5235//6
f 3410//6 5510//6 933//6
f 3410//6 4077//6 5510//6
f 4077//6 1689//6 5510//6
f 4077//6 3611//6 1689//6
f 4077//6 3800//6 3611//6
f 3800//6 331//6 3611//6
f 4788//6 4511//6 332//6
f 4788//6 4789//6 4511//6
f 4789//6 1686//6 4511//6
f 4848//6 4789//6 1052//6
f 4848//6 5508//6 4789//6
f 5508//6 1686//6 4789//6
f 5508//6 5039//6 1686//6
f 5508//6 5509//6 5039//6
f 5509//6 213//6 5039//6
f 5204//6 5238//6 333//6
f 5204//6 5507//6 5238//6
f 5507//6 1683//6 5238//6
f 4121//6 5507//6 1053//6
f 4121//6 4787//6 5507//6
f 4787//6 1683//6 5507//6
f 4787//6 4320//6 1683//6
f 4787//6 4788//6 4320//6
f 4788//6 332//6 4320//6
f 5926//6 5954//6 214//6
f 5926//6 6222//6 5954//6
f 6222//6 1680//6 5954//6
f 5546//6 6222//6 934//6
f 5546//6 6221//6 6222//6
f 6221//6 1680//6 6222//6
f 6221//6 5747//6 1680//6
f 6221//6 5950//6 5747//6
f 5950//6 334//6 5747//6
f 6944//2 6658//2 335//2
f 6944//2 6945//2 6658//2
f 6945//2 1677//2 6658//2
f 3413//2 6945//2 1055//2
f 3413//2 4076//2 6945//2
f 4076//2 1677//2 6945//2
f 4076//2 3607//2 1677//2
f 4076//2 3806//2 3607//2
f 3806//2 211//2 3607//2
f 7339//2 7385//2 336//2
f 7339//2 7660//2 7385//2
f 7660//2 1674//2 7385//2
f 6266//2 7660//2 1056//2
f 6266//2 6943//2 7660//2
f 6943//2 1674//2 7660//2
f 6943//2 6456//2 1674//2
f 6943//2 6944//2 6456//2
f 6944//2 335//2 6456//2
f 7658//2 7387//2 208//2
f 7658//2 7659//2 7387//2
f 7659//2 1671//2 7387//2
f 1974//2 7659//2 928//2
f 1974//2 2635//2 7659//2
f 2635//2 1671//2 7659//2
f 2635//2 2165//2 1671//2
f 2635//2 2377//2 2165//2
f 2377//2 337//2 2165//2
f 3347//2 3091//2 338//2
f 3347//2 3348//2 3091//2
f 3348//2 1668//2 3091//2
f 6983//2 3348//2 1058//2
f 6983//2 7657//2 3348//2
f 7657//2 1668//2 3348//2
f 7657//2 7172//2 1668//2
f 7657//2 7658//2 7172//2
f 7658//2 208//2 7172//2
f 3757//2 3814//2 339//2
f 3757//2 4075//2 3814//2
f 4075//2 1665//2 3814//2
f 2691//2 4075//2 1059//2
f 2691//2 3346//2 4075//2
f 3346//2 1665//2 4075//2
f 3346//2 2882//2 1665//2
f 3346//2 3347//2 2882//2
f 3347//2 338//2 2882//2
f 2348//2 2383//2 209//2
f 2348//2 2634//2 2383//2
f 2634//2 1662//2 2383//2
f 4124//2 2634//2 929//2
f 4124//2 4786//2 2634//2
f 4786//2 1662//2 2634//2
f 4786//2 4315//2 1662//2
f 4786//2 4527//2 4315//2
f 4527//2 340//2 4315//2
f 5505//1 5249//1 341//1
f 5505//1 5506//1 5249//1
f 5506//1 1659//1 5249//1
f 5551//1 5506//1 1061//1
f 5551//1 6220//1 5506//1
f 6220//1 1659//1 5506//1
f 6220//1 5742//1 1659//1
f 6220//1 5764//1 5742//1
f 5764//1 206//1 5742//1
f 5902//1 5964//1 342//1
f 5902//1 6219//1 5964//1
f 6219//1 1656//1 5964//1
f 4849//1 6219//1 1062//1
f 4849//1 5504//1 6219//1
f 5504//1 1656//1 6219//1
f 5504//1 5029//1 1656//1
f 5504//1 5505//1 5029//1
f 5505//1 341//1 5029//1
f 4073//1 3818//1 203//1
f 4073//1 4074//1 3818//1
f 4074//1 1653//1 3818//1
f 6269//1 4074//1 923//1
f 6269//1 6942//1 4074//1
f 6942//1 1653//1 4074//1
f 6942//1 6451//1 1653//1
f 6942//1 6669//1 6451//1
f 6669//1 343//1 6451//1
f 7655//1 7394//1 344//1
f 7655//1 7656//1 7394//1
f 7656//1 1650//1 7394//1
f 3414//1 7656//1 1064//1
f 3414//1 4072//1 7656//1
f 4072//1 1650//1 7656//1
f 4072//1 3597//1 1650//1
f 4072//1 4073//1 3597//1
f 4073//1 203//1 3597//1
f 2320//1 2392//1 345//1
f 2320//1 2633//1 2392//1
f 2633//1 1647//1 2392//1
f 6984//1 2633//1 1065//1
f 6984//1 7654//1 2633//1
f 7654//1 1647//1 2633//1
f 7654//1 7165//1 1647//1
f 7654//1 7655//1 7165//1
f 7655//1 344//1 7165//1
f 4785//1 4533//1 204//1
f 4785//1 4784//1 4533//1
f 4784//1 1644//1 4533//1
f 2693//1 4784//1 924//1
f 2693//1 3345//1 4784//1
f 3345//1 1644//1 4784//1
f 3345//1 2877//1 1644//1
f 3345//1 3102//1 2877//1
f 3102//1 346//1 2877//1
f 4070//3 3823//3 347//3
f 4070//3 4071//3 3823//3
f 4071//3 1641//3 3823//3
f 5552//3 4071//3 1067//3
f 5552//3 6218//3 4071//3
f 6218//3 1641//3 4071//3
f 6218//3 5734//3 1641//3
f 6218//3 5786//3 5734//3
f 5786//3 278//3 5734//3
f 4464//3 4535//3 348//3
f 4464//3 4783//3 4535//3
f 4783//3 1638//3 4535//3
f 3415//3 4783//3 1068//3
f 3415//3 4069//3 4783//3
f 4069//3 1638//3 4783//3
f 4069//3 3590//3 1638//3
f 4069//3 4070//3 3590//3
f 4070//3 347//3 3590//3
f 3343//3 3108//3 202//3
f 3343//3 3344//3 3108//3
f 3344//3 1635//3 3108//3
f 4850//3 3344//3 922//3
f 4850//3 5503//3 3344//3
f 5503//3 1635//3 3344//3
f 5503//3 5024//3 1635//3
f 5503//3 5260//3 5024//3
f 5260//3 349//3 5024//3
f 6216//3 5974//3 350//3
f 6216//3 6217//3 5974//3
f 6217//3 1632//3 5974//3
f 2697//3 6217//3 1070//3
f 2697//3 3342//3 6217//3
f 3342//3 1632//3 6217//3
f 3342//3 2870//3 1632//3
f 3342//3 3343//3 2870//3
f 3343//3 202//3 2870//3
f 6609//3 6682//3 351//3
f 6609//3 6941//3 6682//3
f 6941//3 1629//3 6682//3
f 5553//3 6941//3 1071//3
f 5553//3 6215//3 6941//3
f 6215//3 1629//3 6941//3
f 6215//3 5728//3 1629//3
f 6215//3 6216//3 5728//3
f 6216//3 350//3 5728//3
f 2410//3 2401//3 201//3
f 2410//3 2632//3 2401//3
f 2632//3 1626//3 2401//3
f 6989//3 2632//3 921//3
f 6989//3 7653//3 2632//3
f 7653//3 1626//3 2632//3
f 7653//3 7160//3 1626//3
f 7653//3 7400//3 7160//3
f 7400//3 352//3 7160//3
f 2630//5 2402//5 353//5
f 2630//5 2631//5 2402//5
f 2631//5 1623//5 2402//5
f 4851//5 2631//5 1073//5
f 4851//5 5502//5 2631//5
f 5502//5 1623//5 2631//5
f 5502//5 5020//5 1623//5
f 5502//5 5297//5 5020//5
f 5297//5 189//5 5020//5
f 3040//5 3112//5 354//5
f 3040//5 3341//5 3112//5
f 3341//5 1620//5 3112//5
f 1979//5 3341//5 1074//5
f 1979//5 2629//5 3341//5
f 2629//5 1620//5 3341//5
f 2629//5 2148//5 1620//5
f 2629//5 2630//5 2148//5
f 2630//5 353//5 2148//5
f 7651//5 7408//5 200//5
f 7651//5 7652//5 7408//5
f 7652//5 1617//5 7408//5
f 3419//5 7652//5 920//5
f 3419//5 4068//5 7652//5
f 4068//5 1617//5 7652//5
f 4068//5 3585//5 1617//5
f 4068//5 3834//5 3585//5
f 3834//5 355//5 3585//5
f 4781//5 4547//5 356//5
f 4781//5 4782//5 4547//5
f 4782//5 1614//5 4547//5
f 6990//5 4782//5 1076//5
f 6990//5 7650//5 4782//5
f 7650//5 1614//5 4782//5
f 7650//5 7153//5 1614//5
f 7650//5 7651//5 7153//5
f 7651//5 200//5 7153//5
f 5193//5 5272//5 357//5
f 5193//5 5501//5 5272//5
f 5501//5 1611//5 5272//5
f 4128//5 5501//5 1077//5
f 4128//5 4780//5 5501//5
f 4780//5 1611//5 5501//5
f 4780//5 4301//5 1611//5
f 4780//5 4781//5 4301//5
f 4781//5 356//5 4301//5
f 6707//5 6697//5 199//5
f 6707//5 6940//5 6697//5
f 6940//5 1608//5 6697//5
f 5558//5 6940//5 919//5
f 5558//5 6214//5 6940//5
f 6214//5 1608//5 6940//5
f 6214//5 5723//5 1608//5
f 6214//5 5982//5 5723//5
f 5982//5 358//5 5723//5
f 6938//4 6698//4 359//4
f 6938//4 6939//4 6698//4
f 6939//4 1605//4 6698//4
f 3420//4 6939//4 1079//4
f 3420//4 4067//4 6939//4
f 4067//4 1605//4 6939//4
f 4067//4 3581//4 1605//4
f 4067//4 3870//4 3581//4
f 3870//4 187//4 3581//4
f 7329//4 7419//4 360//4
f 7329//4 7649//4 7419//4
f 7649//4 1602//4 7419//4
f 6272//4 7649//4 1080//4
f 6272//4 6937//4 7649//4
f 6937//4 1602//4 7649//4
f 6937//4 6437//4 1602//4
f 6937//4 6938//4 6437//4
f 6938//4 359//4 6437//4
f 6212//4 5989//4 198//4
f 6212//4 6213//4 5989//4
f 6213//4 1599//4 5989//4
f 1983//4 6213//4 918//4
f 1983//4 2628//4 6213//4
f 2628//4 1599//4 6213//4
f 2628//4 2143//4 1599//4
f 2628//4 2419//4 2143//4
f 2419//4 361//4 2143//4
f 3339//4 3127//4 362//4
f 3339//4 3340//4 3127//4
f 3340//4 1596//4 3127//4
f 5559//4 3340//4 1082//4
f 5559//4 6211//4 3340//4
f 6211//4 1596//4 3340//4
f 6211//4 5716//4 1596//4
f 6211//4 6212//4 5716//4
f 6212//4 198//4 5716//4
f 3745//4 3843//4 363//4
f 3745//4 4066//4 3843//4
f 4066//4 1593//4 3843//4
f 2698//4 4066//4 1083//4
f 2698//4 3338//4 4066//4
f 3338//4 1593//4 4066//4
f 3338//4 2860//4 1593//4
f 3338//4 3339//4 2860//4
f 3339//4 362//4 2860//4
f 5287//4 5278//4 197//4
f 5287//4 5500//4 5278//4
f 5500//4 1590//4 5278//4
f 4133//4 5500//4 917//4
f 4133//4 4779//4 5500//4
f 4779//4 1590//4 5500//4
f 4779//4 4296//4 1590//4
f 4779//4 4553//4 4296//4
f 4553//4 364//4 4296//4
f 5498//6 5279//6 365//6
f 5498//6 5499//6 5279//6
f 5499//6 1587//6 5279//6
f 2699//6 5499//6 1085//6
f 2699//6 3337//6 5499//6
f 3337//6 1587//6 5499//6
f 3337//6 2855//6 1587//6
f 3337//6 3334//6 2855//6
f 3334//6 186//6 2855//6
f 5891//6 5994//6 366//6
f 5891//6 6210//6 5994//6
f 6210//6 1584//6 5994//6
f 4854//6 6210//6 1086//6
f 4854//6 5497//6 6210//6
f 5497//6 1584//6 6210//6
f 5497//6 5006//6 1584//6
f 5497//6 5498//6 5006//6
f 5498//6 365//6 5006//6
f 4064//6 3848//6 195//6
f 4064//6 4065//6 3848//6
f 4065//6 1581//6 3848//6
f 6273//6 4065//6 915//6
f 6273//6 6936//6 4065//6
f 6936//6 1581//6 4065//6
f 6936//6 6432//6 1581//6
f 6936//6 6717//6 6432//6
f 6717//6 367//6 6432//6
f 7647//6 7427//6 368//6
f 7647//6 7648//6 7427//6
f 7648//6 1578//6 7427//6
f 3423//6 7648//6 1088//6
f 3423//6 4063//6 7648//6
f 4063//6 1578//6 7648//6
f 4063//6 3571//6 1578//6
f 4063//6 4064//6 3571//6
f 4064//6 195//6 3571//6
f 2308//6 2432//6 369//6
f 2308//6 2627//6 2432//6
f 2627//6 1575//6 2432//6
f 6994//6 2627//6 1089//6
f 6994//6 7646//6 2627//6
f 7646//6 1575//6 2627//6
f 7646//6 7143//6 1575//6
f 7646//6 7647//6 7143//6
f 7647//6 368//6 7143//6
f 4542//6 4566//6 196//6
f 4542//6 4778//6 4566//6
f 4778//6 1572//6 4566//6
f 2702//6 4778//6 916//6
f 2702//6 3336//6 4778//6
f 3336//6 1572//6 4778//6
f 3336//6 2852//6 1572//6
f 3336//6 3138//6 2852//6
f 3138//6 370//6 2852//6
f 4061//2 3856//2 371//2
f 4061//2 4062//2 3856//2
f 4062//2 1569//2 3856//2
f 1988//2 4062//2 1091//2
f 1988//2 2626//2 4062//2
f 2626//2 1569//2 4062//2
f 2626//2 2135//2 1569//2
f 2626//2 2426//2 2135//2
f 2426//2 193//2 2135//2
f 4450//2 4573//2 372//2
f 4450//2 4777//2 4573//2
f 4777//2 1566//2 4573//2
f 3424//2 4777//2 1092//2
f 3424//2 4060//2 4777//2
f 4060//2 1566//2 4777//2
f 4060//2 3564//2 1566//2
f 4060//2 4061//2 3564//2
f 4061//2 371//2 3564//2
f 6207//2 6000//2 190//2
f 6207//2 6209//2 6000//2
f 6209//2 1563//2 6000//2
f 4855//2 6209//2 910//2
f 4855//2 5496//2 6209//2
f 5496//2 1563//2 6209//2
f 5496//2 5001//2 1563//2
f 5496//2 5290//2 5001//2
f 5290//2 373//2 5001//2
f 6205//2 6002//2 374//2
f 6205//2 6208//2 6002//2
f 6208//2 1560//2 6002//2
f 5560//2 6208//2 1094//2
f 5560//2 6206//2 6208//2
f 6206//2 1560//2 6208//2
f 6206//2 5704//2 1560//2
f 6206//2 6207//2 5704//2
f 6207//2 190//2 5704//2
f 6596//2 6727//2 375//2
f 6596//2 6935//2 6727//2
f 6935//2 1557//2 6727//2
f 5561//2 6935//2 1095//2
f 5561//2 6204//2 6935//2
f 6204//2 1557//2 6935//2
f 6204//2 5700//2 1557//2
f 6204//2 6205//2 5700//2
f 6205//2 374//2 5700//2
f 6689//2 6729//2 191//2
f 6689//2 6934//2 6729//2
f 6934//2 1554//2 6729//2
f 6995//2 6934//2 911//2
f 6995//2 7645//2 6934//2
f 7645//2 1554//2 6934//2
f 7645//2 7138//2 1554//2
f 7645//2 7435//2 7138//2
f 7435//2 376//2 7138//2
f 2624//1 2437//1 377//1
f 2624//1 2625//1 2437//1
f 2625//1 1551//1 2437//1
f 4138//1 2625//1 1097//1
f 4138//1 4776//1 2625//1
f 4776//1 1551//1 2625//1
f 4776//1 4284//1 1551//1
f 4776//1 4350//1 4284//1
f 4350//1 188//1 4284//1
f 3028//1 3154//1 378//1
f 3028//1 3335//1 3154//1
f 3335//1 1548//1 3154//1
f 1989//1 3335//1 1098//1
f 1989//1 2623//1 3335//1
f 2623//1 1548//1 3335//1
f 2623//1 2128//1 1548//1
f 2623//1 2624//1 2128//1
f 2624//1 377//1 2128//1
f 2621//1 2441//1 185//1
f 2621//1 2622//1 2441//1
f 2622//1 1545//1 2441//1
f 3425//1 2622//1 905//1
f 3425//1 4059//1 2622//1
f 4059//1 1545//1 2622//1
f 4059//1 3559//1 1545//1
f 4059//1 3862//1 3559//1
f 3862//1 379//1 3559//1
f 4774//1 4578//1 380//1
f 4774//1 4775//1 4578//1
f 4775//1 1542//1 4578//1
f 1990//1 4775//1 1100//1
f 1990//1 2620//1 4775//1
f 2620//1 1542//1 4775//1
f 2620//1 2122//1 1542//1
f 2620//1 2621//1 2122//1
f 2621//1 185//1 2122//1
f 5178//1 5302//1 381//1
f 5178//1 5495//1 5302//1
f 5495//1 1539//1 5302//1
f 4139//1 5495//1 1101//1
f 4139//1 4773//1 5495//1
f 4773//1 1539//1 5495//1
f 4773//1 4278//1 1539//1
f 4773//1 4774//1 4278//1
f 4774//1 380//1 4278//1
f 3334//1 3157//1 186//1
f 3334//1 3333//1 3157//1
f 3333//1 1536//1 3157//1
f 5562//1 3333//1 906//1
f 5562//1 6203//1 3333//1
f 6203//1 1536//1 3333//1
f 6203//1 5695//1 1536//1
f 6203//1 6010//1 5695//1
f 6010//1 382//1 5695//1
f 6932//3 6738//3 383//3
f 6932//3 6933//3 6738//3
f 6933//3 1533//3 6738//3
f 4140//3 6933//3 1103//3
f 4140//3 4772//3 6933//3
f 4772//3 1533//3 6933//3
f 4772//3 4273//3 1533//3
f 4772//3 4372//3 4273//3
f 4372//3 260//3 4273//3
f 7314//3 7447//3 384//3
f 7314//3 7644//3 7447//3
f 7644//3 1530//3 7447//3
f 6281//3 7644//3 1104//3
f 6281//3 6931//3 7644//3
f 6931//3 1530//3 7644//3
f 6931//3 6418//3 1530//3
f 6931//3 6932//3 6418//3
f 6932//3 383//3 6418//3
f 7642//3 7449//3 184//3
f 7642//3 7643//3 7449//3
f 7643//3 1527//3 7449//3
f 1991//3 7643//3 904//3
f 1991//3 2619//3 7643//3
f 2619//3 1527//3 7643//3
f 2619//3 2117//3 1527//3
f 2619//3 2447//3 2117//3
f 2447//3 385//3 2117//3
f 3331//3 3166//3 386//3
f 3331//3 3332//3 3166//3
f 3332//3 1524//3 3166//3
f 7000//3 3332//3 1106//3
f 7000//3 7641//3 3332//3
f 7641//3 1524//3 3332//3
f 7641//3 7128//3 1524//3
f 7641//3 7642//3 7128//3
f 7642//3 184//3 7128//3
f 3732//3 3877//3 387//3
f 3732//3 4058//3 3877//3
f 4058//3 1521//3 3877//3
f 2706//3 4058//3 1107//3
f 2706//3 3330//3 4058//3
f 3330//3 1521//3 4058//3
f 3330//3 2838//3 1521//3
f 3330//3 3331//3 2838//3
f 3331//3 386//3 2838//3
f 6759//3 6747//3 183//3
f 6759//3 6930//3 6747//3
f 6930//3 1518//3 6747//3
f 4141//3 6930//3 903//3
f 4141//3 4771//3 6930//3
f 4771//3 1518//3 6930//3
f 4771//3 4269//3 1518//3
f 4771//3 4591//3 4269//3
f 4591//3 388//3 4269//3
f 5493//5 5321//5 389//5
f 5493//5 5494//5 5321//5
f 5494//5 1515//5 5321//5
f 3426//5 5494//5 1109//5
f 3426//5 4057//5 5494//5
f 4057//5 1515//5 5494//5
f 4057//5 3551//5 1515//5
f 4057//5 3908//5 3551//5
f 3908//5 171//5 3551//5
f 5879//5 6016//5 390//5
f 5879//5 6202//5 6016//5
f 6202//5 1512//5 6016//5
f 4860//5 6202//5 1110//5
f 4860//5 5492//5 6202//5
f 5492//5 1512//5 6202//5
f 5492//5 4990//5 1512//5
f 5492//5 5493//5 4990//5
f 5493//5 389//5 4990//5
f 6200//5 6018//5 182//5
f 6200//5 6201//5 6018//5
f 6201//5 1509//5 6018//5
f 6282//5 6201//5 902//5
f 6282//5 6929//5 6201//5
f 6929//5 1509//5 6201//5
f 6929//5 6410//5 1509//5
f 6929//5 6750//5 6410//5
f 6750//5 391//5 6410//5
f 7639//5 7457//5 392//5
f 7639//5 7640//5 7457//5
f 7640//5 1506//5 7457//5
f 5567//5 7640//5 1112//5
f 5567//5 6199//5 7640//5
f 6199//5 1506//5 7640//5
f 6199//5 5685//5 1506//5
f 6199//5 6200//5 5685//5
f 6200//5 182//5 5685//5
f 2295//5 2460//5 393//5
f 2295//5 2618//5 2460//5
f 2618//5 1503//5 2460//5
f 7001//5 2618//5 1113//5
f 7001//5 7638//5 2618//5
f 7638//5 1503//5 2618//5
f 7638//5 7121//5 1503//5
f 7638//5 7639//5 7121//5
f 7639//5 392//5 7121//5
f 5338//5 5326//5 181//5
f 5338//5 5491//5 5326//5
f 5491//5 1500//5 5326//5
f 2707//5 5491//5 901//5
f 2707//5 3329//5 5491//5
f 3329//5 1500//5 5491//5
f 3329//5 2833//5 1500//5
f 3329//5 3172//5 2833//5
f 3172//5 394//5 2833//5
f 4055//4 3883//4 395//4
f 4055//4 4056//4 3883//4
f 4056//4 1497//4 3883//4
f 1995//4 4056//4 1115//4
f 1995//4 2617//4 4056//4
f 2617//4 1497//4 4056//4
f 2617//4 2109//4 1497//4
f 2617//4 2488//4 2109//4
f 2488//4 169//4 2109//4
f 4437//4 4602//4 396//4
f 4437//4 4770//4 4602//4
f 4770//4 1494//4 4602//4
f 3429//4 4770//4 1116//4
f 3429//4 4054//4 4770//4
f 4054//4 1494//4 4770//4
f 4054//4 3544//4 1494//4
f 4054//4 4055//4 3544//4
f 4055//4 395//4 3544//4
f 4768//4 4604//4 180//4
f 4768//4 4769//4 4604//4
f 4769//4 1491//4 4604//4
f 4861//4 4769//4 900//4
f 4861//4 5490//4 4769//4
f 5490//4 1491//4 4769//4
f 5490//4 4982//4 1491//4
f 5490//4 5329//4 4982//4
f 5329//4 397//4 4982//4
f 6197//4 6031//4 398//4
f 6197//4 6198//4 6031//4
f 6198//4 1488//4 6031//4
f 4146//4 6198//4 1118//4
f 4146//4 4767//4 6198//4
f 4767//4 1488//4 6198//4
f 4767//4 4259//4 1488//4
f 4767//4 4768//4 4259//4
f 4768//4 180//4 4259//4
f 6584//4 6773//4 399//4
f 6584//4 6928//4 6773//4
f 6928//4 1485//4 6773//4
f 5568//4 6928//4 1119//4
f 5568//4 6196//4 6928//4
f 6196//4 1485//4 6928//4
f 6196//4 5678//4 1485//4
f 6196//4 6197//4 5678//4
f 6197//4 398//4 5678//4
f 3901//4 3889//4 179//4
f 3901//4 4053//4 3889//4
f 4053//4 1482//4 3889//4
f 7002//4 4053//4 899//4
f 7002//4 7637//4 4053//4
f 7637//4 1482//4 4053//4
f 7637//4 7116//4 1482//4
f 7637//4 7478//4 7116//4
f 7478//4 400//4 7116//4
f 2615//6 2465//6 401//6
f 2615//6 2616//6 2465//6
f 2616//6 1479//6 2465//6
f 7003//6 2616//6 1121//6
f 7003//6 7636//6 2616//6
f 7636//6 1479//6 2616//6
f 7636//6 7112//6 1479//6
f 7636//6 7631//6 7112//6
f 7631//6 168//6 7112//6
f 3015//6 3186//6 402//6
f 3015//6 3328//6 3186//6
f 3328//6 1476//6 3186//6
f 1998//6 3328//6 1122//6
f 1998//6 2614//6 3328//6
f 2614//6 1476//6 3328//6
f 2614//6 2102//6 1476//6
f 2614//6 2615//6 2102//6
f 2615//6 401//6 2102//6
f 2612//6 2470//6 177//6
f 2612//6 2613//6 2470//6
f 2613//6 1473//6 2470//6
f 3430//6 2613//6 897//6
f 3430//6 4052//6 2613//6
f 4052//6 1473//6 2613//6
f 4052//6 3536//6 1473//6
f 4052//6 3892//6 3536//6
f 3892//6 403//6 3536//6
f 4765//6 4608//6 404//6
f 4765//6 4766//6 4608//6
f 4766//6 1470//6 4608//6
f 1999//6 4766//6 1124//6
f 1999//6 2611//6 4766//6
f 2611//6 1470//6 4766//6
f 2611//6 2096//6 1470//6
f 2611//6 2612//6 2096//6
f 2612//6 177//6 2096//6
f 5166//6 5349//6 405//6
f 5166//6 5489//6 5349//6
f 5489//6 1467//6 5349//6
f 4147//6 5489//6 1125//6
f 4147//6 4764//6 5489//6
f 4764//6 1467//6 5489//6
f 4764//6 4252//6 1467//6
f 4764//6 4765//6 4252//6
f 4765//6 404//6 4252//6
f 3165//6 3189//6 178//6
f 3165//6 3327//6 3189//6
f 3327//6 1464//6 3189//6
f 5572//6 3327//6 898//6
f 5572//6 6195//6 3327//6
f 6195//6 1464//6 3327//6
f 6195//6 5673//6 1464//6
f 6195//6 6043//6 5673//6
f 6043//6 406//6 5673//6
f 6925//2 6782//2 407//2
f 6925//2 6927//2 6782//2
f 6927//2 1461//2 6782//2
f 6290//2 6927//2 1127//2
f 6290//2 6926//2 6927//2
f 6926//2 1461//2 6927//2
f 6926//2 6399//2 1461//2
f 6926//2 6777//2 6399//2
f 6777//2 175//2 6399//2
f 7302//2 7485//2 408//2
f 7302//2 7635//2 7485//2
f 7635//2 1458//2 7485//2
f 6291//2 7635//2 1128//2
f 6291//2 6924//2 7635//2
f 6924//2 1458//2 7635//2
f 6924//2 6395//2 1458//2
f 6924//2 6925//2 6395//2
f 6925//2 407//2 6395//2
f 4762//2 4612//2 172//2
f 4762//2 4763//2 4612//2
f 4763//2 1455//2 4612//2
f 2000//2 4763//2 892//2
f 2000//2 2610//2 4763//2
f 2610//2 1455//2 4763//2
f 2610//2 2091//2 1455//2
f 2610//2 2479//2 2091//2
f 2479//2 409//2 2091//2
f 3325//2 3196//2 410//2
f 3325//2 3326//2 3196//2
f 3326//2 1452//2 3196//2
f 4148//2 3326//2 1130//2
f 4148//2 4761//2 3326//2
f 4761//2 1452//2 3326//2
f 4761//2 4245//2 1452//2
f 4761//2 4762//2 4245//2
f 4762//2 172//2 4245//2
f 3719//2 3905//2 411//2
f 3719//2 4051//2 3905//2
f 4051//2 1449//2 3905//2
f 2716//2 4051//2 1131//2
f 2716//2 3324//2 4051//2
f 3324//2 1449//2 4051//2
f 3324//2 2819//2 1449//2
f 3324//2 3325//2 2819//2
f 3325//2 410//2 2819//2
f 5319//2 5354//2 173//2
f 5319//2 5488//2 5354//2
f 5488//2 1446//2 5354//2
f 4149//2 5488//2 893//2
f 4149//2 4760//2 5488//2
f 4760//2 1446//2 5488//2
f 4760//2 4241//2 1446//2
f 4760//2 4618//2 4241//2
f 4618//2 412//2 4241//2
f 5486//1 5356//1 413//1
f 5486//1 5487//1 5356//1
f 5487//1 1443//1 5356//1
f 2717//1 5487//1 1133//1
f 2717//1 3323//1 5487//1
f 3323//1 1443//1 5487//1
f 3323//1 2814//1 1443//1
f 3323//1 2929//1 2814//1
f 2929//1 170//1 2814//1
f 5866//1 6056//1 414//1
f 5866//1 6194//1 6056//1
f 6194//1 1440//1 6056//1
f 4865//1 6194//1 1134//1
f 4865//1 5485//1 6194//1
f 5485//1 1440//1 6194//1
f 5485//1 4968//1 1440//1
f 5485//1 5486//1 4968//1
f 5486//1 413//1 4968//1
f 6921//1 6794//1 167//1
f 6921//1 6923//1 6794//1
f 6923//1 1437//1 6794//1
f 6292//1 6923//1 887//1
f 6292//1 6922//1 6923//1
f 6922//1 1437//1 6923//1
f 6922//1 6388//1 1437//1
f 6922//1 6789//1 6388//1
f 6789//1 415//1 6388//1
f 7633//1 7499//1 416//1
f 7633//1 7634//1 7499//1
f 7634//1 1434//1 7499//1
f 6293//1 7634//1 1136//1
f 6293//1 6920//1 7634//1
f 6920//1 1434//1 7634//1
f 6920//1 6384//1 1434//1
f 6920//1 6921//1 6384//1
f 6921//1 167//1 6384//1
f 2283//1 2493//1 417//1
f 2283//1 2609//1 2493//1
f 2609//1 1431//1 2493//1
f 7009//1 2609//1 1137//1
f 7009//1 7632//1 2609//1
f 7632//1 1431//1 2609//1
f 7632//1 7102//1 1431//1
f 7632//1 7633//1 7102//1
f 7633//1 416//1 7102//1
f 7631//1 7502//1 168//1
f 7631//1 7630//1 7502//1
f 7630//1 1428//1 7502//1
f 2718//1 7630//1 888//1
f 2718//1 3322//1 7630//1
f 3322//1 1428//1 7630//1
f 3322//1 2810//1 1428//1
f 3322//1 3203//1 2810//1
f 3203//1 418//1 2810//1
f 4049//3 3920//3 419//3
f 4049//3 4050//3 3920//3
f 4050//3 1425//3 3920//3
f 2719//3 4050//3 1139//3
f 2719//3 3321//3 4050//3
f 3321//3 1425//3 4050//3
f 3321//3 2806//3 1425//3
f 3321//3 2951//3 2806//3
f 2951//3 242//3 2806//3
f 4427//3 4625//3 420//3
f 4427//3 4759//3 4625//3
f 4759//3 1422//3 4625//3
f 3433//3 4759//3 1140//3
f 3433//3 4048//3 4759//3
f 4048//3 1422//3 4759//3
f 4048//3 3525//3 1422//3
f 4048//3 4049//3 3525//3
f 4049//3 419//3 3525//3
f 6191//3 6061//3 166//3
f 6191//3 6193//3 6061//3
f 6193//3 1419//3 6061//3
f 4870//3 6193//3 886//3
f 4870//3 5484//3 6193//3
f 5484//3 1419//3 6193//3
f 5484//3 4963//3 1419//3
f 5484//3 5367//3 4963//3
f 5367//3 421//3 4963//3
f 6189//3 6062//3 422//3
f 6189//3 6192//3 6062//3
f 6192//3 1416//3 6062//3
f 5577//3 6192//3 1142//3
f 5577//3 6190//3 6192//3
f 6190//3 1416//3 6192//3
f 6190//3 5660//3 1416//3
f 6190//3 6191//3 5660//3
f 6191//3 166//3 5660//3
f 6573//3 6801//3 423//3
f 6573//3 6919//3 6801//3
f 6919//3 1413//3 6801//3
f 5578//3 6919//3 1143//3
f 5578//3 6188//3 6919//3
f 6188//3 1413//3 6919//3
f 6188//3 5656//3 1413//3
f 6188//3 6189//3 5656//3
f 6189//3 422//3 5656//3
f 5386//3 5380//3 165//3
f 5386//3 5483//3 5380//3
f 5483//3 1410//3 5380//3
f 7010//3 5483//3 885//3
f 7010//3 7629//3 5483//3
f 7629//3 1410//3 5483//3
f 7629//3 7094//3 1410//3
f 7629//3 7514//3 7094//3
f 7514//3 424//3 7094//3
f 2606//5 2498//5 425//5
f 2606//5 2608//5 2498//5
f 2608//5 1407//5 2498//5
f 2001//5 2608//5 1145//5
f 2001//5 2607//5 2608//5
f 2607//5 1407//5 2608//5
f 2607//5 2080//5 1407//5
f 2607//5 2526//5 2080//5
f 2526//5 153//5 2080//5
f 3003//5 3216//5 426//5
f 3003//5 3320//5 3216//5
f 3320//5 1404//5 3216//5
f 2002//5 3320//5 1146//5
f 2002//5 2605//5 3320//5
f 2605//5 1404//5 3320//5
f 2605//5 2076//5 1404//5
f 2605//5 2606//5 2076//5
f 2606//5 425//5 2076//5
f 4756//5 4630//5 164//5
f 4756//5 4758//5 4630//5
f 4758//5 1401//5 4630//5
f 3436//5 4758//5 884//5
f 3436//5 4047//5 4758//5
f 4047//5 1401//5 4758//5
f 4047//5 3520//5 1401//5
f 4047//5 3933//5 3520//5
f 3933//5 427//5 3520//5
f 4754//5 4636//5 428//5
f 4754//5 4757//5 4636//5
f 4757//5 1398//5 4636//5
f 4154//5 4757//5 1148//5
f 4154//5 4755//5 4757//5
f 4755//5 1398//5 4757//5
f 4755//5 4228//5 1398//5
f 4755//5 4756//5 4228//5
f 4756//5 164//5 4228//5
f 5156//5 5389//5 429//5
f 5156//5 5482//5 5389//5
f 5482//5 1395//5 5389//5
f 4155//5 5482//5 1149//5
f 4155//5 4753//5 5482//5
f 4753//5 1395//5 5482//5
f 4753//5 4224//5 1395//5
f 4753//5 4754//5 4224//5
f 4754//5 428//5 4224//5
f 3947//5 3940//5 163//5
f 3947//5 4046//5 3940//5
f 4046//5 1392//5 3940//5
f 5579//5 4046//5 883//5
f 5579//5 6187//5 4046//5
f 6187//5 1392//5 4046//5
f 6187//5 5651//5 1392//5
f 6187//5 6069//5 5651//5
f 6069//5 430//5 5651//5
f 6916//4 6812//4 431//4
f 6916//4 6918//4 6812//4
f 6918//4 1389//4 6812//4
f 6297//4 6918//4 1151//4
f 6297//4 6917//4 6918//4
f 6917//4 1389//4 6918//4
f 6917//4 6373//4 1389//4
f 6917//4 6844//4 6373//4
f 6844//4 151//4 6373//4
f 7291//4 7524//4 432//4
f 7291//4 7628//4 7524//4
f 7628//4 1386//4 7524//4
f 6298//4 7628//4 1152//4
f 6298//4 6915//4 7628//4
f 6915//4 1386//4 7628//4
f 6915//4 6369//4 1386//4
f 6915//4 6916//4 6369//4
f 6916//4 431//4 6369//4
f 3317//4 3224//4 162//4
f 3317//4 3319//4 3224//4
f 3319//4 1383//4 3224//4
f 2005//4 3319//4 882//4
f 2005//4 2604//4 3319//4
f 2604//4 1383//4 3319//4
f 2604//4 2071//4 1383//4
f 2604//4 2505//4 2071//4
f 2505//4 433//4 2071//4
f 3315//4 3226//4 434//4
f 3315//4 3318//4 3226//4
f 3318//4 1380//4 3226//4
f 2724//4 3318//4 1154//4
f 2724//4 3316//4 3318//4
f 3316//4 1380//4 3318//4
f 3316//4 2793//4 1380//4
f 3316//4 3317//4 2793//4
f 3317//4 162//4 2793//4
f 3707//4 3950//4 435//4
f 3707//4 4045//4 3950//4
f 4045//4 1377//4 3950//4
f 2725//4 4045//4 1155//4
f 2725//4 3314//4 4045//4
f 3314//4 1377//4 4045//4
f 3314//4 2789//4 1377//4
f 3314//4 3315//4 2789//4
f 3315//4 434//4 2789//4
f 2518//4 2512//4 161//4
f 2518//4 2603//4 2512//4
f 2603//4 1374//4 2512//4
f 4156//4 2603//4 881//4
f 4156//4 4752//4 2603//4
f 4752//4 1374//4 2603//4
f 4752//4 4219//4 1374//4
f 4752//4 4647//4 4219//4
f 4647//4 436//4 4219//4
f 5480//6 5398//6 437//6
f 5480//6 5481//6 5398//6
f 5481//6 1371//6 5398//6
f 5580//6 5481//6 1157//6
f 5580//6 6186//6 5481//6
f 6186//6 1371//6 5481//6
f 6186//6 5646//6 1371//6
f 6186//6 6181//6 5646//6
f 6181//6 150//6 5646//6
f 5854//6 6092//6 438//6
f 5854//6 6185//6 6092//6
f 6185//6 1368//6 6092//6
f 4874//6 6185//6 1158//6
f 4874//6 5479//6 6185//6
f 5479//6 1368//6 6185//6
f 5479//6 4949//6 1368//6
f 5479//6 5480//6 4949//6
f 5480//6 437//6 4949//6
f 6912//6 6827//6 159//6
f 6912//6 6914//6 6827//6
f 6914//6 1365//6 6827//6
f 6301//6 6914//6 879//6
f 6301//6 6913//6 6914//6
f 6913//6 1365//6 6914//6
f 6913//6 6362//6 1365//6
f 6913//6 6821//6 6362//6
f 6821//6 439//6 6362//6
f 7626//6 7535//6 440//6
f 7626//6 7627//6 7535//6
f 7627//6 1362//6 7535//6
f 6302//6 7627//6 1160//6
f 6302//6 6911//6 7627//6
f 6911//6 1362//6 7627//6
f 6911//6 6358//6 1362//6
f 6911//6 6912//6 6358//6
f 6912//6 159//6 6358//6
f 2270//6 2521//6 441//6
f 2270//6 2602//6 2521//6
f 2602//6 1359//6 2521//6
f 7015//6 2602//6 1161//6
f 7015//6 7625//6 2602//6
f 7625//6 1359//6 2602//6
f 7625//6 7083//6 1359//6
f 7625//6 7626//6 7083//6
f 7626//6 440//6 7083//6
f 7510//6 7538//6 160//6
f 7510//6 7624//6 7538//6
f 7624//6 1356//6 7538//6
f 2726//6 7624//6 880//6
f 2726//6 3313//6 7624//6
f 3313//6 1356//6 7624//6
f 3313//6 2784//6 1356//6
f 3313//6 3233//6 2784//6
f 3233//6 442//6 2784//6
f 4043//2 3961//2 443//2
f 4043//2 4044//2 3961//2
f 4044//2 1353//2 3961//2
f 4879//2 4044//2 1163//2
f 4879//2 5478//2 4044//2
f 5478//2 1353//2 4044//2
f 5478//2 4945//2 1353//2
f 5478//2 5403//2 4945//2
f 5403//2 157//2 4945//2
f 4415//2 4656//2 444//2
f 4415//2 4751//2 4656//2
f 4751//2 1350//2 4656//2
f 3440//2 4751//2 1164//2
f 3440//2 4042//2 4751//2
f 4042//2 1350//2 4751//2
f 4042//2 3506//2 1350//2
f 4042//2 4043//2 3506//2
f 4043//2 443//2 3506//2
f 3311//2 3238//2 154//2
f 3311//2 3312//2 3238//2
f 3312//2 1347//2 3238//2
f 4880//2 3312//2 874//2
f 4880//2 5477//2 3312//2
f 5477//2 1347//2 3312//2
f 5477//2 4940//2 1347//2
f 5477//2 5410//2 4940//2
f 5410//2 445//2 4940//2
f 6183//2 6106//2 446//2
f 6183//2 6184//2 6106//2
f 6184//2 1344//2 6106//2
f 2727//2 6184//2 1166//2
f 2727//2 3310//2 6184//2
f 3310//2 1344//2 6184//2
f 3310//2 2777//2 1344//2
f 3310//2 3311//2 2777//2
f 3311//2 154//2 2777//2
f 6560//2 6838//2 447//2
f 6560//2 6910//2 6838//2
f 6910//2 1341//2 6838//2
f 5583//2 6910//2 1167//2
f 5583//2 6182//2 6910//2
f 6182//2 1341//2 6910//2
f 6182//2 5637//2 1341//2
f 6182//2 6183//2 5637//2
f 6183//2 446//2 5637//2
f 3929//2 3965//2 155//2
f 3929//2 4041//2 3965//2
f 4041//2 1338//2 3965//2
f 7020//2 4041//2 875//2
f 7020//2 7623//2 4041//2
f 7623//2 1338//2 4041//2
f 7623//2 7075//2 1338//2
f 7623//2 7548//2 7075//2
f 7548//2 448//2 7075//2
f 2600//1 2529//1 449//1
f 2600//1 2601//1 2529//1
f 2601//1 1335//1 2529//1
f 7021//1 2601//1 1169//1
f 7021//1 7622//1 2601//1
f 7622//1 1335//1 2601//1
f 7622//1 7071//1 1335//1
f 7622//1 7235//1 7071//1
f 7235//1 152//1 7071//1
f 2992//1 3244//1 450//1
f 2992//1 3309//1 3244//1
f 3309//1 1332//1 3244//1
f 2008//1 3309//1 1170//1
f 2008//1 2599//1 3309//1
f 2599//1 1332//1 3309//1
f 2599//1 2057//1 1332//1
f 2599//1 2600//1 2057//1
f 2600//1 449//1 2057//1
f 5475//1 5416//1 149//1
f 5475//1 5476//1 5416//1
f 5476//1 1329//1 5416//1
f 3443//1 5476//1 869//1
f 3443//1 4040//1 5476//1
f 4040//1 1329//1 5476//1
f 4040//1 3498//1 1329//1
f 4040//1 3968//1 3498//1
f 3968//1 451//1 3498//1
f 4749//1 4666//1 452//1
f 4749//1 4750//1 4666//1
f 4750//1 1326//1 4666//1
f 4881//1 4750//1 1172//1
f 4881//1 5474//1 4750//1
f 5474//1 1326//1 4750//1
f 5474//1 4933//1 1326//1
f 5474//1 5475//1 4933//1
f 5475//1 149//1 4933//1
f 5142//1 5421//1 453//1
f 5142//1 5473//1 5421//1
f 5473//1 1323//1 5421//1
f 4160//1 5473//1 1173//1
f 4160//1 4748//1 5473//1
f 4748//1 1323//1 5473//1
f 4748//1 4208//1 1323//1
f 4748//1 4749//1 4208//1
f 4749//1 452//1 4208//1
f 6181//1 6117//1 150//1
f 6181//1 6180//1 6117//1
f 6180//1 1320//1 6117//1
f 5587//1 6180//1 870//1
f 5587//1 6179//1 6180//1
f 6179//1 1320//1 6180//1
f 6179//1 5629//1 1320//1
f 6179//1 6113//1 5629//1
f 6113//1 454//1 5629//1
f 6908//6 6849//6 455//6
f 6908//6 6909//6 6849//6
f 6909//6 1317//6 6849//6
f 4162//6 6909//6 1175//6
f 4162//6 4747//6 6909//6
f 4747//6 1317//6 6909//6
f 4747//6 4203//6 1317//6
f 4747//6 4737//6 4203//6
f 4737//6 132//6 4203//6
f 7277//6 7555//6 456//6
f 7277//6 7621//6 7555//6
f 7621//6 1314//6 7555//6
f 6303//6 7621//6 1176//6
f 6303//6 6907//6 7621//6
f 6907//6 1314//6 7621//6
f 6907//6 6347//6 1314//6
f 6907//6 6908//6 6347//6
f 6908//6 455//6 6347//6
f 4745//6 4670//6 148//6
f 4745//6 4746//6 4670//6
f 4746//6 1311//6 4670//6
f 2009//6 4746//6 868//6
f 2009//6 2598//6 4746//6
f 2598//6 1311//6 4746//6
f 2598//6 2052//6 1311//6
f 2598//6 2541//6 2052//6
f 2541//6 457//6 2052//6
f 3307//6 3249//6 458//6
f 3307//6 3308//6 3249//6
f 3308//6 1308//6 3249//6
f 4163//6 3308//6 1178//6
f 4163//6 4744//6 3308//6
f 4744//6 1308//6 3308//6
f 4744//6 4198//6 1308//6
f 4744//6 4745//6 4198//6
f 4745//6 148//6 4198//6
f 3695//6 3994//6 459//6
f 3695//6 4039//6 3994//6
f 4039//6 1305//6 3994//6
f 2735//6 4039//6 1179//6
f 2735//6 3306//6 4039//6
f 3306//6 1305//6 4039//6
f 3306//6 2767//6 1305//6
f 3306//6 3307//6 2767//6
f 3307//6 458//6 2767//6
f 6902//6 6854//6 143//6
f 6902//6 6906//6 6854//6
f 6906//6 1302//6 6854//6
f 4164//6 6906//6 863//6
f 4164//6 4743//6 6906//6
f 4743//6 1302//6 6906//6
f 4743//6 4194//6 1302//6
f 4743//6 4674//6 4194//6
f 4674//6 460//6 4194//6
f 5471//5 5432//5 461//5
f 5471//5 5472//5 5432//5
f 5472//5 1299//5 5432//5
f 6304//5 5472//5 1181//5
f 6304//5 6905//5 5472//5
f 6905//5 1299//5 5472//5
f 6905//5 6341//5 1299//5
f 6905//5 6881//5 6341//5
f 6881//5 135//5 6341//5
f 5841//5 6124//5 462//5
f 5841//5 6178//5 6124//5
f 6178//5 1296//5 6124//5
f 4887//5 6178//5 1182//5
f 4887//5 5470//5 6178//5
f 5470//5 1296//5 6178//5
f 5470//5 4923//5 1296//5
f 5470//5 5471//5 4923//5
f 5471//5 461//5 4923//5
f 4037//5 3996//5 147//5
f 4037//5 4038//5 3996//5
f 4038//5 1293//5 3996//5
f 6305//5 4038//5 867//5
f 6305//5 6904//5 4038//5
f 6904//5 1293//5 4038//5
f 6904//5 6336//5 1293//5
f 6904//5 6858//5 6336//5
f 6858//5 463//5 6336//5
f 7619//5 7570//5 464//5
f 7619//5 7620//5 7570//5
f 7620//5 1290//5 7570//5
f 3446//5 7620//5 1184//5
f 3446//5 4036//5 7620//5
f 4036//5 1290//5 7620//5
f 4036//5 3488//5 1290//5
f 4036//5 4037//5 3488//5
f 4037//5 147//5 3488//5
f 2256//5 2557//5 465//5
f 2256//5 2597//5 2557//5
f 2597//5 1287//5 2557//5
f 7022//5 2597//5 1185//5
f 7022//5 7618//5 2597//5
f 7618//5 1287//5 2597//5
f 7618//5 7060//5 1287//5
f 7618//5 7619//5 7060//5
f 7619//5 464//5 7060//5
f 3273//5 3266//5 146//5
f 3273//5 3305//5 3266//5
f 3305//5 1284//5 3266//5
f 2736//5 3305//5 866//5
f 2736//5 3304//5 3305//5
f 3304//5 1284//5 3305//5
f 3304//5 2759//5 1284//5
f 3304//5 3262//5 2759//5
f 3262//5 466//5 2759//5
f 4034//4 3998//4 467//4
f 4034//4 4035//4 3998//4
f 4035//4 1281//4 3998//4
f 4888//4 4035//4 1187//4
f 4888//4 5469//4 4035//4
f 5469//4 1281//4 4035//4
f 5469//4 4919//4 1281//4
f 5469//4 5458//4 4919//4
f 5458//4 133//4 4919//4
f 4401//4 4699//4 468//4
f 4401//4 4742//4 4699//4
f 4742//4 1278//4 4699//4
f 3450//4 4742//4 1188//4
f 3450//4 4033//4 4742//4
f 4033//4 1278//4 4742//4
f 4033//4 3481//4 1278//4
f 4033//4 4034//4 3481//4
f 4034//4 467//4 3481//4
f 7616//4 7579//4 144//4
f 7616//4 7617//4 7579//4
f 7617//4 1275//4 7579//4
f 4889//4 7617//4 864//4
f 4889//4 5468//4 7617//4
f 5468//4 1275//4 7617//4
f 5468//4 4914//4 1275//4
f 5468//4 5438//4 4914//4
f 5438//4 469//4 4914//4
f 6176//4 6136//4 470//4
f 6176//4 6177//4 6136//4
f 6177//4 1272//4 6136//4
f 7025//4 6177//4 1190//4
f 7025//4 7615//4 6177//4
f 7615//4 1272//4 6177//4
f 7615//4 7053//4 1272//4
f 7615//4 7616//4 7053//4
f 7616//4 144//4 7053//4
f 6549//4 6869//4 471//4
f 6549//4 6903//4 6869//4
f 6903//4 1269//4 6869//4
f 5592//4 6903//4 1191//4
f 5592//4 6175//4 6903//4
f 6175//4 1269//4 6903//4
f 6175//4 5618//4 1269//4
f 6175//4 6176//4 5618//4
f 6176//4 470//4 5618//4
f 2551//4 2561//4 145//4
f 2551//4 2596//4 2561//4
f 2596//4 1266//4 2561//4
f 7026//4 2596//4 865//4
f 7026//4 7614//4 2596//4
f 7614//4 1266//4 2596//4
f 7614//4 7049//4 1266//4
f 7614//4 7583//4 7049//4
f 7583//4 472//4 7049//4
f 2594//3 2562//3 473//3
f 2594//3 2595//3 2562//3
f 2595//3 1263//3 2562//3
f 6308//3 2595//3 1193//3
f 6308//3 6901//3 2595//3
f 6901//3 1263//3 2595//3
f 6901//3 6328//3 1263//3
f 6901//3 6902//3 6328//3
f 6902//3 143//3 6328//3
f 2979//3 3280//3 474//3
f 2979//3 3303//3 3280//3
f 3303//3 1260//3 3280//3
f 2014//3 3303//3 1194//3
f 2014//3 2593//3 3303//3
f 2593//3 1260//3 3303//3
f 2593//3 2038//3 1260//3
f 2593//3 2594//3 2038//3
f 2594//3 473//3 2038//3
f 5466//3 5443//3 141//3
f 5466//3 5467//3 5443//3
f 5467//3 1257//3 5443//3
f 3453//3 5467//3 861//3
f 3453//3 4032//3 5467//3
f 4032//3 1257//3 5467//3
f 4032//3 3476//3 1257//3
f 4032//3 4010//3 3476//3
f 4010//3 475//3 3476//3
f 4740//3 4711//3 476//3
f 4740//3 4741//3 4711//3
f 4741//3 1254//3 4711//3
f 4892//3 4741//3 1196//3
f 4892//3 5465//3 4741//3
f 5465//3 1254//3 4741//3
f 5465//3 4907//3 1254//3
f 5465//3 5466//3 4907//3
f 5466//3 141//3 4907//3
f 5129//3 5447//3 477//3
f 5129//3 5464//3 5447//3
f 5464//3 1251//3 5447//3
f 4165//3 5464//3 1197//3
f 4165//3 4739//3 5464//3
f 4739//3 1251//3 5464//3
f 4739//3 4183//3 1251//3
f 4739//3 4740//3 4183//3
f 4740//3 476//3 4183//3
f 6172//3 6158//3 134//3
f 6172//3 6174//3 6158//3
f 6174//3 1248//3 6158//3
f 5593//3 6174//3 854//3
f 5593//3 6173//3 6174//3
f 6173//3 1248//3 6174//3
f 6173//3 5611//3 1248//3
f 6173//3 6154//3 5611//3
f 6154//3 478//3 5611//3
f 6899//2 6875//2 479//2
f 6899//2 6900//2 6875//2
f 6900//2 1245//2 6875//2
f 3456//2 6900//2 1199//2
f 3456//2 4031//2 6900//2
f 4031//2 1245//2 6900//2
f 4031//2 3472//2 1245//2
f 4031//2 3988//2 3472//2
f 3988//2 139//2 3472//2
f 7266//2 7596//2 480//2
f 7266//2 7613//2 7596//2
f 7613//2 1242//2 7596//2
f 6309//2 7613//2 1200//2
f 6309//2 6898//2 7613//2
f 6898//2 1242//2 7613//2
f 6898//2 6321//2 1242//2
f 6898//2 6899//2 6321//2
f 6899//2 479//2 6321//2
f 7611//2 7598//2 136//2
f 7611//2 7612//2 7598//2
f 7612//2 1239//2 7598//2
f 2018//2 7612//2 856//2
f 2018//2 2592//2 7612//2
f 2592//2 1239//2 7612//2
f 2592//2 2033//2 1239//2
f 2592//2 2574//2 2033//2
f 2574//2 481//2 2033//2
f 3301//2 3285//2 482//2
f 3301//2 3302//2 3285//2
f 3302//2 1236//2 3285//2
f 7027//2 3302//2 1202//2
f 7027//2 7610//2 3302//2
f 7610//2 1236//2 3302//2
f 7610//2 7039//2 1236//2
f 7610//2 7611//2 7039//2
f 7611//2 136//2 7039//2
f 3683//2 4018//2 483//2
f 3683//2 4030//2 4018//2
f 4030//2 1233//2 4018//2
f 2737//2 4030//2 1203//2
f 2737//2 3300//2 4030//2
f 3300//2 1233//2 4030//2
f 3300//2 2748//2 1233//2
f 3300//2 3301//2 2748//2
f 3301//2 482//2 2748//2
f 2571//2 2580//2 137//2
f 2571//2 2591//2 2580//2
f 2591//2 1230//2 2580//2
f 4168//2 2591//2 857//2
f 4168//2 4738//2 2591//2
f 4738//2 1230//2 2591//2
f 4738//2 4178//2 1230//2
f 4738//2 4729//2 4178//2
f 4729//2 484//2 4178//2
f 5462//1 5452//1 485//1
f 5462//1 5463//1 5452//1
f 5463//1 1227//1 5452//1
f 5598//1 5463//1 1205//1
f 5598//1 6171//1 5463//1
f 6171//1 1227//1 5463//1
f 6171//1 5606//1 1227//1
f 6171//1 6172//1 5606//1
f 6172//1 134//1 5606//1
f 5830//1 6168//1 486//1
f 5830//1 6170//1 6168//1
f 6170//1 1224//1 6168//1
f 4893//1 6170//1 1206//1
f 4893//1 5461//1 6170//1
f 5461//1 1224//1 6170//1
f 5461//1 4897//1 1224//1
f 5461//1 5462//1 4897//1
f 5462//1 485//1 4897//1
f 4028//1 4022//1 131//1
f 4028//1 4029//1 4022//1
f 4029//1 1221//1 4022//1
f 6312//1 4029//1 851//1
f 6312//1 6897//1 4029//1
f 6897//1 1221//1 4029//1
f 6897//1 6316//1 1221//1
f 6897//1 6886//1 6316//1
f 6886//1 487//1 6316//1
f 7608//1 7605//1 488//1
f 7608//1 7609//1 7605//1
f 7609//1 1218//1 7605//1
f 3457//1 7609//1 1208//1
f 3457//1 4027//1 7609//1
f 4027//1 1218//1 7609//1
f 4027//1 3462//1 1218//1
f 4027//1 4028//1 3462//1
f 4028//1 131//1 3462//1
f 2245//1 2589//1 489//1
f 2245//1 2590//1 2589//1
f 2590//1 1215//1 2589//1
f 7028//1 2590//1 1209//1
f 7028//1 7607//1 2590//1
f 7607//1 1215//1 2590//1
f 7607//1 7032//1 1215//1
f 7607//1 7608//1 7032//1
f 7608//1 488//1 7032//1
f 4737//1 4735//1 132//1
f 4737//1 4736//1 4735//1
f 4736//1 1212//1 4735//1
f 2739//1 4736//1 852//1
f 2739//1 3299//1 4736//1
f 3299//1 1212//1 4736//1
f 3299//1 2743//1 1212//1
f 3299//1 3296//1 2743//1
f 3296//1 490//1 2743//1
f 6894//1 6526//1 223//1
f 6894//1 6896//1 6526//1
f 6896//1 583//1 6526//1
f 2742//1 6896//1 1211//1
f 2742//1 6895//1 6896//1
f 6895//1 583//1 6896//1
f 6895//1 3689//1 583//1
f 6895//1 4025//1 3689//1
f 4025//1 43//1 3689//1
f 4735//1 4172//1 132//1
f 4735//1 4734//1 4172//1
f 4734//1 1213//1 4172//1
f 3458//1 4734//1 1212//1
f 3458//1 4026//1 4734//1
f 4026//1 1213//1 4734//1
f 4026//1 6892//1 1213//1
f 4026//1 6894//1 6892//1
f 6894//1 223//1 6892//1
f 3246//1 2664//1 2//1
f 3246//1 4733//1 2664//1
f 4733//1 943//1 2664//1
f 4173//1 4733//1 492//1
f 4173//1 6891//1 4733//1
f 6891//1 943//1 4733//1
f 6891//1 6893//1 943//1
f 6891//1 6892//1 6893//1
f 6892//1 223//1 6893//1
f 3297//1 2741//1 490//1
f 3297//1 3298//1 2741//1
f 3298//1 1210//1 2741//1
f 7031//1 3298//1 1214//1
f 7031//1 7606//1 3298//1
f 7606//1 1210//1 3298//1
f 7606//1 4025//1 1210//1
f 7606//1 4023//1 4025//1
f 4023//1 43//1 4025//1
f 2589//1 2024//1 489//1
f 2589//1 6890//1 2024//1
f 6890//1 1216//1 2024//1
f 5599//1 6890//1 1215//1
f 5599//1 6169//1 6890//1
f 6169//1 1216//1 6890//1
f 6169//1 3295//1 1216//1
f 6169//1 3297//1 3295//1
f 3297//1 490//1 3295//1
f 2969//1 2738//1 42//1
f 2969//1 2588//1 2738//1
f 2588//1 850//1 2738//1
f 2025//1 2588//1 849//1
f 2025//1 3294//1 2588//1
f 3294//1 850//1 2588//1
f 3294//1 3296//1 850//1
f 3294//1 3295//1 3296//1
f 3295//1 490//1 3296//1
f 5459//1 4917//1 133//1
f 5459//1 5460//1 4917//1
f 5460//1 493//1 4917//1
f 3461//1 5460//1 1217//1
f 3461//1 4024//1 5460//1
f 4024//1 493//1 5460//1
f 4024//1 3999//1 493//1
f 4024//1 4021//1 3999//1
f 4021//1 3//1 3999//1
f 7605//1 7033//1 488//1
f 7605//1 3293//1 7033//1
f 3293//1 1219//1 7033//1
f 2026//1 3293//1 1218//1
f 2026//1 2587//1 3293//1
f 2587//1 1219//1 3293//1
f 2587//1 5457//1 1219//1
f 2587//1 5459//1 5457//1
f 5459//1 133//1 5457//1
f 4023//1 3448//1 43//1
f 4023//1 7604//1 3448//1
f 7604//1 853//1 3448//1
f 7034//1 7604//1 848//1
f 7034//1 5456//1 7604//1
f 5456//1 853//1 7604//1
f 5456//1 5458//1 853//1
f 5456//1 5457//1 5458//1
f 5457//1 133//1 5458//1
f 2584//1 2232//1 225//1
f 2584//1 2586//1 2232//1
f 2586//1 585//1 2232//1
f 6315//1 2586//1 1220//1
f 6315//1 2585//1 2586//1
f 2585//1 585//1 2586//1
f 2585//1 5135//1 585//1
f 2585//1 5454//1 5135//1
f 5454//1 45//1 5135//1
f 4022//1 3463//1 131//1
f 4022//1 5455//1 3463//1
f 5455//1 1222//1 3463//1
f 4174//1 5455//1 1221//1
f 4174//1 4732//1 5455//1
f 4732//1 1222//1 5455//1
f 4732//1 2582//1 1222//1
f 4732//1 2584//1 2582//1
f 2584//1 225//1 2582//1
f 4021//1 3383//1 3//1
f 4021//1 4020//1 3383//1
f 4020//1 945//1 3383//1
f 3464//1 4020//1 491//1
f 3464//1 2581//1 4020//1
f 2581//1 945//1 4020//1
f 2581//1 2583//1 945//1
f 2581//1 2582//1 2583//1
f 2582//1 225//1 2583//1
f 6888//1 6314//1 487//1
f 6888//1 6889//1 6314//1
f 6889//1 1207//1 6314//1
f 4896//1 6889//1 1223//1
f 4896//1 5453//1 6889//1
f 5453//1 1207//1 6889//1
f 5453//1 5454//1 1207//1
f 5453//1 5451//1 5454//1
f 5451//1 45//1 5454//1
f 6168//1 5601//1 486//1
f 6168//1 7603//1 5601//1
f 7603//1 1225//1 5601//1
f 6317//1 7603//1 1224//1
f 6317//1 6887//1 7603//1
f 6887//1 1225//1 7603//1
f 6887//1 6885//1 1225//1
f 6887//1 6888//1 6885//1
f 6888//1 487//1 6885//1
f 2246//1 2020//1 41//1
f 2246//1 6167//1 2020//1
f 6167//1 847//1 2020//1
f 5602//1 6167//1 846//1
f 5602//1 6884//1 6167//1
f 6884//1 847//1 6167//1
f 6884//1 6886//1 847//1
f 6884//1 6885//1 6886//1
f 6885//1 487//1 6886//1
f 6882//1 6339//1 135//1
f 6882//1 6883//1 6339//1
f 6883//1 495//1 6339//1
f 5605//1 6883//1 1226//1
f 5605//1 6166//1 6883//1
f 6166//1 495//1 6883//1
f 6166//1 4679//1 495//1
f 6166//1 4714//1 4679//1
f 4714//1 4//1 4679//1
f 5452//1 4898//1 485//1
f 5452//1 4019//1 4898//1
f 4019//1 1228//1 4898//1
f 2744//1 4019//1 1227//1
f 2744//1 3292//1 4019//1
f 3292//1 1228//1 4019//1
f 3292//1 6880//1 1228//1
f 3292//1 6882//1 6880//1
f 6882//1 135//1 6880//1
f 5451//1 4885//1 45//1
f 5451//1 5450//1 4885//1
f 5450//1 855//1 4885//1
f 4899//1 5450//1 845//1
f 4899//1 6879//1 5450//1
f 6879//1 855//1 5450//1
f 6879//1 6881//1 855//1
f 6879//1 6880//1 6881//1
f 6880//1 135//1 6881//1
f 3289//2 3254//2 138//2
f 3289//2 3291//2 3254//2
f 3291//2 858//2 3254//2
f 4177//2 3291//2 1229//2
f 4177//2 3290//2 3291//2
f 3290//2 858//2 3291//2
f 3290//2 7569//2 858//2
f 3290//2 7602//2 7569//2
f 7602//2 48//2 7569//2
f 2580//2 2028//2 137//2
f 2580//2 6165//2 2028//2
f 6165//2 1231//2 2028//2
f 4900//2 6165//2 1230//2
f 4900//2 5449//2 6165//2
f 5449//2 1231//2 6165//2
f 5449//2 3288//2 1231//2
f 5449//2 3289//2 3288//2
f 3289//2 138//2 3288//2
f 7587//2 7571//2 8//2
f 7587//2 2579//2 7571//2
f 2579//2 498//2 7571//2
f 2029//2 2579//2 497//2
f 2029//2 3287//2 2579//2
f 3287//2 498//2 2579//2
f 3287//2 3259//2 498//2
f 3287//2 3288//2 3259//2
f 3288//2 138//2 3259//2
f 4730//2 4176//2 484//2
f 4730//2 4731//2 4176//2
f 4731//2 1204//2 4176//2
f 2747//2 4731//2 1232//2
f 2747//2 3286//2 4731//2
f 3286//2 1204//2 4731//2
f 3286//2 7602//2 1204//2
f 3286//2 7599//2 7602//2
f 7599//2 48//2 7602//2
f 4018//2 3466//2 483//2
f 4018//2 2578//2 3466//2
f 2578//2 1234//2 3466//2
f 7035//2 2578//2 1233//2
f 7035//2 7601//2 2578//2
f 7601//2 1234//2 2578//2
f 7601//2 4728//2 1234//2
f 7601//2 4730//2 4728//2
f 4730//2 484//2 4728//2
f 6537//2 6311//2 47//2
f 6537//2 4017//2 6311//2
f 4017//2 844//2 6311//2
f 3467//2 4017//2 843//2
f 3467//2 4727//2 4017//2
f 4727//2 844//2 4017//2
f 4727//2 4729//2 844//2
f 4727//2 4728//2 4729//2
f 4728//2 484//2 4729//2
f 4724//2 4686//2 228//2
f 4724//2 4726//2 4686//2
f 4726//2 948//2 4686//2
f 7038//2 4726//2 1235//2
f 7038//2 7600//2 4726//2
f 7600//2 948//2 4726//2
f 7600//2 6864//2 948//2
f 7600//2 6877//2 6864//2
f 6877//2 7//2 6864//2
f 3285//2 2749//2 482//2
f 3285//2 4725//2 2749//2
f 4725//2 1237//2 2749//2
f 3468//2 4725//2 1236//2
f 3468//2 4016//2 4725//2
f 4016//2 1237//2 4725//2
f 4016//2 4722//2 1237//2
f 4016//2 4724//2 4722//2
f 4724//2 228//2 4722//2
f 7599//2 7574//2 48//2
f 7599//2 4723//2 7574//2
f 4723//2 588//2 7574//2
f 2750//2 4723//2 842//2
f 2750//2 4721//2 4723//2
f 4721//2 588//2 4723//2
f 4721//2 4691//2 588//2
f 4721//2 4722//2 4691//2
f 4722//2 228//2 4691//2
f 4718//2 4702//2 140//2
f 4718//2 4720//2 4702//2
f 4720//2 860//2 4702//2
f 2032//2 4720//2 1238//2
f 2032//2 4719//2 4720//2
f 4719//2 860//2 4720//2
f 4719//2 3275//2 860//2
f 4719//2 3284//2 3275//2
f 3284//2 50//2 3275//2
f 7598//2 7040//2 136//2
f 7598//2 6878//2 7040//2
f 6878//2 1240//2 7040//2
f 5607//2 6878//2 1239//2
f 5607//2 6164//2 6878//2
f 6164//2 1240//2 6878//2
f 6164//2 4717//2 1240//2
f 6164//2 4718//2 4717//2
f 4718//2 140//2 4717//2
f 6877//2 6867//2 7//2
f 6877//2 7597//2 6867//2
f 7597//2 500//2 6867//2
f 7041//2 7597//2 496//2
f 7041//2 4716//2 7597//2
f 4716//2 500//2 7597//2
f 4716//2 4706//2 500//2
f 4716//2 4717//2 4706//2
f 4717//2 140//2 4706//2
f 2576//2 2031//2 481//2
f 2576//2 2577//2 2031//2
f 2577//2 1201//2 2031//2
f 6320//2 2577//2 1241//2
f 6320//2 6876//2 2577//2
f 6876//2 1201//2 2577//2
f 6876//2 3284//2 1201//2
f 6876//2 3282//2 3284//2
f 3282//2 50//2 3284//2
f 7596//2 7043//2 480//2
f 7596//2 3283//2 7043//2
f 3283//2 1243//2 7043//2
f 2034//2 3283//2 1242//2
f 2034//2 2575//2 3283//2
f 2575//2 1243//2 3283//2
f 2575//2 2573//2 1243//2
f 2575//2 2576//2 2573//2
f 2576//2 481//2 2573//2
f 5832//2 5595//2 46//2
f 5832//2 7595//2 5595//2
f 7595//2 841//2 5595//2
f 7044//2 7595//2 840//2
f 7044//2 2572//2 7595//2
f 2572//2 841//2 7595//2
f 2572//2 2574//2 841//2
f 2572//2 2573//2 2574//2
f 2573//2 481//2 2574//2
f 6162//2 6140//2 230//2
f 6162//2 6163//2 6140//2
f 6163//2 950//2 6140//2
f 3471//2 6163//2 1244//2
f 3471//2 4015//2 6163//2
f 4015//2 950//2 6163//2
f 4015//2 6141//2 950//2
f 4015//2 6121//2 6141//2
f 6121//2 6//2 6141//2
f 6875//2 6322//2 479//2
f 6875//2 5448//2 6322//2
f 5448//2 1246//2 6322//2
f 4179//2 5448//2 1245//2
f 4179//2 4715//2 5448//2
f 4715//2 1246//2 5448//2
f 4715//2 6160//2 1246//2
f 4715//2 6162//2 6160//2
f 6162//2 230//2 6160//2
f 3282//2 3278//2 50//2
f 3282//2 6161//2 3278//2
f 6161//2 590//2 3278//2
f 6323//2 6161//2 839//2
f 6323//2 6159//2 6161//2
f 6159//2 590//2 6161//2
f 6159//2 6145//2 590//2
f 6159//2 6160//2 6145//2
f 6160//2 230//2 6145//2
f 7591//3 7559//3 232//3
f 7591//3 7594//3 7559//3
f 7594//3 592//3 7559//3
f 5610//3 7594//3 1247//3
f 5610//3 7593//3 7594//3
f 7593//3 592//3 7594//3
f 7593//3 4678//3 592//3
f 7593//3 4713//3 4678//3
f 4713//3 52//3 4678//3
f 6158//3 5612//3 134//3
f 6158//3 7592//3 5612//3
f 7592//3 1249//3 5612//3
f 6324//3 7592//3 1248//3
f 6324//3 6874//3 7592//3
f 6874//3 1249//3 7592//3
f 6874//3 7590//3 1249//3
f 6874//3 7591//3 7590//3
f 7591//3 232//3 7590//3
f 4714//3 4680//3 4//3
f 4714//3 6157//3 4680//3
f 6157//3 952//3 4680//3
f 5613//3 6157//3 494//3
f 5613//3 7589//3 6157//3
f 7589//3 952//3 6157//3
f 7589//3 7563//3 952//3
f 7589//3 7590//3 7563//3
f 7590//3 232//3 7563//3
f 6155//3 5609//3 478//3
f 6155//3 6156//3 5609//3
f 6156//3 1198//3 5609//3
f 4182//3 6156//3 1250//3
f 4182//3 4712//3 6156//3
f 4712//3 1198//3 6156//3
f 4712//3 4713//3 1198//3
f 4712//3 4710//3 4713//3
f 4710//3 52//3 4713//3
f 5447//3 4902//3 477//3
f 5447//3 4014//3 4902//3
f 4014//3 1252//3 4902//3
f 2751//3 4014//3 1251//3
f 2751//3 3281//3 4014//3
f 3281//3 1252//3 4014//3
f 3281//3 6153//3 1252//3
f 3281//3 6155//3 6153//3
f 6155//3 478//3 6153//3
f 4394//3 4167//3 44//3
f 4394//3 5446//3 4167//3
f 5446//3 838//3 4167//3
f 4903//3 5446//3 837//3
f 4903//3 6152//3 5446//3
f 6152//3 838//3 5446//3
f 6152//3 6154//3 838//3
f 6152//3 6153//3 6154//3
f 6153//3 478//3 6154//3
f 6149//3 6127//3 142//3
f 6149//3 6151//3 6127//3
f 6151//3 502//3 6127//3
f 4906//3 6151//3 1253//3
f 4906//3 5445//3 6151//3
f 5445//3 502//3 6151//3
f 5445//3 7566//3 502//3
f 5445//3 7586//3 7566//3
f 7586//3 8//3 7566//3
f 4711//3 4184//3 476//3
f 4711//3 6150//3 4184//3
f 6150//3 1255//3 4184//3
f 4908//3 6150//3 1254//3
f 4908//3 5444//3 6150//3
f 5444//3 1255//3 6150//3
f 5444//3 6148//3 1255//3
f 5444//3 6149//3 6148//3
f 6149//3 142//3 6148//3
f 4710//3 4683//3 52//3
f 4710//3 4709//3 4683//3
f 4709//3 862//3 4683//3
f 4185//3 4709//3 836//3
f 4185//3 6147//3 4709//3
f 6147//3 862//3 4709//3
f 6147//3 6132//3 862//3
f 6147//3 6148//3 6132//3
f 6148//3 142//3 6132//3
f 2567//3 2571//3 137//3
f 2567//3 2570//3 2571//3
f 2570//3 857//3 2571//3
f 3475//3 2570//3 1256//3
f 3475//3 2569//3 2570//3
f 2569//3 857//3 2570//3
f 2569//3 6310//3 857//3
f 2569//3 6873//3 6310//3
f 6873//3 47//3 6310//3
f 5443//3 4909//3 141//3
f 5443//3 2568//3 4909//3
f 2568//3 1258//3 4909//3
f 7045//3 2568//3 1257//3
f 7045//3 7588//3 2568//3
f 7588//3 1258//3 2568//3
f 7588//3 2565//3 1258//3
f 7588//3 2567//3 2565//3
f 2567//3 137//3 2565//3
f 7586//3 7587//3 8//3
f 7586//3 2566//3 7587//3
f 2566//3 497//3 7587//3
f 4910//3 2566//3 501//3
f 4910//3 2564//3 2566//3
f 2564//3 497//3 2566//3
f 2564//3 2027//3 497//3
f 2564//3 2565//3 2027//3
f 2565//3 137//3 2027//3
f 4012//3 3474//3 475//3
f 4012//3 4013//3 3474//3
f 4013//3 1195//3 3474//3
f 2037//3 4013//3 1259//3
f 2037//3 2563//3 4013//3
f 2563//3 1195//3 4013//3
f 2563//3 6873//3 1195//3
f 2563//3 6870//3 6873//3
f 6870//3 47//3 6873//3
f 3280//3 2753//3 474//3
f 3280//3 4708//3 2753//3
f 4708//3 1261//3 2753//3
f 3477//3 4708//3 1260//3
f 3477//3 4011//3 4708//3
f 4011//3 1261//3 4708//3
f 4011//3 4009//3 1261//3
f 4011//3 4012//3 4009//3
f 4012//3 475//3 4009//3
f 3685//3 3452//3 51//3
f 3685//3 3279//3 3452//3
f 3279//3 835//3 3452//3
f 2754//3 3279//3 834//3
f 2754//3 4008//3 3279//3
f 4008//3 835//3 3279//3
f 4008//3 4010//3 835//3
f 4008//3 4009//3 4010//3
f 4009//3 475//3 4010//3
f 4005//3 4007//3 227//3
f 4005//3 4006//3 4007//3
f 4006//3 947//3 4007//3
f 6327//3 4006//3 1262//3
f 6327//3 6872//3 4006//3
f 6872//3 947//3 4006//3
f 6872//3 4817//3 947//3
f 6872//3 5427//3 4817//3
f 5427//3 5//3 4817//3
f 2562//3 2039//3 473//3
f 2562//3 6871//3 2039//3
f 6871//3 1264//3 2039//3
f 5614//3 6871//3 1263//3
f 5614//3 6146//3 6871//3
f 6146//3 1264//3 6871//3
f 6146//3 4003//3 1264//3
f 6146//3 4005//3 4003//3
f 4005//3 227//3 4003//3
f 6870//3 6536//3 47//3
f 6870//3 4004//3 6536//3
f 4004//3 587//3 6536//3
f 2040//3 4004//3 833//3
f 2040//3 4002//3 4004//3
f 4002//3 587//3 4004//3
f 4002//3 3673//3 587//3
f 4002//3 4003//3 3673//3
f 4003//3 227//3 3673//3
f 6142//4 6145//4 230//4
f 6142//4 6144//4 6145//4
f 6144//4 590//4 6145//4
f 7048//4 6144//4 1265//4
f 7048//4 6143//4 6144//4
f 6143//4 590//4 6144//4
f 6143//4 3278//4 590//4
f 6143//4 3276//4 3278//4
f 3276//4 50//4 3278//4
f 2561//4 2043//4 145//4
f 2561//4 3277//4 2043//4
f 3277//4 1267//4 2043//4
f 2041//4 3277//4 1266//4
f 2041//4 2560//4 3277//4
f 2560//4 1267//4 3277//4
f 2560//4 6139//4 1267//4
f 2560//4 6142//4 6139//4
f 6142//4 230//4 6139//4
f 6119//4 6141//4 6//4
f 6119//4 2559//4 6141//4
f 2559//4 950//4 6141//4
f 2044//4 2559//4 505//4
f 2044//4 6138//4 2559//4
f 6138//4 950//4 2559//4
f 6138//4 6140//4 950//4
f 6138//4 6139//4 6140//4
f 6139//4 230//4 6140//4
f 7584//4 7047//4 472//4
f 7584//4 7585//4 7047//4
f 7585//4 1192//4 7047//4
f 5617//4 7585//4 1268//4
f 5617//4 6137//4 7585//4
f 6137//4 1192//4 7585//4
f 6137//4 3276//4 1192//4
f 6137//4 3274//4 3276//4
f 3274//4 50//4 3276//4
f 6869//4 6330//4 471//4
f 6869//4 5442//4 6330//4
f 5442//4 1270//4 6330//4
f 4186//4 5442//4 1269//4
f 4186//4 4707//4 5442//4
f 4707//4 1270//4 5442//4
f 4707//4 7582//4 1270//4
f 4707//4 7584//4 7582//4
f 7584//4 472//4 7582//4
f 6545//4 6307//4 55//4
f 6545//4 6868//4 6307//4
f 6868//4 832//4 6307//4
f 6331//4 6868//4 831//4
f 6331//4 7581//4 6868//4
f 7581//4 832//4 6868//4
f 7581//4 7583//4 832//4
f 7581//4 7582//4 7583//4
f 7582//4 472//4 7583//4
f 4703//4 4706//4 140//4
f 4703//4 4705//4 4706//4
f 4705//4 500//4 4706//4
f 7052//4 4705//4 1271//4
f 7052//4 4704//4 4705//4
f 4704//4 500//4 4705//4
f 4704//4 6867//4 500//4
f 4704//4 6865//4 6867//4
f 6865//4 7//4 6867//4
f 6136//4 5619//4 470//4
f 6136//4 7580//4 5619//4
f 7580//4 1273//4 5619//4
f 6332//4 7580//4 1272//4
f 6332//4 6866//4 7580//4
f 6866//4 1273//4 7580//4
f 6866//4 4701//4 1273//4
f 6866//4 4703//4 4701//4
f 4703//4 140//4 4701//4
f 3274//4 3275//4 50//4
f 3274//4 6135//4 3275//4
f 6135//4 860//4 3275//4
f 5620//4 6135//4 830//4
f 5620//4 4700//4 6135//4
f 4700//4 860//4 6135//4
f 4700//4 4702//4 860//4
f 4700//4 4701//4 4702//4
f 4701//4 140//4 4702//4
f 3270//4 3273//4 146//4
f 3270//4 3272//4 3273//4
f 3272//4 866//4 3273//4
f 4913//4 3272//4 1274//4
f 4913//4 3271//4 3272//4
f 3271//4 866//4 3272//4
f 3271//4 7023//4 866//4
f 3271//4 7577//4 7023//4
f 7577//4 56//4 7023//4
f 7579//4 7054//4 144//4
f 7579//4 4001//4 7054//4
f 4001//4 1276//4 7054//4
f 2755//4 4001//4 1275//4
f 2755//4 3269//4 4001//4
f 3269//4 1276//4 4001//4
f 3269//4 3268//4 1276//4
f 3269//4 3270//4 3268//4
f 3270//4 146//4 3268//4
f 6865//4 6863//4 7//4
f 6865//4 7578//4 6863//4
f 7578//4 506//4 6863//4
f 7055//4 7578//4 504//4
f 7055//4 3267//4 7578//4
f 3267//4 506//4 7578//4
f 3267//4 2760//4 506//4
f 3267//4 3268//4 2760//4
f 3268//4 146//4 2760//4
f 5440//4 4912//4 469//4
f 5440//4 5441//4 4912//4
f 5441//4 1189//4 4912//4
f 3480//4 5441//4 1277//4
f 3480//4 4000//4 5441//4
f 4000//4 1189//4 5441//4
f 4000//4 7577//4 1189//4
f 4000//4 7575//4 7577//4
f 7575//4 56//4 7577//4
f 4699//4 4188//4 468//4
f 4699//4 6134//4 4188//4
f 6134//4 1279//4 4188//4
f 4915//4 6134//4 1278//4
f 4915//4 5439//4 6134//4
f 5439//4 1279//4 6134//4
f 5439//4 5437//4 1279//4
f 5439//4 5440//4 5437//4
f 5440//4 469//4 5437//4
f 5835//4 5589//4 54//4
f 5835//4 4698//4 5589//4
f 4698//4 829//4 5589//4
f 4189//4 4698//4 828//4
f 4189//4 5436//4 4698//4
f 5436//4 829//4 4698//4
f 5436//4 5438//4 829//4
f 5436//4 5437//4 5438//4
f 5437//4 469//4 5438//4
f 4695//4 4697//4 236//4
f 4695//4 4696//4 4697//4
f 4696//4 956//4 4697//4
f 4918//4 4696//4 1280//4
f 4918//4 5435//4 4696//4
f 5435//4 956//4 4696//4
f 5435//4 3381//4 956//4
f 5435//4 3999//4 3381//4
f 3999//4 3//4 3381//4
f 3998//4 3482//4 467//4
f 3998//4 2558//4 3482//4
f 2558//4 1282//4 3482//4
f 7056//4 2558//4 1281//4
f 7056//4 7576//4 2558//4
f 7576//4 1282//4 2558//4
f 7576//4 4693//4 1282//4
f 7576//4 4695//4 4693//4
f 4695//4 236//4 4693//4
f 7575//4 7269//4 56//4
f 7575//4 4694//4 7269//4
f 4694//4 596//4 7269//4
f 3483//4 4694//4 827//4
f 3483//4 4692//4 4694//4
f 4692//4 596//4 4694//4
f 4692//4 4389//4 596//4
f 4692//4 4693//4 4389//4
f 4693//4 236//4 4389//4
f 4687//5 4691//5 228//5
f 4687//5 4690//5 4691//5
f 4690//5 588//5 4691//5
f 2758//5 4690//5 1283//5
f 2758//5 4689//5 4690//5
f 4689//5 588//5 4690//5
f 4689//5 7574//5 588//5
f 4689//5 7573//5 7574//5
f 7573//5 48//5 7574//5
f 3266//5 2761//5 146//5
f 3266//5 4688//5 2761//5
f 4688//5 1285//5 2761//5
f 3484//5 4688//5 1284//5
f 3484//5 3997//5 4688//5
f 3997//5 1285//5 4688//5
f 3997//5 4685//5 1285//5
f 3997//5 4687//5 4685//5
f 4687//5 228//5 4685//5
f 6863//5 6864//5 7//5
f 6863//5 3265//5 6864//5
f 3265//5 948//5 6864//5
f 2762//5 3265//5 506//5
f 2762//5 4684//5 3265//5
f 4684//5 948//5 3265//5
f 4684//5 4686//5 948//5
f 4684//5 4685//5 4686//5
f 4685//5 228//5 4686//5
f 3263//5 2757//5 466//5
f 3263//5 3264//5 2757//5
f 3264//5 1186//5 2757//5
f 7059//5 3264//5 1286//5
f 7059//5 7572//5 3264//5
f 7572//5 1186//5 3264//5
f 7572//5 7573//5 1186//5
f 7572//5 7568//5 7573//5
f 7568//5 48//5 7573//5
f 2557//5 2046//5 465//5
f 2557//5 6862//5 2046//5
f 6862//5 1288//5 2046//5
f 5621//5 6862//5 1287//5
f 5621//5 6133//5 6862//5
f 6133//5 1288//5 6862//5
f 6133//5 3261//5 1288//5
f 6133//5 3263//5 3261//5
f 3263//5 466//5 3261//5
f 7270//5 7024//5 56//5
f 7270//5 2556//5 7024//5
f 2556//5 826//5 7024//5
f 2047//5 2556//5 825//5
f 2047//5 3260//5 2556//5
f 3260//5 826//5 2556//5
f 3260//5 3262//5 826//5
f 3260//5 3261//5 3262//5
f 3261//5 466//5 3262//5
f 3255//5 3259//5 138//5
f 3255//5 3258//5 3259//5
f 3258//5 498//5 3259//5
f 3487//5 3258//5 1289//5
f 3487//5 3257//5 3258//5
f 3257//5 498//5 3258//5
f 3257//5 7571//5 498//5
f 3257//5 7565//5 7571//5
f 7565//5 8//5 7571//5
f 7570//5 7061//5 464//5
f 7570//5 3256//5 7061//5
f 3256//5 1291//5 7061//5
f 2048//5 3256//5 1290//5
f 2048//5 2555//5 3256//5
f 2555//5 1291//5 3256//5
f 2555//5 3253//5 1291//5
f 2555//5 3255//5 3253//5
f 3255//5 138//5 3253//5
f 7568//5 7569//5 48//5
f 7568//5 7567//5 7569//5
f 7567//5 858//5 7569//5
f 7062//5 7567//5 824//5
f 7062//5 3252//5 7567//5
f 3252//5 858//5 7567//5
f 3252//5 3254//5 858//5
f 3252//5 3253//5 3254//5
f 3253//5 138//5 3254//5
f 6129//5 6132//5 142//5
f 6129//5 6131//5 6132//5
f 6131//5 862//5 6132//5
f 6335//5 6131//5 1292//5
f 6335//5 6130//5 6131//5
f 6130//5 862//5 6131//5
f 6130//5 4683//5 862//5
f 6130//5 4681//5 4683//5
f 4681//5 52//5 4683//5
f 3996//5 3489//5 147//5
f 3996//5 5434//5 3489//5
f 5434//5 1294//5 3489//5
f 4190//5 5434//5 1293//5
f 4190//5 4682//5 5434//5
f 4682//5 1294//5 5434//5
f 4682//5 6126//5 1294//5
f 4682//5 6129//5 6126//5
f 6129//5 142//5 6126//5
f 7565//5 7566//5 8//5
f 7565//5 6128//5 7566//5
f 6128//5 502//5 7566//5
f 3490//5 6128//5 507//5
f 3490//5 6125//5 6128//5
f 6125//5 502//5 6128//5
f 6125//5 6127//5 502//5
f 6125//5 6126//5 6127//5
f 6126//5 142//5 6127//5
f 6860//5 6334//5 463//5
f 6860//5 6861//5 6334//5
f 6861//5 1183//5 6334//5
f 4922//5 6861//5 1295//5
f 4922//5 5433//5 6861//5
f 5433//5 1183//5 6861//5
f 5433//5 4681//5 1183//5
f 5433//5 4677//5 4681//5
f 4677//5 52//5 4681//5
f 6124//5 5623//5 462//5
f 6124//5 7564//5 5623//5
f 7564//5 1297//5 5623//5
f 6337//5 7564//5 1296//5
f 6337//5 6859//5 7564//5
f 6859//5 1297//5 7564//5
f 6859//5 6857//5 1297//5
f 6859//5 6860//5 6857//5
f 6860//5 463//5 6857//5
f 2257//5 2011//5 57//5
f 2257//5 6123//5 2011//5
f 6123//5 823//5 2011//5
f 5624//5 6123//5 822//5
f 5624//5 6856//5 6123//5
f 6856//5 823//5 6123//5
f 6856//5 6858//5 823//5
f 6856//5 6857//5 6858//5
f 6857//5 463//5 6858//5
f 7561//5 7563//5 232//5
f 7561//5 7562//5 7563//5
f 7562//5 952//5 7563//5
f 6340//5 7562//5 1298//5
f 6340//5 6855//5 7562//5
f 6855//5 952//5 7562//5
f 6855//5 4680//5 952//5
f 6855//5 4679//5 4680//5
f 4679//5 4//5 4680//5
f 5432//5 4924//5 461//5
f 5432//5 3995//5 4924//5
f 3995//5 1300//5 4924//5
f 2763//5 3995//5 1299//5
f 2763//5 3251//5 3995//5
f 3251//5 1300//5 3995//5
f 3251//5 7558//5 1300//5
f 3251//5 7561//5 7558//5
f 7561//5 232//5 7558//5
f 4677//5 4678//5 52//5
f 4677//5 7560//5 4678//5
f 7560//5 592//5 4678//5
f 4925//5 7560//5 821//5
f 4925//5 7557//5 7560//5
f 7557//5 592//5 7560//5
f 7557//5 7559//5 592//5
f 7557//5 7558//5 7559//5
f 7558//5 232//5 7559//5
f 5429//6 5109//6 229//6
f 5429//6 5431//6 5109//6
f 5431//6 589//6 5109//6
f 4193//6 5431//6 1301//6
f 4193//6 5430//6 5431//6
f 5430//6 589//6 5431//6
f 5430//6 2247//6 589//6
f 5430//6 2554//6 2247//6
f 2554//6 49//6 2247//6
f 6854//6 6342//6 143//6
f 6854//6 6122//6 6342//6
f 6122//6 1303//6 6342//6
f 4926//6 6122//6 1302//6
f 4926//6 5428//6 6122//6
f 5428//6 1303//6 6122//6
f 5428//6 5425//6 1303//6
f 5428//6 5429//6 5425//6
f 5429//6 229//6 5425//6
f 5427//6 4819//6 5//6
f 5427//6 6853//6 4819//6
f 6853//6 949//6 4819//6
f 6343//6 6853//6 503//6
f 6343//6 5424//6 6853//6
f 5424//6 949//6 6853//6
f 5424//6 5426//6 949//6
f 5424//6 5425//6 5426//6
f 5425//6 229//6 5426//6
f 4675//6 4192//6 460//6
f 4675//6 4676//6 4192//6
f 4676//6 1180//6 4192//6
f 2766//6 4676//6 1304//6
f 2766//6 3250//6 4676//6
f 3250//6 1180//6 4676//6
f 3250//6 2554//6 1180//6
f 3250//6 2552//6 2554//6
f 2552//6 49//6 2554//6
f 3994//6 3492//6 459//6
f 3994//6 2553//6 3492//6
f 2553//6 1306//6 3492//6
f 7063//6 2553//6 1305//6
f 7063//6 7556//6 2553//6
f 7556//6 1306//6 2553//6
f 7556//6 4673//6 1306//6
f 7556//6 4675//6 4673//6
f 4675//6 460//6 4673//6
f 5136//6 4883//6 53//6
f 5136//6 3993//6 4883//6
f 3993//6 820//6 4883//6
f 3493//6 3993//6 819//6
f 3493//6 4672//6 3993//6
f 4672//6 820//6 3993//6
f 4672//6 4674//6 820//6
f 4672//6 4673//6 4674//6
f 4673//6 460//6 4674//6
f 3990//6 3470//6 139//6
f 3990//6 3992//6 3470//6
f 3992//6 499//6 3470//6
f 4197//6 3992//6 1307//6
f 4197//6 3991//6 3992//6
f 3991//6 499//6 3992//6
f 3991//6 6121//6 499//6
f 3991//6 6118//6 6121//6
f 6118//6 6//6 6121//6
f 3249//6 2768//6 458//6
f 3249//6 4671//6 2768//6
f 4671//6 1309//6 2768//6
f 3494//6 4671//6 1308//6
f 3494//6 3989//6 4671//6
f 3989//6 1309//6 4671//6
f 3989//6 3987//6 1309//6
f 3989//6 3990//6 3987//6
f 3990//6 139//6 3987//6
f 2552//6 2016//6 49//6
f 2552//6 3248//6 2016//6
f 3248//6 859//6 2016//6
f 2769//6 3248//6 818//6
f 2769//6 3986//6 3248//6
f 3986//6 859//6 3248//6
f 3986//6 3988//6 859//6
f 3986//6 3987//6 3988//6
f 3987//6 139//6 3988//6
f 2548//6 2551//6 145//6
f 2548//6 2550//6 2551//6
f 2550//6 865//6 2551//6
f 2051//6 2550//6 1310//6
f 2051//6 2549//6 2550//6
f 2549//6 865//6 2550//6
f 2549//6 6306//6 865//6
f 2549//6 6851//6 6306//6
f 6851//6 55//6 6306//6
f 4670//6 4199//6 148//6
f 4670//6 6852//6 4199//6
f 6852//6 1312//6 4199//6
f 5625//6 6852//6 1311//6
f 5625//6 6120//6 6852//6
f 6120//6 1312//6 6852//6
f 6120//6 2546//6 1312//6
f 6120//6 2548//6 2546//6
f 2548//6 145//6 2546//6
f 6118//6 6119//6 6//6
f 6118//6 2547//6 6119//6
f 2547//6 505//6 6119//6
f 4200//6 2547//6 508//6
f 4200//6 2545//6 2547//6
f 2545//6 505//6 2547//6
f 2545//6 2042//6 505//6
f 2545//6 2546//6 2042//6
f 2546//6 145//6 2042//6
f 2543//6 2050//6 457//6
f 2543//6 2544//6 2050//6
f 2544//6 1177//6 2050//6
f 6346//6 2544//6 1313//6
f 6346//6 6850//6 2544//6
f 6850//6 1177//6 2544//6
f 6850//6 6851//6 1177//6
f 6850//6 6848//6 6851//6
f 6848//6 55//6 6851//6
f 7555//6 7065//6 456//6
f 7555//6 3247//6 7065//6
f 3247//6 1315//6 7065//6
f 2053//6 3247//6 1314//6
f 2053//6 2542//6 3247//6
f 2542//6 1315//6 3247//6
f 2542//6 2540//6 1315//6
f 2542//6 2543//6 2540//6
f 2543//6 457//6 2540//6
f 2985//6 2732//6 58//6
f 2985//6 7554//6 2732//6
f 7554//6 817//6 2732//6
f 7066//6 7554//6 816//6
f 7066//6 2539//6 7554//6
f 2539//6 817//6 7554//6
f 2539//6 2541//6 817//6
f 2539//6 2540//6 2541//6
f 2540//6 457//6 2541//6
f 3983//6 3985//6 235//6
f 3983//6 3984//6 3985//6
f 3984//6 955//6 3985//6
f 4202//6 3984//6 1316//6
f 4202//6 4669//6 3984//6
f 4669//6 955//6 3984//6
f 4669//6 2661//6 955//6
f 4669//6 3246//6 2661//6
f 3246//6 2//6 2661//6
f 6849//6 6348//6 455//6
f 6849//6 5423//6 6348//6
f 5423//6 1318//6 6348//6
f 4204//6 5423//6 1317//6
f 4204//6 4668//6 5423//6
f 4668//6 1318//6 5423//6
f 4668//6 3981//6 1318//6
f 4668//6 3983//6 3981//6
f 3983//6 235//6 3981//6
f 6848//6 6544//6 55//6
f 6848//6 3982//6 6544//6
f 3982//6 595//6 6544//6
f 6349//6 3982//6 815//6
f 6349//6 3980//6 3982//6
f 3980//6 595//6 3982//6
f 3980//6 3670//6 595//6
f 3980//6 3981//6 3670//6
f 3981//6 235//6 3670//6
f 2536//1 2218//1 241//1
f 2536//1 2538//1 2218//1
f 2538//1 601//1 2218//1
f 5628//1 2538//1 1319//1
f 5628//1 2537//1 2538//1
f 2537//1 601//1 2538//1
f 2537//1 5148//1 601//1
f 2537//1 5422//1 5148//1
f 5422//1 61//1 5148//1
f 6117//1 5631//1 150//1
f 6117//1 7553//1 5631//1
f 7553//1 1321//1 5631//1
f 6350//1 7553//1 1320//1
f 6350//1 6847//1 7553//1
f 6847//1 1321//1 7553//1
f 6847//1 2534//1 1321//1
f 6847//1 2536//1 2534//1
f 2536//1 241//1 2534//1
f 3229//1 2667//1 10//1
f 3229//1 6116//1 2667//1
f 6116//1 961//1 2667//1
f 5632//1 6116//1 510//1
f 5632//1 2533//1 6116//1
f 2533//1 961//1 6116//1
f 2533//1 2535//1 961//1
f 2533//1 2534//1 2535//1
f 2534//1 241//1 2535//1
f 6114//1 5627//1 454//1
f 6114//1 6115//1 5627//1
f 6115//1 1174//1 5627//1
f 4207//1 6115//1 1322//1
f 4207//1 4667//1 6115//1
f 4667//1 1174//1 6115//1
f 4667//1 5422//1 1174//1
f 4667//1 5417//1 5422//1
f 5417//1 61//1 5422//1
f 5421//1 4928//1 453//1
f 5421//1 3979//1 4928//1
f 3979//1 1324//1 4928//1
f 2770//1 3979//1 1323//1
f 2770//1 3245//1 3979//1
f 3245//1 1324//1 3979//1
f 3245//1 6112//1 1324//1
f 3245//1 6114//1 6112//1
f 6114//1 454//1 6112//1
f 4405//1 4161//1 60//1
f 4405//1 5420//1 4161//1
f 5420//1 814//1 4161//1
f 4929//1 5420//1 813//1
f 4929//1 6111//1 5420//1
f 6111//1 814//1 5420//1
f 6111//1 6113//1 814//1
f 6111//1 6112//1 6113//1
f 6112//1 454//1 6113//1
f 6845//1 6371//1 151//1
f 6845//1 6846//1 6371//1
f 6846//1 511//1 6371//1
f 4932//1 6846//1 1325//1
f 4932//1 5419//1 6846//1
f 5419//1 511//1 6846//1
f 5419//1 3941//1 511//1
f 5419//1 3975//1 3941//1
f 3975//1 11//1 3941//1
f 4666//1 4209//1 452//1
f 4666//1 6110//1 4209//1
f 6110//1 1327//1 4209//1
f 4934//1 6110//1 1326//1
f 4934//1 5418//1 6110//1
f 5418//1 1327//1 6110//1
f 5418//1 6843//1 1327//1
f 5418//1 6845//1 6843//1
f 6845//1 151//1 6843//1
f 5417//1 4872//1 61//1
f 5417//1 4665//1 4872//1
f 4665//1 871//1 4872//1
f 4210//1 4665//1 812//1
f 4210//1 6842//1 4665//1
f 6842//1 871//1 4665//1
f 6842//1 6844//1 871//1
f 6842//1 6843//1 6844//1
f 6843//1 151//1 6844//1
f 3976//1 3662//1 243//1
f 3976//1 3978//1 3662//1
f 3978//1 603//1 3662//1
f 3497//1 3978//1 1328//1
f 3497//1 3977//1 3978//1
f 3977//1 603//1 3978//1
f 3977//1 6565//1 603//1
f 3977//1 6841//1 6565//1
f 6841//1 63//1 6565//1
f 5416//1 4935//1 149//1
f 5416//1 2532//1 4935//1
f 2532//1 1330//1 4935//1
f 7067//1 2532//1 1329//1
f 7067//1 7552//1 2532//1
f 7552//1 1330//1 2532//1
f 7552//1 3973//1 1330//1
f 7552//1 3976//1 3973//1
f 3976//1 243//1 3973//1
f 3975//1 3387//1 11//1
f 3975//1 5415//1 3387//1
f 5415//1 963//1 3387//1
f 4936//1 5415//1 509//1
f 4936//1 3972//1 5415//1
f 3972//1 963//1 5415//1
f 3972//1 3974//1 963//1
f 3972//1 3973//1 3974//1
f 3973//1 243//1 3974//1
f 3970//1 3496//1 451//1
f 3970//1 3971//1 3496//1
f 3971//1 1171//1 3496//1
f 2056//1 3971//1 1331//1
f 2056//1 2531//1 3971//1
f 2531//1 1171//1 3971//1
f 2531//1 6841//1 1171//1
f 2531//1 6839//1 6841//1
f 6839//1 63//1 6841//1
f 3244//1 2772//1 450//1
f 3244//1 4664//1 2772//1
f 4664//1 1333//1 2772//1
f 3499//1 4664//1 1332//1
f 3499//1 3969//1 4664//1
f 3969//1 1333//1 4664//1
f 3969//1 3967//1 1333//1
f 3969//1 3970//1 3967//1
f 3970//1 451//1 3967//1
f 3697//1 3442//1 59//1
f 3697//1 3243//1 3442//1
f 3243//1 811//1 3442//1
f 2773//1 3243//1 810//1
f 2773//1 3966//1 3243//1
f 3966//1 811//1 3243//1
f 3966//1 3968//1 811//1
f 3966//1 3967//1 3968//1
f 3967//1 451//1 3968//1
f 2528//1 2078//1 153//1
f 2528//1 2530//1 2078//1
f 2530//1 513//1 2078//1
f 7070//1 2530//1 1334//1
f 7070//1 7551//1 2530//1
f 7551//1 513//1 2530//1
f 7551//1 4627//1 513//1
f 7551//1 4103//1 4627//1
f 4103//1 12//1 4627//1
f 2529//1 2058//1 449//1
f 2529//1 6840//1 2058//1
f 6840//1 1336//1 2058//1
f 5633//1 6840//1 1335//1
f 5633//1 6109//1 6840//1
f 6109//1 1336//1 6840//1
f 6109//1 2525//1 1336//1
f 6109//1 2528//1 2525//1
f 2528//1 153//1 2525//1
f 6839//1 6295//1 63//1
f 6839//1 2527//1 6295//1
f 2527//1 873//1 6295//1
f 2059//1 2527//1 809//1
f 2059//1 2524//1 2527//1
f 2524//1 873//1 2527//1
f 2524//1 2526//1 873//1
f 2524//1 2525//1 2526//1
f 2525//1 153//1 2526//1
f 4661//2 4633//2 156//2
f 4661//2 4663//2 4633//2
f 4663//2 876//2 4633//2
f 7074//2 4663//2 1337//2
f 7074//2 4662//2 4663//2
f 4662//2 876//2 4663//2
f 4662//2 3218//2 876//2
f 4662//2 3241//2 3218//2
f 3241//2 66//2 3218//2
f 3965//2 3501//2 155//2
f 3965//2 3242//2 3501//2
f 3242//2 1339//2 3501//2
f 2060//2 3242//2 1338//2
f 2060//2 2523//2 3242//2
f 2523//2 1339//2 3242//2
f 2523//2 4660//2 1339//2
f 2523//2 4661//2 4660//2
f 4661//2 156//2 4660//2
f 7518//2 7521//2 16//2
f 7518//2 3964//2 7521//2
f 3964//2 516//2 7521//2
f 3502//2 3964//2 515//2
f 3502//2 4659//2 3964//2
f 4659//2 516//2 3964//2
f 4659//2 4639//2 516//2
f 4659//2 4660//2 4639//2
f 4660//2 156//2 4639//2
f 7549//2 7073//2 448//2
f 7549//2 7550//2 7073//2
f 7550//2 1168//2 7073//2
f 5636//2 7550//2 1340//2
f 5636//2 6108//2 7550//2
f 6108//2 1168//2 7550//2
f 6108//2 3241//2 1168//2
f 6108//2 3239//2 3241//2
f 3239//2 66//2 3241//2
f 6838//2 6352//2 447//2
f 6838//2 5414//2 6352//2
f 5414//2 1342//2 6352//2
f 4211//2 5414//2 1341//2
f 4211//2 4658//2 5414//2
f 4658//2 1342//2 5414//2
f 4658//2 7547//2 1342//2
f 4658//2 7549//2 7547//2
f 7549//2 448//2 7547//2
f 2263//2 2007//2 65//2
f 2263//2 6837//2 2007//2
f 6837//2 808//2 2007//2
f 6353//2 6837//2 807//2
f 6353//2 7546//2 6837//2
f 7546//2 808//2 6837//2
f 7546//2 7548//2 808//2
f 7546//2 7547//2 7548//2
f 7547//2 448//2 7548//2
f 6105//2 6074//2 246//2
f 6105//2 6107//2 6074//2
f 6107//2 966//2 6074//2
f 2776//2 6107//2 1343//2
f 2776//2 3240//2 6107//2
f 3240//2 966//2 6107//2
f 3240//2 6810//2 966//2
f 3240//2 6835//2 6810//2
f 6835//2 15//2 6810//2
f 6106//2 5638//2 446//2
f 6106//2 7545//2 5638//2
f 7545//2 1345//2 5638//2
f 6354//2 7545//2 1344//2
f 6354//2 6836//2 7545//2
f 6836//2 1345//2 7545//2
f 6836//2 6103//2 1345//2
f 6836//2 6105//2 6103//2
f 6105//2 246//2 6103//2
f 3239//2 3221//2 66//2
f 3239//2 6104//2 3221//2
f 6104//2 606//2 3221//2
f 5639//2 6104//2 806//2
f 5639//2 6102//2 6104//2
f 6102//2 606//2 6104//2
f 6102//2 6078//2 606//2
f 6102//2 6103//2 6078//2
f 6103//2 246//2 6078//2
f 6099//2 6082//2 158//2
f 6099//2 6101//2 6082//2
f 6101//2 878//2 6082//2
f 4939//2 6101//2 1346//2
f 4939//2 6100//2 6101//2
f 6100//2 878//2 6101//2
f 6100//2 4643//2 878//2
f 6100//2 4657//2 4643//2
f 4657//2 68//2 4643//2
f 3238//2 2779//2 154//2
f 3238//2 3963//2 2779//2
f 3963//2 1348//2 2779//2
f 2778//2 3963//2 1347//2
f 2778//2 3237//2 3963//2
f 3237//2 1348//2 3963//2
f 3237//2 6098//2 1348//2
f 3237//2 6099//2 6098//2
f 6099//2 158//2 6098//2
f 6835//2 6817//2 15//2
f 6835//2 3236//2 6817//2
f 3236//2 518//2 6817//2
f 2780//2 3236//2 514//2
f 2780//2 6097//2 3236//2
f 6097//2 518//2 3236//2
f 6097//2 6086//2 518//2
f 6097//2 6098//2 6086//2
f 6098//2 158//2 6086//2
f 5412//2 4938//2 445//2
f 5412//2 5413//2 4938//2
f 5413//2 1165//2 4938//2
f 3505//2 5413//2 1349//2
f 3505//2 3962//2 5413//2
f 3962//2 1165//2 5413//2
f 3962//2 4657//2 1165//2
f 3962//2 4654//2 4657//2
f 4654//2 68//2 4657//2
f 4656//2 4213//2 444//2
f 4656//2 6096//2 4213//2
f 6096//2 1351//2 4213//2
f 4941//2 6096//2 1350//2
f 4941//2 5411//2 6096//2
f 5411//2 1351//2 6096//2
f 5411//2 5409//2 1351//2
f 5411//2 5412//2 5409//2
f 5412//2 445//2 5409//2
f 7281//2 7017//2 64//2
f 7281//2 4655//2 7017//2
f 4655//2 805//2 7017//2
f 4214//2 4655//2 804//2
f 4214//2 5408//2 4655//2
f 5408//2 805//2 4655//2
f 5408//2 5410//2 805//2
f 5408//2 5409//2 5410//2
f 5409//2 445//2 5410//2
f 7543//2 7528//2 248//2
f 7543//2 7544//2 7528//2
f 7544//2 968//2 7528//2
f 4944//2 7544//2 1352//2
f 4944//2 5407//2 7544//2
f 5407//2 968//2 7544//2
f 5407//2 6088//2 968//2
f 5407//2 6094//2 6088//2
f 6094//2 14//2 6088//2
f 3961//2 3507//2 443//2
f 3961//2 2522//2 3507//2
f 2522//2 1354//2 3507//2
f 7076//2 2522//2 1353//2
f 7076//2 7542//2 2522//2
f 7542//2 1354//2 2522//2
f 7542//2 7540//2 1354//2
f 7542//2 7543//2 7540//2
f 7543//2 248//2 7540//2
f 4654//2 4651//2 68//2
f 4654//2 7541//2 4651//2
f 7541//2 608//2 4651//2
f 3508//2 7541//2 803//2
f 3508//2 7539//2 7541//2
f 7539//2 608//2 7541//2
f 7539//2 7532//2 608//2
f 7539//2 7540//2 7532//2
f 7540//2 248//2 7532//2
f 6832//6 6515//6 247//6
f 6832//6 6834//6 6515//6
f 6834//6 607//6 6515//6
f 2783//6 6834//6 1355//6
f 2783//6 6833//6 6834//6
f 6833//6 607//6 6834//6
f 6833//6 3699//6 607//6
f 6833//6 3959//6 3699//6
f 3959//6 67//6 3699//6
f 7538//6 7078//6 160//6
f 7538//6 4653//6 7078//6
f 4653//6 1357//6 7078//6
f 3509//6 4653//6 1356//6
f 3509//6 3960//6 4653//6
f 3960//6 1357//6 4653//6
f 3960//6 6830//6 1357//6
f 3960//6 6832//6 6830//6
f 6832//6 247//6 6830//6
f 5372//6 4822//6 13//6
f 5372//6 7537//6 4822//6
f 7537//6 967//6 4822//6
f 7079//6 7537//6 520//6
f 7079//6 6829//6 7537//6
f 6829//6 967//6 7537//6
f 6829//6 6831//6 967//6
f 6829//6 6830//6 6831//6
f 6830//6 247//6 6831//6
f 3234//6 2782//6 442//6
f 3234//6 3235//6 2782//6
f 3235//6 1162//6 2782//6
f 7082//6 3235//6 1358//6
f 7082//6 7536//6 3235//6
f 7536//6 1162//6 3235//6
f 7536//6 3959//6 1162//6
f 7536//6 3958//6 3959//6
f 3958//6 67//6 3959//6
f 2521//6 2062//6 441//6
f 2521//6 6828//6 2062//6
f 6828//6 1360//6 2062//6
f 5640//6 6828//6 1359//6
f 5640//6 6095//6 6828//6
f 6095//6 1360//6 6828//6
f 6095//6 3232//6 1360//6
f 6095//6 3234//6 3232//6
f 3234//6 442//6 3232//6
f 5848//6 5582//6 70//6
f 5848//6 2520//6 5582//6
f 2520//6 802//6 5582//6
f 2063//6 2520//6 801//6
f 2063//6 3231//6 2520//6
f 3231//6 802//6 2520//6
f 3231//6 3233//6 802//6
f 3231//6 3232//6 3233//6
f 3232//6 442//6 3233//6
f 5404//6 4943//6 157//6
f 5404//6 5406//6 4943//6
f 5406//6 517//6 4943//6
f 6357//6 5406//6 1361//6
f 6357//6 5405//6 5406//6
f 5405//6 517//6 5406//6
f 5405//6 6094//6 517//6
f 5405//6 6093//6 6094//6
f 6093//6 14//6 6094//6
f 7535//6 7084//6 440//6
f 7535//6 3230//6 7084//6
f 3230//6 1363//6 7084//6
f 2064//6 3230//6 1362//6
f 2064//6 2519//6 3230//6
f 2519//6 1363//6 3230//6
f 2519//6 5402//6 1363//6
f 2519//6 5404//6 5402//6
f 5404//6 157//6 5402//6
f 3958//6 3438//6 67//6
f 3958//6 7534//6 3438//6
f 7534//6 877//6 3438//6
f 7085//6 7534//6 800//6
f 7085//6 5401//6 7534//6
f 5401//6 877//6 7534//6
f 5401//6 5403//6 877//6
f 5401//6 5402//6 5403//6
f 5402//6 157//6 5403//6
f 2515//6 2518//6 161//6
f 2515//6 2517//6 2518//6
f 2517//6 881//6 2518//6
f 6361//6 2517//6 1364//6
f 6361//6 2516//6 2517//6
f 2516//6 881//6 2517//6
f 2516//6 6299//6 881//6
f 2516//6 6824//6 6299//6
f 6824//6 71//6 6299//6
f 6827//6 6363//6 159//6
f 6827//6 5400//6 6363//6
f 5400//6 1366//6 6363//6
f 4215//6 5400//6 1365//6
f 4215//6 4652//6 5400//6
f 4652//6 1366//6 5400//6
f 4652//6 2514//6 1366//6
f 4652//6 2515//6 2514//6
f 2515//6 161//6 2514//6
f 6093//6 6087//6 14//6
f 6093//6 6826//6 6087//6
f 6826//6 521//6 6087//6
f 6364//6 6826//6 519//6
f 6364//6 2513//6 6826//6
f 2513//6 521//6 6826//6
f 2513//6 2065//6 521//6
f 2513//6 2514//6 2065//6
f 2514//6 161//6 2065//6
f 6823//6 6360//6 439//6
f 6823//6 6825//6 6360//6
f 6825//6 1159//6 6360//6
f 4948//6 6825//6 1367//6
f 4948//6 5399//6 6825//6
f 5399//6 1159//6 6825//6
f 5399//6 6824//6 1159//6
f 5399//6 6818//6 6824//6
f 6818//6 71//6 6824//6
f 6092//6 5642//6 438//6
f 6092//6 7533//6 5642//6
f 7533//6 1369//6 5642//6
f 6365//6 7533//6 1368//6
f 6365//6 6822//6 7533//6
f 6822//6 1369//6 7533//6
f 6822//6 6820//6 1369//6
f 6822//6 6823//6 6820//6
f 6823//6 439//6 6820//6
f 5146//6 4876//6 69//6
f 5146//6 6091//6 4876//6
f 6091//6 799//6 4876//6
f 5643//6 6091//6 798//6
f 5643//6 6819//6 6091//6
f 6819//6 799//6 6091//6
f 6819//6 6821//6 799//6
f 6819//6 6820//6 6821//6
f 6820//6 439//6 6821//6
f 3954//6 3957//6 251//6
f 3954//6 3956//6 3957//6
f 3956//6 971//6 3957//6
f 5645//6 3956//6 1370//6
f 5645//6 6090//6 3956//6
f 6090//6 971//6 3956//6
f 6090//6 2665//6 971//6
f 6090//6 3229//6 2665//6
f 3229//6 10//6 2665//6
f 5398//6 4950//6 437//6
f 5398//6 3955//6 4950//6
f 3955//6 1372//6 4950//6
f 2785//6 3955//6 1371//6
f 2785//6 3228//6 3955//6
f 3228//6 1372//6 3955//6
f 3228//6 3952//6 1372//6
f 3228//6 3954//6 3952//6
f 3954//6 251//6 3952//6
f 6818//6 6562//6 71//6
f 6818//6 3953//6 6562//6
f 3953//6 611//6 6562//6
f 4951//6 3953//6 797//6
f 4951//6 3951//6 3953//6
f 3951//6 611//6 3953//6
f 3951//6 3665//6 611//6
f 3951//6 3952//6 3665//6
f 3952//6 251//6 3665//6
f 7529//4 7532//4 248//4
f 7529//4 7531//4 7532//4
f 7531//4 608//4 7532//4
f 4218//4 7531//4 1373//4
f 4218//4 7530//4 7531//4
f 7530//4 608//4 7531//4
f 7530//4 4651//4 608//4
f 7530//4 4649//4 4651//4
f 4649//4 68//4 4651//4
f 2512//4 2066//4 161//4
f 2512//4 6089//4 2066//4
f 6089//4 1375//4 2066//4
f 4952//4 6089//4 1374//4
f 4952//4 5397//4 6089//4
f 5397//4 1375//4 6089//4
f 5397//4 7527//4 1375//4
f 5397//4 7529//4 7527//4
f 7529//4 248//4 7527//4
f 6087//4 6088//4 14//4
f 6087//4 2511//4 6088//4
f 2511//4 968//4 6088//4
f 2067//4 2511//4 521//4
f 2067//4 7526//4 2511//4
f 7526//4 968//4 2511//4
f 7526//4 7528//4 968//4
f 7526//4 7527//4 7528//4
f 7527//4 248//4 7528//4
f 4648//4 4217//4 436//4
f 4648//4 4650//4 4217//4
f 4650//4 1156//4 4217//4
f 2788//4 4650//4 1376//4
f 2788//4 3227//4 4650//4
f 3227//4 1156//4 4650//4
f 3227//4 4649//4 1156//4
f 3227//4 4642//4 4649//4
f 4642//4 68//4 4649//4
f 3950//4 3511//4 435//4
f 3950//4 2510//4 3511//4
f 2510//4 1378//4 3511//4
f 7086//4 2510//4 1377//4
f 7086//4 7525//4 2510//4
f 7525//4 1378//4 2510//4
f 7525//4 4646//4 1378//4
f 7525//4 4648//4 4646//4
f 4648//4 436//4 4646//4
f 6563//4 6300//4 71//4
f 6563//4 3949//4 6300//4
f 3949//4 796//4 6300//4
f 3512//4 3949//4 795//4
f 3512//4 4645//4 3949//4
f 4645//4 796//4 3949//4
f 4645//4 4647//4 796//4
f 4645//4 4646//4 4647//4
f 4646//4 436//4 4647//4
f 6083//4 6086//4 158//4
f 6083//4 6085//4 6086//4
f 6085//4 518//4 6086//4
f 2792//4 6085//4 1379//4
f 2792//4 6084//4 6085//4
f 6084//4 518//4 6085//4
f 6084//4 6817//4 518//4
f 6084//4 6815//4 6817//4
f 6815//4 15//4 6817//4
f 3226//4 2794//4 434//4
f 3226//4 4644//4 2794//4
f 4644//4 1381//4 2794//4
f 3513//4 4644//4 1380//4
f 3513//4 3948//4 4644//4
f 3948//4 1381//4 4644//4
f 3948//4 6081//4 1381//4
f 3948//4 6083//4 6081//4
f 6083//4 158//4 6081//4
f 4642//4 4643//4 68//4
f 4642//4 3225//4 4643//4
f 3225//4 878//4 4643//4
f 2795//4 3225//4 794//4
f 2795//4 6080//4 3225//4
f 6080//4 878//4 3225//4
f 6080//4 6082//4 878//4
f 6080//4 6081//4 6082//4
f 6081//4 158//4 6082//4
f 3944//4 3947//4 163//4
f 3944//4 3946//4 3947//4
f 3946//4 883//4 3947//4
f 2070//4 3946//4 1382//4
f 2070//4 3945//4 3946//4
f 3945//4 883//4 3946//4
f 3945//4 2003//4 883//4
f 3945//4 2508//4 2003//4
f 2508//4 73//4 2003//4
f 3224//4 2796//4 162//4
f 3224//4 6816//4 2796//4
f 6816//4 1384//4 2796//4
f 5647//4 6816//4 1383//4
f 5647//4 6079//4 6816//4
f 6079//4 1384//4 6816//4
f 6079//4 3943//4 1384//4
f 6079//4 3944//4 3943//4
f 3944//4 163//4 3943//4
f 6815//4 6809//4 15//4
f 6815//4 3223//4 6809//4
f 3223//4 523//4 6809//4
f 2797//4 3223//4 522//4
f 2797//4 3942//4 3223//4
f 3942//4 523//4 3223//4
f 3942//4 3514//4 523//4
f 3942//4 3943//4 3514//4
f 3943//4 163//4 3514//4
f 2507//4 2069//4 433//4
f 2507//4 2509//4 2069//4
f 2509//4 1153//4 2069//4
f 6368//4 2509//4 1385//4
f 6368//4 6814//4 2509//4
f 6814//4 1153//4 2509//4
f 6814//4 2508//4 1153//4
f 6814//4 2502//4 2508//4
f 2502//4 73//4 2508//4
f 7524//4 7088//4 432//4
f 7524//4 3222//4 7088//4
f 3222//4 1387//4 7088//4
f 2072//4 3222//4 1386//4
f 2072//4 2506//4 3222//4
f 2506//4 1387//4 3222//4
f 2506//4 2504//4 1387//4
f 2506//4 2507//4 2504//4
f 2507//4 433//4 2504//4
f 7287//4 7012//4 72//4
f 7287//4 7523//4 7012//4
f 7523//4 793//4 7012//4
f 7089//4 7523//4 792//4
f 7089//4 2503//4 7523//4
f 2503//4 793//4 7523//4
f 2503//4 2505//4 793//4
f 2503//4 2504//4 2505//4
f 2504//4 433//4 2505//4
f 5393//4 5396//4 253//4
f 5393//4 5395//4 5396//4
f 5395//4 973//4 5396//4
f 6372//4 5395//4 1388//4
f 6372//4 6813//4 5395//4
f 6813//4 973//4 5395//4
f 6813//4 3385//4 973//4
f 6813//4 3941//4 3385//4
f 3941//4 11//4 3385//4
f 6812//4 6374//4 431//4
f 6812//4 5394//4 6374//4
f 5394//4 1390//4 6374//4
f 4220//4 5394//4 1389//4
f 4220//4 4641//4 5394//4
f 4641//4 1390//4 5394//4
f 4641//4 5391//4 1390//4
f 4641//4 5393//4 5391//4
f 5393//4 253//4 5391//4
f 2502//4 2274//4 73//4
f 2502//4 5392//4 2274//4
f 5392//4 613//4 2274//4
f 6375//4 5392//4 791//4
f 6375//4 5390//4 5392//4
f 5390//4 613//4 5392//4
f 5390//4 5094//4 613//4
f 5390//4 5391//4 5094//4
f 5391//4 253//4 5094//4
f 6075//5 6078//5 246//5
f 6075//5 6077//5 6078//5
f 6077//5 606//5 6078//5
f 5650//5 6077//5 1391//5
f 5650//5 6076//5 6077//5
f 6076//5 606//5 6077//5
f 6076//5 3221//5 606//5
f 6076//5 3220//5 3221//5
f 3220//5 66//5 3221//5
f 3940//5 3515//5 163//5
f 3940//5 7522//5 3515//5
f 7522//5 1393//5 3515//5
f 6376//5 7522//5 1392//5
f 6376//5 6811//5 7522//5
f 6811//5 1393//5 7522//5
f 6811//5 6073//5 1393//5
f 6811//5 6075//5 6073//5
f 6075//5 246//5 6073//5
f 6809//5 6810//5 15//5
f 6809//5 3939//5 6810//5
f 3939//5 966//5 6810//5
f 3516//5 3939//5 523//5
f 3516//5 6072//5 3939//5
f 6072//5 966//5 3939//5
f 6072//5 6074//5 966//5
f 6072//5 6073//5 6074//5
f 6073//5 246//5 6074//5
f 6070//5 5649//5 430//5
f 6070//5 6071//5 5649//5
f 6071//5 1150//5 5649//5
f 4223//5 6071//5 1394//5
f 4223//5 4640//5 6071//5
f 4640//5 1150//5 6071//5
f 4640//5 3220//5 1150//5
f 4640//5 3217//5 3220//5
f 3217//5 66//5 3220//5
f 5389//5 4954//5 429//5
f 5389//5 3938//5 4954//5
f 3938//5 1396//5 4954//5
f 2798//5 3938//5 1395//5
f 2798//5 3219//5 3938//5
f 3219//5 1396//5 3938//5
f 3219//5 6068//5 1396//5
f 3219//5 6070//5 6068//5
f 6070//5 430//5 6068//5
f 2275//5 2004//5 73//5
f 2275//5 5388//5 2004//5
f 5388//5 790//5 2004//5
f 4955//5 5388//5 789//5
f 4955//5 6067//5 5388//5
f 6067//5 790//5 5388//5
f 6067//5 6069//5 790//5
f 6067//5 6068//5 6069//5
f 6068//5 430//5 6069//5
f 4635//5 4639//5 156//5
f 4635//5 4638//5 4639//5
f 4638//5 516//5 4639//5
f 4227//5 4638//5 1397//5
f 4227//5 4637//5 4638//5
f 4637//5 516//5 4638//5
f 4637//5 7521//5 516//5
f 4637//5 7519//5 7521//5
f 7519//5 16//5 7521//5
f 4636//5 4229//5 428//5
f 4636//5 6066//5 4229//5
f 6066//5 1399//5 4229//5
f 4956//5 6066//5 1398//5
f 4956//5 5387//5 6066//5
f 5387//5 1399//5 6066//5
f 5387//5 4632//5 1399//5
f 5387//5 4635//5 4632//5
f 4635//5 156//5 4632//5
f 3217//5 3218//5 66//5
f 3217//5 4634//5 3218//5
f 4634//5 876//5 3218//5
f 4230//5 4634//5 788//5
f 4230//5 4631//5 4634//5
f 4631//5 876//5 4634//5
f 4631//5 4633//5 876//5
f 4631//5 4632//5 4633//5
f 4632//5 156//5 4633//5
f 5383//5 5386//5 165//5
f 5383//5 5385//5 5386//5
f 5385//5 885//5 5386//5
f 3519//5 5385//5 1400//5
f 3519//5 5384//5 5385//5
f 5384//5 885//5 5385//5
f 5384//5 3434//5 885//5
f 5384//5 3936//5 3434//5
f 3936//5 75//5 3434//5
f 4630//5 4231//5 164//5
f 4630//5 2501//5 4231//5
f 2501//5 1402//5 4231//5
f 7090//5 2501//5 1401//5
f 7090//5 7520//5 2501//5
f 7520//5 1402//5 2501//5
f 7520//5 5382//5 1402//5
f 7520//5 5383//5 5382//5
f 5383//5 165//5 5382//5
f 7519//5 7517//5 16//5
f 7519//5 4629//5 7517//5
f 4629//5 525//5 7517//5
f 4232//5 4629//5 524//5
f 4232//5 5381//5 4629//5
f 5381//5 525//5 4629//5
f 5381//5 4957//5 525//5
f 5381//5 5382//5 4957//5
f 5382//5 165//5 4957//5
f 3935//5 3518//5 427//5
f 3935//5 3937//5 3518//5
f 3937//5 1147//5 3518//5
f 2075//5 3937//5 1403//5
f 2075//5 2500//5 3937//5
f 2500//5 1147//5 3937//5
f 2500//5 3936//5 1147//5
f 2500//5 3930//5 3936//5
f 3930//5 75//5 3936//5
f 3216//5 2800//5 426//5
f 3216//5 4628//5 2800//5
f 4628//5 1405//5 2800//5
f 3521//5 4628//5 1404//5
f 3521//5 3934//5 4628//5
f 3934//5 1405//5 4628//5
f 3934//5 3932//5 1405//5
f 3934//5 3935//5 3932//5
f 3935//5 427//5 3932//5
f 2999//5 2721//5 74//5
f 2999//5 3215//5 2721//5
f 3215//5 787//5 2721//5
f 2801//5 3215//5 786//5
f 2801//5 3931//5 3215//5
f 3931//5 787//5 3215//5
f 3931//5 3933//5 787//5
f 3931//5 3932//5 3933//5
f 3932//5 427//5 3933//5
f 6805//5 6808//5 255//5
f 6805//5 6807//5 6808//5
f 6807//5 975//5 6808//5
f 2079//5 6807//5 1406//5
f 2079//5 2499//5 6807//5
f 2499//5 975//5 6807//5
f 2499//5 4101//5 975//5
f 2499//5 4627//5 4101//5
f 4627//5 12//5 4101//5
f 2498//5 2081//5 425//5
f 2498//5 6806//5 2081//5
f 6806//5 1408//5 2081//5
f 5652//5 6806//5 1407//5
f 5652//5 6065//5 6806//5
f 6065//5 1408//5 6806//5
f 6065//5 6803//5 1408//5
f 6065//5 6805//5 6803//5
f 6805//5 255//5 6803//5
f 3930//5 3709//5 75//5
f 3930//5 6804//5 3709//5
f 6804//5 615//5 3709//5
f 2082//5 6804//5 785//5
f 2082//5 6802//5 6804//5
f 6802//5 615//5 6804//5
f 6802//5 6510//5 615//5
f 6802//5 6803//5 6510//5
f 6803//5 255//5 6510//5
f 3926//3 3929//3 155//3
f 3926//3 3928//3 3929//3
f 3928//3 875//3 3929//3
f 7093//3 3928//3 1409//3
f 7093//3 3927//3 3928//3
f 3927//3 875//3 3928//3
f 3927//3 2006//3 875//3
f 3927//3 2496//3 2006//3
f 2496//3 65//3 2006//3
f 5380//3 4958//3 165//3
f 5380//3 3214//3 4958//3
f 3214//3 1411//3 4958//3
f 2083//3 3214//3 1410//3
f 2083//3 2497//3 3214//3
f 2497//3 1411//3 3214//3
f 2497//3 3924//3 1411//3
f 2497//3 3926//3 3924//3
f 3926//3 155//3 3924//3
f 7517//3 7518//3 16//3
f 7517//3 3925//3 7518//3
f 3925//3 515//3 7518//3
f 4959//3 3925//3 525//3
f 4959//3 3923//3 3925//3
f 3923//3 515//3 3925//3
f 3923//3 3500//3 515//3
f 3923//3 3924//3 3500//3
f 3924//3 155//3 3500//3
f 7515//3 7092//3 424//3
f 7515//3 7516//3 7092//3
f 7516//3 1144//3 7092//3
f 5655//3 7516//3 1412//3
f 5655//3 6064//3 7516//3
f 6064//3 1144//3 7516//3
f 6064//3 2496//3 1144//3
f 6064//3 2495//3 2496//3
f 2495//3 65//3 2496//3
f 6801//3 6378//3 423//3
f 6801//3 5379//3 6378//3
f 5379//3 1414//3 6378//3
f 4233//3 5379//3 1413//3
f 4233//3 4626//3 5379//3
f 4626//3 1414//3 5379//3
f 4626//3 7513//3 1414//3
f 4626//3 7515//3 7513//3
f 7515//3 424//3 7513//3
f 3710//3 3435//3 75//3
f 3710//3 6800//3 3435//3
f 6800//3 784//3 3435//3
f 6379//3 6800//3 783//3
f 6379//3 7512//3 6800//3
f 7512//3 784//3 6800//3
f 7512//3 7514//3 784//3
f 7512//3 7513//3 7514//3
f 7513//3 424//3 7514//3
f 5376//3 5378//3 245//3
f 5376//3 5377//3 5378//3
f 5377//3 965//3 5378//3
f 5659//3 5377//3 1415//3
f 5659//3 6063//3 5377//3
f 6063//3 965//3 5377//3
f 6063//3 4820//3 965//3
f 6063//3 5371//3 4820//3
f 5371//3 13//3 4820//3
f 6062//3 5661//3 422//3
f 6062//3 7511//3 5661//3
f 7511//3 1417//3 5661//3
f 6380//3 7511//3 1416//3
f 6380//3 6799//3 7511//3
f 6799//3 1417//3 7511//3
f 6799//3 5374//3 1417//3
f 6799//3 5376//3 5374//3
f 5376//3 245//3 5374//3
f 2495//3 2262//3 65//3
f 2495//3 5375//3 2262//3
f 5375//3 605//3 2262//3
f 5662//3 5375//3 782//3
f 5662//3 5373//3 5375//3
f 5373//3 605//3 5375//3
f 5373//3 5098//3 605//3
f 5373//3 5374//3 5098//3
f 5374//3 245//3 5098//3
f 7507//3 7510//3 160//3
f 7507//3 7509//3 7510//3
f 7509//3 880//3 7510//3
f 4962//3 7509//3 1418//3
f 4962//3 7508//3 7509//3
f 7508//3 880//3 7509//3
f 7508//3 5581//3 880//3
f 7508//3 6060//3 5581//3
f 6060//3 70//3 5581//3
f 6061//3 5663//3 166//3
f 6061//3 3922//3 5663//3
f 3922//3 1420//3 5663//3
f 2802//3 3922//3 1419//3
f 2802//3 3213//3 3922//3
f 3213//3 1420//3 3922//3
f 3213//3 7505//3 1420//3
f 3213//3 7507//3 7505//3
f 7507//3 160//3 7505//3
f 5371//3 5372//3 13//3
f 5371//3 7506//3 5372//3
f 7506//3 520//3 5372//3
f 5664//3 7506//3 526//3
f 5664//3 7504//3 7506//3
f 7504//3 520//3 7506//3
f 7504//3 7077//3 520//3
f 7504//3 7505//3 7077//3
f 7505//3 160//3 7077//3
f 5369//3 4961//3 421//3
f 5369//3 5370//3 4961//3
f 5370//3 1141//3 4961//3
f 3524//3 5370//3 1421//3
f 3524//3 3921//3 5370//3
f 3921//3 1141//3 5370//3
f 3921//3 6060//3 1141//3
f 3921//3 6058//3 6060//3
f 6058//3 70//3 6060//3
f 4625//3 4235//3 420//3
f 4625//3 6059//3 4235//3
f 6059//3 1423//3 4235//3
f 4964//3 6059//3 1422//3
f 4964//3 5368//3 6059//3
f 5368//3 1423//3 6059//3
f 5368//3 5366//3 1423//3
f 5368//3 5369//3 5366//3
f 5369//3 421//3 5366//3
f 4423//3 4151//3 76//3
f 4423//3 4624//3 4151//3
f 4624//3 781//3 4151//3
f 4236//3 4624//3 780//3
f 4236//3 5365//3 4624//3
f 5365//3 781//3 4624//3
f 5365//3 5367//3 781//3
f 5365//3 5366//3 5367//3
f 5366//3 421//3 5367//3
f 3209//3 3212//3 250//3
f 3209//3 3211//3 3212//3
f 3211//3 970//3 3212//3
f 2805//3 3211//3 1424//3
f 2805//3 3210//3 3211//3
f 3210//3 970//3 3211//3
f 3210//3 1942//3 970//3
f 3210//3 1941//3 1942//3
f 1941//3 9//3 1942//3
f 3920//3 3526//3 419//3
f 3920//3 2494//3 3526//3
f 2494//3 1426//3 3526//3
f 7095//3 2494//3 1425//3
f 7095//3 7503//3 2494//3
f 7503//3 1426//3 2494//3
f 7503//3 3207//3 1426//3
f 7503//3 3209//3 3207//3
f 3209//3 250//3 3207//3
f 6058//3 5847//3 70//3
f 6058//3 3208//3 5847//3
f 3208//3 610//3 5847//3
f 3527//3 3208//3 779//3
f 3527//3 3206//3 3208//3
f 3206//3 610//3 3208//3
f 3206//3 2947//3 610//3
f 3206//3 3207//3 2947//3
f 3207//3 250//3 2947//3
f 3917//1 3650//1 259//1
f 3917//1 3919//1 3650//1
f 3919//1 619//1 3650//1
f 2809//1 3919//1 1427//1
f 2809//1 3918//1 3919//1
f 3918//1 619//1 3919//1
f 3918//1 6585//1 619//1
f 3918//1 6798//1 6585//1
f 6798//1 79//1 6585//1
f 7502//1 7097//1 168//1
f 7502//1 4623//1 7097//1
f 4623//1 1429//1 7097//1
f 3528//1 4623//1 1428//1
f 3528//1 3916//1 4623//1
f 3916//1 1429//1 4623//1
f 3916//1 3914//1 1429//1
f 3916//1 3917//1 3914//1
f 3917//1 259//1 3914//1
f 3184//1 2671//1 18//1
f 3184//1 7501//1 2671//1
f 7501//1 979//1 2671//1
f 7098//1 7501//1 528//1
f 7098//1 3913//1 7501//1
f 3913//1 979//1 7501//1
f 3913//1 3915//1 979//1
f 3913//1 3914//1 3915//1
f 3914//1 259//1 3915//1
f 3204//1 2808//1 418//1
f 3204//1 3205//1 2808//1
f 3205//1 1138//1 2808//1
f 7101//1 3205//1 1430//1
f 7101//1 7500//1 3205//1
f 7500//1 1138//1 3205//1
f 7500//1 6798//1 1138//1
f 7500//1 6795//1 6798//1
f 6795//1 79//1 6798//1
f 2493//1 2085//1 417//1
f 2493//1 6797//1 2085//1
f 6797//1 1432//1 2085//1
f 5665//1 6797//1 1431//1
f 5665//1 6057//1 6797//1
f 6057//1 1432//1 6797//1
f 6057//1 3202//1 1432//1
f 6057//1 3204//1 3202//1
f 3204//1 418//1 3202//1
f 5860//1 5573//1 78//1
f 5860//1 2492//1 5573//1
f 2492//1 778//1 5573//1
f 2086//1 2492//1 777//1
f 2086//1 3201//1 2492//1
f 3201//1 778//1 2492//1
f 3201//1 3203//1 778//1
f 3201//1 3202//1 3203//1
f 3202//1 418//1 3203//1
f 2490//1 2107//1 169//1
f 2490//1 2491//1 2107//1
f 2491//1 529//1 2107//1
f 6383//1 2491//1 1433//1
f 6383//1 6796//1 2491//1
f 6796//1 529//1 2491//1
f 6796//1 3884//1 529//1
f 6796//1 3912//1 3884//1
f 3912//1 19//1 3884//1
f 7499//1 7103//1 416//1
f 7499//1 3200//1 7103//1
f 3200//1 1435//1 7103//1
f 2087//1 3200//1 1434//1
f 2087//1 2489//1 3200//1
f 2489//1 1435//1 3200//1
f 2489//1 2487//1 1435//1
f 2489//1 2490//1 2487//1
f 2490//1 169//1 2487//1
f 6795//1 6284//1 79//1
f 6795//1 7498//1 6284//1
f 7498//1 889//1 6284//1
f 7104//1 7498//1 776//1
f 7104//1 2486//1 7498//1
f 2486//1 889//1 7498//1
f 2486//1 2488//1 889//1
f 2486//1 2487//1 2488//1
f 2487//1 169//1 2488//1
f 5361//1 5086//1 261//1
f 5361//1 5364//1 5086//1
f 5364//1 621//1 5086//1
f 6387//1 5364//1 1436//1
f 6387//1 5363//1 5364//1
f 5363//1 621//1 5364//1
f 5363//1 2296//1 621//1
f 5363//1 2485//1 2296//1
f 2485//1 81//1 2296//1
f 6794//1 6389//1 167//1
f 6794//1 5362//1 6389//1
f 5362//1 1438//1 6389//1
f 4237//1 5362//1 1437//1
f 4237//1 4622//1 5362//1
f 4622//1 1438//1 5362//1
f 4622//1 5359//1 1438//1
f 4622//1 5361//1 5359//1
f 5361//1 261//1 5359//1
f 3912//1 3393//1 19//1
f 3912//1 6793//1 3393//1
f 6793//1 981//1 3393//1
f 6390//1 6793//1 527//1
f 6390//1 5358//1 6793//1
f 5358//1 981//1 6793//1
f 5358//1 5360//1 981//1
f 5358//1 5359//1 5360//1
f 5359//1 261//1 5360//1
f 6791//1 6386//1 415//1
f 6791//1 6792//1 6386//1
f 6792//1 1135//1 6386//1
f 4967//1 6792//1 1439//1
f 4967//1 5357//1 6792//1
f 5357//1 1135//1 6792//1
f 5357//1 2485//1 1135//1
f 5357//1 2484//1 2485//1
f 2484//1 81//1 2485//1
f 6056//1 5667//1 414//1
f 6056//1 7497//1 5667//1
f 7497//1 1441//1 5667//1
f 6391//1 7497//1 1440//1
f 6391//1 6790//1 7497//1
f 6790//1 1441//1 7497//1
f 6790//1 6788//1 1441//1
f 6790//1 6791//1 6788//1
f 6791//1 415//1 6788//1
f 5158//1 4867//1 77//1
f 5158//1 6055//1 4867//1
f 6055//1 775//1 4867//1
f 5668//1 6055//1 774//1
f 5668//1 6787//1 6055//1
f 6787//1 775//1 6055//1
f 6787//1 6789//1 775//1
f 6787//1 6788//1 6789//1
f 6788//1 415//1 6789//1
f 3909//1 3549//1 171//1
f 3909//1 3911//1 3549//1
f 3911//1 531//1 3549//1
f 2813//1 3911//1 1442//1
f 2813//1 3199//1 3911//1
f 3199//1 531//1 3911//1
f 3199//1 4594//1 531//1
f 3199//1 4106//1 4594//1
f 4106//1 20//1 4594//1
f 5356//1 4969//1 413//1
f 5356//1 3910//1 4969//1
f 3910//1 1444//1 4969//1
f 2815//1 3910//1 1443//1
f 2815//1 3198//1 3910//1
f 3198//1 1444//1 3910//1
f 3198//1 3907//1 1444//1
f 3198//1 3909//1 3907//1
f 3909//1 171//1 3907//1
f 2484//1 1993//1 81//1
f 2484//1 5355//1 1993//1
f 5355//1 891//1 1993//1
f 4970//1 5355//1 773//1
f 4970//1 3906//1 5355//1
f 3906//1 891//1 5355//1
f 3906//1 3908//1 891//1
f 3906//1 3907//1 3908//1
f 3907//1 171//1 3908//1
f 6051//2 6021//2 174//2
f 6051//2 6054//2 6021//2
f 6054//2 894//2 6021//2
f 4240//2 6054//2 1445//2
f 4240//2 6053//2 6054//2
f 6053//2 894//2 6054//2
f 6053//2 4597//2 894//2
f 6053//2 4620//2 4597//2
f 4620//2 84//2 4597//2
f 5354//2 4973//2 173//2
f 5354//2 6052//2 4973//2
f 6052//2 1447//2 4973//2
f 4971//2 6052//2 1446//2
f 4971//2 5353//2 6052//2
f 5353//2 1447//2 6052//2
f 5353//2 6050//2 1447//2
f 5353//2 6051//2 6050//2
f 6051//2 174//2 6050//2
f 7453//2 7458//2 24//2
f 7453//2 5352//2 7458//2
f 5352//2 534//2 7458//2
f 4974//2 5352//2 533//2
f 4974//2 6049//2 5352//2
f 6049//2 534//2 5352//2
f 6049//2 6025//2 534//2
f 6049//2 6050//2 6025//2
f 6050//2 174//2 6025//2
f 4619//2 4239//2 412//2
f 4619//2 4621//2 4239//2
f 4621//2 1132//2 4239//2
f 2818//2 4621//2 1448//2
f 2818//2 3197//2 4621//2
f 3197//2 1132//2 4621//2
f 3197//2 4620//2 1132//2
f 3197//2 4613//2 4620//2
f 4613//2 84//2 4620//2
f 3905//2 3530//2 411//2
f 3905//2 2483//2 3530//2
f 2483//2 1450//2 3530//2
f 7105//2 2483//2 1449//2
f 7105//2 7496//2 2483//2
f 7496//2 1450//2 2483//2
f 7496//2 4617//2 1450//2
f 7496//2 4619//2 4617//2
f 4619//2 412//2 4617//2
f 3715//2 3432//2 83//2
f 3715//2 3904//2 3432//2
f 3904//2 772//2 3432//2
f 3531//2 3904//2 771//2
f 3531//2 4616//2 3904//2
f 4616//2 772//2 3904//2
f 4616//2 4618//2 772//2
f 4616//2 4617//2 4618//2
f 4617//2 412//2 4618//2
f 7494//2 7462//2 264//2
f 7494//2 7495//2 7462//2
f 7495//2 984//2 7462//2
f 4244//2 7495//2 1451//2
f 4244//2 4615//2 7495//2
f 4615//2 984//2 7495//2
f 4615//2 6762//2 984//2
f 4615//2 6785//2 6762//2
f 6785//2 23//2 6762//2
f 3196//2 2820//2 410//2
f 3196//2 4614//2 2820//2
f 4614//2 1453//2 2820//2
f 3532//2 4614//2 1452//2
f 3532//2 3903//2 4614//2
f 3903//2 1453//2 4614//2
f 3903//2 7492//2 1453//2
f 3903//2 7494//2 7492//2
f 7494//2 264//2 7492//2
f 4613//2 4600//2 84//2
f 4613//2 7493//2 4600//2
f 7493//2 624//2 4600//2
f 2821//2 7493//2 770//2
f 2821//2 7491//2 7493//2
f 7491//2 624//2 7493//2
f 7491//2 7466//2 624//2
f 7491//2 7492//2 7466//2
f 7492//2 264//2 7466//2
f 7488//2 7470//2 176//2
f 7488//2 7490//2 7470//2
f 7490//2 896//2 7470//2
f 2090//2 7490//2 1454//2
f 2090//2 7489//2 7490//2
f 7489//2 896//2 7490//2
f 7489//2 6030//2 896//2
f 7489//2 6047//2 6030//2
f 6047//2 86//2 6030//2
f 4612//2 4246//2 172//2
f 4612//2 6786//2 4246//2
f 6786//2 1456//2 4246//2
f 5669//2 6786//2 1455//2
f 5669//2 6048//2 6786//2
f 6048//2 1456//2 6786//2
f 6048//2 7487//2 1456//2
f 6048//2 7488//2 7487//2
f 7488//2 176//2 7487//2
f 6785//2 6771//2 23//2
f 6785//2 4611//2 6771//2
f 4611//2 536//2 6771//2
f 4247//2 4611//2 532//2
f 4247//2 7486//2 4611//2
f 7486//2 536//2 4611//2
f 7486//2 7475//2 536//2
f 7486//2 7487//2 7475//2
f 7487//2 176//2 7475//2
f 2481//2 2089//2 409//2
f 2481//2 2482//2 2089//2
f 2482//2 1129//2 2089//2
f 6394//2 2482//2 1457//2
f 6394//2 6784//2 2482//2
f 6784//2 1129//2 2482//2
f 6784//2 6047//2 1129//2
f 6784//2 6046//2 6047//2
f 6046//2 86//2 6047//2
f 7485//2 7107//2 408//2
f 7485//2 3195//2 7107//2
f 3195//2 1459//2 7107//2
f 2092//2 3195//2 1458//2
f 2092//2 2480//2 3195//2
f 2480//2 1459//2 3195//2
f 2480//2 2478//2 1459//2
f 2480//2 2481//2 2478//2
f 2481//2 409//2 2478//2
f 3008//2 2713//2 82//2
f 3008//2 7484//2 2713//2
f 7484//2 769//2 2713//2
f 7108//2 7484//2 768//2
f 7108//2 2477//2 7484//2
f 2477//2 769//2 7484//2
f 2477//2 2479//2 769//2
f 2477//2 2478//2 2479//2
f 2478//2 409//2 2479//2
f 3193//2 3178//2 266//2
f 3193//2 3194//2 3178//2
f 3194//2 986//2 3178//2
f 6398//2 3194//2 1460//2
f 6398//2 6783//2 3194//2
f 6783//2 986//2 3194//2
f 6783//2 6035//2 986//2
f 6783//2 6040//2 6035//2
f 6040//2 22//2 6035//2
f 6782//2 6400//2 407//2
f 6782//2 5351//2 6400//2
f 5351//2 1462//2 6400//2
f 4248//2 5351//2 1461//2
f 4248//2 4610//2 5351//2
f 4610//2 1462//2 5351//2
f 4610//2 3191//2 1462//2
f 4610//2 3193//2 3191//2
f 3193//2 266//2 3191//2
f 6046//2 6036//2 86//2
f 6046//2 3192//2 6036//2
f 3192//2 626//2 6036//2
f 6401//2 3192//2 767//2
f 6401//2 3190//2 3192//2
f 3190//2 626//2 3192//2
f 3190//2 3183//2 626//2
f 3190//2 3191//2 3183//2
f 3191//2 266//2 3183//2
f 2474//6 2207//6 265//6
f 2474//6 2476//6 2207//6
f 2476//6 625//6 2207//6
f 5672//6 2476//6 1463//6
f 5672//6 2475//6 2476//6
f 2475//6 625//6 2476//6
f 2475//6 5160//6 625//6
f 2475//6 5350//6 5160//6
f 5350//6 85//6 5160//6
f 3189//6 2823//6 178//6
f 3189//6 7483//6 2823//6
f 7483//6 1465//6 2823//6
f 6402//6 7483//6 1464//6
f 6402//6 6781//6 7483//6
f 6781//6 1465//6 7483//6
f 6781//6 2472//6 1465//6
f 6781//6 2474//6 2472//6
f 2474//6 265//6 2472//6
f 5311//6 4826//6 21//6
f 5311//6 3188//6 4826//6
f 3188//6 985//6 4826//6
f 2824//6 3188//6 538//6
f 2824//6 2471//6 3188//6
f 2471//6 985//6 3188//6
f 2471//6 2473//6 985//6
f 2471//6 2472//6 2473//6
f 2472//6 265//6 2473//6
f 6044//6 5671//6 406//6
f 6044//6 6045//6 5671//6
f 6045//6 1126//6 5671//6
f 4251//6 6045//6 1466//6
f 4251//6 4609//6 6045//6
f 4609//6 1126//6 6045//6
f 4609//6 5350//6 1126//6
f 4609//6 5346//6 5350//6
f 5346//6 85//6 5350//6
f 5349//6 4976//6 405//6
f 5349//6 3902//6 4976//6
f 3902//6 1468//6 4976//6
f 2825//6 3902//6 1467//6
f 2825//6 3187//6 3902//6
f 3187//6 1468//6 3902//6
f 3187//6 6042//6 1468//6
f 3187//6 6044//6 6042//6
f 6044//6 406//6 6042//6
f 7304//6 7005//6 88//6
f 7304//6 5348//6 7005//6
f 5348//6 766//6 7005//6
f 4977//6 5348//6 765//6
f 4977//6 6041//6 5348//6
f 6041//6 766//6 5348//6
f 6041//6 6043//6 766//6
f 6041//6 6042//6 6043//6
f 6042//6 406//6 6043//6
f 6778//6 6397//6 175//6
f 6778//6 6780//6 6397//6
f 6780//6 535//6 6397//6
f 2095//6 6780//6 1469//6
f 2095//6 6779//6 6780//6
f 6779//6 535//6 6780//6
f 6779//6 6040//6 535//6
f 6779//6 6038//6 6040//6
f 6038//6 22//6 6040//6
f 4608//6 4253//6 404//6
f 4608//6 6039//6 4253//6
f 6039//6 1471//6 4253//6
f 4978//6 6039//6 1470//6
f 4978//6 5347//6 6039//6
f 5347//6 1471//6 6039//6
f 5347//6 6776//6 1471//6
f 5347//6 6778//6 6776//6
f 6778//6 175//6 6776//6
f 5346//6 4863//6 85//6
f 5346//6 4607//6 4863//6
f 4607//6 895//6 4863//6
f 4254//6 4607//6 764//6
f 4254//6 6775//6 4607//6
f 6775//6 895//6 4607//6
f 6775//6 6777//6 895//6
f 6775//6 6776//6 6777//6
f 6776//6 175//6 6777//6
f 3898//6 3901//6 179//6
f 3898//6 3900//6 3901//6
f 3900//6 899//6 3901//6
f 3535//6 3900//6 1472//6
f 3535//6 3899//6 3900//6
f 3899//6 899//6 3900//6
f 3899//6 1996//6 899//6
f 3899//6 2467//6 1996//6
f 2467//6 89//6 1996//6
f 2470//6 2097//6 177//6
f 2470//6 2469//6 2097//6
f 2469//6 1474//6 2097//6
f 7109//6 2469//6 1473//6
f 7109//6 7482//6 2469//6
f 7482//6 1474//6 2469//6
f 7482//6 3897//6 1474//6
f 7482//6 3898//6 3897//6
f 3898//6 179//6 3897//6
f 6038//6 6034//6 22//6
f 6038//6 2468//6 6034//6
f 2468//6 539//6 6034//6
f 2098//6 2468//6 537//6
f 2098//6 3896//6 2468//6
f 3896//6 539//6 2468//6
f 3896//6 3538//6 539//6
f 3896//6 3897//6 3538//6
f 3897//6 179//6 3538//6
f 3894//6 3534//6 403//6
f 3894//6 3895//6 3534//6
f 3895//6 1123//6 3534//6
f 2101//6 3895//6 1475//6
f 2101//6 2466//6 3895//6
f 2466//6 1123//6 3895//6
f 2466//6 2467//6 1123//6
f 2466//6 2464//6 2467//6
f 2464//6 89//6 2467//6
f 3186//6 2827//6 402//6
f 3186//6 4606//6 2827//6
f 4606//6 1477//6 2827//6
f 3537//6 4606//6 1476//6
f 3537//6 3893//6 4606//6
f 3893//6 1477//6 4606//6
f 3893//6 3891//6 1477//6
f 3893//6 3894//6 3891//6
f 3894//6 403//6 3891//6
f 6578//6 6287//6 87//6
f 6578//6 3185//6 6287//6
f 3185//6 763//6 6287//6
f 2828//6 3185//6 762//6
f 2828//6 3890//6 3185//6
f 3890//6 763//6 3185//6
f 3890//6 3892//6 763//6
f 3890//6 3891//6 3892//6
f 3891//6 403//6 3892//6
f 5343//6 5345//6 269//6
f 5343//6 5344//6 5345//6
f 5344//6 989//6 5345//6
f 7111//6 5344//6 1478//6
f 7111//6 7481//6 5344//6
f 7481//6 989//6 5344//6
f 7481//6 2669//6 989//6
f 7481//6 3184//6 2669//6
f 3184//6 18//6 2669//6
f 2465//6 2103//6 401//6
f 2465//6 6774//6 2103//6
f 6774//6 1480//6 2103//6
f 5674//6 6774//6 1479//6
f 5674//6 6037//6 6774//6
f 6037//6 1480//6 6774//6
f 6037//6 5341//6 1480//6
f 6037//6 5343//6 5341//6
f 5343//6 269//6 5341//6
f 2464//6 2288//6 89//6
f 2464//6 5342//6 2288//6
f 5342//6 629//6 2288//6
f 2104//6 5342//6 761//6
f 2104//6 5340//6 5342//6
f 5340//6 629//6 5342//6
f 5340//6 5090//6 629//6
f 5340//6 5341//6 5090//6
f 5341//6 269//6 5090//6
f 3179//4 3183//4 266//4
f 3179//4 3182//4 3183//4
f 3182//4 626//4 3183//4
f 7115//4 3182//4 1481//4
f 7115//4 3181//4 3182//4
f 3181//4 626//4 3182//4
f 3181//4 6036//4 626//4
f 3181//4 6033//4 6036//4
f 6033//4 86//4 6036//4
f 3889//4 3539//4 179//4
f 3889//4 3180//4 3539//4
f 3180//4 1483//4 3539//4
f 2105//4 3180//4 1482//4
f 2105//4 2463//4 3180//4
f 2463//4 1483//4 3180//4
f 2463//4 3177//4 1483//4
f 2463//4 3179//4 3177//4
f 3179//4 266//4 3177//4
f 6034//4 6035//4 22//4
f 6034//4 3888//4 6035//4
f 3888//4 986//4 6035//4
f 3540//4 3888//4 539//4
f 3540//4 3176//4 3888//4
f 3176//4 986//4 3888//4
f 3176//4 3178//4 986//4
f 3176//4 3177//4 3178//4
f 3177//4 266//4 3178//4
f 7479//4 7114//4 400//4
f 7479//4 7480//4 7114//4
f 7480//4 1120//4 7114//4
f 5677//4 7480//4 1484//4
f 5677//4 6032//4 7480//4
f 6032//4 1120//4 7480//4
f 6032//4 6033//4 1120//4
f 6032//4 6029//4 6033//4
f 6029//4 86//4 6033//4
f 6773//4 6404//4 399//4
f 6773//4 5339//4 6404//4
f 5339//4 1486//4 6404//4
f 4255//4 5339//4 1485//4
f 4255//4 4605//4 5339//4
f 4605//4 1486//4 5339//4
f 4605//4 7477//4 1486//4
f 4605//4 7479//4 7477//4
f 7479//4 400//4 7477//4
f 2289//4 1997//4 89//4
f 2289//4 6772//4 1997//4
f 6772//4 760//4 1997//4
f 6405//4 6772//4 759//4
f 6405//4 7476//4 6772//4
f 7476//4 760//4 6772//4
f 7476//4 7478//4 760//4
f 7476//4 7477//4 7478//4
f 7477//4 400//4 7478//4
f 7471//4 7475//4 176//4
f 7471//4 7474//4 7475//4
f 7474//4 536//4 7475//4
f 4258//4 7474//4 1487//4
f 4258//4 7473//4 7474//4
f 7473//4 536//4 7474//4
f 7473//4 6771//4 536//4
f 7473//4 6769//4 6771//4
f 6769//4 23//4 6771//4
f 6031//4 5679//4 398//4
f 6031//4 7472//4 5679//4
f 7472//4 1489//4 5679//4
f 6406//4 7472//4 1488//4
f 6406//4 6770//4 7472//4
f 6770//4 1489//4 7472//4
f 6770//4 7469//4 1489//4
f 6770//4 7471//4 7469//4
f 7471//4 176//4 7469//4
f 6029//4 6030//4 86//4
f 6029//4 6028//4 6030//4
f 6028//4 896//4 6030//4
f 5680//4 6028//4 758//4
f 5680//4 7468//4 6028//4
f 7468//4 896//4 6028//4
f 7468//4 7470//4 896//4
f 7468//4 7469//4 7470//4
f 7469//4 176//4 7470//4
f 5335//4 5338//4 181//4
f 5335//4 5337//4 5338//4
f 5337//4 901//4 5338//4
f 4981//4 5337//4 1490//4
f 4981//4 5336//4 5337//4
f 5336//4 901//4 5337//4
f 5336//4 3427//4 901//4
f 5336//4 3886//4 3427//4
f 3886//4 91//4 3427//4
f 4604//4 4260//4 180//4
f 4604//4 3887//4 4260//4
f 3887//4 1492//4 4260//4
f 2829//4 3887//4 1491//4
f 2829//4 3175//4 3887//4
f 3175//4 1492//4 3887//4
f 3175//4 5334//4 1492//4
f 3175//4 5335//4 5334//4
f 5335//4 181//4 5334//4
f 6769//4 6761//4 23//4
f 6769//4 4603//4 6761//4
f 4603//4 541//4 6761//4
f 4261//4 4603//4 540//4
f 4261//4 5333//4 4603//4
f 5333//4 541//4 4603//4
f 5333//4 4984//4 541//4
f 5333//4 5334//4 4984//4
f 5334//4 181//4 4984//4
f 5331//4 4980//4 397//4
f 5331//4 5332//4 4980//4
f 5332//4 1117//4 4980//4
f 3543//4 5332//4 1493//4
f 3543//4 3885//4 5332//4
f 3885//4 1117//4 5332//4
f 3885//4 3886//4 1117//4
f 3885//4 3882//4 3886//4
f 3882//4 91//4 3886//4
f 4602//4 4263//4 396//4
f 4602//4 6027//4 4263//4
f 6027//4 1495//4 4263//4
f 4983//4 6027//4 1494//4
f 4983//4 5330//4 6027//4
f 5330//4 1495//4 6027//4
f 5330//4 5328//4 1495//4
f 5330//4 5331//4 5328//4
f 5331//4 397//4 5328//4
f 3017//4 2709//4 90//4
f 3017//4 4601//4 2709//4
f 4601//4 757//4 2709//4
f 4264//4 4601//4 756//4
f 4264//4 5327//4 4601//4
f 5327//4 757//4 4601//4
f 5327//4 5329//4 757//4
f 5327//4 5328//4 5329//4
f 5328//4 397//4 5329//4
f 6766//4 6768//4 271//4
f 6766//4 6767//4 6768//4
f 6767//4 991//4 6768//4
f 2108//4 6767//4 1496//4
f 2108//4 2462//4 6767//4
f 2462//4 991//4 6767//4
f 2462//4 3391//4 991//4
f 2462//4 3884//4 3391//4
f 3884//4 19//4 3391//4
f 3883//4 3545//4 395//4
f 3883//4 2461//4 3545//4
f 2461//4 1498//4 3545//4
f 7117//4 2461//4 1497//4
f 7117//4 7467//4 2461//4
f 7467//4 1498//4 2461//4
f 7467//4 6764//4 1498//4
f 7467//4 6766//4 6764//4
f 6766//4 271//4 6764//4
f 3882//4 3725//4 91//4
f 3882//4 6765//4 3725//4
f 6765//4 631//4 3725//4
f 3546//4 6765//4 755//4
f 3546//4 6763//4 6765//4
f 6763//4 631//4 6765//4
f 6763//4 6503//4 631//4
f 6763//4 6764//4 6503//4
f 6764//4 271//4 6503//4
f 7463//5 7466//5 264//5
f 7463//5 7465//5 7466//5
f 7465//5 624//5 7466//5
f 2832//5 7465//5 1499//5
f 2832//5 7464//5 7465//5
f 7464//5 624//5 7465//5
f 7464//5 4600//5 624//5
f 7464//5 4598//5 4600//5
f 4598//5 84//5 4600//5
f 5326//5 4985//5 181//5
f 5326//5 4599//5 4985//5
f 4599//5 1501//5 4985//5
f 3547//5 4599//5 1500//5
f 3547//5 3881//5 4599//5
f 3881//5 1501//5 4599//5
f 3881//5 7461//5 1501//5
f 3881//5 7463//5 7461//5
f 7463//5 264//5 7461//5
f 6761//5 6762//5 23//5
f 6761//5 5325//5 6762//5
f 5325//5 984//5 6762//5
f 4986//5 5325//5 541//5
f 4986//5 7460//5 5325//5
f 7460//5 984//5 5325//5
f 7460//5 7462//5 984//5
f 7460//5 7461//5 7462//5
f 7461//5 264//5 7462//5
f 3173//5 2831//5 394//5
f 3173//5 3174//5 2831//5
f 3174//5 1114//5 2831//5
f 7120//5 3174//5 1502//5
f 7120//5 7459//5 3174//5
f 7459//5 1114//5 3174//5
f 7459//5 4598//5 1114//5
f 7459//5 4596//5 4598//5
f 4596//5 84//5 4598//5
f 2460//5 2111//5 393//5
f 2460//5 6760//5 2111//5
f 6760//5 1504//5 2111//5
f 5681//5 6760//5 1503//5
f 5681//5 6026//5 6760//5
f 6026//5 1504//5 6760//5
f 6026//5 3171//5 1504//5
f 6026//5 3173//5 3171//5
f 3173//5 394//5 3171//5
f 3726//5 3428//5 91//5
f 3726//5 2459//5 3428//5
f 2459//5 754//5 3428//5
f 2112//5 2459//5 753//5
f 2112//5 3170//5 2459//5
f 3170//5 754//5 2459//5
f 3170//5 3172//5 754//5
f 3170//5 3171//5 3172//5
f 3171//5 394//5 3172//5
f 6022//5 6025//5 174//5
f 6022//5 6024//5 6025//5
f 6024//5 534//5 6025//5
f 5684//5 6024//5 1505//5
f 5684//5 6023//5 6024//5
f 6023//5 534//5 6024//5
f 6023//5 7458//5 534//5
f 6023//5 7455//5 7458//5
f 7455//5 24//5 7458//5
f 7457//5 7122//5 392//5
f 7457//5 3169//5 7122//5
f 3169//5 1507//5 7122//5
f 2113//5 3169//5 1506//5
f 2113//5 2458//5 3169//5
f 2458//5 1507//5 3169//5
f 2458//5 6020//5 1507//5
f 2458//5 6022//5 6020//5
f 6022//5 174//5 6020//5
f 4596//5 4597//5 84//5
f 4596//5 7456//5 4597//5
f 7456//5 894//5 4597//5
f 7123//5 7456//5 752//5
f 7123//5 6019//5 7456//5
f 6019//5 894//5 7456//5
f 6019//5 6021//5 894//5
f 6019//5 6020//5 6021//5
f 6020//5 174//5 6021//5
f 6756//5 6759//5 183//5
f 6756//5 6758//5 6759//5
f 6758//5 903//5 6759//5
f 6409//5 6758//5 1508//5
f 6409//5 6757//5 6758//5
f 6757//5 903//5 6758//5
f 6757//5 4858//5 903//5
f 6757//5 5323//5 4858//5
f 5323//5 93//5 4858//5
f 6018//5 5686//5 182//5
f 6018//5 5324//5 5686//5
f 5324//5 1510//5 5686//5
f 4265//5 5324//5 1509//5
f 4265//5 4595//5 5324//5
f 4595//5 1510//5 5324//5
f 4595//5 6755//5 1510//5
f 4595//5 6756//5 6755//5
f 6756//5 183//5 6755//5
f 7455//5 7452//5 24//5
f 7455//5 6017//5 7452//5
f 6017//5 543//5 7452//5
f 5687//5 6017//5 542//5
f 5687//5 6754//5 6017//5
f 6754//5 543//5 6017//5
f 6754//5 6412//5 543//5
f 6754//5 6755//5 6412//5
f 6755//5 183//5 6412//5
f 6752//5 6408//5 391//5
f 6752//5 6753//5 6408//5
f 6753//5 1111//5 6408//5
f 4989//5 6753//5 1511//5
f 4989//5 5322//5 6753//5
f 5322//5 1111//5 6753//5
f 5322//5 5323//5 1111//5
f 5322//5 5320//5 5323//5
f 5320//5 93//5 5323//5
f 6016//5 5689//5 390//5
f 6016//5 7454//5 5689//5
f 7454//5 1513//5 5689//5
f 6411//5 7454//5 1512//5
f 6411//5 6751//5 7454//5
f 6751//5 1513//5 7454//5
f 6751//5 6749//5 1513//5
f 6751//5 6752//5 6749//5
f 6752//5 391//5 6749//5
f 4439//5 4143//5 92//5
f 4439//5 6015//5 4143//5
f 6015//5 751//5 4143//5
f 5690//5 6015//5 750//5
f 5690//5 6748//5 6015//5
f 6748//5 751//5 6015//5
f 6748//5 6750//5 751//5
f 6748//5 6749//5 6750//5
f 6749//5 391//5 6750//5
f 2455//5 2457//5 273//5
f 2455//5 2456//5 2457//5
f 2456//5 993//5 2457//5
f 3550//5 2456//5 1514//5
f 3550//5 3880//5 2456//5
f 3880//5 993//5 2456//5
f 3880//5 4104//5 993//5
f 3880//5 4594//5 4104//5
f 4594//5 20//5 4104//5
f 5321//5 4991//5 389//5
f 5321//5 3879//5 4991//5
f 3879//5 1516//5 4991//5
f 2834//5 3879//5 1515//5
f 2834//5 3168//5 3879//5
f 3168//5 1516//5 3879//5
f 3168//5 2453//5 1516//5
f 3168//5 2455//5 2453//5
f 2455//5 273//5 2453//5
f 5320//5 5171//5 93//5
f 5320//5 2454//5 5171//5
f 2454//5 633//5 5171//5
f 4992//5 2454//5 749//5
f 4992//5 2452//5 2454//5
f 2452//5 633//5 2454//5
f 2452//5 2202//5 633//5
f 2452//5 2453//5 2202//5
f 2453//5 273//5 2202//5
f 5316//3 5319//3 173//3
f 5316//3 5318//3 5319//3
f 5318//3 893//3 5319//3
f 4268//3 5318//3 1517//3
f 4268//3 5317//3 5318//3
f 5317//3 893//3 5318//3
f 5317//3 3431//3 893//3
f 5317//3 3878//3 3431//3
f 3878//3 83//3 3431//3
f 6747//3 6413//3 183//3
f 6747//3 6014//3 6413//3
f 6014//3 1519//3 6413//3
f 4993//3 6014//3 1518//3
f 4993//3 5315//3 6014//3
f 5315//3 1519//3 6014//3
f 5315//3 5313//3 1519//3
f 5315//3 5316//3 5313//3
f 5316//3 173//3 5313//3
f 7452//3 7453//3 24//3
f 7452//3 5314//3 7453//3
f 5314//3 533//3 7453//3
f 6414//3 5314//3 543//3
f 6414//3 5312//3 5314//3
f 5312//3 533//3 5314//3
f 5312//3 4972//3 533//3
f 5312//3 5313//3 4972//3
f 5313//3 173//3 4972//3
f 4592//3 4267//3 388//3
f 4592//3 4593//3 4267//3
f 4593//3 1108//3 4267//3
f 2837//3 4593//3 1520//3
f 2837//3 3167//3 4593//3
f 3167//3 1108//3 4593//3
f 3167//3 3878//3 1108//3
f 3167//3 3874//3 3878//3
f 3874//3 83//3 3878//3
f 3877//3 3553//3 387//3
f 3877//3 2451//3 3553//3
f 2451//3 1522//3 3553//3
f 7124//3 2451//3 1521//3
f 7124//3 7451//3 2451//3
f 7451//3 1522//3 2451//3
f 7451//3 4590//3 1522//3
f 7451//3 4592//3 4590//3
f 4592//3 388//3 4590//3
f 5172//3 4859//3 93//3
f 5172//3 3876//3 4859//3
f 3876//3 748//3 4859//3
f 3554//3 3876//3 747//3
f 3554//3 4589//3 3876//3
f 4589//3 748//3 3876//3
f 4589//3 4591//3 748//3
f 4589//3 4590//3 4591//3
f 4590//3 388//3 4591//3
f 6744//3 6746//3 263//3
f 6744//3 6745//3 6746//3
f 6745//3 983//3 6746//3
f 7127//3 6745//3 1523//3
f 7127//3 7450//3 6745//3
f 7450//3 983//3 6745//3
f 7450//3 4824//3 983//3
f 7450//3 5310//3 4824//3
f 5310//3 21//3 4824//3
f 3166//3 2839//3 386//3
f 3166//3 4588//3 2839//3
f 4588//3 1525//3 2839//3
f 3555//3 4588//3 1524//3
f 3555//3 3875//3 4588//3
f 3875//3 1525//3 4588//3
f 3875//3 6742//3 1525//3
f 3875//3 6744//3 6742//3
f 6744//3 263//3 6742//3
f 3874//3 3714//3 83//3
f 3874//3 6743//3 3714//3
f 6743//3 623//3 3714//3
f 2840//3 6743//3 746//3
f 2840//3 6741//3 6743//3
f 6741//3 623//3 6743//3
f 6741//3 6507//3 623//3
f 6741//3 6742//3 6507//3
f 6742//3 263//3 6507//3
f 3162//3 3165//3 178//3
f 3162//3 3164//3 3165//3
f 3164//3 898//3 3165//3
f 2116//3 3164//3 1526//3
f 2116//3 3163//3 3164//3
f 3163//3 898//3 3164//3
f 3163//3 7004//3 898//3
f 3163//3 7448//3 7004//3
f 7448//3 88//3 7004//3
f 7449//3 7129//3 184//3
f 7449//3 6740//3 7129//3
f 6740//3 1528//3 7129//3
f 5691//3 6740//3 1527//3
f 5691//3 6013//3 6740//3
f 6013//3 1528//3 6740//3
f 6013//3 3160//3 1528//3
f 6013//3 3162//3 3160//3
f 3162//3 178//3 3160//3
f 5310//3 5311//3 21//3
f 5310//3 3161//3 5311//3
f 3161//3 538//3 5311//3
f 7130//3 3161//3 544//3
f 7130//3 3159//3 3161//3
f 3159//3 538//3 3161//3
f 3159//3 2822//3 538//3
f 3159//3 3160//3 2822//3
f 3160//3 178//3 2822//3
f 2449//3 2115//3 385//3
f 2449//3 2450//3 2115//3
f 2450//3 1105//3 2115//3
f 6417//3 2450//3 1529//3
f 6417//3 6739//3 2450//3
f 6739//3 1105//3 2450//3
f 6739//3 7448//3 1105//3
f 6739//3 7445//3 7448//3
f 7445//3 88//3 7448//3
f 7447//3 7132//3 384//3
f 7447//3 3158//3 7132//3
f 3158//3 1531//3 7132//3
f 2118//3 3158//3 1530//3
f 2118//3 2448//3 3158//3
f 2448//3 1531//3 3158//3
f 2448//3 2446//3 1531//3
f 2448//3 2449//3 2446//3
f 2449//3 385//3 2446//3
f 5881//3 5564//3 94//3
f 5881//3 7446//3 5564//3
f 7446//3 745//3 5564//3
f 7133//3 7446//3 744//3
f 7133//3 2445//3 7446//3
f 2445//3 745//3 7446//3
f 2445//3 2447//3 745//3
f 2445//3 2446//3 2447//3
f 2446//3 385//3 2447//3
f 4584//3 4587//3 268//3
f 4584//3 4586//3 4587//3
f 4586//3 988//3 4587//3
f 4272//3 4586//3 1532//3
f 4272//3 4585//3 4586//3
f 4585//3 988//3 4586//3
f 4585//3 1951//3 988//3
f 4585//3 1949//3 1951//3
f 1949//3 17//3 1951//3
f 6738//3 6419//3 383//3
f 6738//3 5309//3 6419//3
f 5309//3 1534//3 6419//3
f 4274//3 5309//3 1533//3
f 4274//3 4583//3 5309//3
f 4583//3 1534//3 5309//3
f 4583//3 4581//3 1534//3
f 4583//3 4584//3 4581//3
f 4584//3 268//3 4581//3
f 7445//3 7303//3 88//3
f 7445//3 4582//3 7303//3
f 4582//3 628//3 7303//3
f 6420//3 4582//3 743//3
f 6420//3 4580//3 4582//3
f 4580//3 628//3 4582//3
f 4580//3 4368//3 628//3
f 4580//3 4581//3 4368//3
f 4581//3 268//3 4368//3
f 5306//1 5075//1 277//1
f 5306//1 5308//1 5075//1
f 5308//1 637//1 5075//1
f 5694//1 5308//1 1535//1
f 5694//1 5307//1 5308//1
f 5307//1 637//1 5308//1
f 5307//1 2310//1 637//1
f 5307//1 2444//1 2310//1
f 2444//1 97//1 2310//1
f 3157//1 2842//1 186//1
f 3157//1 7444//1 2842//1
f 7444//1 1537//1 2842//1
f 6421//1 7444//1 1536//1
f 6421//1 6737//1 7444//1
f 6737//1 1537//1 7444//1
f 6737//1 5304//1 1537//1
f 6737//1 5306//1 5304//1
f 5306//1 277//1 5304//1
f 3134//1 2675//1 26//1
f 3134//1 3156//1 2675//1
f 3156//1 997//1 2675//1
f 2843//1 3156//1 546//1
f 2843//1 5303//1 3156//1
f 5303//1 997//1 3156//1
f 5303//1 5305//1 997//1
f 5303//1 5304//1 5305//1
f 5304//1 277//1 5305//1
f 6011//1 5693//1 382//1
f 6011//1 6012//1 5693//1
f 6012//1 1102//1 5693//1
f 4277//1 6012//1 1538//1
f 4277//1 4579//1 6012//1
f 4579//1 1102//1 6012//1
f 4579//1 2444//1 1102//1
f 4579//1 2442//1 2444//1
f 2442//1 97//1 2444//1
f 5302//1 4995//1 381//1
f 5302//1 3873//1 4995//1
f 3873//1 1540//1 4995//1
f 2844//1 3873//1 1539//1
f 2844//1 3155//1 3873//1
f 3155//1 1540//1 3873//1
f 3155//1 6009//1 1540//1
f 3155//1 6011//1 6009//1
f 6011//1 382//1 6009//1
f 7316//1 6996//1 96//1
f 7316//1 5301//1 6996//1
f 5301//1 742//1 6996//1
f 4996//1 5301//1 741//1
f 4996//1 6008//1 5301//1
f 6008//1 742//1 5301//1
f 6008//1 6010//1 742//1
f 6008//1 6009//1 6010//1
f 6009//1 382//1 6010//1
f 3871//1 3579//1 187//1
f 3871//1 3872//1 3579//1
f 3872//1 547//1 3579//1
f 2121//1 3872//1 1541//1
f 2121//1 2443//1 3872//1
f 2443//1 547//1 3872//1
f 2443//1 3840//1 547//1
f 2443//1 3867//1 3840//1
f 3867//1 27//1 3840//1
f 4578//1 4279//1 380//1
f 4578//1 6007//1 4279//1
f 6007//1 1543//1 4279//1
f 4997//1 6007//1 1542//1
f 4997//1 5300//1 6007//1
f 5300//1 1543//1 6007//1
f 5300//1 3869//1 1543//1
f 5300//1 3871//1 3869//1
f 3871//1 187//1 3869//1
f 2442//1 1981//1 97//1
f 2442//1 4577//1 1981//1
f 4577//1 907//1 1981//1
f 4280//1 4577//1 740//1
f 4280//1 3868//1 4577//1
f 3868//1 907//1 4577//1
f 3868//1 3870//1 907//1
f 3868//1 3869//1 3870//1
f 3869//1 187//1 3870//1
f 6734//1 6495//1 279//1
f 6734//1 6736//1 6495//1
f 6736//1 639//1 6495//1
f 3558//1 6736//1 1544//1
f 3558//1 6735//1 6736//1
f 6735//1 639//1 6736//1
f 6735//1 3746//1 639//1
f 6735//1 3865//1 3746//1
f 3865//1 99//1 3746//1
f 2441//1 2123//1 185//1
f 2441//1 2440//1 2123//1
f 2440//1 1546//1 2123//1
f 7134//1 2440//1 1545//1
f 7134//1 7443//1 2440//1
f 7443//1 1546//1 2440//1
f 7443//1 6732//1 1546//1
f 7443//1 6734//1 6732//1
f 6734//1 279//1 6732//1
f 3867//1 3398//1 27//1
f 3867//1 2439//1 3398//1
f 2439//1 999//1 3398//1
f 2124//1 2439//1 545//1
f 2124//1 6731//1 2439//1
f 6731//1 999//1 2439//1
f 6731//1 6733//1 999//1
f 6731//1 6732//1 6733//1
f 6732//1 279//1 6733//1
f 3864//1 3557//1 379//1
f 3864//1 3866//1 3557//1
f 3866//1 1099//1 3557//1
f 2127//1 3866//1 1547//1
f 2127//1 2438//1 3866//1
f 2438//1 1099//1 3866//1
f 2438//1 3865//1 1099//1
f 2438//1 3859//1 3865//1
f 3859//1 99//1 3865//1
f 3154//1 2846//1 378//1
f 3154//1 4576//1 2846//1
f 4576//1 1549//1 2846//1
f 3560//1 4576//1 1548//1
f 3560//1 3863//1 4576//1
f 3863//1 1549//1 4576//1
f 3863//1 3861//1 1549//1
f 3863//1 3864//1 3861//1
f 3864//1 379//1 3861//1
f 6590//1 6278//1 95//1
f 6590//1 3153//1 6278//1
f 3153//1 739//1 6278//1
f 2847//1 3153//1 738//1
f 2847//1 3860//1 3153//1
f 3860//1 739//1 3153//1
f 3860//1 3862//1 739//1
f 3860//1 3861//1 3862//1
f 3861//1 379//1 3862//1
f 5298//1 5018//1 189//1
f 5298//1 5299//1 5018//1
f 5299//1 549//1 5018//1
f 4283//1 5299//1 1550//1
f 4283//1 4575//1 5299//1
f 4575//1 549//1 5299//1
f 4575//1 4544//1 549//1
f 4575//1 4110//1 4544//1
f 4110//1 28//1 4544//1
f 2437//1 2129//1 377//1
f 2437//1 6730//1 2129//1
f 6730//1 1552//1 2129//1
f 5696//1 6730//1 1551//1
f 5696//1 6006//1 6730//1
f 6006//1 1552//1 6730//1
f 6006//1 5296//1 1552//1
f 6006//1 5298//1 5296//1
f 5298//1 189//1 5296//1
f 3859//1 3417//1 99//1
f 3859//1 2436//1 3417//1
f 2436//1 909//1 3417//1
f 2130//1 2436//1 737//1
f 2130//1 5295//1 2436//1
f 5295//1 909//1 2436//1
f 5295//1 5297//1 909//1
f 5295//1 5296//1 5297//1
f 5296//1 189//1 5297//1
f 7440//2 7411//2 192//2
f 7440//2 7442//2 7411//2
f 7442//2 912//2 7411//2
f 7137//2 7442//2 1553//2
f 7137//2 7441//2 7442//2
f 7441//2 912//2 7442//2
f 7441//2 5978//2 912//2
f 7441//2 6005//2 5978//2
f 6005//2 102//2 5978//2
f 6729//2 6423//2 191//2
f 6729//2 3152//2 6423//2
f 3152//2 1555//2 6423//2
f 2131//2 3152//2 1554//2
f 2131//2 2435//2 3152//2
f 2435//2 1555//2 3152//2
f 2435//2 7439//2 1555//2
f 2435//2 7440//2 7439//2
f 7440//2 192//2 7439//2
f 7404//2 7414//2 32//2
f 7404//2 6728//2 7414//2
f 6728//2 552//2 7414//2
f 6424//2 6728//2 551//2
f 6424//2 7438//2 6728//2
f 7438//2 552//2 6728//2
f 7438//2 7416//2 552//2
f 7438//2 7439//2 7416//2
f 7439//2 192//2 7416//2
f 7436//2 7136//2 376//2
f 7436//2 7437//2 7136//2
f 7437//2 1096//2 7136//2
f 5699//2 7437//2 1556//2
f 5699//2 6004//2 7437//2
f 6004//2 1096//2 7437//2
f 6004//2 6005//2 1096//2
f 6004//2 6001//2 6005//2
f 6001//2 102//2 6005//2
f 6727//2 6426//2 375//2
f 6727//2 5294//2 6426//2
f 5294//2 1558//2 6426//2
f 4285//2 5294//2 1557//2
f 4285//2 4574//2 5294//2
f 4574//2 1558//2 5294//2
f 4574//2 7434//2 1558//2
f 4574//2 7436//2 7434//2
f 7436//2 376//2 7434//2
f 5180//2 4857//2 101//2
f 5180//2 6726//2 4857//2
f 6726//2 736//2 4857//2
f 6427//2 6726//2 735//2
f 6427//2 7433//2 6726//2
f 7433//2 736//2 6726//2
f 7433//2 7435//2 736//2
f 7433//2 7434//2 7435//2
f 7434//2 376//2 7435//2
f 3150//2 3116//2 282//2
f 3150//2 3151//2 3116//2
f 3151//2 1002//2 3116//2
f 5703//2 3151//2 1559//2
f 5703//2 6003//2 3151//2
f 6003//2 1002//2 3151//2
f 6003//2 6695//2 1002//2
f 6003//2 6724//2 6695//2
f 6724//2 31//2 6695//2
f 6002//2 5705//2 374//2
f 6002//2 7432//2 5705//2
f 7432//2 1561//2 5705//2
f 6428//2 7432//2 1560//2
f 6428//2 6725//2 7432//2
f 6725//2 1561//2 7432//2
f 6725//2 3148//2 1561//2
f 6725//2 3150//2 3148//2
f 3150//2 282//2 3148//2
f 6001//2 5986//2 102//2
f 6001//2 3149//2 5986//2
f 3149//2 642//2 5986//2
f 5706//2 3149//2 734//2
f 5706//2 3147//2 3149//2
f 3147//2 642//2 3149//2
f 3147//2 3120//2 642//2
f 3147//2 3148//2 3120//2
f 3148//2 282//2 3120//2
f 3144//2 3124//2 194//2
f 3144//2 3146//2 3124//2
f 3146//2 914//2 3124//2
f 5000//2 3146//2 1562//2
f 5000//2 3145//2 3146//2
f 3145//2 914//2 3146//2
f 3145//2 7421//2 914//2
f 3145//2 7431//2 7421//2
f 7431//2 104//2 7421//2
f 6000//2 5707//2 190//2
f 6000//2 3858//2 5707//2
f 3858//2 1564//2 5707//2
f 2848//2 3858//2 1563//2
f 2848//2 3143//2 3858//2
f 3143//2 1564//2 3858//2
f 3143//2 3142//2 1564//2
f 3143//2 3144//2 3142//2
f 3144//2 194//2 3142//2
f 6724//2 6708//2 31//2
f 6724//2 5999//2 6708//2
f 5999//2 554//2 6708//2
f 5708//2 5999//2 550//2
f 5708//2 3141//2 5999//2
f 3141//2 554//2 5999//2
f 3141//2 3130//2 554//2
f 3141//2 3142//2 3130//2
f 3142//2 194//2 3130//2
f 5292//2 4999//2 373//2
f 5292//2 5293//2 4999//2
f 5293//2 1093//2 4999//2
f 3563//2 5293//2 1565//2
f 3563//2 3857//2 5293//2
f 3857//2 1093//2 5293//2
f 3857//2 7431//2 1093//2
f 3857//2 7429//2 7431//2
f 7429//2 104//2 7431//2
f 4573//2 4287//2 372//2
f 4573//2 5998//2 4287//2
f 5998//2 1567//2 4287//2
f 5002//2 5998//2 1566//2
f 5002//2 5291//2 5998//2
f 5291//2 1567//2 5998//2
f 5291//2 5289//2 1567//2
f 5291//2 5292//2 5289//2
f 5292//2 373//2 5289//2
f 4446//2 4135//2 100//2
f 4446//2 4572//2 4135//2
f 4572//2 733//2 4135//2
f 4288//2 4572//2 732//2
f 4288//2 5288//2 4572//2
f 5288//2 733//2 4572//2
f 5288//2 5290//2 733//2
f 5288//2 5289//2 5290//2
f 5289//2 373//2 5290//2
f 4570//2 4558//2 284//2
f 4570//2 4571//2 4558//2
f 4571//2 1004//2 4558//2
f 2134//2 4571//2 1568//2
f 2134//2 2434//2 4571//2
f 2434//2 1004//2 4571//2
f 2434//2 5991//2 1004//2
f 2434//2 5996//2 5991//2
f 5996//2 30//2 5991//2
f 3856//2 3565//2 371//2
f 3856//2 2433//2 3565//2
f 2433//2 1570//2 3565//2
f 7139//2 2433//2 1569//2
f 7139//2 7430//2 2433//2
f 7430//2 1570//2 2433//2
f 7430//2 4568//2 1570//2
f 7430//2 4570//2 4568//2
f 4570//2 284//2 4568//2
f 7429//2 7424//2 104//2
f 7429//2 4569//2 7424//2
f 4569//2 644//2 7424//2
f 3566//2 4569//2 731//2
f 3566//2 4567//2 4569//2
f 4567//2 644//2 4569//2
f 4567//2 4562//2 644//2
f 4567//2 4568//2 4562//2
f 4568//2 284//2 4562//2
f 3853//6 3639//6 283//6
f 3853//6 3855//6 3639//6
f 3855//6 643//6 3639//6
f 2851//6 3855//6 1571//6
f 2851//6 3854//6 3855//6
f 3854//6 643//6 3855//6
f 3854//6 6597//6 643//6
f 3854//6 6723//6 6597//6
f 6723//6 103//6 6597//6
f 4566//6 4290//6 196//6
f 4566//6 4565//6 4290//6
f 4565//6 1573//6 4290//6
f 3567//6 4565//6 1572//6
f 3567//6 3852//6 4565//6
f 3852//6 1573//6 4565//6
f 3852//6 3850//6 1573//6
f 3852//6 3853//6 3850//6
f 3853//6 283//6 3850//6
f 5265//6 4831//6 29//6
f 5265//6 4564//6 4831//6
f 4564//6 1003//6 4831//6
f 4291//6 4564//6 556//6
f 4291//6 3849//6 4564//6
f 3849//6 1003//6 4564//6
f 3849//6 3851//6 1003//6
f 3849//6 3850//6 3851//6
f 3850//6 283//6 3851//6
f 3139//6 2850//6 370//6
f 3139//6 3140//6 2850//6
f 3140//6 1090//6 2850//6
f 7142//6 3140//6 1574//6
f 7142//6 7428//6 3140//6
f 7428//6 1090//6 3140//6
f 7428//6 6723//6 1090//6
f 7428//6 6721//6 6723//6
f 6721//6 103//6 6723//6
f 2432//6 2137//6 369//6
f 2432//6 6722//6 2137//6
f 6722//6 1576//6 2137//6
f 5709//6 6722//6 1575//6
f 5709//6 5997//6 6722//6
f 5997//6 1576//6 6722//6
f 5997//6 3137//6 1576//6
f 5997//6 3139//6 3137//6
f 3139//6 370//6 3137//6
f 3030//6 2701//6 106//6
f 3030//6 2431//6 2701//6
f 2431//6 730//6 2701//6
f 2138//6 2431//6 729//6
f 2138//6 3136//6 2431//6
f 3136//6 730//6 2431//6
f 3136//6 3138//6 730//6
f 3136//6 3137//6 3138//6
f 3137//6 370//6 3138//6
f 2428//6 2133//6 193//6
f 2428//6 2430//6 2133//6
f 2430//6 553//6 2133//6
f 3570//6 2430//6 1577//6
f 3570//6 2429//6 2430//6
f 2429//6 553//6 2430//6
f 2429//6 5996//6 553//6
f 2429//6 5995//6 5996//6
f 5995//6 30//6 5996//6
f 7427//6 7144//6 368//6
f 7427//6 3135//6 7144//6
f 3135//6 1579//6 7144//6
f 2139//6 3135//6 1578//6
f 2139//6 2427//6 3135//6
f 2427//6 1579//6 3135//6
f 2427//6 2425//6 1579//6
f 2427//6 2428//6 2425//6
f 2428//6 193//6 2425//6
f 6721//6 6275//6 103//6
f 6721//6 7426//6 6275//6
f 7426//6 913//6 6275//6
f 7145//6 7426//6 728//6
f 7145//6 2424//6 7426//6
f 2424//6 913//6 7426//6
f 2424//6 2426//6 913//6
f 2424//6 2425//6 2426//6
f 2425//6 193//6 2426//6
f 5283//6 5287//6 197//6
f 5283//6 5286//6 5287//6
f 5286//6 917//6 5287//6
f 6431//6 5286//6 1580//6
f 6431//6 5285//6 5286//6
f 5285//6 917//6 5286//6
f 5285//6 3421//6 917//6
f 5285//6 3846//6 3421//6
f 3846//6 107//6 3421//6
f 3848//6 3572//6 195//6
f 3848//6 5284//6 3572//6
f 5284//6 1582//6 3572//6
f 4292//6 5284//6 1581//6
f 4292//6 4563//6 5284//6
f 4563//6 1582//6 5284//6
f 4563//6 5282//6 1582//6
f 4563//6 5283//6 5282//6
f 5283//6 197//6 5282//6
f 5995//6 5990//6 30//6
f 5995//6 3847//6 5990//6
f 3847//6 557//6 5990//6
f 3573//6 3847//6 555//6
f 3573//6 5281//6 3847//6
f 5281//6 557//6 3847//6
f 5281//6 5010//6 557//6
f 5281//6 5282//6 5010//6
f 5282//6 197//6 5010//6
f 6719//6 6430//6 367//6
f 6719//6 6720//6 6430//6
f 6720//6 1087//6 6430//6
f 5005//6 6720//6 1583//6
f 5005//6 5280//6 6720//6
f 5280//6 1087//6 6720//6
f 5280//6 3846//6 1087//6
f 5280//6 3844//6 3846//6
f 3844//6 107//6 3846//6
f 5994//6 5711//6 366//6
f 5994//6 7425//6 5711//6
f 7425//6 1585//6 5711//6
f 6433//6 7425//6 1584//6
f 6433//6 6718//6 7425//6
f 6718//6 1585//6 7425//6
f 6718//6 6716//6 1585//6
f 6718//6 6719//6 6716//6
f 6719//6 367//6 6716//6
f 2309//6 1985//6 105//6
f 2309//6 5993//6 1985//6
f 5993//6 727//6 1985//6
f 5712//6 5993//6 726//6
f 5712//6 6715//6 5993//6
f 6715//6 727//6 5993//6
f 6715//6 6717//6 727//6
f 6715//6 6716//6 6717//6
f 6716//6 367//6 6717//6
f 6712//6 6714//6 287//6
f 6712//6 6713//6 6714//6
f 6713//6 1007//6 6714//6
f 2854//6 6713//6 1586//6
f 2854//6 3133//6 6713//6
f 3133//6 1007//6 6713//6
f 3133//6 2673//6 1007//6
f 3133//6 3134//6 2673//6
f 3134//6 26//6 2673//6
f 5279//6 5007//6 365//6
f 5279//6 3845//6 5007//6
f 3845//6 1588//6 5007//6
f 2856//6 3845//6 1587//6
f 2856//6 3132//6 3845//6
f 3132//6 1588//6 3845//6
f 3132//6 6710//6 1588//6
f 3132//6 6712//6 6710//6
f 6712//6 287//6 6710//6
f 3844//6 3740//6 107//6
f 3844//6 6711//6 3740//6
f 6711//6 647//6 3740//6
f 5008//6 6711//6 725//6
f 5008//6 6709//6 6711//6
f 6709//6 647//6 6711//6
f 6709//6 6499//6 647//6
f 6709//6 6710//6 6499//6
f 6710//6 287//6 6499//6
f 4559//4 4562//4 284//4
f 4559//4 4561//4 4562//4
f 4561//4 644//4 4562//4
f 4295//4 4561//4 1589//4
f 4295//4 4560//4 4561//4
f 4560//4 644//4 4561//4
f 4560//4 7424//4 644//4
f 4560//4 7423//4 7424//4
f 7423//4 104//4 7424//4
f 5278//4 5011//4 197//4
f 5278//4 5992//4 5011//4
f 5992//4 1591//4 5011//4
f 5009//4 5992//4 1590//4
f 5009//4 5277//4 5992//4
f 5277//4 1591//4 5992//4
f 5277//4 4557//4 1591//4
f 5277//4 4559//4 4557//4
f 4559//4 284//4 4557//4
f 5990//4 5991//4 30//4
f 5990//4 5276//4 5991//4
f 5276//4 1004//4 5991//4
f 5012//4 5276//4 557//4
f 5012//4 4556//4 5276//4
f 4556//4 1004//4 5276//4
f 4556//4 4558//4 1004//4
f 4556//4 4557//4 4558//4
f 4557//4 284//4 4558//4
f 4554//4 4294//4 364//4
f 4554//4 4555//4 4294//4
f 4555//4 1084//4 4294//4
f 2859//4 4555//4 1592//4
f 2859//4 3131//4 4555//4
f 3131//4 1084//4 4555//4
f 3131//4 7423//4 1084//4
f 3131//4 7420//4 7423//4
f 7420//4 104//4 7423//4
f 3843//4 3575//4 363//4
f 3843//4 2423//4 3575//4
f 2423//4 1594//4 3575//4
f 7146//4 2423//4 1593//4
f 7146//4 7422//4 2423//4
f 7422//4 1594//4 2423//4
f 7422//4 4552//4 1594//4
f 7422//4 4554//4 4552//4
f 4554//4 364//4 4552//4
f 3741//4 3422//4 107//4
f 3741//4 3842//4 3422//4
f 3842//4 724//4 3422//4
f 3576//4 3842//4 723//4
f 3576//4 4551//4 3842//4
f 4551//4 724//4 3842//4
f 4551//4 4553//4 724//4
f 4551//4 4552//4 4553//4
f 4552//4 364//4 4553//4
f 3126//4 3130//4 194//4
f 3126//4 3129//4 3130//4
f 3129//4 554//4 3130//4
f 5715//4 3129//4 1595//4
f 5715//4 3128//4 3129//4
f 3128//4 554//4 3129//4
f 3128//4 6708//4 554//4
f 3128//4 6702//4 6708//4
f 6702//4 31//4 6708//4
f 3127//4 2861//4 362//4
f 3127//4 4550//4 2861//4
f 4550//4 1597//4 2861//4
f 3577//4 4550//4 1596//4
f 3577//4 3841//4 4550//4
f 3841//4 1597//4 4550//4
f 3841//4 3123//4 1597//4
f 3841//4 3126//4 3123//4
f 3126//4 194//4 3123//4
f 7420//4 7421//4 104//4
f 7420//4 3125//4 7421//4
f 3125//4 914//4 7421//4
f 2862//4 3125//4 722//4
f 2862//4 3122//4 3125//4
f 3122//4 914//4 3125//4
f 3122//4 3124//4 914//4
f 3122//4 3123//4 3124//4
f 3123//4 194//4 3124//4
f 6703//4 6707//4 199//4
f 6703//4 6706//4 6707//4
f 6706//4 919//4 6707//4
f 2142//4 6706//4 1598//4
f 2142//4 6705//4 6706//4
f 6705//4 919//4 6706//4
f 6705//4 4852//4 919//4
f 6705//4 5275//4 4852//4
f 5275//4 109//4 4852//4
f 5989//4 5718//4 198//4
f 5989//4 6704//4 5718//4
f 6704//4 1600//4 5718//4
f 5717//4 6704//4 1599//4
f 5717//4 5988//4 6704//4
f 5988//4 1600//4 6704//4
f 5988//4 6701//4 1600//4
f 5988//4 6703//4 6701//4
f 6703//4 199//4 6701//4
f 6702//4 6694//4 31//4
f 6702//4 5987//4 6694//4
f 5987//4 559//4 6694//4
f 5719//4 5987//4 558//4
f 5719//4 6700//4 5987//4
f 6700//4 559//4 5987//4
f 6700//4 6441//4 559//4
f 6700//4 6701//4 6441//4
f 6701//4 199//4 6441//4
f 2421//4 2141//4 361//4
f 2421//4 2422//4 2141//4
f 2422//4 1081//4 2141//4
f 6436//4 2422//4 1601//4
f 6436//4 6699//4 2422//4
f 6699//4 1081//4 2422//4
f 6699//4 5275//4 1081//4
f 6699//4 5273//4 5275//4
f 5273//4 109//4 5275//4
f 7419//4 7148//4 360//4
f 7419//4 3121//4 7148//4
f 3121//4 1603//4 7148//4
f 2144//4 3121//4 1602//4
f 2144//4 2420//4 3121//4
f 2420//4 1603//4 3121//4
f 2420//4 2418//4 1603//4
f 2420//4 2421//4 2418//4
f 2421//4 361//4 2418//4
f 4453//4 4130//4 108//4
f 4453//4 7418//4 4130//4
f 7418//4 721//4 4130//4
f 7149//4 7418//4 720//4
f 7149//4 2417//4 7418//4
f 2417//4 721//4 7418//4
f 2417//4 2419//4 721//4
f 2417//4 2418//4 2419//4
f 2418//4 361//4 2419//4
f 2414//4 2416//4 289//4
f 2414//4 2415//4 2416//4
f 2415//4 1009//4 2416//4
f 3580//4 2415//4 1604//4
f 3580//4 3839//4 2415//4
f 3839//4 1009//4 2415//4
f 3839//4 3396//4 1009//4
f 3839//4 3840//4 3396//4
f 3840//4 27//4 3396//4
f 6698//4 6438//4 359//4
f 6698//4 5274//4 6438//4
f 5274//4 1606//4 6438//4
f 4297//4 5274//4 1605//4
f 4297//4 4549//4 5274//4
f 4549//4 1606//4 5274//4
f 4549//4 2412//4 1606//4
f 4549//4 2414//4 2412//4
f 2414//4 289//4 2412//4
f 5273//4 5188//4 109//4
f 5273//4 2413//4 5188//4
f 2413//4 649//4 5188//4
f 6439//4 2413//4 719//4
f 6439//4 2411//4 2413//4
f 2411//4 649//4 2413//4
f 2411//4 2195//4 649//4
f 2411//4 2412//4 2195//4
f 2412//4 289//4 2195//4
f 3117//5 3120//5 282//5
f 3117//5 3119//5 3120//5
f 3119//5 642//5 3120//5
f 5722//5 3119//5 1607//5
f 5722//5 3118//5 3119//5
f 3118//5 642//5 3119//5
f 3118//5 5986//5 642//5
f 3118//5 5984//5 5986//5
f 5984//5 102//5 5986//5
f 6697//5 6442//5 199//5
f 6697//5 7417//5 6442//5
f 7417//5 1609//5 6442//5
f 6440//5 7417//5 1608//5
f 6440//5 6696//5 7417//5
f 6696//5 1609//5 7417//5
f 6696//5 3115//5 1609//5
f 6696//5 3117//5 3115//5
f 3117//5 282//5 3115//5
f 6694//5 6695//5 31//5
f 6694//5 6693//5 6695//5
f 6693//5 1002//5 6695//5
f 6443//5 6693//5 559//5
f 6443//5 3114//5 6693//5
f 3114//5 1002//5 6693//5
f 3114//5 3116//5 1002//5
f 3114//5 3115//5 3116//5
f 3115//5 282//5 3116//5
f 5983//5 5721//5 358//5
f 5983//5 5985//5 5721//5
f 5985//5 1078//5 5721//5
f 4300//5 5985//5 1610//5
f 4300//5 4548//5 5985//5
f 4548//5 1078//5 5985//5
f 4548//5 5984//5 1078//5
f 4548//5 5977//5 5984//5
f 5977//5 102//5 5984//5
f 5272//5 5014//5 357//5
f 5272//5 3838//5 5014//5
f 3838//5 1612//5 5014//5
f 2863//5 3838//5 1611//5
f 2863//5 3113//5 3838//5
f 3113//5 1612//5 3838//5
f 3113//5 5981//5 1612//5
f 3113//5 5983//5 5981//5
f 5983//5 358//5 5981//5
f 5189//5 4853//5 109//5
f 5189//5 5271//5 4853//5
f 5271//5 718//5 4853//5
f 5015//5 5271//5 717//5
f 5015//5 5980//5 5271//5
f 5980//5 718//5 5271//5
f 5980//5 5982//5 718//5
f 5980//5 5981//5 5982//5
f 5981//5 358//5 5982//5
f 7412//5 7416//5 192//5
f 7412//5 7415//5 7416//5
f 7415//5 552//5 7416//5
f 7152//5 7415//5 1613//5
f 7152//5 7413//5 7415//5
f 7413//5 552//5 7415//5
f 7413//5 7414//5 552//5
f 7413//5 7406//5 7414//5
f 7406//5 32//5 7414//5
f 4547//5 4302//5 356//5
f 4547//5 5979//5 4302//5
f 5979//5 1615//5 4302//5
f 5016//5 5979//5 1614//5
f 5016//5 5270//5 5979//5
f 5270//5 1615//5 5979//5
f 5270//5 7410//5 1615//5
f 5270//5 7412//5 7410//5
f 7412//5 192//5 7410//5
f 5977//5 5978//5 102//5
f 5977//5 4546//5 5978//5
f 4546//5 912//5 5978//5
f 4303//5 4546//5 716//5
f 4303//5 7409//5 4546//5
f 7409//5 912//5 4546//5
f 7409//5 7411//5 912//5
f 7409//5 7410//5 7411//5
f 7410//5 192//5 7411//5
f 2406//5 2410//5 201//5
f 2406//5 2409//5 2410//5
f 2409//5 921//5 2410//5
f 3584//5 2409//5 1616//5
f 3584//5 2408//5 2409//5
f 2408//5 921//5 2409//5
f 2408//5 6270//5 921//5
f 2408//5 6692//5 6270//5
f 6692//5 111//5 6270//5
f 7408//5 7155//5 200//5
f 7408//5 2407//5 7155//5
f 2407//5 1618//5 7155//5
f 7154//5 2407//5 1617//5
f 7154//5 7407//5 2407//5
f 7407//5 1618//5 2407//5
f 7407//5 2405//5 1618//5
f 7407//5 2406//5 2405//5
f 2406//5 201//5 2405//5
f 7406//5 7403//5 32//5
f 7406//5 7405//5 7403//5
f 7405//5 561//5 7403//5
f 7156//5 7405//5 560//5
f 7156//5 2404//5 7405//5
f 2404//5 561//5 7405//5
f 2404//5 2152//5 561//5
f 2404//5 2405//5 2152//5
f 2405//5 201//5 2152//5
f 3836//5 3583//5 355//5
f 3836//5 3837//5 3583//5
f 3837//5 1075//5 3583//5
f 2147//5 3837//5 1619//5
f 2147//5 2403//5 3837//5
f 2403//5 1075//5 3837//5
f 2403//5 6692//5 1075//5
f 2403//5 6690//5 6692//5
f 6690//5 111//5 6692//5
f 3112//5 2865//5 354//5
f 3112//5 4545//5 2865//5
f 4545//5 1621//5 2865//5
f 3586//5 4545//5 1620//5
f 3586//5 3835//5 4545//5
f 3835//5 1621//5 4545//5
f 3835//5 3833//5 1621//5
f 3835//5 3836//5 3833//5
f 3836//5 355//5 3833//5
f 5893//5 5555//5 110//5
f 5893//5 3111//5 5555//5
f 3111//5 715//5 5555//5
f 2866//5 3111//5 714//5
f 2866//5 3832//5 3111//5
f 3832//5 715//5 3111//5
f 3832//5 3834//5 715//5
f 3832//5 3833//5 3834//5
f 3833//5 355//5 3834//5
f 3829//5 3831//5 291//5
f 3829//5 3830//5 3831//5
f 3830//5 1011//5 3831//5
f 5019//5 3830//5 1622//5
f 5019//5 5269//5 3830//5
f 5269//5 1011//5 3830//5
f 5269//5 4108//5 1011//5
f 5269//5 4544//5 4108//5
f 4544//5 28//5 4108//5
f 2402//5 2149//5 353//5
f 2402//5 6691//5 2149//5
f 6691//5 1624//5 2149//5
f 5724//5 6691//5 1623//5
f 5724//5 5976//5 6691//5
f 5976//5 1624//5 6691//5
f 5976//5 3827//5 1624//5
f 5976//5 3829//5 3827//5
f 3829//5 291//5 3827//5
f 6690//5 6604//5 111//5
f 6690//5 3828//5 6604//5
f 3828//5 651//5 6604//5
f 2150//5 3828//5 713//5
f 2150//5 3826//5 3828//5
f 3826//5 651//5 3828//5
f 3826//5 3635//5 651//5
f 3826//5 3827//5 3635//5
f 3827//5 291//5 3635//5
f 6686//3 6689//3 191//3
f 6686//3 6688//3 6689//3
f 6688//3 911//3 6689//3
f 7159//3 6688//3 1625//3
f 7159//3 6687//3 6688//3
f 6687//3 911//3 6688//3
f 6687//3 4856//3 911//3
f 6687//3 5268//3 4856//3
f 5268//3 101//3 4856//3
f 2401//3 2153//3 201//3
f 2401//3 3110//3 2153//3
f 3110//3 1627//3 2153//3
f 2151//3 3110//3 1626//3
f 2151//3 2400//3 3110//3
f 2400//3 1627//3 3110//3
f 2400//3 6684//3 1627//3
f 2400//3 6686//3 6684//3
f 6686//3 191//3 6684//3
f 7403//3 7404//3 32//3
f 7403//3 6685//3 7404//3
f 6685//3 551//3 7404//3
f 2154//3 6685//3 561//3
f 2154//3 6683//3 6685//3
f 6683//3 551//3 6685//3
f 6683//3 6422//3 551//3
f 6683//3 6684//3 6422//3
f 6684//3 191//3 6422//3
f 7401//3 7158//3 352//3
f 7401//3 7402//3 7158//3
f 7402//3 1072//3 7158//3
f 5727//3 7402//3 1628//3
f 5727//3 5975//3 7402//3
f 5975//3 1072//3 7402//3
f 5975//3 5268//3 1072//3
f 5975//3 5266//3 5268//3
f 5266//3 101//3 5268//3
f 6682//3 6445//3 351//3
f 6682//3 5267//3 6445//3
f 5267//3 1630//3 6445//3
f 4304//3 5267//3 1629//3
f 4304//3 4543//3 5267//3
f 4543//3 1630//3 5267//3
f 4543//3 7399//3 1630//3
f 4543//3 7401//3 7399//3
f 7401//3 352//3 7399//3
f 6605//3 6271//3 111//3
f 6605//3 6681//3 6271//3
f 6681//3 712//3 6271//3
f 6446//3 6681//3 711//3
f 6446//3 7398//3 6681//3
f 7398//3 712//3 6681//3
f 7398//3 7400//3 712//3
f 7398//3 7399//3 7400//3
f 7399//3 352//3 7400//3
f 2397//3 2399//3 281//3
f 2397//3 2398//3 2399//3
f 2398//3 1001//3 2399//3
f 2869//3 2398//3 1631//3
f 2869//3 3109//3 2398//3
f 3109//3 1001//3 2398//3
f 3109//3 4829//3 1001//3
f 3109//3 5264//3 4829//3
f 5264//3 29//3 4829//3
f 5974//3 5729//3 350//3
f 5974//3 7397//3 5729//3
f 7397//3 1633//3 5729//3
f 6447//3 7397//3 1632//3
f 6447//3 6680//3 7397//3
f 6680//3 1633//3 7397//3
f 6680//3 2395//3 1633//3
f 6680//3 2397//3 2395//3
f 2397//3 281//3 2395//3
f 5266//3 5179//3 101//3
f 5266//3 2396//3 5179//3
f 2396//3 641//3 5179//3
f 5730//3 2396//3 710//3
f 5730//3 2394//3 2396//3
f 2394//3 641//3 2396//3
f 2394//3 2198//3 641//3
f 2394//3 2395//3 2198//3
f 2395//3 281//3 2198//3
f 4539//3 4542//3 196//3
f 4539//3 4541//3 4542//3
f 4541//3 916//3 4542//3
f 5023//3 4541//3 1634//3
f 5023//3 4540//3 4541//3
f 4540//3 916//3 4541//3
f 4540//3 2700//3 916//3
f 4540//3 3106//3 2700//3
f 3106//3 106//3 2700//3
f 3108//3 2872//3 202//3
f 3108//3 3825//3 2872//3
f 3825//3 1636//3 2872//3
f 2871//3 3825//3 1635//3
f 2871//3 3107//3 3825//3
f 3107//3 1636//3 3825//3
f 3107//3 4537//3 1636//3
f 3107//3 4539//3 4537//3
f 4539//3 196//3 4537//3
f 5264//3 5265//3 29//3
f 5264//3 4538//3 5265//3
f 4538//3 556//3 5265//3
f 2873//3 4538//3 562//3
f 2873//3 4536//3 4538//3
f 4536//3 556//3 4538//3
f 4536//3 4289//3 556//3
f 4536//3 4537//3 4289//3
f 4537//3 196//3 4289//3
f 5262//3 5022//3 349//3
f 5262//3 5263//3 5022//3
f 5263//3 1069//3 5022//3
f 3589//3 5263//3 1637//3
f 3589//3 3824//3 5263//3
f 3824//3 1069//3 5263//3
f 3824//3 3106//3 1069//3
f 3824//3 3105//3 3106//3
f 3105//3 106//3 3106//3
f 4535//3 4306//3 348//3
f 4535//3 5973//3 4306//3
f 5973//3 1639//3 4306//3
f 5025//3 5973//3 1638//3
f 5025//3 5261//3 5973//3
f 5261//3 1639//3 5973//3
f 5261//3 5259//3 1639//3
f 5261//3 5262//3 5259//3
f 5262//3 349//3 5259//3
f 7331//3 6986//3 112//3
f 7331//3 4534//3 6986//3
f 4534//3 709//3 6986//3
f 4307//3 4534//3 708//3
f 4307//3 5258//3 4534//3
f 5258//3 709//3 4534//3
f 5258//3 5260//3 709//3
f 5258//3 5259//3 5260//3
f 5259//3 349//3 5260//3
f 5969//3 5972//3 286//3
f 5969//3 5971//3 5972//3
f 5971//3 1006//3 5972//3
f 5733//3 5971//3 1640//3
f 5733//3 5970//3 5971//3
f 5970//3 1006//3 5971//3
f 5970//3 1957//3 1006//3
f 5970//3 1956//3 1957//3
f 1956//3 25//3 1957//3
f 3823//3 3591//3 347//3
f 3823//3 2393//3 3591//3
f 2393//3 1642//3 3591//3
f 7161//3 2393//3 1641//3
f 7161//3 7396//3 2393//3
f 7396//3 1642//3 2393//3
f 7396//3 5967//3 1642//3
f 7396//3 5969//3 5967//3
f 5969//3 286//3 5967//3
f 3105//3 3029//3 106//3
f 3105//3 5968//3 3029//3
f 5968//3 646//3 3029//3
f 3592//3 5968//3 707//3
f 3592//3 5966//3 5968//3
f 5966//3 646//3 5968//3
f 5966//3 5781//3 646//3
f 5966//3 5967//3 5781//3
f 5967//3 286//3 5781//3
f 6677//1 6484//1 295//1
f 6677//1 6679//1 6484//1
f 6679//1 655//1 6484//1
f 2876//1 6679//1 1643//1
f 2876//1 6678//1 6679//1
f 6678//1 655//1 6679//1
f 6678//1 3761//1 655//1
f 6678//1 3821//1 3761//1
f 3821//1 115//1 3761//1
f 4533//1 4309//1 204//1
f 4533//1 4532//1 4309//1
f 4532//1 1645//1 4309//1
f 3593//1 4532//1 1644//1
f 3593//1 3822//1 4532//1
f 3822//1 1645//1 4532//1
f 3822//1 6675//1 1645//1
f 3822//1 6677//1 6675//1
f 6677//1 295//1 6675//1
f 3084//1 2680//1 34//1
f 3084//1 4531//1 2680//1
f 4531//1 1015//1 2680//1
f 4310//1 4531//1 564//1
f 4310//1 6674//1 4531//1
f 6674//1 1015//1 4531//1
f 6674//1 6676//1 1015//1
f 6674//1 6675//1 6676//1
f 6675//1 295//1 6676//1
f 3103//1 2875//1 346//1
f 3103//1 3104//1 2875//1
f 3104//1 1066//1 2875//1
f 7164//1 3104//1 1646//1
f 7164//1 7395//1 3104//1
f 7395//1 1066//1 3104//1
f 7395//1 3821//1 1066//1
f 7395//1 3819//1 3821//1
f 3819//1 115//1 3821//1
f 2392//1 2156//1 345//1
f 2392//1 6673//1 2156//1
f 6673//1 1648//1 2156//1
f 5735//1 6673//1 1647//1
f 5735//1 5965//1 6673//1
f 5965//1 1648//1 6673//1
f 5965//1 3101//1 1648//1
f 5965//1 3103//1 3101//1
f 3103//1 346//1 3101//1
f 3042//1 2692//1 114//1
f 3042//1 2391//1 2692//1
f 2391//1 706//1 2692//1
f 2157//1 2391//1 705//1
f 2157//1 3100//1 2391//1
f 3100//1 706//1 2391//1
f 3100//1 3102//1 706//1
f 3100//1 3101//1 3102//1
f 3101//1 346//1 3102//1
f 5256//1 5049//1 205//1
f 5256//1 5257//1 5049//1
f 5257//1 565//1 5049//1
f 3596//1 5257//1 1649//1
f 3596//1 3820//1 5257//1
f 3820//1 565//1 5257//1
f 3820//1 3793//1 565//1
f 3820//1 3817//1 3793//1
f 3817//1 35//1 3793//1
f 7394//1 7166//1 344//1
f 7394//1 3099//1 7166//1
f 3099//1 1651//1 7166//1
f 2158//1 3099//1 1650//1
f 2158//1 2390//1 3099//1
f 2390//1 1651//1 3099//1
f 2390//1 5254//1 1651//1
f 2390//1 5256//1 5254//1
f 5256//1 205//1 5254//1
f 3819//1 3405//1 115//1
f 3819//1 7393//1 3405//1
f 7393//1 925//1 3405//1
f 7167//1 7393//1 704//1
f 7167//1 5253//1 7393//1
f 5253//1 925//1 7393//1
f 5253//1 5255//1 925//1
f 5253//1 5254//1 5255//1
f 5254//1 205//1 5255//1
f 2387//1 2187//1 297//1
f 2387//1 2389//1 2187//1
f 2389//1 657//1 2187//1
f 6450//1 2389//1 1652//1
f 6450//1 2388//1 2389//1
f 2388//1 657//1 2389//1
f 2388//1 5208//1 657//1
f 2388//1 5251//1 5208//1
f 5251//1 117//1 5208//1
f 3818//1 3598//1 203//1
f 3818//1 5252//1 3598//1
f 5252//1 1654//1 3598//1
f 4311//1 5252//1 1653//1
f 4311//1 4530//1 5252//1
f 4530//1 1654//1 5252//1
f 4530//1 2385//1 1654//1
f 4530//1 2387//1 2385//1
f 2387//1 297//1 2385//1
f 3817//1 3403//1 35//1
f 3817//1 3816//1 3403//1
f 3816//1 1017//1 3403//1
f 3599//1 3816//1 563//1
f 3599//1 2384//1 3816//1
f 2384//1 1017//1 3816//1
f 2384//1 2386//1 1017//1
f 2384//1 2385//1 2386//1
f 2385//1 297//1 2386//1
f 6671//1 6449//1 343//1
f 6671//1 6672//1 6449//1
f 6672//1 1063//1 6449//1
f 5028//1 6672//1 1655//1
f 5028//1 5250//1 6672//1
f 5250//1 1063//1 6672//1
f 5250//1 5251//1 1063//1
f 5250//1 5248//1 5251//1
f 5248//1 117//1 5251//1
f 5964//1 5737//1 342//1
f 5964//1 7392//1 5737//1
f 7392//1 1657//1 5737//1
f 6452//1 7392//1 1656//1
f 6452//1 6670//1 7392//1
f 6670//1 1657//1 7392//1
f 6670//1 6668//1 1657//1
f 6670//1 6671//1 6668//1
f 6671//1 343//1 6668//1
f 2321//1 1976//1 113//1
f 2321//1 5963//1 1976//1
f 5963//1 703//1 1976//1
f 5738//1 5963//1 702//1
f 5738//1 6667//1 5963//1
f 6667//1 703//1 5963//1
f 6667//1 6669//1 703//1
f 6667//1 6668//1 6669//1
f 6668//1 343//1 6669//1
f 6665//1 6473//1 207//1
f 6665//1 6666//1 6473//1
f 6666//1 567//1 6473//1
f 5741//1 6666//1 1658//1
f 5741//1 5962//1 6666//1
f 5962//1 567//1 6666//1
f 5962//1 4488//1 567//1
f 5962//1 4114//1 4488//1
f 4114//1 36//1 4488//1
f 5249//1 5030//1 341//1
f 5249//1 3815//1 5030//1
f 3815//1 1660//1 5030//1
f 2878//1 3815//1 1659//1
f 2878//1 3098//1 3815//1
f 3098//1 1660//1 3815//1
f 3098//1 6663//1 1660//1
f 3098//1 6665//1 6663//1
f 6665//1 207//1 6663//1
f 5248//1 4841//1 117//1
f 5248//1 5247//1 4841//1
f 5247//1 927//1 4841//1
f 5031//1 5247//1 701//1
f 5031//1 6662//1 5247//1
f 6662//1 927//1 5247//1
f 6662//1 6664//1 927//1
f 6662//1 6663//1 6664//1
f 6663//1 207//1 6664//1
f 3095//2 3067//2 210//2
f 3095//2 3097//2 3067//2
f 3097//2 930//2 3067//2
f 4314//2 3097//2 1661//2
f 4314//2 3096//2 3097//2
f 3096//2 930//2 3097//2
f 3096//2 7367//2 930//2
f 3096//2 7391//2 7367//2
f 7391//2 120//2 7367//2
f 2383//2 2160//2 209//2
f 2383//2 5961//2 2160//2
f 5961//2 1663//2 2160//2
f 5032//2 5961//2 1662//2
f 5032//2 5246//2 5961//2
f 5246//2 1663//2 5961//2
f 5246//2 3094//2 1663//2
f 5246//2 3095//2 3094//2
f 3095//2 210//2 3094//2
f 7362//2 7369//2 40//2
f 7362//2 2382//2 7369//2
f 2382//2 570//2 7369//2
f 2161//2 2382//2 569//2
f 2161//2 3093//2 2382//2
f 3093//2 570//2 2382//2
f 3093//2 3072//2 570//2
f 3093//2 3094//2 3072//2
f 3094//2 210//2 3072//2
f 4528//2 4313//2 340//2
f 4528//2 4529//2 4313//2
f 4529//2 1060//2 4313//2
f 2881//2 4529//2 1664//2
f 2881//2 3092//2 4529//2
f 3092//2 1060//2 4529//2
f 3092//2 7391//2 1060//2
f 3092//2 7388//2 7391//2
f 7388//2 120//2 7391//2
f 3814//2 3601//2 339//2
f 3814//2 2381//2 3601//2
f 2381//2 1666//2 3601//2
f 7168//2 2381//2 1665//2
f 7168//2 7390//2 2381//2
f 7390//2 1666//2 2381//2
f 7390//2 4526//2 1666//2
f 7390//2 4528//2 4526//2
f 4528//2 340//2 4526//2
f 6611//2 6268//2 119//2
f 6611//2 3813//2 6268//2
f 3813//2 700//2 6268//2
f 3602//2 3813//2 699//2
f 3602//2 4525//2 3813//2
f 4525//2 700//2 3813//2
f 4525//2 4527//2 700//2
f 4525//2 4526//2 4527//2
f 4526//2 340//2 4527//2
f 4522//2 4492//2 300//2
f 4522//2 4524//2 4492//2
f 4524//2 1020//2 4492//2
f 7171//2 4524//2 1667//2
f 7171//2 7389//2 4524//2
f 7389//2 1020//2 4524//2
f 7389//2 6640//2 1020//2
f 7389//2 6660//2 6640//2
f 6660//2 39//2 6640//2
f 3091//2 2883//2 338//2
f 3091//2 4523//2 2883//2
f 4523//2 1669//2 2883//2
f 3603//2 4523//2 1668//2
f 3603//2 3812//2 4523//2
f 3812//2 1669//2 4523//2
f 3812//2 4520//2 1669//2
f 3812//2 4522//2 4520//2
f 4522//2 300//2 4520//2
f 7388//2 7372//2 120//2
f 7388//2 4521//2 7372//2
f 4521//2 660//2 7372//2
f 2884//2 4521//2 698//2
f 2884//2 4519//2 4521//2
f 4519//2 660//2 4521//2
f 4519//2 4497//2 660//2
f 4519//2 4520//2 4497//2
f 4520//2 300//2 4497//2
f 4516//2 4502//2 212//2
f 4516//2 4518//2 4502//2
f 4518//2 932//2 4502//2
f 2164//2 4518//2 1670//2
f 2164//2 4517//2 4518//2
f 4517//2 932//2 4518//2
f 4517//2 3080//2 932//2
f 4517//2 3090//2 3080//2
f 3090//2 122//2 3080//2
f 7387//2 7173//2 208//2
f 7387//2 6661//2 7173//2
f 6661//2 1672//2 7173//2
f 5743//2 6661//2 1671//2
f 5743//2 5960//2 6661//2
f 5960//2 1672//2 6661//2
f 5960//2 4515//2 1672//2
f 5960//2 4516//2 4515//2
f 4516//2 212//2 4515//2
f 6660//2 6645//2 39//2
f 6660//2 7386//2 6645//2
f 7386//2 572//2 6645//2
f 7174//2 7386//2 568//2
f 7174//2 4514//2 7386//2
f 4514//2 572//2 7386//2
f 4514//2 4506//2 572//2
f 4514//2 4515//2 4506//2
f 4515//2 212//2 4506//2
f 2379//2 2163//2 337//2
f 2379//2 2380//2 2163//2
f 2380//2 1057//2 2163//2
f 6455//2 2380//2 1673//2
f 6455//2 6659//2 2380//2
f 6659//2 1057//2 2380//2
f 6659//2 3090//2 1057//2
f 6659//2 3088//2 3090//2
f 3088//2 122//2 3090//2
f 7385//2 7176//2 336//2
f 7385//2 3089//2 7176//2
f 3089//2 1675//2 7176//2
f 2166//2 3089//2 1674//2
f 2166//2 2378//2 3089//2
f 2378//2 1675//2 3089//2
f 2378//2 2376//2 1675//2
f 2378//2 2379//2 2376//2
f 2379//2 337//2 2376//2
f 5904//2 5548//2 118//2
f 5904//2 7384//2 5548//2
f 7384//2 697//2 5548//2
f 7177//2 7384//2 696//2
f 7177//2 2375//2 7384//2
f 2375//2 697//2 7384//2
f 2375//2 2377//2 697//2
f 2375//2 2376//2 2377//2
f 2376//2 337//2 2377//2
f 5958//2 5937//2 302//2
f 5958//2 5959//2 5937//2
f 5959//2 1022//2 5937//2
f 3606//2 5959//2 1676//2
f 3606//2 3811//2 5959//2
f 3811//2 1022//2 5959//2
f 3811//2 5939//2 1022//2
f 3811//2 5947//2 5939//2
f 5947//2 38//2 5939//2
f 6658//2 6457//2 335//2
f 6658//2 5245//2 6457//2
f 5245//2 1678//2 6457//2
f 4316//2 5245//2 1677//2
f 4316//2 4513//2 5245//2
f 4513//2 1678//2 5245//2
f 4513//2 5956//2 1678//2
f 4513//2 5958//2 5956//2
f 5958//2 302//2 5956//2
f 3088//2 3083//2 122//2
f 3088//2 5957//2 3083//2
f 5957//2 662//2 3083//2
f 6458//2 5957//2 695//2
f 6458//2 5955//2 5957//2
f 5955//2 662//2 5957//2
f 5955//2 5943//2 662//2
f 5955//2 5956//2 5943//2
f 5956//2 302//2 5943//2
f 5242//6 5064//6 301//6
f 5242//6 5244//6 5064//6
f 5244//6 661//6 5064//6
f 5746//6 5244//6 1679//6
f 5746//6 5243//6 5244//6
f 5243//6 661//6 5244//6
f 5243//6 2322//6 661//6
f 5243//6 2374//6 2322//6
f 2374//6 121//6 2322//6
f 5954//6 5749//6 214//6
f 5954//6 7383//6 5749//6
f 7383//6 1681//6 5749//6
f 6459//6 7383//6 1680//6
f 6459//6 6657//6 7383//6
f 6657//6 1681//6 7383//6
f 6657//6 5240//6 1681//6
f 6657//6 5242//6 5240//6
f 5242//6 301//6 5240//6
f 5213//6 4838//6 37//6
f 5213//6 5953//6 4838//6
f 5953//6 1021//6 4838//6
f 5750//6 5953//6 574//6
f 5750//6 5239//6 5953//6
f 5239//6 1021//6 5953//6
f 5239//6 5241//6 1021//6
f 5239//6 5240//6 5241//6
f 5240//6 301//6 5241//6
f 5951//6 5745//6 334//6
f 5951//6 5952//6 5745//6
f 5952//6 1054//6 5745//6
f 4319//6 5952//6 1682//6
f 4319//6 4512//6 5952//6
f 4512//6 1054//6 5952//6
f 4512//6 2374//6 1054//6
f 4512//6 2373//6 2374//6
f 2373//6 121//6 2374//6
f 5238//6 5034//6 333//6
f 5238//6 3810//6 5034//6
f 3810//6 1684//6 5034//6
f 2885//6 3810//6 1683//6
f 2885//6 3087//6 3810//6
f 3087//6 1684//6 3810//6
f 3087//6 5949//6 1684//6
f 3087//6 5951//6 5949//6
f 5951//6 334//6 5949//6
f 4466//6 4123//6 124//6
f 4466//6 5237//6 4123//6
f 5237//6 694//6 4123//6
f 5035//6 5237//6 693//6
f 5035//6 5948//6 5237//6
f 5948//6 694//6 5237//6
f 5948//6 5950//6 694//6
f 5948//6 5949//6 5950//6
f 5949//6 334//6 5950//6
f 3807//6 3605//6 211//6
f 3807//6 3809//6 3605//6
f 3809//6 571//6 3605//6
f 5038//6 3809//6 1685//6
f 5038//6 3808//6 3809//6
f 3808//6 571//6 3809//6
f 3808//6 5947//6 571//6
f 3808//6 5945//6 5947//6
f 5945//6 38//6 5947//6
f 4511//6 4321//6 332//6
f 4511//6 5946//6 4321//6
f 5946//6 1687//6 4321//6
f 5040//6 5946//6 1686//6
f 5040//6 5236//6 5946//6
f 5236//6 1687//6 5946//6
f 5236//6 3805//6 1687//6
f 5236//6 3807//6 3805//6
f 3807//6 211//6 3805//6
f 2373//6 1972//6 121//6
f 2373//6 4510//6 1972//6
f 4510//6 931//6 1972//6
f 4322//6 4510//6 692//6
f 4322//6 3804//6 4510//6
f 3804//6 931//6 4510//6
f 3804//6 3806//6 931//6
f 3804//6 3805//6 3806//6
f 3805//6 211//6 3806//6
f 6653//6 6656//6 215//6
f 6653//6 6655//6 6656//6
f 6655//6 935//6 6656//6
f 3610//6 6655//6 1688//6
f 3610//6 6654//6 6655//6
f 6654//6 935//6 6655//6
f 6654//6 4846//6 935//6
f 6654//6 5233//6 4846//6
f 5233//6 125//6 4846//6
f 5235//6 5041//6 213//6
f 5235//6 2372//6 5041//6
f 2372//6 1690//6 5041//6
f 7178//6 2372//6 1689//6
f 7178//6 7382//6 2372//6
f 7382//6 1690//6 2372//6
f 7382//6 6652//6 1690//6
f 7382//6 6653//6 6652//6
f 6653//6 215//6 6652//6
f 5945//6 5938//6 38//6
f 5945//6 5234//6 5938//6
f 5234//6 575//6 5938//6
f 5042//6 5234//6 573//6
f 5042//6 6651//6 5234//6
f 6651//6 575//6 5234//6
f 6651//6 6460//6 575//6
f 6651//6 6652//6 6460//6
f 6652//6 215//6 6460//6
f 3802//6 3609//6 331//6
f 3802//6 3803//6 3609//6
f 3803//6 1051//6 3609//6
f 2169//6 3803//6 1691//6
f 2169//6 2371//6 3803//6
f 2371//6 1051//6 3803//6
f 2371//6 5233//6 1051//6
f 2371//6 5232//6 5233//6
f 5232//6 125//6 5233//6
f 3086//6 2887//6 330//6
f 3086//6 4509//6 2887//6
f 4509//6 1693//6 2887//6
f 3612//6 4509//6 1692//6
f 3612//6 3801//6 4509//6
f 3801//6 1693//6 4509//6
f 3801//6 3799//6 1693//6
f 3801//6 3802//6 3799//6
f 3802//6 331//6 3799//6
f 3759//6 3409//6 123//6
f 3759//6 3085//6 3409//6
f 3085//6 691//6 3409//6
f 2888//6 3085//6 690//6
f 2888//6 3798//6 3085//6
f 3798//6 691//6 3085//6
f 3798//6 3800//6 691//6
f 3798//6 3799//6 3800//6
f 3799//6 331//6 3800//6
f 2367//6 2370//6 305//6
f 2367//6 2369//6 2370//6
f 2369//6 1025//6 2370//6
f 4324//6 2369//6 1694//6
f 4324//6 4508//6 2369//6
f 4508//6 1025//6 2369//6
f 4508//6 2678//6 1025//6
f 4508//6 3084//6 2678//6
f 3084//6 34//6 2678//6
f 2368//6 2171//6 329//6
f 2368//6 6650//6 2171//6
f 6650//6 1696//6 2171//6
f 5751//6 6650//6 1695//6
f 5751//6 5944//6 6650//6
f 5944//6 1696//6 6650//6
f 5944//6 2365//6 1696//6
f 5944//6 2367//6 2365//6
f 2367//6 305//6 2365//6
f 5232//6 5205//6 125//6
f 5232//6 2366//6 5205//6
f 2366//6 665//6 5205//6
f 2172//6 2366//6 689//6
f 2172//6 2364//6 2366//6
f 2364//6 665//6 2366//6
f 2364//6 2190//6 665//6
f 2364//6 2365//6 2190//6
f 2365//6 305//6 2190//6
f 5940//4 5943//4 302//4
f 5940//4 5942//4 5943//4
f 5942//4 662//4 5943//4
f 7181//4 5942//4 1697//4
f 7181//4 5941//4 5942//4
f 5941//4 662//4 5942//4
f 5941//4 3083//4 662//4
f 5941//4 3081//4 3083//4
f 3081//4 122//4 3083//4
f 6649//4 6461//4 215//4
f 6649//4 3082//4 6461//4
f 3082//4 1699//4 6461//4
f 2173//4 3082//4 1698//4
f 2173//4 2363//4 3082//4
f 2363//4 1699//4 3082//4
f 2363//4 5936//4 1699//4
f 2363//4 5940//4 5936//4
f 5940//4 302//4 5936//4
f 5938//4 5939//4 38//4
f 5938//4 6648//4 5939//4
f 6648//4 1022//4 5939//4
f 6462//4 6648//4 575//4
f 6462//4 5935//4 6648//4
f 5935//4 1022//4 6648//4
f 5935//4 5937//4 1022//4
f 5935//4 5936//4 5937//4
f 5936//4 302//4 5937//4
f 7380//4 7180//4 328//4
f 7380//4 7381//4 7180//4
f 7381//4 1048//4 7180//4
f 5754//4 7381//4 1700//4
f 5754//4 5934//4 7381//4
f 5934//4 1048//4 7381//4
f 5934//4 3081//4 1048//4
f 5934//4 3079//4 3081//4
f 3079//4 122//4 3081//4
f 6647//4 6464//4 327//4
f 6647//4 5231//4 6464//4
f 5231//4 1702//4 6464//4
f 4326//4 5231//4 1701//4
f 4326//4 4507//4 5231//4
f 4507//4 1702//4 5231//4
f 4507//4 7378//4 1702//4
f 4507//4 7380//4 7378//4
f 7380//4 328//4 7378//4
f 5206//4 4847//4 125//4
f 5206//4 6646//4 4847//4
f 6646//4 688//4 4847//4
f 6465//4 6646//4 687//4
f 6465//4 7377//4 6646//4
f 7377//4 688//4 6646//4
f 7377//4 7379//4 688//4
f 7377//4 7378//4 7379//4
f 7378//4 328//4 7379//4
f 4503//4 4506//4 212//4
f 4503//4 4505//4 4506//4
f 4505//4 572//4 4506//4
f 7185//4 4505//4 1703//4
f 7185//4 4504//4 4505//4
f 4504//4 572//4 4505//4
f 4504//4 6645//4 572//4
f 4504//4 6643//4 6645//4
f 6643//4 39//4 6645//4
f 5933//4 5756//4 326//4
f 5933//4 7376//4 5756//4
f 7376//4 1705//4 5756//4
f 6466//4 7376//4 1704//4
f 6466//4 6644//4 7376//4
f 6644//4 1705//4 7376//4
f 6644//4 4501//4 1705//4
f 6644//4 4503//4 4501//4
f 4503//4 212//4 4501//4
f 3079//4 3080//4 122//4
f 3079//4 5932//4 3080//4
f 5932//4 932//4 3080//4
f 5757//4 5932//4 686//4
f 5757//4 4500//4 5932//4
f 4500//4 932//4 5932//4
f 4500//4 4502//4 932//4
f 4500//4 4501//4 4502//4
f 4501//4 212//4 4502//4
f 2359//4 2362//4 217//4
f 2359//4 2361//4 2362//4
f 2361//4 937//4 2362//4
f 5045//4 2361//4 1706//4
f 5045//4 2360//4 2361//4
f 2360//4 937//4 2361//4
f 2360//4 6264//4 937//4
f 2360//4 6642//4 6264//4
f 6642//4 127//4 6264//4
f 7375//4 7187//4 216//4
f 7375//4 3797//4 7187//4
f 3797//4 1708//4 7187//4
f 2889//4 3797//4 1707//4
f 2889//4 3078//4 3797//4
f 3078//4 1708//4 3797//4
f 3078//4 2358//4 1708//4
f 3078//4 2359//4 2358//4
f 2359//4 217//4 2358//4
f 6643//4 6639//4 39//4
f 6643//4 7374//4 6639//4
f 7374//4 577//4 6639//4
f 7188//4 7374//4 576//4
f 7188//4 2357//4 7374//4
f 2357//4 577//4 7374//4
f 2357//4 2174//4 577//4
f 2357//4 2358//4 2174//4
f 2358//4 217//4 2174//4
f 5229//4 5044//4 325//4
f 5229//4 5230//4 5044//4
f 5230//4 1045//4 5044//4
f 3615//4 5230//4 1709//4
f 3615//4 3796//4 5230//4
f 3796//4 1045//4 5230//4
f 3796//4 6642//4 1045//4
f 3796//4 6641//4 6642//4
f 6641//4 127//4 6642//4
f 4499//4 4328//4 324//4
f 4499//4 5931//4 4328//4
f 5931//4 1711//4 4328//4
f 5047//4 5931//4 1710//4
f 5047//4 5228//4 5931//4
f 5228//4 1711//4 5931//4
f 5228//4 5226//4 1711//4
f 5228//4 5229//4 5226//4
f 5229//4 325//4 5226//4
f 5908//4 5542//4 126//4
f 5908//4 4498//4 5542//4
f 4498//4 685//4 5542//4
f 4329//4 4498//4 684//4
f 4329//4 5225//4 4498//4
f 5225//4 685//4 4498//4
f 5225//4 5227//4 685//4
f 5225//4 5226//4 5227//4
f 5226//4 325//4 5227//4
f 3791//4 3795//4 307//4
f 3791//4 3794//4 3795//4
f 3794//4 1027//4 3795//4
f 5050//4 3794//4 1712//4
f 5050//4 5224//4 3794//4
f 5224//4 1027//4 3794//4
f 5224//4 3400//4 1027//4
f 5224//4 3793//4 3400//4
f 3793//4 35//4 3400//4
f 3792//4 3617//4 323//4
f 3792//4 2356//4 3617//4
f 2356//4 1714//4 3617//4
f 7189//4 2356//4 1713//4
f 7189//4 7373//4 2356//4
f 7373//4 1714//4 2356//4
f 7373//4 3789//4 1714//4
f 7373//4 3791//4 3789//4
f 3791//4 307//4 3789//4
f 6641//4 6623//4 127//4
f 6641//4 3790//4 6623//4
f 3790//4 667//4 6623//4
f 3618//4 3790//4 683//4
f 3618//4 3788//4 3790//4
f 3788//4 667//4 3790//4
f 3788//4 3627//4 667//4
f 3788//4 3789//4 3627//4
f 3789//4 307//4 3627//4
f 4493//5 4497//5 300//5
f 4493//5 4496//5 4497//5
f 4496//5 660//5 4497//5
f 2892//5 4496//5 1715//5
f 2892//5 4495//5 4496//5
f 4495//5 660//5 4496//5
f 4495//5 7372//5 660//5
f 4495//5 7371//5 7372//5
f 7371//5 120//5 7372//5
f 2355//5 2175//5 217//5
f 2355//5 4494//5 2175//5
f 4494//5 1717//5 2175//5
f 3619//5 4494//5 1716//5
f 3619//5 3787//5 4494//5
f 3787//5 1717//5 4494//5
f 3787//5 4491//5 1717//5
f 3787//5 4493//5 4491//5
f 4493//5 300//5 4491//5
f 6639//5 6640//5 39//5
f 6639//5 2354//5 6640//5
f 2354//5 1020//5 6640//5
f 2176//5 2354//5 577//5
f 2176//5 4490//5 2354//5
f 4490//5 1020//5 2354//5
f 4490//5 4492//5 1020//5
f 4490//5 4491//5 4492//5
f 4491//5 300//5 4492//5
f 3076//5 2891//5 322//5
f 3076//5 3077//5 2891//5
f 3077//5 1042//5 2891//5
f 7192//5 3077//5 1718//5
f 7192//5 7370//5 3077//5
f 7370//5 1042//5 3077//5
f 7370//5 7371//5 1042//5
f 7370//5 7366//5 7371//5
f 7366//5 120//5 7371//5
f 2353//5 2178//5 321//5
f 2353//5 6638//5 2178//5
f 6638//5 1720//5 2178//5
f 5758//5 6638//5 1719//5
f 5758//5 5930//5 6638//5
f 5930//5 1720//5 6638//5
f 5930//5 3074//5 1720//5
f 5930//5 3076//5 3074//5
f 3076//5 322//5 3074//5
f 6624//5 6265//5 127//5
f 6624//5 2352//5 6265//5
f 2352//5 682//5 6265//5
f 2179//5 2352//5 681//5
f 2179//5 3073//5 2352//5
f 3073//5 682//5 2352//5
f 3073//5 3075//5 682//5
f 3073//5 3074//5 3075//5
f 3074//5 322//5 3075//5
f 3068//5 3072//5 210//5
f 3068//5 3071//5 3072//5
f 3071//5 570//5 3072//5
f 2896//5 3071//5 1721//5
f 2896//5 3070//5 3071//5
f 3070//5 570//5 3071//5
f 3070//5 7369//5 570//5
f 3070//5 7364//5 7369//5
f 7364//5 40//5 7369//5
f 7368//5 7194//5 320//5
f 7368//5 3069//5 7194//5
f 3069//5 1723//5 7194//5
f 2180//5 3069//5 1722//5
f 2180//5 2351//5 3069//5
f 2351//5 1723//5 3069//5
f 2351//5 3066//5 1723//5
f 2351//5 3068//5 3066//5
f 3068//5 210//5 3066//5
f 7366//5 7367//5 120//5
f 7366//5 7365//5 7367//5
f 7365//5 930//5 7367//5
f 7195//5 7365//5 680//5
f 7195//5 3065//5 7365//5
f 3065//5 930//5 7365//5
f 3065//5 3067//5 930//5
f 3065//5 3066//5 3067//5
f 3066//5 210//5 3067//5
f 3783//5 3786//5 219//5
f 3783//5 3785//5 3786//5
f 3785//5 939//5 3786//5
f 6469//5 3785//5 1724//5
f 6469//5 3784//5 3785//5
f 3784//5 939//5 3785//5
f 3784//5 1968//5 939//5
f 3784//5 2350//5 1968//5
f 2350//5 129//5 1968//5
f 3064//5 2898//5 218//5
f 3064//5 5223//5 2898//5
f 5223//5 1726//5 2898//5
f 4330//5 5223//5 1725//5
f 4330//5 4489//5 5223//5
f 4489//5 1726//5 5223//5
f 4489//5 3782//5 1726//5
f 4489//5 3783//5 3782//5
f 3783//5 219//5 3782//5
f 7364//5 7361//5 40//5
f 7364//5 3063//5 7361//5
f 3063//5 579//5 7361//5
f 2899//5 3063//5 578//5
f 2899//5 3781//5 3063//5
f 3781//5 579//5 3063//5
f 3781//5 3620//5 579//5
f 3781//5 3782//5 3620//5
f 3782//5 219//5 3620//5
f 6636//5 6468//5 319//5
f 6636//5 6637//5 6468//5
f 6637//5 1039//5 6468//5
f 5054//5 6637//5 1727//5
f 5054//5 5222//5 6637//5
f 5222//5 1039//5 6637//5
f 5222//5 2350//5 1039//5
f 5222//5 2349//5 2350//5
f 2349//5 129//5 2350//5
f 5929//5 5760//5 318//5
f 5929//5 7363//5 5760//5
f 7363//5 1729//5 5760//5
f 6471//5 7363//5 1728//5
f 6471//5 6635//5 7363//5
f 6635//5 1729//5 7363//5
f 6635//5 6633//5 1729//5
f 6635//5 6636//5 6633//5
f 6636//5 319//5 6633//5
f 7344//5 6977//5 128//5
f 7344//5 5928//5 6977//5
f 5928//5 679//5 6977//5
f 5761//5 5928//5 678//5
f 5761//5 6632//5 5928//5
f 6632//5 679//5 5928//5
f 6632//5 6634//5 679//5
f 6632//5 6633//5 6634//5
f 6633//5 319//5 6634//5
f 5218//5 5221//5 309//5
f 5218//5 5220//5 5221//5
f 5220//5 1029//5 5221//5
f 6474//5 5220//5 1730//5
f 6474//5 6631//5 5220//5
f 6631//5 1029//5 5220//5
f 6631//5 4112//5 1029//5
f 6631//5 4488//5 4112//5
f 4488//5 36//5 4112//5
f 5219//5 5056//5 317//5
f 5219//5 3780//5 5056//5
f 3780//5 1732//5 5056//5
f 2900//5 3780//5 1731//5
f 2900//5 3062//5 3780//5
f 3062//5 1732//5 3780//5
f 3062//5 5216//5 1732//5
f 3062//5 5218//5 5216//5
f 5218//5 309//5 5216//5
f 2349//5 2333//5 129//5
f 2349//5 5217//5 2333//5
f 5217//5 669//5 2333//5
f 5057//5 5217//5 677//5
f 5057//5 5215//5 5217//5
f 5215//5 669//5 5217//5
f 5215//5 5059//5 669//5
f 5215//5 5216//5 5059//5
f 5216//5 309//5 5059//5
f 2345//3 2348//3 209//3
f 2345//3 2347//3 2348//3
f 2347//3 929//3 2348//3
f 4333//3 2347//3 1733//3
f 4333//3 2346//3 2347//3
f 2346//3 929//3 2347//3
f 2346//3 6267//3 929//3
f 2346//3 6630//3 6267//3
f 6630//3 119//3 6267//3
f 3779//3 3621//3 219//3
f 3779//3 5927//3 3621//3
f 5927//3 1735//3 3621//3
f 5058//3 5927//3 1734//3
f 5058//3 5214//3 5927//3
f 5214//3 1735//3 5927//3
f 5214//3 2343//3 1735//3
f 5214//3 2345//3 2343//3
f 2345//3 209//3 2343//3
f 7361//3 7362//3 40//3
f 7361//3 2344//3 7362//3
f 2344//3 569//3 7362//3
f 3622//3 2344//3 579//3
f 3622//3 2342//3 2344//3
f 2342//3 569//3 2344//3
f 2342//3 2159//3 569//3
f 2342//3 2343//3 2159//3
f 2343//3 209//3 2159//3
f 4486//3 4332//3 316//3
f 4486//3 4487//3 4332//3
f 4487//3 1036//3 4332//3
f 2903//3 4487//3 1736//3
f 2903//3 3061//3 4487//3
f 3061//3 1036//3 4487//3
f 3061//3 6630//3 1036//3
f 3061//3 6629//3 6630//3
f 6629//3 119//3 6630//3
f 3778//3 3624//3 315//3
f 3778//3 2341//3 3624//3
f 2341//3 1738//3 3624//3
f 7196//3 2341//3 1737//3
f 7196//3 7360//3 2341//3
f 7360//3 1738//3 2341//3
f 7360//3 4484//3 1738//3
f 7360//3 4486//3 4484//3
f 4486//3 316//3 4484//3
f 2334//3 1969//3 129//3
f 2334//3 3777//3 1969//3
f 3777//3 676//3 1969//3
f 3625//3 3777//3 675//3
f 3625//3 4483//3 3777//3
f 4483//3 676//3 3777//3
f 4483//3 4485//3 676//3
f 4483//3 4484//3 4485//3
f 4484//3 316//3 4485//3
f 3774//3 3776//3 299//3
f 3774//3 3775//3 3776//3
f 3775//3 1019//3 3776//3
f 4337//3 3775//3 1739//3
f 4337//3 4482//3 3775//3
f 4482//3 1019//3 3775//3
f 4482//3 4836//3 1019//3
f 4482//3 5212//3 4836//3
f 5212//3 37//3 4836//3
f 3060//3 2905//3 314//3
f 3060//3 4481//3 2905//3
f 4481//3 1741//3 2905//3
f 3626//3 4481//3 1740//3
f 3626//3 3773//3 4481//3
f 3773//3 1741//3 4481//3
f 3773//3 3771//3 1741//3
f 3773//3 3774//3 3771//3
f 3774//3 299//3 3771//3
f 6629//3 6610//3 119//3
f 6629//3 3772//3 6610//3
f 3772//3 659//3 6610//3
f 2906//3 3772//3 674//3
f 2906//3 3770//3 3772//3
f 3770//3 659//3 3772//3
f 3770//3 3631//3 659//3
f 3770//3 3771//3 3631//3
f 3771//3 299//3 3631//3
f 5923//3 5926//3 214//3
f 5923//3 5925//3 5926//3
f 5925//3 934//3 5926//3
f 2183//3 5925//3 1742//3
f 2183//3 5924//3 5925//3
f 5924//3 934//3 5925//3
f 5924//3 4122//3 934//3
f 5924//3 4479//3 4122//3
f 4479//3 124//3 4122//3
f 4480//3 4339//3 220//3
f 4480//3 6628//3 4339//3
f 6628//3 1744//3 4339//3
f 5762//3 6628//3 1743//3
f 5762//3 5922//3 6628//3
f 5922//3 1744//3 6628//3
f 5922//3 5920//3 1744//3
f 5922//3 5923//3 5920//3
f 5923//3 214//3 5920//3
f 5212//3 5213//3 37//3
f 5212//3 5921//3 5213//3
f 5921//3 574//3 5213//3
f 4340//3 5921//3 580//3
f 4340//3 5919//3 5921//3
f 5919//3 574//3 5921//3
f 5919//3 5748//3 574//3
f 5919//3 5920//3 5748//3
f 5920//3 214//3 5748//3
f 2339//3 2182//3 313//3
f 2339//3 2340//3 2182//3
f 2340//3 1033//3 2182//3
f 6478//3 2340//3 1745//3
f 6478//3 6627//3 2340//3
f 6627//3 1033//3 2340//3
f 6627//3 4479//3 1033//3
f 6627//3 4477//3 4479//3
f 4477//3 124//3 4479//3
f 7359//3 7198//3 312//3
f 7359//3 3059//3 7198//3
f 3059//3 1747//3 7198//3
f 2185//3 3059//3 1746//3
f 2185//3 2338//3 3059//3
f 2338//3 1747//3 3059//3
f 2338//3 2336//3 1747//3
f 2338//3 2339//3 2336//3
f 2339//3 313//3 2336//3
f 3058//3 2682//3 130//3
f 3058//3 7358//3 2682//3
f 7358//3 673//3 2682//3
f 7199//3 7358//3 672//3
f 7199//3 2335//3 7358//3
f 2335//3 673//3 7358//3
f 2335//3 2337//3 673//3
f 2335//3 2336//3 2337//3
f 2336//3 313//3 2337//3
f 7354//3 7357//3 304//3
f 7354//3 7356//3 7357//3
f 7356//3 1024//3 7357//3
f 7202//3 7356//3 1748//3
f 7202//3 7355//3 7356//3
f 7355//3 1024//3 7356//3
f 7355//3 1963//3 1024//3
f 7355//3 1962//3 1963//3
f 1962//3 33//3 1963//3
f 6626//3 6480//3 311//3
f 6626//3 5211//3 6480//3
f 5211//3 1750//3 6480//3
f 4341//3 5211//3 1749//3
f 4341//3 4478//3 5211//3
f 4478//3 1750//3 5211//3
f 4478//3 7352//3 1750//3
f 4478//3 7354//3 7352//3
f 7354//3 304//3 7352//3
f 4477//3 4465//3 124//3
f 4477//3 7353//3 4465//3
f 7353//3 664//3 4465//3
f 6481//3 7353//3 671//3
f 6481//3 7351//3 7353//3
f 7351//3 664//3 7353//3
f 7351//3 7205//3 664//3
f 7351//3 7352//3 7205//3
f 7352//3 304//3 7205//3
f 7347//3 7350//3 312//3
f 7347//3 7349//3 7350//3
f 7349//3 1032//3 7350//3
f 5765//3 7349//3 1751//3
f 5765//3 5918//3 7349//3
f 5918//3 1032//3 7349//3
f 5918//3 4117//3 1032//3
f 5918//3 4126//3 4117//3
f 4126//3 116//3 4117//3
f 5917//3 5768//3 310//3
f 5917//3 7348//3 5768//3
f 7348//3 1753//3 5768//3
f 6482//3 7348//3 1752//3
f 6482//3 6625//3 7348//3
f 6625//3 1753//3 7348//3
f 6625//3 7346//3 1753//3
f 6625//3 7347//3 7346//3
f 7347//3 312//3 7346//3
f 3057//3 3058//3 130//3
f 3057//3 5916//3 3058//3
f 5916//3 672//3 3058//3
f 5769//3 5916//3 670//3
f 5769//3 7345//3 5916//3
f 7345//3 672//3 5916//3
f 7345//3 7197//3 672//3
f 7345//3 7346//3 7197//3
f 7346//3 312//3 7197//3
f 3766//3 3769//3 315//3
f 3766//3 3768//3 3769//3
f 3768//3 1035//3 3769//3
f 5771//3 3768//3 1754//3
f 5771//3 5915//3 3768//3
f 5915//3 1035//3 3768//3
f 5915//3 2684//3 1035//3
f 5915//3 3057//3 2684//3
f 3057//3 130//3 2684//3
f 5210//3 5060//3 309//3
f 5210//3 3767//3 5060//3
f 3767//3 1756//3 5060//3
f 2907//3 3767//3 1755//3
f 2907//3 3056//3 3767//3
f 3056//3 1756//3 3767//3
f 3056//3 3765//3 1756//3
f 3056//3 3766//3 3765//3
f 3766//3 315//3 3765//3
f 2333//3 2334//3 129//3
f 2333//3 5209//3 2334//3
f 5209//3 675//3 2334//3
f 5061//3 5209//3 669//3
f 5061//3 3764//3 5209//3
f 3764//3 675//3 5209//3
f 3764//3 3623//3 675//3
f 3764//3 3765//3 3623//3
f 3765//3 315//3 3623//3
f 5911//5 5914//5 318//5
f 5911//5 5913//5 5914//5
f 5913//5 1038//5 5914//5
f 2188//5 5913//5 1757//5
f 2188//5 2332//5 5913//5
f 2332//5 1038//5 5913//5
f 2332//5 4842//5 1038//5
f 2332//5 5208//5 4842//5
f 5208//5 117//5 4842//5
f 4476//5 4343//5 308//5
f 4476//5 5912//5 4343//5
f 5912//5 1759//5 4343//5
f 5062//5 5912//5 1758//5
f 5062//5 5207//5 5912//5
f 5207//5 1759//5 5912//5
f 5207//5 5910//5 1759//5
f 5207//5 5911//5 5910//5
f 5911//5 318//5 5910//5
f 7343//5 7344//5 128//5
f 7343//5 4475//5 7344//5
f 4475//5 678//5 7344//5
f 4344//5 4475//5 668//5
f 4344//5 5909//5 4475//5
f 5909//5 678//5 4475//5
f 5909//5 5759//5 678//5
f 5909//5 5910//5 5759//5
f 5910//5 318//5 5759//5
f 2328//5 2331//5 321//5
f 2328//5 2330//5 2331//5
f 2330//5 1041//5 2331//5
f 4346//5 2330//5 1760//5
f 4346//5 4474//5 2330//5
f 4474//5 1041//5 2330//5
f 4474//5 6979//5 1041//5
f 4474//5 7343//5 6979//5
f 7343//5 128//5 6979//5
f 3763//5 3628//5 307//5
f 3763//5 2329//5 3628//5
f 2329//5 1762//5 3628//5
f 7204//5 2329//5 1761//5
f 7204//5 7342//5 2329//5
f 7342//5 1762//5 2329//5
f 7342//5 2327//5 1762//5
f 7342//5 2328//5 2327//5
f 2328//5 321//5 2327//5
f 6623//5 6624//5 127//5
f 6623//5 3762//5 6624//5
f 3762//5 681//5 6624//5
f 3629//5 3762//5 667//5
f 3629//5 2326//5 3762//5
f 2326//5 681//5 3762//5
f 2326//5 2177//5 681//5
f 2326//5 2327//5 2177//5
f 2327//5 321//5 2177//5
f 4470//4 4473//4 324//4
f 4470//4 4472//4 4473//4
f 4472//4 1044//4 4473//4
f 6485//4 4472//4 1763//4
f 6485//4 6622//4 4472//4
f 6622//4 1044//4 4472//4
f 6622//4 3406//4 1044//4
f 6622//4 3761//4 3406//4
f 3761//4 115//4 3406//4
f 3055//4 2909//4 306//4
f 3055//4 4471//4 2909//4
f 4471//4 1765//4 2909//4
f 3630//4 4471//4 1764//4
f 3630//4 3760//4 4471//4
f 3760//4 1765//4 4471//4
f 3760//4 4469//4 1765//4
f 3760//4 4470//4 4469//4
f 4470//4 324//4 4469//4
f 5907//4 5908//4 126//4
f 5907//4 3054//4 5908//4
f 3054//4 684//4 5908//4
f 2910//4 3054//4 666//4
f 2910//4 4468//4 3054//4
f 4468//4 684//4 3054//4
f 4468//4 4327//4 684//4
f 4468//4 4469//4 4327//4
f 4469//4 324//4 4327//4
f 6618//4 6621//4 327//4
f 6618//4 6620//4 6621//4
f 6620//4 1047//4 6621//4
f 2912//4 6620//4 1766//4
f 2912//4 3053//4 6620//4
f 3053//4 1047//4 6620//4
f 3053//4 5544//4 1047//4
f 3053//4 5907//4 5544//4
f 5907//4 126//4 5544//4
f 2325//4 2191//4 305//4
f 2325//4 6619//4 2191//4
f 6619//4 1768//4 2191//4
f 5773//4 6619//4 1767//4
f 5773//4 5906//4 6619//4
f 5906//4 1768//4 6619//4
f 5906//4 6617//4 1768//4
f 5906//4 6618//4 6617//4
f 6618//4 327//4 6617//4
f 5205//4 5206//4 125//4
f 5205//4 2324//4 5206//4
f 2324//4 687//4 5206//4
f 2192//4 2324//4 665//4
f 2192//4 6616//4 2324//4
f 6616//4 687//4 2324//4
f 6616//4 6463//4 687//4
f 6616//4 6617//4 6463//4
f 6617//4 327//4 6463//4
f 3049//6 3052//6 330//6
f 3049//6 3051//6 3052//6
f 3051//6 1050//6 3052//6
f 5776//6 3051//6 1769//6
f 5776//6 5905//6 3051//6
f 5905//6 1050//6 3051//6
f 5905//6 2690//6 1050//6
f 5905//6 3041//6 2690//6
f 3041//6 114//6 2690//6
f 6615//6 6488//6 303//6
f 6615//6 3050//6 6488//6
f 3050//6 1771//6 6488//6
f 2193//6 3050//6 1770//6
f 2193//6 2323//6 3050//6
f 2323//6 1771//6 3050//6
f 2323//6 3048//6 1771//6
f 2323//6 3049//6 3048//6
f 3049//6 330//6 3048//6
f 3758//6 3759//6 123//6
f 3758//6 6614//6 3759//6
f 6614//6 690//6 3759//6
f 6489//6 6614//6 663//6
f 6489//6 3047//6 6614//6
f 3047//6 690//6 6614//6
f 3047//6 2886//6 690//6
f 3047//6 3048//6 2886//6
f 3048//6 330//6 2886//6
f 5201//6 5204//6 333//6
f 5201//6 5203//6 5204//6
f 5203//6 1053//6 5204//6
f 6491//6 5203//6 1772//6
f 6491//6 6613//6 5203//6
f 6613//6 1053//6 5203//6
f 6613//6 3412//6 1053//6
f 6613//6 3758//6 3412//6
f 3758//6 123//6 3412//6
f 7341//6 7206//6 304//6
f 7341//6 5202//6 7206//6
f 5202//6 1774//6 7206//6
f 4348//6 5202//6 1773//6
f 4348//6 4467//6 5202//6
f 4467//6 1774//6 5202//6
f 4467//6 5200//6 1774//6
f 4467//6 5201//6 5200//6
f 5201//6 333//6 5200//6
f 4465//6 4466//6 124//6
f 4465//6 7340//6 4466//6
f 7340//6 693//6 4466//6
f 7207//6 7340//6 664//6
f 7207//6 5199//6 7340//6
f 5199//6 693//6 7340//6
f 5199//6 5033//6 693//6
f 5199//6 5200//6 5033//6
f 5200//6 333//6 5033//6
f 7336//2 7339//2 336//2
f 7336//2 7338//2 7339//2
f 7338//2 1056//2 7339//2
f 5065//2 7338//2 1775//2
f 5065//2 5198//2 7338//2
f 5198//2 1056//2 7338//2
f 5198//2 1973//2 1056//2
f 5198//2 2322//2 1973//2
f 2322//2 121//2 1973//2
f 3046//2 2915//2 298//2
f 3046//2 7337//2 2915//2
f 7337//2 1777//2 2915//2
f 6493//2 7337//2 1776//2
f 6493//2 6612//2 7337//2
f 6612//2 1777//2 7337//2
f 6612//2 7335//2 1777//2
f 6612//2 7336//2 7335//2
f 7336//2 336//2 7335//2
f 5903//2 5904//2 118//2
f 5903//2 3045//2 5904//2
f 3045//2 696//2 5904//2
f 2916//2 3045//2 658//2
f 2916//2 7334//2 3045//2
f 7334//2 696//2 3045//2
f 7334//2 7175//2 696//2
f 7334//2 7335//2 7175//2
f 7335//2 336//2 7175//2
f 3753//2 3757//2 339//2
f 3753//2 3756//2 3757//2
f 3756//2 1059//2 3757//2
f 2918//2 3756//2 1778//2
f 2918//2 3044//2 3756//2
f 3044//2 1059//2 3756//2
f 3044//2 5550//2 1059//2
f 3044//2 5903//2 5550//2
f 5903//2 118//2 5550//2
f 3755//2 3632//2 299//2
f 3755//2 3754//2 3632//2
f 3754//2 1780//2 3632//2
f 2920//2 3754//2 1779//2
f 2920//2 3043//2 3754//2
f 3043//2 1780//2 3754//2
f 3043//2 3751//2 1780//2
f 3043//2 3753//2 3751//2
f 3753//2 339//2 3751//2
f 6610//2 6611//2 119//2
f 6610//2 3752//2 6611//2
f 3752//2 699//2 6611//2
f 3633//2 3752//2 659//2
f 3633//2 3750//2 3752//2
f 3750//2 699//2 3752//2
f 3750//2 3600//2 699//2
f 3750//2 3751//2 3600//2
f 3751//2 339//2 3600//2
f 5899//1 5902//1 342//1
f 5899//1 5901//1 5902//1
f 5901//1 1062//1 5902//1
f 7210//1 5901//1 1781//1
f 7210//1 7333//1 5901//1
f 7333//1 1062//1 5901//1
f 7333//1 4127//1 1062//1
f 7333//1 4116//1 4127//1
f 4116//1 116//1 4127//1
f 5197//1 5069//1 293//1
f 5197//1 5900//1 5069//1
f 5900//1 1783//1 5069//1
f 5067//1 5900//1 1782//1
f 5067//1 5196//1 5900//1
f 5196//1 1783//1 5900//1
f 5196//1 5898//1 1783//1
f 5196//1 5899//1 5898//1
f 5899//1 342//1 5898//1
f 2318//1 2321//1 113//1
f 2318//1 5195//1 2321//1
f 5195//1 702//1 2321//1
f 5070//1 5195//1 653//1
f 5070//1 5897//1 5195//1
f 5897//1 702//1 5195//1
f 5897//1 5736//1 702//1
f 5897//1 5898//1 5736//1
f 5898//1 342//1 5736//1
f 2316//1 2320//1 345//1
f 2316//1 2319//1 2320//1
f 2319//1 1065//1 2320//1
f 5072//1 2319//1 1784//1
f 5072//1 5194//1 2319//1
f 5194//1 1065//1 2319//1
f 5194//1 1978//1 1065//1
f 5194//1 2318//1 1978//1
f 2318//1 113//1 1978//1
f 5896//1 5778//1 294//1
f 5896//1 2317//1 5778//1
f 2317//1 1786//1 5778//1
f 7212//1 2317//1 1785//1
f 7212//1 7332//1 2317//1
f 7332//1 1786//1 2317//1
f 7332//1 2315//1 1786//1
f 7332//1 2316//1 2315//1
f 2316//1 345//1 2315//1
f 3041//1 3042//1 114//1
f 3041//1 5895//1 3042//1
f 5895//1 705//1 3042//1
f 5779//1 5895//1 654//1
f 5779//1 2314//1 5895//1
f 2314//1 705//1 5895//1
f 2314//1 2155//1 705//1
f 2314//1 2315//1 2155//1
f 2315//1 345//1 2155//1
f 4459//3 4464//3 348//3
f 4459//3 4463//3 4464//3
f 4463//3 1068//3 4464//3
f 4351//3 4463//3 1787//3
f 4351//3 4462//3 4463//3
f 4462//3 1068//3 4463//3
f 4462//3 2696//3 1068//3
f 4462//3 2704//3 2696//3
f 2704//3 98//3 2696//3
f 4461//3 4354//3 292//3
f 4461//3 4460//3 4354//3
f 4460//3 1789//3 4354//3
f 3634//3 4460//3 1788//3
f 3634//3 3749//3 4460//3
f 3749//3 1789//3 4460//3
f 3749//3 4457//3 1789//3
f 3749//3 4459//3 4457//3
f 4459//3 348//3 4457//3
f 7330//3 7331//3 112//3
f 7330//3 4458//3 7331//3
f 4458//3 708//3 7331//3
f 4355//3 4458//3 652//3
f 4355//3 4456//3 4458//3
f 4456//3 708//3 4458//3
f 4456//3 4305//3 708//3
f 4456//3 4457//3 4305//3
f 4457//3 348//3 4305//3
f 6606//3 6609//3 351//3
f 6606//3 6608//3 6609//3
f 6608//3 1071//3 6609//3
f 4357//3 6608//3 1790//3
f 4357//3 4455//3 6608//3
f 4455//3 1071//3 6608//3
f 4455//3 6988//3 1071//3
f 4455//3 7330//3 6988//3
f 7330//3 112//3 6988//3
f 3748//3 3636//3 291//3
f 3748//3 6607//3 3636//3
f 6607//3 1792//3 3636//3
f 5780//3 6607//3 1791//3
f 5780//3 5894//3 6607//3
f 5894//3 1792//3 6607//3
f 5894//3 6603//3 1792//3
f 5894//3 6606//3 6603//3
f 6606//3 351//3 6603//3
f 6604//3 6605//3 111//3
f 6604//3 3747//3 6605//3
f 3747//3 711//3 6605//3
f 3637//3 3747//3 651//3
f 3637//3 6602//3 3747//3
f 6602//3 711//3 3747//3
f 6602//3 6444//3 711//3
f 6602//3 6603//3 6444//3
f 6603//3 351//3 6444//3
f 3036//5 3040//5 354//5
f 3036//5 3039//5 3040//5
f 3039//5 1074//5 3040//5
f 6496//5 3039//5 1793//5
f 6496//5 6601//5 3039//5
f 6601//5 1074//5 3039//5
f 6601//5 3418//5 1074//5
f 6601//5 3746//5 3418//5
f 3746//5 99//5 3418//5
f 3038//5 2922//5 290//5
f 3038//5 3037//5 2922//5
f 3037//5 1795//5 2922//5
f 2194//5 3037//5 1794//5
f 2194//5 2313//5 3037//5
f 2313//5 1795//5 3037//5
f 2313//5 3034//5 1795//5
f 2313//5 3036//5 3034//5
f 3036//5 354//5 3034//5
f 5892//5 5893//5 110//5
f 5892//5 3035//5 5893//5
f 3035//5 714//5 5893//5
f 2923//5 3035//5 650//5
f 2923//5 3033//5 3035//5
f 3033//5 714//5 3035//5
f 3033//5 2864//5 714//5
f 3033//5 3034//5 2864//5
f 3034//5 354//5 2864//5
f 5190//5 5193//5 357//5
f 5190//5 5192//5 5193//5
f 5192//5 1077//5 5193//5
f 2925//5 5192//5 1796//5
f 2925//5 3032//5 5192//5
f 3032//5 1077//5 5192//5
f 3032//5 5557//5 1077//5
f 3032//5 5892//5 5557//5
f 5892//5 110//5 5557//5
f 2312//5 2196//5 289//5
f 2312//5 5191//5 2196//5
f 5191//5 1798//5 2196//5
f 4359//5 5191//5 1797//5
f 4359//5 4454//5 5191//5
f 4454//5 1798//5 5191//5
f 4454//5 5187//5 1798//5
f 4454//5 5190//5 5187//5
f 5190//5 357//5 5187//5
f 5188//5 5189//5 109//5
f 5188//5 2311//5 5189//5
f 2311//5 717//5 5189//5
f 2197//5 2311//5 649//5
f 2197//5 5186//5 2311//5
f 5186//5 717//5 2311//5
f 5186//5 5013//5 717//5
f 5186//5 5187//5 5013//5
f 5187//5 357//5 5013//5
f 7325//4 7329//4 360//4
f 7325//4 7328//4 7329//4
f 7328//4 1080//4 7329//4
f 5076//4 7328//4 1799//4
f 5076//4 5185//4 7328//4
f 5185//4 1080//4 7328//4
f 5185//4 1982//4 1080//4
f 5185//4 2310//4 1982//4
f 2310//4 97//4 1982//4
f 7327//4 7214//4 288//4
f 7327//4 7326//4 7214//4
f 7326//4 1801//4 7214//4
f 6498//4 7326//4 1800//4
f 6498//4 6600//4 7326//4
f 6600//4 1801//4 7326//4
f 6600//4 7323//4 1801//4
f 6600//4 7325//4 7323//4
f 7325//4 360//4 7323//4
f 4452//4 4453//4 108//4
f 4452//4 7324//4 4453//4
f 7324//4 720//4 4453//4
f 7215//4 7324//4 648//4
f 7215//4 7322//4 7324//4
f 7322//4 720//4 7324//4
f 7322//4 7147//4 720//4
f 7322//4 7323//4 7147//4
f 7323//4 360//4 7147//4
f 3742//4 3745//4 363//4
f 3742//4 3744//4 3745//4
f 3744//4 1083//4 3745//4
f 7217//4 3744//4 1802//4
f 7217//4 7321//4 3744//4
f 7321//4 1083//4 3744//4
f 7321//4 4132//4 1083//4
f 7321//4 4452//4 4132//4
f 4452//4 108//4 4132//4
f 6599//4 6500//4 287//4
f 6599//4 3743//4 6500//4
f 3743//4 1804//4 6500//4
f 2927//4 3743//4 1803//4
f 2927//4 3031//4 3743//4
f 3031//4 1804//4 3743//4
f 3031//4 3739//4 1804//4
f 3031//4 3742//4 3739//4
f 3742//4 363//4 3739//4
f 3740//4 3741//4 107//4
f 3740//4 6598//4 3741//4
f 6598//4 723//4 3741//4
f 6501//4 6598//4 647//4
f 6501//4 3738//4 6598//4
f 3738//4 723//4 6598//4
f 3738//4 3574//4 723//4
f 3738//4 3739//4 3574//4
f 3739//4 363//4 3574//4
f 5888//6 5891//6 366//6
f 5888//6 5890//6 5891//6
f 5890//6 1086//6 5891//6
f 4362//6 5890//6 1805//6
f 4362//6 4451//6 5890//6
f 4451//6 1086//6 5890//6
f 4451//6 6993//6 1086//6
f 4451//6 7315//6 6993//6
f 7315//6 96//6 6993//6
f 5184//6 5080//6 285//6
f 5184//6 5889//6 5080//6
f 5889//6 1807//6 5080//6
f 5078//6 5889//6 1806//6
f 5078//6 5183//6 5889//6
f 5183//6 1807//6 5889//6
f 5183//6 5887//6 1807//6
f 5183//6 5888//6 5887//6
f 5888//6 366//6 5887//6
f 2306//6 2309//6 105//6
f 2306//6 5182//6 2309//6
f 5182//6 726//6 2309//6
f 5081//6 5182//6 645//6
f 5081//6 5886//6 5182//6
f 5886//6 726//6 5182//6
f 5886//6 5710//6 726//6
f 5886//6 5887//6 5710//6
f 5887//6 366//6 5710//6
f 2304//6 2308//6 369//6
f 2304//6 2307//6 2308//6
f 2307//6 1089//6 2308//6
f 5083//6 2307//6 1808//6
f 5083//6 5181//6 2307//6
f 5181//6 1089//6 2307//6
f 5181//6 1987//6 1089//6
f 5181//6 2306//6 1987//6
f 2306//6 105//6 1987//6
f 5885//6 5782//6 286//6
f 5885//6 2305//6 5782//6
f 2305//6 1810//6 5782//6
f 7219//6 2305//6 1809//6
f 7219//6 7320//6 2305//6
f 7320//6 1810//6 2305//6
f 7320//6 2303//6 1810//6
f 7320//6 2304//6 2303//6
f 2304//6 369//6 2303//6
f 3029//6 3030//6 106//6
f 3029//6 5884//6 3030//6
f 5884//6 729//6 3030//6
f 5783//6 5884//6 646//6
f 5783//6 2302//6 5884//6
f 2302//6 729//6 5884//6
f 2302//6 2136//6 729//6
f 2302//6 2303//6 2136//6
f 2303//6 369//6 2136//6
f 4447//2 4450//2 372//2
f 4447//2 4449//2 4450//2
f 4449//2 1092//2 4450//2
f 3640//2 4449//2 1811//2
f 3640//2 3737//2 4449//2
f 3737//2 1092//2 4449//2
f 3737//2 6276//2 1092//2
f 3737//2 6597//2 6276//2
f 6597//2 103//2 6276//2
f 7319//2 7221//2 280//2
f 7319//2 4448//2 7221//2
f 4448//2 1813//2 7221//2
f 3642//2 4448//2 1812//2
f 3642//2 3736//2 4448//2
f 3736//2 1813//2 4448//2
f 3736//2 4445//2 1813//2
f 3736//2 4447//2 4445//2
f 4447//2 372//2 4445//2
f 4443//2 4446//2 100//2
f 4443//2 7318//2 4446//2
f 7318//2 732//2 4446//2
f 7222//2 7318//2 640//2
f 7222//2 4444//2 7318//2
f 4444//2 732//2 7318//2
f 4444//2 4286//2 732//2
f 4444//2 4445//2 4286//2
f 4445//2 372//2 4286//2
f 6593//2 6596//2 375//2
f 6593//2 6595//2 6596//2
f 6595//2 1095//2 6596//2
f 7224//2 6595//2 1814//2
f 7224//2 7317//2 6595//2
f 7317//2 1095//2 6595//2
f 7317//2 4137//2 1095//2
f 7317//2 4443//2 4137//2
f 4443//2 100//2 4137//2
f 2301//2 2199//2 281//2
f 2301//2 6594//2 2199//2
f 6594//2 1816//2 2199//2
f 5784//2 6594//2 1815//2
f 5784//2 5883//2 6594//2
f 5883//2 1816//2 6594//2
f 5883//2 6592//2 1816//2
f 5883//2 6593//2 6592//2
f 6593//2 375//2 6592//2
f 5179//2 5180//2 101//2
f 5179//2 2300//2 5180//2
f 2300//2 735//2 5180//2
f 2200//2 2300//2 641//2
f 2200//2 6591//2 2300//2
f 6591//2 735//2 2300//2
f 6591//2 6425//2 735//2
f 6591//2 6592//2 6425//2
f 6592//2 375//2 6425//2
f 3025//1 3028//1 378//1
f 3025//1 3027//1 3028//1
f 3027//1 1098//1 3028//1
f 5787//1 3027//1 1817//1
f 5787//1 5882//1 3027//1
f 5882//1 1098//1 3027//1
f 5882//1 2705//1 1098//1
f 5882//1 2695//1 2705//1
f 2695//1 98//1 2705//1
f 3735//1 3644//1 275//1
f 3735//1 3026//1 3644//1
f 3026//1 1819//1 3644//1
f 2201//1 3026//1 1818//1
f 2201//1 2299//1 3026//1
f 2299//1 1819//1 3026//1
f 2299//1 3024//1 1819//1
f 2299//1 3025//1 3024//1
f 3025//1 378//1 3024//1
f 6589//1 6590//1 95//1
f 6589//1 3734//1 6590//1
f 3734//1 738//1 6590//1
f 3645//1 3734//1 635//1
f 3645//1 3023//1 3734//1
f 3023//1 738//1 3734//1
f 3023//1 2845//1 738//1
f 3023//1 3024//1 2845//1
f 3024//1 378//1 2845//1
f 5175//1 5178//1 381//1
f 5175//1 5177//1 5178//1
f 5177//1 1101//1 5178//1
f 3647//1 5177//1 1820//1
f 3647//1 3733//1 5177//1
f 3733//1 1101//1 5177//1
f 3733//1 6280//1 1101//1
f 3733//1 6589//1 6280//1
f 6589//1 95//1 6280//1
f 4442//1 4365//1 276//1
f 4442//1 5176//1 4365//1
f 5176//1 1822//1 4365//1
f 4364//1 5176//1 1821//1
f 4364//1 4441//1 5176//1
f 4441//1 1822//1 5176//1
f 4441//1 5174//1 1822//1
f 4441//1 5175//1 5174//1
f 5175//1 381//1 5174//1
f 7315//1 7316//1 96//1
f 7315//1 4440//1 7316//1
f 4440//1 741//1 7316//1
f 4366//1 4440//1 636//1
f 4366//1 5173//1 4440//1
f 5173//1 741//1 4440//1
f 5173//1 4994//1 741//1
f 5173//1 5174//1 4994//1
f 5174//1 381//1 4994//1
f 7311//3 7314//3 384//3
f 7311//3 7313//3 7314//3
f 7313//3 1104//3 7314//3
f 2930//3 7313//3 1823//3
f 2930//3 3022//3 7313//3
f 3022//3 1104//3 7313//3
f 3022//3 6999//3 1104//3
f 3022//3 7007//3 6999//3
f 7007//3 80//3 6999//3
f 3021//3 2933//3 274//3
f 3021//3 7312//3 2933//3
f 7312//3 1825//3 2933//3
f 6502//3 7312//3 1824//3
f 6502//3 6588//3 7312//3
f 6588//3 1825//3 7312//3
f 6588//3 7310//3 1825//3
f 6588//3 7311//3 7310//3
f 7311//3 384//3 7310//3
f 5880//3 5881//3 94//3
f 5880//3 3020//3 5881//3
f 3020//3 744//3 5881//3
f 2934//3 3020//3 634//3
f 2934//3 7309//3 3020//3
f 7309//3 744//3 3020//3
f 7309//3 7131//3 744//3
f 7309//3 7310//3 7131//3
f 7310//3 384//3 7131//3
f 3729//3 3732//3 387//3
f 3729//3 3731//3 3732//3
f 3731//3 1107//3 3732//3
f 2936//3 3731//3 1826//3
f 2936//3 3019//3 3731//3
f 3019//3 1107//3 3731//3
f 3019//3 5566//3 1107//3
f 3019//3 5880//3 5566//3
f 5880//3 94//3 5566//3
f 2298//3 2203//3 273//3
f 2298//3 3730//3 2203//3
f 3730//3 1828//3 2203//3
f 2938//3 3730//3 1827//3
f 2938//3 3018//3 3730//3
f 3018//3 1828//3 3730//3
f 3018//3 3728//3 1828//3
f 3018//3 3729//3 3728//3
f 3729//3 387//3 3728//3
f 5171//3 5172//3 93//3
f 5171//3 2297//3 5172//3
f 2297//3 747//3 5172//3
f 2204//3 2297//3 633//3
f 2204//3 3727//3 2297//3
f 3727//3 747//3 2297//3
f 3727//3 3552//3 747//3
f 3727//3 3728//3 3552//3
f 3728//3 387//3 3552//3
f 5876//5 5879//5 390//5
f 5876//5 5878//5 5879//5
f 5878//5 1110//5 5879//5
f 5087//5 5878//5 1829//5
f 5087//5 5170//5 5878//5
f 5170//5 1110//5 5878//5
f 5170//5 1994//5 1110//5
f 5170//5 2296//5 1994//5
f 2296//5 81//5 1994//5
f 7308//5 7227//5 272//5
f 7308//5 5877//5 7227//5
f 5877//5 1831//5 7227//5
f 5089//5 5877//5 1830//5
f 5089//5 5169//5 5877//5
f 5169//5 1831//5 5877//5
f 5169//5 5875//5 1831//5
f 5169//5 5876//5 5875//5
f 5876//5 390//5 5875//5
f 4438//5 4439//5 92//5
f 4438//5 7307//5 4439//5
f 7307//5 750//5 4439//5
f 7228//5 7307//5 632//5
f 7228//5 5874//5 7307//5
f 5874//5 750//5 7307//5
f 5874//5 5688//5 750//5
f 5874//5 5875//5 5688//5
f 5875//5 390//5 5688//5
f 2292//5 2295//5 393//5
f 2292//5 2294//5 2295//5
f 2294//5 1113//5 2295//5
f 7230//5 2294//5 1832//5
f 7230//5 7306//5 2294//5
f 7306//5 1113//5 2294//5
f 7306//5 4145//5 1113//5
f 7306//5 4438//5 4145//5
f 4438//5 92//5 4145//5
f 6587//5 6504//5 271//5
f 6587//5 2293//5 6504//5
f 2293//5 1834//5 6504//5
f 7232//5 2293//5 1833//5
f 7232//5 7305//5 2293//5
f 7305//5 1834//5 2293//5
f 7305//5 2291//5 1834//5
f 7305//5 2292//5 2291//5
f 2292//5 393//5 2291//5
f 3725//5 3726//5 91//5
f 3725//5 6586//5 3726//5
f 6586//5 753//5 3726//5
f 6505//5 6586//5 631//5
f 6505//5 2290//5 6586//5
f 2290//5 753//5 6586//5
f 2290//5 2110//5 753//5
f 2290//5 2291//5 2110//5
f 2291//5 393//5 2110//5
f 4434//4 4437//4 396//4
f 4434//4 4436//4 4437//4
f 4436//4 1116//4 4437//4
f 3651//4 4436//4 1835//4
f 3651//4 3724//4 4436//4
f 3724//4 1116//4 4436//4
f 3724//4 6285//4 1116//4
f 3724//4 6585//4 6285//4
f 6585//4 79//4 6285//4
f 5873//4 5790//4 270//4
f 5873//4 4435//4 5790//4
f 4435//4 1837//4 5790//4
f 3653//4 4435//4 1836//4
f 3653//4 3723//4 4435//4
f 3723//4 1837//4 4435//4
f 3723//4 4433//4 1837//4
f 3723//4 4434//4 4433//4
f 4434//4 396//4 4433//4
f 3016//4 3017//4 90//4
f 3016//4 5872//4 3017//4
f 5872//4 756//4 3017//4
f 5791//4 5872//4 630//4
f 5791//4 4432//4 5872//4
f 4432//4 756//4 5872//4
f 4432//4 4262//4 756//4
f 4432//4 4433//4 4262//4
f 4433//4 396//4 4262//4
f 6581//4 6584//4 399//4
f 6581//4 6583//4 6584//4
f 6583//4 1119//4 6584//4
f 5793//4 6583//4 1838//4
f 5793//4 5871//4 6583//4
f 5871//4 1119//4 6583//4
f 5871//4 2711//4 1119//4
f 5871//4 3016//4 2711//4
f 3016//4 90//4 2711//4
f 5168//4 5091//4 269//4
f 5168//4 6582//4 5091//4
f 6582//4 1840//4 5091//4
f 5795//4 6582//4 1839//4
f 5795//4 5870//4 6582//4
f 5870//4 1840//4 6582//4
f 5870//4 6580//4 1840//4
f 5870//4 6581//4 6580//4
f 6581//4 399//4 6580//4
f 2288//4 2289//4 89//4
f 2288//4 5167//4 2289//4
f 5167//4 759//4 2289//4
f 5092//4 5167//4 629//4
f 5092//4 6579//4 5167//4
f 6579//4 759//4 5167//4
f 6579//4 6403//4 759//4
f 6579//4 6580//4 6403//4
f 6580//4 399//4 6403//4
f 3011//6 3015//6 402//6
f 3011//6 3014//6 3015//6
f 3014//6 1122//6 3015//6
f 2941//6 3014//6 1841//6
f 2941//6 3013//6 3014//6
f 3013//6 1122//6 3014//6
f 3013//6 5571//6 1122//6
f 3013//6 5859//6 5571//6
f 5859//6 78//6 5571//6
f 3722//6 3655//6 267//6
f 3722//6 3012//6 3655//6
f 3012//6 1843//6 3655//6
f 2205//6 3012//6 1842//6
f 2205//6 2287//6 3012//6
f 2287//6 1843//6 3012//6
f 2287//6 3010//6 1843//6
f 2287//6 3011//6 3010//6
f 3011//6 402//6 3010//6
f 6577//6 6578//6 87//6
f 6577//6 3721//6 6578//6
f 3721//6 762//6 6578//6
f 3656//6 3721//6 627//6
f 3656//6 3009//6 3721//6
f 3009//6 762//6 3721//6
f 3009//6 2826//6 762//6
f 3009//6 3010//6 2826//6
f 3010//6 402//6 2826//6
f 5163//6 5166//6 405//6
f 5163//6 5165//6 5166//6
f 5165//6 1125//6 5166//6
f 3658//6 5165//6 1844//6
f 3658//6 3720//6 5165//6
f 3720//6 1125//6 5165//6
f 3720//6 6289//6 1125//6
f 3720//6 6577//6 6289//6
f 6577//6 87//6 6289//6
f 4431//6 4369//6 268//6
f 4431//6 5164//6 4369//6
f 5164//6 1846//6 4369//6
f 4367//6 5164//6 1845//6
f 4367//6 4430//6 5164//6
f 4430//6 1846//6 5164//6
f 4430//6 5162//6 1846//6
f 4430//6 5163//6 5162//6
f 5163//6 405//6 5162//6
f 7303//6 7304//6 88//6
f 7303//6 4429//6 7304//6
f 4429//6 765//6 7304//6
f 4370//6 4429//6 628//6
f 4370//6 5161//6 4429//6
f 5161//6 765//6 4429//6
f 5161//6 4975//6 765//6
f 5161//6 5162//6 4975//6
f 5162//6 405//6 4975//6
f 7299//2 7302//2 408//2
f 7299//2 7301//2 7302//2
f 7301//2 1128//2 7302//2
f 2208//2 7301//2 1847//2
f 2208//2 2286//2 7301//2
f 2286//2 1128//2 7301//2
f 2286//2 4864//2 1128//2
f 2286//2 5160//2 4864//2
f 5160//2 85//2 4864//2
f 5869//2 5797//2 262//2
f 5869//2 7300//2 5797//2
f 7300//2 1849//2 5797//2
f 6506//2 7300//2 1848//2
f 6506//2 6576//2 7300//2
f 6576//2 1849//2 7300//2
f 6576//2 7298//2 1849//2
f 6576//2 7299//2 7298//2
f 7299//2 408//2 7298//2
f 3007//2 3008//2 82//2
f 3007//2 5868//2 3008//2
f 5868//2 768//2 3008//2
f 5798//2 5868//2 622//2
f 5798//2 7297//2 5868//2
f 7297//2 768//2 5868//2
f 7297//2 7106//2 768//2
f 7297//2 7298//2 7106//2
f 7298//2 408//2 7106//2
f 3716//2 3719//2 411//2
f 3716//2 3718//2 3719//2
f 3718//2 1131//2 3719//2
f 5800//2 3718//2 1850//2
f 5800//2 5867//2 3718//2
f 5867//2 1131//2 3718//2
f 5867//2 2715//2 1131//2
f 5867//2 3007//2 2715//2
f 3007//2 82//2 2715//2
f 6575//2 6508//2 263//2
f 6575//2 3717//2 6508//2
f 3717//2 1852//2 6508//2
f 2943//2 3717//2 1851//2
f 2943//2 3006//2 3717//2
f 3006//2 1852//2 3717//2
f 3006//2 3713//2 1852//2
f 3006//2 3716//2 3713//2
f 3716//2 411//2 3713//2
f 3714//2 3715//2 83//2
f 3714//2 6574//2 3715//2
f 6574//2 771//2 3715//2
f 6509//2 6574//2 623//2
f 6509//2 3712//2 6574//2
f 3712//2 771//2 6574//2
f 3712//2 3529//2 771//2
f 3712//2 3713//2 3529//2
f 3713//2 411//2 3529//2
f 5863//1 5866//1 414//1
f 5863//1 5865//1 5866//1
f 5865//1 1134//1 5866//1
f 4373//1 5865//1 1853//1
f 4373//1 4428//1 5865//1
f 4428//1 1134//1 5865//1
f 4428//1 7008//1 1134//1
f 4428//1 6998//1 7008//1
f 6998//1 80//1 7008//1
f 2285//1 2211//1 257//1
f 2285//1 5864//1 2211//1
f 5864//1 1855//1 2211//1
f 5093//1 5864//1 1854//1
f 5093//1 5159//1 5864//1
f 5159//1 1855//1 5864//1
f 5159//1 5862//1 1855//1
f 5159//1 5863//1 5862//1
f 5863//1 414//1 5862//1
f 5157//1 5158//1 77//1
f 5157//1 2284//1 5158//1
f 2284//1 774//1 5158//1
f 2212//1 2284//1 617//1
f 2212//1 5861//1 2284//1
f 5861//1 774//1 2284//1
f 5861//1 5666//1 774//1
f 5861//1 5862//1 5666//1
f 5862//1 414//1 5666//1
f 2279//1 2283//1 417//1
f 2279//1 2282//1 2283//1
f 2282//1 1137//1 2283//1
f 2214//1 2282//1 1856//1
f 2214//1 2281//1 2282//1
f 2281//1 1137//1 2282//1
f 2281//1 4869//1 1137//1
f 2281//1 5157//1 4869//1
f 5157//1 77//1 4869//1
f 3005//1 2944//1 258//1
f 3005//1 2280//1 2944//1
f 2280//1 1858//1 2944//1
f 7233//1 2280//1 1857//1
f 7233//1 7296//1 2280//1
f 7296//1 1858//1 2280//1
f 7296//1 2278//1 1858//1
f 7296//1 2279//1 2278//1
f 2279//1 417//1 2278//1
f 5859//1 5860//1 78//1
f 5859//1 3004//1 5860//1
f 3004//1 777//1 5860//1
f 2945//1 3004//1 618//1
f 2945//1 2277//1 3004//1
f 2277//1 777//1 3004//1
f 2277//1 2084//1 777//1
f 2277//1 2278//1 2084//1
f 2278//1 417//1 2084//1
f 4424//3 4427//3 420//3
f 4424//3 4426//3 4427//3
f 4426//3 1140//3 4427//3
f 7236//3 4426//3 1859//3
f 7236//3 7295//3 4426//3
f 7295//3 1140//3 4426//3
f 7295//3 5576//3 1140//3
f 7295//3 5585//3 5576//3
f 5585//3 62//3 5576//3
f 7294//3 7239//3 256//3
f 7294//3 4425//3 7239//3
f 4425//3 1861//3 7239//3
f 3660//3 4425//3 1860//3
f 3660//3 3711//3 4425//3
f 3711//3 1861//3 4425//3
f 3711//3 4422//3 1861//3
f 3711//3 4424//3 4422//3
f 4424//3 420//3 4422//3
f 4420//3 4423//3 76//3
f 4420//3 7293//3 4423//3
f 7293//3 780//3 4423//3
f 7240//3 7293//3 616//3
f 7240//3 4421//3 7293//3
f 4421//3 780//3 7293//3
f 4421//3 4234//3 780//3
f 4421//3 4422//3 4234//3
f 4422//3 420//3 4234//3
f 6569//3 6573//3 423//3
f 6569//3 6572//3 6573//3
f 6572//3 1143//3 6573//3
f 7242//3 6572//3 1862//3
f 7242//3 7292//3 6572//3
f 7292//3 1143//3 6572//3
f 7292//3 4153//3 1143//3
f 7292//3 4420//3 4153//3
f 4420//3 76//3 4153//3
f 6571//3 6511//3 255//3
f 6571//3 6570//3 6511//3
f 6570//3 1864//3 6511//3
f 5802//3 6570//3 1863//3
f 5802//3 5858//3 6570//3
f 5858//3 1864//3 6570//3
f 5858//3 6567//3 1864//3
f 5858//3 6569//3 6567//3
f 6569//3 423//3 6567//3
f 3709//3 3710//3 75//3
f 3709//3 6568//3 3710//3
f 6568//3 783//3 3710//3
f 6512//3 6568//3 615//3
f 6512//3 6566//3 6568//3
f 6566//3 783//3 6568//3
f 6566//3 6377//3 783//3
f 6566//3 6567//3 6377//3
f 6567//3 423//3 6377//3
f 3000//5 3003//5 426//5
f 3000//5 3002//5 3003//5
f 3002//5 1146//5 3003//5
f 3663//5 3002//5 1865//5
f 3663//5 3708//5 3002//5
f 3708//5 1146//5 3002//5
f 3708//5 6296//5 1146//5
f 3708//5 6565//5 6296//5
f 6565//5 63//5 6296//5
f 5857//5 5804//5 254//5
f 5857//5 3001//5 5804//5
f 3001//5 1867//5 5804//5
f 2216//5 3001//5 1866//5
f 2216//5 2276//5 3001//5
f 2276//5 1867//5 3001//5
f 2276//5 2998//5 1867//5
f 2276//5 3000//5 2998//5
f 3000//5 426//5 2998//5
f 2996//5 2999//5 74//5
f 2996//5 5856//5 2999//5
f 5856//5 786//5 2999//5
f 5805//5 5856//5 614//5
f 5805//5 2997//5 5856//5
f 2997//5 786//5 5856//5
f 2997//5 2799//5 786//5
f 2997//5 2998//5 2799//5
f 2998//5 426//5 2799//5
f 5152//5 5156//5 429//5
f 5152//5 5155//5 5156//5
f 5155//5 1149//5 5156//5
f 5807//5 5155//5 1868//5
f 5807//5 5855//5 5155//5
f 5855//5 1149//5 5155//5
f 5855//5 2723//5 1149//5
f 5855//5 2996//5 2723//5
f 2996//5 74//5 2723//5
f 5154//5 5095//5 253//5
f 5154//5 5153//5 5095//5
f 5153//5 1870//5 5095//5
f 4375//5 5153//5 1869//5
f 4375//5 4419//5 5153//5
f 4419//5 1870//5 5153//5
f 4419//5 5150//5 1870//5
f 4419//5 5152//5 5150//5
f 5152//5 429//5 5150//5
f 2274//5 2275//5 73//5
f 2274//5 5151//5 2275//5
f 5151//5 789//5 2275//5
f 5096//5 5151//5 613//5
f 5096//5 5149//5 5151//5
f 5149//5 789//5 5151//5
f 5149//5 4953//5 789//5
f 5149//5 5150//5 4953//5
f 5150//5 429//5 4953//5
f 7288//4 7291//4 432//4
f 7288//4 7290//4 7291//4
f 7290//4 1152//4 7291//4
f 2219//4 7290//4 1871//4
f 2219//4 2273//4 7290//4
f 2273//4 1152//4 7290//4
f 2273//4 4873//4 1152//4
f 2273//4 5148//4 4873//4
f 5148//4 61//4 4873//4
f 4418//4 4377//4 252//4
f 4418//4 7289//4 4377//4
f 7289//4 1873//4 4377//4
f 6513//4 7289//4 1872//4
f 6513//4 6564//4 7289//4
f 6564//4 1873//4 7289//4
f 6564//4 7286//4 1873//4
f 6564//4 7288//4 7286//4
f 7288//4 432//4 7286//4
f 7284//4 7287//4 72//4
f 7284//4 4417//4 7287//4
f 4417//4 792//4 7287//4
f 4378//4 4417//4 612//4
f 4378//4 7285//4 4417//4
f 7285//4 792//4 4417//4
f 7285//4 7087//4 792//4
f 7285//4 7286//4 7087//4
f 7286//4 432//4 7087//4
f 3703//4 3707//4 435//4
f 3703//4 3706//4 3707//4
f 3706//4 1155//4 3707//4
f 4380//4 3706//4 1874//4
f 4380//4 4416//4 3706//4
f 4416//4 1155//4 3706//4
f 4416//4 7014//4 1155//4
f 4416//4 7284//4 7014//4
f 7284//4 72//4 7014//4
f 3705//4 3666//4 251//4
f 3705//4 3704//4 3666//4
f 3704//4 1876//4 3666//4
f 2946//4 3704//4 1875//4
f 2946//4 2995//4 3704//4
f 2995//4 1876//4 3704//4
f 2995//4 3701//4 1876//4
f 2995//4 3703//4 3701//4
f 3703//4 435//4 3701//4
f 6562//4 6563//4 71//4
f 6562//4 3702//4 6563//4
f 3702//4 795//4 6563//4
f 3667//4 3702//4 611//4
f 3667//4 3700//4 3702//4
f 3700//4 795//4 3702//4
f 3700//4 3510//4 795//4
f 3700//4 3701//4 3510//4
f 3701//4 435//4 3510//4
f 5851//6 5854//6 438//6
f 5851//6 5853//6 5854//6
f 5853//6 1158//6 5854//6
f 7246//6 5853//6 1877//6
f 7246//6 7283//6 5853//6
f 7283//6 1158//6 5853//6
f 7283//6 4159//6 1158//6
f 7283//6 4404//6 4159//6
f 4404//6 60//6 4159//6
f 2272//6 2222//6 249//6
f 2272//6 5852//6 2222//6
f 5852//6 1879//6 2222//6
f 5097//6 5852//6 1878//6
f 5097//6 5147//6 5852//6
f 5147//6 1879//6 5852//6
f 5147//6 5850//6 1879//6
f 5147//6 5851//6 5850//6
f 5851//6 438//6 5850//6
f 5145//6 5146//6 69//6
f 5145//6 2271//6 5146//6
f 2271//6 798//6 5146//6
f 2223//6 2271//6 609//6
f 2223//6 5849//6 2271//6
f 5849//6 798//6 2271//6
f 5849//6 5641//6 798//6
f 5849//6 5850//6 5641//6
f 5850//6 438//6 5641//6
f 2266//6 2270//6 441//6
f 2266//6 2269//6 2270//6
f 2269//6 1161//6 2270//6
f 2225//6 2269//6 1880//6
f 2225//6 2268//6 2269//6
f 2268//6 1161//6 2269//6
f 2268//6 4878//6 1161//6
f 2268//6 5145//6 4878//6
f 5145//6 69//6 4878//6
f 2994//6 2948//6 250//6
f 2994//6 2267//6 2948//6
f 2267//6 1882//6 2948//6
f 7248//6 2267//6 1881//6
f 7248//6 7282//6 2267//6
f 7282//6 1882//6 2267//6
f 7282//6 2265//6 1882//6
f 7282//6 2266//6 2265//6
f 2266//6 441//6 2265//6
f 5847//6 5848//6 70//6
f 5847//6 2993//6 5848//6
f 2993//6 801//6 5848//6
f 2949//6 2993//6 610//6
f 2949//6 2264//6 2993//6
f 2264//6 801//6 2993//6
f 2264//6 2061//6 801//6
f 2264//6 2265//6 2061//6
f 2265//6 441//6 2061//6
f 4411//2 4415//2 444//2
f 4411//2 4414//2 4415//2
f 4414//2 1164//2 4415//2
f 6516//2 4414//2 1883//2
f 6516//2 6561//2 4414//2
f 6561//2 1164//2 4414//2
f 6561//2 3439//2 1164//2
f 6561//2 3699//2 3439//2
f 3699//2 67//2 3439//2
f 4413//2 4383//2 244//2
f 4413//2 4412//2 4383//2
f 4412//2 1885//2 4383//2
f 3668//2 4412//2 1884//2
f 3668//2 3698//2 4412//2
f 3698//2 1885//2 4412//2
f 3698//2 4409//2 1885//2
f 3698//2 4411//2 4409//2
f 4411//2 444//2 4409//2
f 7280//2 7281//2 64//2
f 7280//2 4410//2 7281//2
f 4410//2 804//2 7281//2
f 4384//2 4410//2 604//2
f 4384//2 4408//2 4410//2
f 4408//2 804//2 4410//2
f 4408//2 4212//2 804//2
f 4408//2 4409//2 4212//2
f 4409//2 444//2 4212//2
f 6557//2 6560//2 447//2
f 6557//2 6559//2 6560//2
f 6559//2 1167//2 6560//2
f 4386//2 6559//2 1886//2
f 4386//2 4407//2 6559//2
f 4407//2 1167//2 6559//2
f 4407//2 7019//2 1167//2
f 4407//2 7280//2 7019//2
f 7280//2 64//2 7019//2
f 5144//2 5099//2 245//2
f 5144//2 6558//2 5099//2
f 6558//2 1888//2 5099//2
f 5809//2 6558//2 1887//2
f 5809//2 5846//2 6558//2
f 5846//2 1888//2 6558//2
f 5846//2 6556//2 1888//2
f 5846//2 6557//2 6556//2
f 6557//2 447//2 6556//2
f 2262//2 2263//2 65//2
f 2262//2 5143//2 2263//2
f 5143//2 807//2 2263//2
f 5100//2 5143//2 605//2
f 5100//2 6555//2 5143//2
f 6555//2 807//2 5143//2
f 6555//2 6351//2 807//2
f 6555//2 6556//2 6351//2
f 6556//2 447//2 6351//2
f 2988//1 2992//1 450//1
f 2988//1 2991//1 2992//1
f 2991//1 1170//1 2992//1
f 2952//1 2991//1 1889//1
f 2952//1 2990//1 2991//1
f 2990//1 1170//1 2991//1
f 2990//1 5586//1 1170//1
f 2990//1 5575//1 5586//1
f 5575//1 62//1 5586//1
f 6554//1 6519//1 239//1
f 6554//1 2989//1 6519//1
f 2989//1 1891//1 6519//1
f 2227//1 2989//1 1890//1
f 2227//1 2261//1 2989//1
f 2261//1 1891//1 2989//1
f 2261//1 2987//1 1891//1
f 2261//1 2988//1 2987//1
f 2988//1 450//1 2987//1
f 3696//1 3697//1 59//1
f 3696//1 6553//1 3697//1
f 6553//1 810//1 3697//1
f 6520//1 6553//1 599//1
f 6520//1 2986//1 6553//1
f 2986//1 810//1 6553//1
f 2986//1 2771//1 810//1
f 2986//1 2987//1 2771//1
f 2987//1 450//1 2771//1
f 5139//1 5142//1 453//1
f 5139//1 5141//1 5142//1
f 5141//1 1173//1 5142//1
f 6522//1 5141//1 1892//1
f 6522//1 6552//1 5141//1
f 6552//1 1173//1 5141//1
f 6552//1 3445//1 1173//1
f 6552//1 3696//1 3445//1
f 3696//1 59//1 3445//1
f 7279//1 7249//1 240//1
f 7279//1 5140//1 7249//1
f 5140//1 1894//1 7249//1
f 4388//1 5140//1 1893//1
f 4388//1 4406//1 5140//1
f 4406//1 1894//1 5140//1
f 4406//1 5138//1 1894//1
f 4406//1 5139//1 5138//1
f 5139//1 453//1 5138//1
f 4404//1 4405//1 60//1
f 4404//1 7278//1 4405//1
f 7278//1 813//1 4405//1
f 7250//1 7278//1 600//1
f 7250//1 5137//1 7278//1
f 5137//1 813//1 7278//1
f 5137//1 4927//1 813//1
f 5137//1 5138//1 4927//1
f 5138//1 453//1 4927//1
f 7274//6 7277//6 456//6
f 7274//6 7276//6 7277//6
f 7276//6 1176//6 7277//6
f 5812//6 7276//6 1895//6
f 5812//6 5845//6 7276//6
f 5845//6 1176//6 7276//6
f 5845//6 2730//6 1176//6
f 5845//6 2968//6 2730//6
f 2968//6 42//6 2730//6
f 5844//6 5815//6 238//6
f 5844//6 7275//6 5815//6
f 7275//6 1897//6 5815//6
f 6524//6 7275//6 1896//6
f 6524//6 6551//6 7275//6
f 6551//6 1897//6 7275//6
f 6551//6 7273//6 1897//6
f 6551//6 7274//6 7273//6
f 7274//6 456//6 7273//6
f 2984//6 2985//6 58//6
f 2984//6 5843//6 2985//6
f 5843//6 816//6 2985//6
f 5816//6 5843//6 598//6
f 5816//6 7272//6 5843//6
f 7272//6 816//6 5843//6
f 7272//6 7064//6 816//6
f 7272//6 7273//6 7064//6
f 7273//6 456//6 7064//6
f 3692//6 3695//6 459//6
f 3692//6 3694//6 3695//6
f 3694//6 1179//6 3695//6
f 5818//6 3694//6 1898//6
f 5818//6 5842//6 3694//6
f 5842//6 1179//6 3694//6
f 5842//6 2734//6 1179//6
f 5842//6 2984//6 2734//6
f 2984//6 58//6 2734//6
f 2260//6 2229//6 233//6
f 2260//6 3693//6 2229//6
f 3693//6 1900//6 2229//6
f 2954//6 3693//6 1899//6
f 2954//6 2983//6 3693//6
f 2983//6 1900//6 3693//6
f 2983//6 3691//6 1900//6
f 2983//6 3692//6 3691//6
f 3692//6 459//6 3691//6
f 5130//6 5136//6 53//6
f 5130//6 2259//6 5136//6
f 2259//6 819//6 5136//6
f 2230//6 2259//6 593//6
f 2230//6 3690//6 2259//6
f 3690//6 819//6 2259//6
f 3690//6 3491//6 819//6
f 3690//6 3691//6 3491//6
f 3691//6 459//6 3491//6
f 5838//5 5841//5 462//5
f 5838//5 5840//5 5841//5
f 5840//5 1182//5 5841//5
f 2233//5 5840//5 1901//5
f 2233//5 2258//5 5840//5
f 2258//5 1182//5 5840//5
f 2258//5 4886//5 1182//5
f 2258//5 5135//5 4886//5
f 5135//5 45//5 4886//5
f 5134//5 5103//5 237//5
f 5134//5 5839//5 5103//5
f 5839//5 1903//5 5103//5
f 5101//5 5839//5 1902//5
f 5101//5 5133//5 5839//5
f 5133//5 1903//5 5839//5
f 5133//5 5837//5 1903//5
f 5133//5 5838//5 5837//5
f 5838//5 462//5 5837//5
f 2254//5 2257//5 57//5
f 2254//5 5132//5 2257//5
f 5132//5 822//5 2257//5
f 5104//5 5132//5 597//5
f 5104//5 5836//5 5132//5
f 5836//5 822//5 5132//5
f 5836//5 5622//5 822//5
f 5836//5 5837//5 5622//5
f 5837//5 462//5 5622//5
f 2252//5 2256//5 465//5
f 2252//5 2255//5 2256//5
f 2255//5 1185//5 2256//5
f 5106//5 2255//5 1904//5
f 5106//5 5131//5 2255//5
f 5131//5 1185//5 2255//5
f 5131//5 2013//5 1185//5
f 5131//5 2254//5 2013//5
f 2254//5 57//5 2013//5
f 4403//5 4390//5 236//5
f 4403//5 2253//5 4390//5
f 2253//5 1906//5 4390//5
f 7251//5 2253//5 1905//5
f 7251//5 7271//5 2253//5
f 7271//5 1906//5 2253//5
f 7271//5 2251//5 1906//5
f 7271//5 2252//5 2251//5
f 2252//5 465//5 2251//5
f 7269//5 7270//5 56//5
f 7269//5 4402//5 7270//5
f 4402//5 825//5 7270//5
f 4391//5 4402//5 596//5
f 4391//5 2250//5 4402//5
f 2250//5 825//5 4402//5
f 2250//5 2045//5 825//5
f 2250//5 2251//5 2045//5
f 2251//5 465//5 2045//5
f 4398//4 4401//4 468//4
f 4398//4 4400//4 4401//4
f 4400//4 1188//4 4401//4
f 6527//4 4400//4 1907//4
f 6527//4 6550//4 4400//4
f 6550//4 1188//4 4400//4
f 6550//4 3449//4 1188//4
f 6550//4 3689//4 3449//4
f 3689//4 43//4 3449//4
f 2982//4 2956//4 234//4
f 2982//4 4399//4 2956//4
f 4399//4 1909//4 2956//4
f 3669//4 4399//4 1908//4
f 3669//4 3688//4 4399//4
f 3688//4 1909//4 4399//4
f 3688//4 4397//4 1909//4
f 3688//4 4398//4 4397//4
f 4398//4 468//4 4397//4
f 5834//4 5835//4 54//4
f 5834//4 2981//4 5835//4
f 2981//4 828//4 5835//4
f 2957//4 2981//4 594//4
f 2957//4 4396//4 2981//4
f 4396//4 828//4 2981//4
f 4396//4 4187//4 828//4
f 4396//4 4397//4 4187//4
f 4397//4 468//4 4187//4
f 6546//4 6549//4 471//4
f 6546//4 6548//4 6549//4
f 6548//4 1191//4 6549//4
f 2959//4 6548//4 1910//4
f 2959//4 2980//4 6548//4
f 2980//4 1191//4 6548//4
f 2980//4 5591//4 1191//4
f 2980//4 5834//4 5591//4
f 5834//4 54//4 5591//4
f 3687//4 3671//4 235//4
f 3687//4 6547//4 3671//4
f 6547//4 1912//4 3671//4
f 5820//4 6547//4 1911//4
f 5820//4 5833//4 6547//4
f 5833//4 1912//4 6547//4
f 5833//4 6543//4 1912//4
f 5833//4 6546//4 6543//4
f 6546//4 471//4 6543//4
f 6544//4 6545//4 55//4
f 6544//4 3686//4 6545//4
f 3686//4 831//4 6545//4
f 3672//4 3686//4 595//4
f 3672//4 6542//4 3686//4
f 6542//4 831//4 3686//4
f 6542//4 6329//4 831//4
f 6542//4 6543//4 6329//4
f 6543//4 471//4 6329//4
f 2976//3 2979//3 474//3
f 2976//3 2978//3 2979//3
f 2978//3 1194//3 2979//3
f 2236//3 2978//3 1913//3
f 2236//3 2249//3 2978//3
f 2249//3 1194//3 2978//3
f 2249//3 4891//3 1194//3
f 2249//3 5130//3 4891//3
f 5130//3 53//3 4891//3
f 6541//3 6530//3 231//3
f 6541//3 2977//3 6530//3
f 2977//3 1915//3 6530//3
f 2238//3 2977//3 1914//3
f 2238//3 2248//3 2977//3
f 2248//3 1915//3 2977//3
f 2248//3 2975//3 1915//3
f 2248//3 2976//3 2975//3
f 2976//3 474//3 2975//3
f 3684//3 3685//3 51//3
f 3684//3 6540//3 3685//3
f 6540//3 834//3 3685//3
f 6531//3 6540//3 591//3
f 6531//3 2974//3 6540//3
f 2974//3 834//3 6540//3
f 2974//3 2752//3 834//3
f 2974//3 2975//3 2752//3
f 2975//3 474//3 2752//3
f 5126//3 5129//3 477//3
f 5126//3 5128//3 5129//3
f 5128//3 1197//3 5129//3
f 6533//3 5128//3 1916//3
f 6533//3 6539//3 5128//3
f 6539//3 1197//3 5128//3
f 6539//3 3455//3 1197//3
f 6539//3 3684//3 3455//3
f 3684//3 51//3 3455//3
f 7268//3 7253//3 224//3
f 7268//3 5127//3 7253//3
f 5127//3 1918//3 7253//3
f 4392//3 5127//3 1917//3
f 4392//3 4395//3 5127//3
f 4395//3 1918//3 5127//3
f 4395//3 5125//3 1918//3
f 4395//3 5126//3 5125//3
f 5126//3 477//3 5125//3
f 4393//3 4394//3 44//3
f 4393//3 7267//3 4394//3
f 7267//3 837//3 4394//3
f 7254//3 7267//3 584//3
f 7254//3 5124//3 7267//3
f 5124//3 837//3 7267//3
f 5124//3 4901//3 837//3
f 5124//3 5125//3 4901//3
f 5125//3 477//3 4901//3
f 7263//2 7266//2 480//2
f 7263//2 7265//2 7266//2
f 7265//2 1200//2 7266//2
f 5110//2 7265//2 1919//2
f 5110//2 5123//2 7265//2
f 5123//2 1200//2 7265//2
f 5123//2 2017//2 1200//2
f 5123//2 2247//2 2017//2
f 2247//2 49//2 2017//2
f 2973//2 2962//2 226//2
f 2973//2 7264//2 2962//2
f 7264//2 1921//2 2962//2
f 6535//2 7264//2 1920//2
f 6535//2 6538//2 7264//2
f 6538//2 1921//2 7264//2
f 6538//2 7262//2 1921//2
f 6538//2 7263//2 7262//2
f 7263//2 480//2 7262//2
f 5831//2 5832//2 46//2
f 5831//2 2972//2 5832//2
f 2972//2 840//2 5832//2
f 2963//2 2972//2 586//2
f 2963//2 7261//2 2972//2
f 7261//2 840//2 2972//2
f 7261//2 7042//2 840//2
f 7261//2 7262//2 7042//2
f 7262//2 480//2 7042//2
f 3679//2 3683//2 483//2
f 3679//2 3682//2 3683//2
f 3682//2 1203//2 3683//2
f 2965//2 3682//2 1922//2
f 2965//2 2971//2 3682//2
f 2971//2 1203//2 3682//2
f 2971//2 5597//2 1203//2
f 2971//2 5831//2 5597//2
f 5831//2 46//2 5597//2
f 3681//2 3674//2 227//2
f 3681//2 3680//2 3674//2
f 3680//2 1924//2 3674//2
f 2967//2 3680//2 1923//2
f 2967//2 2970//2 3680//2
f 2970//2 1924//2 3680//2
f 2970//2 3677//2 1924//2
f 2970//2 3679//2 3677//2
f 3679//2 483//2 3677//2
f 6536//2 6537//2 47//2
f 6536//2 3678//2 6537//2
f 3678//2 843//2 6537//2
f 3675//2 3678//2 587//2
f 3675//2 3676//2 3678//2
f 3676//2 843//2 3678//2
f 3676//2 3465//2 843//2
f 3676//2 3677//2 3465//2
f 3677//2 483//2 3465//2
f 5827//1 5830//1 486//1
f 5827//1 5829//1 5830//1
f 5829//1 1206//1 5830//1
f 7256//1 5829//1 1925//1
f 7256//1 7260//1 5829//1
f 7260//1 1206//1 5829//1
f 7260//1 4170//1 1206//1
f 7260//1 4393//1 4170//1
f 4393//1 44//1 4170//1
f 5122//1 5114//1 221//1
f 5122//1 5828//1 5114//1
f 5828//1 1927//1 5114//1
f 5112//1 5828//1 1926//1
f 5112//1 5121//1 5828//1
f 5121//1 1927//1 5828//1
f 5121//1 5826//1 1927//1
f 5121//1 5827//1 5826//1
f 5827//1 486//1 5826//1
f 2243//1 2246//1 41//1
f 2243//1 5120//1 2246//1
f 5120//1 846//1 2246//1
f 5115//1 5120//1 581//1
f 5115//1 5825//1 5120//1
f 5825//1 846//1 5120//1
f 5825//1 5600//1 846//1
f 5825//1 5826//1 5600//1
f 5826//1 486//1 5600//1
f 2241//1 2245//1 489//1
f 2241//1 2244//1 2245//1
f 2244//1 1209//1 2245//1
f 5117//1 2244//1 1928//1
f 5117//1 5119//1 2244//1
f 5119//1 1209//1 2244//1
f 5119//1 2022//1 1209//1
f 5119//1 2243//1 2022//1
f 2243//1 41//1 2022//1
f 5824//1 5821//1 222//1
f 5824//1 2242//1 5821//1
f 2242//1 1930//1 5821//1
f 7258//1 2242//1 1929//1
f 7258//1 7259//1 2242//1
f 7259//1 1930//1 2242//1
f 7259//1 2240//1 1930//1
f 7259//1 2241//1 2240//1
f 2241//1 489//1 2240//1
f 2968//1 2969//1 42//1
f 2968//1 5823//1 2969//1
f 5823//1 849//1 2969//1
f 5822//1 5823//1 582//1
f 5822//1 2239//1 5823//1
f 2239//1 849//1 5823//1
f 2239//1 2023//1 849//1
f 2239//1 2240//1 2023//1
f 2240//1 489//1 2023//1
f 5811//1 5822//1 582//1
f 5811//1 5821//1 5822//1
f 5821//1 1930//1 5822//1
f 5118//1 7258//1 1929//1
f 5118//1 5116//1 7258//1
f 5116//1 1928//1 7258//1
f 5116//1 5117//1 1928//1
f 5116//1 5113//1 5117//1
f 5113//1 581//1 5117//1
f 5113//1 5115//1 581//1
f 5113//1 5114//1 5115//1
f 5114//1 1927//1 5115//1
f 7257//1 5112//1 1926//1
f 7257//1 7255//1 5112//1
f 7255//1 1925//1 5112//1
f 7255//1 7256//1 1925//1
f 7255//1 7252//1 7256//1
f 7252//1 584//1 7256//1
f 3673//2 3675//2 587//2
f 3673//2 3674//2 3675//2
f 3674//2 1924//2 3675//2
f 2966//2 2967//2 1923//2
f 2966//2 2964//2 2967//2
f 2964//2 1922//2 2967//2
f 2964//2 2965//2 1922//2
f 2964//2 2961//2 2965//2
f 2961//2 586//2 2965//2
f 2961//2 2963//2 586//2
f 2961//2 2962//2 2963//2
f 2962//2 1921//2 2963//2
f 5111//2 6535//2 1920//2
f 5111//2 5108//2 6535//2
f 5108//2 1919//2 6535//2
f 5108//2 5110//2 1919//2
f 5108//2 5109//2 5110//2
f 5109//2 589//2 5110//2
f 7252//3 7254//3 584//3
f 7252//3 7253//3 7254//3
f 7253//3 1918//3 7254//3
f 6534//3 4392//3 1917//3
f 6534//3 6532//3 4392//3
f 6532//3 1916//3 4392//3
f 6532//3 6533//3 1916//3
f 6532//3 6529//3 6533//3
f 6529//3 591//3 6533//3
f 6529//3 6531//3 591//3
f 6529//3 6530//3 6531//3
f 6530//3 1915//3 6531//3
f 2237//3 2238//3 1914//3
f 2237//3 2235//3 2238//3
f 2235//3 1913//3 2238//3
f 2235//3 2236//3 1913//3
f 2235//3 2228//3 2236//3
f 2228//3 593//3 2236//3
f 3670//4 3672//4 595//4
f 3670//4 3671//4 3672//4
f 3671//4 1912//4 3672//4
f 2960//4 5820//4 1911//4
f 2960//4 2958//4 5820//4
f 2958//4 1910//4 5820//4
f 2958//4 2959//4 1910//4
f 2958//4 2955//4 2959//4
f 2955//4 594//4 2959//4
f 2955//4 2957//4 594//4
f 2955//4 2956//4 2957//4
f 2956//4 1909//4 2957//4
f 6528//4 3669//4 1908//4
f 6528//4 6525//4 3669//4
f 6525//4 1907//4 3669//4
f 6525//4 6527//4 1907//4
f 6525//4 6526//4 6527//4
f 6526//4 583//4 6527//4
f 4389//5 4391//5 596//5
f 4389//5 4390//5 4391//5
f 4390//5 1906//5 4391//5
f 5107//5 7251//5 1905//5
f 5107//5 5105//5 7251//5
f 5105//5 1904//5 7251//5
f 5105//5 5106//5 1904//5
f 5105//5 5102//5 5106//5
f 5102//5 597//5 5106//5
f 5102//5 5104//5 597//5
f 5102//5 5103//5 5104//5
f 5103//5 1903//5 5104//5
f 2234//5 5101//5 1902//5
f 2234//5 2231//5 5101//5
f 2231//5 1901//5 5101//5
f 2231//5 2233//5 1901//5
f 2231//5 2232//5 2233//5
f 2232//5 585//5 2233//5
f 2228//6 2230//6 593//6
f 2228//6 2229//6 2230//6
f 2229//6 1900//6 2230//6
f 5819//6 2954//6 1899//6
f 5819//6 5817//6 2954//6
f 5817//6 1898//6 2954//6
f 5817//6 5818//6 1898//6
f 5817//6 5814//6 5818//6
f 5814//6 598//6 5818//6
f 5814//6 5816//6 598//6
f 5814//6 5815//6 5816//6
f 5815//6 1897//6 5816//6
f 5813//6 6524//6 1896//6
f 5813//6 5810//6 6524//6
f 5810//6 1895//6 6524//6
f 5810//6 5812//6 1895//6
f 5810//6 5811//6 5812//6
f 5811//6 582//6 5812//6
f 7245//1 7250//1 600//1
f 7245//1 7249//1 7250//1
f 7249//1 1894//1 7250//1
f 6523//1 4388//1 1893//1
f 6523//1 6521//1 4388//1
f 6521//1 1892//1 4388//1
f 6521//1 6522//1 1892//1
f 6521//1 6518//1 6522//1
f 6518//1 599//1 6522//1
f 6518//1 6520//1 599//1
f 6518//1 6519//1 6520//1
f 6519//1 1891//1 6520//1
f 2953//1 2227//1 1890//1
f 2953//1 2950//1 2227//1
f 2950//1 1889//1 2227//1
f 2950//1 2952//1 1889//1
f 2950//1 2951//1 2952//1
f 2951//1 602//1 2952//1
f 5098//2 5100//2 605//2
f 5098//2 5099//2 5100//2
f 5099//2 1888//2 5100//2
f 4387//2 5809//2 1887//2
f 4387//2 4385//2 5809//2
f 4385//2 1886//2 5809//2
f 4385//2 4386//2 1886//2
f 4385//2 4382//2 4386//2
f 4382//2 604//2 4386//2
f 4382//2 4384//2 604//2
f 4382//2 4383//2 4384//2
f 4383//2 1885//2 4384//2
f 6517//2 3668//2 1884//2
f 6517//2 6514//2 3668//2
f 6514//2 1883//2 3668//2
f 6514//2 6516//2 1883//2
f 6514//2 6515//2 6516//2
f 6515//2 607//2 6516//2
f 2947//6 2949//6 610//6
f 2947//6 2948//6 2949//6
f 2948//6 1882//6 2949//6
f 2226//6 7248//6 1881//6
f 2226//6 2224//6 7248//6
f 2224//6 1880//6 7248//6
f 2224//6 2225//6 1880//6
f 2224//6 2221//6 2225//6
f 2221//6 609//6 2225//6
f 2221//6 2223//6 609//6
f 2221//6 2222//6 2223//6
f 2222//6 1879//6 2223//6
f 7247//6 5097//6 1878//6
f 7247//6 7244//6 5097//6
f 7244//6 1877//6 5097//6
f 7244//6 7246//6 1877//6
f 7244//6 7245//6 7246//6
f 7245//6 600//6 7246//6
f 3665//4 3667//4 611//4
f 3665//4 3666//4 3667//4
f 3666//4 1876//4 3667//4
f 4381//4 2946//4 1875//4
f 4381//4 4379//4 2946//4
f 4379//4 1874//4 2946//4
f 4379//4 4380//4 1874//4
f 4379//4 4376//4 4380//4
f 4376//4 612//4 4380//4
f 4376//4 4378//4 612//4
f 4376//4 4377//4 4378//4
f 4377//4 1873//4 4378//4
f 2220//4 6513//4 1872//4
f 2220//4 2217//4 6513//4
f 2217//4 1871//4 6513//4
f 2217//4 2219//4 1871//4
f 2217//4 2218//4 2219//4
f 2218//4 601//4 2219//4
f 5094//5 5096//5 613//5
f 5094//5 5095//5 5096//5
f 5095//5 1870//5 5096//5
f 5808//5 4375//5 1869//5
f 5808//5 5806//5 4375//5
f 5806//5 1868//5 4375//5
f 5806//5 5807//5 1868//5
f 5806//5 5803//5 5807//5
f 5803//5 614//5 5807//5
f 5803//5 5805//5 614//5
f 5803//5 5804//5 5805//5
f 5804//5 1867//5 5805//5
f 3664//5 2216//5 1866//5
f 3664//5 3661//5 2216//5
f 3661//5 1865//5 2216//5
f 3661//5 3663//5 1865//5
f 3661//5 3662//5 3663//5
f 3662//5 603//5 3663//5
f 6510//3 6512//3 615//3
f 6510//3 6511//3 6512//3
f 6511//3 1864//3 6512//3
f 7243//3 5802//3 1863//3
f 7243//3 7241//3 5802//3
f 7241//3 1862//3 5802//3
f 7241//3 7242//3 1862//3
f 7241//3 7238//3 7242//3
f 7238//3 616//3 7242//3
f 7238//3 7240//3 616//3
f 7238//3 7239//3 7240//3
f 7239//3 1861//3 7240//3
f 7237//3 3660//3 1860//3
f 7237//3 7234//3 3660//3
f 7234//3 1859//3 3660//3
f 7234//3 7236//3 1859//3
f 7234//3 7235//3 7236//3
f 7235//3 872//3 7236//3
f 2940//1 2945//1 618//1
f 2940//1 2944//1 2945//1
f 2944//1 1858//1 2945//1
f 2215//1 7233//1 1857//1
f 2215//1 2213//1 7233//1
f 2213//1 1856//1 7233//1
f 2213//1 2214//1 1856//1
f 2213//1 2210//1 2214//1
f 2210//1 617//1 2214//1
f 2210//1 2212//1 617//1
f 2210//1 2211//1 2212//1
f 2211//1 1855//1 2212//1
f 4374//1 5093//1 1854//1
f 4374//1 4371//1 5093//1
f 4371//1 1853//1 5093//1
f 4371//1 4373//1 1853//1
f 4371//1 4372//1 4373//1
f 4372//1 620//1 4373//1
f 6507//2 6509//2 623//2
f 6507//2 6508//2 6509//2
f 6508//2 1852//2 6509//2
f 5801//2 2943//2 1851//2
f 5801//2 5799//2 2943//2
f 5799//2 1850//2 2943//2
f 5799//2 5800//2 1850//2
f 5799//2 5796//2 5800//2
f 5796//2 622//2 5800//2
f 5796//2 5798//2 622//2
f 5796//2 5797//2 5798//2
f 5797//2 1849//2 5798//2
f 2209//2 6506//2 1848//2
f 2209//2 2206//2 6506//2
f 2206//2 1847//2 6506//2
f 2206//2 2208//2 1847//2
f 2206//2 2207//2 2208//2
f 2207//2 625//2 2208//2
f 4368//6 4370//6 628//6
f 4368//6 4369//6 4370//6
f 4369//6 1846//6 4370//6
f 3659//6 4367//6 1845//6
f 3659//6 3657//6 4367//6
f 3657//6 1844//6 4367//6
f 3657//6 3658//6 1844//6
f 3657//6 3654//6 3658//6
f 3654//6 627//6 3658//6
f 3654//6 3656//6 627//6
f 3654//6 3655//6 3656//6
f 3655//6 1843//6 3656//6
f 2942//6 2205//6 1842//6
f 2942//6 2939//6 2205//6
f 2939//6 1841//6 2205//6
f 2939//6 2941//6 1841//6
f 2939//6 2940//6 2941//6
f 2940//6 618//6 2941//6
f 5090//4 5092//4 629//4
f 5090//4 5091//4 5092//4
f 5091//4 1840//4 5092//4
f 5794//4 5795//4 1839//4
f 5794//4 5792//4 5795//4
f 5792//4 1838//4 5795//4
f 5792//4 5793//4 1838//4
f 5792//4 5789//4 5793//4
f 5789//4 630//4 5793//4
f 5789//4 5791//4 630//4
f 5789//4 5790//4 5791//4
f 5790//4 1837//4 5791//4
f 3652//4 3653//4 1836//4
f 3652//4 3649//4 3653//4
f 3649//4 1835//4 3653//4
f 3649//4 3651//4 1835//4
f 3649//4 3650//4 3651//4
f 3650//4 619//4 3651//4
f 6503//5 6505//5 631//5
f 6503//5 6504//5 6505//5
f 6504//5 1834//5 6505//5
f 7231//5 7232//5 1833//5
f 7231//5 7229//5 7232//5
f 7229//5 1832//5 7232//5
f 7229//5 7230//5 1832//5
f 7229//5 7226//5 7230//5
f 7226//5 632//5 7230//5
f 7226//5 7228//5 632//5
f 7226//5 7227//5 7228//5
f 7227//5 1831//5 7228//5
f 5088//5 5089//5 1830//5
f 5088//5 5085//5 5089//5
f 5085//5 1829//5 5089//5
f 5085//5 5087//5 1829//5
f 5085//5 5086//5 5087//5
f 5086//5 621//5 5087//5
f 2202//3 2204//3 633//3
f 2202//3 2203//3 2204//3
f 2203//3 1828//3 2204//3
f 2937//3 2938//3 1827//3
f 2937//3 2935//3 2938//3
f 2935//3 1826//3 2938//3
f 2935//3 2936//3 1826//3
f 2935//3 2932//3 2936//3
f 2932//3 634//3 2936//3
f 2932//3 2934//3 634//3
f 2932//3 2933//3 2934//3
f 2933//3 1825//3 2934//3
f 2931//3 6502//3 1824//3
f 2931//3 2928//3 6502//3
f 2928//3 1823//3 6502//3
f 2928//3 2930//3 1823//3
f 2928//3 2929//3 2930//3
f 2929//3 890//3 2930//3
f 4361//1 4366//1 636//1
f 4361//1 4365//1 4366//1
f 4365//1 1822//1 4366//1
f 3648//1 4364//1 1821//1
f 3648//1 3646//1 4364//1
f 3646//1 1820//1 4364//1
f 3646//1 3647//1 1820//1
f 3646//1 3643//1 3647//1
f 3643//1 635//1 3647//1
f 3643//1 3645//1 635//1
f 3643//1 3644//1 3645//1
f 3644//1 1819//1 3645//1
f 5788//1 2201//1 1818//1
f 5788//1 5785//1 2201//1
f 5785//1 1817//1 2201//1
f 5785//1 5787//1 1817//1
f 5785//1 5786//1 5787//1
f 5786//1 638//1 5787//1
f 2198//2 2200//2 641//2
f 2198//2 2199//2 2200//2
f 2199//2 1816//2 2200//2
f 7225//2 5784//2 1815//2
f 7225//2 7223//2 5784//2
f 7223//2 1814//2 5784//2
f 7223//2 7224//2 1814//2
f 7223//2 7220//2 7224//2
f 7220//2 640//2 7224//2
f 7220//2 7222//2 640//2
f 7220//2 7221//2 7222//2
f 7221//2 1813//2 7222//2
f 3641//2 3642//2 1812//2
f 3641//2 3638//2 3642//2
f 3638//2 1811//2 3642//2
f 3638//2 3640//2 1811//2
f 3638//2 3639//2 3640//2
f 3639//2 643//2 3640//2
f 5781//6 5783//6 646//6
f 5781//6 5782//6 5783//6
f 5782//6 1810//6 5783//6
f 5084//6 7219//6 1809//6
f 5084//6 5082//6 7219//6
f 5082//6 1808//6 7219//6
f 5082//6 5083//6 1808//6
f 5082//6 5079//6 5083//6
f 5079//6 645//6 5083//6
f 5079//6 5081//6 645//6
f 5079//6 5080//6 5081//6
f 5080//6 1807//6 5081//6
f 4363//6 5078//6 1806//6
f 4363//6 4360//6 5078//6
f 4360//6 1805//6 5078//6
f 4360//6 4362//6 1805//6
f 4360//6 4361//6 4362//6
f 4361//6 636//6 4362//6
f 6499//4 6501//4 647//4
f 6499//4 6500//4 6501//4
f 6500//4 1804//4 6501//4
f 7218//4 2927//4 1803//4
f 7218//4 7216//4 2927//4
f 7216//4 1802//4 2927//4
f 7216//4 7217//4 1802//4
f 7216//4 7213//4 7217//4
f 7213//4 648//4 7217//4
f 7213//4 7215//4 648//4
f 7213//4 7214//4 7215//4
f 7214//4 1801//4 7215//4
f 5077//4 6498//4 1800//4
f 5077//4 5074//4 6498//4
f 5074//4 1799//4 6498//4
f 5074//4 5076//4 1799//4
f 5074//4 5075//4 5076//4
f 5075//4 637//4 5076//4
f 2195//5 2197//5 649//5
f 2195//5 2196//5 2197//5
f 2196//5 1798//5 2197//5
f 2926//5 4359//5 1797//5
f 2926//5 2924//5 4359//5
f 2924//5 1796//5 4359//5
f 2924//5 2925//5 1796//5
f 2924//5 2921//5 2925//5
f 2921//5 650//5 2925//5
f 2921//5 2923//5 650//5
f 2921//5 2922//5 2923//5
f 2922//5 1795//5 2923//5
f 6497//5 2194//5 1794//5
f 6497//5 6494//5 2194//5
f 6494//5 1793//5 2194//5
f 6494//5 6496//5 1793//5
f 6494//5 6495//5 6496//5
f 6495//5 639//5 6496//5
f 3635//3 3637//3 651//3
f 3635//3 3636//3 3637//3
f 3636//3 1792//3 3637//3
f 4358//3 5780//3 1791//3
f 4358//3 4356//3 5780//3
f 4356//3 1790//3 5780//3
f 4356//3 4357//3 1790//3
f 4356//3 4353//3 4357//3
f 4353//3 652//3 4357//3
f 4353//3 4355//3 652//3
f 4353//3 4354//3 4355//3
f 4354//3 1789//3 4355//3
f 4352//3 3634//3 1788//3
f 4352//3 4349//3 3634//3
f 4349//3 1787//3 3634//3
f 4349//3 4351//3 1787//3
f 4349//3 4350//3 4351//3
f 4350//3 908//3 4351//3
f 5775//1 5779//1 654//1
f 5775//1 5778//1 5779//1
f 5778//1 1786//1 5779//1
f 5073//1 7212//1 1785//1
f 5073//1 5071//1 7212//1
f 5071//1 1784//1 7212//1
f 5071//1 5072//1 1784//1
f 5071//1 5068//1 5072//1
f 5068//1 653//1 5072//1
f 5068//1 5070//1 653//1
f 5068//1 5069//1 5070//1
f 5069//1 1783//1 5070//1
f 7211//1 5067//1 1782//1
f 7211//1 7208//1 5067//1
f 7208//1 1781//1 5067//1
f 7208//1 7210//1 1781//1
f 7208//1 7209//1 7210//1
f 7209//1 656//1 7210//1
f 3631//2 3633//2 659//2
f 3631//2 3632//2 3633//2
f 3632//2 1780//2 3633//2
f 2919//2 2920//2 1779//2
f 2919//2 2917//2 2920//2
f 2917//2 1778//2 2920//2
f 2917//2 2918//2 1778//2
f 2917//2 2914//2 2918//2
f 2914//2 658//2 2918//2
f 2914//2 2916//2 658//2
f 2914//2 2915//2 2916//2
f 2915//2 1777//2 2916//2
f 5066//2 6493//2 1776//2
f 5066//2 5063//2 6493//2
f 5063//2 1775//2 6493//2
f 5063//2 5065//2 1775//2
f 5063//2 5064//2 5065//2
f 5064//2 661//2 5065//2
f 7205//6 7207//6 664//6
f 7205//6 7206//6 7207//6
f 7206//6 1774//6 7207//6
f 6492//6 4348//6 1773//6
f 6492//6 6490//6 4348//6
f 6490//6 1772//6 4348//6
f 6490//6 6491//6 1772//6
f 6490//6 6487//6 6491//6
f 6487//6 663//6 6491//6
f 6487//6 6489//6 663//6
f 6487//6 6488//6 6489//6
f 6488//6 1771//6 6489//6
f 5777//6 2193//6 1770//6
f 5777//6 5774//6 2193//6
f 5774//6 1769//6 2193//6
f 5774//6 5776//6 1769//6
f 5774//6 5775//6 5776//6
f 5775//6 654//6 5776//6
f 2190//4 2192//4 665//4
f 2190//4 2191//4 2192//4
f 2191//4 1768//4 2192//4
f 2913//4 5773//4 1767//4
f 2913//4 2911//4 5773//4
f 2911//4 1766//4 5773//4
f 2911//4 2912//4 1766//4
f 2911//4 2908//4 2912//4
f 2908//4 666//4 2912//4
f 2908//4 2910//4 666//4
f 2908//4 2909//4 2910//4
f 2909//4 1765//4 2910//4
f 6486//4 3630//4 1764//4
f 6486//4 6483//4 3630//4
f 6483//4 1763//4 3630//4
f 6483//4 6485//4 1763//4
f 6483//4 6484//4 6485//4
f 6484//4 655//4 6485//4
f 3627//5 3629//5 667//5
f 3627//5 3628//5 3629//5
f 3628//5 1762//5 3629//5
f 4347//5 7204//5 1761//5
f 4347//5 4345//5 7204//5
f 4345//5 1760//5 7204//5
f 4345//5 4346//5 1760//5
f 4345//5 4342//5 4346//5
f 4342//5 668//5 4346//5
f 4342//5 4344//5 668//5
f 4342//5 4343//5 4344//5
f 4343//5 1759//5 4344//5
f 2189//5 5062//5 1758//5
f 2189//5 2186//5 5062//5
f 2186//5 1757//5 5062//5
f 2186//5 2188//5 1757//5
f 2186//5 2187//5 2188//5
f 2187//5 657//5 2188//5
f 5059//3 5061//3 669//3
f 5059//3 5060//3 5061//3
f 5060//3 1756//3 5061//3
f 5772//3 2907//3 1755//3
f 5772//3 5770//3 2907//3
f 5770//3 1754//3 2907//3
f 5770//3 5771//3 1754//3
f 5770//3 5767//3 5771//3
f 5767//3 670//3 5771//3
f 5767//3 5769//3 670//3
f 5767//3 5768//3 5769//3
f 5768//3 1753//3 5769//3
f 5766//3 6482//3 1752//3
f 5766//3 5763//3 6482//3
f 5763//3 1751//3 6482//3
f 5763//3 5765//3 1751//3
f 5763//3 5764//3 5765//3
f 5764//3 926//3 5765//3
f 6477//3 6481//3 671//3
f 6477//3 6480//3 6481//3
f 6480//3 1750//3 6481//3
f 7203//3 4341//3 1749//3
f 7203//3 7200//3 4341//3
f 7200//3 1748//3 4341//3
f 7200//3 7202//3 1748//3
f 7200//3 7201//3 7202//3
f 7201//3 1016//3 7202//3
f 7197//3 7199//3 672//3
f 7197//3 7198//3 7199//3
f 7198//3 1747//3 7199//3
f 6479//3 2185//3 1746//3
f 6479//3 6476//3 2185//3
f 6476//3 1745//3 2185//3
f 6476//3 6478//3 1745//3
f 6476//3 6477//3 6478//3
f 6477//3 671//3 6478//3
f 4336//3 4340//3 580//3
f 4336//3 4339//3 4340//3
f 4339//3 1744//3 4340//3
f 2184//3 5762//3 1743//3
f 2184//3 2181//3 5762//3
f 2181//3 1742//3 5762//3
f 2181//3 2183//3 1742//3
f 2181//3 2182//3 2183//3
f 2182//3 1033//3 2183//3
f 2902//3 2906//3 674//3
f 2902//3 2905//3 2906//3
f 2905//3 1741//3 2906//3
f 4338//3 3626//3 1740//3
f 4338//3 4335//3 3626//3
f 4335//3 1739//3 3626//3
f 4335//3 4337//3 1739//3
f 4335//3 4336//3 4337//3
f 4336//3 580//3 4337//3
f 3623//3 3625//3 675//3
f 3623//3 3624//3 3625//3
f 3624//3 1738//3 3625//3
f 2904//3 7196//3 1737//3
f 2904//3 2901//3 7196//3
f 2901//3 1736//3 7196//3
f 2901//3 2903//3 1736//3
f 2901//3 2902//3 2903//3
f 2902//3 674//3 2903//3
f 3620//3 3622//3 579//3
f 3620//3 3621//3 3622//3
f 3621//3 1735//3 3622//3
f 4334//3 5058//3 1734//3
f 4334//3 4331//3 5058//3
f 4331//3 1733//3 5058//3
f 4331//3 4333//3 1733//3
f 4331//3 4332//3 4333//3
f 4332//3 1036//3 4333//3
f 5053//5 5057//5 677//5
f 5053//5 5056//5 5057//5
f 5056//5 1732//5 5057//5
f 6475//5 2900//5 1731//5
f 6475//5 6472//5 2900//5
f 6472//5 1730//5 2900//5
f 6472//5 6474//5 1730//5
f 6472//5 6473//5 6474//5
f 6473//5 567//5 6474//5
f 5759//5 5761//5 678//5
f 5759//5 5760//5 5761//5
f 5760//5 1729//5 5761//5
f 5055//5 6471//5 1728//5
f 5055//5 5052//5 6471//5
f 5052//5 1727//5 6471//5
f 5052//5 5054//5 1727//5
f 5052//5 5053//5 5054//5
f 5053//5 677//5 5054//5
f 2895//5 2899//5 578//5
f 2895//5 2898//5 2899//5
f 2898//5 1726//5 2899//5
f 6470//5 4330//5 1725//5
f 6470//5 6467//5 4330//5
f 6467//5 1724//5 4330//5
f 6467//5 6469//5 1724//5
f 6467//5 6468//5 6469//5
f 6468//5 1039//5 6469//5
f 7191//5 7195//5 680//5
f 7191//5 7194//5 7195//5
f 7194//5 1723//5 7195//5
f 2897//5 2180//5 1722//5
f 2897//5 2894//5 2180//5
f 2894//5 1721//5 2180//5
f 2894//5 2896//5 1721//5
f 2894//5 2895//5 2896//5
f 2895//5 578//5 2896//5
f 2177//5 2179//5 681//5
f 2177//5 2178//5 2179//5
f 2178//5 1720//5 2179//5
f 7193//5 5758//5 1719//5
f 7193//5 7190//5 5758//5
f 7190//5 1718//5 5758//5
f 7190//5 7192//5 1718//5
f 7190//5 7191//5 7192//5
f 7191//5 680//5 7192//5
f 2174//5 2176//5 577//5
f 2174//5 2175//5 2176//5
f 2175//5 1717//5 2176//5
f 2893//5 3619//5 1716//5
f 2893//5 2890//5 3619//5
f 2890//5 1715//5 3619//5
f 2890//5 2892//5 1715//5
f 2890//5 2891//5 2892//5
f 2891//5 1042//5 2892//5
f 3614//4 3618//4 683//4
f 3614//4 3617//4 3618//4
f 3617//4 1714//4 3618//4
f 5051//4 7189//4 1713//4
f 5051//4 5048//4 7189//4
f 5048//4 1712//4 7189//4
f 5048//4 5050//4 1712//4
f 5048//4 5049//4 5050//4
f 5049//4 565//4 5050//4
f 4327//4 4329//4 684//4
f 4327//4 4328//4 4329//4
f 4328//4 1711//4 4329//4
f 3616//4 5047//4 1710//4
f 3616//4 3613//4 5047//4
f 3613//4 1709//4 5047//4
f 3613//4 3615//4 1709//4
f 3613//4 3614//4 3615//4
f 3614//4 683//4 3615//4
f 7184//4 7188//4 576//4
f 7184//4 7187//4 7188//4
f 7187//4 1708//4 7188//4
f 5046//4 2889//4 1707//4
f 5046//4 5043//4 2889//4
f 5043//4 1706//4 2889//4
f 5043//4 5045//4 1706//4
f 5043//4 5044//4 5045//4
f 5044//4 1045//4 5045//4
f 5753//4 5757//4 686//4
f 5753//4 5756//4 5757//4
f 5756//4 1705//4 5757//4
f 7186//4 6466//4 1704//4
f 7186//4 7183//4 6466//4
f 7183//4 1703//4 6466//4
f 7183//4 7185//4 1703//4
f 7183//4 7184//4 7185//4
f 7184//4 576//4 7185//4
f 6463//4 6465//4 687//4
f 6463//4 6464//4 6465//4
f 6464//4 1702//4 6465//4
f 5755//4 4326//4 1701//4
f 5755//4 5752//4 4326//4
f 5752//4 1700//4 4326//4
f 5752//4 5754//4 1700//4
f 5752//4 5753//4 5754//4
f 5753//4 686//4 5754//4
f 6460//4 6462//4 575//4
f 6460//4 6461//4 6462//4
f 6461//4 1699//4 6462//4
f 7182//4 2173//4 1698//4
f 7182//4 7179//4 2173//4
f 7179//4 1697//4 2173//4
f 7179//4 7181//4 1697//4
f 7179//4 7180//4 7181//4
f 7180//4 1048//4 7181//4
f 2168//6 2172//6 689//6
f 2168//6 2171//6 2172//6
f 2171//6 1696//6 2172//6
f 4325//6 5751//6 1695//6
f 4325//6 4323//6 5751//6
f 4323//6 1694//6 5751//6
f 4323//6 4324//6 1694//6
f 4323//6 4308//6 4324//6
f 4308//6 564//6 4324//6
f 2886//6 2888//6 690//6
f 2886//6 2887//6 2888//6
f 2887//6 1693//6 2888//6
f 2170//6 3612//6 1692//6
f 2170//6 2167//6 3612//6
f 2167//6 1691//6 3612//6
f 2167//6 2169//6 1691//6
f 2167//6 2168//6 2169//6
f 2168//6 689//6 2169//6
f 5037//6 5042//6 573//6
f 5037//6 5041//6 5042//6
f 5041//6 1690//6 5042//6
f 3611//6 7178//6 1689//6
f 3611//6 3608//6 7178//6
f 3608//6 1688//6 7178//6
f 3608//6 3610//6 1688//6
f 3608//6 3609//6 3610//6
f 3609//6 1051//6 3610//6
f 4318//6 4322//6 692//6
f 4318//6 4321//6 4322//6
f 4321//6 1687//6 4322//6
f 5039//6 5040//6 1686//6
f 5039//6 5036//6 5040//6
f 5036//6 1685//6 5040//6
f 5036//6 5038//6 1685//6
f 5036//6 5037//6 5038//6
f 5037//6 573//6 5038//6
f 5033//6 5035//6 693//6
f 5033//6 5034//6 5035//6
f 5034//6 1684//6 5035//6
f 4320//6 2885//6 1683//6
f 4320//6 4317//6 2885//6
f 4317//6 1682//6 2885//6
f 4317//6 4319//6 1682//6
f 4317//6 4318//6 4319//6
f 4318//6 692//6 4319//6
f 5748//6 5750//6 574//6
f 5748//6 5749//6 5750//6
f 5749//6 1681//6 5750//6
f 5747//6 6459//6 1680//6
f 5747//6 5744//6 6459//6
f 5744//6 1679//6 6459//6
f 5744//6 5746//6 1679//6
f 5744//6 5745//6 5746//6
f 5745//6 1054//6 5746//6
f 6454//2 6458//2 695//2
f 6454//2 6457//2 6458//2
f 6457//2 1678//2 6458//2
f 3607//2 4316//2 1677//2
f 3607//2 3604//2 4316//2
f 3604//2 1676//2 4316//2
f 3604//2 3606//2 1676//2
f 3604//2 3605//2 3606//2
f 3605//2 571//2 3606//2
f 7175//2 7177//2 696//2
f 7175//2 7176//2 7177//2
f 7176//2 1675//2 7177//2
f 6456//2 2166//2 1674//2
f 6456//2 6453//2 2166//2
f 6453//2 1673//2 2166//2
f 6453//2 6455//2 1673//2
f 6453//2 6454//2 6455//2
f 6454//2 695//2 6455//2
f 7170//2 7174//2 568//2
f 7170//2 7173//2 7174//2
f 7173//2 1672//2 7174//2
f 2165//2 5743//2 1671//2
f 2165//2 2162//2 5743//2
f 2162//2 1670//2 5743//2
f 2162//2 2164//2 1670//2
f 2162//2 2163//2 2164//2
f 2163//2 1057//2 2164//2
f 2880//2 2884//2 698//2
f 2880//2 2883//2 2884//2
f 2883//2 1669//2 2884//2
f 7172//2 3603//2 1668//2
f 7172//2 7169//2 3603//2
f 7169//2 1667//2 3603//2
f 7169//2 7171//2 1667//2
f 7169//2 7170//2 7171//2
f 7170//2 568//2 7171//2
f 3600//2 3602//2 699//2
f 3600//2 3601//2 3602//2
f 3601//2 1666//2 3602//2
f 2882//2 7168//2 1665//2
f 2882//2 2879//2 7168//2
f 2879//2 1664//2 7168//2
f 2879//2 2881//2 1664//2
f 2879//2 2880//2 2881//2
f 2880//2 698//2 2881//2
f 2159//2 2161//2 569//2
f 2159//2 2160//2 2161//2
f 2160//2 1663//2 2161//2
f 4315//2 5032//2 1662//2
f 4315//2 4312//2 5032//2
f 4312//2 1661//2 5032//2
f 4312//2 4314//2 1661//2
f 4312//2 4313//2 4314//2
f 4313//2 1060//2 4314//2
f 5027//1 5031//1 701//1
f 5027//1 5030//1 5031//1
f 5030//1 1660//1 5031//1
f 5742//1 2878//1 1659//1
f 5742//1 5739//1 2878//1
f 5739//1 1658//1 2878//1
f 5739//1 5741//1 1658//1
f 5739//1 5740//1 5741//1
f 5740//1 566//1 5741//1
f 5736//1 5738//1 702//1
f 5736//1 5737//1 5738//1
f 5737//1 1657//1 5738//1
f 5029//1 6452//1 1656//1
f 5029//1 5026//1 6452//1
f 5026//1 1655//1 6452//1
f 5026//1 5028//1 1655//1
f 5026//1 5027//1 5028//1
f 5027//1 701//1 5028//1
f 3595//1 3599//1 563//1
f 3595//1 3598//1 3599//1
f 3598//1 1654//1 3599//1
f 6451//1 4311//1 1653//1
f 6451//1 6448//1 4311//1
f 6448//1 1652//1 4311//1
f 6448//1 6450//1 1652//1
f 6448//1 6449//1 6450//1
f 6449//1 1063//1 6450//1
f 7163//1 7167//1 704//1
f 7163//1 7166//1 7167//1
f 7166//1 1651//1 7167//1
f 3597//1 2158//1 1650//1
f 3597//1 3594//1 2158//1
f 3594//1 1649//1 2158//1
f 3594//1 3596//1 1649//1
f 3594//1 3595//1 3596//1
f 3595//1 563//1 3596//1
f 2155//1 2157//1 705//1
f 2155//1 2156//1 2157//1
f 2156//1 1648//1 2157//1
f 7165//1 5735//1 1647//1
f 7165//1 7162//1 5735//1
f 7162//1 1646//1 5735//1
f 7162//1 7164//1 1646//1
f 7162//1 7163//1 7164//1
f 7163//1 704//1 7164//1
f 4308//1 4310//1 564//1
f 4308//1 4309//1 4310//1
f 4309//1 1645//1 4310//1
f 2877//1 3593//1 1644//1
f 2877//1 2874//1 3593//1
f 2874//1 1643//1 3593//1
f 2874//1 2876//1 1643//1
f 2874//1 2875//1 2876//1
f 2875//1 1066//1 2876//1
f 3588//3 3592//3 707//3
f 3588//3 3591//3 3592//3
f 3591//3 1642//3 3592//3
f 5734//3 7161//3 1641//3
f 5734//3 5731//3 7161//3
f 5731//3 1640//3 7161//3
f 5731//3 5733//3 1640//3
f 5731//3 5732//3 5733//3
f 5732//3 998//3 5733//3
f 4305//3 4307//3 708//3
f 4305//3 4306//3 4307//3
f 4306//3 1639//3 4307//3
f 3590//3 5025//3 1638//3
f 3590//3 3587//3 5025//3
f 3587//3 1637//3 5025//3
f 3587//3 3589//3 1637//3
f 3587//3 3588//3 3589//3
f 3588//3 707//3 3589//3
f 2868//3 2873//3 562//3
f 2868//3 2872//3 2873//3
f 2872//3 1636//3 2873//3
f 5024//3 2871//3 1635//3
f 5024//3 5021//3 2871//3
f 5021//3 1634//3 2871//3
f 5021//3 5023//3 1634//3
f 5021//3 5022//3 5023//3
f 5022//3 1069//3 5023//3
f 5726//3 5730//3 710//3
f 5726//3 5729//3 5730//3
f 5729//3 1633//3 5730//3
f 2870//3 6447//3 1632//3
f 2870//3 2867//3 6447//3
f 2867//3 1631//3 6447//3
f 2867//3 2869//3 1631//3
f 2867//3 2868//3 2869//3
f 2868//3 562//3 2869//3
f 6444//3 6446//3 711//3
f 6444//3 6445//3 6446//3
f 6445//3 1630//3 6446//3
f 5728//3 4304//3 1629//3
f 5728//3 5725//3 4304//3
f 5725//3 1628//3 4304//3
f 5725//3 5727//3 1628//3
f 5725//3 5726//3 5727//3
f 5726//3 710//3 5727//3
f 2152//3 2154//3 561//3
f 2152//3 2153//3 2154//3
f 2153//3 1627//3 2154//3
f 7160//3 2151//3 1626//3
f 7160//3 7157//3 2151//3
f 7157//3 1625//3 2151//3
f 7157//3 7159//3 1625//3
f 7157//3 7158//3 7159//3
f 7158//3 1072//3 7159//3
f 2146//5 2150//5 713//5
f 2146//5 2149//5 2150//5
f 2149//5 1624//5 2150//5
f 5020//5 5724//5 1623//5
f 5020//5 5017//5 5724//5
f 5017//5 1622//5 5724//5
f 5017//5 5019//5 1622//5
f 5017//5 5018//5 5019//5
f 5018//5 549//5 5019//5
f 2864//5 2866//5 714//5
f 2864//5 2865//5 2866//5
f 2865//5 1621//5 2866//5
f 2148//5 3586//5 1620//5
f 2148//5 2145//5 3586//5
f 2145//5 1619//5 3586//5
f 2145//5 2147//5 1619//5
f 2145//5 2146//5 2147//5
f 2146//5 713//5 2147//5
f 7151//5 7156//5 560//5
f 7151//5 7155//5 7156//5
f 7155//5 1618//5 7156//5
f 3585//5 7154//5 1617//5
f 3585//5 3582//5 7154//5
f 3582//5 1616//5 7154//5
f 3582//5 3584//5 1616//5
f 3582//5 3583//5 3584//5
f 3583//5 1075//5 3584//5
f 4299//5 4303//5 716//5
f 4299//5 4302//5 4303//5
f 4302//5 1615//5 4303//5
f 7153//5 5016//5 1614//5
f 7153//5 7150//5 5016//5
f 7150//5 1613//5 5016//5
f 7150//5 7152//5 1613//5
f 7150//5 7151//5 7152//5
f 7151//5 560//5 7152//5
f 5013//5 5015//5 717//5
f 5013//5 5014//5 5015//5
f 5014//5 1612//5 5015//5
f 4301//5 2863//5 1611//5
f 4301//5 4298//5 2863//5
f 4298//5 1610//5 2863//5
f 4298//5 4300//5 1610//5
f 4298//5 4299//5 4300//5
f 4299//5 716//5 4300//5
f 6441//5 6443//5 559//5
f 6441//5 6442//5 6443//5
f 6442//5 1609//5 6443//5
f 5723//5 6440//5 1608//5
f 5723//5 5720//5 6440//5
f 5720//5 1607//5 6440//5
f 5720//5 5722//5 1607//5
f 5720//5 5721//5 5722//5
f 5721//5 1078//5 5722//5
f 6435//4 6439//4 719//4
f 6435//4 6438//4 6439//4
f 6438//4 1606//4 6439//4
f 3581//4 4297//4 1605//4
f 3581//4 3578//4 4297//4
f 3578//4 1604//4 4297//4
f 3578//4 3580//4 1604//4
f 3578//4 3579//4 3580//4
f 3579//4 547//4 3580//4
f 7147//4 7149//4 720//4
f 7147//4 7148//4 7149//4
f 7148//4 1603//4 7149//4
f 6437//4 2144//4 1602//4
f 6437//4 6434//4 2144//4
f 6434//4 1601//4 2144//4
f 6434//4 6436//4 1601//4
f 6434//4 6435//4 6436//4
f 6435//4 719//4 6436//4
f 5714//4 5719//4 558//4
f 5714//4 5718//4 5719//4
f 5718//4 1600//4 5719//4
f 2143//4 5717//4 1599//4
f 2143//4 2140//4 5717//4
f 2140//4 1598//4 5717//4
f 2140//4 2142//4 1598//4
f 2140//4 2141//4 2142//4
f 2141//4 1081//4 2142//4
f 2858//4 2862//4 722//4
f 2858//4 2861//4 2862//4
f 2861//4 1597//4 2862//4
f 5716//4 3577//4 1596//4
f 5716//4 5713//4 3577//4
f 5713//4 1595//4 3577//4
f 5713//4 5715//4 1595//4
f 5713//4 5714//4 5715//4
f 5714//4 558//4 5715//4
f 3574//4 3576//4 723//4
f 3574//4 3575//4 3576//4
f 3575//4 1594//4 3576//4
f 2860//4 7146//4 1593//4
f 2860//4 2857//4 7146//4
f 2857//4 1592//4 7146//4
f 2857//4 2859//4 1592//4
f 2857//4 2858//4 2859//4
f 2858//4 722//4 2859//4
f 5010//4 5012//4 557//4
f 5010//4 5011//4 5012//4
f 5011//4 1591//4 5012//4
f 4296//4 5009//4 1590//4
f 4296//4 4293//4 5009//4
f 4293//4 1589//4 5009//4
f 4293//4 4295//4 1589//4
f 4293//4 4294//4 4295//4
f 4294//4 1084//4 4295//4
f 5004//6 5008//6 725//6
f 5004//6 5007//6 5008//6
f 5007//6 1588//6 5008//6
f 2855//6 2856//6 1587//6
f 2855//6 2853//6 2856//6
f 2853//6 1586//6 2856//6
f 2853//6 2854//6 1586//6
f 2853//6 2841//6 2854//6
f 2841//6 546//6 2854//6
f 5710//6 5712//6 726//6
f 5710//6 5711//6 5712//6
f 5711//6 1585//6 5712//6
f 5006//6 6433//6 1584//6
f 5006//6 5003//6 6433//6
f 5003//6 1583//6 6433//6
f 5003//6 5005//6 1583//6
f 5003//6 5004//6 5005//6
f 5004//6 725//6 5005//6
f 3569//6 3573//6 555//6
f 3569//6 3572//6 3573//6
f 3572//6 1582//6 3573//6
f 6432//6 4292//6 1581//6
f 6432//6 6429//6 4292//6
f 6429//6 1580//6 4292//6
f 6429//6 6431//6 1580//6
f 6429//6 6430//6 6431//6
f 6430//6 1087//6 6431//6
f 7141//6 7145//6 728//6
f 7141//6 7144//6 7145//6
f 7144//6 1579//6 7145//6
f 3571//6 2139//6 1578//6
f 3571//6 3568//6 2139//6
f 3568//6 1577//6 2139//6
f 3568//6 3570//6 1577//6
f 3568//6 3569//6 3570//6
f 3569//6 555//6 3570//6
f 2136//6 2138//6 729//6
f 2136//6 2137//6 2138//6
f 2137//6 1576//6 2138//6
f 7143//6 5709//6 1575//6
f 7143//6 7140//6 5709//6
f 7140//6 1574//6 5709//6
f 7140//6 7142//6 1574//6
f 7140//6 7141//6 7142//6
f 7141//6 728//6 7142//6
f 4289//6 4291//6 556//6
f 4289//6 4290//6 4291//6
f 4290//6 1573//6 4291//6
f 2852//6 3567//6 1572//6
f 2852//6 2849//6 3567//6
f 2849//6 1571//6 3567//6
f 2849//6 2851//6 1571//6
f 2849//6 2850//6 2851//6
f 2850//6 1090//6 2851//6
f 3562//2 3566//2 731//2
f 3562//2 3565//2 3566//2
f 3565//2 1570//2 3566//2
f 2135//2 7139//2 1569//2
f 2135//2 2132//2 7139//2
f 2132//2 1568//2 7139//2
f 2132//2 2134//2 1568//2
f 2132//2 2133//2 2134//2
f 2133//2 553//2 2134//2
f 4286//2 4288//2 732//2
f 4286//2 4287//2 4288//2
f 4287//2 1567//2 4288//2
f 3564//2 5002//2 1566//2
f 3564//2 3561//2 5002//2
f 3561//2 1565//2 5002//2
f 3561//2 3563//2 1565//2
f 3561//2 3562//2 3563//2
f 3562//2 731//2 3563//2
f 5702//2 5708//2 550//2
f 5702//2 5707//2 5708//2
f 5707//2 1564//2 5708//2
f 5001//2 2848//2 1563//2
f 5001//2 4998//2 2848//2
f 4998//2 1562//2 2848//2
f 4998//2 5000//2 1562//2
f 4998//2 4999//2 5000//2
f 4999//2 1093//2 5000//2
f 5698//2 5706//2 734//2
f 5698//2 5705//2 5706//2
f 5705//2 1561//2 5706//2
f 5704//2 6428//2 1560//2
f 5704//2 5701//2 6428//2
f 5701//2 1559//2 6428//2
f 5701//2 5703//2 1559//2
f 5701//2 5702//2 5703//2
f 5702//2 550//2 5703//2
f 6425//2 6427//2 735//2
f 6425//2 6426//2 6427//2
f 6426//2 1558//2 6427//2
f 5700//2 4285//2 1557//2
f 5700//2 5697//2 4285//2
f 5697//2 1556//2 4285//2
f 5697//2 5699//2 1556//2
f 5697//2 5698//2 5699//2
f 5698//2 734//2 5699//2
f 6422//2 6424//2 551//2
f 6422//2 6423//2 6424//2
f 6423//2 1555//2 6424//2
f 7138//2 2131//2 1554//2
f 7138//2 7135//2 2131//2
f 7135//2 1553//2 2131//2
f 7135//2 7137//2 1553//2
f 7135//2 7136//2 7137//2
f 7136//2 1096//2 7137//2
f 2126//1 2130//1 737//1
f 2126//1 2129//1 2130//1
f 2129//1 1552//1 2130//1
f 4284//1 5696//1 1551//1
f 4284//1 4281//1 5696//1
f 4281//1 1550//1 5696//1
f 4281//1 4283//1 1550//1
f 4281//1 4282//1 4283//1
f 4282//1 548//1 4283//1
f 2845//1 2847//1 738//1
f 2845//1 2846//1 2847//1
f 2846//1 1549//1 2847//1
f 2128//1 3560//1 1548//1
f 2128//1 2125//1 3560//1
f 2125//1 1547//1 3560//1
f 2125//1 2127//1 1547//1
f 2125//1 2126//1 2127//1
f 2126//1 737//1 2127//1
f 2120//1 2124//1 545//1
f 2120//1 2123//1 2124//1
f 2123//1 1546//1 2124//1
f 3559//1 7134//1 1545//1
f 3559//1 3556//1 7134//1
f 3556//1 1544//1 7134//1
f 3556//1 3558//1 1544//1
f 3556//1 3557//1 3558//1
f 3557//1 1099//1 3558//1
f 4276//1 4280//1 740//1
f 4276//1 4279//1 4280//1
f 4279//1 1543//1 4280//1
f 2122//1 4997//1 1542//1
f 2122//1 2119//1 4997//1
f 2119//1 1541//1 4997//1
f 2119//1 2121//1 1541//1
f 2119//1 2120//1 2121//1
f 2120//1 545//1 2121//1
f 4994//1 4996//1 741//1
f 4994//1 4995//1 4996//1
f 4995//1 1540//1 4996//1
f 4278//1 2844//1 1539//1
f 4278//1 4275//1 2844//1
f 4275//1 1538//1 2844//1
f 4275//1 4277//1 1538//1
f 4275//1 4276//1 4277//1
f 4276//1 740//1 4277//1
f 2841//1 2843//1 546//1
f 2841//1 2842//1 2843//1
f 2842//1 1537//1 2843//1
f 5695//1 6421//1 1536//1
f 5695//1 5692//1 6421//1
f 5692//1 1535//1 6421//1
f 5692//1 5694//1 1535//1
f 5692//1 5693//1 5694//1
f 5693//1 1102//1 5694//1
f 6416//3 6420//3 743//3
f 6416//3 6419//3 6420//3
f 6419//3 1534//3 6420//3
f 4273//3 4274//3 1533//3
f 4273//3 4270//3 4274//3
f 4270//3 1532//3 4274//3
f 4270//3 4272//3 1532//3
f 4270//3 4271//3 4272//3
f 4271//3 980//3 4272//3
f 7131//3 7133//3 744//3
f 7131//3 7132//3 7133//3
f 7132//3 1531//3 7133//3
f 6418//3 2118//3 1530//3
f 6418//3 6415//3 2118//3
f 6415//3 1529//3 2118//3
f 6415//3 6417//3 1529//3
f 6415//3 6416//3 6417//3
f 6416//3 743//3 6417//3
f 7126//3 7130//3 544//3
f 7126//3 7129//3 7130//3
f 7129//3 1528//3 7130//3
f 2117//3 5691//3 1527//3
f 2117//3 2114//3 5691//3
f 2114//3 1526//3 5691//3
f 2114//3 2116//3 1526//3
f 2114//3 2115//3 2116//3
f 2115//3 1105//3 2116//3
f 2836//3 2840//3 746//3
f 2836//3 2839//3 2840//3
f 2839//3 1525//3 2840//3
f 7128//3 3555//3 1524//3
f 7128//3 7125//3 3555//3
f 7125//3 1523//3 3555//3
f 7125//3 7127//3 1523//3
f 7125//3 7126//3 7127//3
f 7126//3 544//3 7127//3
f 3552//3 3554//3 747//3
f 3552//3 3553//3 3554//3
f 3553//3 1522//3 3554//3
f 2838//3 7124//3 1521//3
f 2838//3 2835//3 7124//3
f 2835//3 1520//3 7124//3
f 2835//3 2837//3 1520//3
f 2835//3 2836//3 2837//3
f 2836//3 746//3 2837//3
f 6412//3 6414//3 543//3
f 6412//3 6413//3 6414//3
f 6413//3 1519//3 6414//3
f 4269//3 4993//3 1518//3
f 4269//3 4266//3 4993//3
f 4266//3 1517//3 4993//3
f 4266//3 4268//3 1517//3
f 4266//3 4267//3 4268//3
f 4267//3 1108//3 4268//3
f 4988//5 4992//5 749//5
f 4988//5 4991//5 4992//5
f 4991//5 1516//5 4992//5
f 3551//5 2834//5 1515//5
f 3551//5 3548//5 2834//5
f 3548//5 1514//5 2834//5
f 3548//5 3550//5 1514//5
f 3548//5 3549//5 3550//5
f 3549//5 531//5 3550//5
f 5688//5 5690//5 750//5
f 5688//5 5689//5 5690//5
f 5689//5 1513//5 5690//5
f 4990//5 6411//5 1512//5
f 4990//5 4987//5 6411//5
f 4987//5 1511//5 6411//5
f 4987//5 4989//5 1511//5
f 4987//5 4988//5 4989//5
f 4988//5 749//5 4989//5
f 5683//5 5687//5 542//5
f 5683//5 5686//5 5687//5
f 5686//5 1510//5 5687//5
f 6410//5 4265//5 1509//5
f 6410//5 6407//5 4265//5
f 6407//5 1508//5 4265//5
f 6407//5 6409//5 1508//5
f 6407//5 6408//5 6409//5
f 6408//5 1111//5 6409//5
f 7119//5 7123//5 752//5
f 7119//5 7122//5 7123//5
f 7122//5 1507//5 7123//5
f 5685//5 2113//5 1506//5
f 5685//5 5682//5 2113//5
f 5682//5 1505//5 2113//5
f 5682//5 5684//5 1505//5
f 5682//5 5683//5 5684//5
f 5683//5 542//5 5684//5
f 2110//5 2112//5 753//5
f 2110//5 2111//5 2112//5
f 2111//5 1504//5 2112//5
f 7121//5 5681//5 1503//5
f 7121//5 7118//5 5681//5
f 7118//5 1502//5 5681//5
f 7118//5 7120//5 1502//5
f 7118//5 7119//5 7120//5
f 7119//5 752//5 7120//5
f 4984//5 4986//5 541//5
f 4984//5 4985//5 4986//5
f 4985//5 1501//5 4986//5
f 2833//5 3547//5 1500//5
f 2833//5 2830//5 3547//5
f 2830//5 1499//5 3547//5
f 2830//5 2832//5 1499//5
f 2830//5 2831//5 2832//5
f 2831//5 1114//5 2832//5
f 3542//4 3546//4 755//4
f 3542//4 3545//4 3546//4
f 3545//4 1498//4 3546//4
f 2109//4 7117//4 1497//4
f 2109//4 2106//4 7117//4
f 2106//4 1496//4 7117//4
f 2106//4 2108//4 1496//4
f 2106//4 2107//4 2108//4
f 2107//4 529//4 2108//4
f 4262//4 4264//4 756//4
f 4262//4 4263//4 4264//4
f 4263//4 1495//4 4264//4
f 3544//4 4983//4 1494//4
f 3544//4 3541//4 4983//4
f 3541//4 1493//4 4983//4
f 3541//4 3543//4 1493//4
f 3541//4 3542//4 3543//4
f 3542//4 755//4 3543//4
f 4257//4 4261//4 540//4
f 4257//4 4260//4 4261//4
f 4260//4 1492//4 4261//4
f 4982//4 2829//4 1491//4
f 4982//4 4979//4 2829//4
f 4979//4 1490//4 2829//4
f 4979//4 4981//4 1490//4
f 4979//4 4980//4 4981//4
f 4980//4 1117//4 4981//4
f 5676//4 5680//4 758//4
f 5676//4 5679//4 5680//4
f 5679//4 1489//4 5680//4
f 4259//4 6406//4 1488//4
f 4259//4 4256//4 6406//4
f 4256//4 1487//4 6406//4
f 4256//4 4258//4 1487//4
f 4256//4 4257//4 4258//4
f 4257//4 540//4 4258//4
f 6403//4 6405//4 759//4
f 6403//4 6404//4 6405//4
f 6404//4 1486//4 6405//4
f 5678//4 4255//4 1485//4
f 5678//4 5675//4 4255//4
f 5675//4 1484//4 4255//4
f 5675//4 5677//4 1484//4
f 5675//4 5676//4 5677//4
f 5676//4 758//4 5677//4
f 3538//4 3540//4 539//4
f 3538//4 3539//4 3540//4
f 3539//4 1483//4 3540//4
f 7116//4 2105//4 1482//4
f 7116//4 7113//4 2105//4
f 7113//4 1481//4 2105//4
f 7113//4 7115//4 1481//4
f 7113//4 7114//4 7115//4
f 7114//4 1120//4 7115//4
f 2100//6 2104//6 761//6
f 2100//6 2103//6 2104//6
f 2103//6 1480//6 2104//6
f 7112//6 5674//6 1479//6
f 7112//6 7110//6 5674//6
f 7110//6 1478//6 5674//6
f 7110//6 7111//6 1478//6
f 7110//6 7096//6 7111//6
f 7096//6 528//6 7111//6
f 2826//6 2828//6 762//6
f 2826//6 2827//6 2828//6
f 2827//6 1477//6 2828//6
f 2102//6 3537//6 1476//6
f 2102//6 2099//6 3537//6
f 2099//6 1475//6 3537//6
f 2099//6 2101//6 1475//6
f 2099//6 2100//6 2101//6
f 2100//6 761//6 2101//6
f 2094//6 2098//6 537//6
f 2094//6 2097//6 2098//6
f 2097//6 1474//6 2098//6
f 3536//6 7109//6 1473//6
f 3536//6 3533//6 7109//6
f 3533//6 1472//6 7109//6
f 3533//6 3535//6 1472//6
f 3533//6 3534//6 3535//6
f 3534//6 1123//6 3535//6
f 4250//6 4254//6 764//6
f 4250//6 4253//6 4254//6
f 4253//6 1471//6 4254//6
f 2096//6 4978//6 1470//6
f 2096//6 2093//6 4978//6
f 2093//6 1469//6 4978//6
f 2093//6 2095//6 1469//6
f 2093//6 2094//6 2095//6
f 2094//6 537//6 2095//6
f 4975//6 4977//6 765//6
f 4975//6 4976//6 4977//6
f 4976//6 1468//6 4977//6
f 4252//6 2825//6 1467//6
f 4252//6 4249//6 2825//6
f 4249//6 1466//6 2825//6
f 4249//6 4251//6 1466//6
f 4249//6 4250//6 4251//6
f 4250//6 764//6 4251//6
f 2822//6 2824//6 538//6
f 2822//6 2823//6 2824//6
f 2823//6 1465//6 2824//6
f 5673//6 6402//6 1464//6
f 5673//6 5670//6 6402//6
f 5670//6 1463//6 6402//6
f 5670//6 5672//6 1463//6
f 5670//6 5671//6 5672//6
f 5671//6 1126//6 5672//6
f 6393//2 6401//2 767//2
f 6393//2 6400//2 6401//2
f 6400//2 1462//2 6401//2
f 6399//2 4248//2 1461//2
f 6399//2 6396//2 4248//2
f 6396//2 1460//2 4248//2
f 6396//2 6398//2 1460//2
f 6396//2 6397//2 6398//2
f 6397//2 535//2 6398//2
f 7106//2 7108//2 768//2
f 7106//2 7107//2 7108//2
f 7107//2 1459//2 7108//2
f 6395//2 2092//2 1458//2
f 6395//2 6392//2 2092//2
f 6392//2 1457//2 2092//2
f 6392//2 6394//2 1457//2
f 6392//2 6393//2 6394//2
f 6393//2 767//2 6394//2
f 4243//2 4247//2 532//2
f 4243//2 4246//2 4247//2
f 4246//2 1456//2 4247//2
f 2091//2 5669//2 1455//2
f 2091//2 2088//2 5669//2
f 2088//2 1454//2 5669//2
f 2088//2 2090//2 1454//2
f 2088//2 2089//2 2090//2
f 2089//2 1129//2 2090//2
f 2817//2 2821//2 770//2
f 2817//2 2820//2 2821//2
f 2820//2 1453//2 2821//2
f 4245//2 3532//2 1452//2
f 4245//2 4242//2 3532//2
f 4242//2 1451//2 3532//2
f 4242//2 4244//2 1451//2
f 4242//2 4243//2 4244//2
f 4243//2 532//2 4244//2
f 3529//2 3531//2 771//2
f 3529//2 3530//2 3531//2
f 3530//2 1450//2 3531//2
f 2819//2 7105//2 1449//2
f 2819//2 2816//2 7105//2
f 2816//2 1448//2 7105//2
f 2816//2 2818//2 1448//2
f 2816//2 2817//2 2818//2
f 2817//2 770//2 2818//2
f 4972//2 4974//2 533//2
f 4972//2 4973//2 4974//2
f 4973//2 1447//2 4974//2
f 4241//2 4971//2 1446//2
f 4241//2 4238//2 4971//2
f 4238//2 1445//2 4971//2
f 4238//2 4240//2 1445//2
f 4238//2 4239//2 4240//2
f 4239//2 1132//2 4240//2
f 4966//1 4970//1 773//1
f 4966//1 4969//1 4970//1
f 4969//1 1444//1 4970//1
f 2814//1 2815//1 1443//1
f 2814//1 2811//1 2815//1
f 2811//1 1442//1 2815//1
f 2811//1 2813//1 1442//1
f 2811//1 2812//1 2813//1
f 2812//1 530//1 2813//1
f 5666//1 5668//1 774//1
f 5666//1 5667//1 5668//1
f 5667//1 1441//1 5668//1
f 4968//1 6391//1 1440//1
f 4968//1 4965//1 6391//1
f 4965//1 1439//1 6391//1
f 4965//1 4967//1 1439//1
f 4965//1 4966//1 4967//1
f 4966//1 773//1 4967//1
f 6382//1 6390//1 527//1
f 6382//1 6389//1 6390//1
f 6389//1 1438//1 6390//1
f 6388//1 4237//1 1437//1
f 6388//1 6385//1 4237//1
f 6385//1 1436//1 4237//1
f 6385//1 6387//1 1436//1
f 6385//1 6386//1 6387//1
f 6386//1 1135//1 6387//1
f 7100//1 7104//1 776//1
f 7100//1 7103//1 7104//1
f 7103//1 1435//1 7104//1
f 6384//1 2087//1 1434//1
f 6384//1 6381//1 2087//1
f 6381//1 1433//1 2087//1
f 6381//1 6383//1 1433//1
f 6381//1 6382//1 6383//1
f 6382//1 527//1 6383//1
f 2084//1 2086//1 777//1
f 2084//1 2085//1 2086//1
f 2085//1 1432//1 2086//1
f 7102//1 5665//1 1431//1
f 7102//1 7099//1 5665//1
f 7099//1 1430//1 5665//1
f 7099//1 7101//1 1430//1
f 7099//1 7100//1 7101//1
f 7100//1 776//1 7101//1
f 7096//1 7098//1 528//1
f 7096//1 7097//1 7098//1
f 7097//1 1429//1 7098//1
f 2810//1 3528//1 1428//1
f 2810//1 2807//1 3528//1
f 2807//1 1427//1 3528//1
f 2807//1 2809//1 1427//1
f 2807//1 2808//1 2809//1
f 2808//1 1138//1 2809//1
f 3523//3 3527//3 779//3
f 3523//3 3526//3 3527//3
f 3526//3 1426//3 3527//3
f 2806//3 7095//3 1425//3
f 2806//3 2803//3 7095//3
f 2803//3 1424//3 7095//3
f 2803//3 2805//3 1424//3
f 2803//3 2804//3 2805//3
f 2804//3 962//3 2805//3
f 4234//3 4236//3 780//3
f 4234//3 4235//3 4236//3
f 4235//3 1423//3 4236//3
f 3525//3 4964//3 1422//3
f 3525//3 3522//3 4964//3
f 3522//3 1421//3 4964//3
f 3522//3 3524//3 1421//3
f 3522//3 3523//3 3524//3
f 3523//3 779//3 3524//3
f 5658//3 5664//3 526//3
f 5658//3 5663//3 5664//3
f 5663//3 1420//3 5664//3
f 4963//3 2802//3 1419//3
f 4963//3 4960//3 2802//3
f 4960//3 1418//3 2802//3
f 4960//3 4962//3 1418//3
f 4960//3 4961//3 4962//3
f 4961//3 1141//3 4962//3
f 5654//3 5662//3 782//3
f 5654//3 5661//3 5662//3
f 5661//3 1417//3 5662//3
f 5660//3 6380//3 1416//3
f 5660//3 5657//3 6380//3
f 5657//3 1415//3 6380//3
f 5657//3 5659//3 1415//3
f 5657//3 5658//3 5659//3
f 5658//3 526//3 5659//3
f 6377//3 6379//3 783//3
f 6377//3 6378//3 6379//3
f 6378//3 1414//3 6379//3
f 5656//3 4233//3 1413//3
f 5656//3 5653//3 4233//3
f 5653//3 1412//3 4233//3
f 5653//3 5655//3 1412//3
f 5653//3 5654//3 5655//3
f 5654//3 782//3 5655//3
f 4957//3 4959//3 525//3
f 4957//3 4958//3 4959//3
f 4958//3 1411//3 4959//3
f 7094//3 2083//3 1410//3
f 7094//3 7091//3 2083//3
f 7091//3 1409//3 2083//3
f 7091//3 7093//3 1409//3
f 7091//3 7092//3 7093//3
f 7092//3 1144//3 7093//3
f 2074//5 2082//5 785//5
f 2074//5 2081//5 2082//5
f 2081//5 1408//5 2082//5
f 2080//5 5652//5 1407//5
f 2080//5 2077//5 5652//5
f 2077//5 1406//5 5652//5
f 2077//5 2079//5 1406//5
f 2077//5 2078//5 2079//5
f 2078//5 513//5 2079//5
f 2799//5 2801//5 786//5
f 2799//5 2800//5 2801//5
f 2800//5 1405//5 2801//5
f 2076//5 3521//5 1404//5
f 2076//5 2073//5 3521//5
f 2073//5 1403//5 3521//5
f 2073//5 2075//5 1403//5
f 2073//5 2074//5 2075//5
f 2074//5 785//5 2075//5
f 4226//5 4232//5 524//5
f 4226//5 4231//5 4232//5
f 4231//5 1402//5 4232//5
f 3520//5 7090//5 1401//5
f 3520//5 3517//5 7090//5
f 3517//5 1400//5 7090//5
f 3517//5 3519//5 1400//5
f 3517//5 3518//5 3519//5
f 3518//5 1147//5 3519//5
f 4222//5 4230//5 788//5
f 4222//5 4229//5 4230//5
f 4229//5 1399//5 4230//5
f 4228//5 4956//5 1398//5
f 4228//5 4225//5 4956//5
f 4225//5 1397//5 4956//5
f 4225//5 4227//5 1397//5
f 4225//5 4226//5 4227//5
f 4226//5 524//5 4227//5
f 4953//5 4955//5 789//5
f 4953//5 4954//5 4955//5
f 4954//5 1396//5 4955//5
f 4224//5 2798//5 1395//5
f 4224//5 4221//5 2798//5
f 4221//5 1394//5 2798//5
f 4221//5 4223//5 1394//5
f 4221//5 4222//5 4223//5
f 4222//5 788//5 4223//5
f 3514//5 3516//5 523//5
f 3514//5 3515//5 3516//5
f 3515//5 1393//5 3516//5
f 5651//5 6376//5 1392//5
f 5651//5 5648//5 6376//5
f 5648//5 1391//5 6376//5
f 5648//5 5650//5 1391//5
f 5648//5 5649//5 5650//5
f 5649//5 1150//5 5650//5
f 6367//4 6375//4 791//4
f 6367//4 6374//4 6375//4
f 6374//4 1390//4 6375//4
f 6373//4 4220//4 1389//4
f 6373//4 6370//4 4220//4
f 6370//4 1388//4 4220//4
f 6370//4 6372//4 1388//4
f 6370//4 6371//4 6372//4
f 6371//4 511//4 6372//4
f 7087//4 7089//4 792//4
f 7087//4 7088//4 7089//4
f 7088//4 1387//4 7089//4
f 6369//4 2072//4 1386//4
f 6369//4 6366//4 2072//4
f 6366//4 1385//4 2072//4
f 6366//4 6368//4 1385//4
f 6366//4 6367//4 6368//4
f 6367//4 791//4 6368//4
f 2791//4 2797//4 522//4
f 2791//4 2796//4 2797//4
f 2796//4 1384//4 2797//4
f 2071//4 5647//4 1383//4
f 2071//4 2068//4 5647//4
f 2068//4 1382//4 5647//4
f 2068//4 2070//4 1382//4
f 2068//4 2069//4 2070//4
f 2069//4 1153//4 2070//4
f 2787//4 2795//4 794//4
f 2787//4 2794//4 2795//4
f 2794//4 1381//4 2795//4
f 2793//4 3513//4 1380//4
f 2793//4 2790//4 3513//4
f 2790//4 1379//4 3513//4
f 2790//4 2792//4 1379//4
f 2790//4 2791//4 2792//4
f 2791//4 522//4 2792//4
f 3510//4 3512//4 795//4
f 3510//4 3511//4 3512//4
f 3511//4 1378//4 3512//4
f 2789//4 7086//4 1377//4
f 2789//4 2786//4 7086//4
f 2786//4 1376//4 7086//4
f 2786//4 2788//4 1376//4
f 2786//4 2787//4 2788//4
f 2787//4 794//4 2788//4
f 2065//4 2067//4 521//4
f 2065//4 2066//4 2067//4
f 2066//4 1375//4 2067//4
f 4219//4 4952//4 1374//4
f 4219//4 4216//4 4952//4
f 4216//4 1373//4 4952//4
f 4216//4 4218//4 1373//4
f 4216//4 4217//4 4218//4
f 4217//4 1156//4 4218//4
f 4947//6 4951//6 797//6
f 4947//6 4950//6 4951//6
f 4950//6 1372//6 4951//6
f 5646//6 2785//6 1371//6
f 5646//6 5644//6 2785//6
f 5644//6 1370//6 2785//6
f 5644//6 5645//6 1370//6
f 5644//6 5630//6 5645//6
f 5630//6 510//6 5645//6
f 5641//6 5643//6 798//6
f 5641//6 5642//6 5643//6
f 5642//6 1369//6 5643//6
f 4949//6 6365//6 1368//6
f 4949//6 4946//6 6365//6
f 4946//6 1367//6 6365//6
f 4946//6 4948//6 1367//6
f 4946//6 4947//6 4948//6
f 4947//6 797//6 4948//6
f 6356//6 6364//6 519//6
f 6356//6 6363//6 6364//6
f 6363//6 1366//6 6364//6
f 6362//6 4215//6 1365//6
f 6362//6 6359//6 4215//6
f 6359//6 1364//6 4215//6
f 6359//6 6361//6 1364//6
f 6359//6 6360//6 6361//6
f 6360//6 1159//6 6361//6
f 7081//6 7085//6 800//6
f 7081//6 7084//6 7085//6
f 7084//6 1363//6 7085//6
f 6358//6 2064//6 1362//6
f 6358//6 6355//6 2064//6
f 6355//6 1361//6 2064//6
f 6355//6 6357//6 1361//6
f 6355//6 6356//6 6357//6
f 6356//6 519//6 6357//6
f 2061//6 2063//6 801//6
f 2061//6 2062//6 2063//6
f 2062//6 1360//6 2063//6
f 7083//6 5640//6 1359//6
f 7083//6 7080//6 5640//6
f 7080//6 1358//6 5640//6
f 7080//6 7082//6 1358//6
f 7080//6 7081//6 7082//6
f 7081//6 800//6 7082//6
f 7077//6 7079//6 520//6
f 7077//6 7078//6 7079//6
f 7078//6 1357//6 7079//6
f 2784//6 3509//6 1356//6
f 2784//6 2781//6 3509//6
f 2781//6 1355//6 3509//6
f 2781//6 2783//6 1355//6
f 2781//6 2782//6 2783//6
f 2782//6 1162//6 2783//6
f 3504//2 3508//2 803//2
f 3504//2 3507//2 3508//2
f 3507//2 1354//2 3508//2
f 4945//2 7076//2 1353//2
f 4945//2 4942//2 7076//2
f 4942//2 1352//2 7076//2
f 4942//2 4944//2 1352//2
f 4942//2 4943//2 4944//2
f 4943//2 517//2 4944//2
f 4212//2 4214//2 804//2
f 4212//2 4213//2 4214//2
f 4213//2 1351//2 4214//2
f 3506//2 4941//2 1350//2
f 3506//2 3503//2 4941//2
f 3503//2 1349//2 4941//2
f 3503//2 3505//2 1349//2
f 3503//2 3504//2 3505//2
f 3504//2 803//2 3505//2
f 2775//2 2780//2 514//2
f 2775//2 2779//2 2780//2
f 2779//2 1348//2 2780//2
f 4940//2 2778//2 1347//2
f 4940//2 4937//2 2778//2
f 4937//2 1346//2 2778//2
f 4937//2 4939//2 1346//2
f 4937//2 4938//2 4939//2
f 4938//2 1165//2 4939//2
f 5635//2 5639//2 806//2
f 5635//2 5638//2 5639//2
f 5638//2 1345//2 5639//2
f 2777//2 6354//2 1344//2
f 2777//2 2774//2 6354//2
f 2774//2 1343//2 6354//2
f 2774//2 2776//2 1343//2
f 2774//2 2775//2 2776//2
f 2775//2 514//2 2776//2
f 6351//2 6353//2 807//2
f 6351//2 6352//2 6353//2
f 6352//2 1342//2 6353//2
f 5637//2 4211//2 1341//2
f 5637//2 5634//2 4211//2
f 5634//2 1340//2 4211//2
f 5634//2 5636//2 1340//2
f 5634//2 5635//2 5636//2
f 5635//2 806//2 5636//2
f 3500//2 3502//2 515//2
f 3500//2 3501//2 3502//2
f 3501//2 1339//2 3502//2
f 7075//2 2060//2 1338//2
f 7075//2 7072//2 2060//2
f 7072//2 1337//2 2060//2
f 7072//2 7074//2 1337//2
f 7072//2 7073//2 7074//2
f 7073//2 1168//2 7074//2
f 2055//1 2059//1 809//1
f 2055//1 2058//1 2059//1
f 2058//1 1336//1 2059//1
f 7071//1 5633//1 1335//1
f 7071//1 7068//1 5633//1
f 7068//1 1334//1 5633//1
f 7068//1 7070//1 1334//1
f 7068//1 7069//1 7070//1
f 7069//1 512//1 7070//1
f 2771//1 2773//1 810//1
f 2771//1 2772//1 2773//1
f 2772//1 1333//1 2773//1
f 2057//1 3499//1 1332//1
f 2057//1 2054//1 3499//1
f 2054//1 1331//1 3499//1
f 2054//1 2056//1 1331//1
f 2054//1 2055//1 2056//1
f 2055//1 809//1 2056//1
f 4931//1 4936//1 509//1
f 4931//1 4935//1 4936//1
f 4935//1 1330//1 4936//1
f 3498//1 7067//1 1329//1
f 3498//1 3495//1 7067//1
f 3495//1 1328//1 7067//1
f 3495//1 3497//1 1328//1
f 3495//1 3496//1 3497//1
f 3496//1 1171//1 3497//1
f 4206//1 4210//1 812//1
f 4206//1 4209//1 4210//1
f 4209//1 1327//1 4210//1
f 4933//1 4934//1 1326//1
f 4933//1 4930//1 4934//1
f 4930//1 1325//1 4934//1
f 4930//1 4932//1 1325//1
f 4930//1 4931//1 4932//1
f 4931//1 509//1 4932//1
f 4927//1 4929//1 813//1
f 4927//1 4928//1 4929//1
f 4928//1 1324//1 4929//1
f 4208//1 2770//1 1323//1
f 4208//1 4205//1 2770//1
f 4205//1 1322//1 2770//1
f 4205//1 4207//1 1322//1
f 4205//1 4206//1 4207//1
f 4206//1 812//1 4207//1
f 5630//1 5632//1 510//1
f 5630//1 5631//1 5632//1
f 5631//1 1321//1 5632//1
f 5629//1 6350//1 1320//1
f 5629//1 5626//1 6350//1
f 5626//1 1319//1 6350//1
f 5626//1 5628//1 1319//1
f 5626//1 5627//1 5628//1
f 5627//1 1174//1 5628//1
f 6345//6 6349//6 815//6
f 6345//6 6348//6 6349//6
f 6348//6 1318//6 6349//6
f 4203//6 4204//6 1317//6
f 4203//6 4201//6 4204//6
f 4201//6 1316//6 4204//6
f 4201//6 4202//6 1316//6
f 4201//6 4171//6 4202//6
f 4171//6 492//6 4202//6
f 7064//6 7066//6 816//6
f 7064//6 7065//6 7066//6
f 7065//6 1315//6 7066//6
f 6347//6 2053//6 1314//6
f 6347//6 6344//6 2053//6
f 6344//6 1313//6 2053//6
f 6344//6 6346//6 1313//6
f 6344//6 6345//6 6346//6
f 6345//6 815//6 6346//6
f 4196//6 4200//6 508//6
f 4196//6 4199//6 4200//6
f 4199//6 1312//6 4200//6
f 2052//6 5625//6 1311//6
f 2052//6 2049//6 5625//6
f 2049//6 1310//6 5625//6
f 2049//6 2051//6 1310//6
f 2049//6 2050//6 2051//6
f 2050//6 1177//6 2051//6
f 2765//6 2769//6 818//6
f 2765//6 2768//6 2769//6
f 2768//6 1309//6 2769//6
f 4198//6 3494//6 1308//6
f 4198//6 4195//6 3494//6
f 4195//6 1307//6 3494//6
f 4195//6 4197//6 1307//6
f 4195//6 4196//6 4197//6
f 4196//6 508//6 4197//6
f 3491//6 3493//6 819//6
f 3491//6 3492//6 3493//6
f 3492//6 1306//6 3493//6
f 2767//6 7063//6 1305//6
f 2767//6 2764//6 7063//6
f 2764//6 1304//6 7063//6
f 2764//6 2766//6 1304//6
f 2764//6 2765//6 2766//6
f 2765//6 818//6 2766//6
f 6326//6 6343//6 503//6
f 6326//6 6342//6 6343//6
f 6342//6 1303//6 6343//6
f 4194//6 4926//6 1302//6
f 4194//6 4191//6 4926//6
f 4191//6 1301//6 4926//6
f 4191//6 4193//6 1301//6
f 4191//6 4192//6 4193//6
f 4192//6 1180//6 4193//6
f 4921//5 4925//5 821//5
f 4921//5 4924//5 4925//5
f 4924//5 1300//5 4925//5
f 6341//5 2763//5 1299//5
f 6341//5 6338//5 2763//5
f 6338//5 1298//5 2763//5
f 6338//5 6340//5 1298//5
f 6338//5 6339//5 6340//5
f 6339//5 495//5 6340//5
f 5622//5 5624//5 822//5
f 5622//5 5623//5 5624//5
f 5623//5 1297//5 5624//5
f 4923//5 6337//5 1296//5
f 4923//5 4920//5 6337//5
f 4920//5 1295//5 6337//5
f 4920//5 4922//5 1295//5
f 4920//5 4921//5 4922//5
f 4921//5 821//5 4922//5
f 3486//5 3490//5 507//5
f 3486//5 3489//5 3490//5
f 3489//5 1294//5 3490//5
f 6336//5 4190//5 1293//5
f 6336//5 6333//5 4190//5
f 6333//5 1292//5 4190//5
f 6333//5 6335//5 1292//5
f 6333//5 6334//5 6335//5
f 6334//5 1183//5 6335//5
f 7058//5 7062//5 824//5
f 7058//5 7061//5 7062//5
f 7061//5 1291//5 7062//5
f 3488//5 2048//5 1290//5
f 3488//5 3485//5 2048//5
f 3485//5 1289//5 2048//5
f 3485//5 3487//5 1289//5
f 3485//5 3486//5 3487//5
f 3486//5 507//5 3487//5
f 2045//5 2047//5 825//5
f 2045//5 2046//5 2047//5
f 2046//5 1288//5 2047//5
f 7060//5 5621//5 1287//5
f 7060//5 7057//5 5621//5
f 7057//5 1286//5 5621//5
f 7057//5 7059//5 1286//5
f 7057//5 7058//5 7059//5
f 7058//5 824//5 7059//5
f 2760//5 2762//5 506//5
f 2760//5 2761//5 2762//5
f 2761//5 1285//5 2762//5
f 2759//5 3484//5 1284//5
f 2759//5 2756//5 3484//5
f 2756//5 1283//5 3484//5
f 2756//5 2758//5 1283//5
f 2756//5 2757//5 2758//5
f 2757//5 1186//5 2758//5
f 3479//4 3483//4 827//4
f 3479//4 3482//4 3483//4
f 3482//4 1282//4 3483//4
f 4919//4 7056//4 1281//4
f 4919//4 4916//4 7056//4
f 4916//4 1280//4 7056//4
f 4916//4 4918//4 1280//4
f 4916//4 4917//4 4918//4
f 4917//4 493//4 4918//4
f 4187//4 4189//4 828//4
f 4187//4 4188//4 4189//4
f 4188//4 1279//4 4189//4
f 3481//4 4915//4 1278//4
f 3481//4 3478//4 4915//4
f 3478//4 1277//4 4915//4
f 3478//4 3480//4 1277//4
f 3478//4 3479//4 3480//4
f 3479//4 827//4 3480//4
f 7051//4 7055//4 504//4
f 7051//4 7054//4 7055//4
f 7054//4 1276//4 7055//4
f 4914//4 2755//4 1275//4
f 4914//4 4911//4 2755//4
f 4911//4 1274//4 2755//4
f 4911//4 4913//4 1274//4
f 4911//4 4912//4 4913//4
f 4912//4 1189//4 4913//4
f 5616//4 5620//4 830//4
f 5616//4 5619//4 5620//4
f 5619//4 1273//4 5620//4
f 7053//4 6332//4 1272//4
f 7053//4 7050//4 6332//4
f 7050//4 1271//4 6332//4
f 7050//4 7052//4 1271//4
f 7050//4 7051//4 7052//4
f 7051//4 504//4 7052//4
f 6329//4 6331//4 831//4
f 6329//4 6330//4 6331//4
f 6330//4 1270//4 6331//4
f 5618//4 4186//4 1269//4
f 5618//4 5615//4 4186//4
f 5615//4 1268//4 4186//4
f 5615//4 5617//4 1268//4
f 5615//4 5616//4 5617//4
f 5616//4 830//4 5617//4
f 2042//4 2044//4 505//4
f 2042//4 2043//4 2044//4
f 2043//4 1267//4 2044//4
f 7049//4 2041//4 1266//4
f 7049//4 7046//4 2041//4
f 7046//4 1265//4 2041//4
f 7046//4 7048//4 1265//4
f 7046//4 7047//4 7048//4
f 7047//4 1192//4 7048//4
f 2036//3 2040//3 833//3
f 2036//3 2039//3 2040//3
f 2039//3 1264//3 2040//3
f 6328//3 5614//3 1263//3
f 6328//3 6325//3 5614//3
f 6325//3 1262//3 5614//3
f 6325//3 6327//3 1262//3
f 6325//3 6326//3 6327//3
f 6326//3 503//3 6327//3
f 2752//3 2754//3 834//3
f 2752//3 2753//3 2754//3
f 2753//3 1261//3 2754//3
f 2038//3 3477//3 1260//3
f 2038//3 2035//3 3477//3
f 2035//3 1259//3 3477//3
f 2035//3 2037//3 1259//3
f 2035//3 2036//3 2037//3
f 2036//3 833//3 2037//3
f 4905//3 4910//3 501//3
f 4905//3 4909//3 4910//3
f 4909//3 1258//3 4910//3
f 3476//3 7045//3 1257//3
f 3476//3 3473//3 7045//3
f 3473//3 1256//3 7045//3
f 3473//3 3475//3 1256//3
f 3473//3 3474//3 3475//3
f 3474//3 1195//3 3475//3
f 4181//3 4185//3 836//3
f 4181//3 4184//3 4185//3
f 4184//3 1255//3 4185//3
f 4907//3 4908//3 1254//3
f 4907//3 4904//3 4908//3
f 4904//3 1253//3 4908//3
f 4904//3 4906//3 1253//3
f 4904//3 4905//3 4906//3
f 4905//3 501//3 4906//3
f 4901//3 4903//3 837//3
f 4901//3 4902//3 4903//3
f 4902//3 1252//3 4903//3
f 4183//3 2751//3 1251//3
f 4183//3 4180//3 2751//3
f 4180//3 1250//3 2751//3
f 4180//3 4182//3 1250//3
f 4180//3 4181//3 4182//3
f 4181//3 836//3 4182//3
f 5604//3 5613//3 494//3
f 5604//3 5612//3 5613//3
f 5612//3 1249//3 5613//3
f 5611//3 6324//3 1248//3
f 5611//3 5608//3 6324//3
f 5608//3 1247//3 6324//3
f 5608//3 5610//3 1247//3
f 5608//3 5609//3 5610//3
f 5609//3 1198//3 5610//3
f 6319//2 6323//2 839//2
f 6319//2 6322//2 6323//2
f 6322//2 1246//2 6323//2
f 3472//2 4179//2 1245//2
f 3472//2 3469//2 4179//2
f 3469//2 1244//2 4179//2
f 3469//2 3471//2 1244//2
f 3469//2 3470//2 3471//2
f 3470//2 499//2 3471//2
f 7042//2 7044//2 840//2
f 7042//2 7043//2 7044//2
f 7043//2 1243//2 7044//2
f 6321//2 2034//2 1242//2
f 6321//2 6318//2 2034//2
f 6318//2 1241//2 2034//2
f 6318//2 6320//2 1241//2
f 6318//2 6319//2 6320//2
f 6319//2 839//2 6320//2
f 7037//2 7041//2 496//2
f 7037//2 7040//2 7041//2
f 7040//2 1240//2 7041//2
f 2033//2 5607//2 1239//2
f 2033//2 2030//2 5607//2
f 2030//2 1238//2 5607//2
f 2030//2 2032//2 1238//2
f 2030//2 2031//2 2032//2
f 2031//2 1201//2 2032//2
f 2746//2 2750//2 842//2
f 2746//2 2749//2 2750//2
f 2749//2 1237//2 2750//2
f 7039//2 3468//2 1236//2
f 7039//2 7036//2 3468//2
f 7036//2 1235//2 3468//2
f 7036//2 7038//2 1235//2
f 7036//2 7037//2 7038//2
f 7037//2 496//2 7038//2
f 3465//2 3467//2 843//2
f 3465//2 3466//2 3467//2
f 3466//2 1234//2 3467//2
f 2748//2 7035//2 1233//2
f 2748//2 2745//2 7035//2
f 2745//2 1232//2 7035//2
f 2745//2 2747//2 1232//2
f 2745//2 2746//2 2747//2
f 2746//2 842//2 2747//2
f 2027//2 2029//2 497//2
f 2027//2 2028//2 2029//2
f 2028//2 1231//2 2029//2
f 4178//2 4900//2 1230//2
f 4178//2 4175//2 4900//2
f 4175//2 1229//2 4900//2
f 4175//2 4177//2 1229//2
f 4175//2 4176//2 4177//2
f 4176//2 1204//2 4177//2
f 4895//1 4899//1 845//1
f 4895//1 4898//1 4899//1
f 4898//1 1228//1 4899//1
f 5606//1 2744//1 1227//1
f 5606//1 5603//1 2744//1
f 5603//1 1226//1 2744//1
f 5603//1 5605//1 1226//1
f 5603//1 5604//1 5605//1
f 5604//1 494//1 5605//1
f 5600//1 5602//1 846//1
f 5600//1 5601//1 5602//1
f 5601//1 1225//1 5602//1
f 4897//1 6317//1 1224//1
f 4897//1 4894//1 6317//1
f 4894//1 1223//1 6317//1
f 4894//1 4896//1 1223//1
f 4894//1 4895//1 4896//1
f 4895//1 845//1 4896//1
f 3460//1 3464//1 491//1
f 3460//1 3463//1 3464//1
f 3463//1 1222//1 3464//1
f 6316//1 4174//1 1221//1
f 6316//1 6313//1 4174//1
f 6313//1 1220//1 4174//1
f 6313//1 6315//1 1220//1
f 6313//1 6314//1 6315//1
f 6314//1 1207//1 6315//1
f 7030//1 7034//1 848//1
f 7030//1 7033//1 7034//1
f 7033//1 1219//1 7034//1
f 3462//1 2026//1 1218//1
f 3462//1 3459//1 2026//1
f 3459//1 1217//1 2026//1
f 3459//1 3461//1 1217//1
f 3459//1 3460//1 3461//1
f 3460//1 491//1 3461//1
f 2023//1 2025//1 849//1
f 2023//1 2024//1 2025//1
f 2024//1 1216//1 2025//1
f 7032//1 5599//1 1215//1
f 7032//1 7029//1 5599//1
f 7029//1 1214//1 5599//1
f 7029//1 7031//1 1214//1
f 7029//1 7030//1 7031//1
f 7030//1 848//1 7031//1
f 4171//1 4173//1 492//1
f 4171//1 4172//1 4173//1
f 4172//1 1213//1 4173//1
f 2743//1 3458//1 1212//1
f 2743//1 2740//1 3458//1
f 2740//1 1211//1 3458//1
f 2740//1 2742//1 1211//1
f 2740//1 2741//1 2742//1
f 2741//1 1210//1 2742//1
f 2729//1 2739//1 852//1
f 2729//1 2738//1 2739//1
f 2738//1 850//1 2739//1
f 2022//1 7028//1 1209//1
f 2022//1 2021//1 7028//1
f 2021//1 1208//1 7028//1
f 2021//1 3457//1 1208//1
f 2021//1 2019//1 3457//1
f 2019//1 851//1 3457//1
f 2019//1 6312//1 851//1
f 2019//1 2020//1 6312//1
f 2020//1 847//1 6312//1
f 4170//1 4893//1 1206//1
f 4170//1 4169//1 4893//1
f 4169//1 1205//1 4893//1
f 4169//1 5598//1 1205//1
f 4169//1 4166//1 5598//1
f 4166//1 854//1 5598//1
f 6310//2 4168//2 857//2
f 6310//2 6311//2 4168//2
f 6311//2 844//2 4168//2
f 5597//2 2737//2 1203//2
f 5597//2 5596//2 2737//2
f 5596//2 1202//2 2737//2
f 5596//2 7027//2 1202//2
f 5596//2 5594//2 7027//2
f 5594//2 856//2 7027//2
f 5594//2 2018//2 856//2
f 5594//2 5595//2 2018//2
f 5595//2 841//2 2018//2
f 2017//2 6309//2 1200//2
f 2017//2 2015//2 6309//2
f 2015//2 1199//2 6309//2
f 2015//2 3456//2 1199//2
f 2015//2 2016//2 3456//2
f 2016//2 859//2 3456//2
f 4166//3 5593//3 854//3
f 4166//3 4167//3 5593//3
f 4167//3 838//3 5593//3
f 3455//3 4165//3 1197//3
f 3455//3 3454//3 4165//3
f 3454//3 1196//3 4165//3
f 3454//3 4892//3 1196//3
f 3454//3 3451//3 4892//3
f 3451//3 861//3 4892//3
f 3451//3 3453//3 861//3
f 3451//3 3452//3 3453//3
f 3452//3 835//3 3453//3
f 4891//3 2014//3 1194//3
f 4891//3 4890//3 2014//3
f 4890//3 1193//3 2014//3
f 4890//3 6308//3 1193//3
f 4890//3 4882//3 6308//3
f 4882//3 863//3 6308//3
f 6306//4 7026//4 865//4
f 6306//4 6307//4 7026//4
f 6307//4 832//4 7026//4
f 5591//4 5592//4 1191//4
f 5591//4 5590//4 5592//4
f 5590//4 1190//4 5592//4
f 5590//4 7025//4 1190//4
f 5590//4 5588//4 7025//4
f 5588//4 864//4 7025//4
f 5588//4 4889//4 864//4
f 5588//4 5589//4 4889//4
f 5589//4 829//4 4889//4
f 3449//4 3450//4 1188//4
f 3449//4 3447//4 3450//4
f 3447//4 1187//4 3450//4
f 3447//4 4888//4 1187//4
f 3447//4 3448//4 4888//4
f 3448//4 853//4 4888//4
f 7023//5 2736//5 866//5
f 7023//5 7024//5 2736//5
f 7024//5 826//5 2736//5
f 2013//5 7022//5 1185//5
f 2013//5 2012//5 7022//5
f 2012//5 1184//5 7022//5
f 2012//5 3446//5 1184//5
f 2012//5 2010//5 3446//5
f 2010//5 867//5 3446//5
f 2010//5 6305//5 867//5
f 2010//5 2011//5 6305//5
f 2011//5 823//5 6305//5
f 4886//5 4887//5 1182//5
f 4886//5 4884//5 4887//5
f 4884//5 1181//5 4887//5
f 4884//5 6304//5 1181//5
f 4884//5 4885//5 6304//5
f 4885//5 855//5 6304//5
f 4882//6 4164//6 863//6
f 4882//6 4883//6 4164//6
f 4883//6 820//6 4164//6
f 2734//6 2735//6 1179//6
f 2734//6 2733//6 2735//6
f 2733//6 1178//6 2735//6
f 2733//6 4163//6 1178//6
f 2733//6 2731//6 4163//6
f 2731//6 868//6 4163//6
f 2731//6 2009//6 868//6
f 2731//6 2732//6 2009//6
f 2732//6 817//6 2009//6
f 2730//6 6303//6 1176//6
f 2730//6 2728//6 6303//6
f 2728//6 1175//6 6303//6
f 2728//6 4162//6 1175//6
f 2728//6 2729//6 4162//6
f 2729//6 852//6 4162//6
f 4158//1 5587//1 870//1
f 4158//1 4161//1 5587//1
f 4161//1 814//1 5587//1
f 3445//1 4160//1 1173//1
f 3445//1 3444//1 4160//1
f 3444//1 1172//1 4160//1
f 3444//1 4881//1 1172//1
f 3444//1 3441//1 4881//1
f 3441//1 869//1 4881//1
f 3441//1 3443//1 869//1
f 3441//1 3442//1 3443//1
f 3442//1 811//1 3443//1
f 5586//1 2008//1 1170//1
f 5586//1 5584//1 2008//1
f 5584//1 1169//1 2008//1
f 5584//1 7021//1 1169//1
f 5584//1 5585//1 7021//1
f 5585//1 872//1 7021//1
f 2006//2 7020//2 875//2
f 2006//2 2007//2 7020//2
f 2007//2 808//2 7020//2
f 7019//2 5583//2 1167//2
f 7019//2 7018//2 5583//2
f 7018//2 1166//2 5583//2
f 7018//2 2727//2 1166//2
f 7018//2 7016//2 2727//2
f 7016//2 874//2 2727//2
f 7016//2 4880//2 874//2
f 7016//2 7017//2 4880//2
f 7017//2 805//2 4880//2
f 3439//2 3440//2 1164//2
f 3439//2 3437//2 3440//2
f 3437//2 1163//2 3440//2
f 3437//2 4879//2 1163//2
f 3437//2 3438//2 4879//2
f 3438//2 877//2 4879//2
f 5581//6 2726//6 880//6
f 5581//6 5582//6 2726//6
f 5582//6 802//6 2726//6
f 4878//6 7015//6 1161//6
f 4878//6 4877//6 7015//6
f 4877//6 1160//6 7015//6
f 4877//6 6302//6 1160//6
f 4877//6 4875//6 6302//6
f 4875//6 879//6 6302//6
f 4875//6 6301//6 879//6
f 4875//6 4876//6 6301//6
f 4876//6 799//6 6301//6
f 4159//6 4874//6 1158//6
f 4159//6 4157//6 4874//6
f 4157//6 1157//6 4874//6
f 4157//6 5580//6 1157//6
f 4157//6 4158//6 5580//6
f 4158//6 870//6 5580//6
f 6299//4 4156//4 881//4
f 6299//4 6300//4 4156//4
f 6300//4 796//4 4156//4
f 7014//4 2725//4 1155//4
f 7014//4 7013//4 2725//4
f 7013//4 1154//4 2725//4
f 7013//4 2724//4 1154//4
f 7013//4 7011//4 2724//4
f 7011//4 882//4 2724//4
f 7011//4 2005//4 882//4
f 7011//4 7012//4 2005//4
f 7012//4 793//4 2005//4
f 4873//4 6298//4 1152//4
f 4873//4 4871//4 6298//4
f 4871//4 1151//4 6298//4
f 4871//4 6297//4 1151//4
f 4871//4 4872//4 6297//4
f 4872//4 871//4 6297//4
f 2003//5 5579//5 883//5
f 2003//5 2004//5 5579//5
f 2004//5 790//5 5579//5
f 2723//5 4155//5 1149//5
f 2723//5 2722//5 4155//5
f 2722//5 1148//5 4155//5
f 2722//5 4154//5 1148//5
f 2722//5 2720//5 4154//5
f 2720//5 884//5 4154//5
f 2720//5 3436//5 884//5
f 2720//5 2721//5 3436//5
f 2721//5 787//5 3436//5
f 6296//5 2002//5 1146//5
f 6296//5 6294//5 2002//5
f 6294//5 1145//5 2002//5
f 6294//5 2001//5 1145//5
f 6294//5 6295//5 2001//5
f 6295//5 873//5 2001//5
f 3434//3 7010//3 885//3
f 3434//3 3435//3 7010//3
f 3435//3 784//3 7010//3
f 4153//3 5578//3 1143//3
f 4153//3 4152//3 5578//3
f 4152//3 1142//3 5578//3
f 4152//3 5577//3 1142//3
f 4152//3 4150//3 5577//3
f 4150//3 886//3 5577//3
f 4150//3 4870//3 886//3
f 4150//3 4151//3 4870//3
f 4151//3 781//3 4870//3
f 5576//3 3433//3 1140//3
f 5576//3 5574//3 3433//3
f 5574//3 1139//3 3433//3
f 5574//3 2719//3 1139//3
f 5574//3 5575//3 2719//3
f 5575//3 602//3 2719//3
f 5570//1 2718//1 888//1
f 5570//1 5573//1 2718//1
f 5573//1 778//1 2718//1
f 4869//1 7009//1 1137//1
f 4869//1 4868//1 7009//1
f 4868//1 1136//1 7009//1
f 4868//1 6293//1 1136//1
f 4868//1 4866//1 6293//1
f 4866//1 887//1 6293//1
f 4866//1 6292//1 887//1
f 4866//1 4867//1 6292//1
f 4867//1 775//1 6292//1
f 7008//1 4865//1 1134//1
f 7008//1 7006//1 4865//1
f 7006//1 1133//1 4865//1
f 7006//1 2717//1 1133//1
f 7006//1 7007//1 2717//1
f 7007//1 890//1 2717//1
f 3431//2 4149//2 893//2
f 3431//2 3432//2 4149//2
f 3432//2 772//2 4149//2
f 2715//2 2716//2 1131//2
f 2715//2 2714//2 2716//2
f 2714//2 1130//2 2716//2
f 2714//2 4148//2 1130//2
f 2714//2 2712//2 4148//2
f 2712//2 892//2 4148//2
f 2712//2 2000//2 892//2
f 2712//2 2713//2 2000//2
f 2713//2 769//2 2000//2
f 4864//2 6291//2 1128//2
f 4864//2 4862//2 6291//2
f 4862//2 1127//2 6291//2
f 4862//2 6290//2 1127//2
f 4862//2 4863//2 6290//2
f 4863//2 895//2 6290//2
f 7004//6 5572//6 898//6
f 7004//6 7005//6 5572//6
f 7005//6 766//6 5572//6
f 6289//6 4147//6 1125//6
f 6289//6 6288//6 4147//6
f 6288//6 1124//6 4147//6
f 6288//6 1999//6 1124//6
f 6288//6 6286//6 1999//6
f 6286//6 897//6 1999//6
f 6286//6 3430//6 897//6
f 6286//6 6287//6 3430//6
f 6287//6 763//6 3430//6
f 5571//6 1998//6 1122//6
f 5571//6 5569//6 1998//6
f 5569//6 1121//6 1998//6
f 5569//6 7003//6 1121//6
f 5569//6 5570//6 7003//6
f 5570//6 888//6 7003//6
f 1996//4 7002//4 899//4
f 1996//4 1997//4 7002//4
f 1997//4 760//4 7002//4
f 2711//4 5568//4 1119//4
f 2711//4 2710//4 5568//4
f 2710//4 1118//4 5568//4
f 2710//4 4146//4 1118//4
f 2710//4 2708//4 4146//4
f 2708//4 900//4 4146//4
f 2708//4 4861//4 900//4
f 2708//4 2709//4 4861//4
f 2709//4 757//4 4861//4
f 6285//4 3429//4 1116//4
f 6285//4 6283//4 3429//4
f 6283//4 1115//4 3429//4
f 6283//4 1995//4 1115//4
f 6283//4 6284//4 1995//4
f 6284//4 889//4 1995//4
f 3427//5 2707//5 901//5
f 3427//5 3428//5 2707//5
f 3428//5 754//5 2707//5
f 4145//5 7001//5 1113//5
f 4145//5 4144//5 7001//5
f 4144//5 1112//5 7001//5
f 4144//5 5567//5 1112//5
f 4144//5 4142//5 5567//5
f 4142//5 902//5 5567//5
f 4142//5 6282//5 902//5
f 4142//5 4143//5 6282//5
f 4143//5 751//5 6282//5
f 1994//5 4860//5 1110//5
f 1994//5 1992//5 4860//5
f 1992//5 1109//5 4860//5
f 1992//5 3426//5 1109//5
f 1992//5 1993//5 3426//5
f 1993//5 891//5 3426//5
f 4858//3 4141//3 903//3
f 4858//3 4859//3 4141//3
f 4859//3 748//3 4141//3
f 5566//3 2706//3 1107//3
f 5566//3 5565//3 2706//3
f 5565//3 1106//3 2706//3
f 5565//3 7000//3 1106//3
f 5565//3 5563//3 7000//3
f 5563//3 904//3 7000//3
f 5563//3 1991//3 904//3
f 5563//3 5564//3 1991//3
f 5564//3 745//3 1991//3
f 6999//3 6281//3 1104//3
f 6999//3 6997//3 6281//3
f 6997//3 1103//3 6281//3
f 6997//3 4140//3 1103//3
f 6997//3 6998//3 4140//3
f 6998//3 620//3 4140//3
f 6992//1 5562//1 906//1
f 6992//1 6996//1 5562//1
f 6996//1 742//1 5562//1
f 6280//1 4139//1 1101//1
f 6280//1 6279//1 4139//1
f 6279//1 1100//1 4139//1
f 6279//1 1990//1 1100//1
f 6279//1 6277//1 1990//1
f 6277//1 905//1 1990//1
f 6277//1 3425//1 905//1
f 6277//1 6278//1 3425//1
f 6278//1 739//1 3425//1
f 2705//1 1989//1 1098//1
f 2705//1 2703//1 1989//1
f 2703//1 1097//1 1989//1
f 2703//1 4138//1 1097//1
f 2703//1 2704//1 4138//1
f 2704//1 908//1 4138//1
f 4856//2 6995//2 911//2
f 4856//2 4857//2 6995//2
f 4857//2 736//2 6995//2
f 4137//2 5561//2 1095//2
f 4137//2 4136//2 5561//2
f 4136//2 1094//2 5561//2
f 4136//2 5560//2 1094//2
f 4136//2 4134//2 5560//2
f 4134//2 910//2 5560//2
f 4134//2 4855//2 910//2
f 4134//2 4135//2 4855//2
f 4135//2 733//2 4855//2
f 6276//2 3424//2 1092//2
f 6276//2 6274//2 3424//2
f 6274//2 1091//2 3424//2
f 6274//2 1988//2 1091//2
f 6274//2 6275//2 1988//2
f 6275//2 913//2 1988//2
f 2700//6 2702//6 916//6
f 2700//6 2701//6 2702//6
f 2701//6 730//6 2702//6
f 1987//6 6994//6 1089//6
f 1987//6 1986//6 6994//6
f 1986//6 1088//6 6994//6
f 1986//6 3423//6 1088//6
f 1986//6 1984//6 3423//6
f 1984//6 915//6 3423//6
f 1984//6 6273//6 915//6
f 1984//6 1985//6 6273//6
f 1985//6 727//6 6273//6
f 6993//6 4854//6 1086//6
f 6993//6 6991//6 4854//6
f 6991//6 1085//6 4854//6
f 6991//6 2699//6 1085//6
f 6991//6 6992//6 2699//6
f 6992//6 906//6 2699//6
f 3421//4 4133//4 917//4
f 3421//4 3422//4 4133//4
f 3422//4 724//4 4133//4
f 4132//4 2698//4 1083//4
f 4132//4 4131//4 2698//4
f 4131//4 1082//4 2698//4
f 4131//4 5559//4 1082//4
f 4131//4 4129//4 5559//4
f 4129//4 918//4 5559//4
f 4129//4 1983//4 918//4
f 4129//4 4130//4 1983//4
f 4130//4 721//4 1983//4
f 1982//4 6272//4 1080//4
f 1982//4 1980//4 6272//4
f 1980//4 1079//4 6272//4
f 1980//4 3420//4 1079//4
f 1980//4 1981//4 3420//4
f 1981//4 907//4 3420//4
f 4852//5 5558//5 919//5
f 4852//5 4853//5 5558//5
f 4853//5 718//5 5558//5
f 5557//5 4128//5 1077//5
f 5557//5 5556//5 4128//5
f 5556//5 1076//5 4128//5
f 5556//5 6990//5 1076//5
f 5556//5 5554//5 6990//5
f 5554//5 920//5 6990//5
f 5554//5 3419//5 920//5
f 5554//5 5555//5 3419//5
f 5555//5 715//5 3419//5
f 3418//5 1979//5 1074//5
f 3418//5 3416//5 1979//5
f 3416//5 1073//5 1979//5
f 3416//5 4851//5 1073//5
f 3416//5 3417//5 4851//5
f 3417//5 909//5 4851//5
f 6270//3 6989//3 921//3
f 6270//3 6271//3 6989//3
f 6271//3 712//3 6989//3
f 6988//3 5553//3 1071//3
f 6988//3 6987//3 5553//3
f 6987//3 1070//3 5553//3
f 6987//3 2697//3 1070//3
f 6987//3 6985//3 2697//3
f 6985//3 922//3 2697//3
f 6985//3 4850//3 922//3
f 6985//3 6986//3 4850//3
f 6986//3 709//3 4850//3
f 2696//3 3415//3 1068//3
f 2696//3 2694//3 3415//3
f 2694//3 1067//3 3415//3
f 2694//3 5552//3 1067//3
f 2694//3 2695//3 5552//3
f 2695//3 638//3 5552//3
f 2689//1 2693//1 924//1
f 2689//1 2692//1 2693//1
f 2692//1 706//1 2693//1
f 1978//1 6984//1 1065//1
f 1978//1 1977//1 6984//1
f 1977//1 1064//1 6984//1
f 1977//1 3414//1 1064//1
f 1977//1 1975//1 3414//1
f 1975//1 923//1 3414//1
f 1975//1 6269//1 923//1
f 1975//1 1976//1 6269//1
f 1976//1 703//1 6269//1
f 4127//1 4849//1 1062//1
f 4127//1 4125//1 4849//1
f 4125//1 1061//1 4849//1
f 4125//1 5551//1 1061//1
f 4125//1 4126//1 5551//1
f 4126//1 926//1 5551//1
f 6267//2 4124//2 929//2
f 6267//2 6268//2 4124//2
f 6268//2 700//2 4124//2
f 5550//2 2691//2 1059//2
f 5550//2 5549//2 2691//2
f 5549//2 1058//2 2691//2
f 5549//2 6983//2 1058//2
f 5549//2 5547//2 6983//2
f 5547//2 928//2 6983//2
f 5547//2 1974//2 928//2
f 5547//2 5548//2 1974//2
f 5548//2 697//2 1974//2
f 1973//2 6266//2 1056//2
f 1973//2 1971//2 6266//2
f 1971//2 1055//2 6266//2
f 1971//2 3413//2 1055//2
f 1971//2 1972//2 3413//2
f 1972//2 931//2 3413//2
f 4122//6 5546//6 934//6
f 4122//6 4123//6 5546//6
f 4123//6 694//6 5546//6
f 3412//6 4121//6 1053//6
f 3412//6 3411//6 4121//6
f 3411//6 1052//6 4121//6
f 3411//6 4848//6 1052//6
f 3411//6 3408//6 4848//6
f 3408//6 933//6 4848//6
f 3408//6 3410//6 933//6
f 3408//6 3409//6 3410//6
f 3409//6 691//6 3410//6
f 2690//6 1970//6 1050//6
f 2690//6 2688//6 1970//6
f 2688//6 1049//6 1970//6
f 2688//6 4120//6 1049//6
f 2688//6 2689//6 4120//6
f 2689//6 924//6 4120//6
f 4846//4 6982//4 935//4
f 4846//4 4847//4 6982//4
f 4847//4 688//4 6982//4
f 5544//4 5545//4 1047//4
f 5544//4 5543//4 5545//4
f 5543//4 1046//4 5545//4
f 5543//4 6981//4 1046//4
f 5543//4 5541//4 6981//4
f 5541//4 936//4 6981//4
f 5541//4 4845//4 936//4
f 5541//4 5542//4 4845//4
f 5542//4 685//4 4845//4
f 3406//4 3407//4 1044//4
f 3406//4 3404//4 3407//4
f 3404//4 1043//4 3407//4
f 3404//4 4844//4 1043//4
f 3404//4 3405//4 4844//4
f 3405//4 925//4 4844//4
f 6264//5 2687//5 937//5
f 6264//5 6265//5 2687//5
f 6265//5 682//5 2687//5
f 6979//5 6980//5 1041//5
f 6979//5 6978//5 6980//5
f 6978//5 1040//5 6980//5
f 6978//5 2686//5 1040//5
f 6978//5 6976//5 2686//5
f 6976//5 938//5 2686//5
f 6976//5 6263//5 938//5
f 6976//5 6977//5 6263//5
f 6977//5 679//5 6263//5
f 4842//5 4843//5 1038//5
f 4842//5 4840//5 4843//5
f 4840//5 1037//5 4843//5
f 4840//5 6262//5 1037//5
f 4840//5 4841//5 6262//5
f 4841//5 927//5 6262//5
f 1968//3 4119//3 939//3
f 1968//3 1969//3 4119//3
f 1969//3 676//3 4119//3
f 2684//3 2685//3 1035//3
f 2684//3 2683//3 2685//3
f 2683//3 1034//3 2685//3
f 2683//3 4118//3 1034//3
f 2683//3 2681//3 4118//3
f 2681//3 940//3 4118//3
f 2681//3 1967//3 940//3
f 2681//3 2682//3 1967//3
f 2682//3 673//3 1967//3
f 4117//3 6261//3 1032//3
f 4117//3 4115//3 6261//3
f 4115//3 1031//3 6261//3
f 4115//3 6975//3 1031//3
f 4115//3 4116//3 6975//3
f 4116//3 656//3 6975//3
f 4113//3 5540//3 1030//3
f 4113//3 4114//3 5540//3
f 4114//3 566//3 5540//3
f 4112//3 4839//3 1029//3
f 4112//3 4113//3 4839//3
f 4113//3 1030//3 4839//3
f 3401//5 1966//5 1028//5
f 3401//5 3403//5 1966//5
f 3403//5 1017//5 1966//5
f 3400//5 3402//5 1027//5
f 3400//5 3401//5 3402//5
f 3401//5 1028//5 3402//5
f 2679//4 6260//4 1026//4
f 2679//4 2680//4 6260//4
f 2680//4 1015//4 6260//4
f 2678//4 1965//4 1025//4
f 2678//4 2679//4 1965//4
f 2679//4 1026//4 1965//4
f 1964//6 5539//6 1023//6
f 1964//6 1960//6 5539//6
f 1960//6 1014//6 5539//6
f 1963//6 6259//6 1024//6
f 1963//6 1964//6 6259//6
f 1964//6 1023//6 6259//6
f 4837//2 2677//2 1018//2
f 4837//2 4838//2 2677//2
f 4838//2 1021//2 2677//2
f 4836//2 2676//2 1019//2
f 4836//2 4837//2 2676//2
f 4837//2 1018//2 2676//2
f 1961//1 4835//1 1013//1
f 1961//1 1962//1 4835//1
f 1962//1 1016//1 4835//1
f 1960//1 4834//1 1014//1
f 1960//1 1961//1 4834//1
f 1961//1 1013//1 4834//1
f 4109//3 4111//3 1012//3
f 4109//3 4110//3 4111//3
f 4110//3 548//3 4111//3
f 4108//3 3399//3 1011//3
f 4108//3 4109//3 3399//3
f 4109//3 1012//3 3399//3
f 3397//5 6258//5 1010//5
f 3397//5 3398//5 6258//5
f 3398//5 999//5 6258//5
f 3396//5 1959//5 1009//5
f 3396//5 3397//5 1959//5
f 3397//5 1010//5 1959//5
f 2674//4 4833//4 1008//4
f 2674//4 2675//4 4833//4
f 2675//4 997//4 4833//4
f 2673//4 6257//4 1007//4
f 2673//4 2674//4 6257//4
f 2674//4 1008//4 6257//4
f 1958//6 4107//6 1005//6
f 1958//6 1954//6 4107//6
f 1954//6 996//6 4107//6
f 1957//6 4832//6 1006//6
f 1957//6 1958//6 4832//6
f 1958//6 1005//6 4832//6
f 4830//2 6974//2 1000//2
f 4830//2 4831//2 6974//2
f 4831//2 1003//2 6974//2
f 4829//2 6973//2 1001//2
f 4829//2 4830//2 6973//2
f 4830//2 1000//2 6973//2
f 1955//1 3395//1 995//1
f 1955//1 1956//1 3395//1
f 1956//1 998//1 3395//1
f 1954//1 3394//1 996//1
f 1954//1 1955//1 3394//1
f 1955//1 995//1 3394//1
f 4105//3 2672//3 994//3
f 4105//3 4106//3 2672//3
f 4106//3 530//3 2672//3
f 4104//3 1953//3 993//3
f 4104//3 4105//3 1953//3
f 4105//3 994//3 1953//3
f 3392//5 4828//5 992//5
f 3392//5 3393//5 4828//5
f 3393//5 981//5 4828//5
f 3391//5 6256//5 991//5
f 3391//5 3392//5 6256//5
f 3392//5 992//5 6256//5
f 2670//4 3390//4 990//4
f 2670//4 2671//4 3390//4
f 2671//4 979//4 3390//4
f 2669//4 4827//4 989//4
f 2669//4 2670//4 4827//4
f 2670//4 990//4 4827//4
f 1952//6 2668//6 987//6
f 1952//6 1946//6 2668//6
f 1946//6 978//6 2668//6
f 1951//6 3389//6 988//6
f 1951//6 1952//6 3389//6
f 1952//6 987//6 3389//6
f 4825//2 5538//2 982//2
f 4825//2 4826//2 5538//2
f 4826//2 985//2 5538//2
f 4824//2 5537//2 983//2
f 4824//2 4825//2 5537//2
f 4825//2 982//2 5537//2
f 1947//1 1950//1 977//1
f 1947//1 1949//1 1950//1
f 1949//1 980//1 1950//1
f 1946//1 1948//1 978//1
f 1946//1 1947//1 1948//1
f 1947//1 977//1 1948//1
f 4102//3 6972//3 976//3
f 4102//3 4103//3 6972//3
f 4103//3 512//3 6972//3
f 4101//3 6255//3 975//3
f 4101//3 4102//3 6255//3
f 4102//3 976//3 6255//3
f 3386//5 3388//5 974//5
f 3386//5 3387//5 3388//5
f 3387//5 963//5 3388//5
f 3385//5 4823//5 973//5
f 3385//5 3386//5 4823//5
f 3386//5 974//5 4823//5
f 2666//4 1945//4 972//4
f 2666//4 2667//4 1945//4
f 2667//4 961//4 1945//4
f 2665//4 3384//4 971//4
f 2665//4 2666//4 3384//4
f 2666//4 972//4 3384//4
f 1943//6 6971//6 969//6
f 1943//6 1939//6 6971//6
f 1939//6 960//6 6971//6
f 1942//6 1944//6 970//6
f 1942//6 1943//6 1944//6
f 1943//6 969//6 1944//6
f 4821//2 4100//2 964//2
f 4821//2 4822//2 4100//2
f 4822//2 967//2 4100//2
f 4820//2 4099//2 965//2
f 4820//2 4821//2 4099//2
f 4821//2 964//2 4099//2
f 1940//1 6254//1 959//1
f 1940//1 1941//1 6254//1
f 1941//1 962//1 6254//1
f 1939//1 6253//1 960//1
f 1939//1 1940//1 6253//1
f 1940//1 959//1 6253//1
f 1937//6 5536//6 958//6
f 1937//6 1931//6 5536//6
f 1931//6 942//6 5536//6
f 1935//6 1938//6 953//6
f 1935//6 1937//6 1938//6
f 1937//6 958//6 1938//6
f 3382//5 1936//5 957//5
f 3382//5 3383//5 1936//5
f 3383//5 945//5 1936//5
f 3381//5 4098//5 956//5
f 3381//5 3382//5 4098//5
f 3382//5 957//5 4098//5
f 2662//4 6252//4 954//4
f 2662//4 2664//4 6252//4
f 2664//4 943//4 6252//4
f 2661//4 2663//4 955//4
f 2661//4 2662//4 2663//4
f 2662//4 954//4 2663//4
f 1934//3 6251//3 951//3
f 1934//3 1935//3 6251//3
f 1935//3 953//3 6251//3
f 1933//3 6970//3 944//3
f 1933//3 1934//3 6970//3
f 1934//3 951//3 6970//3
f 4818//2 2660//2 946//2
f 4818//2 4819//2 2660//2
f 4819//2 949//2 2660//2
f 4817//2 2659//2 947//2
f 4817//2 4818//2 2659//2
f 4818//2 946//2 2659//2
f 1932//1 4816//1 941//1
f 1932//1 1933//1 4816//1
f 1933//1 944//1 4816//1
f 1931//1 4815//1 942//1
f 1931//1 1932//1 4815//1
f 1932//1 941//1 4815//1
