# Blender 4.0.2
# www.blender.org
mtllib window_big.mtl
o Window1
v -0.710671 0.025188 0.676005
v -0.710671 0.025189 -0.675995
v 0.710735 -0.000190 0.676005
v 0.710736 -0.000189 -0.675996
v -0.710736 0.000189 0.676005
v -0.710736 0.000189 -0.675996
v 0.710671 -0.025189 0.676005
v 0.710671 -0.025189 -0.675996
v -0.710671 0.025189 0.000005
v 0.000032 0.012499 0.676005
v 0.000032 0.012500 -0.675995
v -0.710703 0.012689 0.676005
v -0.710736 0.000189 0.000005
v -0.000032 -0.012500 0.676005
v 0.710671 -0.025189 0.000005
v -0.000032 -0.012500 -0.675996
v 0.000032 0.012500 0.000005
v -0.000032 -0.012500 0.000005
v -0.710703 0.012689 0.000005
v 0.710735 -0.000190 0.000005
v -0.710703 0.012689 -0.675995
v -0.000000 -0.000001 0.676005
v 0.000000 0.000000 -0.675995
v 0.710703 -0.012690 0.676005
v 0.710703 -0.012689 0.000004
v 0.710703 -0.012689 -0.675996
v -0.710671 0.025189 -0.337995
v 0.355384 0.006154 0.676005
v 0.355384 0.006155 -0.675996
v -0.710720 0.006439 0.676005
v -0.710736 0.000189 -0.337996
v 0.355319 -0.018845 0.676005
v 0.710671 -0.025189 -0.337996
v 0.355319 -0.018845 -0.675996
v 0.355384 0.006155 0.338005
v 0.355319 -0.018845 -0.337996
v -0.710720 0.006439 -0.337996
v 0.710736 -0.000189 -0.337996
v -0.710720 0.006439 -0.675996
v -0.355368 0.000094 0.676005
v 0.355336 -0.012595 -0.675996
v 0.710687 -0.018939 0.676005
v 0.710687 -0.018939 0.338005
v 0.710687 -0.018939 -0.675996
v -0.710671 0.025188 0.338005
v -0.355319 0.018844 0.676005
v -0.355319 0.018845 -0.675995
v -0.710687 0.018938 0.676005
v -0.710736 0.000189 0.338005
v -0.355384 -0.006155 0.676005
v 0.710671 -0.025189 0.338005
v -0.355384 -0.006155 -0.675996
v -0.355319 0.018844 -0.337995
v -0.355384 -0.006155 0.338005
v -0.710687 0.018938 0.338005
v 0.710735 -0.000190 0.338005
v -0.710687 0.018939 -0.675995
v 0.355367 -0.000095 0.676005
v -0.355336 0.012595 -0.675995
v 0.710719 -0.006440 0.676005
v 0.710720 -0.006439 -0.337996
v 0.710720 -0.006439 -0.675996
v 0.355319 -0.018845 0.338005
v -0.000032 -0.012500 0.338005
v 0.355319 -0.018845 0.000005
v -0.355384 -0.006155 0.000005
v -0.355384 -0.006155 -0.337996
v -0.000032 -0.012500 -0.337996
v 0.355368 -0.000095 -0.675996
v 0.355352 -0.006345 -0.675996
v 0.000016 0.006250 -0.675995
v -0.000016 -0.006250 -0.675996
v -0.355368 0.000095 -0.675996
v -0.355352 0.006345 -0.675995
v 0.710719 -0.006440 0.338005
v 0.710703 -0.012689 0.338005
v 0.710719 -0.006439 0.000005
v 0.710687 -0.018939 0.000005
v 0.710687 -0.018939 -0.337996
v 0.710703 -0.012689 -0.337996
v -0.355336 0.012594 0.676005
v -0.355352 0.006344 0.676005
v 0.000016 0.006249 0.676005
v -0.000016 -0.006250 0.676005
v 0.355335 -0.012595 0.676005
v 0.355351 -0.006345 0.676005
v -0.710687 0.018939 -0.337995
v -0.710703 0.012689 -0.337995
v -0.710687 0.018939 0.000005
v -0.710720 0.006439 0.000005
v -0.710720 0.006439 0.338005
v -0.710703 0.012689 0.338005
v 0.355384 0.006155 -0.337995
v 0.000032 0.012500 -0.337995
v 0.355384 0.006155 0.000005
v -0.355319 0.018844 0.000005
v -0.355319 0.018844 0.338005
v 0.000032 0.012499 0.338005
v -0.710671 0.025189 -0.506995
v 0.533059 0.002982 0.676005
v 0.533060 0.002983 -0.675996
v -0.710728 0.003314 0.676005
v -0.710736 0.000189 -0.506996
v 0.532995 -0.022017 0.676005
v 0.710671 -0.025189 -0.506996
v 0.532995 -0.022017 -0.675996
v 0.533059 0.002982 0.507005
v 0.532995 -0.022017 -0.506996
v -0.710728 0.003314 -0.506996
v 0.710736 -0.000189 -0.506996
v -0.710728 0.003314 -0.675996
v -0.533052 0.000142 0.676005
v 0.533003 -0.018892 -0.675996
v 0.710679 -0.022064 0.676005
v 0.710679 -0.022064 0.507005
v 0.710679 -0.022064 -0.675996
v -0.710671 0.025188 0.169005
v -0.177644 0.015671 0.676005
v -0.177643 0.015672 -0.675995
v -0.710695 0.015813 0.676005
v -0.710736 0.000189 0.169005
v -0.177708 -0.009328 0.676005
v 0.710671 -0.025189 0.169005
v -0.177708 -0.009328 -0.675996
v -0.177644 0.015672 -0.168995
v -0.177708 -0.009328 0.169005
v -0.710695 0.015813 0.169005
v 0.710735 -0.000190 0.169005
v -0.710695 0.015814 -0.675995
v 0.177683 -0.000048 0.676005
v -0.177668 0.006297 -0.675995
v 0.710711 -0.009565 0.676005
v 0.710712 -0.009564 -0.168996
v 0.710712 -0.009564 -0.675996
v 0.532995 -0.022017 0.169005
v -0.000032 -0.012500 0.169005
v 0.177643 -0.015672 0.000005
v -0.177708 -0.009328 0.000005
v -0.177708 -0.009328 -0.506996
v -0.000032 -0.012500 -0.506996
v 0.177700 0.006203 -0.675996
v 0.177676 -0.003172 -0.675996
v 0.000008 0.003125 -0.675995
v -0.000008 -0.003125 -0.675996
v -0.533036 0.006392 -0.675996
v -0.533028 0.009517 -0.675995
v 0.710727 -0.003315 0.169005
v 0.710703 -0.012689 0.169005
v 0.710711 -0.009564 0.000004
v 0.710695 -0.015814 0.000004
v 0.710695 -0.015814 -0.506996
v 0.710703 -0.012689 -0.506996
v -0.177652 0.012546 0.676005
v -0.177676 0.003172 0.676005
v 0.000008 0.003124 0.676005
v -0.000008 -0.003125 0.676005
v 0.533019 -0.012642 0.676005
v 0.533027 -0.009517 0.676005
v -0.710679 0.022064 -0.168995
v -0.710703 0.012689 -0.168995
v -0.710695 0.015814 0.000005
v -0.710712 0.009564 0.000005
v -0.710712 0.009564 0.507005
v -0.710703 0.012689 0.507005
v 0.533060 0.002983 -0.168995
v 0.000032 0.012500 -0.168995
v 0.177708 0.009327 0.000005
v -0.177644 0.015672 0.000005
v -0.177644 0.015671 0.507005
v 0.000032 0.012499 0.507005
v -0.710671 0.025189 -0.168995
v 0.177708 0.009327 0.676005
v 0.177708 0.009328 -0.675996
v -0.710712 0.009564 0.676005
v -0.710736 0.000189 -0.168996
v 0.177643 -0.015672 0.676005
v 0.710671 -0.025189 -0.168996
v 0.177643 -0.015672 -0.675996
v 0.177708 0.009327 0.169005
v 0.177643 -0.015672 -0.168996
v -0.710712 0.009564 -0.168996
v 0.710736 -0.000189 -0.168996
v -0.710712 0.009564 -0.675996
v -0.177684 0.000047 0.676005
v 0.177668 -0.006297 -0.675996
v 0.710695 -0.015814 0.676005
v 0.710695 -0.015814 0.169005
v 0.710695 -0.015814 -0.675996
v -0.710671 0.025188 0.507005
v -0.532995 0.022016 0.676005
v -0.532995 0.022017 -0.675995
v -0.710679 0.022063 0.676005
v -0.710736 0.000189 0.507005
v -0.533060 -0.002983 0.676005
v 0.710671 -0.025189 0.507005
v -0.533060 -0.002983 -0.675996
v -0.532995 0.022017 -0.506995
v -0.533060 -0.002983 0.507005
v -0.710679 0.022063 0.507005
v 0.710735 -0.000190 0.507005
v -0.710679 0.022064 -0.675995
v 0.533051 -0.000143 0.676005
v -0.533003 0.018892 -0.675995
v 0.710727 -0.003315 0.676005
v 0.710728 -0.003314 -0.506996
v 0.710728 -0.003314 -0.675996
v 0.177643 -0.015672 0.507005
v -0.000032 -0.012500 0.507005
v 0.532995 -0.022017 0.000005
v -0.533060 -0.002983 0.000005
v -0.533060 -0.002983 -0.168996
v -0.000032 -0.012500 -0.168996
v 0.533036 -0.006392 -0.675996
v 0.533028 -0.009517 -0.675996
v 0.000024 0.009375 -0.675995
v -0.000024 -0.009375 -0.675996
v -0.177700 -0.006203 -0.675996
v -0.177676 0.003172 -0.675995
v 0.710711 -0.009565 0.507005
v 0.710703 -0.012689 0.507005
v 0.710727 -0.003314 0.000005
v 0.710679 -0.022064 0.000005
v 0.710679 -0.022064 -0.168996
v 0.710703 -0.012689 -0.168996
v -0.533020 0.012641 0.676005
v -0.533028 0.009516 0.676005
v 0.000024 0.009374 0.676005
v -0.000024 -0.009375 0.676005
v 0.177651 -0.012547 0.676005
v 0.177675 -0.003173 0.676005
v -0.710695 0.015814 -0.506995
v -0.710703 0.012689 -0.506995
v -0.710679 0.022064 0.000005
v -0.710728 0.003314 0.000005
v -0.710728 0.003314 0.169005
v -0.710703 0.012689 0.169005
v 0.177708 0.009328 -0.506995
v 0.000032 0.012500 -0.506995
v 0.533060 0.002983 0.000005
v -0.532995 0.022016 0.000005
v -0.532995 0.022016 0.169005
v 0.000032 0.012499 0.169005
v 0.177708 0.009327 0.338005
v 0.177708 0.009327 0.507005
v 0.355384 0.006155 0.507005
v -0.177644 0.015672 0.169005
v -0.355319 0.018844 0.169005
v -0.177644 0.015672 0.338005
v -0.532995 0.022017 -0.337995
v -0.532995 0.022016 -0.168995
v -0.355319 0.018844 -0.168995
v 0.533059 0.002983 0.169005
v 0.355384 0.006155 0.169005
v 0.533059 0.002982 0.338005
v 0.355384 0.006155 -0.168995
v 0.177708 0.009327 -0.337995
v 0.177708 0.009327 -0.168995
v 0.533060 0.002983 -0.506996
v 0.355384 0.006155 -0.506996
v 0.533060 0.002983 -0.337996
v -0.710695 0.015813 0.338005
v -0.710695 0.015813 0.507005
v -0.710687 0.018938 0.507005
v -0.710712 0.009564 0.169005
v -0.710720 0.006439 0.169005
v -0.710712 0.009564 0.338005
v -0.710728 0.003314 -0.337996
v -0.710728 0.003314 -0.168996
v -0.710720 0.006439 -0.168996
v -0.710679 0.022063 0.169005
v -0.710687 0.018938 0.169005
v -0.710679 0.022063 0.338005
v -0.710687 0.018939 -0.168995
v -0.710695 0.015814 -0.337995
v -0.710695 0.015814 -0.168995
v -0.710679 0.022064 -0.506995
v -0.710687 0.018939 -0.506995
v -0.710679 0.022064 -0.337995
v 0.355359 -0.003220 0.676005
v 0.533035 -0.006392 0.676005
v 0.533043 -0.003268 0.676005
v 0.177667 -0.006298 0.676005
v 0.177659 -0.009423 0.676005
v 0.355343 -0.009470 0.676005
v -0.355376 -0.003031 0.676005
v -0.177700 -0.006203 0.676005
v -0.177692 -0.003078 0.676005
v 0.177700 0.006202 0.676005
v 0.177692 0.003077 0.676005
v 0.355375 0.003030 0.676005
v -0.177660 0.009422 0.676005
v -0.355344 0.009469 0.676005
v -0.177668 0.006297 0.676005
v -0.533003 0.018891 0.676005
v -0.533011 0.015766 0.676005
v -0.355328 0.015719 0.676005
v 0.710712 -0.009564 -0.337996
v 0.710712 -0.009564 -0.506996
v 0.710720 -0.006439 -0.506996
v 0.710695 -0.015814 -0.168996
v 0.710687 -0.018939 -0.168996
v 0.710695 -0.015814 -0.337996
v 0.710679 -0.022064 0.338005
v 0.710679 -0.022064 0.169005
v 0.710687 -0.018939 0.169005
v 0.710728 -0.003314 -0.168996
v 0.710720 -0.006439 -0.168996
v 0.710728 -0.003314 -0.337996
v 0.710719 -0.006439 0.169005
v 0.710711 -0.009564 0.338005
v 0.710711 -0.009564 0.169005
v 0.710727 -0.003315 0.507005
v 0.710719 -0.006440 0.507005
v 0.710727 -0.003315 0.338005
v -0.355344 0.009470 -0.675995
v -0.533020 0.012642 -0.675995
v -0.533011 0.015767 -0.675995
v -0.177684 0.000047 -0.675996
v -0.177692 -0.003078 -0.675996
v -0.355360 0.003220 -0.675996
v 0.355327 -0.015720 -0.675996
v 0.177652 -0.012547 -0.675996
v 0.177660 -0.009422 -0.675996
v -0.177652 0.012547 -0.675995
v -0.177660 0.009422 -0.675995
v -0.355327 0.015720 -0.675995
v 0.177692 0.003078 -0.675996
v 0.355360 -0.003220 -0.675996
v 0.177684 -0.000047 -0.675996
v 0.533052 -0.000142 -0.675996
v 0.533044 -0.003267 -0.675996
v 0.355376 0.003030 -0.675996
v 0.177643 -0.015672 -0.337996
v 0.177643 -0.015672 -0.506996
v 0.355319 -0.018845 -0.506996
v -0.177708 -0.009328 -0.168996
v -0.355384 -0.006155 -0.168996
v -0.177708 -0.009328 -0.337996
v -0.533060 -0.002983 0.338005
v -0.533060 -0.002983 0.169005
v -0.355384 -0.006155 0.169005
v 0.532995 -0.022017 -0.168996
v 0.355319 -0.018845 -0.168996
v 0.532995 -0.022017 -0.337996
v 0.355319 -0.018845 0.169005
v 0.177643 -0.015672 0.338005
v 0.177643 -0.015672 0.169005
v 0.532995 -0.022017 0.507005
v 0.355319 -0.018845 0.507005
v 0.532995 -0.022017 0.338005
v -0.177708 -0.009328 0.507005
v -0.355384 -0.006155 0.507005
v -0.177708 -0.009328 0.338005
v -0.533060 -0.002983 -0.337996
v -0.533060 -0.002983 -0.506996
v -0.355384 -0.006155 -0.506996
v 0.533020 -0.012642 -0.675996
v 0.533011 -0.015767 -0.675996
v 0.355344 -0.009470 -0.675996
v -0.355376 -0.003030 -0.675996
v -0.533052 0.000142 -0.675996
v -0.533044 0.003267 -0.675996
v 0.710695 -0.015814 0.507005
v 0.710687 -0.018939 0.507005
v 0.710695 -0.015814 0.338005
v 0.710679 -0.022064 -0.337996
v 0.710679 -0.022064 -0.506996
v 0.710687 -0.018939 -0.506996
v -0.533036 0.006391 0.676005
v -0.533044 0.003267 0.676005
v -0.355360 0.003219 0.676005
v 0.355327 -0.015720 0.676005
v 0.533003 -0.018892 0.676005
v 0.533011 -0.015767 0.676005
v -0.710712 0.009564 -0.506996
v -0.710720 0.006439 -0.506996
v -0.710712 0.009564 -0.337996
v -0.710728 0.003314 0.338005
v -0.710728 0.003314 0.507005
v -0.710720 0.006439 0.507005
v -0.177644 0.015672 -0.506995
v -0.355319 0.018844 -0.506995
v -0.177644 0.015672 -0.337995
v -0.532995 0.022016 0.338005
v -0.532995 0.022016 0.507005
v -0.355319 0.018844 0.507005
v -0.710671 0.025189 -0.591495
v 0.621897 0.001396 0.676005
v 0.621898 0.001397 -0.675996
v -0.710732 0.001751 0.676005
v -0.710736 0.000189 -0.591496
v 0.621833 -0.023603 0.676005
v 0.710671 -0.025189 -0.591496
v 0.621833 -0.023603 -0.675996
v 0.621897 0.001396 0.591505
v 0.621833 -0.023603 -0.591496
v -0.710732 0.001751 -0.591496
v 0.710736 -0.000189 -0.591496
v -0.710732 0.001752 -0.675996
v -0.621894 0.000165 0.676005
v 0.621837 -0.022040 -0.675996
v 0.710675 -0.023627 0.676005
v 0.710675 -0.023627 0.591505
v 0.710675 -0.023627 -0.675996
v -0.710671 0.025188 0.084505
v -0.088806 0.014085 0.676005
v -0.088805 0.014086 -0.675995
v -0.710699 0.014251 0.676005
v -0.710736 0.000189 0.084505
v -0.088870 -0.010914 0.676005
v 0.710671 -0.025189 0.084505
v -0.088870 -0.010914 -0.675996
v -0.088806 0.014086 -0.084495
v -0.088870 -0.010914 0.084505
v -0.710699 0.014251 0.084505
v 0.710735 -0.000190 0.084505
v -0.710699 0.014252 -0.675995
v 0.088841 -0.000024 0.676005
v -0.088834 0.003149 -0.675995
v 0.710707 -0.011127 0.676005
v 0.710708 -0.011127 -0.084496
v 0.710708 -0.011127 -0.675996
v 0.621833 -0.023603 0.084505
v -0.000032 -0.012500 0.084505
v 0.088805 -0.014086 0.000005
v -0.088870 -0.010914 0.000005
v -0.088870 -0.010914 -0.591496
v -0.000032 -0.012500 -0.591496
v 0.088866 0.009351 -0.675996
v 0.088838 -0.001586 -0.675996
v 0.000004 0.001562 -0.675995
v -0.000004 -0.001563 -0.675996
v -0.621870 0.009540 -0.675996
v -0.621866 0.011103 -0.675995
v 0.710731 -0.001752 0.084505
v 0.710703 -0.012689 0.084505
v 0.710707 -0.011127 0.000004
v 0.710699 -0.014252 0.000004
v 0.710699 -0.014252 -0.591496
v 0.710703 -0.012689 -0.591496
v -0.088810 0.012523 0.676005
v -0.088838 0.001586 0.676005
v 0.000004 0.001562 0.676005
v -0.000004 -0.001563 0.676005
v 0.621861 -0.012666 0.676005
v 0.621865 -0.011103 0.676005
v -0.710675 0.023626 -0.084495
v -0.710703 0.012689 -0.084495
v -0.710699 0.014251 0.000005
v -0.710708 0.011126 0.000005
v -0.710708 0.011126 0.591505
v -0.710703 0.012689 0.591505
v 0.621898 0.001397 -0.084495
v 0.000032 0.012500 -0.084495
v 0.088870 0.010913 0.000005
v -0.088806 0.014086 0.000005
v -0.088806 0.014085 0.591505
v 0.000032 0.012499 0.591505
v -0.710671 0.025189 -0.253495
v 0.266546 0.007741 0.676005
v 0.266546 0.007742 -0.675996
v -0.710716 0.008001 0.676005
v -0.710736 0.000189 -0.253496
v 0.266481 -0.017258 0.676005
v 0.710671 -0.025189 -0.253496
v 0.266481 -0.017258 -0.675996
v 0.266546 0.007741 0.253505
v 0.266481 -0.017258 -0.253496
v -0.710716 0.008001 -0.253496
v 0.710736 -0.000189 -0.253496
v -0.710716 0.008002 -0.675996
v -0.266526 0.000071 0.676005
v 0.266502 -0.009446 -0.675996
v 0.710691 -0.017377 0.676005
v 0.710691 -0.017377 0.253505
v 0.710691 -0.017377 -0.675996
v -0.710671 0.025188 0.422505
v -0.444157 0.020430 0.676005
v -0.444157 0.020431 -0.675995
v -0.710683 0.020501 0.676005
v -0.710736 0.000189 0.422505
v -0.444222 -0.004569 0.676005
v 0.710671 -0.025189 0.422505
v -0.444222 -0.004569 -0.675996
v -0.444157 0.020430 -0.422495
v -0.444222 -0.004569 0.422505
v -0.710683 0.020501 0.422505
v 0.710735 -0.000190 0.422505
v -0.710683 0.020502 -0.675995
v 0.444209 -0.000119 0.676005
v -0.444169 0.015743 -0.675995
v 0.710723 -0.004877 0.676005
v 0.710724 -0.004877 -0.422496
v 0.710724 -0.004877 -0.675996
v 0.266481 -0.017258 0.422505
v -0.000032 -0.012500 0.422505
v 0.444157 -0.020431 0.000005
v -0.444222 -0.004569 0.000005
v -0.444222 -0.004569 -0.253496
v -0.000032 -0.012500 -0.253496
v 0.444202 -0.003243 -0.675996
v 0.444190 -0.007931 -0.675996
v 0.000020 0.007812 -0.675995
v -0.000020 -0.007812 -0.675996
v -0.266534 -0.003054 -0.675996
v -0.266514 0.004758 -0.675995
v 0.710715 -0.008002 0.422505
v 0.710703 -0.012689 0.422505
v 0.710723 -0.004877 0.000005
v 0.710683 -0.020502 0.000005
v 0.710683 -0.020502 -0.253496
v 0.710703 -0.012689 -0.253496
v -0.444178 0.012617 0.676005
v -0.444190 0.007930 0.676005
v 0.000020 0.007812 0.676005
v -0.000020 -0.007813 0.676005
v 0.266493 -0.012571 0.676005
v 0.266513 -0.004759 0.676005
v -0.710691 0.017376 -0.422495
v -0.710703 0.012689 -0.422495
v -0.710683 0.020501 0.000005
v -0.710724 0.004876 0.000005
v -0.710724 0.004876 0.253505
v -0.710703 0.012689 0.253505
v 0.266546 0.007741 -0.422495
v 0.000032 0.012500 -0.422495
v 0.444222 0.004569 0.000005
v -0.444157 0.020430 0.000005
v -0.444157 0.020430 0.253505
v 0.000032 0.012499 0.253505
v 0.266546 0.007741 0.338005
v 0.266546 0.007741 0.591505
v 0.355384 0.006155 0.591505
v -0.088806 0.014085 0.253505
v -0.355319 0.018844 0.253505
v -0.266482 0.017258 0.338005
v -0.444157 0.020430 -0.337995
v -0.444157 0.020430 -0.084495
v -0.355319 0.018844 -0.084495
v 0.621897 0.001396 0.253505
v 0.355384 0.006155 0.253505
v 0.444221 0.004569 0.338005
v 0.355384 0.006155 -0.084495
v 0.088870 0.010914 -0.337995
v 0.088870 0.010914 -0.253495
v 0.621898 0.001397 -0.422496
v 0.355384 0.006155 -0.422496
v 0.444222 0.004569 -0.337996
v -0.710691 0.017376 0.338005
v -0.710691 0.017376 0.591505
v -0.710687 0.018938 0.591505
v -0.710708 0.011126 0.253505
v -0.710720 0.006439 0.253505
v -0.710716 0.008001 0.338005
v -0.710724 0.004876 -0.337996
v -0.710724 0.004876 -0.084496
v -0.710720 0.006439 -0.084496
v -0.710675 0.023626 0.253505
v -0.710687 0.018938 0.253505
v -0.710683 0.020501 0.338005
v -0.710687 0.018939 -0.084495
v -0.710699 0.014251 -0.337995
v -0.710699 0.014251 -0.253495
v -0.710675 0.023626 -0.422495
v -0.710687 0.018939 -0.422495
v -0.710683 0.020501 -0.337995
v 0.355363 -0.001658 0.676005
v 0.621877 -0.006416 0.676005
v 0.621881 -0.004854 0.676005
v 0.266509 -0.006321 0.676005
v 0.266497 -0.011009 0.676005
v 0.355339 -0.011032 0.676005
v -0.355372 -0.001468 0.676005
v -0.088858 -0.006227 0.676005
v -0.088854 -0.004664 0.676005
v 0.266542 0.006178 0.676005
v 0.266529 0.001491 0.676005
v 0.355371 0.001467 0.676005
v -0.088822 0.007835 0.676005
v -0.355348 0.007906 0.676005
v -0.266510 0.006320 0.676005
v -0.444161 0.018867 0.676005
v -0.444174 0.014180 0.676005
v -0.355332 0.014156 0.676005
v 0.710716 -0.008002 -0.337996
v 0.710716 -0.008002 -0.591496
v 0.710720 -0.006439 -0.591496
v 0.710699 -0.014252 -0.253496
v 0.710687 -0.018939 -0.253496
v 0.710691 -0.017377 -0.337996
v 0.710683 -0.020502 0.338005
v 0.710683 -0.020502 0.084505
v 0.710687 -0.018939 0.084505
v 0.710732 -0.001752 -0.253496
v 0.710720 -0.006439 -0.253496
v 0.710724 -0.004877 -0.337996
v 0.710719 -0.006439 0.084505
v 0.710707 -0.011127 0.338005
v 0.710707 -0.011127 0.253505
v 0.710731 -0.001752 0.422505
v 0.710719 -0.006440 0.422505
v 0.710723 -0.004877 0.338005
v -0.355340 0.011032 -0.675995
v -0.621853 0.015790 -0.675995
v -0.621849 0.017353 -0.675995
v -0.266518 0.003196 -0.675996
v -0.266530 -0.001492 -0.675996
v -0.355364 0.001657 -0.675996
v 0.355331 -0.014157 -0.675996
v 0.088818 -0.009399 -0.675996
v 0.088822 -0.007836 -0.675996
v -0.266485 0.015696 -0.675995
v -0.266498 0.011008 -0.675995
v -0.355331 0.014157 -0.675995
v 0.088854 0.004664 -0.675996
v 0.355356 -0.004782 -0.675996
v 0.266518 -0.003196 -0.675996
v 0.444218 0.003007 -0.675996
v 0.444206 -0.001681 -0.675996
v 0.355372 0.001468 -0.675996
v 0.266481 -0.017258 -0.337996
v 0.266481 -0.017258 -0.591496
v 0.355319 -0.018845 -0.591496
v -0.088870 -0.010914 -0.253496
v -0.355384 -0.006155 -0.253496
v -0.266546 -0.007742 -0.337996
v -0.444222 -0.004569 0.338005
v -0.444222 -0.004569 0.084505
v -0.355384 -0.006155 0.084505
v 0.621833 -0.023603 -0.253496
v 0.355319 -0.018845 -0.253496
v 0.444157 -0.020431 -0.337996
v 0.355319 -0.018845 0.084505
v 0.088805 -0.014086 0.338005
v 0.088805 -0.014086 0.253505
v 0.621833 -0.023603 0.422505
v 0.355319 -0.018845 0.422505
v 0.444157 -0.020431 0.338005
v -0.088870 -0.010914 0.422505
v -0.355384 -0.006155 0.422505
v -0.266546 -0.007742 0.338005
v -0.444222 -0.004569 -0.337996
v -0.444222 -0.004569 -0.591496
v -0.355384 -0.006155 -0.591496
v 0.444186 -0.009493 -0.675996
v 0.444173 -0.014181 -0.675996
v 0.355340 -0.011032 -0.675996
v -0.355372 -0.001468 -0.675996
v -0.621886 0.003290 -0.675996
v -0.621882 0.004853 -0.675996
v 0.710699 -0.014252 0.422505
v 0.710687 -0.018939 0.422505
v 0.710691 -0.017377 0.338005
v 0.710683 -0.020502 -0.337996
v 0.710683 -0.020502 -0.591496
v 0.710687 -0.018939 -0.591496
v -0.444194 0.006368 0.676005
v -0.444206 0.001680 0.676005
v -0.355364 0.001657 0.676005
v 0.355331 -0.014157 0.676005
v 0.621845 -0.018916 0.676005
v 0.621849 -0.017353 0.676005
v -0.710708 0.011126 -0.422496
v -0.710720 0.006439 -0.422496
v -0.710716 0.008001 -0.337996
v -0.710724 0.004876 0.338005
v -0.710724 0.004876 0.591505
v -0.710720 0.006439 0.591505
v -0.088806 0.014086 -0.422495
v -0.355319 0.018844 -0.422495
v -0.266482 0.017258 -0.337995
v -0.444157 0.020430 0.338005
v -0.444157 0.020430 0.591505
v -0.355319 0.018844 0.591505
v -0.710671 0.025189 -0.422495
v 0.444221 0.004568 0.676005
v 0.444222 0.004569 -0.675996
v -0.710724 0.004876 0.676005
v -0.710736 0.000189 -0.422496
v 0.444157 -0.020431 0.676005
v 0.710671 -0.025189 -0.422496
v 0.444157 -0.020431 -0.675996
v 0.444221 0.004569 0.422505
v 0.444157 -0.020431 -0.422496
v -0.710724 0.004876 -0.422496
v 0.710736 -0.000189 -0.422496
v -0.710724 0.004877 -0.675996
v -0.444210 0.000118 0.676005
v 0.444169 -0.015743 -0.675996
v 0.710683 -0.020502 0.676005
v 0.710683 -0.020502 0.422505
v 0.710683 -0.020502 -0.675996
v -0.710671 0.025188 0.253505
v -0.266482 0.017257 0.676005
v -0.266481 0.017258 -0.675995
v -0.710691 0.017376 0.676005
v -0.710736 0.000189 0.253505
v -0.266546 -0.007742 0.676005
v 0.710671 -0.025189 0.253505
v -0.266546 -0.007742 -0.675996
v -0.266482 0.017258 -0.253495
v -0.266546 -0.007742 0.253505
v -0.710691 0.017376 0.253505
v 0.710735 -0.000190 0.253505
v -0.710691 0.017377 -0.675995
v 0.266525 -0.000072 0.676005
v -0.266502 0.009446 -0.675995
v 0.710715 -0.008002 0.676005
v 0.710716 -0.008002 -0.253496
v 0.710716 -0.008002 -0.675996
v 0.444157 -0.020431 0.253505
v -0.000032 -0.012500 0.253505
v 0.266481 -0.017258 0.000005
v -0.266546 -0.007742 0.000005
v -0.266546 -0.007742 -0.422496
v -0.000032 -0.012500 -0.422496
v 0.266534 0.003054 -0.675996
v 0.266514 -0.004758 -0.675996
v 0.000012 0.004687 -0.675995
v -0.000012 -0.004688 -0.675996
v -0.444202 0.003243 -0.675996
v -0.444190 0.007931 -0.675995
v 0.710723 -0.004877 0.253505
v 0.710703 -0.012689 0.253505
v 0.710715 -0.008002 0.000004
v 0.710691 -0.017377 0.000004
v 0.710691 -0.017377 -0.422496
v 0.710703 -0.012689 -0.422496
v -0.266494 0.012570 0.676005
v -0.266514 0.004758 0.676005
v 0.000012 0.004687 0.676005
v -0.000012 -0.004688 0.676005
v 0.444177 -0.012618 0.676005
v 0.444189 -0.007931 0.676005
v -0.710683 0.020501 -0.253495
v -0.710703 0.012689 -0.253495
v -0.710691 0.017376 0.000005
v -0.710716 0.008001 0.000005
v -0.710716 0.008001 0.422505
v -0.710703 0.012689 0.422505
v 0.444222 0.004569 -0.253495
v 0.000032 0.012500 -0.253495
v 0.266546 0.007741 0.000005
v -0.266482 0.017258 0.000005
v -0.266482 0.017258 0.422505
v 0.000032 0.012499 0.422505
v -0.710671 0.025189 -0.084495
v 0.088870 0.010913 0.676005
v 0.088870 0.010914 -0.675996
v -0.710708 0.011126 0.676005
v -0.710736 0.000189 -0.084496
v 0.088805 -0.014086 0.676005
v 0.710671 -0.025189 -0.084496
v 0.088805 -0.014086 -0.675996
v 0.088870 0.010913 0.084505
v 0.088805 -0.014086 -0.084496
v -0.710708 0.011126 -0.084496
v 0.710736 -0.000189 -0.084496
v -0.710708 0.011127 -0.675996
v -0.088842 0.000023 0.676005
v 0.088834 -0.003149 -0.675996
v 0.710699 -0.014252 0.676005
v 0.710699 -0.014252 0.084505
v 0.710699 -0.014252 -0.675996
v -0.710671 0.025188 0.591505
v -0.621833 0.023602 0.676005
v -0.621833 0.023603 -0.675995
v -0.710675 0.023626 0.676005
v -0.710736 0.000189 0.591505
v -0.621898 -0.001397 0.676005
v 0.710671 -0.025189 0.591505
v -0.621898 -0.001397 -0.675996
v -0.621833 0.023603 -0.591495
v -0.621898 -0.001397 0.591505
v -0.710675 0.023626 0.591505
v 0.710735 -0.000190 0.591505
v -0.710675 0.023627 -0.675995
v 0.621893 -0.000166 0.676005
v -0.621837 0.022040 -0.675995
v 0.710731 -0.001752 0.676005
v 0.710732 -0.001752 -0.591496
v 0.710732 -0.001752 -0.675996
v 0.088805 -0.014086 0.591505
v -0.000032 -0.012500 0.591505
v 0.621833 -0.023603 0.000005
v -0.621898 -0.001397 0.000005
v -0.621898 -0.001397 -0.084496
v -0.000032 -0.012500 -0.084496
v 0.621870 -0.009540 -0.675996
v 0.621866 -0.011103 -0.675996
v 0.000028 0.010937 -0.675995
v -0.000028 -0.010938 -0.675996
v -0.088866 -0.009351 -0.675996
v -0.088838 0.001586 -0.675995
v 0.710707 -0.011127 0.591505
v 0.710703 -0.012689 0.591505
v 0.710732 -0.001752 0.000005
v 0.710675 -0.023627 0.000005
v 0.710675 -0.023627 -0.084496
v 0.710703 -0.012689 -0.084496
v -0.621862 0.012665 0.676005
v -0.621866 0.011102 0.676005
v 0.000028 0.010937 0.676005
v -0.000028 -0.010938 0.676005
v 0.088809 -0.012524 0.676005
v 0.088837 -0.001587 0.676005
v -0.710699 0.014251 -0.591495
v -0.710703 0.012689 -0.591495
v -0.710675 0.023626 0.000005
v -0.710732 0.001751 0.000005
v -0.710732 0.001751 0.084505
v -0.710703 0.012689 0.084505
v 0.088870 0.010914 -0.591495
v 0.000032 0.012500 -0.591495
v 0.621898 0.001397 0.000005
v -0.621833 0.023602 0.000005
v -0.621833 0.023602 0.084505
v 0.000032 0.012499 0.084505
v 0.088870 0.010913 0.338005
v 0.088870 0.010913 0.422505
v 0.355384 0.006155 0.422505
v -0.266482 0.017258 0.084505
v -0.355319 0.018844 0.084505
v -0.088806 0.014085 0.338005
v -0.621833 0.023603 -0.337995
v -0.621833 0.023603 -0.253495
v -0.355319 0.018844 -0.253495
v 0.444222 0.004569 0.084505
v 0.355384 0.006155 0.084505
v 0.621897 0.001396 0.338005
v 0.355384 0.006155 -0.253495
v 0.266546 0.007741 -0.337995
v 0.266546 0.007741 -0.084495
v 0.444222 0.004569 -0.591496
v 0.355384 0.006155 -0.591496
v 0.621898 0.001397 -0.337996
v -0.710699 0.014251 0.338005
v -0.710699 0.014251 0.422505
v -0.710687 0.018938 0.422505
v -0.710716 0.008001 0.084505
v -0.710720 0.006439 0.084505
v -0.710708 0.011126 0.338005
v -0.710732 0.001751 -0.337996
v -0.710732 0.001751 -0.253496
v -0.710720 0.006439 -0.253496
v -0.710683 0.020501 0.084505
v -0.710687 0.018938 0.084505
v -0.710675 0.023626 0.338005
v -0.710687 0.018939 -0.253495
v -0.710691 0.017376 -0.337995
v -0.710691 0.017376 -0.084495
v -0.710683 0.020501 -0.591495
v -0.710687 0.018939 -0.591495
v -0.710675 0.023626 -0.337995
v 0.355355 -0.004783 0.676005
v 0.444193 -0.006369 0.676005
v 0.444205 -0.001681 0.676005
v 0.088825 -0.006274 0.676005
v 0.088821 -0.007836 0.676005
v 0.355347 -0.007907 0.676005
v -0.355380 -0.004593 0.676005
v -0.266542 -0.006179 0.676005
v -0.266530 -0.001492 0.676005
v 0.088858 0.006226 0.676005
v 0.088854 0.004663 0.676005
v 0.355379 0.004592 0.676005
v -0.266498 0.011008 0.676005
v -0.355340 0.011031 0.676005
v -0.088826 0.006273 0.676005
v -0.621845 0.018915 0.676005
v -0.621849 0.017352 0.676005
v -0.355324 0.017281 0.676005
v 0.710708 -0.011127 -0.337996
v 0.710708 -0.011127 -0.422496
v 0.710720 -0.006439 -0.422496
v 0.710691 -0.017377 -0.084496
v 0.710687 -0.018939 -0.084496
v 0.710699 -0.014252 -0.337996
v 0.710675 -0.023627 0.338005
v 0.710675 -0.023627 0.253505
v 0.710687 -0.018939 0.253505
v 0.710724 -0.004877 -0.084496
v 0.710720 -0.006439 -0.084496
v 0.710732 -0.001752 -0.337996
v 0.710719 -0.006439 0.253505
v 0.710715 -0.008002 0.338005
v 0.710715 -0.008002 0.084505
v 0.710723 -0.004877 0.591505
v 0.710719 -0.006440 0.591505
v 0.710731 -0.001752 0.338005
v -0.355348 0.007907 -0.675995
v -0.444186 0.009493 -0.675995
v -0.444173 0.014181 -0.675995
v -0.088850 -0.003101 -0.675996
v -0.088854 -0.004664 -0.675996
v -0.355356 0.004782 -0.675996
v 0.355323 -0.017282 -0.675996
v 0.266485 -0.015696 -0.675996
v 0.266498 -0.011008 -0.675996
v -0.088818 0.009399 -0.675995
v -0.088822 0.007836 -0.675995
v -0.355323 0.017282 -0.675995
v 0.266530 0.001492 -0.675996
v 0.355364 -0.001657 -0.675996
v 0.088850 0.003101 -0.675996
v 0.621886 -0.003290 -0.675996
v 0.621882 -0.004853 -0.675996
v 0.355380 0.004593 -0.675996
v 0.088805 -0.014086 -0.337996
v 0.088805 -0.014086 -0.422496
v 0.355319 -0.018845 -0.422496
v -0.266546 -0.007742 -0.084496
v -0.355384 -0.006155 -0.084496
v -0.088870 -0.010914 -0.337996
v -0.621898 -0.001397 0.338005
v -0.621898 -0.001397 0.253505
v -0.355384 -0.006155 0.253505
v 0.444157 -0.020431 -0.084496
v 0.355319 -0.018845 -0.084496
v 0.621833 -0.023603 -0.337996
v 0.355319 -0.018845 0.253505
v 0.266481 -0.017258 0.338005
v 0.266481 -0.017258 0.084505
v 0.444157 -0.020431 0.591505
v 0.355319 -0.018845 0.591505
v 0.621833 -0.023603 0.338005
v -0.266546 -0.007742 0.591505
v -0.355384 -0.006155 0.591505
v -0.088870 -0.010914 0.338005
v -0.621898 -0.001397 -0.337996
v -0.621898 -0.001397 -0.422496
v -0.355384 -0.006155 -0.422496
v 0.621853 -0.015790 -0.675996
v 0.621849 -0.017353 -0.675996
v 0.355348 -0.007907 -0.675996
v -0.355380 -0.004593 -0.675996
v -0.444218 -0.003007 -0.675996
v -0.444206 0.001681 -0.675996
v 0.710691 -0.017377 0.591505
v 0.710687 -0.018939 0.591505
v 0.710699 -0.014252 0.338005
v 0.710675 -0.023627 -0.337996
v 0.710675 -0.023627 -0.422496
v 0.710687 -0.018939 -0.422496
v -0.621878 0.006415 0.676005
v -0.621882 0.004853 0.676005
v -0.355356 0.004782 0.676005
v 0.355323 -0.017282 0.676005
v 0.444161 -0.018868 0.676005
v 0.444173 -0.014181 0.676005
v -0.710716 0.008001 -0.591496
v -0.710720 0.006439 -0.591496
v -0.710708 0.011126 -0.337996
v -0.710732 0.001751 0.338005
v -0.710732 0.001751 0.422505
v -0.710720 0.006439 0.422505
v -0.266481 0.017258 -0.591495
v -0.355319 0.018844 -0.591495
v -0.088806 0.014086 -0.337995
v -0.621833 0.023602 0.338005
v -0.621833 0.023602 0.422505
v -0.355319 0.018844 0.422505
v -0.266482 0.017258 0.507005
v -0.266482 0.017257 0.591505
v -0.177644 0.015671 0.591505
v -0.444157 0.020430 0.422505
v -0.532995 0.022016 0.422505
v -0.444157 0.020430 0.507005
v -0.621833 0.023602 0.169005
v -0.621833 0.023602 0.253505
v -0.532995 0.022016 0.253505
v -0.088806 0.014086 -0.253495
v -0.177644 0.015672 -0.253495
v -0.088806 0.014086 -0.168995
v -0.177644 0.015672 -0.422495
v -0.266481 0.017258 -0.506995
v -0.266482 0.017258 -0.422495
v -0.088806 0.014086 -0.591495
v -0.177643 0.015672 -0.591495
v -0.088806 0.014086 -0.506995
v -0.710716 0.008001 0.507005
v -0.710716 0.008001 0.591505
v -0.710712 0.009564 0.591505
v -0.710724 0.004876 0.422505
v -0.710728 0.003314 0.422505
v -0.710724 0.004876 0.507005
v -0.710732 0.001751 0.169005
v -0.710732 0.001751 0.253505
v -0.710728 0.003314 0.253505
v -0.710708 0.011126 -0.253496
v -0.710712 0.009564 -0.253496
v -0.710708 0.011126 -0.168996
v -0.710712 0.009564 -0.422496
v -0.710716 0.008001 -0.506996
v -0.710716 0.008001 -0.422496
v -0.710708 0.011126 -0.591496
v -0.710712 0.009564 -0.591496
v -0.710708 0.011126 -0.506995
v 0.533015 -0.014205 0.676005
v 0.621853 -0.015791 0.676005
v 0.621857 -0.014228 0.676005
v 0.444169 -0.015743 0.676005
v 0.444165 -0.017306 0.676005
v 0.533007 -0.017329 0.676005
v 0.177647 -0.014110 0.676005
v 0.266485 -0.015696 0.676005
v 0.266489 -0.014134 0.676005
v -0.266518 0.003195 0.676005
v -0.266522 0.001633 0.676005
v -0.177680 0.001609 0.676005
v -0.444198 0.004805 0.676005
v -0.533040 0.004829 0.676005
v -0.444202 0.003243 0.676005
v -0.621870 0.009540 0.676005
v -0.621874 0.007978 0.676005
v -0.533032 0.007954 0.676005
v 0.710691 -0.017377 -0.506996
v 0.710691 -0.017377 -0.591496
v 0.710695 -0.015814 -0.591496
v 0.710683 -0.020502 -0.422496
v 0.710679 -0.022064 -0.422496
v 0.710683 -0.020502 -0.506996
v 0.710675 -0.023627 -0.168996
v 0.710675 -0.023627 -0.253496
v 0.710679 -0.022064 -0.253496
v 0.710699 -0.014252 0.253505
v 0.710695 -0.015814 0.253505
v 0.710699 -0.014252 0.169005
v 0.710695 -0.015814 0.422505
v 0.710691 -0.017377 0.507005
v 0.710691 -0.017377 0.422505
v 0.710699 -0.014252 0.591505
v 0.710695 -0.015814 0.591505
v 0.710699 -0.014252 0.507005
v -0.533040 0.004829 -0.675996
v -0.621878 0.006415 -0.675996
v -0.621874 0.007978 -0.675996
v -0.444210 0.000118 -0.675996
v -0.444214 -0.001444 -0.675996
v -0.533048 0.001704 -0.675996
v -0.177704 -0.007765 -0.675996
v -0.266542 -0.006179 -0.675996
v -0.266538 -0.004617 -0.675996
v 0.266510 -0.006321 -0.675996
v 0.266506 -0.007883 -0.675996
v 0.177672 -0.004735 -0.675996
v 0.444182 -0.011056 -0.675996
v 0.533015 -0.014204 -0.675996
v 0.444178 -0.012618 -0.675996
v 0.621862 -0.012665 -0.675996
v 0.621857 -0.014228 -0.675996
v 0.533024 -0.011079 -0.675996
v -0.266546 -0.007742 -0.506996
v -0.266546 -0.007742 -0.591496
v -0.177708 -0.009328 -0.591496
v -0.444222 -0.004569 -0.422496
v -0.533060 -0.002983 -0.422496
v -0.444222 -0.004569 -0.506996
v -0.621898 -0.001397 -0.168996
v -0.621898 -0.001397 -0.253496
v -0.533060 -0.002983 -0.253496
v -0.088870 -0.010914 0.253505
v -0.177708 -0.009328 0.253505
v -0.088870 -0.010914 0.169005
v -0.177708 -0.009328 0.422505
v -0.266546 -0.007742 0.507005
v -0.266546 -0.007742 0.422505
v -0.088870 -0.010914 0.591505
v -0.177708 -0.009328 0.591505
v -0.088870 -0.010914 0.507005
v 0.621833 -0.023603 0.253505
v 0.532995 -0.022017 0.253505
v 0.621833 -0.023603 0.169005
v 0.532995 -0.022017 0.422505
v 0.444157 -0.020431 0.507005
v 0.444157 -0.020431 0.422505
v 0.621833 -0.023603 0.591505
v 0.532995 -0.022017 0.591505
v 0.621833 -0.023603 0.507005
v 0.177643 -0.015672 0.084505
v 0.088805 -0.014086 0.169005
v 0.088805 -0.014086 0.084505
v 0.266481 -0.017258 0.169005
v 0.266481 -0.017258 0.253505
v 0.177643 -0.015672 0.253505
v 0.532995 -0.022017 0.084505
v 0.444157 -0.020431 0.169005
v 0.444157 -0.020431 0.084505
v 0.621833 -0.023603 -0.422496
v 0.532995 -0.022017 -0.422496
v 0.621833 -0.023603 -0.506996
v 0.532995 -0.022017 -0.253496
v 0.444157 -0.020431 -0.168996
v 0.444157 -0.020431 -0.253496
v 0.621833 -0.023603 -0.084496
v 0.532995 -0.022017 -0.084496
v 0.621833 -0.023603 -0.168996
v -0.266546 -0.007742 0.169005
v -0.266546 -0.007742 0.084505
v -0.177708 -0.009328 0.084505
v -0.444222 -0.004569 0.253505
v -0.533060 -0.002983 0.253505
v -0.444222 -0.004569 0.169005
v -0.621898 -0.001397 0.507005
v -0.621898 -0.001397 0.422505
v -0.533060 -0.002983 0.422505
v -0.088870 -0.010914 -0.422496
v -0.177708 -0.009328 -0.422496
v -0.088870 -0.010914 -0.506996
v -0.177708 -0.009328 -0.253496
v -0.266546 -0.007742 -0.168996
v -0.266546 -0.007742 -0.253496
v -0.088870 -0.010914 -0.084496
v -0.177708 -0.009328 -0.084496
v -0.088870 -0.010914 -0.168996
v 0.444157 -0.020431 -0.506996
v 0.444157 -0.020431 -0.591496
v 0.532995 -0.022017 -0.591496
v 0.266481 -0.017258 -0.422496
v 0.177643 -0.015672 -0.422496
v 0.266481 -0.017258 -0.506996
v 0.088805 -0.014086 -0.168996
v 0.088805 -0.014086 -0.253496
v 0.177643 -0.015672 -0.253496
v 0.266542 0.006179 -0.675996
v 0.266538 0.004617 -0.675996
v 0.177704 0.007765 -0.675996
v 0.444214 0.001444 -0.675996
v 0.533048 -0.001704 -0.675996
v 0.444210 -0.000118 -0.675996
v 0.621894 -0.000165 -0.675996
v 0.621890 -0.001728 -0.675996
v 0.533056 0.001421 -0.675996
v 0.088846 0.001539 -0.675996
v 0.177680 -0.001610 -0.675996
v 0.088842 -0.000024 -0.675996
v 0.177688 0.001515 -0.675996
v 0.266526 -0.000071 -0.675996
v 0.266522 -0.001633 -0.675996
v 0.088862 0.007789 -0.675996
v 0.177696 0.004640 -0.675996
v 0.088858 0.006226 -0.675996
v -0.444161 0.018868 -0.675995
v -0.444165 0.017306 -0.675995
v -0.532999 0.020454 -0.675995
v -0.266489 0.014133 -0.675995
v -0.177656 0.010985 -0.675995
v -0.266493 0.012571 -0.675995
v -0.088810 0.012524 -0.675995
v -0.088814 0.010961 -0.675995
v -0.177647 0.014110 -0.675995
v 0.177664 -0.007860 -0.675996
v 0.088826 -0.006274 -0.675996
v 0.088830 -0.004711 -0.675996
v 0.266493 -0.012571 -0.675996
v 0.266489 -0.014133 -0.675996
v 0.177656 -0.010985 -0.675996
v 0.532999 -0.020454 -0.675996
v 0.444161 -0.018868 -0.675996
v 0.444165 -0.017306 -0.675996
v -0.444194 0.006368 -0.675996
v -0.444198 0.004806 -0.675996
v -0.533032 0.007954 -0.675996
v -0.266522 0.001633 -0.675996
v -0.177688 -0.001515 -0.675996
v -0.266526 0.000071 -0.675996
v -0.088842 0.000024 -0.675996
v -0.088846 -0.001539 -0.675996
v -0.177680 0.001610 -0.675996
v -0.533007 0.017329 -0.675995
v -0.621845 0.018915 -0.675995
v -0.621841 0.020478 -0.675995
v -0.444178 0.012618 -0.675995
v -0.444182 0.011056 -0.675995
v -0.533015 0.014204 -0.675995
v -0.177672 0.004735 -0.675995
v -0.266510 0.006321 -0.675995
v -0.266506 0.007883 -0.675995
v 0.710731 -0.001752 0.253505
v 0.710727 -0.003315 0.253505
v 0.710731 -0.001752 0.169005
v 0.710727 -0.003315 0.422505
v 0.710723 -0.004877 0.507005
v 0.710723 -0.004877 0.422505
v 0.710731 -0.001752 0.591505
v 0.710727 -0.003315 0.591505
v 0.710731 -0.001752 0.507005
v 0.710711 -0.009564 0.084505
v 0.710707 -0.011127 0.169005
v 0.710707 -0.011127 0.084505
v 0.710715 -0.008002 0.169005
v 0.710715 -0.008002 0.253505
v 0.710711 -0.009564 0.253505
v 0.710727 -0.003314 0.084505
v 0.710723 -0.004877 0.169005
v 0.710723 -0.004877 0.084505
v 0.710732 -0.001752 -0.422496
v 0.710728 -0.003314 -0.422496
v 0.710732 -0.001752 -0.506996
v 0.710728 -0.003314 -0.253496
v 0.710724 -0.004877 -0.168996
v 0.710724 -0.004877 -0.253496
v 0.710732 -0.001752 -0.084496
v 0.710728 -0.003314 -0.084496
v 0.710732 -0.001752 -0.168996
v 0.710691 -0.017377 0.169005
v 0.710691 -0.017377 0.084505
v 0.710695 -0.015814 0.084505
v 0.710683 -0.020502 0.253505
v 0.710679 -0.022064 0.253505
v 0.710683 -0.020502 0.169005
v 0.710675 -0.023627 0.507005
v 0.710675 -0.023627 0.422505
v 0.710679 -0.022064 0.422505
v 0.710699 -0.014252 -0.422496
v 0.710695 -0.015814 -0.422496
v 0.710699 -0.014252 -0.506996
v 0.710695 -0.015814 -0.253496
v 0.710691 -0.017377 -0.168996
v 0.710691 -0.017377 -0.253496
v 0.710699 -0.014252 -0.084496
v 0.710695 -0.015814 -0.084496
v 0.710699 -0.014252 -0.168996
v 0.710724 -0.004877 -0.506996
v 0.710724 -0.004877 -0.591496
v 0.710728 -0.003314 -0.591496
v 0.710716 -0.008002 -0.422496
v 0.710712 -0.009564 -0.422496
v 0.710716 -0.008002 -0.506996
v 0.710708 -0.011127 -0.168996
v 0.710708 -0.011127 -0.253496
v 0.710712 -0.009564 -0.253496
v -0.266486 0.015695 0.676005
v -0.266490 0.014133 0.676005
v -0.177648 0.014109 0.676005
v -0.444165 0.017305 0.676005
v -0.533007 0.017328 0.676005
v -0.444170 0.015742 0.676005
v -0.621837 0.022039 0.676005
v -0.621841 0.020477 0.676005
v -0.532999 0.020453 0.676005
v -0.088830 0.004711 0.676005
v -0.177672 0.004734 0.676005
v -0.088834 0.003148 0.676005
v -0.177664 0.007859 0.676005
v -0.266502 0.009445 0.676005
v -0.266506 0.007883 0.676005
v -0.088814 0.010960 0.676005
v -0.177656 0.010984 0.676005
v -0.088818 0.009398 0.676005
v 0.444217 0.003006 0.676005
v 0.444213 0.001443 0.676005
v 0.533055 0.001420 0.676005
v 0.266538 0.004616 0.676005
v 0.177696 0.004639 0.676005
v 0.266533 0.003053 0.676005
v 0.088866 0.009350 0.676005
v 0.088862 0.007788 0.676005
v 0.177704 0.007764 0.676005
v -0.177688 -0.001516 0.676005
v -0.088850 -0.003102 0.676005
v -0.088846 -0.001539 0.676005
v -0.266534 -0.003054 0.676005
v -0.266538 -0.004617 0.676005
v -0.177696 -0.004640 0.676005
v -0.533056 -0.001421 0.676005
v -0.444218 -0.003007 0.676005
v -0.444214 -0.001444 0.676005
v 0.444185 -0.009494 0.676005
v 0.444181 -0.011056 0.676005
v 0.533023 -0.011080 0.676005
v 0.266505 -0.007884 0.676005
v 0.177663 -0.007860 0.676005
v 0.266501 -0.009446 0.676005
v 0.088833 -0.003149 0.676005
v 0.088829 -0.004712 0.676005
v 0.177671 -0.004735 0.676005
v 0.533047 -0.001705 0.676005
v 0.621885 -0.003291 0.676005
v 0.621889 -0.001729 0.676005
v 0.444201 -0.003244 0.676005
v 0.444197 -0.004806 0.676005
v 0.533039 -0.004830 0.676005
v 0.177679 -0.001610 0.676005
v 0.266517 -0.003196 0.676005
v 0.266521 -0.001634 0.676005
v -0.710675 0.023626 -0.253495
v -0.710679 0.022064 -0.253495
v -0.710675 0.023626 -0.168995
v -0.710679 0.022064 -0.422495
v -0.710683 0.020501 -0.506995
v -0.710683 0.020501 -0.422495
v -0.710675 0.023626 -0.591495
v -0.710679 0.022064 -0.591495
v -0.710675 0.023626 -0.506995
v -0.710695 0.015814 -0.084495
v -0.710699 0.014251 -0.168995
v -0.710699 0.014251 -0.084495
v -0.710691 0.017376 -0.168995
v -0.710691 0.017376 -0.253495
v -0.710695 0.015814 -0.253495
v -0.710679 0.022064 -0.084495
v -0.710683 0.020501 -0.168995
v -0.710683 0.020501 -0.084495
v -0.710675 0.023626 0.422505
v -0.710679 0.022063 0.422505
v -0.710675 0.023626 0.507005
v -0.710679 0.022063 0.253505
v -0.710683 0.020501 0.169005
v -0.710683 0.020501 0.253505
v -0.710675 0.023626 0.084505
v -0.710679 0.022063 0.084505
v -0.710675 0.023626 0.169005
v -0.710716 0.008001 -0.168996
v -0.710716 0.008001 -0.084496
v -0.710712 0.009564 -0.084496
v -0.710724 0.004876 -0.253496
v -0.710728 0.003314 -0.253496
v -0.710724 0.004876 -0.168996
v -0.710732 0.001751 -0.506996
v -0.710732 0.001751 -0.422496
v -0.710728 0.003314 -0.422496
v -0.710708 0.011126 0.422505
v -0.710712 0.009564 0.422505
v -0.710708 0.011126 0.507005
v -0.710712 0.009564 0.253505
v -0.710716 0.008001 0.169005
v -0.710716 0.008001 0.253505
v -0.710708 0.011126 0.084505
v -0.710712 0.009564 0.084505
v -0.710708 0.011126 0.169005
v -0.710683 0.020501 0.507005
v -0.710683 0.020501 0.591505
v -0.710679 0.022063 0.591505
v -0.710691 0.017376 0.422505
v -0.710695 0.015813 0.422505
v -0.710691 0.017376 0.507005
v -0.710699 0.014251 0.169005
v -0.710699 0.014251 0.253505
v -0.710695 0.015813 0.253505
v 0.621898 0.001397 -0.253496
v 0.533060 0.002983 -0.253496
v 0.621898 0.001397 -0.168996
v 0.533060 0.002983 -0.422496
v 0.444222 0.004569 -0.506996
v 0.444222 0.004569 -0.422496
v 0.621898 0.001397 -0.591496
v 0.533060 0.002983 -0.591496
v 0.621898 0.001397 -0.506996
v 0.177708 0.009327 -0.084495
v 0.088870 0.010913 -0.168995
v 0.088870 0.010913 -0.084495
v 0.266546 0.007741 -0.168995
v 0.266546 0.007741 -0.253495
v 0.177708 0.009327 -0.253495
v 0.533060 0.002983 -0.084495
v 0.444222 0.004569 -0.168995
v 0.444222 0.004569 -0.084495
v 0.621897 0.001396 0.422505
v 0.533059 0.002982 0.422505
v 0.621897 0.001396 0.507005
v 0.533059 0.002983 0.253505
v 0.444222 0.004569 0.169005
v 0.444221 0.004569 0.253505
v 0.621897 0.001397 0.084505
v 0.533060 0.002983 0.084505
v 0.621897 0.001396 0.169005
v -0.266482 0.017258 -0.168995
v -0.266482 0.017258 -0.084495
v -0.177644 0.015672 -0.084495
v -0.444157 0.020430 -0.253495
v -0.532995 0.022016 -0.253495
v -0.444157 0.020430 -0.168995
v -0.621833 0.023603 -0.506995
v -0.621833 0.023603 -0.422495
v -0.532995 0.022017 -0.422495
v -0.088806 0.014085 0.422505
v -0.177644 0.015671 0.422505
v -0.088806 0.014085 0.507005
v -0.177644 0.015672 0.253505
v -0.266482 0.017258 0.169005
v -0.266482 0.017258 0.253505
v -0.088806 0.014086 0.084505
v -0.177644 0.015672 0.084505
v -0.088806 0.014086 0.169005
v 0.444221 0.004568 0.507005
v 0.444221 0.004568 0.591505
v 0.533059 0.002982 0.591505
v 0.266546 0.007741 0.422505
v 0.177708 0.009327 0.422505
v 0.266546 0.007741 0.507005
v 0.088870 0.010913 0.169005
v 0.088870 0.010913 0.253505
v 0.177708 0.009327 0.253505
v 0.088870 0.010913 0.507005
v 0.088870 0.010913 0.591505
v 0.177708 0.009327 0.591505
v -0.444157 0.020430 0.084505
v -0.532995 0.022016 0.084505
v -0.444157 0.020430 0.169005
v -0.621833 0.023603 -0.168995
v -0.621833 0.023602 -0.084495
v -0.532995 0.022016 -0.084495
v 0.266546 0.007741 0.084505
v 0.177708 0.009327 0.084505
v 0.266546 0.007741 0.169005
v 0.177708 0.009328 -0.422495
v 0.088870 0.010914 -0.506995
v 0.088870 0.010914 -0.422495
v 0.266546 0.007742 -0.591496
v 0.177708 0.009328 -0.591496
v 0.266546 0.007741 -0.506995
v -0.710699 0.014251 0.507005
v -0.710699 0.014251 0.591505
v -0.710695 0.015813 0.591505
v -0.710724 0.004876 0.084505
v -0.710728 0.003314 0.084505
v -0.710724 0.004876 0.169005
v -0.710732 0.001751 -0.168996
v -0.710732 0.001751 -0.084496
v -0.710728 0.003314 -0.084496
v -0.710691 0.017376 0.084505
v -0.710695 0.015813 0.084505
v -0.710691 0.017376 0.169005
v -0.710695 0.015814 -0.422495
v -0.710699 0.014251 -0.506995
v -0.710699 0.014251 -0.422495
v -0.710691 0.017376 -0.591495
v -0.710695 0.015814 -0.591495
v -0.710691 0.017376 -0.506995
v 0.533031 -0.007955 0.676005
v 0.621869 -0.009541 0.676005
v 0.621873 -0.007979 0.676005
v 0.088817 -0.009399 0.676005
v 0.088813 -0.010961 0.676005
v 0.177655 -0.010985 0.676005
v -0.177704 -0.007765 0.676005
v -0.088866 -0.009351 0.676005
v -0.088862 -0.007789 0.676005
v 0.088850 0.003101 0.676005
v 0.088846 0.001538 0.676005
v 0.177687 0.001515 0.676005
v -0.444182 0.011055 0.676005
v -0.533024 0.011079 0.676005
v -0.444186 0.009493 0.676005
v -0.621853 0.015790 0.676005
v -0.621858 0.014227 0.676005
v -0.533016 0.014204 0.676005
v 0.710708 -0.011127 -0.506996
v 0.710708 -0.011127 -0.591496
v 0.710712 -0.009564 -0.591496
v 0.710683 -0.020502 -0.084496
v 0.710679 -0.022064 -0.084496
v 0.710683 -0.020502 -0.168996
v 0.710675 -0.023627 0.169005
v 0.710675 -0.023627 0.084505
v 0.710679 -0.022064 0.084505
v 0.710716 -0.008002 -0.084496
v 0.710712 -0.009564 -0.084496
v 0.710716 -0.008002 -0.168996
v 0.710711 -0.009564 0.422505
v 0.710707 -0.011127 0.507005
v 0.710707 -0.011127 0.422505
v 0.710715 -0.008002 0.591505
v 0.710711 -0.009565 0.591505
v 0.710715 -0.008002 0.507005
v -0.533024 0.011079 -0.675995
v -0.621862 0.012665 -0.675995
v -0.621857 0.014228 -0.675995
v -0.088858 -0.006226 -0.675996
v -0.088862 -0.007789 -0.675996
v -0.177696 -0.004640 -0.675996
v 0.177647 -0.014110 -0.675996
v 0.088810 -0.012524 -0.675996
v 0.088814 -0.010961 -0.675996
v -0.088826 0.006274 -0.675995
v -0.088830 0.004711 -0.675995
v -0.177664 0.007860 -0.675995
v 0.444198 -0.004806 -0.675996
v 0.533032 -0.007954 -0.675996
v 0.444194 -0.006368 -0.675996
v 0.621878 -0.006415 -0.675996
v 0.621874 -0.007978 -0.675996
v 0.533040 -0.004829 -0.675996
v 0.088805 -0.014086 -0.506996
v 0.088805 -0.014086 -0.591496
v 0.177643 -0.015672 -0.591496
v -0.444222 -0.004569 -0.084496
v -0.533060 -0.002983 -0.084496
v -0.444222 -0.004569 -0.168996
v -0.621898 -0.001397 0.169005
v -0.621898 -0.001397 0.084505
v -0.533060 -0.002983 0.084505
v 0.266481 -0.017258 -0.084496
v 0.177643 -0.015672 -0.084496
v 0.266481 -0.017258 -0.168996
v 0.177643 -0.015672 0.422505
v 0.088805 -0.014086 0.507005
v 0.088805 -0.014086 0.422505
v 0.266481 -0.017258 0.591505
v 0.177643 -0.015672 0.591505
v 0.266481 -0.017258 0.507005
v -0.444222 -0.004569 0.591505
v -0.533060 -0.002983 0.591505
v -0.444222 -0.004569 0.507005
v -0.621898 -0.001397 -0.506996
v -0.621898 -0.001397 -0.591496
v -0.533060 -0.002983 -0.591496
v 0.621845 -0.018915 -0.675996
v 0.621841 -0.020478 -0.675996
v 0.533007 -0.017329 -0.675996
v -0.533056 -0.001421 -0.675996
v -0.621894 0.000165 -0.675996
v -0.621890 0.001728 -0.675996
v 0.710683 -0.020502 0.591505
v 0.710679 -0.022064 0.591505
v 0.710683 -0.020502 0.507005
v 0.710675 -0.023627 -0.506996
v 0.710675 -0.023627 -0.591496
v 0.710679 -0.022064 -0.591496
v -0.621886 0.003290 0.676005
v -0.621890 0.001728 0.676005
v -0.533048 0.001704 0.676005
v 0.532999 -0.020454 0.676005
v 0.621837 -0.022040 0.676005
v 0.621841 -0.020478 0.676005
v -0.710724 0.004876 -0.591496
v -0.710728 0.003314 -0.591496
v -0.710724 0.004876 -0.506996
v -0.710732 0.001751 0.507005
v -0.710732 0.001751 0.591505
v -0.710728 0.003314 0.591505
v -0.444157 0.020431 -0.591495
v -0.532995 0.022017 -0.591495
v -0.444157 0.020431 -0.506995
v -0.621833 0.023602 0.507005
v -0.621833 0.023602 0.591505
v -0.532995 0.022016 0.591505
v -0.710671 0.025189 -0.633745
v 0.666316 0.000603 0.676005
v 0.666317 0.000604 -0.675996
v -0.710734 0.000970 0.676005
v -0.710736 0.000189 -0.633746
v 0.666252 -0.024396 0.676005
v 0.710671 -0.025189 -0.633746
v 0.666252 -0.024396 -0.675996
v 0.666316 0.000603 0.633755
v 0.666252 -0.024396 -0.633746
v -0.710734 0.000970 -0.633746
v 0.710736 -0.000189 -0.633746
v -0.710734 0.000970 -0.675996
v -0.666315 0.000177 0.676005
v 0.666254 -0.023615 -0.675996
v 0.710673 -0.024408 0.676005
v 0.710673 -0.024408 0.633755
v 0.710673 -0.024408 -0.675996
v -0.710671 0.025189 0.042255
v -0.044387 0.013292 0.676005
v -0.044386 0.013293 -0.675995
v -0.710701 0.013470 0.676005
v -0.710736 0.000189 0.042255
v -0.044451 -0.011707 0.676005
v 0.710671 -0.025189 0.042255
v -0.044451 -0.011707 -0.675996
v -0.044387 0.013293 -0.042245
v -0.044451 -0.011707 0.042255
v -0.710701 0.013470 0.042255
v 0.710735 -0.000190 0.042255
v -0.710701 0.013470 -0.675995
v 0.044420 -0.000012 0.676005
v -0.044417 0.001574 -0.675995
v 0.710705 -0.011908 0.676005
v 0.710706 -0.011908 -0.042246
v 0.710706 -0.011908 -0.675996
v 0.666252 -0.024396 0.042255
v -0.000032 -0.012500 0.042255
v 0.044386 -0.013293 0.000005
v -0.044451 -0.011707 0.000005
v -0.044451 -0.011707 -0.633746
v -0.000032 -0.012500 -0.633746
v 0.044449 0.010926 -0.675995
v 0.044419 -0.000793 -0.675995
v 0.000002 0.000781 -0.675995
v -0.000002 -0.000781 -0.675995
v -0.666287 0.011115 -0.675995
v -0.666285 0.011896 -0.675995
v 0.710733 -0.000971 0.042255
v 0.710703 -0.012689 0.042255
v 0.710706 -0.011908 0.000004
v 0.710701 -0.013470 0.000004
v 0.710701 -0.013470 -0.633746
v 0.710703 -0.012689 -0.633746
v -0.044389 0.012511 0.676005
v -0.044419 0.000793 0.676005
v 0.000002 0.000781 0.676005
v -0.000002 -0.000782 0.676005
v 0.666282 -0.012678 0.676005
v 0.666284 -0.011896 0.676005
v -0.710673 0.024407 -0.042245
v -0.710703 0.012689 -0.042245
v -0.710701 0.013470 0.000005
v -0.710706 0.011907 0.000005
v -0.710706 0.011907 0.633755
v -0.710703 0.012689 0.633755
v 0.666317 0.000604 -0.042245
v 0.000032 0.012500 -0.042245
v 0.044451 0.011706 0.000005
v -0.044387 0.013293 0.000005
v -0.044387 0.013292 0.633755
v 0.000032 0.012499 0.633755
v -0.710671 0.025189 -0.295745
v 0.310965 0.006948 0.676005
v 0.310965 0.006949 -0.675996
v -0.710718 0.007220 0.676005
v -0.710736 0.000189 -0.295746
v 0.310900 -0.018051 0.676005
v 0.710671 -0.025189 -0.295746
v 0.310900 -0.018051 -0.675996
v 0.310965 0.006948 0.295755
v 0.310900 -0.018051 -0.295746
v -0.710718 0.007220 -0.295746
v 0.710736 -0.000189 -0.295746
v -0.710718 0.007220 -0.675996
v -0.310947 0.000082 0.676005
v 0.310919 -0.011020 -0.675996
v 0.710689 -0.018158 0.676005
v 0.710689 -0.018158 0.295755
v 0.710689 -0.018158 -0.675996
v -0.710671 0.025188 0.380255
v -0.399738 0.019637 0.676005
v -0.399738 0.019638 -0.675995
v -0.710685 0.019720 0.676005
v -0.710736 0.000189 0.380255
v -0.399803 -0.005362 0.676005
v 0.710671 -0.025189 0.380255
v -0.399803 -0.005362 -0.675996
v -0.399738 0.019637 -0.380245
v -0.399803 -0.005362 0.380255
v -0.710685 0.019720 0.380255
v 0.710735 -0.000190 0.380255
v -0.710685 0.019720 -0.675995
v 0.399788 -0.000107 0.676005
v -0.399752 0.014169 -0.675995
v 0.710721 -0.005659 0.676005
v 0.710722 -0.005658 -0.380246
v 0.710722 -0.005658 -0.675996
v 0.310900 -0.018051 0.380255
v -0.000032 -0.012500 0.380255
v 0.399738 -0.019638 0.000005
v -0.399803 -0.005362 0.000005
v -0.399803 -0.005362 -0.295746
v -0.000032 -0.012500 -0.295746
v 0.399785 -0.001669 -0.675996
v 0.399771 -0.007138 -0.675996
v 0.000018 0.007031 -0.675995
v -0.000018 -0.007031 -0.675996
v -0.310951 -0.001480 -0.675996
v -0.310933 0.005551 -0.675995
v 0.710717 -0.007221 0.380255
v 0.710703 -0.012689 0.380255
v 0.710721 -0.005658 0.000005
v 0.710685 -0.019720 0.000005
v 0.710685 -0.019720 -0.295746
v 0.710703 -0.012689 -0.295746
v -0.399757 0.012606 0.676005
v -0.399771 0.007137 0.676005
v 0.000018 0.007030 0.676005
v -0.000018 -0.007031 0.676005
v 0.310914 -0.012583 0.676005
v 0.310932 -0.005552 0.676005
v -0.710689 0.018158 -0.380245
v -0.710703 0.012689 -0.380245
v -0.710685 0.019720 0.000005
v -0.710722 0.005658 0.000005
v -0.710722 0.005658 0.295755
v -0.710703 0.012689 0.295755
v 0.310965 0.006948 -0.380245
v 0.000032 0.012500 -0.380245
v 0.399803 0.005362 0.000005
v -0.399738 0.019637 0.000005
v -0.399738 0.019637 0.295755
v 0.000032 0.012499 0.295755
v 0.310965 0.006948 0.338005
v 0.310965 0.006948 0.633755
v 0.355384 0.006155 0.633755
v -0.044387 0.013292 0.295755
v -0.355319 0.018844 0.295755
v -0.310901 0.018051 0.338005
v -0.399738 0.019637 -0.337995
v -0.399738 0.019637 -0.042245
v -0.355319 0.018844 -0.042245
v 0.666316 0.000603 0.295755
v 0.355384 0.006155 0.295755
v 0.399802 0.005362 0.338005
v 0.355384 0.006155 -0.042245
v 0.044451 0.011707 -0.337995
v 0.044451 0.011707 -0.295745
v 0.666317 0.000604 -0.380246
v 0.355384 0.006155 -0.380246
v 0.399803 0.005362 -0.337995
v -0.710689 0.018157 0.338005
v -0.710689 0.018157 0.633755
v -0.710687 0.018938 0.633755
v -0.710706 0.011907 0.295755
v -0.710720 0.006439 0.295755
v -0.710718 0.007220 0.338005
v -0.710722 0.005658 -0.337996
v -0.710722 0.005658 -0.042246
v -0.710720 0.006439 -0.042246
v -0.710673 0.024407 0.295755
v -0.710687 0.018938 0.295755
v -0.710685 0.019720 0.338005
v -0.710687 0.018939 -0.042245
v -0.710701 0.013470 -0.337995
v -0.710701 0.013470 -0.295745
v -0.710673 0.024408 -0.380245
v -0.710687 0.018939 -0.380245
v -0.710685 0.019720 -0.337995
v 0.355365 -0.000876 0.676005
v 0.666298 -0.006428 0.676005
v 0.666300 -0.005647 0.676005
v 0.310930 -0.006333 0.676005
v 0.310916 -0.011802 0.676005
v 0.355337 -0.011814 0.676005
v -0.355370 -0.000687 0.676005
v -0.044437 -0.006238 0.676005
v -0.044435 -0.005457 0.676005
v 0.310963 0.006166 0.676005
v 0.310948 0.000698 0.676005
v 0.355369 0.000686 0.676005
v -0.044403 0.007042 0.676005
v -0.355350 0.007125 0.676005
v -0.310931 0.006332 0.676005
v -0.399740 0.018855 0.676005
v -0.399755 0.013387 0.676005
v -0.355334 0.013375 0.676005
v 0.710718 -0.007220 -0.337996
v 0.710718 -0.007220 -0.633746
v 0.710720 -0.006439 -0.633746
v 0.710701 -0.013470 -0.295746
v 0.710687 -0.018939 -0.295746
v 0.710689 -0.018158 -0.337996
v 0.710685 -0.019720 0.338005
v 0.710685 -0.019720 0.042255
v 0.710687 -0.018939 0.042255
v 0.710734 -0.000971 -0.295746
v 0.710720 -0.006439 -0.295746
v 0.710722 -0.005658 -0.337996
v 0.710719 -0.006439 0.042255
v 0.710705 -0.011908 0.338005
v 0.710705 -0.011908 0.295755
v 0.710733 -0.000971 0.380255
v 0.710719 -0.006440 0.380255
v 0.710721 -0.005658 0.338005
v -0.355338 0.011813 -0.675995
v -0.666270 0.017365 -0.675995
v -0.666268 0.018146 -0.675995
v -0.310935 0.004770 -0.675995
v -0.310949 -0.000699 -0.675996
v -0.355366 0.000876 -0.675996
v 0.355333 -0.013376 -0.675996
v 0.044401 -0.007824 -0.675996
v 0.044403 -0.007043 -0.675996
v -0.310902 0.017270 -0.675995
v -0.310917 0.011801 -0.675995
v -0.355333 0.013376 -0.675995
v 0.044435 0.005457 -0.675995
v 0.355354 -0.005563 -0.675996
v 0.310935 -0.004770 -0.675996
v 0.399801 0.004581 -0.675996
v 0.399787 -0.000888 -0.675996
v 0.355370 0.000687 -0.675996
v 0.310900 -0.018051 -0.337996
v 0.310900 -0.018051 -0.633746
v 0.355319 -0.018845 -0.633746
v -0.044451 -0.011707 -0.295746
v -0.355384 -0.006155 -0.295746
v -0.310965 -0.006949 -0.337996
v -0.399803 -0.005362 0.338005
v -0.399803 -0.005362 0.042255
v -0.355384 -0.006155 0.042255
v 0.666252 -0.024396 -0.295746
v 0.355319 -0.018845 -0.295746
v 0.399738 -0.019638 -0.337996
v 0.355319 -0.018845 0.042255
v 0.044386 -0.013293 0.338005
v 0.044386 -0.013293 0.295755
v 0.666252 -0.024396 0.380255
v 0.355319 -0.018845 0.380255
v 0.399738 -0.019638 0.338005
v -0.044451 -0.011707 0.380255
v -0.355384 -0.006155 0.380255
v -0.310965 -0.006949 0.338005
v -0.399803 -0.005362 -0.337996
v -0.399803 -0.005362 -0.633746
v -0.355384 -0.006155 -0.633746
v 0.399769 -0.007919 -0.675996
v 0.399754 -0.013388 -0.675996
v 0.355338 -0.011813 -0.675996
v -0.355370 -0.000687 -0.675996
v -0.666303 0.004865 -0.675996
v -0.666301 0.005646 -0.675996
v 0.710701 -0.013471 0.380255
v 0.710687 -0.018939 0.380255
v 0.710689 -0.018158 0.338005
v 0.710685 -0.019720 -0.337996
v 0.710685 -0.019720 -0.633746
v 0.710687 -0.018939 -0.633746
v -0.399773 0.006356 0.676005
v -0.399787 0.000887 0.676005
v -0.355366 0.000875 0.676005
v 0.355333 -0.013376 0.676005
v 0.666266 -0.018927 0.676005
v 0.666268 -0.018146 0.676005
v -0.710706 0.011908 -0.380246
v -0.710720 0.006439 -0.380246
v -0.710718 0.007220 -0.337996
v -0.710722 0.005658 0.338005
v -0.710722 0.005658 0.633755
v -0.710720 0.006439 0.633755
v -0.044387 0.013293 -0.380245
v -0.355319 0.018844 -0.380245
v -0.310901 0.018051 -0.337995
v -0.399738 0.019637 0.338005
v -0.399738 0.019637 0.633755
v -0.355319 0.018844 0.633755
v -0.710671 0.025189 -0.464745
v 0.488640 0.003775 0.676005
v 0.488641 0.003776 -0.675996
v -0.710726 0.004095 0.676005
v -0.710736 0.000189 -0.464746
v 0.488576 -0.021224 0.676005
v 0.710671 -0.025189 -0.464746
v 0.488576 -0.021224 -0.675996
v 0.488640 0.003775 0.464755
v 0.488576 -0.021224 -0.464746
v -0.710726 0.004095 -0.464746
v 0.710736 -0.000189 -0.464746
v -0.710726 0.004095 -0.675996
v -0.488631 0.000130 0.676005
v 0.488586 -0.017317 -0.675996
v 0.710681 -0.021283 0.676005
v 0.710681 -0.021283 0.464755
v 0.710681 -0.021283 -0.675996
v -0.710671 0.025188 0.211255
v -0.222063 0.016464 0.676005
v -0.222062 0.016465 -0.675995
v -0.710693 0.016595 0.676005
v -0.710736 0.000189 0.211255
v -0.222127 -0.008535 0.676005
v 0.710671 -0.025189 0.211255
v -0.222127 -0.008535 -0.675996
v -0.222063 0.016465 -0.211245
v -0.222127 -0.008535 0.211255
v -0.710693 0.016595 0.211255
v 0.710735 -0.000190 0.211255
v -0.710693 0.016595 -0.675995
v 0.222104 -0.000060 0.676005
v -0.222085 0.007872 -0.675995
v 0.710713 -0.008783 0.676005
v 0.710714 -0.008783 -0.211246
v 0.710714 -0.008783 -0.675996
v 0.488576 -0.021224 0.211255
v -0.000032 -0.012500 0.211255
v 0.222062 -0.016465 0.000005
v -0.222127 -0.008535 0.000005
v -0.222127 -0.008535 -0.464746
v -0.000032 -0.012500 -0.464746
v 0.222117 0.004628 -0.675996
v 0.222095 -0.003965 -0.675996
v 0.000010 0.003906 -0.675995
v -0.000010 -0.003906 -0.675996
v -0.488619 0.004817 -0.675996
v -0.488609 0.008724 -0.675995
v 0.710725 -0.004096 0.211255
v 0.710703 -0.012689 0.211255
v 0.710714 -0.008783 0.000004
v 0.710693 -0.016595 0.000004
v 0.710693 -0.016595 -0.464746
v 0.710703 -0.012689 -0.464746
v -0.222073 0.012558 0.676005
v -0.222095 0.003965 0.676005
v 0.000010 0.003906 0.676005
v -0.000010 -0.003907 0.676005
v 0.488598 -0.012630 0.676005
v 0.488608 -0.008724 0.676005
v -0.710681 0.021282 -0.211245
v -0.710703 0.012689 -0.211245
v -0.710693 0.016595 0.000005
v -0.710714 0.008782 0.000005
v -0.710714 0.008782 0.464755
v -0.710703 0.012689 0.464755
v 0.488641 0.003776 -0.211245
v 0.000032 0.012500 -0.211245
v 0.222127 0.008534 0.000005
v -0.222063 0.016465 0.000005
v -0.222063 0.016464 0.464755
v 0.000032 0.012499 0.464755
v -0.710671 0.025189 -0.126745
v 0.133289 0.010120 0.676005
v 0.133289 0.010121 -0.675996
v -0.710710 0.010345 0.676005
v -0.710736 0.000189 -0.126746
v 0.133224 -0.014879 0.676005
v 0.710671 -0.025189 -0.126746
v 0.133224 -0.014879 -0.675996
v 0.133289 0.010120 0.126755
v 0.133224 -0.014879 -0.126746
v -0.710710 0.010345 -0.126746
v 0.710736 -0.000189 -0.126746
v -0.710710 0.010345 -0.675996
v -0.133263 0.000035 0.676005
v 0.133251 -0.004723 -0.675996
v 0.710697 -0.015033 0.676005
v 0.710697 -0.015033 0.126755
v 0.710697 -0.015033 -0.675996
v -0.710671 0.025188 0.549255
v -0.577414 0.022809 0.676005
v -0.577414 0.022810 -0.675995
v -0.710677 0.022844 0.676005
v -0.710736 0.000189 0.549255
v -0.577479 -0.002190 0.676005
v 0.710671 -0.025189 0.549255
v -0.577479 -0.002190 -0.675996
v -0.577414 0.022810 -0.549245
v -0.577479 -0.002190 0.549255
v -0.710677 0.022844 0.549255
v 0.710735 -0.000190 0.549255
v -0.710677 0.022845 -0.675995
v 0.577472 -0.000155 0.676005
v -0.577420 0.020466 -0.675995
v 0.710729 -0.002534 0.676005
v 0.710730 -0.002533 -0.549246
v 0.710730 -0.002533 -0.675996
v 0.133224 -0.014879 0.549255
v -0.000032 -0.012500 0.549255
v 0.577414 -0.022810 0.000005
v -0.577479 -0.002190 0.000005
v -0.577479 -0.002190 -0.126746
v -0.000032 -0.012500 -0.126746
v 0.577453 -0.007966 -0.675996
v 0.577447 -0.010310 -0.675996
v 0.000026 0.010156 -0.675995
v -0.000026 -0.010156 -0.675996
v -0.133283 -0.007777 -0.675996
v -0.133257 0.002379 -0.675995
v 0.710709 -0.010346 0.549255
v 0.710703 -0.012689 0.549255
v 0.710729 -0.002533 0.000005
v 0.710677 -0.022845 0.000005
v 0.710677 -0.022845 -0.126746
v 0.710703 -0.012689 -0.126746
v -0.577441 0.012653 0.676005
v -0.577447 0.010309 0.676005
v 0.000026 0.010155 0.676005
v -0.000026 -0.010156 0.676005
v 0.133230 -0.012536 0.676005
v 0.133256 -0.002380 0.676005
v -0.710697 0.015033 -0.549245
v -0.710703 0.012689 -0.549245
v -0.710677 0.022845 0.000005
v -0.710730 0.002533 0.000005
v -0.710730 0.002533 0.126755
v -0.710703 0.012689 0.126755
v 0.133289 0.010121 -0.549245
v 0.000032 0.012500 -0.549245
v 0.577479 0.002190 0.000005
v -0.577414 0.022809 0.000005
v -0.577414 0.022809 0.126755
v 0.000032 0.012499 0.126755
v 0.133289 0.010120 0.338005
v 0.133289 0.010120 0.464755
v 0.355384 0.006155 0.464755
v -0.222063 0.016465 0.126755
v -0.355319 0.018844 0.126755
v -0.133225 0.014878 0.338005
v -0.577414 0.022810 -0.337995
v -0.577414 0.022810 -0.211245
v -0.355319 0.018844 -0.211245
v 0.488641 0.003776 0.126755
v 0.355384 0.006155 0.126755
v 0.577478 0.002189 0.338005
v 0.355384 0.006155 -0.211245
v 0.222127 0.008534 -0.337995
v 0.222127 0.008534 -0.126745
v 0.488641 0.003776 -0.549246
v 0.355384 0.006155 -0.549246
v 0.577479 0.002190 -0.337996
v -0.710697 0.015032 0.338005
v -0.710697 0.015032 0.464755
v -0.710687 0.018938 0.464755
v -0.710714 0.008782 0.126755
v -0.710720 0.006439 0.126755
v -0.710710 0.010345 0.338005
v -0.710730 0.002533 -0.337996
v -0.710730 0.002533 -0.211246
v -0.710720 0.006439 -0.211246
v -0.710681 0.021282 0.126755
v -0.710687 0.018938 0.126755
v -0.710677 0.022845 0.338005
v -0.710687 0.018939 -0.211245
v -0.710693 0.016595 -0.337995
v -0.710693 0.016595 -0.126745
v -0.710681 0.021283 -0.549245
v -0.710687 0.018939 -0.549245
v -0.710677 0.022845 -0.337995
v 0.355357 -0.004001 0.676005
v 0.488614 -0.006381 0.676005
v 0.488624 -0.002474 0.676005
v 0.133246 -0.006286 0.676005
v 0.133240 -0.008629 0.676005
v 0.355345 -0.008689 0.676005
v -0.355378 -0.003812 0.676005
v -0.222121 -0.006191 0.676005
v -0.222111 -0.002285 0.676005
v 0.133279 0.006214 0.676005
v 0.133273 0.003870 0.676005
v 0.355377 0.003811 0.676005
v -0.222079 0.010215 0.676005
v -0.355342 0.010250 0.676005
v -0.133247 0.006285 0.676005
v -0.577424 0.018903 0.676005
v -0.577430 0.016559 0.676005
v -0.355326 0.016500 0.676005
v 0.710710 -0.010345 -0.337996
v 0.710710 -0.010345 -0.464746
v 0.710720 -0.006439 -0.464746
v 0.710693 -0.016595 -0.126746
v 0.710687 -0.018939 -0.126746
v 0.710697 -0.015033 -0.337996
v 0.710677 -0.022845 0.338005
v 0.710677 -0.022845 0.211255
v 0.710687 -0.018939 0.211255
v 0.710726 -0.004096 -0.126746
v 0.710720 -0.006439 -0.126746
v 0.710730 -0.002533 -0.337996
v 0.710719 -0.006439 0.211255
v 0.710713 -0.008783 0.338005
v 0.710713 -0.008783 0.126755
v 0.710725 -0.004096 0.549255
v 0.710719 -0.006440 0.549255
v 0.710729 -0.002533 0.338005
v -0.355346 0.008688 -0.675995
v -0.488603 0.011067 -0.675995
v -0.488592 0.014974 -0.675995
v -0.133267 -0.001527 -0.675996
v -0.133273 -0.003871 -0.675996
v -0.355358 0.004001 -0.675996
v 0.355325 -0.016501 -0.675996
v 0.222068 -0.014122 -0.675996
v 0.222079 -0.010215 -0.675996
v -0.133235 0.010973 -0.675995
v -0.133241 0.008629 -0.675995
v -0.355325 0.016501 -0.675995
v 0.222111 0.002285 -0.675996
v 0.355362 -0.002438 -0.675996
v 0.133267 0.001527 -0.675996
v 0.577469 -0.001716 -0.675996
v 0.577463 -0.004060 -0.675996
v 0.355378 0.003812 -0.675996
v 0.133224 -0.014879 -0.337996
v 0.133224 -0.014879 -0.464746
v 0.355319 -0.018845 -0.464746
v -0.222127 -0.008535 -0.126746
v -0.355384 -0.006155 -0.126746
v -0.133289 -0.010121 -0.337996
v -0.577479 -0.002190 0.338005
v -0.577479 -0.002190 0.211255
v -0.355384 -0.006155 0.211255
v 0.488576 -0.021224 -0.126746
v 0.355319 -0.018845 -0.126746
v 0.577414 -0.022810 -0.337996
v 0.355319 -0.018845 0.211255
v 0.222062 -0.016465 0.338005
v 0.222062 -0.016465 0.126755
v 0.488576 -0.021224 0.549255
v 0.355319 -0.018845 0.549255
v 0.577414 -0.022810 0.338005
v -0.222127 -0.008535 0.549255
v -0.355384 -0.006155 0.549255
v -0.133289 -0.010121 0.338005
v -0.577479 -0.002190 -0.337996
v -0.577479 -0.002190 -0.464746
v -0.355384 -0.006155 -0.464746
v 0.577436 -0.014216 -0.675996
v 0.577430 -0.016560 -0.675996
v 0.355346 -0.008688 -0.675996
v -0.355378 -0.003812 -0.675996
v -0.488635 -0.001433 -0.675996
v -0.488625 0.002474 -0.675996
v 0.710693 -0.016596 0.549255
v 0.710687 -0.018939 0.549255
v 0.710697 -0.015033 0.338005
v 0.710677 -0.022845 -0.337996
v 0.710677 -0.022845 -0.464746
v 0.710687 -0.018939 -0.464746
v -0.577457 0.006403 0.676005
v -0.577463 0.004060 0.676005
v -0.355358 0.004000 0.676005
v 0.355325 -0.016501 0.676005
v 0.488582 -0.018880 0.676005
v 0.488592 -0.014974 0.676005
v -0.710714 0.008783 -0.549246
v -0.710720 0.006439 -0.549246
v -0.710710 0.010345 -0.337996
v -0.710730 0.002533 0.338005
v -0.710730 0.002533 0.464755
v -0.710720 0.006439 0.464755
v -0.222062 0.016465 -0.549245
v -0.355319 0.018844 -0.549245
v -0.133225 0.014879 -0.337995
v -0.577414 0.022809 0.338005
v -0.577414 0.022809 0.464755
v -0.355319 0.018844 0.464755
v -0.222063 0.016464 0.507005
v -0.222063 0.016464 0.633755
v -0.177644 0.015671 0.633755
v -0.399738 0.019637 0.464755
v -0.532995 0.022016 0.464755
v -0.488576 0.021223 0.507005
v -0.577414 0.022809 0.169005
v -0.577414 0.022809 0.295755
v -0.532995 0.022016 0.295755
v -0.044387 0.013293 -0.211245
v -0.177644 0.015672 -0.211245
v -0.133225 0.014879 -0.168995
v -0.177644 0.015672 -0.380245
v -0.310900 0.018051 -0.506995
v -0.310900 0.018051 -0.464745
v -0.044387 0.013293 -0.549245
v -0.177643 0.015672 -0.549245
v -0.133225 0.014879 -0.506995
v -0.710714 0.008782 0.507005
v -0.710714 0.008782 0.633755
v -0.710712 0.009564 0.633755
v -0.710722 0.005658 0.464755
v -0.710728 0.003314 0.464755
v -0.710726 0.004095 0.507005
v -0.710730 0.002533 0.169005
v -0.710730 0.002533 0.295755
v -0.710728 0.003314 0.295755
v -0.710706 0.011907 -0.211245
v -0.710712 0.009564 -0.211246
v -0.710710 0.010345 -0.168996
v -0.710712 0.009564 -0.380246
v -0.710718 0.007220 -0.506996
v -0.710718 0.007220 -0.464746
v -0.710706 0.011908 -0.549245
v -0.710712 0.009564 -0.549246
v -0.710710 0.010345 -0.506996
v 0.533017 -0.013423 0.676005
v 0.666274 -0.015803 0.676005
v 0.666276 -0.015021 0.676005
v 0.488590 -0.015755 0.676005
v 0.488584 -0.018099 0.676005
v 0.533005 -0.018111 0.676005
v 0.177649 -0.013329 0.676005
v 0.310906 -0.015708 0.676005
v 0.310908 -0.014927 0.676005
v -0.222097 0.003184 0.676005
v -0.222103 0.000840 0.676005
v -0.177682 0.000828 0.676005
v -0.399779 0.004012 0.676005
v -0.533042 0.004048 0.676005
v -0.488623 0.003255 0.676005
v -0.577449 0.009528 0.676005
v -0.577455 0.007184 0.676005
v -0.533034 0.007173 0.676005
v 0.710693 -0.016595 -0.506996
v 0.710693 -0.016595 -0.633746
v 0.710695 -0.015814 -0.633746
v 0.710685 -0.019720 -0.464746
v 0.710679 -0.022064 -0.464746
v 0.710681 -0.021283 -0.506996
v 0.710677 -0.022845 -0.168996
v 0.710677 -0.022845 -0.295746
v 0.710679 -0.022064 -0.295746
v 0.710701 -0.013470 0.211255
v 0.710695 -0.015814 0.211255
v 0.710697 -0.015033 0.169005
v 0.710695 -0.015814 0.380255
v 0.710689 -0.018158 0.507005
v 0.710689 -0.018158 0.464755
v 0.710701 -0.013471 0.549255
v 0.710695 -0.015814 0.549255
v 0.710697 -0.015033 0.507005
v -0.533038 0.005611 -0.675996
v -0.666295 0.007990 -0.675996
v -0.666293 0.008771 -0.675996
v -0.488627 0.001692 -0.675996
v -0.488633 -0.000651 -0.675996
v -0.533050 0.000923 -0.675996
v -0.177702 -0.006984 -0.675996
v -0.310959 -0.004605 -0.675996
v -0.310957 -0.003824 -0.675996
v 0.222093 -0.004747 -0.675996
v 0.222087 -0.007090 -0.675996
v 0.177670 -0.005516 -0.675996
v 0.399763 -0.010263 -0.675996
v 0.533013 -0.014986 -0.675996
v 0.488594 -0.014192 -0.675996
v 0.577445 -0.011091 -0.675996
v 0.577438 -0.013435 -0.675996
v 0.533022 -0.011861 -0.675996
v -0.222127 -0.008535 -0.506996
v -0.222127 -0.008535 -0.633746
v -0.177708 -0.009328 -0.633746
v -0.399803 -0.005362 -0.464746
v -0.533060 -0.002983 -0.464746
v -0.488641 -0.003776 -0.506996
v -0.577479 -0.002190 -0.168996
v -0.577479 -0.002190 -0.295746
v -0.533060 -0.002983 -0.295746
v -0.044451 -0.011707 0.211255
v -0.177708 -0.009328 0.211255
v -0.133289 -0.010121 0.169005
v -0.177708 -0.009328 0.380255
v -0.310965 -0.006949 0.507005
v -0.310965 -0.006949 0.464755
v -0.044451 -0.011707 0.549255
v -0.177708 -0.009328 0.549255
v -0.133289 -0.010121 0.507005
v 0.666252 -0.024396 0.211255
v 0.532995 -0.022017 0.211255
v 0.577414 -0.022810 0.169005
v 0.532995 -0.022017 0.380255
v 0.399738 -0.019638 0.507005
v 0.399738 -0.019638 0.464755
v 0.666252 -0.024396 0.549255
v 0.532995 -0.022017 0.549255
v 0.577414 -0.022810 0.507005
v 0.177643 -0.015672 0.042255
v 0.044386 -0.013293 0.169005
v 0.044386 -0.013293 0.126755
v 0.222062 -0.016465 0.169005
v 0.222062 -0.016465 0.295755
v 0.177643 -0.015672 0.295755
v 0.532995 -0.022017 0.042255
v 0.399738 -0.019638 0.169005
v 0.399738 -0.019638 0.126755
v 0.666252 -0.024396 -0.464746
v 0.532995 -0.022017 -0.464746
v 0.577414 -0.022810 -0.506996
v 0.532995 -0.022017 -0.295746
v 0.399738 -0.019638 -0.168996
v 0.399738 -0.019638 -0.211246
v 0.666252 -0.024396 -0.126746
v 0.532995 -0.022017 -0.126746
v 0.577414 -0.022810 -0.168996
v -0.222127 -0.008535 0.169005
v -0.222127 -0.008535 0.042255
v -0.177708 -0.009328 0.042255
v -0.399803 -0.005362 0.211255
v -0.533060 -0.002983 0.211255
v -0.488641 -0.003776 0.169005
v -0.577479 -0.002190 0.507005
v -0.577479 -0.002190 0.380255
v -0.533060 -0.002983 0.380255
v -0.044451 -0.011707 -0.464746
v -0.177708 -0.009328 -0.464746
v -0.133289 -0.010121 -0.506996
v -0.177708 -0.009328 -0.295746
v -0.310965 -0.006949 -0.168996
v -0.310965 -0.006949 -0.211246
v -0.044451 -0.011707 -0.126746
v -0.177708 -0.009328 -0.126746
v -0.133289 -0.010121 -0.168996
v 0.488576 -0.021224 -0.506996
v 0.488576 -0.021224 -0.633746
v 0.532995 -0.022017 -0.633746
v 0.310900 -0.018051 -0.464746
v 0.177643 -0.015672 -0.464746
v 0.222062 -0.016465 -0.506996
v 0.133224 -0.014879 -0.168996
v 0.133224 -0.014879 -0.295746
v 0.177643 -0.015672 -0.295746
v 0.222125 0.007753 -0.675996
v 0.222119 0.005410 -0.675996
v 0.177702 0.006984 -0.675996
v 0.399795 0.002237 -0.675996
v 0.533046 -0.002486 -0.675996
v 0.488627 -0.001692 -0.675996
v 0.577477 0.001409 -0.675996
v 0.577471 -0.000935 -0.675996
v 0.533054 0.000639 -0.675996
v 0.044427 0.002332 -0.675995
v 0.177678 -0.002391 -0.675996
v 0.133259 -0.001598 -0.675996
v 0.177686 0.000734 -0.675996
v 0.310943 -0.001645 -0.675996
v 0.310941 -0.002426 -0.675996
v 0.044443 0.008582 -0.675995
v 0.177694 0.003859 -0.675996
v 0.133275 0.004652 -0.675996
v -0.488578 0.020442 -0.675995
v -0.488584 0.018099 -0.675995
v -0.533001 0.019673 -0.675995
v -0.310908 0.014926 -0.675995
v -0.177658 0.010204 -0.675995
v -0.222077 0.010997 -0.675995
v -0.133226 0.014098 -0.675995
v -0.133233 0.011754 -0.675995
v -0.177649 0.013329 -0.675995
v 0.177666 -0.007079 -0.675996
v 0.044409 -0.004699 -0.675996
v 0.044411 -0.003918 -0.675996
v 0.222077 -0.010997 -0.675996
v 0.222070 -0.013340 -0.675996
v 0.177654 -0.011766 -0.675996
v 0.533001 -0.019673 -0.675996
v 0.399744 -0.017294 -0.675996
v 0.399746 -0.016513 -0.675996
v -0.488611 0.007942 -0.675995
v -0.488617 0.005599 -0.675996
v -0.533034 0.007173 -0.675996
v -0.310941 0.002426 -0.675996
v -0.177690 -0.002296 -0.675996
v -0.222109 -0.001503 -0.675996
v -0.133259 0.001598 -0.675995
v -0.133265 -0.000746 -0.675996
v -0.177682 0.000829 -0.675996
v -0.533005 0.018111 -0.675995
v -0.666262 0.020490 -0.675995
v -0.666260 0.021271 -0.675995
v -0.488594 0.014192 -0.675995
v -0.488601 0.011849 -0.675995
v -0.533018 0.013423 -0.675995
v -0.177670 0.005516 -0.675995
v -0.310927 0.007895 -0.675995
v -0.310925 0.008676 -0.675995
v 0.710733 -0.000971 0.211255
v 0.710727 -0.003315 0.211255
v 0.710729 -0.002533 0.169005
v 0.710727 -0.003315 0.380255
v 0.710721 -0.005658 0.507005
v 0.710721 -0.005658 0.464755
v 0.710733 -0.000971 0.549255
v 0.710727 -0.003315 0.549255
v 0.710729 -0.002534 0.507005
v 0.710711 -0.009564 0.042255
v 0.710705 -0.011908 0.169005
v 0.710705 -0.011908 0.126755
v 0.710713 -0.008783 0.169005
v 0.710713 -0.008783 0.295755
v 0.710711 -0.009564 0.295755
v 0.710727 -0.003314 0.042255
v 0.710721 -0.005658 0.169005
v 0.710721 -0.005658 0.126755
v 0.710734 -0.000970 -0.464746
v 0.710728 -0.003314 -0.464746
v 0.710730 -0.002533 -0.506996
v 0.710728 -0.003314 -0.295746
v 0.710722 -0.005658 -0.168996
v 0.710722 -0.005658 -0.211246
v 0.710734 -0.000971 -0.126746
v 0.710728 -0.003314 -0.126746
v 0.710730 -0.002533 -0.168996
v 0.710693 -0.016595 0.169005
v 0.710693 -0.016595 0.042255
v 0.710695 -0.015814 0.042255
v 0.710685 -0.019720 0.211255
v 0.710679 -0.022064 0.211255
v 0.710681 -0.021283 0.169005
v 0.710677 -0.022845 0.507005
v 0.710677 -0.022845 0.380255
v 0.710679 -0.022064 0.380255
v 0.710701 -0.013470 -0.464746
v 0.710695 -0.015814 -0.464746
v 0.710697 -0.015033 -0.506996
v 0.710695 -0.015814 -0.295746
v 0.710689 -0.018158 -0.168996
v 0.710689 -0.018158 -0.211246
v 0.710701 -0.013470 -0.126746
v 0.710695 -0.015814 -0.126746
v 0.710697 -0.015033 -0.168996
v 0.710726 -0.004095 -0.506996
v 0.710726 -0.004095 -0.633746
v 0.710728 -0.003314 -0.633746
v 0.710718 -0.007220 -0.464746
v 0.710712 -0.009564 -0.464746
v 0.710714 -0.008783 -0.506996
v 0.710710 -0.010345 -0.168996
v 0.710710 -0.010345 -0.295746
v 0.710712 -0.009564 -0.295746
v -0.222065 0.015683 0.676005
v -0.222071 0.013339 0.676005
v -0.177650 0.013328 0.676005
v -0.399747 0.016512 0.676005
v -0.533009 0.016547 0.676005
v -0.488591 0.015754 0.676005
v -0.577416 0.022028 0.676005
v -0.577422 0.019684 0.676005
v -0.533001 0.019672 0.676005
v -0.044411 0.003917 0.676005
v -0.177674 0.003953 0.676005
v -0.133255 0.003160 0.676005
v -0.177666 0.007078 0.676005
v -0.310923 0.009457 0.676005
v -0.310925 0.008676 0.676005
v -0.044395 0.010167 0.676005
v -0.177658 0.010203 0.676005
v -0.133239 0.009410 0.676005
v 0.488638 0.002994 0.676005
v 0.488632 0.000650 0.676005
v 0.533053 0.000639 0.676005
v 0.310956 0.003823 0.676005
v 0.177694 0.003858 0.676005
v 0.222112 0.003065 0.676005
v 0.133287 0.009339 0.676005
v 0.133281 0.006995 0.676005
v 0.177702 0.006983 0.676005
v -0.177686 -0.000734 0.676005
v -0.044429 -0.003114 0.676005
v -0.044427 -0.002332 0.676005
v -0.222113 -0.003066 0.676005
v -0.222119 -0.005410 0.676005
v -0.177698 -0.005422 0.676005
v -0.533054 -0.000640 0.676005
v -0.399797 -0.003019 0.676005
v -0.399795 -0.002238 0.676005
v 0.488606 -0.009505 0.676005
v 0.488600 -0.011849 0.676005
v 0.533021 -0.011861 0.676005
v 0.310924 -0.008677 0.676005
v 0.177661 -0.008641 0.676005
v 0.222080 -0.009434 0.676005
v 0.133254 -0.003161 0.676005
v 0.133248 -0.005505 0.676005
v 0.177669 -0.005516 0.676005
v 0.533049 -0.000924 0.676005
v 0.666306 -0.003303 0.676005
v 0.666308 -0.002522 0.676005
v 0.488622 -0.003256 0.676005
v 0.488616 -0.005599 0.676005
v 0.533037 -0.005611 0.676005
v 0.177681 -0.000829 0.676005
v 0.310938 -0.003208 0.676005
v 0.310940 -0.002427 0.676005
v -0.710673 0.024407 -0.211245
v -0.710679 0.022064 -0.211245
v -0.710677 0.022845 -0.168995
v -0.710679 0.022064 -0.380245
v -0.710685 0.019720 -0.506995
v -0.710685 0.019720 -0.464745
v -0.710673 0.024408 -0.549245
v -0.710679 0.022064 -0.549245
v -0.710677 0.022845 -0.506995
v -0.710695 0.015814 -0.042245
v -0.710701 0.013470 -0.168995
v -0.710701 0.013470 -0.126745
v -0.710693 0.016595 -0.168995
v -0.710693 0.016595 -0.295745
v -0.710695 0.015814 -0.295745
v -0.710679 0.022064 -0.042245
v -0.710685 0.019720 -0.168995
v -0.710685 0.019720 -0.126745
v -0.710673 0.024407 0.464755
v -0.710679 0.022063 0.464755
v -0.710677 0.022844 0.507005
v -0.710679 0.022063 0.295755
v -0.710685 0.019720 0.169005
v -0.710685 0.019720 0.211255
v -0.710673 0.024407 0.126755
v -0.710679 0.022063 0.126755
v -0.710677 0.022845 0.169005
v -0.710714 0.008782 -0.168996
v -0.710714 0.008782 -0.042246
v -0.710712 0.009564 -0.042246
v -0.710722 0.005658 -0.211246
v -0.710728 0.003314 -0.211246
v -0.710726 0.004095 -0.168996
v -0.710730 0.002533 -0.506996
v -0.710730 0.002533 -0.380246
v -0.710728 0.003314 -0.380246
v -0.710706 0.011907 0.464755
v -0.710712 0.009564 0.464755
v -0.710710 0.010345 0.507005
v -0.710712 0.009564 0.295755
v -0.710718 0.007220 0.169005
v -0.710718 0.007220 0.211255
v -0.710706 0.011907 0.126755
v -0.710712 0.009564 0.126755
v -0.710710 0.010345 0.169005
v -0.710681 0.021282 0.507005
v -0.710681 0.021282 0.633755
v -0.710679 0.022063 0.633755
v -0.710689 0.018157 0.464755
v -0.710695 0.015813 0.464755
v -0.710693 0.016595 0.507005
v -0.710697 0.015032 0.169005
v -0.710697 0.015032 0.295755
v -0.710695 0.015813 0.295755
v 0.666317 0.000604 -0.211246
v 0.533060 0.002983 -0.211245
v 0.577479 0.002190 -0.168995
v 0.533060 0.002983 -0.380246
v 0.399803 0.005362 -0.506996
v 0.399803 0.005362 -0.464746
v 0.666317 0.000604 -0.549246
v 0.533060 0.002983 -0.549246
v 0.577479 0.002190 -0.506996
v 0.177708 0.009327 -0.042245
v 0.044451 0.011707 -0.168995
v 0.044451 0.011707 -0.126745
v 0.222127 0.008534 -0.168995
v 0.222127 0.008534 -0.295745
v 0.177708 0.009327 -0.295745
v 0.533060 0.002983 -0.042245
v 0.399803 0.005362 -0.168995
v 0.399803 0.005362 -0.126745
v 0.666316 0.000603 0.464755
v 0.533059 0.002982 0.464755
v 0.577478 0.002189 0.507005
v 0.533059 0.002982 0.295755
v 0.399803 0.005362 0.169005
v 0.399803 0.005362 0.211255
v 0.666316 0.000603 0.126755
v 0.533059 0.002983 0.126755
v 0.577478 0.002190 0.169005
v -0.222063 0.016465 -0.168995
v -0.222063 0.016465 -0.042245
v -0.177644 0.015672 -0.042245
v -0.399738 0.019637 -0.211245
v -0.532995 0.022016 -0.211245
v -0.488576 0.021223 -0.168995
v -0.577414 0.022810 -0.506995
v -0.577414 0.022810 -0.380245
v -0.532995 0.022017 -0.380245
v -0.044387 0.013292 0.464755
v -0.177644 0.015671 0.464755
v -0.133225 0.014878 0.507005
v -0.177644 0.015672 0.295755
v -0.310901 0.018051 0.169005
v -0.310901 0.018051 0.211255
v -0.044387 0.013292 0.126755
v -0.177644 0.015672 0.126755
v -0.133225 0.014879 0.169005
v 0.488640 0.003775 0.507005
v 0.488640 0.003775 0.633755
v 0.533059 0.002982 0.633755
v 0.310965 0.006948 0.464755
v 0.177708 0.009327 0.464755
v 0.222127 0.008534 0.507005
v 0.133289 0.010120 0.169005
v 0.133289 0.010120 0.295755
v 0.177708 0.009327 0.295755
v 0.133289 0.010120 0.507005
v 0.133289 0.010120 0.633755
v 0.177708 0.009327 0.633755
v -0.399738 0.019637 0.126755
v -0.532995 0.022016 0.126755
v -0.488576 0.021223 0.169005
v -0.577414 0.022809 -0.168995
v -0.577414 0.022809 -0.042245
v -0.532995 0.022016 -0.042245
v 0.310965 0.006948 0.126755
v 0.177708 0.009327 0.126755
v 0.222127 0.008534 0.169005
v 0.177708 0.009328 -0.380245
v 0.044451 0.011707 -0.506995
v 0.044451 0.011707 -0.464745
v 0.310965 0.006948 -0.549246
v 0.177708 0.009328 -0.549245
v 0.222127 0.008535 -0.506995
v -0.710697 0.015032 0.507005
v -0.710697 0.015032 0.633755
v -0.710695 0.015813 0.633755
v -0.710722 0.005658 0.126755
v -0.710728 0.003314 0.126755
v -0.710726 0.004095 0.169005
v -0.710730 0.002533 -0.168996
v -0.710730 0.002533 -0.042246
v -0.710728 0.003314 -0.042246
v -0.710689 0.018157 0.126755
v -0.710695 0.015813 0.126755
v -0.710693 0.016595 0.169005
v -0.710695 0.015814 -0.380245
v -0.710701 0.013470 -0.506995
v -0.710701 0.013470 -0.464745
v -0.710689 0.018158 -0.549245
v -0.710695 0.015814 -0.549245
v -0.710693 0.016595 -0.506995
v 0.533033 -0.007174 0.676005
v 0.666290 -0.009553 0.676005
v 0.666292 -0.008772 0.676005
v 0.133238 -0.009411 0.676005
v 0.133232 -0.011754 0.676005
v 0.177653 -0.011766 0.676005
v -0.177702 -0.006984 0.676005
v -0.044445 -0.009363 0.676005
v -0.044443 -0.008582 0.676005
v 0.133271 0.003089 0.676005
v 0.133264 0.000745 0.676005
v 0.177685 0.000733 0.676005
v -0.399763 0.010262 0.676005
v -0.533026 0.010298 0.676005
v -0.488607 0.009504 0.676005
v -0.577433 0.015778 0.676005
v -0.577439 0.013434 0.676005
v -0.533018 0.013422 0.676005
v 0.710710 -0.010345 -0.506996
v 0.710710 -0.010345 -0.633746
v 0.710712 -0.009564 -0.633746
v 0.710685 -0.019720 -0.126746
v 0.710679 -0.022064 -0.126746
v 0.710681 -0.021283 -0.168996
v 0.710677 -0.022845 0.169005
v 0.710677 -0.022845 0.042255
v 0.710679 -0.022064 0.042255
v 0.710718 -0.007220 -0.126746
v 0.710712 -0.009564 -0.126746
v 0.710714 -0.008783 -0.168996
v 0.710711 -0.009564 0.380255
v 0.710705 -0.011908 0.507005
v 0.710705 -0.011908 0.464755
v 0.710717 -0.007221 0.549255
v 0.710711 -0.009565 0.549255
v 0.710713 -0.008783 0.507005
v -0.533022 0.011861 -0.675995
v -0.666278 0.014240 -0.675995
v -0.666276 0.015021 -0.675995
v -0.133275 -0.004652 -0.675996
v -0.133281 -0.006996 -0.675996
v -0.177698 -0.005421 -0.675996
v 0.177649 -0.013329 -0.675996
v 0.044393 -0.010949 -0.675996
v 0.044395 -0.010168 -0.675996
v -0.133243 0.007848 -0.675995
v -0.133249 0.005504 -0.675995
v -0.177666 0.007079 -0.675995
v 0.399779 -0.004013 -0.675996
v 0.533030 -0.008736 -0.675996
v 0.488611 -0.007942 -0.675996
v 0.577461 -0.004841 -0.675996
v 0.577455 -0.007185 -0.675996
v 0.533038 -0.005611 -0.675996
v 0.133224 -0.014879 -0.506996
v 0.133224 -0.014879 -0.633746
v 0.177643 -0.015672 -0.633746
v -0.399803 -0.005362 -0.126746
v -0.533060 -0.002983 -0.126746
v -0.488641 -0.003776 -0.168996
v -0.577479 -0.002190 0.169005
v -0.577479 -0.002190 0.042255
v -0.533060 -0.002983 0.042255
v 0.310900 -0.018051 -0.126746
v 0.177643 -0.015672 -0.126746
v 0.222062 -0.016465 -0.168996
v 0.177643 -0.015672 0.380255
v 0.044386 -0.013293 0.507005
v 0.044386 -0.013293 0.464755
v 0.310900 -0.018051 0.549255
v 0.177643 -0.015672 0.549255
v 0.222062 -0.016465 0.507005
v -0.399803 -0.005362 0.549255
v -0.533060 -0.002983 0.549255
v -0.488641 -0.003776 0.507005
v -0.577479 -0.002190 -0.506996
v -0.577479 -0.002190 -0.633746
v -0.533060 -0.002983 -0.633746
v 0.577428 -0.017341 -0.675996
v 0.577422 -0.019685 -0.675996
v 0.533005 -0.018111 -0.675996
v -0.533054 -0.000639 -0.675996
v -0.666311 0.001740 -0.675996
v -0.666309 0.002521 -0.675996
v 0.710685 -0.019720 0.549255
v 0.710679 -0.022064 0.549255
v 0.710681 -0.021283 0.507005
v 0.710677 -0.022845 -0.506996
v 0.710677 -0.022845 -0.633746
v 0.710679 -0.022064 -0.633746
v -0.577465 0.003278 0.676005
v -0.577471 0.000935 0.676005
v -0.533050 0.000923 0.676005
v 0.533001 -0.019673 0.676005
v 0.666258 -0.022052 0.676005
v 0.666260 -0.021271 0.676005
v -0.710722 0.005658 -0.549246
v -0.710728 0.003314 -0.549246
v -0.710726 0.004095 -0.506996
v -0.710730 0.002533 0.507005
v -0.710730 0.002533 0.633755
v -0.710728 0.003314 0.633755
v -0.399738 0.019637 -0.549245
v -0.532995 0.022017 -0.549245
v -0.488576 0.021224 -0.506995
v -0.577414 0.022809 0.507005
v -0.577414 0.022809 0.633755
v -0.532995 0.022016 0.633755
v -0.710671 0.025189 -0.549245
v 0.577478 0.002189 0.676005
v 0.577479 0.002190 -0.675996
v -0.710730 0.002533 0.676005
v -0.710736 0.000189 -0.549246
v 0.577414 -0.022810 0.676005
v 0.710671 -0.025189 -0.549246
v 0.577414 -0.022810 -0.675996
v 0.577478 0.002189 0.549255
v 0.577414 -0.022810 -0.549246
v -0.710730 0.002533 -0.549246
v 0.710736 -0.000189 -0.549246
v -0.710730 0.002533 -0.675996
v -0.577473 0.000154 0.676005
v 0.577420 -0.020466 -0.675996
v 0.710677 -0.022845 0.676005
v 0.710677 -0.022845 0.549255
v 0.710677 -0.022845 -0.675996
v -0.710671 0.025188 0.126755
v -0.133225 0.014878 0.676005
v -0.133224 0.014879 -0.675995
v -0.710697 0.015032 0.676005
v -0.710736 0.000189 0.126755
v -0.133289 -0.010121 0.676005
v 0.710671 -0.025189 0.126755
v -0.133289 -0.010121 -0.675996
v -0.133225 0.014879 -0.126745
v -0.133289 -0.010121 0.126755
v -0.710697 0.015032 0.126755
v 0.710735 -0.000190 0.126755
v -0.710697 0.015033 -0.675995
v 0.133262 -0.000036 0.676005
v -0.133251 0.004723 -0.675995
v 0.710709 -0.010346 0.676005
v 0.710710 -0.010345 -0.126746
v 0.710710 -0.010345 -0.675996
v 0.577414 -0.022810 0.126755
v -0.000032 -0.012500 0.126755
v 0.133224 -0.014879 0.000005
v -0.133289 -0.010121 0.000005
v -0.133289 -0.010121 -0.549246
v -0.000032 -0.012500 -0.549246
v 0.133283 0.007777 -0.675996
v 0.133257 -0.002379 -0.675996
v 0.000006 0.002344 -0.675995
v -0.000006 -0.002344 -0.675996
v -0.577453 0.007966 -0.675996
v -0.577447 0.010310 -0.675995
v 0.710729 -0.002533 0.126755
v 0.710703 -0.012689 0.126755
v 0.710709 -0.010345 0.000004
v 0.710697 -0.015033 0.000004
v 0.710697 -0.015033 -0.549246
v 0.710703 -0.012689 -0.549246
v -0.133231 0.012535 0.676005
v -0.133257 0.002379 0.676005
v 0.000006 0.002343 0.676005
v -0.000006 -0.002344 0.676005
v 0.577440 -0.012654 0.676005
v 0.577446 -0.010310 0.676005
v -0.710677 0.022845 -0.126745
v -0.710703 0.012689 -0.126745
v -0.710697 0.015032 0.000005
v -0.710710 0.010345 0.000005
v -0.710710 0.010345 0.549255
v -0.710703 0.012689 0.549255
v 0.577479 0.002190 -0.126745
v 0.000032 0.012500 -0.126745
v 0.133289 0.010120 0.000005
v -0.133225 0.014879 0.000005
v -0.133225 0.014878 0.549255
v 0.000032 0.012499 0.549255
v -0.710671 0.025189 -0.211245
v 0.222127 0.008534 0.676005
v 0.222127 0.008535 -0.675996
v -0.710714 0.008782 0.676005
v -0.710736 0.000189 -0.211246
v 0.222062 -0.016465 0.676005
v 0.710671 -0.025189 -0.211246
v 0.222062 -0.016465 -0.675996
v 0.222127 0.008534 0.211255
v 0.222062 -0.016465 -0.211246
v -0.710714 0.008782 -0.211246
v 0.710736 -0.000189 -0.211246
v -0.710714 0.008783 -0.675996
v -0.222105 0.000059 0.676005
v 0.222085 -0.007872 -0.675996
v 0.710693 -0.016596 0.676005
v 0.710693 -0.016595 0.211255
v 0.710693 -0.016595 -0.675996
v -0.710671 0.025188 0.464755
v -0.488576 0.021223 0.676005
v -0.488576 0.021224 -0.675995
v -0.710681 0.021282 0.676005
v -0.710736 0.000189 0.464755
v -0.488641 -0.003776 0.676005
v 0.710671 -0.025189 0.464755
v -0.488641 -0.003776 -0.675996
v -0.488576 0.021224 -0.464745
v -0.488641 -0.003776 0.464755
v -0.710681 0.021282 0.464755
v 0.710735 -0.000190 0.464755
v -0.710681 0.021283 -0.675995
v 0.488630 -0.000131 0.676005
v -0.488586 0.017317 -0.675995
v 0.710725 -0.004096 0.676005
v 0.710726 -0.004095 -0.464746
v 0.710726 -0.004095 -0.675996
v 0.222062 -0.016465 0.464755
v -0.000032 -0.012500 0.464755
v 0.488576 -0.021224 0.000005
v -0.488641 -0.003776 0.000005
v -0.488641 -0.003776 -0.211246
v -0.000032 -0.012500 -0.211246
v 0.488619 -0.004817 -0.675996
v 0.488609 -0.008724 -0.675996
v 0.000022 0.008594 -0.675995
v -0.000022 -0.008594 -0.675996
v -0.222117 -0.004628 -0.675996
v -0.222095 0.003965 -0.675995
v 0.710713 -0.008783 0.464755
v 0.710703 -0.012689 0.464755
v 0.710725 -0.004096 0.000005
v 0.710681 -0.021283 0.000005
v 0.710681 -0.021283 -0.211246
v 0.710703 -0.012689 -0.211246
v -0.488599 0.012629 0.676005
v -0.488609 0.008723 0.676005
v 0.000022 0.008593 0.676005
v -0.000022 -0.008594 0.676005
v 0.222072 -0.012559 0.676005
v 0.222094 -0.003966 0.676005
v -0.710693 0.016595 -0.464745
v -0.710703 0.012689 -0.464745
v -0.710681 0.021282 0.000005
v -0.710726 0.004095 0.000005
v -0.710726 0.004095 0.211255
v -0.710703 0.012689 0.211255
v 0.222127 0.008535 -0.464745
v 0.000032 0.012500 -0.464745
v 0.488641 0.003776 0.000005
v -0.488576 0.021223 0.000005
v -0.488576 0.021223 0.211255
v 0.000032 0.012499 0.211255
v 0.222127 0.008534 0.338005
v 0.222127 0.008534 0.549255
v 0.355384 0.006155 0.549255
v -0.133225 0.014879 0.211255
v -0.355319 0.018844 0.211255
v -0.222063 0.016465 0.338005
v -0.488576 0.021223 -0.337995
v -0.488576 0.021223 -0.126745
v -0.355319 0.018844 -0.126745
v 0.577478 0.002189 0.211255
v 0.355384 0.006155 0.211255
v 0.488640 0.003776 0.338005
v 0.355384 0.006155 -0.126745
v 0.133289 0.010121 -0.337995
v 0.133289 0.010120 -0.211245
v 0.577479 0.002190 -0.464746
v 0.355384 0.006155 -0.464746
v 0.488641 0.003776 -0.337996
v -0.710693 0.016595 0.338005
v -0.710693 0.016595 0.549255
v -0.710687 0.018938 0.549255
v -0.710710 0.010345 0.211255
v -0.710720 0.006439 0.211255
v -0.710714 0.008782 0.338005
v -0.710726 0.004095 -0.337996
v -0.710726 0.004095 -0.126746
v -0.710720 0.006439 -0.126746
v -0.710677 0.022845 0.211255
v -0.710687 0.018938 0.211255
v -0.710681 0.021282 0.338005
v -0.710687 0.018939 -0.126745
v -0.710697 0.015033 -0.337995
v -0.710697 0.015032 -0.211245
v -0.710677 0.022845 -0.464745
v -0.710687 0.018939 -0.464745
v -0.710681 0.021283 -0.337995
v 0.355361 -0.002439 0.676005
v 0.577456 -0.006404 0.676005
v 0.577462 -0.004061 0.676005
v 0.222088 -0.006309 0.676005
v 0.222078 -0.010216 0.676005
v 0.355341 -0.010251 0.676005
v -0.355374 -0.002249 0.676005
v -0.133279 -0.006215 0.676005
v -0.133273 -0.003871 0.676005
v 0.222121 0.006190 0.676005
v 0.222110 0.002284 0.676005
v 0.355373 0.002248 0.676005
v -0.133241 0.008628 0.676005
v -0.355346 0.008688 0.676005
v -0.222089 0.006308 0.676005
v -0.488582 0.018879 0.676005
v -0.488593 0.014973 0.676005
v -0.355330 0.014937 0.676005
v 0.710714 -0.008783 -0.337996
v 0.710714 -0.008783 -0.549246
v 0.710720 -0.006439 -0.549246
v 0.710697 -0.015033 -0.211246
v 0.710687 -0.018939 -0.211246
v 0.710693 -0.016595 -0.337996
v 0.710681 -0.021283 0.338005
v 0.710681 -0.021283 0.126755
v 0.710687 -0.018939 0.126755
v 0.710730 -0.002533 -0.211246
v 0.710720 -0.006439 -0.211246
v 0.710726 -0.004095 -0.337996
v 0.710719 -0.006439 0.126755
v 0.710709 -0.010346 0.338005
v 0.710709 -0.010346 0.211255
v 0.710729 -0.002534 0.464755
v 0.710719 -0.006440 0.464755
v 0.710725 -0.004096 0.338005
v -0.355342 0.010251 -0.675995
v -0.577436 0.014216 -0.675995
v -0.577430 0.016560 -0.675995
v -0.222101 0.001622 -0.675996
v -0.222111 -0.002285 -0.675996
v -0.355362 0.002438 -0.675996
v 0.355329 -0.014938 -0.675996
v 0.133235 -0.010973 -0.675996
v 0.133241 -0.008629 -0.675996
v -0.222068 0.014122 -0.675995
v -0.222079 0.010215 -0.675995
v -0.355329 0.014938 -0.675995
v 0.133273 0.003871 -0.675996
v 0.355358 -0.004001 -0.675996
v 0.222101 -0.001622 -0.675996
v 0.488635 0.001433 -0.675996
v 0.488625 -0.002474 -0.675996
v 0.355374 0.002249 -0.675996
v 0.222062 -0.016465 -0.337996
v 0.222062 -0.016465 -0.549246
v 0.355319 -0.018845 -0.549246
v -0.133289 -0.010121 -0.211246
v -0.355384 -0.006155 -0.211246
v -0.222127 -0.008535 -0.337996
v -0.488641 -0.003776 0.338005
v -0.488641 -0.003776 0.126755
v -0.355384 -0.006155 0.126755
v 0.577414 -0.022810 -0.211246
v 0.355319 -0.018845 -0.211246
v 0.488576 -0.021224 -0.337996
v 0.355319 -0.018845 0.126755
v 0.133224 -0.014879 0.338005
v 0.133224 -0.014879 0.211255
v 0.577414 -0.022810 0.464755
v 0.355319 -0.018845 0.464755
v 0.488576 -0.021224 0.338005
v -0.133289 -0.010121 0.464755
v -0.355384 -0.006155 0.464755
v -0.222127 -0.008535 0.338005
v -0.488641 -0.003776 -0.337996
v -0.488641 -0.003776 -0.549246
v -0.355384 -0.006155 -0.549246
v 0.488603 -0.011067 -0.675996
v 0.488592 -0.014974 -0.675996
v 0.355342 -0.010251 -0.675996
v -0.355374 -0.002249 -0.675996
v -0.577469 0.001716 -0.675996
v -0.577463 0.004060 -0.675996
v 0.710697 -0.015033 0.464755
v 0.710687 -0.018939 0.464755
v 0.710693 -0.016595 0.338005
v 0.710681 -0.021283 -0.337996
v 0.710681 -0.021283 -0.549246
v 0.710687 -0.018939 -0.549246
v -0.488615 0.006380 0.676005
v -0.488625 0.002473 0.676005
v -0.355362 0.002438 0.676005
v 0.355329 -0.014938 0.676005
v 0.577424 -0.018904 0.676005
v 0.577430 -0.016560 0.676005
v -0.710710 0.010345 -0.464746
v -0.710720 0.006439 -0.464746
v -0.710714 0.008783 -0.337996
v -0.710726 0.004095 0.338005
v -0.710726 0.004095 0.549255
v -0.710720 0.006439 0.549255
v -0.133225 0.014879 -0.464745
v -0.355319 0.018844 -0.464745
v -0.222063 0.016465 -0.337995
v -0.488576 0.021223 0.338005
v -0.488576 0.021223 0.549255
v -0.355319 0.018844 0.549255
v -0.710671 0.025189 -0.380245
v 0.399802 0.005361 0.676005
v 0.399803 0.005362 -0.675996
v -0.710722 0.005658 0.676005
v -0.710736 0.000189 -0.380246
v 0.399738 -0.019638 0.676005
v 0.710671 -0.025189 -0.380246
v 0.399738 -0.019638 -0.675996
v 0.399802 0.005362 0.380255
v 0.399738 -0.019638 -0.380246
v -0.710722 0.005658 -0.380246
v 0.710736 -0.000189 -0.380246
v -0.710722 0.005658 -0.675996
v -0.399789 0.000106 0.676005
v 0.399752 -0.014169 -0.675996
v 0.710685 -0.019721 0.676005
v 0.710685 -0.019720 0.380255
v 0.710685 -0.019720 -0.675996
v -0.710671 0.025188 0.295755
v -0.310901 0.018050 0.676005
v -0.310900 0.018051 -0.675995
v -0.710689 0.018157 0.676005
v -0.710736 0.000189 0.295755
v -0.310965 -0.006949 0.676005
v 0.710671 -0.025189 0.295755
v -0.310965 -0.006949 -0.675996
v -0.310901 0.018051 -0.295745
v -0.310965 -0.006949 0.295755
v -0.710689 0.018157 0.295755
v 0.710735 -0.000190 0.295755
v -0.710689 0.018158 -0.675995
v 0.310946 -0.000083 0.676005
v -0.310919 0.011020 -0.675995
v 0.710717 -0.007221 0.676005
v 0.710718 -0.007220 -0.295746
v 0.710718 -0.007220 -0.675996
v 0.399738 -0.019638 0.295755
v -0.000032 -0.012500 0.295755
v 0.310900 -0.018051 0.000005
v -0.310965 -0.006949 0.000005
v -0.310965 -0.006949 -0.380246
v -0.000032 -0.012500 -0.380246
v 0.310951 0.001480 -0.675996
v 0.310933 -0.005551 -0.675996
v 0.000014 0.005469 -0.675995
v -0.000014 -0.005469 -0.675996
v -0.399785 0.001669 -0.675996
v -0.399771 0.007138 -0.675995
v 0.710721 -0.005658 0.295755
v 0.710703 -0.012689 0.295755
v 0.710717 -0.007221 0.000004
v 0.710689 -0.018158 0.000004
v 0.710689 -0.018158 -0.380246
v 0.710703 -0.012689 -0.380246
v -0.310915 0.012582 0.676005
v -0.310933 0.005551 0.676005
v 0.000014 0.005468 0.676005
v -0.000014 -0.005469 0.676005
v 0.399756 -0.012607 0.676005
v 0.399770 -0.007138 0.676005
v -0.710685 0.019720 -0.295745
v -0.710703 0.012689 -0.295745
v -0.710689 0.018157 0.000005
v -0.710718 0.007220 0.000005
v -0.710718 0.007220 0.380255
v -0.710703 0.012689 0.380255
v 0.399803 0.005362 -0.295745
v 0.000032 0.012500 -0.295745
v 0.310965 0.006948 0.000005
v -0.310901 0.018051 0.000005
v -0.310901 0.018051 0.380255
v 0.000032 0.012499 0.380255
v -0.710671 0.025189 -0.042245
v 0.044451 0.011706 0.676005
v 0.044451 0.011707 -0.675995
v -0.710706 0.011907 0.676005
v -0.710736 0.000189 -0.042246
v 0.044386 -0.013293 0.676005
v 0.710671 -0.025189 -0.042246
v 0.044386 -0.013293 -0.675996
v 0.044451 0.011706 0.042255
v 0.044386 -0.013293 -0.042246
v -0.710706 0.011907 -0.042246
v 0.710736 -0.000190 -0.042246
v -0.710706 0.011908 -0.675995
v -0.044421 0.000011 0.676005
v 0.044417 -0.001574 -0.675995
v 0.710701 -0.013471 0.676005
v 0.710701 -0.013470 0.042255
v 0.710701 -0.013470 -0.675996
v -0.710671 0.025188 0.633755
v -0.666252 0.024395 0.676005
v -0.666252 0.024396 -0.675995
v -0.710673 0.024407 0.676005
v -0.710736 0.000189 0.633755
v -0.666317 -0.000604 0.676005
v 0.710671 -0.025189 0.633755
v -0.666317 -0.000604 -0.675996
v -0.666252 0.024396 -0.633745
v -0.666317 -0.000604 0.633755
v -0.710673 0.024407 0.633755
v 0.710735 -0.000190 0.633755
v -0.710673 0.024408 -0.675995
v 0.666314 -0.000178 0.676005
v -0.666254 0.023615 -0.675995
v 0.710733 -0.000971 0.676005
v 0.710734 -0.000970 -0.633746
v 0.710734 -0.000970 -0.675996
v 0.044386 -0.013293 0.633755
v -0.000032 -0.012500 0.633755
v 0.666252 -0.024396 0.000005
v -0.666317 -0.000604 0.000005
v -0.666317 -0.000604 -0.042246
v -0.000032 -0.012500 -0.042246
v 0.666287 -0.011115 -0.675996
v 0.666285 -0.011896 -0.675996
v 0.000030 0.011719 -0.675995
v -0.000030 -0.011719 -0.675996
v -0.044449 -0.010926 -0.675996
v -0.044419 0.000793 -0.675995
v 0.710705 -0.011908 0.633755
v 0.710703 -0.012690 0.633755
v 0.710734 -0.000971 0.000005
v 0.710673 -0.024408 0.000005
v 0.710673 -0.024408 -0.042246
v 0.710703 -0.012689 -0.042246
v -0.666283 0.012677 0.676005
v -0.666285 0.011895 0.676005
v 0.000030 0.011718 0.676005
v -0.000030 -0.011719 0.676005
v 0.044388 -0.012512 0.676005
v 0.044418 -0.000794 0.676005
v -0.710701 0.013470 -0.633745
v -0.710703 0.012689 -0.633745
v -0.710673 0.024407 0.000005
v -0.710734 0.000970 0.000005
v -0.710734 0.000970 0.042255
v -0.710703 0.012689 0.042255
v 0.044451 0.011707 -0.633745
v 0.000032 0.012500 -0.633745
v 0.666317 0.000604 0.000005
v -0.666252 0.024395 0.000005
v -0.666252 0.024395 0.042255
v 0.000032 0.012499 0.042255
v 0.044451 0.011706 0.338005
v 0.044451 0.011706 0.380255
v 0.355384 0.006155 0.380255
v -0.310901 0.018051 0.042255
v -0.355319 0.018844 0.042255
v -0.044387 0.013292 0.338005
v -0.666252 0.024396 -0.337995
v -0.666252 0.024396 -0.295745
v -0.355319 0.018844 -0.295745
v 0.399803 0.005362 0.042255
v 0.355384 0.006155 0.042255
v 0.666316 0.000603 0.338005
v 0.355384 0.006155 -0.295745
v 0.310965 0.006948 -0.337995
v 0.310965 0.006948 -0.042245
v 0.399803 0.005362 -0.633746
v 0.355384 0.006155 -0.633746
v 0.666317 0.000604 -0.337996
v -0.710701 0.013470 0.338005
v -0.710701 0.013470 0.380255
v -0.710687 0.018938 0.380255
v -0.710718 0.007220 0.042255
v -0.710720 0.006439 0.042255
v -0.710706 0.011907 0.338005
v -0.710734 0.000970 -0.337996
v -0.710734 0.000970 -0.295746
v -0.710720 0.006439 -0.295746
v -0.710685 0.019720 0.042255
v -0.710687 0.018939 0.042255
v -0.710673 0.024407 0.338005
v -0.710687 0.018939 -0.295745
v -0.710689 0.018158 -0.337995
v -0.710689 0.018157 -0.042245
v -0.710685 0.019720 -0.633745
v -0.710687 0.018939 -0.633745
v -0.710673 0.024408 -0.337995
v 0.355353 -0.005564 0.676005
v 0.399772 -0.006357 0.676005
v 0.399786 -0.000888 0.676005
v 0.044404 -0.006262 0.676005
v 0.044402 -0.007043 0.676005
v 0.355349 -0.007126 0.676005
v -0.355382 -0.005374 0.676005
v -0.310963 -0.006167 0.676005
v -0.310949 -0.000699 0.676005
v 0.044437 0.006237 0.676005
v 0.044435 0.005456 0.676005
v 0.355381 0.005373 0.676005
v -0.310917 0.011801 0.676005
v -0.355338 0.011813 0.676005
v -0.044405 0.006261 0.676005
v -0.666266 0.018926 0.676005
v -0.666268 0.018145 0.676005
v -0.355322 0.018062 0.676005
v 0.710706 -0.011908 -0.337996
v 0.710706 -0.011908 -0.380246
v 0.710720 -0.006439 -0.380246
v 0.710689 -0.018158 -0.042246
v 0.710687 -0.018939 -0.042246
v 0.710701 -0.013470 -0.337996
v 0.710673 -0.024408 0.338005
v 0.710673 -0.024408 0.295755
v 0.710687 -0.018939 0.295755
v 0.710721 -0.005658 -0.042246
v 0.710719 -0.006439 -0.042246
v 0.710734 -0.000971 -0.337996
v 0.710719 -0.006440 0.295755
v 0.710717 -0.007221 0.338005
v 0.710717 -0.007221 0.042255
v 0.710721 -0.005659 0.633755
v 0.710719 -0.006440 0.633755
v 0.710733 -0.000971 0.338005
v -0.355350 0.007126 -0.675995
v -0.399769 0.007919 -0.675995
v -0.399754 0.013388 -0.675995
v -0.044433 -0.004676 -0.675996
v -0.044435 -0.005457 -0.675996
v -0.355354 0.005563 -0.675995
v 0.355321 -0.018063 -0.675996
v 0.310902 -0.017270 -0.675996
v 0.310917 -0.011801 -0.675996
v -0.044401 0.007824 -0.675995
v -0.044403 0.007043 -0.675995
v -0.355321 0.018063 -0.675995
v 0.310949 0.000699 -0.675996
v 0.355366 -0.000876 -0.675996
v 0.044433 0.004676 -0.675995
v 0.666303 -0.004865 -0.675996
v 0.666301 -0.005646 -0.675996
v 0.355382 0.005374 -0.675996
v 0.044386 -0.013293 -0.337996
v 0.044386 -0.013293 -0.380246
v 0.355319 -0.018845 -0.380246
v -0.310965 -0.006949 -0.042246
v -0.355384 -0.006155 -0.042246
v -0.044451 -0.011707 -0.337996
v -0.666317 -0.000604 0.338005
v -0.666317 -0.000604 0.295755
v -0.355384 -0.006155 0.295755
v 0.399738 -0.019638 -0.042246
v 0.355319 -0.018845 -0.042246
v 0.666252 -0.024396 -0.337996
v 0.355319 -0.018845 0.295755
v 0.310900 -0.018051 0.338005
v 0.310900 -0.018051 0.042255
v 0.399738 -0.019638 0.633755
v 0.355319 -0.018845 0.633755
v 0.666252 -0.024396 0.338005
v -0.310965 -0.006949 0.633755
v -0.355384 -0.006155 0.633755
v -0.044451 -0.011707 0.338005
v -0.666317 -0.000604 -0.337996
v -0.666317 -0.000604 -0.380246
v -0.355384 -0.006155 -0.380246
v 0.666270 -0.017365 -0.675996
v 0.666268 -0.018146 -0.675996
v 0.355350 -0.007126 -0.675996
v -0.355382 -0.005374 -0.675996
v -0.399801 -0.004581 -0.675996
v -0.399787 0.000888 -0.675996
v 0.710689 -0.018158 0.633755
v 0.710687 -0.018939 0.633755
v 0.710701 -0.013471 0.338005
v 0.710673 -0.024408 -0.337996
v 0.710673 -0.024408 -0.380246
v 0.710687 -0.018939 -0.380246
v -0.666299 0.006427 0.676005
v -0.666301 0.005646 0.676005
v -0.355354 0.005563 0.676005
v 0.355321 -0.018063 0.676005
v 0.399740 -0.018856 0.676005
v 0.399754 -0.013388 0.676005
v -0.710718 0.007220 -0.633746
v -0.710720 0.006439 -0.633746
v -0.710706 0.011908 -0.337995
v -0.710734 0.000970 0.338005
v -0.710734 0.000970 0.380255
v -0.710720 0.006439 0.380255
v -0.310900 0.018051 -0.633745
v -0.355319 0.018844 -0.633745
v -0.044387 0.013293 -0.337995
v -0.666252 0.024395 0.338005
v -0.666252 0.024395 0.380255
v -0.355319 0.018844 0.380255
v -0.310901 0.018051 0.507005
v -0.310901 0.018051 0.549255
v -0.177644 0.015671 0.549255
v -0.488576 0.021223 0.380255
v -0.532995 0.022016 0.380255
v -0.399738 0.019637 0.507005
v -0.666252 0.024395 0.169005
v -0.666252 0.024395 0.211255
v -0.532995 0.022016 0.211255
v -0.133225 0.014879 -0.295745
v -0.177644 0.015672 -0.295745
v -0.044387 0.013293 -0.168995
v -0.177644 0.015672 -0.464745
v -0.222062 0.016465 -0.506995
v -0.222063 0.016465 -0.380245
v -0.133224 0.014879 -0.633745
v -0.177643 0.015672 -0.633745
v -0.044387 0.013293 -0.506995
v -0.710718 0.007220 0.507005
v -0.710718 0.007220 0.549255
v -0.710712 0.009564 0.549255
v -0.710726 0.004095 0.380255
v -0.710728 0.003314 0.380255
v -0.710722 0.005658 0.507005
v -0.710734 0.000970 0.169005
v -0.710734 0.000970 0.211255
v -0.710728 0.003314 0.211255
v -0.710710 0.010345 -0.295746
v -0.710712 0.009564 -0.295746
v -0.710706 0.011907 -0.168995
v -0.710712 0.009564 -0.464746
v -0.710714 0.008783 -0.506996
v -0.710714 0.008783 -0.380246
v -0.710710 0.010345 -0.633746
v -0.710712 0.009564 -0.633746
v -0.710706 0.011908 -0.506995
v 0.533013 -0.014986 0.676005
v 0.577432 -0.015779 0.676005
v 0.577438 -0.013435 0.676005
v 0.399748 -0.015731 0.676005
v 0.399746 -0.016513 0.676005
v 0.533009 -0.016548 0.676005
v 0.177645 -0.014891 0.676005
v 0.222064 -0.015684 0.676005
v 0.222070 -0.013340 0.676005
v -0.310939 0.003207 0.676005
v -0.310941 0.002426 0.676005
v -0.177678 0.002391 0.676005
v -0.488617 0.005598 0.676005
v -0.533038 0.005610 0.676005
v -0.399781 0.003231 0.676005
v -0.666291 0.009552 0.676005
v -0.666293 0.008771 0.676005
v -0.533030 0.008735 0.676005
v 0.710689 -0.018158 -0.506996
v 0.710689 -0.018158 -0.549246
v 0.710695 -0.015814 -0.549246
v 0.710681 -0.021283 -0.380246
v 0.710679 -0.022064 -0.380246
v 0.710685 -0.019720 -0.506996
v 0.710673 -0.024408 -0.168996
v 0.710673 -0.024408 -0.211246
v 0.710679 -0.022064 -0.211246
v 0.710697 -0.015033 0.295755
v 0.710695 -0.015814 0.295755
v 0.710701 -0.013470 0.169005
v 0.710695 -0.015814 0.464755
v 0.710693 -0.016596 0.507005
v 0.710693 -0.016595 0.380255
v 0.710697 -0.015033 0.633755
v 0.710695 -0.015814 0.633755
v 0.710701 -0.013471 0.507005
v -0.533042 0.004048 -0.675996
v -0.577461 0.004841 -0.675996
v -0.577455 0.007185 -0.675996
v -0.399793 -0.001456 -0.675996
v -0.399795 -0.002237 -0.675996
v -0.533046 0.002486 -0.675996
v -0.177706 -0.008546 -0.675996
v -0.222125 -0.007753 -0.675996
v -0.222119 -0.005410 -0.675996
v 0.310927 -0.007895 -0.675996
v 0.310925 -0.008676 -0.675996
v 0.177674 -0.003954 -0.675996
v 0.488601 -0.011849 -0.675996
v 0.533018 -0.013423 -0.675996
v 0.399761 -0.011044 -0.675996
v 0.666278 -0.014240 -0.675996
v 0.666276 -0.015021 -0.675996
v 0.533026 -0.010298 -0.675996
v -0.310965 -0.006949 -0.506996
v -0.310965 -0.006949 -0.549246
v -0.177708 -0.009328 -0.549246
v -0.488641 -0.003776 -0.380246
v -0.533060 -0.002983 -0.380246
v -0.399803 -0.005362 -0.506996
v -0.666317 -0.000604 -0.168996
v -0.666317 -0.000604 -0.211246
v -0.533060 -0.002983 -0.211246
v -0.133289 -0.010121 0.295755
v -0.177708 -0.009328 0.295755
v -0.044451 -0.011707 0.169005
v -0.177708 -0.009328 0.464755
v -0.222127 -0.008535 0.507005
v -0.222127 -0.008535 0.380255
v -0.133289 -0.010121 0.633755
v -0.177708 -0.009328 0.633755
v -0.044451 -0.011707 0.507005
v 0.577414 -0.022810 0.295755
v 0.532995 -0.022017 0.295755
v 0.666252 -0.024396 0.169005
v 0.532995 -0.022017 0.464755
v 0.488576 -0.021224 0.507005
v 0.488576 -0.021224 0.380255
v 0.577414 -0.022810 0.633755
v 0.532995 -0.022017 0.633755
v 0.666252 -0.024396 0.507005
v 0.177643 -0.015672 0.126755
v 0.133224 -0.014879 0.169005
v 0.133224 -0.014879 0.042255
v 0.310900 -0.018051 0.169005
v 0.310900 -0.018051 0.211255
v 0.177643 -0.015672 0.211255
v 0.532995 -0.022017 0.126755
v 0.488576 -0.021224 0.169005
v 0.488576 -0.021224 0.042255
v 0.577414 -0.022810 -0.380246
v 0.532995 -0.022017 -0.380246
v 0.666252 -0.024396 -0.506996
v 0.532995 -0.022017 -0.211246
v 0.488576 -0.021224 -0.168996
v 0.488576 -0.021224 -0.295746
v 0.577414 -0.022810 -0.042246
v 0.532995 -0.022017 -0.042246
v 0.666252 -0.024396 -0.168996
v -0.310965 -0.006949 0.169005
v -0.310965 -0.006949 0.126755
v -0.177708 -0.009328 0.126755
v -0.488641 -0.003776 0.295755
v -0.533060 -0.002983 0.295755
v -0.399803 -0.005362 0.169005
v -0.666317 -0.000604 0.507005
v -0.666317 -0.000604 0.464755
v -0.533060 -0.002983 0.464755
v -0.133289 -0.010121 -0.380246
v -0.177708 -0.009328 -0.380246
v -0.044451 -0.011707 -0.506996
v -0.177708 -0.009328 -0.211246
v -0.222127 -0.008535 -0.168996
v -0.222127 -0.008535 -0.295746
v -0.133289 -0.010121 -0.042246
v -0.177708 -0.009328 -0.042246
v -0.044451 -0.011707 -0.168996
v 0.399738 -0.019638 -0.506996
v 0.399738 -0.019638 -0.549246
v 0.532995 -0.022017 -0.549246
v 0.222062 -0.016465 -0.380246
v 0.177643 -0.015672 -0.380246
v 0.310900 -0.018051 -0.506996
v 0.044386 -0.013293 -0.168996
v 0.044386 -0.013293 -0.211246
v 0.177643 -0.015672 -0.211246
v 0.310959 0.004605 -0.675996
v 0.310957 0.003824 -0.675996
v 0.177706 0.008546 -0.675996
v 0.488633 0.000651 -0.675996
v 0.533050 -0.000923 -0.675996
v 0.399793 0.001456 -0.675996
v 0.666311 -0.001740 -0.675996
v 0.666309 -0.002521 -0.675996
v 0.533058 0.002202 -0.675996
v 0.133265 0.000746 -0.675996
v 0.177682 -0.000829 -0.675996
v 0.044425 0.001551 -0.675995
v 0.177690 0.002296 -0.675996
v 0.222109 0.001503 -0.675996
v 0.222103 -0.000840 -0.675996
v 0.133281 0.006996 -0.675996
v 0.177698 0.005421 -0.675996
v 0.044441 0.007801 -0.675995
v -0.399744 0.017294 -0.675995
v -0.399746 0.016513 -0.675995
v -0.532997 0.021236 -0.675995
v -0.222070 0.013340 -0.675995
v -0.177654 0.011766 -0.675995
v -0.310910 0.014145 -0.675995
v -0.044393 0.010949 -0.675995
v -0.044395 0.010168 -0.675995
v -0.177645 0.014891 -0.675995
v 0.177662 -0.008641 -0.675996
v 0.133243 -0.007848 -0.675996
v 0.133249 -0.005504 -0.675996
v 0.310910 -0.014145 -0.675996
v 0.310908 -0.014926 -0.675996
v 0.177658 -0.010204 -0.675996
v 0.532997 -0.021236 -0.675996
v 0.488578 -0.020442 -0.675996
v 0.488584 -0.018099 -0.675996
v -0.399777 0.004794 -0.675996
v -0.399779 0.004013 -0.675996
v -0.533030 0.008736 -0.675995
v -0.222103 0.000840 -0.675996
v -0.177686 -0.000734 -0.675996
v -0.310943 0.001645 -0.675996
v -0.044425 -0.001551 -0.675996
v -0.044427 -0.002332 -0.675996
v -0.177678 0.002391 -0.675995
v -0.533009 0.016548 -0.675995
v -0.577428 0.017341 -0.675995
v -0.577422 0.019685 -0.675995
v -0.399761 0.011044 -0.675995
v -0.399763 0.010263 -0.675995
v -0.533013 0.014986 -0.675995
v -0.177674 0.003954 -0.675995
v -0.222093 0.004747 -0.675995
v -0.222087 0.007090 -0.675995
v 0.710729 -0.002533 0.295755
v 0.710727 -0.003315 0.295755
v 0.710733 -0.000971 0.169005
v 0.710727 -0.003315 0.464755
v 0.710725 -0.004096 0.507005
v 0.710725 -0.004096 0.380255
v 0.710729 -0.002534 0.633755
v 0.710727 -0.003315 0.633755
v 0.710733 -0.000971 0.507005
v 0.710711 -0.009564 0.126755
v 0.710709 -0.010346 0.169005
v 0.710709 -0.010345 0.042255
v 0.710717 -0.007221 0.169005
v 0.710717 -0.007221 0.211255
v 0.710711 -0.009564 0.211255
v 0.710727 -0.003315 0.126755
v 0.710725 -0.004096 0.169005
v 0.710725 -0.004096 0.042255
v 0.710730 -0.002533 -0.380246
v 0.710728 -0.003314 -0.380246
v 0.710734 -0.000970 -0.506996
v 0.710728 -0.003314 -0.211246
v 0.710726 -0.004096 -0.168996
v 0.710726 -0.004095 -0.295746
v 0.710729 -0.002533 -0.042246
v 0.710727 -0.003314 -0.042246
v 0.710734 -0.000971 -0.168996
v 0.710689 -0.018158 0.169005
v 0.710689 -0.018158 0.126755
v 0.710695 -0.015814 0.126755
v 0.710681 -0.021283 0.295755
v 0.710679 -0.022064 0.295755
v 0.710685 -0.019720 0.169005
v 0.710673 -0.024408 0.507005
v 0.710673 -0.024408 0.464755
v 0.710679 -0.022064 0.464755
v 0.710697 -0.015033 -0.380246
v 0.710695 -0.015814 -0.380246
v 0.710701 -0.013470 -0.506996
v 0.710695 -0.015814 -0.211246
v 0.710693 -0.016595 -0.168996
v 0.710693 -0.016595 -0.295746
v 0.710697 -0.015033 -0.042246
v 0.710695 -0.015814 -0.042246
v 0.710701 -0.013470 -0.168996
v 0.710722 -0.005658 -0.506996
v 0.710722 -0.005658 -0.549246
v 0.710728 -0.003314 -0.549246
v 0.710714 -0.008783 -0.380246
v 0.710712 -0.009564 -0.380246
v 0.710718 -0.007220 -0.506996
v 0.710706 -0.011908 -0.168996
v 0.710706 -0.011908 -0.211246
v 0.710712 -0.009564 -0.211246
v -0.310907 0.015707 0.676005
v -0.310909 0.014926 0.676005
v -0.177646 0.014890 0.676005
v -0.488584 0.018098 0.676005
v -0.533005 0.018110 0.676005
v -0.399749 0.015731 0.676005
v -0.666258 0.022051 0.676005
v -0.666260 0.021270 0.676005
v -0.532997 0.021235 0.676005
v -0.133249 0.005504 0.676005
v -0.177670 0.005515 0.676005
v -0.044413 0.003136 0.676005
v -0.177662 0.008640 0.676005
v -0.222081 0.009433 0.676005
v -0.222087 0.007090 0.676005
v -0.133233 0.011753 0.676005
v -0.177654 0.011765 0.676005
v -0.044397 0.009386 0.676005
v 0.399796 0.003018 0.676005
v 0.399794 0.002237 0.676005
v 0.533057 0.002201 0.676005
v 0.222119 0.005409 0.676005
v 0.177698 0.005421 0.676005
v 0.310954 0.003041 0.676005
v 0.044445 0.009362 0.676005
v 0.044443 0.008581 0.676005
v 0.177706 0.008546 0.676005
v -0.177690 -0.002297 0.676005
v -0.133271 -0.003090 0.676005
v -0.133265 -0.000746 0.676005
v -0.310955 -0.003042 0.676005
v -0.310957 -0.003824 0.676005
v -0.177694 -0.003859 0.676005
v -0.533058 -0.002202 0.676005
v -0.488639 -0.002995 0.676005
v -0.488633 -0.000651 0.676005
v 0.399764 -0.009482 0.676005
v 0.399762 -0.010263 0.676005
v 0.533025 -0.010299 0.676005
v 0.222086 -0.007091 0.676005
v 0.177665 -0.007079 0.676005
v 0.310922 -0.009458 0.676005
v 0.044412 -0.003137 0.676005
v 0.044410 -0.003918 0.676005
v 0.177673 -0.003954 0.676005
v 0.533045 -0.002486 0.676005
v 0.577464 -0.003279 0.676005
v 0.577470 -0.000936 0.676005
v 0.399780 -0.003232 0.676005
v 0.399778 -0.004013 0.676005
v 0.533041 -0.004049 0.676005
v 0.177677 -0.002392 0.676005
v 0.222096 -0.003185 0.676005
v 0.222102 -0.000841 0.676005
v -0.710677 0.022845 -0.295745
v -0.710679 0.022064 -0.295745
v -0.710673 0.024407 -0.168995
v -0.710679 0.022064 -0.464745
v -0.710681 0.021283 -0.506995
v -0.710681 0.021283 -0.380245
v -0.710677 0.022845 -0.633745
v -0.710679 0.022064 -0.633745
v -0.710673 0.024408 -0.506995
v -0.710695 0.015814 -0.126745
v -0.710697 0.015032 -0.168995
v -0.710697 0.015032 -0.042245
v -0.710689 0.018157 -0.168995
v -0.710689 0.018157 -0.211245
v -0.710695 0.015814 -0.211245
v -0.710679 0.022064 -0.126745
v -0.710681 0.021282 -0.168995
v -0.710681 0.021282 -0.042245
v -0.710677 0.022845 0.380255
v -0.710679 0.022063 0.380255
v -0.710673 0.024407 0.507005
v -0.710679 0.022063 0.211255
v -0.710681 0.021282 0.169005
v -0.710681 0.021282 0.295755
v -0.710677 0.022845 0.042255
v -0.710679 0.022064 0.042255
v -0.710673 0.024407 0.169005
v -0.710718 0.007220 -0.168996
v -0.710718 0.007220 -0.126746
v -0.710712 0.009564 -0.126746
v -0.710726 0.004095 -0.295746
v -0.710728 0.003314 -0.295746
v -0.710722 0.005658 -0.168996
v -0.710734 0.000970 -0.506996
v -0.710734 0.000970 -0.464746
v -0.710728 0.003314 -0.464746
v -0.710710 0.010345 0.380255
v -0.710712 0.009564 0.380255
v -0.710706 0.011907 0.507005
v -0.710712 0.009564 0.211255
v -0.710714 0.008782 0.169005
v -0.710714 0.008782 0.295755
v -0.710710 0.010345 0.042255
v -0.710712 0.009564 0.042255
v -0.710706 0.011907 0.169005
v -0.710685 0.019720 0.507005
v -0.710685 0.019720 0.549255
v -0.710679 0.022063 0.549255
v -0.710693 0.016595 0.380255
v -0.710695 0.015813 0.380255
v -0.710689 0.018157 0.507005
v -0.710701 0.013470 0.169005
v -0.710701 0.013470 0.211255
v -0.710695 0.015813 0.211255
v 0.577479 0.002190 -0.295746
v 0.533060 0.002983 -0.295746
v 0.666317 0.000604 -0.168996
v 0.533060 0.002983 -0.464746
v 0.488641 0.003776 -0.506996
v 0.488641 0.003776 -0.380246
v 0.577479 0.002190 -0.633746
v 0.533060 0.002983 -0.633746
v 0.666317 0.000604 -0.506996
v 0.177708 0.009327 -0.126745
v 0.133289 0.010120 -0.168995
v 0.133289 0.010120 -0.042245
v 0.310965 0.006948 -0.168995
v 0.310965 0.006948 -0.211245
v 0.177708 0.009327 -0.211245
v 0.533060 0.002983 -0.126745
v 0.488641 0.003776 -0.168995
v 0.488641 0.003776 -0.042245
v 0.577478 0.002189 0.380255
v 0.533059 0.002982 0.380255
v 0.666316 0.000603 0.507005
v 0.533059 0.002983 0.211255
v 0.488641 0.003776 0.169005
v 0.488640 0.003776 0.295755
v 0.577479 0.002190 0.042255
v 0.533060 0.002983 0.042255
v 0.666316 0.000603 0.169005
v -0.310901 0.018051 -0.168995
v -0.310901 0.018051 -0.126745
v -0.177644 0.015672 -0.126745
v -0.488576 0.021223 -0.295745
v -0.532995 0.022017 -0.295745
v -0.399738 0.019637 -0.168995
v -0.666252 0.024396 -0.506995
v -0.666252 0.024396 -0.464745
v -0.532995 0.022017 -0.464745
v -0.133225 0.014878 0.380255
v -0.177644 0.015671 0.380255
v -0.044387 0.013292 0.507005
v -0.177644 0.015672 0.211255
v -0.222063 0.016465 0.169005
v -0.222063 0.016465 0.295755
v -0.133225 0.014879 0.042255
v -0.177644 0.015672 0.042255
v -0.044387 0.013292 0.169005
v 0.399802 0.005362 0.507005
v 0.399802 0.005362 0.549255
v 0.533059 0.002982 0.549255
v 0.222127 0.008534 0.380255
v 0.177708 0.009327 0.380255
v 0.310965 0.006948 0.507005
v 0.044451 0.011706 0.169005
v 0.044451 0.011706 0.211255
v 0.177708 0.009327 0.211255
v 0.044451 0.011706 0.507005
v 0.044451 0.011706 0.549255
v 0.177708 0.009327 0.549255
v -0.488576 0.021223 0.042255
v -0.532995 0.022016 0.042255
v -0.399738 0.019637 0.169005
v -0.666252 0.024396 -0.168995
v -0.666252 0.024396 -0.126745
v -0.532995 0.022016 -0.126745
v 0.222127 0.008534 0.042255
v 0.177708 0.009327 0.042255
v 0.310965 0.006948 0.169005
v 0.177708 0.009328 -0.464745
v 0.133289 0.010121 -0.506995
v 0.133289 0.010121 -0.380245
v 0.222127 0.008535 -0.633746
v 0.177708 0.009328 -0.633746
v 0.310965 0.006948 -0.506996
v -0.710701 0.013470 0.507005
v -0.710701 0.013470 0.549255
v -0.710695 0.015813 0.549255
v -0.710726 0.004095 0.042255
v -0.710728 0.003314 0.042255
v -0.710722 0.005658 0.169005
v -0.710734 0.000970 -0.168996
v -0.710734 0.000970 -0.126746
v -0.710728 0.003314 -0.126746
v -0.710693 0.016595 0.042255
v -0.710695 0.015814 0.042255
v -0.710689 0.018157 0.169005
v -0.710695 0.015814 -0.464745
v -0.710697 0.015033 -0.506995
v -0.710697 0.015033 -0.380245
v -0.710693 0.016595 -0.633745
v -0.710695 0.015814 -0.633745
v -0.710689 0.018158 -0.506995
v 0.533029 -0.008736 0.676005
v 0.577448 -0.009529 0.676005
v 0.577454 -0.007185 0.676005
v 0.044396 -0.009387 0.676005
v 0.044394 -0.010168 0.676005
v 0.177657 -0.010204 0.676005
v -0.177706 -0.008547 0.676005
v -0.133287 -0.009340 0.676005
v -0.133281 -0.006996 0.676005
v 0.044429 0.003113 0.676005
v 0.044427 0.002331 0.676005
v 0.177689 0.002296 0.676005
v -0.488601 0.011848 0.676005
v -0.533022 0.011860 0.676005
v -0.399765 0.009481 0.676005
v -0.666274 0.015802 0.676005
v -0.666276 0.015020 0.676005
v -0.533014 0.014985 0.676005
v 0.710706 -0.011908 -0.506996
v 0.710706 -0.011908 -0.549246
v 0.710712 -0.009564 -0.549246
v 0.710681 -0.021283 -0.042246
v 0.710679 -0.022064 -0.042246
v 0.710685 -0.019720 -0.168996
v 0.710673 -0.024408 0.169005
v 0.710673 -0.024408 0.126755
v 0.710679 -0.022064 0.126755
v 0.710714 -0.008783 -0.042246
v 0.710711 -0.009564 -0.042246
v 0.710718 -0.007220 -0.168996
v 0.710711 -0.009565 0.464755
v 0.710709 -0.010346 0.507005
v 0.710709 -0.010346 0.380255
v 0.710713 -0.008783 0.633755
v 0.710711 -0.009565 0.633755
v 0.710717 -0.007221 0.507005
v -0.533026 0.010298 -0.675995
v -0.577445 0.011091 -0.675995
v -0.577438 0.013435 -0.675995
v -0.044441 -0.007801 -0.675996
v -0.044443 -0.008582 -0.675996
v -0.177694 -0.003859 -0.675996
v 0.177645 -0.014891 -0.675996
v 0.133226 -0.014098 -0.675996
v 0.133233 -0.011754 -0.675996
v -0.044409 0.004699 -0.675995
v -0.044411 0.003918 -0.675995
v -0.177662 0.008641 -0.675995
v 0.488617 -0.005599 -0.675996
v 0.533034 -0.007173 -0.675996
v 0.399777 -0.004794 -0.675996
v 0.666295 -0.007990 -0.675996
v 0.666293 -0.008771 -0.675996
v 0.533042 -0.004048 -0.675996
v 0.044386 -0.013293 -0.506996
v 0.044386 -0.013293 -0.549246
v 0.177643 -0.015672 -0.549246
v -0.488641 -0.003776 -0.042246
v -0.533060 -0.002983 -0.042246
v -0.399803 -0.005362 -0.168996
v -0.666317 -0.000604 0.169005
v -0.666317 -0.000604 0.126755
v -0.533060 -0.002983 0.126755
v 0.222062 -0.016465 -0.042246
v 0.177643 -0.015672 -0.042246
v 0.310900 -0.018051 -0.168996
v 0.177643 -0.015672 0.464755
v 0.133224 -0.014879 0.507005
v 0.133224 -0.014879 0.380255
v 0.222062 -0.016465 0.633755
v 0.177643 -0.015672 0.633755
v 0.310900 -0.018051 0.507005
v -0.488641 -0.003776 0.633755
v -0.533060 -0.002983 0.633755
v -0.399803 -0.005362 0.507005
v -0.666317 -0.000604 -0.506996
v -0.666317 -0.000604 -0.549246
v -0.533060 -0.002983 -0.549246
v 0.666262 -0.020490 -0.675996
v 0.666260 -0.021271 -0.675996
v 0.533009 -0.016548 -0.675996
v -0.533058 -0.002202 -0.675996
v -0.577477 -0.001409 -0.675996
v -0.577471 0.000935 -0.675996
v 0.710681 -0.021283 0.633755
v 0.710679 -0.022064 0.633755
v 0.710685 -0.019720 0.507005
v 0.710673 -0.024408 -0.506996
v 0.710673 -0.024408 -0.549246
v 0.710679 -0.022064 -0.549246
v -0.666307 0.003302 0.676005
v -0.666309 0.002521 0.676005
v -0.533046 0.002485 0.676005
v 0.532997 -0.021236 0.676005
v 0.577416 -0.022029 0.676005
v 0.577422 -0.019685 0.676005
v -0.710726 0.004095 -0.633746
v -0.710728 0.003314 -0.633746
v -0.710722 0.005658 -0.506996
v -0.710734 0.000970 0.507005
v -0.710734 0.000970 0.549255
v -0.710728 0.003314 0.549255
v -0.488576 0.021224 -0.633745
v -0.532995 0.022017 -0.633745
v -0.399738 0.019637 -0.506995
v -0.666252 0.024395 0.507005
v -0.666252 0.024395 0.549255
v -0.532995 0.022016 0.549255
v -0.488576 0.021223 0.591505
v -0.488576 0.021223 0.633755
v -0.444157 0.020430 0.633755
v -0.577414 0.022809 0.549255
v -0.621833 0.023602 0.549255
v -0.577414 0.022809 0.591505
v -0.666252 0.024395 0.422505
v -0.666252 0.024395 0.464755
v -0.621833 0.023602 0.464755
v -0.399738 0.019637 -0.464745
v -0.444157 0.020431 -0.464745
v -0.399738 0.019637 -0.422495
v -0.444157 0.020431 -0.549245
v -0.488576 0.021224 -0.591495
v -0.488576 0.021224 -0.549245
v -0.399738 0.019638 -0.633745
v -0.444157 0.020431 -0.633745
v -0.399738 0.019638 -0.591495
v -0.710726 0.004095 0.591505
v -0.710726 0.004095 0.633755
v -0.710724 0.004876 0.633755
v -0.710730 0.002533 0.549255
v -0.710732 0.001751 0.549255
v -0.710730 0.002533 0.591505
v -0.710734 0.000970 0.422505
v -0.710734 0.000970 0.464755
v -0.710732 0.001751 0.464755
v -0.710722 0.005658 -0.464746
v -0.710724 0.004876 -0.464746
v -0.710722 0.005658 -0.422496
v -0.710724 0.004876 -0.549246
v -0.710726 0.004095 -0.591496
v -0.710726 0.004095 -0.549246
v -0.710722 0.005658 -0.633746
v -0.710724 0.004877 -0.633746
v -0.710722 0.005658 -0.591496
v 0.621843 -0.019697 0.676005
v 0.666262 -0.020490 0.676005
v 0.666264 -0.019709 0.676005
v 0.577420 -0.020466 0.676005
v 0.577418 -0.021247 0.676005
v 0.621839 -0.021259 0.676005
v 0.444159 -0.019649 0.676005
v 0.488578 -0.020443 0.676005
v 0.488580 -0.019661 0.676005
v -0.488627 0.001692 0.676005
v -0.488629 0.000911 0.676005
v -0.444208 0.000899 0.676005
v -0.577467 0.002497 0.676005
v -0.621888 0.002509 0.676005
v -0.577469 0.001716 0.676005
v -0.666303 0.004865 0.676005
v -0.666305 0.004083 0.676005
v -0.621884 0.004071 0.676005
v 0.710681 -0.021283 -0.591496
v 0.710681 -0.021283 -0.633746
v 0.710683 -0.020502 -0.633746
v 0.710677 -0.022845 -0.549246
v 0.710675 -0.023627 -0.549246
v 0.710677 -0.022845 -0.591496
v 0.710673 -0.024408 -0.422496
v 0.710673 -0.024408 -0.464746
v 0.710675 -0.023627 -0.464746
v 0.710685 -0.019720 0.464755
v 0.710683 -0.020502 0.464755
v 0.710685 -0.019720 0.422505
v 0.710683 -0.020502 0.549255
v 0.710681 -0.021283 0.591505
v 0.710681 -0.021283 0.549255
v 0.710685 -0.019720 0.633755
v 0.710683 -0.020502 0.633755
v 0.710685 -0.019720 0.591505
v -0.621888 0.002509 -0.675996
v -0.666307 0.003302 -0.675996
v -0.666305 0.004083 -0.675996
v -0.577473 0.000154 -0.675996
v -0.577475 -0.000628 -0.675996
v -0.621892 0.000947 -0.675996
v -0.444220 -0.003788 -0.675996
v -0.488639 -0.002995 -0.675996
v -0.488637 -0.002214 -0.675996
v 0.488590 -0.015755 -0.675996
v 0.488588 -0.016536 -0.675996
v 0.444171 -0.014962 -0.675996
v 0.577426 -0.018122 -0.675996
v 0.621843 -0.019697 -0.675996
v 0.577424 -0.018904 -0.675996
v 0.666266 -0.018927 -0.675996
v 0.666264 -0.019708 -0.675996
v 0.621847 -0.018134 -0.675996
v -0.488641 -0.003776 -0.591496
v -0.488641 -0.003776 -0.633746
v -0.444222 -0.004569 -0.633746
v -0.577479 -0.002190 -0.549246
v -0.621898 -0.001397 -0.549246
v -0.577479 -0.002190 -0.591496
v -0.666317 -0.000604 -0.422496
v -0.666317 -0.000604 -0.464746
v -0.621898 -0.001397 -0.464746
v -0.399803 -0.005362 0.464755
v -0.444222 -0.004569 0.464755
v -0.399803 -0.005362 0.422505
v -0.444222 -0.004569 0.549255
v -0.488641 -0.003776 0.591505
v -0.488641 -0.003776 0.549255
v -0.399803 -0.005362 0.633755
v -0.444222 -0.004569 0.633755
v -0.399803 -0.005362 0.591505
v 0.310900 -0.018051 0.464755
v 0.266481 -0.017258 0.464755
v 0.310900 -0.018051 0.422505
v 0.266481 -0.017258 0.549255
v 0.222062 -0.016465 0.591505
v 0.222062 -0.016465 0.549255
v 0.310900 -0.018051 0.633755
v 0.266481 -0.017258 0.633755
v 0.310900 -0.018051 0.591505
v 0.088805 -0.014086 0.380255
v 0.044386 -0.013293 0.422505
v 0.044386 -0.013293 0.380255
v 0.133224 -0.014879 0.422505
v 0.133224 -0.014879 0.464755
v 0.088805 -0.014086 0.464755
v 0.266481 -0.017258 0.380255
v 0.222062 -0.016465 0.422505
v 0.222062 -0.016465 0.380255
v 0.310900 -0.018051 -0.211246
v 0.266481 -0.017258 -0.211246
v 0.310900 -0.018051 -0.253496
v 0.266481 -0.017258 -0.126746
v 0.222062 -0.016465 -0.084496
v 0.222062 -0.016465 -0.126746
v 0.310900 -0.018051 -0.042246
v 0.266481 -0.017258 -0.042246
v 0.310900 -0.018051 -0.084496
v -0.488641 -0.003776 0.084505
v -0.488641 -0.003776 0.042255
v -0.444222 -0.004569 0.042255
v -0.577479 -0.002190 0.126755
v -0.621898 -0.001397 0.126755
v -0.577479 -0.002190 0.084505
v -0.666317 -0.000604 0.253505
v -0.666317 -0.000604 0.211255
v -0.621898 -0.001397 0.211255
v -0.399803 -0.005362 -0.211246
v -0.444222 -0.004569 -0.211246
v -0.399803 -0.005362 -0.253496
v -0.444222 -0.004569 -0.126746
v -0.488641 -0.003776 -0.084496
v -0.488641 -0.003776 -0.126746
v -0.399803 -0.005362 -0.042246
v -0.444222 -0.004569 -0.042246
v -0.399803 -0.005362 -0.084496
v 0.222062 -0.016465 -0.591496
v 0.222062 -0.016465 -0.633746
v 0.266481 -0.017258 -0.633746
v 0.133224 -0.014879 -0.549246
v 0.088805 -0.014086 -0.549246
v 0.133224 -0.014879 -0.591496
v 0.044386 -0.013293 -0.422496
v 0.044386 -0.013293 -0.464746
v 0.088805 -0.014086 -0.464746
v 0.488623 -0.003255 -0.675996
v 0.488621 -0.004036 -0.675996
v 0.444204 -0.002462 -0.675996
v 0.577459 -0.005622 -0.675996
v 0.621876 -0.007197 -0.675996
v 0.577457 -0.006404 -0.675996
v 0.666299 -0.006427 -0.675996
v 0.666297 -0.007208 -0.675996
v 0.621880 -0.005634 -0.675996
v 0.399775 -0.005575 -0.675996
v 0.444192 -0.007149 -0.675996
v 0.399773 -0.006356 -0.675996
v 0.444196 -0.005587 -0.675996
v 0.488615 -0.006380 -0.675996
v 0.488613 -0.007161 -0.675996
v 0.399783 -0.002450 -0.675996
v 0.444200 -0.004024 -0.675996
v 0.399781 -0.003231 -0.675996
v -0.222081 0.009434 -0.675995
v -0.222083 0.008653 -0.675995
v -0.266500 0.010227 -0.675995
v -0.133245 0.007067 -0.675995
v -0.088828 0.005492 -0.675995
v -0.133247 0.006285 -0.675995
v -0.044405 0.006262 -0.675995
v -0.044407 0.005481 -0.675995
v -0.088824 0.007055 -0.675995
v 0.088816 -0.010180 -0.675996
v 0.044397 -0.009387 -0.675996
v 0.044399 -0.008606 -0.675996
v 0.133231 -0.012535 -0.675996
v 0.133228 -0.013317 -0.675996
v 0.088812 -0.011742 -0.675996
v 0.266483 -0.016477 -0.675996
v 0.222064 -0.015684 -0.675996
v 0.222066 -0.014903 -0.675996
v -0.222113 -0.003066 -0.675996
v -0.222115 -0.003847 -0.675996
v -0.266532 -0.002273 -0.675996
v -0.133277 -0.005433 -0.675996
v -0.088860 -0.007008 -0.675996
v -0.133279 -0.006215 -0.675996
v -0.044437 -0.006238 -0.675996
v -0.044439 -0.007019 -0.675996
v -0.088856 -0.005445 -0.675996
v -0.621855 0.015009 -0.675995
v -0.666274 0.015802 -0.675995
v -0.666272 0.016583 -0.675995
v -0.577441 0.012654 -0.675995
v -0.577443 0.011872 -0.675995
v -0.621859 0.013447 -0.675995
v -0.444188 0.008712 -0.675995
v -0.488607 0.009505 -0.675995
v -0.488605 0.010286 -0.675995
v 0.710717 -0.007221 0.464755
v 0.710715 -0.008002 0.464755
v 0.710717 -0.007221 0.422505
v 0.710715 -0.008002 0.549255
v 0.710713 -0.008783 0.591505
v 0.710713 -0.008783 0.549255
v 0.710717 -0.007221 0.633755
v 0.710715 -0.008002 0.633755
v 0.710717 -0.007221 0.591505
v 0.710707 -0.011127 0.380255
v 0.710705 -0.011908 0.422505
v 0.710705 -0.011908 0.380255
v 0.710709 -0.010346 0.422505
v 0.710709 -0.010346 0.464755
v 0.710707 -0.011127 0.464755
v 0.710715 -0.008002 0.380255
v 0.710713 -0.008783 0.422505
v 0.710713 -0.008783 0.380255
v 0.710718 -0.007220 -0.211246
v 0.710716 -0.008002 -0.211246
v 0.710718 -0.007220 -0.253496
v 0.710716 -0.008002 -0.126746
v 0.710714 -0.008783 -0.084496
v 0.710714 -0.008783 -0.126746
v 0.710717 -0.007220 -0.042246
v 0.710716 -0.008002 -0.042246
v 0.710718 -0.007220 -0.084496
v 0.710681 -0.021283 0.084505
v 0.710681 -0.021283 0.042255
v 0.710683 -0.020502 0.042255
v 0.710677 -0.022845 0.126755
v 0.710675 -0.023627 0.126755
v 0.710677 -0.022845 0.084505
v 0.710673 -0.024408 0.253505
v 0.710673 -0.024408 0.211255
v 0.710675 -0.023627 0.211255
v 0.710685 -0.019720 -0.211246
v 0.710683 -0.020502 -0.211246
v 0.710685 -0.019720 -0.253496
v 0.710683 -0.020502 -0.126746
v 0.710681 -0.021283 -0.084496
v 0.710681 -0.021283 -0.126746
v 0.710685 -0.019720 -0.042246
v 0.710683 -0.020502 -0.042246
v 0.710685 -0.019720 -0.084496
v 0.710714 -0.008783 -0.591496
v 0.710714 -0.008783 -0.633746
v 0.710716 -0.008002 -0.633746
v 0.710710 -0.010345 -0.549246
v 0.710708 -0.011127 -0.549246
v 0.710710 -0.010345 -0.591496
v 0.710706 -0.011908 -0.422496
v 0.710706 -0.011908 -0.464746
v 0.710708 -0.011127 -0.464746
v -0.488595 0.014192 0.676005
v -0.488597 0.013411 0.676005
v -0.444176 0.013399 0.676005
v -0.577435 0.014997 0.676005
v -0.621855 0.015009 0.676005
v -0.577437 0.014215 0.676005
v -0.666270 0.017364 0.676005
v -0.666272 0.016583 0.676005
v -0.621851 0.016571 0.676005
v -0.399767 0.008700 0.676005
v -0.444188 0.008711 0.676005
v -0.399769 0.007918 0.676005
v -0.444184 0.010274 0.676005
v -0.488603 0.011067 0.676005
v -0.488605 0.010286 0.676005
v -0.399759 0.011824 0.676005
v -0.444180 0.011836 0.676005
v -0.399761 0.011043 0.676005
v 0.222108 0.001503 0.676005
v 0.222106 0.000721 0.676005
v 0.266527 0.000710 0.676005
v 0.133269 0.002308 0.676005
v 0.088848 0.002319 0.676005
v 0.133266 0.001526 0.676005
v 0.044433 0.004675 0.676005
v 0.044431 0.003894 0.676005
v 0.088852 0.003882 0.676005
v -0.088860 -0.007008 0.676005
v -0.044441 -0.007801 0.676005
v -0.044439 -0.007020 0.676005
v -0.133283 -0.007777 0.676005
v -0.133285 -0.008558 0.676005
v -0.088864 -0.008570 0.676005
v -0.266544 -0.006960 0.676005
v -0.222125 -0.007753 0.676005
v -0.222123 -0.006972 0.676005
v 0.222076 -0.010997 0.676005
v 0.222074 -0.011778 0.676005
v 0.266495 -0.011790 0.676005
v 0.133236 -0.010192 0.676005
v 0.088815 -0.010180 0.676005
v 0.133234 -0.010973 0.676005
v 0.044400 -0.007825 0.676005
v 0.044398 -0.008606 0.676005
v 0.088819 -0.008618 0.676005
v 0.621875 -0.007197 0.676005
v 0.666294 -0.007990 0.676005
v 0.666296 -0.007209 0.676005
v 0.577452 -0.007967 0.676005
v 0.577450 -0.008748 0.676005
v 0.621871 -0.008760 0.676005
v 0.444191 -0.007150 0.676005
v 0.488610 -0.007943 0.676005
v 0.488612 -0.007162 0.676005
v -0.710689 0.018158 -0.464745
v -0.710691 0.017376 -0.464745
v -0.710689 0.018158 -0.422495
v -0.710691 0.017376 -0.549245
v -0.710693 0.016595 -0.591495
v -0.710693 0.016595 -0.549245
v -0.710689 0.018158 -0.633745
v -0.710691 0.017377 -0.633745
v -0.710689 0.018158 -0.591495
v -0.710699 0.014251 -0.380245
v -0.710701 0.013470 -0.422495
v -0.710701 0.013470 -0.380245
v -0.710697 0.015033 -0.422495
v -0.710697 0.015033 -0.464745
v -0.710699 0.014251 -0.464745
v -0.710691 0.017376 -0.380245
v -0.710693 0.016595 -0.422495
v -0.710693 0.016595 -0.380245
v -0.710689 0.018157 0.211255
v -0.710691 0.017376 0.211255
v -0.710689 0.018157 0.253505
v -0.710691 0.017376 0.126755
v -0.710693 0.016595 0.084505
v -0.710693 0.016595 0.126755
v -0.710689 0.018157 0.042255
v -0.710691 0.017376 0.042255
v -0.710689 0.018157 0.084505
v -0.710726 0.004095 -0.084496
v -0.710726 0.004095 -0.042246
v -0.710724 0.004876 -0.042246
v -0.710730 0.002533 -0.126746
v -0.710732 0.001751 -0.126746
v -0.710730 0.002533 -0.084496
v -0.710734 0.000970 -0.253496
v -0.710734 0.000970 -0.211246
v -0.710732 0.001751 -0.211246
v -0.710722 0.005658 0.211255
v -0.710724 0.004876 0.211255
v -0.710722 0.005658 0.253505
v -0.710724 0.004876 0.126755
v -0.710726 0.004095 0.084505
v -0.710726 0.004095 0.126755
v -0.710722 0.005658 0.042255
v -0.710724 0.004876 0.042255
v -0.710722 0.005658 0.084505
v -0.710693 0.016595 0.591505
v -0.710693 0.016595 0.633755
v -0.710691 0.017376 0.633755
v -0.710697 0.015032 0.549255
v -0.710699 0.014251 0.549255
v -0.710697 0.015032 0.591505
v -0.710701 0.013470 0.422505
v -0.710701 0.013470 0.464755
v -0.710699 0.014251 0.464755
v 0.310965 0.006948 -0.464746
v 0.266546 0.007741 -0.464745
v 0.310965 0.006948 -0.422495
v 0.266546 0.007742 -0.549246
v 0.222127 0.008535 -0.591496
v 0.222127 0.008535 -0.549245
v 0.310965 0.006949 -0.633746
v 0.266546 0.007742 -0.633746
v 0.310965 0.006948 -0.591496
v 0.088870 0.010914 -0.380245
v 0.044451 0.011707 -0.422495
v 0.044451 0.011707 -0.380245
v 0.133289 0.010121 -0.422495
v 0.133289 0.010121 -0.464745
v 0.088870 0.010914 -0.464745
v 0.266546 0.007741 -0.380245
v 0.222127 0.008534 -0.422495
v 0.222127 0.008534 -0.380245
v 0.310965 0.006948 0.211255
v 0.266546 0.007741 0.211255
v 0.310965 0.006948 0.253505
v 0.266546 0.007741 0.126755
v 0.222127 0.008534 0.084505
v 0.222127 0.008534 0.126755
v 0.310965 0.006948 0.042255
v 0.266546 0.007741 0.042255
v 0.310965 0.006948 0.084505
v -0.488576 0.021223 -0.084495
v -0.488576 0.021223 -0.042245
v -0.444157 0.020430 -0.042245
v -0.577414 0.022809 -0.126745
v -0.621833 0.023603 -0.126745
v -0.577414 0.022809 -0.084495
v -0.666252 0.024396 -0.253495
v -0.666252 0.024396 -0.211245
v -0.621833 0.023603 -0.211245
v -0.399738 0.019637 0.211255
v -0.444157 0.020430 0.211255
v -0.399738 0.019637 0.253505
v -0.444157 0.020430 0.126755
v -0.488576 0.021223 0.084505
v -0.488576 0.021223 0.126755
v -0.399738 0.019637 0.042255
v -0.444157 0.020430 0.042255
v -0.399738 0.019637 0.084505
v 0.222127 0.008534 0.591505
v 0.222127 0.008534 0.633755
v 0.266546 0.007741 0.633755
v 0.133289 0.010120 0.549255
v 0.088870 0.010913 0.549255
v 0.133289 0.010120 0.591505
v 0.044451 0.011706 0.422505
v 0.044451 0.011706 0.464755
v 0.088870 0.010913 0.464755
v 0.222127 0.008534 0.253505
v 0.222127 0.008534 0.295755
v 0.266546 0.007741 0.295755
v 0.133289 0.010120 0.211255
v 0.088870 0.010913 0.211255
v 0.133289 0.010120 0.253505
v 0.044451 0.011706 0.084505
v 0.044451 0.011706 0.126755
v 0.088870 0.010913 0.126755
v 0.310965 0.006948 0.549255
v 0.266546 0.007741 0.549255
v 0.310965 0.006948 0.591505
v 0.266546 0.007741 0.464755
v 0.222127 0.008534 0.422505
v 0.222127 0.008534 0.464755
v 0.310965 0.006948 0.380255
v 0.266546 0.007741 0.380255
v 0.310965 0.006948 0.422505
v 0.577478 0.002189 0.591505
v 0.577478 0.002189 0.633755
v 0.621897 0.001396 0.633755
v 0.488640 0.003775 0.549255
v 0.444221 0.004568 0.549255
v 0.488640 0.003775 0.591505
v 0.399802 0.005362 0.422505
v 0.399802 0.005362 0.464755
v 0.444221 0.004568 0.464755
v -0.044387 0.013292 0.211255
v -0.088806 0.014085 0.211255
v -0.044387 0.013292 0.253505
v -0.088806 0.014086 0.126755
v -0.133225 0.014879 0.084505
v -0.133225 0.014879 0.126755
v -0.044387 0.013293 0.042255
v -0.088806 0.014086 0.042255
v -0.044387 0.013293 0.084505
v -0.266482 0.017258 0.295755
v -0.310901 0.018051 0.253505
v -0.310901 0.018051 0.295755
v -0.222063 0.016465 0.253505
v -0.222063 0.016465 0.211255
v -0.266482 0.017258 0.211255
v -0.088806 0.014085 0.295755
v -0.133225 0.014879 0.253505
v -0.133225 0.014878 0.295755
v -0.044387 0.013292 0.549255
v -0.088806 0.014085 0.549255
v -0.044387 0.013292 0.591505
v -0.088806 0.014085 0.464755
v -0.133225 0.014878 0.422505
v -0.133225 0.014878 0.464755
v -0.044387 0.013292 0.380255
v -0.088806 0.014085 0.380255
v -0.044387 0.013292 0.422505
v -0.488576 0.021224 -0.422495
v -0.488576 0.021224 -0.380245
v -0.444157 0.020430 -0.380245
v -0.577414 0.022810 -0.464745
v -0.621833 0.023603 -0.464745
v -0.577414 0.022810 -0.422495
v -0.666252 0.024396 -0.591495
v -0.666252 0.024396 -0.549245
v -0.621833 0.023603 -0.549245
v -0.399738 0.019637 -0.126745
v -0.444157 0.020430 -0.126745
v -0.399738 0.019637 -0.084495
v -0.444157 0.020430 -0.211245
v -0.488576 0.021223 -0.253495
v -0.488576 0.021223 -0.211245
v -0.399738 0.019637 -0.295745
v -0.444157 0.020430 -0.295745
v -0.399738 0.019637 -0.253495
v -0.133225 0.014879 -0.084495
v -0.133225 0.014879 -0.042245
v -0.088806 0.014086 -0.042245
v -0.222063 0.016465 -0.126745
v -0.266482 0.017258 -0.126745
v -0.222063 0.016465 -0.084495
v -0.310901 0.018051 -0.253495
v -0.310901 0.018051 -0.211245
v -0.266482 0.017258 -0.211245
v 0.666316 0.000603 0.211255
v 0.621897 0.001396 0.211255
v 0.666316 0.000603 0.253505
v 0.621897 0.001396 0.126755
v 0.577479 0.002190 0.084505
v 0.577479 0.002190 0.126755
v 0.666317 0.000603 0.042255
v 0.621898 0.001397 0.042255
v 0.666316 0.000603 0.084505
v 0.444221 0.004569 0.295755
v 0.399803 0.005362 0.253505
v 0.399803 0.005362 0.295755
v 0.488640 0.003776 0.253505
v 0.488640 0.003776 0.211255
v 0.444222 0.004569 0.211255
v 0.621897 0.001396 0.295755
v 0.577478 0.002189 0.253505
v 0.577478 0.002189 0.295755
v 0.666316 0.000603 0.549255
v 0.621897 0.001396 0.549255
v 0.666316 0.000603 0.591505
v 0.621897 0.001396 0.464755
v 0.577478 0.002189 0.422505
v 0.577478 0.002189 0.464755
v 0.666316 0.000603 0.380255
v 0.621897 0.001396 0.380255
v 0.666316 0.000603 0.422505
v 0.444222 0.004569 -0.042245
v 0.399803 0.005362 -0.084495
v 0.399803 0.005362 -0.042245
v 0.488641 0.003776 -0.084495
v 0.488641 0.003776 -0.126745
v 0.444222 0.004569 -0.126745
v 0.621898 0.001397 -0.042245
v 0.577479 0.002190 -0.084495
v 0.577479 0.002190 -0.042245
v 0.133289 0.010120 -0.253495
v 0.133289 0.010121 -0.295745
v 0.088870 0.010914 -0.295745
v 0.222127 0.008534 -0.211245
v 0.266546 0.007741 -0.211245
v 0.222127 0.008534 -0.253495
v 0.310965 0.006948 -0.084495
v 0.310965 0.006948 -0.126745
v 0.266546 0.007741 -0.126745
v 0.088870 0.010913 -0.042245
v 0.044451 0.011706 -0.084495
v 0.044451 0.011706 -0.042245
v 0.133289 0.010120 -0.084495
v 0.133289 0.010120 -0.126745
v 0.088870 0.010913 -0.126745
v 0.266546 0.007741 -0.042245
v 0.222127 0.008534 -0.084495
v 0.222127 0.008534 -0.042245
v 0.666317 0.000604 -0.464746
v 0.621898 0.001397 -0.464746
v 0.666317 0.000604 -0.422496
v 0.621898 0.001397 -0.549246
v 0.577479 0.002190 -0.591496
v 0.577479 0.002190 -0.549246
v 0.666317 0.000604 -0.633746
v 0.621898 0.001397 -0.633746
v 0.666317 0.000604 -0.591496
v 0.444222 0.004569 -0.380246
v 0.399803 0.005362 -0.422496
v 0.399803 0.005362 -0.380246
v 0.488641 0.003776 -0.422496
v 0.488641 0.003776 -0.464746
v 0.444222 0.004569 -0.464746
v 0.621898 0.001397 -0.380246
v 0.577479 0.002190 -0.422496
v 0.577479 0.002190 -0.380246
v 0.666317 0.000604 -0.126746
v 0.621898 0.001397 -0.126745
v 0.666317 0.000604 -0.084495
v 0.621898 0.001397 -0.211246
v 0.577479 0.002190 -0.253496
v 0.577479 0.002190 -0.211246
v 0.666317 0.000604 -0.295746
v 0.621898 0.001397 -0.295746
v 0.666317 0.000604 -0.253496
v -0.710693 0.016595 0.253505
v -0.710693 0.016595 0.295755
v -0.710691 0.017376 0.295755
v -0.710697 0.015032 0.211255
v -0.710699 0.014251 0.211255
v -0.710697 0.015032 0.253505
v -0.710701 0.013470 0.084505
v -0.710701 0.013470 0.126755
v -0.710699 0.014251 0.126755
v -0.710689 0.018157 0.549255
v -0.710691 0.017376 0.549255
v -0.710689 0.018157 0.591505
v -0.710691 0.017376 0.464755
v -0.710693 0.016595 0.422505
v -0.710693 0.016595 0.464755
v -0.710689 0.018157 0.380255
v -0.710691 0.017376 0.380255
v -0.710689 0.018157 0.422505
v -0.710677 0.022844 0.591505
v -0.710677 0.022844 0.633755
v -0.710675 0.023626 0.633755
v -0.710681 0.021282 0.549255
v -0.710683 0.020501 0.549255
v -0.710681 0.021282 0.591505
v -0.710685 0.019720 0.422505
v -0.710685 0.019720 0.464755
v -0.710683 0.020501 0.464755
v -0.710706 0.011907 0.211255
v -0.710708 0.011126 0.211255
v -0.710706 0.011907 0.253505
v -0.710708 0.011126 0.126755
v -0.710710 0.010345 0.084505
v -0.710710 0.010345 0.126755
v -0.710706 0.011907 0.042255
v -0.710708 0.011126 0.042255
v -0.710706 0.011907 0.084505
v -0.710716 0.008001 0.295755
v -0.710718 0.007220 0.253505
v -0.710718 0.007220 0.295755
v -0.710714 0.008782 0.253505
v -0.710714 0.008782 0.211255
v -0.710716 0.008001 0.211255
v -0.710708 0.011126 0.295755
v -0.710710 0.010345 0.253505
v -0.710710 0.010345 0.295755
v -0.710706 0.011907 0.549255
v -0.710708 0.011126 0.549255
v -0.710706 0.011907 0.591505
v -0.710708 0.011126 0.464755
v -0.710710 0.010345 0.422505
v -0.710710 0.010345 0.464755
v -0.710706 0.011907 0.380255
v -0.710708 0.011126 0.380255
v -0.710706 0.011907 0.422505
v -0.710726 0.004095 -0.422496
v -0.710726 0.004095 -0.380246
v -0.710724 0.004876 -0.380246
v -0.710730 0.002533 -0.464746
v -0.710732 0.001751 -0.464746
v -0.710730 0.002533 -0.422496
v -0.710734 0.000970 -0.591496
v -0.710734 0.000970 -0.549246
v -0.710732 0.001751 -0.549246
v -0.710722 0.005658 -0.126746
v -0.710724 0.004876 -0.126746
v -0.710722 0.005658 -0.084496
v -0.710724 0.004876 -0.211246
v -0.710726 0.004095 -0.253496
v -0.710726 0.004095 -0.211246
v -0.710722 0.005658 -0.295746
v -0.710724 0.004876 -0.295746
v -0.710722 0.005658 -0.253496
v -0.710710 0.010345 -0.084496
v -0.710710 0.010345 -0.042246
v -0.710708 0.011126 -0.042246
v -0.710714 0.008782 -0.126746
v -0.710716 0.008001 -0.126746
v -0.710714 0.008782 -0.084496
v -0.710718 0.007220 -0.253496
v -0.710718 0.007220 -0.211246
v -0.710716 0.008001 -0.211246
v -0.710673 0.024407 0.211255
v -0.710675 0.023626 0.211255
v -0.710673 0.024407 0.253505
v -0.710675 0.023626 0.126755
v -0.710677 0.022845 0.084505
v -0.710677 0.022845 0.126755
v -0.710673 0.024407 0.042255
v -0.710675 0.023626 0.042255
v -0.710673 0.024407 0.084505
v -0.710683 0.020501 0.295755
v -0.710685 0.019720 0.253505
v -0.710685 0.019720 0.295755
v -0.710681 0.021282 0.253505
v -0.710681 0.021282 0.211255
v -0.710683 0.020501 0.211255
v -0.710675 0.023626 0.295755
v -0.710677 0.022845 0.253505
v -0.710677 0.022845 0.295755
v -0.710673 0.024407 0.549255
v -0.710675 0.023626 0.549255
v -0.710673 0.024407 0.591505
v -0.710675 0.023626 0.464755
v -0.710677 0.022844 0.422505
v -0.710677 0.022844 0.464755
v -0.710673 0.024407 0.380255
v -0.710675 0.023626 0.380255
v -0.710673 0.024407 0.422505
v -0.710683 0.020501 -0.042245
v -0.710685 0.019720 -0.084495
v -0.710685 0.019720 -0.042245
v -0.710681 0.021282 -0.084495
v -0.710681 0.021282 -0.126745
v -0.710683 0.020501 -0.126745
v -0.710675 0.023626 -0.042245
v -0.710677 0.022845 -0.084495
v -0.710677 0.022845 -0.042245
v -0.710697 0.015032 -0.253495
v -0.710697 0.015033 -0.295745
v -0.710699 0.014251 -0.295745
v -0.710693 0.016595 -0.211245
v -0.710691 0.017376 -0.211245
v -0.710693 0.016595 -0.253495
v -0.710689 0.018157 -0.084495
v -0.710689 0.018157 -0.126745
v -0.710691 0.017376 -0.126745
v -0.710699 0.014251 -0.042245
v -0.710701 0.013470 -0.084495
v -0.710701 0.013470 -0.042245
v -0.710697 0.015032 -0.084495
v -0.710697 0.015032 -0.126745
v -0.710699 0.014251 -0.126745
v -0.710691 0.017376 -0.042245
v -0.710693 0.016595 -0.084495
v -0.710693 0.016595 -0.042245
v -0.710673 0.024408 -0.464745
v -0.710675 0.023626 -0.464745
v -0.710673 0.024408 -0.422495
v -0.710675 0.023626 -0.549245
v -0.710677 0.022845 -0.591495
v -0.710677 0.022845 -0.549245
v -0.710673 0.024408 -0.633745
v -0.710675 0.023627 -0.633745
v -0.710673 0.024408 -0.591495
v -0.710683 0.020501 -0.380245
v -0.710685 0.019720 -0.422495
v -0.710685 0.019720 -0.380245
v -0.710681 0.021283 -0.422495
v -0.710681 0.021283 -0.464745
v -0.710683 0.020501 -0.464745
v -0.710675 0.023626 -0.380245
v -0.710677 0.022845 -0.422495
v -0.710677 0.022845 -0.380245
v -0.710673 0.024407 -0.126745
v -0.710675 0.023626 -0.126745
v -0.710673 0.024407 -0.084495
v -0.710675 0.023626 -0.211245
v -0.710677 0.022845 -0.253495
v -0.710677 0.022845 -0.211245
v -0.710673 0.024408 -0.295745
v -0.710675 0.023626 -0.295745
v -0.710673 0.024407 -0.253495
v 0.266523 -0.000853 0.676005
v 0.310942 -0.001646 0.676005
v 0.310944 -0.000865 0.676005
v 0.222100 -0.001622 0.676005
v 0.222098 -0.002403 0.676005
v 0.266519 -0.002415 0.676005
v 0.088839 -0.000805 0.676005
v 0.133258 -0.001598 0.676005
v 0.133260 -0.000817 0.676005
v 0.577460 -0.004842 0.676005
v 0.577458 -0.005623 0.676005
v 0.621879 -0.005635 0.676005
v 0.488620 -0.004037 0.676005
v 0.444199 -0.004025 0.676005
v 0.488618 -0.004818 0.676005
v 0.399784 -0.001670 0.676005
v 0.399782 -0.002451 0.676005
v 0.444203 -0.002463 0.676005
v 0.621891 -0.000948 0.676005
v 0.666310 -0.001741 0.676005
v 0.666312 -0.000959 0.676005
v 0.577468 -0.001717 0.676005
v 0.577466 -0.002498 0.676005
v 0.621887 -0.002510 0.676005
v 0.444207 -0.000900 0.676005
v 0.488626 -0.001693 0.676005
v 0.488628 -0.000912 0.676005
v 0.222092 -0.004747 0.676005
v 0.222090 -0.005528 0.676005
v 0.266511 -0.005540 0.676005
v 0.133252 -0.003942 0.676005
v 0.088831 -0.003930 0.676005
v 0.133250 -0.004723 0.676005
v 0.044416 -0.001575 0.676005
v 0.044414 -0.002356 0.676005
v 0.088835 -0.002368 0.676005
v 0.310920 -0.010239 0.676005
v 0.266499 -0.010227 0.676005
v 0.310918 -0.011020 0.676005
v 0.266503 -0.008665 0.676005
v 0.222084 -0.007872 0.676005
v 0.222082 -0.008653 0.676005
v 0.310928 -0.007114 0.676005
v 0.266507 -0.007103 0.676005
v 0.310926 -0.007896 0.676005
v 0.577444 -0.011092 0.676005
v 0.577442 -0.011873 0.676005
v 0.621863 -0.011885 0.676005
v 0.488604 -0.010287 0.676005
v 0.444183 -0.010275 0.676005
v 0.488602 -0.011068 0.676005
v 0.399768 -0.007919 0.676005
v 0.399766 -0.008701 0.676005
v 0.444187 -0.008712 0.676005
v -0.444212 -0.000663 0.676005
v -0.399793 -0.001456 0.676005
v -0.399791 -0.000675 0.676005
v -0.488635 -0.001433 0.676005
v -0.488637 -0.002214 0.676005
v -0.444216 -0.002226 0.676005
v -0.621896 -0.000616 0.676005
v -0.577477 -0.001409 0.676005
v -0.577475 -0.000628 0.676005
v -0.133275 -0.004652 0.676005
v -0.133277 -0.005433 0.676005
v -0.088856 -0.005445 0.676005
v -0.222115 -0.003847 0.676005
v -0.266536 -0.003836 0.676005
v -0.222117 -0.004629 0.676005
v -0.310951 -0.001480 0.676005
v -0.310953 -0.002261 0.676005
v -0.266532 -0.002273 0.676005
v -0.088844 -0.000758 0.676005
v -0.044425 -0.001551 0.676005
v -0.044423 -0.000770 0.676005
v -0.133267 -0.001527 0.676005
v -0.133269 -0.002309 0.676005
v -0.088848 -0.002320 0.676005
v -0.266528 -0.000711 0.676005
v -0.222109 -0.001504 0.676005
v -0.222107 -0.000722 0.676005
v 0.222125 0.007752 0.676005
v 0.222123 0.006971 0.676005
v 0.266544 0.006959 0.676005
v 0.133285 0.008557 0.676005
v 0.088864 0.008569 0.676005
v 0.133283 0.007776 0.676005
v 0.044449 0.010925 0.676005
v 0.044447 0.010143 0.676005
v 0.088868 0.010132 0.676005
v 0.310952 0.002260 0.676005
v 0.266531 0.002272 0.676005
v 0.310950 0.001479 0.676005
v 0.266535 0.003835 0.676005
v 0.222117 0.004628 0.676005
v 0.222115 0.003846 0.676005
v 0.310961 0.005385 0.676005
v 0.266540 0.005397 0.676005
v 0.310959 0.004604 0.676005
v 0.577476 0.001408 0.676005
v 0.577474 0.000627 0.676005
v 0.621895 0.000615 0.676005
v 0.488636 0.002213 0.676005
v 0.444215 0.002225 0.676005
v 0.488634 0.001432 0.676005
v 0.399800 0.004580 0.676005
v 0.399798 0.003799 0.676005
v 0.444219 0.003787 0.676005
v -0.044399 0.008605 0.676005
v -0.088820 0.008617 0.676005
v -0.044401 0.007824 0.676005
v -0.088816 0.010179 0.676005
v -0.133235 0.010972 0.676005
v -0.133237 0.010191 0.676005
v -0.044391 0.011730 0.676005
v -0.088812 0.011741 0.676005
v -0.044393 0.010948 0.676005
v -0.266508 0.007102 0.676005
v -0.310927 0.007895 0.676005
v -0.310929 0.007113 0.676005
v -0.222085 0.007871 0.676005
v -0.222083 0.008652 0.676005
v -0.266504 0.008664 0.676005
v -0.088824 0.007054 0.676005
v -0.133243 0.007847 0.676005
v -0.133245 0.007066 0.676005
v -0.044415 0.002355 0.676005
v -0.088836 0.002367 0.676005
v -0.044417 0.001574 0.676005
v -0.088832 0.003929 0.676005
v -0.133251 0.004722 0.676005
v -0.133253 0.003941 0.676005
v -0.044407 0.005480 0.676005
v -0.088828 0.005492 0.676005
v -0.044409 0.004699 0.676005
v -0.488578 0.020442 0.676005
v -0.488580 0.019660 0.676005
v -0.444159 0.019648 0.676005
v -0.577418 0.021246 0.676005
v -0.621839 0.021258 0.676005
v -0.577420 0.020465 0.676005
v -0.666254 0.023614 0.676005
v -0.666256 0.022833 0.676005
v -0.621835 0.022821 0.676005
v -0.399751 0.014949 0.676005
v -0.444172 0.014961 0.676005
v -0.399753 0.014168 0.676005
v -0.444168 0.016524 0.676005
v -0.488586 0.017317 0.676005
v -0.488589 0.016535 0.676005
v -0.399742 0.018074 0.676005
v -0.444163 0.018086 0.676005
v -0.399745 0.017293 0.676005
v -0.133227 0.014097 0.676005
v -0.133229 0.013316 0.676005
v -0.088808 0.013304 0.676005
v -0.222067 0.014902 0.676005
v -0.266488 0.014914 0.676005
v -0.222069 0.014121 0.676005
v -0.310903 0.017269 0.676005
v -0.310905 0.016488 0.676005
v -0.266484 0.016476 0.676005
v 0.710714 -0.008783 -0.253496
v 0.710714 -0.008783 -0.295746
v 0.710716 -0.008002 -0.295746
v 0.710710 -0.010345 -0.211246
v 0.710708 -0.011127 -0.211246
v 0.710710 -0.010345 -0.253496
v 0.710706 -0.011908 -0.084496
v 0.710706 -0.011908 -0.126746
v 0.710708 -0.011127 -0.126746
v 0.710718 -0.007220 -0.549246
v 0.710716 -0.008002 -0.549246
v 0.710718 -0.007220 -0.591496
v 0.710716 -0.008002 -0.464746
v 0.710714 -0.008783 -0.422496
v 0.710714 -0.008783 -0.464746
v 0.710718 -0.007220 -0.380246
v 0.710716 -0.008002 -0.380246
v 0.710718 -0.007220 -0.422496
v 0.710730 -0.002533 -0.591496
v 0.710730 -0.002533 -0.633746
v 0.710732 -0.001752 -0.633746
v 0.710726 -0.004095 -0.549246
v 0.710724 -0.004877 -0.549246
v 0.710726 -0.004095 -0.591496
v 0.710722 -0.005658 -0.422496
v 0.710722 -0.005658 -0.464746
v 0.710724 -0.004877 -0.464746
v 0.710701 -0.013470 -0.211246
v 0.710699 -0.014252 -0.211246
v 0.710701 -0.013470 -0.253496
v 0.710699 -0.014252 -0.126746
v 0.710697 -0.015033 -0.084496
v 0.710697 -0.015033 -0.126746
v 0.710701 -0.013470 -0.042246
v 0.710699 -0.014252 -0.042246
v 0.710701 -0.013470 -0.084496
v 0.710691 -0.017377 -0.295746
v 0.710689 -0.018158 -0.253496
v 0.710689 -0.018158 -0.295746
v 0.710693 -0.016595 -0.253496
v 0.710693 -0.016595 -0.211246
v 0.710691 -0.017377 -0.211246
v 0.710699 -0.014252 -0.295746
v 0.710697 -0.015033 -0.253496
v 0.710697 -0.015033 -0.295746
v 0.710701 -0.013470 -0.549246
v 0.710699 -0.014252 -0.549246
v 0.710701 -0.013470 -0.591496
v 0.710699 -0.014252 -0.464746
v 0.710697 -0.015033 -0.422496
v 0.710697 -0.015033 -0.464746
v 0.710701 -0.013470 -0.380246
v 0.710699 -0.014252 -0.380246
v 0.710701 -0.013470 -0.422496
v 0.710681 -0.021283 0.422505
v 0.710681 -0.021283 0.380255
v 0.710683 -0.020502 0.380255
v 0.710677 -0.022845 0.464755
v 0.710675 -0.023627 0.464755
v 0.710677 -0.022845 0.422505
v 0.710673 -0.024408 0.591505
v 0.710673 -0.024408 0.549255
v 0.710675 -0.023627 0.549255
v 0.710685 -0.019720 0.126755
v 0.710683 -0.020502 0.126755
v 0.710685 -0.019720 0.084505
v 0.710683 -0.020502 0.211255
v 0.710681 -0.021283 0.253505
v 0.710681 -0.021283 0.211255
v 0.710685 -0.019720 0.295755
v 0.710683 -0.020502 0.295755
v 0.710685 -0.019720 0.253505
v 0.710697 -0.015033 0.084505
v 0.710697 -0.015033 0.042255
v 0.710699 -0.014252 0.042255
v 0.710693 -0.016595 0.126755
v 0.710691 -0.017377 0.126755
v 0.710693 -0.016595 0.084505
v 0.710689 -0.018158 0.253505
v 0.710689 -0.018158 0.211255
v 0.710691 -0.017377 0.211255
v 0.710734 -0.000971 -0.211246
v 0.710732 -0.001752 -0.211246
v 0.710734 -0.000971 -0.253496
v 0.710732 -0.001752 -0.126746
v 0.710729 -0.002533 -0.084496
v 0.710730 -0.002533 -0.126746
v 0.710734 -0.000971 -0.042246
v 0.710732 -0.001752 -0.042246
v 0.710734 -0.000971 -0.084496
v 0.710724 -0.004877 -0.295746
v 0.710722 -0.005658 -0.253496
v 0.710722 -0.005658 -0.295746
v 0.710726 -0.004095 -0.253496
v 0.710726 -0.004095 -0.211246
v 0.710724 -0.004877 -0.211246
v 0.710732 -0.001752 -0.295746
v 0.710730 -0.002533 -0.253496
v 0.710730 -0.002533 -0.295746
v 0.710734 -0.000970 -0.549246
v 0.710732 -0.001752 -0.549246
v 0.710734 -0.000970 -0.591496
v 0.710732 -0.001752 -0.464746
v 0.710730 -0.002533 -0.422496
v 0.710730 -0.002533 -0.464746
v 0.710734 -0.000970 -0.380246
v 0.710732 -0.001752 -0.380246
v 0.710734 -0.000970 -0.422496
v 0.710723 -0.004877 0.042255
v 0.710721 -0.005658 0.084505
v 0.710721 -0.005658 0.042255
v 0.710725 -0.004096 0.084505
v 0.710725 -0.004096 0.126755
v 0.710723 -0.004877 0.126755
v 0.710731 -0.001752 0.042255
v 0.710729 -0.002533 0.084505
v 0.710729 -0.002533 0.042255
v 0.710709 -0.010346 0.253505
v 0.710709 -0.010346 0.295755
v 0.710707 -0.011127 0.295755
v 0.710713 -0.008783 0.211255
v 0.710715 -0.008002 0.211255
v 0.710713 -0.008783 0.253505
v 0.710717 -0.007221 0.084505
v 0.710717 -0.007221 0.126755
v 0.710715 -0.008002 0.126755
v 0.710707 -0.011127 0.042255
v 0.710705 -0.011908 0.084505
v 0.710705 -0.011908 0.042255
v 0.710709 -0.010345 0.084505
v 0.710709 -0.010345 0.126755
v 0.710707 -0.011127 0.126755
v 0.710715 -0.008002 0.042255
v 0.710713 -0.008783 0.084505
v 0.710713 -0.008783 0.042255
v 0.710733 -0.000971 0.464755
v 0.710731 -0.001752 0.464755
v 0.710733 -0.000971 0.422505
v 0.710731 -0.001752 0.549255
v 0.710729 -0.002534 0.591505
v 0.710729 -0.002534 0.549255
v 0.710733 -0.000971 0.633755
v 0.710731 -0.001752 0.633755
v 0.710733 -0.000971 0.591505
v 0.710723 -0.004877 0.380255
v 0.710721 -0.005658 0.422505
v 0.710721 -0.005658 0.380255
v 0.710725 -0.004096 0.422505
v 0.710725 -0.004096 0.464755
v 0.710723 -0.004877 0.464755
v 0.710731 -0.001752 0.380255
v 0.710729 -0.002534 0.422505
v 0.710729 -0.002533 0.380255
v 0.710733 -0.000971 0.126755
v 0.710731 -0.001752 0.126755
v 0.710733 -0.000971 0.084505
v 0.710731 -0.001752 0.211255
v 0.710729 -0.002533 0.253505
v 0.710729 -0.002533 0.211255
v 0.710733 -0.000971 0.295755
v 0.710731 -0.001752 0.295755
v 0.710733 -0.000971 0.253505
v -0.266504 0.008665 -0.675995
v -0.310923 0.009458 -0.675995
v -0.310921 0.010239 -0.675995
v -0.222089 0.006309 -0.675995
v -0.222091 0.005528 -0.675995
v -0.266508 0.007102 -0.675995
v -0.088836 0.002367 -0.675995
v -0.133255 0.003160 -0.675995
v -0.133253 0.003942 -0.675995
v -0.577432 0.015779 -0.675995
v -0.577434 0.014997 -0.675995
v -0.621851 0.016572 -0.675995
v -0.488596 0.013411 -0.675995
v -0.444180 0.011837 -0.675995
v -0.488599 0.012630 -0.675995
v -0.399757 0.012606 -0.675995
v -0.399759 0.011825 -0.675995
v -0.444175 0.013399 -0.675995
v -0.621839 0.021259 -0.675995
v -0.666258 0.022052 -0.675995
v -0.666256 0.022833 -0.675995
v -0.577424 0.018904 -0.675995
v -0.577426 0.018122 -0.675995
v -0.621843 0.019697 -0.675995
v -0.444171 0.014962 -0.675995
v -0.488590 0.015755 -0.675995
v -0.488588 0.016536 -0.675995
v -0.222097 0.003184 -0.675995
v -0.222099 0.002403 -0.675996
v -0.266516 0.003977 -0.675995
v -0.133261 0.000817 -0.675996
v -0.088844 -0.000758 -0.675996
v -0.133263 0.000035 -0.675996
v -0.044421 0.000012 -0.675995
v -0.044423 -0.000769 -0.675996
v -0.088840 0.000805 -0.675995
v -0.310945 0.000864 -0.675996
v -0.266528 -0.000710 -0.675996
v -0.310947 0.000083 -0.675996
v -0.266524 0.000852 -0.675996
v -0.222105 0.000059 -0.675996
v -0.222107 -0.000722 -0.675996
v -0.310937 0.003989 -0.675996
v -0.266520 0.002415 -0.675996
v -0.310939 0.003208 -0.675996
v -0.577449 0.009529 -0.675995
v -0.577451 0.008747 -0.675996
v -0.621868 0.010322 -0.675995
v -0.488613 0.007161 -0.675996
v -0.444196 0.005587 -0.675996
v -0.488615 0.006380 -0.675996
v -0.399773 0.006356 -0.675995
v -0.399775 0.005575 -0.675996
v -0.444192 0.007149 -0.675995
v 0.444167 -0.016524 -0.675996
v 0.399748 -0.015731 -0.675996
v 0.399750 -0.014950 -0.675996
v 0.488582 -0.018880 -0.675996
v 0.488580 -0.019661 -0.675996
v 0.444163 -0.018087 -0.675996
v 0.621835 -0.022822 -0.675996
v 0.577416 -0.022029 -0.675996
v 0.577418 -0.021247 -0.675996
v 0.133239 -0.009410 -0.675996
v 0.133237 -0.010192 -0.675996
v 0.088820 -0.008617 -0.675996
v 0.222075 -0.011778 -0.675996
v 0.266491 -0.013352 -0.675996
v 0.222073 -0.012559 -0.675996
v 0.310914 -0.012583 -0.675996
v 0.310912 -0.013364 -0.675996
v 0.266496 -0.011790 -0.675996
v 0.088832 -0.003930 -0.675996
v 0.044413 -0.003137 -0.675996
v 0.044415 -0.002356 -0.675996
v 0.133247 -0.006285 -0.675996
v 0.133245 -0.007067 -0.675996
v 0.088828 -0.005492 -0.675996
v 0.266500 -0.010227 -0.675996
v 0.222081 -0.009434 -0.675996
v 0.222083 -0.008653 -0.675996
v -0.222064 0.015684 -0.675995
v -0.222066 0.014903 -0.675995
v -0.266483 0.016477 -0.675995
v -0.133228 0.013317 -0.675995
v -0.088812 0.011742 -0.675995
v -0.133231 0.012535 -0.675995
v -0.044389 0.012512 -0.675995
v -0.044391 0.011731 -0.675995
v -0.088807 0.013305 -0.675995
v -0.310912 0.013364 -0.675995
v -0.266496 0.011790 -0.675995
v -0.310914 0.012583 -0.675995
v -0.266491 0.013352 -0.675995
v -0.222073 0.012559 -0.675995
v -0.222075 0.011778 -0.675995
v -0.310904 0.016489 -0.675995
v -0.266487 0.014915 -0.675995
v -0.310906 0.015708 -0.675995
v -0.577416 0.022029 -0.675995
v -0.577418 0.021247 -0.675995
v -0.621835 0.022822 -0.675995
v -0.488580 0.019661 -0.675995
v -0.444163 0.018087 -0.675995
v -0.488582 0.018880 -0.675995
v -0.399740 0.018856 -0.675995
v -0.399742 0.018075 -0.675995
v -0.444159 0.019649 -0.675995
v 0.044439 0.007019 -0.675995
v 0.088856 0.005445 -0.675996
v 0.044437 0.006238 -0.675995
v 0.088860 0.007008 -0.675996
v 0.133279 0.006215 -0.675996
v 0.133277 0.005433 -0.675996
v 0.044447 0.010144 -0.675995
v 0.088864 0.008570 -0.675996
v 0.044445 0.009363 -0.675995
v 0.266520 -0.002415 -0.675996
v 0.310939 -0.003208 -0.675996
v 0.310937 -0.003989 -0.675996
v 0.222105 -0.000059 -0.675996
v 0.222107 0.000722 -0.675996
v 0.266524 -0.000852 -0.675996
v 0.088852 0.003883 -0.675996
v 0.133271 0.003090 -0.675996
v 0.133269 0.002308 -0.675996
v 0.044423 0.000769 -0.675995
v 0.088840 -0.000805 -0.675996
v 0.044421 -0.000012 -0.675995
v 0.088844 0.000758 -0.675996
v 0.133263 -0.000035 -0.675996
v 0.133261 -0.000817 -0.675996
v 0.044431 0.003894 -0.675995
v 0.088848 0.002320 -0.675996
v 0.044429 0.003113 -0.675995
v 0.488639 0.002995 -0.675996
v 0.488637 0.002214 -0.675996
v 0.444220 0.003788 -0.675996
v 0.577475 0.000628 -0.675996
v 0.621892 -0.000947 -0.675996
v 0.577473 -0.000154 -0.675996
v 0.666315 -0.000177 -0.675996
v 0.666313 -0.000958 -0.675996
v 0.621896 0.000616 -0.675996
v 0.399791 0.000675 -0.675996
v 0.444208 -0.000899 -0.675996
v 0.399789 -0.000106 -0.675996
v 0.444212 0.000663 -0.675996
v 0.488631 -0.000130 -0.675996
v 0.488629 -0.000911 -0.675996
v 0.399799 0.003800 -0.675996
v 0.444216 0.002226 -0.675996
v 0.399797 0.003019 -0.675996
v 0.133287 0.009340 -0.675996
v 0.133285 0.008558 -0.675996
v 0.088868 0.010133 -0.675996
v 0.222123 0.006972 -0.675996
v 0.266540 0.005398 -0.675996
v 0.222121 0.006191 -0.675996
v 0.310963 0.006167 -0.675996
v 0.310961 0.005386 -0.675996
v 0.266544 0.006960 -0.675996
v 0.222062 -0.016465 -0.253496
v 0.222062 -0.016465 -0.295746
v 0.266481 -0.017258 -0.295746
v 0.133224 -0.014879 -0.211246
v 0.088805 -0.014086 -0.211246
v 0.133224 -0.014879 -0.253496
v 0.044386 -0.013293 -0.084496
v 0.044386 -0.013293 -0.126746
v 0.088805 -0.014086 -0.126746
v 0.310900 -0.018051 -0.549246
v 0.266481 -0.017258 -0.549246
v 0.310900 -0.018051 -0.591496
v 0.266481 -0.017258 -0.464746
v 0.222062 -0.016465 -0.422496
v 0.222062 -0.016465 -0.464746
v 0.310900 -0.018051 -0.380246
v 0.266481 -0.017258 -0.380246
v 0.310900 -0.018051 -0.422496
v 0.577414 -0.022810 -0.591496
v 0.577414 -0.022810 -0.633746
v 0.621833 -0.023603 -0.633746
v 0.488576 -0.021224 -0.549246
v 0.444157 -0.020431 -0.549246
v 0.488576 -0.021224 -0.591496
v 0.399738 -0.019638 -0.422496
v 0.399738 -0.019638 -0.464746
v 0.444157 -0.020431 -0.464746
v -0.044451 -0.011707 -0.211246
v -0.088870 -0.010914 -0.211246
v -0.044451 -0.011707 -0.253496
v -0.088870 -0.010914 -0.126746
v -0.133289 -0.010121 -0.084496
v -0.133289 -0.010121 -0.126746
v -0.044451 -0.011707 -0.042246
v -0.088870 -0.010914 -0.042246
v -0.044451 -0.011707 -0.084496
v -0.266546 -0.007742 -0.295746
v -0.310965 -0.006949 -0.253496
v -0.310965 -0.006949 -0.295746
v -0.222127 -0.008535 -0.253496
v -0.222127 -0.008535 -0.211246
v -0.266546 -0.007742 -0.211246
v -0.088870 -0.010914 -0.295746
v -0.133289 -0.010121 -0.253496
v -0.133289 -0.010121 -0.295746
v -0.044451 -0.011707 -0.549246
v -0.088870 -0.010914 -0.549246
v -0.044451 -0.011707 -0.591496
v -0.088870 -0.010914 -0.464746
v -0.133289 -0.010121 -0.422496
v -0.133289 -0.010121 -0.464746
v -0.044451 -0.011707 -0.380246
v -0.088870 -0.010914 -0.380246
v -0.044451 -0.011707 -0.422496
v -0.488641 -0.003776 0.422505
v -0.488641 -0.003776 0.380255
v -0.444222 -0.004569 0.380255
v -0.577479 -0.002190 0.464755
v -0.621898 -0.001397 0.464755
v -0.577479 -0.002190 0.422505
v -0.666317 -0.000604 0.591505
v -0.666317 -0.000604 0.549255
v -0.621898 -0.001397 0.549255
v -0.399803 -0.005362 0.126755
v -0.444222 -0.004569 0.126755
v -0.399803 -0.005362 0.084505
v -0.444222 -0.004569 0.211255
v -0.488641 -0.003776 0.253505
v -0.488641 -0.003776 0.211255
v -0.399803 -0.005362 0.295755
v -0.444222 -0.004569 0.295755
v -0.399803 -0.005362 0.253505
v -0.133289 -0.010121 0.084505
v -0.133289 -0.010121 0.042255
v -0.088870 -0.010914 0.042255
v -0.222127 -0.008535 0.126755
v -0.266546 -0.007742 0.126755
v -0.222127 -0.008535 0.084505
v -0.310965 -0.006949 0.253505
v -0.310965 -0.006949 0.211255
v -0.266546 -0.007742 0.211255
v 0.666252 -0.024396 -0.211246
v 0.621833 -0.023603 -0.211246
v 0.666252 -0.024396 -0.253496
v 0.621833 -0.023603 -0.126746
v 0.577414 -0.022810 -0.084496
v 0.577414 -0.022810 -0.126746
v 0.666252 -0.024396 -0.042246
v 0.621833 -0.023603 -0.042246
v 0.666252 -0.024396 -0.084496
v 0.444157 -0.020431 -0.295746
v 0.399738 -0.019638 -0.253496
v 0.399738 -0.019638 -0.295746
v 0.488576 -0.021224 -0.253496
v 0.488576 -0.021224 -0.211246
v 0.444157 -0.020431 -0.211246
v 0.621833 -0.023603 -0.295746
v 0.577414 -0.022810 -0.253496
v 0.577414 -0.022810 -0.295746
v 0.666252 -0.024396 -0.549246
v 0.621833 -0.023603 -0.549246
v 0.666252 -0.024396 -0.591496
v 0.621833 -0.023603 -0.464746
v 0.577414 -0.022810 -0.422496
v 0.577414 -0.022810 -0.464746
v 0.666252 -0.024396 -0.380246
v 0.621833 -0.023603 -0.380246
v 0.666252 -0.024396 -0.422496
v 0.444157 -0.020431 0.042255
v 0.399738 -0.019638 0.084505
v 0.399738 -0.019638 0.042255
v 0.488576 -0.021224 0.084505
v 0.488576 -0.021224 0.126755
v 0.444157 -0.020431 0.126755
v 0.621833 -0.023603 0.042255
v 0.577414 -0.022810 0.084505
v 0.577414 -0.022810 0.042255
v 0.133224 -0.014879 0.253505
v 0.133224 -0.014879 0.295755
v 0.088805 -0.014086 0.295755
v 0.222062 -0.016465 0.211255
v 0.266481 -0.017258 0.211255
v 0.222062 -0.016465 0.253505
v 0.310900 -0.018051 0.084505
v 0.310900 -0.018051 0.126755
v 0.266481 -0.017258 0.126755
v 0.088805 -0.014086 0.042255
v 0.044386 -0.013293 0.084505
v 0.044386 -0.013293 0.042255
v 0.133224 -0.014879 0.084505
v 0.133224 -0.014879 0.126755
v 0.088805 -0.014086 0.126755
v 0.266481 -0.017258 0.042255
v 0.222062 -0.016465 0.084505
v 0.222062 -0.016465 0.042255
v 0.666252 -0.024396 0.464755
v 0.621833 -0.023603 0.464755
v 0.666252 -0.024396 0.422505
v 0.621833 -0.023603 0.549255
v 0.577414 -0.022810 0.591505
v 0.577414 -0.022810 0.549255
v 0.666252 -0.024396 0.633755
v 0.621833 -0.023603 0.633755
v 0.666252 -0.024396 0.591505
v 0.444157 -0.020431 0.380255
v 0.399738 -0.019638 0.422505
v 0.399738 -0.019638 0.380255
v 0.488576 -0.021224 0.422505
v 0.488576 -0.021224 0.464755
v 0.444157 -0.020431 0.464755
v 0.621833 -0.023603 0.380255
v 0.577414 -0.022810 0.422505
v 0.577414 -0.022810 0.380255
v 0.666252 -0.024396 0.126755
v 0.621833 -0.023603 0.126755
v 0.666252 -0.024396 0.084505
v 0.621833 -0.023603 0.211255
v 0.577414 -0.022810 0.253505
v 0.577414 -0.022810 0.211255
v 0.666252 -0.024396 0.295755
v 0.621833 -0.023603 0.295755
v 0.666252 -0.024396 0.253505
v -0.044451 -0.011707 0.464755
v -0.088870 -0.010914 0.464755
v -0.044451 -0.011707 0.422505
v -0.088870 -0.010914 0.549255
v -0.133289 -0.010121 0.591505
v -0.133289 -0.010121 0.549255
v -0.044451 -0.011707 0.633755
v -0.088870 -0.010914 0.633755
v -0.044451 -0.011707 0.591505
v -0.266546 -0.007742 0.380255
v -0.310965 -0.006949 0.422505
v -0.310965 -0.006949 0.380255
v -0.222127 -0.008535 0.422505
v -0.222127 -0.008535 0.464755
v -0.266546 -0.007742 0.464755
v -0.088870 -0.010914 0.380255
v -0.133289 -0.010121 0.422505
v -0.133289 -0.010121 0.380255
v -0.044451 -0.011707 0.126755
v -0.088870 -0.010914 0.126755
v -0.044451 -0.011707 0.084505
v -0.088870 -0.010914 0.211255
v -0.133289 -0.010121 0.253505
v -0.133289 -0.010121 0.211255
v -0.044451 -0.011707 0.295755
v -0.088870 -0.010914 0.295755
v -0.044451 -0.011707 0.253505
v -0.488641 -0.003776 -0.253496
v -0.488641 -0.003776 -0.295746
v -0.444222 -0.004569 -0.295746
v -0.577479 -0.002190 -0.211246
v -0.621898 -0.001397 -0.211246
v -0.577479 -0.002190 -0.253496
v -0.666317 -0.000604 -0.084496
v -0.666317 -0.000604 -0.126746
v -0.621898 -0.001397 -0.126746
v -0.399803 -0.005362 -0.549246
v -0.444222 -0.004569 -0.549246
v -0.399803 -0.005362 -0.591496
v -0.444222 -0.004569 -0.464746
v -0.488641 -0.003776 -0.422496
v -0.488641 -0.003776 -0.464746
v -0.399803 -0.005362 -0.380246
v -0.444222 -0.004569 -0.380246
v -0.399803 -0.005362 -0.422496
v -0.133289 -0.010121 -0.591496
v -0.133289 -0.010121 -0.633746
v -0.088870 -0.010914 -0.633746
v -0.222127 -0.008535 -0.549246
v -0.266546 -0.007742 -0.549246
v -0.222127 -0.008535 -0.591496
v -0.310965 -0.006949 -0.422496
v -0.310965 -0.006949 -0.464746
v -0.266546 -0.007742 -0.464746
v 0.488607 -0.009505 -0.675996
v 0.488605 -0.010286 -0.675996
v 0.444188 -0.008712 -0.675996
v 0.577443 -0.011872 -0.675996
v 0.621859 -0.013447 -0.675996
v 0.577441 -0.012654 -0.675996
v 0.666283 -0.012677 -0.675996
v 0.666281 -0.013458 -0.675996
v 0.621864 -0.011884 -0.675996
v 0.399759 -0.011825 -0.675996
v 0.444175 -0.013399 -0.675996
v 0.399757 -0.012606 -0.675996
v 0.444180 -0.011837 -0.675996
v 0.488599 -0.012630 -0.675996
v 0.488596 -0.013411 -0.675996
v 0.399767 -0.008700 -0.675996
v 0.444184 -0.010274 -0.675996
v 0.399765 -0.009481 -0.675996
v 0.133255 -0.003160 -0.675996
v 0.133253 -0.003942 -0.675996
v 0.088836 -0.002367 -0.675996
v 0.222091 -0.005528 -0.675996
v 0.266508 -0.007102 -0.675996
v 0.222089 -0.006309 -0.675996
v 0.310931 -0.006333 -0.675996
v 0.310929 -0.007114 -0.675996
v 0.266512 -0.005540 -0.675996
v -0.266536 -0.003835 -0.675996
v -0.310955 -0.003042 -0.675996
v -0.310953 -0.002261 -0.675996
v -0.222121 -0.006191 -0.675996
v -0.222123 -0.006972 -0.675996
v -0.266540 -0.005398 -0.675996
v -0.088868 -0.010133 -0.675996
v -0.133287 -0.009340 -0.675996
v -0.133285 -0.008558 -0.675996
v -0.577465 0.003279 -0.675996
v -0.577467 0.002497 -0.675996
v -0.621884 0.004072 -0.675996
v -0.488629 0.000911 -0.675996
v -0.444212 -0.000663 -0.675996
v -0.488631 0.000130 -0.675996
v -0.399789 0.000106 -0.675996
v -0.399791 -0.000675 -0.675996
v -0.444208 0.000899 -0.675996
v -0.621872 0.008759 -0.675996
v -0.666291 0.009552 -0.675996
v -0.666289 0.010333 -0.675996
v -0.577457 0.006404 -0.675996
v -0.577459 0.005622 -0.675996
v -0.621876 0.007197 -0.675996
v -0.444204 0.002462 -0.675996
v -0.488623 0.003255 -0.675996
v -0.488621 0.004036 -0.675996
v 0.710701 -0.013471 0.464755
v 0.710699 -0.014252 0.464755
v 0.710701 -0.013471 0.422505
v 0.710699 -0.014252 0.549255
v 0.710697 -0.015033 0.591505
v 0.710697 -0.015033 0.549255
v 0.710701 -0.013471 0.633755
v 0.710699 -0.014252 0.633755
v 0.710701 -0.013471 0.591505
v 0.710691 -0.017377 0.380255
v 0.710689 -0.018158 0.422505
v 0.710689 -0.018158 0.380255
v 0.710693 -0.016595 0.422505
v 0.710693 -0.016595 0.464755
v 0.710691 -0.017377 0.464755
v 0.710699 -0.014252 0.380255
v 0.710697 -0.015033 0.422505
v 0.710697 -0.015033 0.380255
v 0.710701 -0.013470 0.126755
v 0.710699 -0.014252 0.126755
v 0.710701 -0.013470 0.084505
v 0.710699 -0.014252 0.211255
v 0.710697 -0.015033 0.253505
v 0.710697 -0.015033 0.211255
v 0.710701 -0.013470 0.295755
v 0.710699 -0.014252 0.295755
v 0.710701 -0.013470 0.253505
v 0.710681 -0.021283 -0.253496
v 0.710681 -0.021283 -0.295746
v 0.710683 -0.020502 -0.295746
v 0.710677 -0.022845 -0.211246
v 0.710675 -0.023627 -0.211246
v 0.710677 -0.022845 -0.253496
v 0.710673 -0.024408 -0.084496
v 0.710673 -0.024408 -0.126746
v 0.710675 -0.023627 -0.126746
v 0.710685 -0.019720 -0.549246
v 0.710683 -0.020502 -0.549246
v 0.710685 -0.019720 -0.591496
v 0.710683 -0.020502 -0.464746
v 0.710681 -0.021283 -0.422496
v 0.710681 -0.021283 -0.464746
v 0.710685 -0.019720 -0.380246
v 0.710683 -0.020502 -0.380246
v 0.710685 -0.019720 -0.422496
v 0.710697 -0.015033 -0.591496
v 0.710697 -0.015033 -0.633746
v 0.710699 -0.014252 -0.633746
v 0.710693 -0.016595 -0.549246
v 0.710691 -0.017377 -0.549246
v 0.710693 -0.016595 -0.591496
v 0.710689 -0.018158 -0.422496
v 0.710689 -0.018158 -0.464746
v 0.710691 -0.017377 -0.464746
v -0.488611 0.007942 0.676005
v -0.488613 0.007161 0.676005
v -0.444192 0.007149 0.676005
v -0.577451 0.008747 0.676005
v -0.621872 0.008759 0.676005
v -0.577453 0.007966 0.676005
v -0.666287 0.011114 0.676005
v -0.666289 0.010333 0.676005
v -0.621868 0.010321 0.676005
v -0.399783 0.002450 0.676005
v -0.444204 0.002462 0.676005
v -0.399785 0.001669 0.676005
v -0.444200 0.004024 0.676005
v -0.488619 0.004817 0.676005
v -0.488621 0.004036 0.676005
v -0.399775 0.005575 0.676005
v -0.444196 0.005587 0.676005
v -0.399777 0.004793 0.676005
v -0.133259 0.001597 0.676005
v -0.133261 0.000816 0.676005
v -0.088840 0.000804 0.676005
v -0.222099 0.002402 0.676005
v -0.266520 0.002414 0.676005
v -0.222101 0.001621 0.676005
v -0.310935 0.004770 0.676005
v -0.310937 0.003989 0.676005
v -0.266516 0.003977 0.676005
v 0.266491 -0.013352 0.676005
v 0.310910 -0.014145 0.676005
v 0.310912 -0.013364 0.676005
v 0.222068 -0.014122 0.676005
v 0.222066 -0.014903 0.676005
v 0.266487 -0.014915 0.676005
v 0.088807 -0.013305 0.676005
v 0.133226 -0.014098 0.676005
v 0.133228 -0.013317 0.676005
v 0.577428 -0.017341 0.676005
v 0.577426 -0.018123 0.676005
v 0.621847 -0.018134 0.676005
v 0.488588 -0.016536 0.676005
v 0.444167 -0.016525 0.676005
v 0.488586 -0.017318 0.676005
v 0.399752 -0.014169 0.676005
v 0.399750 -0.014950 0.676005
v 0.444171 -0.014962 0.676005
v 0.621859 -0.013447 0.676005
v 0.666278 -0.014240 0.676005
v 0.666280 -0.013459 0.676005
v 0.577436 -0.014216 0.676005
v 0.577434 -0.014998 0.676005
v 0.621855 -0.015010 0.676005
v 0.444175 -0.013400 0.676005
v 0.488594 -0.014193 0.676005
v 0.488596 -0.013412 0.676005
v -0.710706 0.011908 -0.464745
v -0.710708 0.011126 -0.464746
v -0.710706 0.011908 -0.422495
v -0.710708 0.011126 -0.549245
v -0.710710 0.010345 -0.591496
v -0.710710 0.010345 -0.549246
v -0.710706 0.011908 -0.633745
v -0.710708 0.011127 -0.633746
v -0.710706 0.011908 -0.591496
v -0.710716 0.008001 -0.380246
v -0.710718 0.007220 -0.422496
v -0.710718 0.007220 -0.380246
v -0.710714 0.008783 -0.422496
v -0.710714 0.008783 -0.464746
v -0.710716 0.008001 -0.464746
v -0.710708 0.011126 -0.380246
v -0.710710 0.010345 -0.422496
v -0.710710 0.010345 -0.380246
v -0.710706 0.011907 -0.126745
v -0.710708 0.011126 -0.126746
v -0.710706 0.011907 -0.084495
v -0.710708 0.011126 -0.211246
v -0.710710 0.010345 -0.253496
v -0.710710 0.010345 -0.211246
v -0.710706 0.011908 -0.295745
v -0.710708 0.011126 -0.295746
v -0.710706 0.011907 -0.253495
v -0.710726 0.004095 0.253505
v -0.710726 0.004095 0.295755
v -0.710724 0.004876 0.295755
v -0.710730 0.002533 0.211255
v -0.710732 0.001751 0.211255
v -0.710730 0.002533 0.253505
v -0.710734 0.000970 0.084505
v -0.710734 0.000970 0.126755
v -0.710732 0.001751 0.126755
v -0.710722 0.005658 0.549255
v -0.710724 0.004876 0.549255
v -0.710722 0.005658 0.591505
v -0.710724 0.004876 0.464755
v -0.710726 0.004095 0.422505
v -0.710726 0.004095 0.464755
v -0.710722 0.005658 0.380255
v -0.710724 0.004876 0.380255
v -0.710722 0.005658 0.422505
v -0.710710 0.010345 0.591505
v -0.710710 0.010345 0.633755
v -0.710708 0.011126 0.633755
v -0.710714 0.008782 0.549255
v -0.710716 0.008001 0.549255
v -0.710714 0.008782 0.591505
v -0.710718 0.007220 0.422505
v -0.710718 0.007220 0.464755
v -0.710716 0.008001 0.464755
v -0.044387 0.013293 -0.464745
v -0.088806 0.014086 -0.464745
v -0.044387 0.013293 -0.422495
v -0.088806 0.014086 -0.549245
v -0.133224 0.014879 -0.591495
v -0.133225 0.014879 -0.549245
v -0.044387 0.013293 -0.633745
v -0.088805 0.014086 -0.633745
v -0.044387 0.013293 -0.591495
v -0.266482 0.017258 -0.380245
v -0.310900 0.018051 -0.422495
v -0.310901 0.018051 -0.380245
v -0.222063 0.016465 -0.422495
v -0.222063 0.016465 -0.464745
v -0.266481 0.017258 -0.464745
v -0.088806 0.014086 -0.380245
v -0.133225 0.014879 -0.422495
v -0.133225 0.014879 -0.380245
v -0.044387 0.013293 -0.126745
v -0.088806 0.014086 -0.126745
v -0.044387 0.013293 -0.084495
v -0.088806 0.014086 -0.211245
v -0.133225 0.014879 -0.253495
v -0.133225 0.014879 -0.211245
v -0.044387 0.013293 -0.295745
v -0.088806 0.014086 -0.295745
v -0.044387 0.013293 -0.253495
v -0.488576 0.021223 0.253505
v -0.488576 0.021223 0.295755
v -0.444157 0.020430 0.295755
v -0.577414 0.022809 0.211255
v -0.621833 0.023602 0.211255
v -0.577414 0.022809 0.253505
v -0.666252 0.024395 0.084505
v -0.666252 0.024395 0.126755
v -0.621833 0.023602 0.126755
v -0.399738 0.019637 0.549255
v -0.444157 0.020430 0.549255
v -0.399738 0.019637 0.591505
v -0.444157 0.020430 0.464755
v -0.488576 0.021223 0.422505
v -0.488576 0.021223 0.464755
v -0.399738 0.019637 0.380255
v -0.444157 0.020430 0.380255
v -0.399738 0.019637 0.422505
v -0.133225 0.014878 0.591505
v -0.133225 0.014878 0.633755
v -0.088806 0.014085 0.633755
v -0.222063 0.016464 0.549255
v -0.266482 0.017257 0.549255
v -0.222063 0.016464 0.591505
v -0.310901 0.018051 0.422505
v -0.310901 0.018051 0.464755
v -0.266482 0.017258 0.464755
v -0.310901 0.018051 0.591505
v -0.310901 0.018050 0.633755
v -0.266482 0.017257 0.633755
v -0.577414 0.022809 0.380255
v -0.621833 0.023602 0.380255
v -0.577414 0.022809 0.422505
v -0.666252 0.024395 0.253505
v -0.666252 0.024395 0.295755
v -0.621833 0.023602 0.295755
v -0.222063 0.016465 -0.295745
v -0.266482 0.017258 -0.295745
v -0.222063 0.016465 -0.253495
v -0.266481 0.017258 -0.549245
v -0.310900 0.018051 -0.591495
v -0.310900 0.018051 -0.549245
v -0.222062 0.016465 -0.633745
v -0.266481 0.017258 -0.633745
v -0.222062 0.016465 -0.591495
v -0.710718 0.007220 0.591505
v -0.710718 0.007220 0.633755
v -0.710716 0.008001 0.633755
v -0.710730 0.002533 0.380255
v -0.710732 0.001751 0.380255
v -0.710730 0.002533 0.422505
v -0.710734 0.000970 0.253505
v -0.710734 0.000970 0.295755
v -0.710732 0.001751 0.295755
v -0.710714 0.008783 -0.295746
v -0.710716 0.008001 -0.295746
v -0.710714 0.008782 -0.253496
v -0.710716 0.008001 -0.549246
v -0.710718 0.007220 -0.591496
v -0.710718 0.007220 -0.549246
v -0.710714 0.008783 -0.633746
v -0.710716 0.008002 -0.633746
v -0.710714 0.008783 -0.591496
v 0.621851 -0.016572 0.676005
v 0.666270 -0.017365 0.676005
v 0.666272 -0.016584 0.676005
v 0.399744 -0.017294 0.676005
v 0.399742 -0.018075 0.676005
v 0.444163 -0.018087 0.676005
v 0.266483 -0.016477 0.676005
v 0.310902 -0.017270 0.676005
v 0.310904 -0.016489 0.676005
v -0.310943 0.001645 0.676005
v -0.310945 0.000864 0.676005
v -0.266524 0.000852 0.676005
v -0.577459 0.005622 0.676005
v -0.621880 0.005634 0.676005
v -0.577461 0.004841 0.676005
v -0.666295 0.007989 0.676005
v -0.666297 0.007208 0.676005
v -0.621876 0.007196 0.676005
v 0.710689 -0.018158 -0.591496
v 0.710689 -0.018158 -0.633746
v 0.710691 -0.017377 -0.633746
v 0.710677 -0.022845 -0.380246
v 0.710675 -0.023627 -0.380246
v 0.710677 -0.022845 -0.422496
v 0.710673 -0.024408 -0.253496
v 0.710673 -0.024408 -0.295746
v 0.710675 -0.023627 -0.295746
v 0.710693 -0.016595 0.295755
v 0.710691 -0.017377 0.295755
v 0.710693 -0.016595 0.253505
v 0.710691 -0.017377 0.549255
v 0.710689 -0.018158 0.591505
v 0.710689 -0.018158 0.549255
v 0.710693 -0.016596 0.633755
v 0.710691 -0.017377 0.633755
v 0.710693 -0.016596 0.591505
v -0.621880 0.005634 -0.675996
v -0.666299 0.006427 -0.675996
v -0.666297 0.007208 -0.675996
v -0.399797 -0.003019 -0.675996
v -0.399799 -0.003800 -0.675996
v -0.444216 -0.002226 -0.675996
v -0.266544 -0.006960 -0.675996
v -0.310963 -0.006167 -0.675996
v -0.310961 -0.005386 -0.675996
v 0.310923 -0.009458 -0.675996
v 0.310921 -0.010239 -0.675996
v 0.266504 -0.008665 -0.675996
v 0.577434 -0.014997 -0.675996
v 0.621851 -0.016572 -0.675996
v 0.577432 -0.015779 -0.675996
v 0.666274 -0.015802 -0.675996
v 0.666272 -0.016583 -0.675996
v 0.621855 -0.015009 -0.675996
v -0.310965 -0.006949 -0.591496
v -0.310965 -0.006949 -0.633746
v -0.266546 -0.007742 -0.633746
v -0.577479 -0.002190 -0.380246
v -0.621898 -0.001397 -0.380246
v -0.577479 -0.002190 -0.422496
v -0.666317 -0.000604 -0.253496
v -0.666317 -0.000604 -0.295746
v -0.621898 -0.001397 -0.295746
v -0.222127 -0.008535 0.295755
v -0.266546 -0.007742 0.295755
v -0.222127 -0.008535 0.253505
v -0.266546 -0.007742 0.549255
v -0.310965 -0.006949 0.591505
v -0.310965 -0.006949 0.549255
v -0.222127 -0.008535 0.633755
v -0.266546 -0.007742 0.633755
v -0.222127 -0.008535 0.591505
v 0.488576 -0.021224 0.295755
v 0.444157 -0.020431 0.295755
v 0.488576 -0.021224 0.253505
v 0.444157 -0.020431 0.549255
v 0.399738 -0.019638 0.591505
v 0.399738 -0.019638 0.549255
v 0.488576 -0.021224 0.633755
v 0.444157 -0.020431 0.633755
v 0.488576 -0.021224 0.591505
v 0.088805 -0.014086 0.211255
v 0.044386 -0.013293 0.253505
v 0.044386 -0.013293 0.211255
v 0.310900 -0.018051 0.253505
v 0.310900 -0.018051 0.295755
v 0.266481 -0.017258 0.295755
v 0.444157 -0.020431 0.211255
v 0.399738 -0.019638 0.253505
v 0.399738 -0.019638 0.211255
v 0.488576 -0.021224 -0.380246
v 0.444157 -0.020431 -0.380246
v 0.488576 -0.021224 -0.422496
v 0.444157 -0.020431 -0.126746
v 0.399738 -0.019638 -0.084496
v 0.399738 -0.019638 -0.126746
v 0.488576 -0.021224 -0.042246
v 0.444157 -0.020431 -0.042246
v 0.488576 -0.021224 -0.084496
v -0.310965 -0.006949 0.084505
v -0.310965 -0.006949 0.042255
v -0.266546 -0.007742 0.042255
v -0.577479 -0.002190 0.295755
v -0.621898 -0.001397 0.295755
v -0.577479 -0.002190 0.253505
v -0.666317 -0.000604 0.422505
v -0.666317 -0.000604 0.380255
v -0.621898 -0.001397 0.380255
v -0.222127 -0.008535 -0.380246
v -0.266546 -0.007742 -0.380246
v -0.222127 -0.008535 -0.422496
v -0.266546 -0.007742 -0.126746
v -0.310965 -0.006949 -0.084496
v -0.310965 -0.006949 -0.126746
v -0.222127 -0.008535 -0.042246
v -0.266546 -0.007742 -0.042246
v -0.222127 -0.008535 -0.084496
v 0.399738 -0.019638 -0.591496
v 0.399738 -0.019638 -0.633746
v 0.444157 -0.020431 -0.633746
v 0.133224 -0.014879 -0.380246
v 0.088805 -0.014086 -0.380246
v 0.133224 -0.014879 -0.422496
v 0.044386 -0.013293 -0.253496
v 0.044386 -0.013293 -0.295746
v 0.088805 -0.014086 -0.295746
v 0.310955 0.003042 -0.675996
v 0.310953 0.002261 -0.675996
v 0.266536 0.003835 -0.675996
v 0.577467 -0.002497 -0.675996
v 0.621884 -0.004072 -0.675996
v 0.577465 -0.003279 -0.675996
v 0.666307 -0.003302 -0.675996
v 0.666305 -0.004083 -0.675996
v 0.621888 -0.002509 -0.675996
v 0.222099 -0.002403 -0.675996
v 0.266516 -0.003977 -0.675996
v 0.222097 -0.003184 -0.675996
v 0.266528 0.000710 -0.675996
v 0.310947 -0.000083 -0.675996
v 0.310945 -0.000864 -0.675996
v 0.222115 0.003847 -0.675996
v 0.266532 0.002273 -0.675996
v 0.222113 0.003066 -0.675996
v -0.399748 0.015731 -0.675995
v -0.399750 0.014950 -0.675995
v -0.444167 0.016524 -0.675995
v -0.133237 0.010192 -0.675995
v -0.088820 0.008617 -0.675995
v -0.133239 0.009410 -0.675995
v -0.044397 0.009387 -0.675995
v -0.044399 0.008606 -0.675995
v -0.088816 0.010180 -0.675995
v 0.088824 -0.007055 -0.675996
v 0.044405 -0.006262 -0.675996
v 0.044407 -0.005481 -0.675996
v 0.310906 -0.015708 -0.675996
v 0.310904 -0.016489 -0.675996
v 0.266487 -0.014915 -0.675996
v 0.444159 -0.019649 -0.675996
v 0.399740 -0.018856 -0.675996
v 0.399742 -0.018075 -0.675996
v -0.399781 0.003231 -0.675996
v -0.399783 0.002450 -0.675996
v -0.444200 0.004024 -0.675996
v -0.133269 -0.002308 -0.675996
v -0.088852 -0.003883 -0.675996
v -0.133271 -0.003090 -0.675996
v -0.044429 -0.003113 -0.675996
v -0.044431 -0.003894 -0.675996
v -0.088848 -0.002320 -0.675996
v -0.621847 0.018134 -0.675995
v -0.666266 0.018927 -0.675995
v -0.666264 0.019708 -0.675995
v -0.399765 0.009481 -0.675995
v -0.399767 0.008700 -0.675995
v -0.444184 0.010274 -0.675995
v -0.266512 0.005540 -0.675995
v -0.310931 0.006333 -0.675995
v -0.310929 0.007114 -0.675995
v 0.710725 -0.004096 0.295755
v 0.710723 -0.004877 0.295755
v 0.710725 -0.004096 0.253505
v 0.710723 -0.004877 0.549255
v 0.710721 -0.005659 0.591505
v 0.710721 -0.005658 0.549255
v 0.710725 -0.004096 0.633755
v 0.710723 -0.004877 0.633755
v 0.710725 -0.004096 0.591505
v 0.710707 -0.011127 0.211255
v 0.710705 -0.011908 0.253505
v 0.710705 -0.011908 0.211255
v 0.710717 -0.007221 0.253505
v 0.710717 -0.007221 0.295755
v 0.710715 -0.008002 0.295755
v 0.710723 -0.004877 0.211255
v 0.710721 -0.005658 0.253505
v 0.710721 -0.005658 0.211255
v 0.710726 -0.004095 -0.380246
v 0.710724 -0.004877 -0.380246
v 0.710726 -0.004095 -0.422496
v 0.710724 -0.004877 -0.126746
v 0.710721 -0.005658 -0.084496
v 0.710722 -0.005658 -0.126746
v 0.710725 -0.004096 -0.042246
v 0.710724 -0.004877 -0.042246
v 0.710726 -0.004096 -0.084496
v 0.710689 -0.018158 0.084505
v 0.710689 -0.018158 0.042255
v 0.710691 -0.017377 0.042255
v 0.710677 -0.022845 0.295755
v 0.710675 -0.023627 0.295755
v 0.710677 -0.022845 0.253505
v 0.710673 -0.024408 0.422505
v 0.710673 -0.024408 0.380255
v 0.710675 -0.023627 0.380255
v 0.710693 -0.016595 -0.380246
v 0.710691 -0.017377 -0.380246
v 0.710693 -0.016595 -0.422496
v 0.710691 -0.017377 -0.126746
v 0.710689 -0.018158 -0.084496
v 0.710689 -0.018158 -0.126746
v 0.710693 -0.016595 -0.042246
v 0.710691 -0.017377 -0.042246
v 0.710693 -0.016595 -0.084496
v 0.710722 -0.005658 -0.591496
v 0.710722 -0.005658 -0.633746
v 0.710724 -0.004877 -0.633746
v 0.710710 -0.010345 -0.380246
v 0.710708 -0.011127 -0.380246
v 0.710710 -0.010345 -0.422496
v 0.710706 -0.011908 -0.253496
v 0.710706 -0.011908 -0.295746
v 0.710708 -0.011127 -0.295746
v -0.310911 0.014144 0.676005
v -0.310913 0.013363 0.676005
v -0.266492 0.013351 0.676005
v -0.577426 0.018122 0.676005
v -0.621847 0.018133 0.676005
v -0.577428 0.017340 0.676005
v -0.666262 0.020489 0.676005
v -0.666264 0.019708 0.676005
v -0.621843 0.019696 0.676005
v -0.222091 0.005527 0.676005
v -0.266512 0.005539 0.676005
v -0.222093 0.004746 0.676005
v -0.266500 0.010226 0.676005
v -0.310919 0.011019 0.676005
v -0.310921 0.010238 0.676005
v -0.222075 0.011777 0.676005
v -0.266496 0.011789 0.676005
v -0.222077 0.010996 0.676005
v 0.399792 0.001455 0.676005
v 0.399790 0.000674 0.676005
v 0.444211 0.000662 0.676005
v 0.133277 0.005432 0.676005
v 0.088856 0.005444 0.676005
v 0.133275 0.004651 0.676005
v 0.044441 0.007800 0.676005
v 0.044439 0.007019 0.676005
v 0.088860 0.007007 0.676005
v -0.088852 -0.003883 0.676005
v -0.044433 -0.004676 0.676005
v -0.044431 -0.003895 0.676005
v -0.310959 -0.004605 0.676005
v -0.310961 -0.005386 0.676005
v -0.266540 -0.005398 0.676005
v -0.444220 -0.003788 0.676005
v -0.399801 -0.004581 0.676005
v -0.399799 -0.003800 0.676005
v 0.399760 -0.011044 0.676005
v 0.399758 -0.011825 0.676005
v 0.444179 -0.011837 0.676005
v 0.133244 -0.007067 0.676005
v 0.088823 -0.007055 0.676005
v 0.133242 -0.007848 0.676005
v 0.044408 -0.004700 0.676005
v 0.044406 -0.005481 0.676005
v 0.088827 -0.005493 0.676005
v 0.621883 -0.004072 0.676005
v 0.666302 -0.004866 0.676005
v 0.666304 -0.004084 0.676005
v 0.399776 -0.004794 0.676005
v 0.399774 -0.005576 0.676005
v 0.444195 -0.005588 0.676005
v 0.266515 -0.003978 0.676005
v 0.310934 -0.004771 0.676005
v 0.310936 -0.003990 0.676005
v -0.710681 0.021283 -0.295745
v -0.710683 0.020501 -0.295745
v -0.710681 0.021282 -0.253495
v -0.710683 0.020501 -0.549245
v -0.710685 0.019720 -0.591495
v -0.710685 0.019720 -0.549245
v -0.710681 0.021283 -0.633745
v -0.710683 0.020502 -0.633745
v -0.710681 0.021283 -0.591495
v -0.710699 0.014251 -0.211245
v -0.710701 0.013470 -0.253495
v -0.710701 0.013470 -0.211245
v -0.710689 0.018157 -0.253495
v -0.710689 0.018158 -0.295745
v -0.710691 0.017376 -0.295745
v -0.710683 0.020501 -0.211245
v -0.710685 0.019720 -0.253495
v -0.710685 0.019720 -0.211245
v -0.710681 0.021282 0.380255
v -0.710683 0.020501 0.380255
v -0.710681 0.021282 0.422505
v -0.710683 0.020501 0.126755
v -0.710685 0.019720 0.084505
v -0.710685 0.019720 0.126755
v -0.710681 0.021282 0.042255
v -0.710683 0.020501 0.042255
v -0.710681 0.021282 0.084505
v -0.710718 0.007220 -0.084496
v -0.710718 0.007220 -0.042246
v -0.710716 0.008001 -0.042246
v -0.710730 0.002533 -0.295746
v -0.710732 0.001751 -0.295746
v -0.710730 0.002533 -0.253496
v -0.710734 0.000970 -0.422496
v -0.710734 0.000970 -0.380246
v -0.710732 0.001751 -0.380246
v -0.710714 0.008782 0.380255
v -0.710716 0.008001 0.380255
v -0.710714 0.008782 0.422505
v -0.710716 0.008001 0.126755
v -0.710718 0.007220 0.084505
v -0.710718 0.007220 0.126755
v -0.710714 0.008782 0.042255
v -0.710716 0.008001 0.042255
v -0.710714 0.008782 0.084505
v -0.710685 0.019720 0.591505
v -0.710685 0.019720 0.633755
v -0.710683 0.020501 0.633755
v -0.710697 0.015032 0.380255
v -0.710699 0.014251 0.380255
v -0.710697 0.015032 0.422505
v -0.710701 0.013470 0.253505
v -0.710701 0.013470 0.295755
v -0.710699 0.014251 0.295755
v 0.488641 0.003776 -0.295746
v 0.444222 0.004569 -0.295745
v 0.488641 0.003776 -0.253495
v 0.444222 0.004569 -0.549246
v 0.399803 0.005362 -0.591496
v 0.399803 0.005362 -0.549246
v 0.488641 0.003776 -0.633746
v 0.444222 0.004569 -0.633746
v 0.488641 0.003776 -0.591496
v 0.088870 0.010914 -0.211245
v 0.044451 0.011707 -0.253495
v 0.044451 0.011707 -0.211245
v 0.310965 0.006948 -0.253495
v 0.310965 0.006948 -0.295745
v 0.266546 0.007741 -0.295745
v 0.444222 0.004569 -0.211245
v 0.399803 0.005362 -0.253495
v 0.399803 0.005362 -0.211245
v 0.488640 0.003775 0.380255
v 0.444221 0.004569 0.380255
v 0.488640 0.003775 0.422505
v 0.444222 0.004569 0.126755
v 0.399803 0.005362 0.084505
v 0.399803 0.005362 0.126755
v 0.488641 0.003776 0.042255
v 0.444222 0.004569 0.042255
v 0.488641 0.003776 0.084505
v -0.310901 0.018051 -0.084495
v -0.310901 0.018051 -0.042245
v -0.266482 0.017258 -0.042245
v -0.577414 0.022810 -0.295745
v -0.621833 0.023603 -0.295745
v -0.577414 0.022810 -0.253495
v -0.666252 0.024396 -0.422495
v -0.666252 0.024396 -0.380245
v -0.621833 0.023603 -0.380245
v -0.222063 0.016465 0.380255
v -0.266482 0.017258 0.380255
v -0.222063 0.016465 0.422505
v -0.266482 0.017258 0.126755
v -0.310901 0.018051 0.084505
v -0.310901 0.018051 0.126755
v -0.222063 0.016465 0.042255
v -0.266482 0.017258 0.042255
v -0.222063 0.016465 0.084505
v 0.399802 0.005361 0.591505
v 0.399802 0.005361 0.633755
v 0.444221 0.004568 0.633755
v 0.133289 0.010120 0.380255
v 0.088870 0.010913 0.380255
v 0.133289 0.010120 0.422505
v 0.044451 0.011706 0.253505
v 0.044451 0.011706 0.295755
v 0.088870 0.010913 0.295755
v 0.044451 0.011706 0.591505
v 0.044451 0.011706 0.633755
v 0.088870 0.010913 0.633755
v -0.577414 0.022809 0.042255
v -0.621833 0.023602 0.042255
v -0.577414 0.022809 0.084505
v -0.666252 0.024396 -0.084495
v -0.666252 0.024396 -0.042245
v -0.621833 0.023602 -0.042245
v 0.133289 0.010120 0.042255
v 0.088870 0.010913 0.042255
v 0.133289 0.010120 0.084505
v 0.088870 0.010914 -0.549245
v 0.044451 0.011707 -0.591495
v 0.044451 0.011707 -0.549245
v 0.133289 0.010121 -0.633746
v 0.088870 0.010914 -0.633745
v 0.133289 0.010121 -0.591496
v -0.710701 0.013470 0.591505
v -0.710701 0.013470 0.633755
v -0.710699 0.014251 0.633755
v -0.710730 0.002533 0.042255
v -0.710732 0.001751 0.042255
v -0.710730 0.002533 0.084505
v -0.710734 0.000970 -0.084496
v -0.710734 0.000970 -0.042246
v -0.710732 0.001751 -0.042246
v -0.710697 0.015032 0.042255
v -0.710699 0.014251 0.042255
v -0.710697 0.015032 0.084505
v -0.710699 0.014251 -0.549245
v -0.710701 0.013470 -0.591495
v -0.710701 0.013470 -0.549245
v -0.710697 0.015033 -0.633745
v -0.710699 0.014252 -0.633745
v -0.710697 0.015033 -0.591495
v 0.621867 -0.010322 0.676005
v 0.666286 -0.011115 0.676005
v 0.666288 -0.010334 0.676005
v 0.044392 -0.010949 0.676005
v 0.044390 -0.011731 0.676005
v 0.088811 -0.011742 0.676005
v -0.088868 -0.010133 0.676005
v -0.044449 -0.010926 0.676005
v -0.044447 -0.010144 0.676005
v 0.044425 0.001550 0.676005
v 0.044423 0.000769 0.676005
v 0.088843 0.000757 0.676005
v -0.577443 0.011872 0.676005
v -0.621864 0.011884 0.676005
v -0.577445 0.011091 0.676005
v -0.666278 0.014239 0.676005
v -0.666281 0.013458 0.676005
v -0.621860 0.013446 0.676005
v 0.710706 -0.011908 -0.591496
v 0.710706 -0.011908 -0.633746
v 0.710708 -0.011127 -0.633746
v 0.710677 -0.022845 -0.042246
v 0.710675 -0.023627 -0.042246
v 0.710677 -0.022845 -0.084496
v 0.710673 -0.024408 0.084505
v 0.710673 -0.024408 0.042255
v 0.710675 -0.023627 0.042255
v 0.710710 -0.010345 -0.042246
v 0.710708 -0.011127 -0.042246
v 0.710710 -0.010345 -0.084496
v 0.710707 -0.011127 0.549255
v 0.710705 -0.011908 0.591505
v 0.710705 -0.011908 0.549255
v 0.710709 -0.010346 0.633755
v 0.710707 -0.011127 0.633755
v 0.710709 -0.010346 0.591505
v -0.621864 0.011884 -0.675995
v -0.666283 0.012677 -0.675995
v -0.666281 0.013458 -0.675995
v -0.044445 -0.009363 -0.675996
v -0.044447 -0.010144 -0.675996
v -0.088864 -0.008570 -0.675996
v 0.088807 -0.013305 -0.675996
v 0.044389 -0.012512 -0.675996
v 0.044391 -0.011731 -0.675996
v -0.044413 0.003137 -0.675995
v -0.044415 0.002356 -0.675995
v -0.088832 0.003930 -0.675995
v 0.577451 -0.008747 -0.675996
v 0.621868 -0.010322 -0.675996
v 0.577449 -0.009529 -0.675996
v 0.666291 -0.009552 -0.675996
v 0.666289 -0.010333 -0.675996
v 0.621872 -0.008759 -0.675996
v 0.044386 -0.013293 -0.591496
v 0.044386 -0.013293 -0.633746
v 0.088805 -0.014086 -0.633746
v -0.577479 -0.002190 -0.042246
v -0.621898 -0.001397 -0.042246
v -0.577479 -0.002190 -0.084496
v -0.666317 -0.000604 0.084505
v -0.666317 -0.000604 0.042255
v -0.621898 -0.001397 0.042255
v 0.133224 -0.014879 -0.042246
v 0.088805 -0.014086 -0.042246
v 0.133224 -0.014879 -0.084496
v 0.088805 -0.014086 0.549255
v 0.044386 -0.013293 0.591505
v 0.044386 -0.013293 0.549255
v 0.133224 -0.014879 0.633755
v 0.088805 -0.014086 0.633755
v 0.133224 -0.014879 0.591505
v -0.577479 -0.002190 0.633755
v -0.621898 -0.001397 0.633755
v -0.577479 -0.002190 0.591505
v -0.666317 -0.000604 -0.591496
v -0.666317 -0.000604 -0.633746
v -0.621898 -0.001397 -0.633746
v 0.666258 -0.022052 -0.675996
v 0.666256 -0.022833 -0.675996
v 0.621839 -0.021259 -0.675996
v -0.621896 -0.000616 -0.675996
v -0.666315 0.000177 -0.675996
v -0.666313 0.000958 -0.675996
v 0.710677 -0.022845 0.633755
v 0.710675 -0.023627 0.633755
v 0.710677 -0.022845 0.591505
v 0.710673 -0.024408 -0.591496
v 0.710673 -0.024408 -0.633746
v 0.710675 -0.023627 -0.633746
v -0.666311 0.001740 0.676005
v -0.666313 0.000958 0.676005
v -0.621892 0.000947 0.676005
v 0.621835 -0.022822 0.676005
v 0.666254 -0.023615 0.676005
v 0.666256 -0.022834 0.676005
v -0.710730 0.002533 -0.633746
v -0.710732 0.001752 -0.633746
v -0.710730 0.002533 -0.591496
v -0.710734 0.000970 0.591505
v -0.710734 0.000970 0.633755
v -0.710732 0.001751 0.633755
v -0.577414 0.022810 -0.633745
v -0.621833 0.023603 -0.633745
v -0.577414 0.022810 -0.591495
v -0.666252 0.024395 0.591505
v -0.666252 0.024395 0.633755
v -0.621833 0.023602 0.633755
vn 0.0179 0.9998 -0.0000
vn -1.0000 0.0026 -0.0000
vn -1.0000 0.0027 -0.0000
vn -0.0000 -0.0000 1.0000
vn 1.0000 -0.0026 -0.0000
vn 1.0000 -0.0027 -0.0000
vn 1.0000 -0.0025 -0.0000
vn -0.0000 0.0001 -1.0000
vn -0.0000 -0.0000 -1.0000
vn -0.0179 -0.9998 -0.0000
vn -1.0000 0.0025 -0.0000
vn 1.0000 -0.0028 -0.0000
vt 0.000000 135.199997
vt -31.098148 135.199997
vt 0.000000 130.975006
vt 0.000000 0.000000
vt -31.098148 4.225000
vt -31.098148 0.000000
vt 0.078125 0.000000
vt 0.000000 4.225000
vt 0.078125 130.975006
vt 0.078125 135.199997
vt 0.000000 31.098148
vt -0.000000 995.140747
vt 0.078125 964.042603
vt 0.078125 995.140747
vt 31.098148 0.000000
vt 31.098148 130.975006
vt 31.098148 135.199997
vt 497.570374 135.199997
vt 528.668579 130.975006
vt 528.668579 135.199997
vt 497.570374 130.975006
vt 497.570374 67.599998
vt 528.668579 63.375000
vt 528.668579 67.599998
vt 0.000000 67.599998
vt 31.098148 67.599998
vt 0.000000 71.824997
vt 31.098148 63.375000
vt 497.570374 0.000000
vt 528.668579 0.000000
vt 497.570374 4.225000
vt 1.250000 995.140747
vt 1.328125 964.042603
vt 1.328125 995.140747
vt 1.250000 964.042603
vt 1.250000 497.570374
vt 1.328125 466.472229
vt 1.328125 497.570374
vt 0.000000 497.570374
vt 0.078125 497.570374
vt 0.000000 528.668579
vt 0.078125 466.472229
vt 1.250000 0.000000
vt 1.328125 0.000000
vt 1.250000 31.098148
vt 1.250000 135.199997
vt 1.328125 130.975006
vt 1.328125 135.199997
vt 1.250000 130.975006
vt 1.250000 67.599998
vt 1.328125 63.375000
vt 1.328125 67.599998
vt 0.078125 67.599998
vt 0.078125 63.375000
vt 1.250000 4.225000
vt -497.570374 0.000000
vt -528.668579 4.225000
vt -528.668579 0.000000
vt -497.570374 4.225000
vt -497.570374 67.599998
vt -528.668579 71.824997
vt -528.668579 67.599998
vt -31.098148 67.599998
vt 0.000000 63.375000
vt -31.098148 71.824997
vt -497.570374 135.199997
vt -528.668579 135.199997
vt -497.570374 130.975006
vt -497.570374 101.399994
vt -528.668579 101.399994
vt -497.570374 97.174995
vt -528.668579 105.624992
vt -746.355591 135.199997
vt -777.453735 135.199997
vt -746.355591 130.975006
vt -248.785187 67.599998
vt -279.883362 71.824997
vt -279.883362 67.599998
vt -248.785187 71.824997
vt -248.785187 101.399994
vt -279.883362 105.624992
vt -279.883362 101.399994
vt 0.000000 33.799999
vt -31.098148 33.799999
vt 0.000000 29.574999
vt -31.098148 38.025002
vt -248.785187 63.375000
vt -746.355591 67.599998
vt -777.453735 71.824997
vt -777.453735 67.599998
vt -746.355591 71.824997
vt -746.355591 101.399994
vt -777.453735 105.624992
vt -777.453735 101.399994
vt -746.355591 33.799999
vt -746.355591 38.025002
vt -777.453735 38.025002
vt -715.257446 33.799999
vt -497.570374 33.799999
vt -497.570374 38.025002
vt -528.668579 38.025002
vt -746.355591 0.000000
vt -777.453735 4.225000
vt -777.453735 0.000000
vt -746.355591 4.225000
vt -777.453735 33.799999
vt 1.250000 33.799999
vt 1.328125 33.799999
vt 1.250000 38.025002
vt 1.328125 29.574999
vt 1.875000 0.000000
vt 1.953125 0.000000
vt 1.875000 4.225000
vt 0.625000 67.599998
vt 0.703125 63.375000
vt 0.703125 67.599998
vt 0.625000 63.375000
vt 0.625000 33.799999
vt 0.703125 29.574999
vt 0.703125 33.799999
vt 0.000000 101.399994
vt 0.078125 101.399994
vt 0.000000 105.624992
vt 0.078125 97.174995
vt 0.625000 71.824997
vt 1.875000 67.599998
vt 1.953125 63.375000
vt 1.953125 67.599998
vt 1.875000 63.375000
vt 1.875000 33.799999
vt 1.953125 29.574999
vt 1.953125 33.799999
vt 1.875000 101.399994
vt 1.875000 97.174995
vt 1.953125 97.174995
vt 1.796875 101.399994
vt 1.250000 101.399994
vt 1.250000 97.174995
vt 1.328125 97.174995
vt 1.875000 135.199997
vt 1.953125 130.975006
vt 1.953125 135.199997
vt 1.875000 130.975006
vt 1.953125 101.399994
vt 1.250000 248.785187
vt 1.328125 248.785187
vt 1.250000 279.883362
vt 1.328125 217.687042
vt 1.875000 31.098148
vt 0.625000 497.570374
vt 0.703125 466.472229
vt 0.703125 497.570374
vt 0.625000 466.472229
vt 0.625000 248.785187
vt 0.703125 217.687042
vt 0.703125 248.785187
vt 0.000000 746.355591
vt 0.078125 746.355591
vt 0.000000 777.453735
vt 0.078125 715.257446
vt 0.625000 528.668579
vt 1.875000 497.570374
vt 1.953125 466.472229
vt 1.953125 497.570374
vt 1.875000 466.472229
vt 1.875000 248.785187
vt 1.953125 217.687042
vt 1.953125 248.785187
vt 1.875000 746.355591
vt 1.875000 715.257446
vt 1.953125 715.257446
vt 1.796875 746.355591
vt 1.250000 746.355591
vt 1.250000 715.257446
vt 1.328125 715.257446
vt 1.875000 995.140747
vt 1.953125 964.042603
vt 1.953125 995.140747
vt 1.875000 964.042603
vt 1.953125 746.355591
vt 497.570374 33.799999
vt 528.668579 33.799999
vt 497.570374 38.025002
vt 528.668579 29.574999
vt 746.355591 0.000000
vt 777.453735 0.000000
vt 746.355591 4.225000
vt 248.785187 67.599998
vt 279.883362 63.375000
vt 279.883362 67.599998
vt 248.785187 63.375000
vt 248.785187 33.799999
vt 279.883362 29.574999
vt 279.883362 33.799999
vt 31.098148 101.399994
vt 31.098148 97.174995
vt 248.785187 71.824997
vt 746.355591 67.599998
vt 777.453735 63.375000
vt 777.453735 67.599998
vt 746.355591 63.375000
vt 746.355591 33.799999
vt 777.453735 29.574999
vt 777.453735 33.799999
vt 746.355591 101.399994
vt 746.355591 97.174995
vt 777.453735 97.174995
vt 715.257446 101.399994
vt 497.570374 101.399994
vt 497.570374 97.174995
vt 528.668579 97.174995
vt 746.355591 135.199997
vt 777.453735 130.975006
vt 777.453735 135.199997
vt 746.355591 130.975006
vt 777.453735 101.399994
vt 248.785187 135.199997
vt 279.883362 130.975006
vt 279.883362 135.199997
vt 248.785187 130.975006
vt 248.785187 101.399994
vt 279.883362 97.174995
vt 279.883362 101.399994
vt 31.098148 33.799999
vt 0.000000 38.025002
vt 31.098148 29.574999
vt 248.785187 0.000000
vt 279.883362 0.000000
vt 248.785187 4.225000
vt 0.625000 995.140747
vt 0.703125 964.042603
vt 0.703125 995.140747
vt 0.625000 964.042603
vt 0.625000 746.355591
vt 0.703125 715.257446
vt 0.703125 746.355591
vt 0.000000 248.785187
vt 0.078125 248.785187
vt 0.000000 279.883362
vt 0.078125 217.687042
vt 0.625000 0.000000
vt 0.703125 0.000000
vt 0.625000 31.098148
vt 0.625000 135.199997
vt 0.703125 130.975006
vt 0.703125 135.199997
vt 0.625000 130.975006
vt 0.625000 101.399994
vt 0.703125 97.174995
vt 0.703125 101.399994
vt 0.078125 33.799999
vt 0.078125 29.574999
vt 0.625000 4.225000
vt -248.785187 0.000000
vt -279.883362 4.225000
vt -279.883362 0.000000
vt -248.785187 4.225000
vt -248.785187 33.799999
vt -279.883362 38.025002
vt -279.883362 33.799999
vt -31.098148 101.399994
vt 0.000000 97.174995
vt -31.098148 105.624992
vt -248.785187 135.199997
vt -279.883362 135.199997
vt -248.785187 130.975006
vt -248.785187 118.299995
vt -279.883362 118.299995
vt -248.785187 114.074997
vt -279.883362 122.524994
vt -373.177795 135.199997
vt -404.275940 135.199997
vt -373.177795 130.975006
vt -124.392593 101.399994
vt -155.490753 105.624992
vt -155.490753 101.399994
vt -124.392593 105.624992
vt -124.392593 118.299995
vt -155.490753 122.524994
vt -155.490753 118.299995
vt 0.000000 84.500000
vt -31.098148 84.500000
vt 0.000000 80.275002
vt -31.098148 88.724998
vt -124.392593 97.174995
vt -373.177795 33.799999
vt -404.275940 38.025002
vt -404.275940 33.799999
vt -373.177795 38.025002
vt -373.177795 50.699997
vt -404.275940 54.924995
vt -404.275940 50.699997
vt -373.177795 16.900000
vt -373.177795 21.125000
vt -404.275940 21.125000
vt -342.079651 16.900000
vt -248.785187 16.900000
vt -248.785187 21.125000
vt -279.883362 21.125000
vt -373.177795 0.000000
vt -404.275940 4.225000
vt -404.275940 0.000000
vt -373.177795 4.225000
vt -404.275940 16.900000
vt 0.625000 16.900000
vt 0.703125 16.900000
vt 0.625000 21.125000
vt 0.703125 12.674999
vt 0.937500 0.000000
vt 1.015625 0.000000
vt 0.937500 4.225000
vt 0.312500 33.799999
vt 0.390625 29.574999
vt 0.390625 33.799999
vt 0.312500 29.574999
vt 0.312500 16.900000
vt 0.390625 12.674999
vt 0.390625 16.900000
vt 0.000000 50.699997
vt 0.078125 50.699997
vt 0.000000 54.924995
vt 0.078125 46.474998
vt 0.312500 38.025002
vt 0.937500 101.399994
vt 1.015625 97.174995
vt 1.015625 101.399994
vt 0.937500 97.174995
vt 0.937500 84.500000
vt 1.015625 80.275002
vt 1.015625 84.500000
vt 0.937500 118.299995
vt 0.937500 114.074997
vt 1.015625 114.074997
vt 0.859375 118.299995
vt 0.625000 118.299995
vt 0.625000 114.074997
vt 0.703125 114.074997
vt 0.937500 135.199997
vt 1.015625 130.975006
vt 1.015625 135.199997
vt 0.937500 130.975006
vt 1.015625 118.299995
vt 0.625000 124.392593
vt 0.703125 124.392593
vt 0.625000 155.490753
vt 0.703125 93.294449
vt 0.937500 31.098148
vt 0.312500 248.785187
vt 0.390625 217.687042
vt 0.390625 248.785187
vt 0.312500 217.687042
vt 0.312500 124.392593
vt 0.390625 93.294449
vt 0.390625 124.392593
vt 0.000000 373.177795
vt 0.078125 373.177795
vt 0.000000 404.275940
vt 0.078125 342.079651
vt 0.312500 279.883362
vt 0.937500 746.355591
vt 1.015625 715.257446
vt 1.015625 746.355591
vt 0.937500 715.257446
vt 0.937500 621.963013
vt 1.015625 590.864868
vt 1.015625 621.963013
vt 0.937500 870.748169
vt 0.937500 839.650024
vt 1.015625 839.650024
vt 0.859375 870.748169
vt 0.625000 870.748169
vt 0.625000 839.650024
vt 0.703125 839.650024
vt 0.937500 995.140747
vt 1.015625 964.042603
vt 1.015625 995.140747
vt 0.937500 964.042603
vt 1.015625 870.748169
vt 248.785187 16.900000
vt 279.883362 16.900000
vt 248.785187 21.125000
vt 279.883362 12.674999
vt 373.177795 0.000000
vt 404.275940 0.000000
vt 373.177795 4.225000
vt 124.392593 33.799999
vt 155.490753 29.574999
vt 155.490753 33.799999
vt 124.392593 29.574999
vt 124.392593 16.900000
vt 155.490753 12.674999
vt 155.490753 16.900000
vt 31.098148 50.699997
vt 31.098148 46.474998
vt 124.392593 38.025002
vt 373.177795 101.399994
vt 404.275940 97.174995
vt 404.275940 101.399994
vt 373.177795 97.174995
vt 373.177795 84.500000
vt 404.275940 80.275002
vt 404.275940 84.500000
vt 373.177795 118.299995
vt 373.177795 114.074997
vt 404.275940 114.074997
vt 342.079651 118.299995
vt 248.785187 118.299995
vt 248.785187 114.074997
vt 279.883362 114.074997
vt 373.177795 135.199997
vt 404.275940 130.975006
vt 404.275940 135.199997
vt 373.177795 130.975006
vt 404.275940 118.299995
vt 870.748169 101.399994
vt 901.846313 97.174995
vt 901.846313 101.399994
vt 870.748169 97.174995
vt 870.748169 84.500000
vt 901.846313 80.275002
vt 901.846313 84.500000
vt 870.748169 118.299995
vt 870.748169 114.074997
vt 901.846313 114.074997
vt 839.650024 118.299995
vt 746.355591 118.299995
vt 746.355591 114.074997
vt 777.453735 114.074997
vt 870.748169 135.199997
vt 901.846313 130.975006
vt 901.846313 135.199997
vt 870.748169 130.975006
vt 901.846313 118.299995
vt 621.963013 84.500000
vt 621.963013 80.275002
vt 653.061157 80.275002
vt 590.864868 84.500000
vt 497.570374 84.500000
vt 497.570374 80.275002
vt 528.668579 80.275002
vt 746.355591 84.500000
vt 715.257446 84.500000
vt 746.355591 80.275002
vt 715.257446 88.724998
vt 621.963013 101.399994
vt 590.864868 101.399994
vt 621.963013 97.174995
vt 870.748169 80.275002
vt 839.650024 84.500000
vt 777.453735 80.275002
vt 870.748169 33.799999
vt 901.846313 29.574999
vt 901.846313 33.799999
vt 870.748169 29.574999
vt 870.748169 16.900000
vt 901.846313 12.674999
vt 901.846313 16.900000
vt 870.748169 50.699997
vt 870.748169 46.474998
vt 901.846313 46.474998
vt 839.650024 50.699997
vt 746.355591 50.699997
vt 746.355591 46.474998
vt 777.453735 46.474998
vt 870.748169 67.599998
vt 901.846313 63.375000
vt 901.846313 67.599998
vt 870.748169 63.375000
vt 901.846313 50.699997
vt 248.785187 84.500000
vt 279.883362 84.500000
vt 248.785187 88.724998
vt 279.883362 80.275002
vt 373.177795 67.599998
vt 404.275940 67.599998
vt 373.177795 71.824997
vt 124.392593 101.399994
vt 155.490753 97.174995
vt 155.490753 101.399994
vt 124.392593 97.174995
vt 124.392593 84.500000
vt 155.490753 80.275002
vt 155.490753 84.500000
vt 0.000000 118.299995
vt 31.098148 118.299995
vt 0.000000 122.524994
vt 31.098148 114.074997
vt 124.392593 105.624992
vt 373.177795 33.799999
vt 404.275940 29.574999
vt 404.275940 33.799999
vt 373.177795 29.574999
vt 373.177795 16.900000
vt 404.275940 12.674999
vt 404.275940 16.900000
vt 373.177795 50.699997
vt 373.177795 46.474998
vt 404.275940 46.474998
vt 342.079651 50.699997
vt 248.785187 50.699997
vt 248.785187 46.474998
vt 279.883362 46.474998
vt 404.275940 63.375000
vt 373.177795 63.375000
vt 404.275940 50.699997
vt 746.355591 16.900000
vt 777.453735 16.900000
vt 746.355591 21.125000
vt 777.453735 12.674999
vt 870.748169 0.000000
vt 901.846313 0.000000
vt 870.748169 4.225000
vt 621.963013 33.799999
vt 653.061157 29.574999
vt 653.061157 33.799999
vt 621.963013 29.574999
vt 621.963013 16.900000
vt 653.061157 12.674999
vt 653.061157 16.900000
vt 497.570374 50.699997
vt 528.668579 50.699997
vt 497.570374 54.924995
vt 528.668579 46.474998
vt 621.963013 38.025002
vt 2.187500 746.355591
vt 2.265625 715.257446
vt 2.265625 746.355591
vt 2.187500 715.257446
vt 2.187500 621.963013
vt 2.265625 590.864868
vt 2.265625 621.963013
vt 2.187500 870.748169
vt 2.187500 839.650024
vt 2.265625 839.650024
vt 2.109375 870.748169
vt 1.875000 870.748169
vt 1.875000 839.650024
vt 1.953125 839.650024
vt 2.187500 995.140747
vt 2.265625 964.042603
vt 2.265625 995.140747
vt 2.187500 964.042603
vt 2.265625 870.748169
vt 1.562500 621.963013
vt 1.562500 590.864868
vt 1.640625 590.864868
vt 1.484375 621.963013
vt 1.250000 621.963013
vt 1.250000 590.864868
vt 1.328125 590.864868
vt 1.875000 621.963013
vt 1.796875 621.963013
vt 1.875000 590.864868
vt 1.796875 653.061157
vt 1.562500 746.355591
vt 1.484375 746.355591
vt 1.562500 715.257446
vt 2.187500 590.864868
vt 2.109375 621.963013
vt 1.953125 590.864868
vt 2.187500 248.785187
vt 2.265625 217.687042
vt 2.265625 248.785187
vt 2.187500 217.687042
vt 2.187500 124.392593
vt 2.265625 93.294449
vt 2.265625 124.392593
vt 2.187500 373.177795
vt 2.187500 342.079651
vt 2.265625 342.079651
vt 2.109375 373.177795
vt 1.875000 373.177795
vt 1.875000 342.079651
vt 1.953125 342.079651
vt 2.187500 497.570374
vt 2.265625 466.472229
vt 2.265625 497.570374
vt 2.187500 466.472229
vt 2.265625 373.177795
vt 0.625000 621.963013
vt 0.703125 621.963013
vt 0.625000 653.061157
vt 0.703125 590.864868
vt 0.937500 497.570374
vt 1.015625 497.570374
vt 0.937500 528.668579
vt 0.312500 746.355591
vt 0.390625 715.257446
vt 0.390625 746.355591
vt 0.312500 715.257446
vt 0.312500 621.963013
vt 0.390625 590.864868
vt 0.390625 621.963013
vt 0.000000 870.748169
vt 0.078125 870.748169
vt 0.000000 901.846313
vt 0.078125 839.650024
vt 0.312500 777.453735
vt 0.937500 248.785187
vt 1.015625 217.687042
vt 1.015625 248.785187
vt 0.937500 217.687042
vt 0.937500 124.392593
vt 1.015625 93.294449
vt 1.015625 124.392593
vt 0.937500 373.177795
vt 0.937500 342.079651
vt 1.015625 342.079651
vt 0.859375 373.177795
vt 0.625000 373.177795
vt 0.625000 342.079651
vt 0.703125 342.079651
vt 1.015625 466.472229
vt 0.937500 466.472229
vt 1.015625 373.177795
vt 1.875000 124.392593
vt 1.953125 124.392593
vt 1.875000 155.490753
vt 1.953125 93.294449
vt 2.187500 0.000000
vt 2.265625 0.000000
vt 2.187500 31.098148
vt 1.562500 248.785187
vt 1.640625 217.687042
vt 1.640625 248.785187
vt 1.562500 217.687042
vt 1.562500 124.392593
vt 1.640625 93.294449
vt 1.640625 124.392593
vt 1.250000 373.177795
vt 1.328125 373.177795
vt 1.250000 404.275940
vt 1.328125 342.079651
vt 1.562500 279.883362
vt 2.187500 101.399994
vt 2.265625 97.174995
vt 2.265625 101.399994
vt 2.187500 97.174995
vt 2.187500 84.500000
vt 2.265625 80.275002
vt 2.265625 84.500000
vt 2.187500 118.299995
vt 2.187500 114.074997
vt 2.265625 114.074997
vt 2.109375 118.299995
vt 1.875000 118.299995
vt 1.875000 114.074997
vt 1.953125 114.074997
vt 2.187500 135.199997
vt 2.265625 130.975006
vt 2.265625 135.199997
vt 2.187500 130.975006
vt 2.265625 118.299995
vt 1.562500 84.500000
vt 1.562500 80.275002
vt 1.640625 80.275002
vt 1.484375 84.500000
vt 1.250000 84.500000
vt 1.250000 80.275002
vt 1.328125 80.275002
vt 1.875000 84.500000
vt 1.796875 84.500000
vt 1.875000 80.275002
vt 1.796875 88.724998
vt 1.562500 101.399994
vt 1.484375 101.399994
vt 1.562500 97.174995
vt 2.187500 80.275002
vt 2.109375 84.500000
vt 1.953125 80.275002
vt 2.187500 33.799999
vt 2.265625 29.574999
vt 2.265625 33.799999
vt 2.187500 29.574999
vt 2.187500 16.900000
vt 2.265625 12.674999
vt 2.265625 16.900000
vt 2.187500 50.699997
vt 2.187500 46.474998
vt 2.265625 46.474998
vt 2.109375 50.699997
vt 1.875000 50.699997
vt 1.875000 46.474998
vt 1.953125 46.474998
vt 2.187500 67.599998
vt 2.265625 63.375000
vt 2.265625 67.599998
vt 2.187500 63.375000
vt 2.265625 50.699997
vt 0.625000 84.500000
vt 0.703125 84.500000
vt 0.625000 88.724998
vt 0.703125 80.275002
vt 0.937500 67.599998
vt 1.015625 67.599998
vt 0.937500 71.824997
vt 0.312500 101.399994
vt 0.390625 97.174995
vt 0.390625 101.399994
vt 0.312500 97.174995
vt 0.312500 84.500000
vt 0.390625 80.275002
vt 0.390625 84.500000
vt 0.078125 118.299995
vt 0.078125 114.074997
vt 0.312500 105.624992
vt 0.937500 33.799999
vt 1.015625 29.574999
vt 1.015625 33.799999
vt 0.937500 29.574999
vt 0.937500 16.900000
vt 1.015625 12.674999
vt 1.015625 16.900000
vt 0.937500 50.699997
vt 0.937500 46.474998
vt 1.015625 46.474998
vt 0.859375 50.699997
vt 0.625000 50.699997
vt 0.625000 46.474998
vt 0.703125 46.474998
vt 1.015625 63.375000
vt 0.937500 63.375000
vt 1.015625 50.699997
vt 1.875000 16.900000
vt 1.953125 16.900000
vt 1.875000 21.125000
vt 1.953125 12.674999
vt 2.187500 4.225000
vt 1.562500 33.799999
vt 1.640625 29.574999
vt 1.640625 33.799999
vt 1.562500 29.574999
vt 1.562500 16.900000
vt 1.640625 12.674999
vt 1.640625 16.900000
vt 1.250000 50.699997
vt 1.328125 50.699997
vt 1.250000 54.924995
vt 1.328125 46.474998
vt 1.562500 38.025002
vt -870.748169 33.799999
vt -901.846313 38.025002
vt -901.846313 33.799999
vt -870.748169 38.025002
vt -870.748169 50.699997
vt -901.846313 54.924995
vt -901.846313 50.699997
vt -870.748169 16.900000
vt -870.748169 21.125000
vt -901.846313 21.125000
vt -839.650024 16.900000
vt -746.355591 16.900000
vt -746.355591 21.125000
vt -777.453735 21.125000
vt -870.748169 0.000000
vt -901.846313 4.225000
vt -901.846313 0.000000
vt -870.748169 4.225000
vt -901.846313 16.900000
vt -621.963013 50.699997
vt -621.963013 54.924995
vt -653.061157 54.924995
vt -590.864868 50.699997
vt -497.570374 50.699997
vt -497.570374 54.924995
vt -528.668579 54.924995
vt -746.355591 50.699997
vt -715.257446 50.699997
vt -746.355591 54.924995
vt -715.257446 46.474998
vt -621.963013 33.799999
vt -590.864868 33.799999
vt -621.963013 38.025002
vt -870.748169 54.924995
vt -839.650024 50.699997
vt -777.453735 54.924995
vt -870.748169 101.399994
vt -901.846313 105.624992
vt -901.846313 101.399994
vt -870.748169 105.624992
vt -870.748169 118.299995
vt -901.846313 122.524994
vt -901.846313 118.299995
vt -870.748169 84.500000
vt -870.748169 88.724998
vt -901.846313 88.724998
vt -839.650024 84.500000
vt -746.355591 84.500000
vt -746.355591 88.724998
vt -777.453735 88.724998
vt -870.748169 67.599998
vt -901.846313 71.824997
vt -901.846313 67.599998
vt -870.748169 71.824997
vt -901.846313 84.500000
vt -248.785187 50.699997
vt -279.883362 50.699997
vt -248.785187 46.474998
vt -279.883362 54.924995
vt -373.177795 67.599998
vt -404.275940 67.599998
vt -373.177795 63.375000
vt -124.392593 33.799999
vt -155.490753 38.025002
vt -155.490753 33.799999
vt -124.392593 38.025002
vt -124.392593 50.699997
vt -155.490753 54.924995
vt -155.490753 50.699997
vt 0.000000 16.900000
vt -31.098148 16.900000
vt 0.000000 12.674999
vt -31.098148 21.125000
vt -124.392593 29.574999
vt -373.177795 101.399994
vt -404.275940 105.624992
vt -404.275940 101.399994
vt -373.177795 105.624992
vt -373.177795 118.299995
vt -404.275940 122.524994
vt -404.275940 118.299995
vt -373.177795 84.500000
vt -373.177795 88.724998
vt -404.275940 88.724998
vt -342.079651 84.500000
vt -248.785187 84.500000
vt -248.785187 88.724998
vt -279.883362 88.724998
vt -404.275940 71.824997
vt -373.177795 71.824997
vt -404.275940 84.500000
vt -746.355591 118.299995
vt -777.453735 118.299995
vt -746.355591 114.074997
vt -777.453735 122.524994
vt -870.748169 135.199997
vt -901.846313 135.199997
vt -870.748169 130.975006
vt -621.963013 101.399994
vt -653.061157 105.624992
vt -653.061157 101.399994
vt -621.963013 105.624992
vt -621.963013 118.299995
vt -653.061157 122.524994
vt -653.061157 118.299995
vt -497.570374 84.500000
vt -528.668579 84.500000
vt -497.570374 80.275002
vt -528.668579 88.724998
vt -621.963013 97.174995
vt -497.570374 118.299995
vt -528.668579 118.299995
vt -497.570374 114.074997
vt -528.668579 122.524994
vt -621.963013 135.199997
vt -653.061157 135.199997
vt -621.963013 130.975006
vt -124.392593 67.599998
vt -155.490753 71.824997
vt -155.490753 67.599998
vt -124.392593 71.824997
vt -124.392593 84.500000
vt -155.490753 88.724998
vt -155.490753 84.500000
vt -31.098148 50.699997
vt 0.000000 46.474998
vt -31.098148 54.924995
vt -124.392593 63.375000
vt -621.963013 67.599998
vt -653.061157 71.824997
vt -653.061157 67.599998
vt -621.963013 71.824997
vt -621.963013 84.500000
vt -653.061157 88.724998
vt -653.061157 84.500000
vt -621.963013 16.900000
vt -621.963013 21.125000
vt -653.061157 21.125000
vt -590.864868 16.900000
vt -497.570374 16.900000
vt -497.570374 21.125000
vt -528.668579 21.125000
vt -621.963013 0.000000
vt -653.061157 4.225000
vt -653.061157 0.000000
vt -621.963013 4.225000
vt -653.061157 16.900000
vt 1.250000 16.900000
vt 1.328125 16.900000
vt 1.250000 21.125000
vt 1.328125 12.674999
vt 1.562500 0.000000
vt 1.640625 0.000000
vt 1.562500 4.225000
vt 0.312500 67.599998
vt 0.390625 63.375000
vt 0.390625 67.599998
vt 0.312500 63.375000
vt 0.312500 50.699997
vt 0.390625 46.474998
vt 0.390625 50.699997
vt 0.078125 84.500000
vt 0.000000 88.724998
vt 0.078125 80.275002
vt 0.312500 71.824997
vt 1.562500 67.599998
vt 1.640625 63.375000
vt 1.640625 67.599998
vt 1.562500 63.375000
vt 1.562500 50.699997
vt 1.640625 46.474998
vt 1.640625 50.699997
vt 1.562500 118.299995
vt 1.562500 114.074997
vt 1.640625 114.074997
vt 1.484375 118.299995
vt 1.250000 118.299995
vt 1.250000 114.074997
vt 1.328125 114.074997
vt 1.562500 135.199997
vt 1.640625 130.975006
vt 1.640625 135.199997
vt 1.562500 130.975006
vt 1.640625 118.299995
vt 1.250000 124.392593
vt 1.328125 124.392593
vt 1.250000 155.490753
vt 1.328125 93.294449
vt 1.562500 31.098148
vt 0.312500 497.570374
vt 0.390625 466.472229
vt 0.390625 497.570374
vt 0.312500 466.472229
vt 0.312500 373.177795
vt 0.390625 342.079651
vt 0.390625 373.177795
vt 0.000000 621.963013
vt 0.078125 621.963013
vt 0.000000 653.061157
vt 0.078125 590.864868
vt 0.312500 528.668579
vt 1.562500 497.570374
vt 1.640625 466.472229
vt 1.640625 497.570374
vt 1.562500 466.472229
vt 1.562500 373.177795
vt 1.640625 342.079651
vt 1.640625 373.177795
vt 1.562500 870.748169
vt 1.562500 839.650024
vt 1.640625 839.650024
vt 1.484375 870.748169
vt 1.250000 870.748169
vt 1.250000 839.650024
vt 1.328125 839.650024
vt 1.562500 995.140747
vt 1.640625 964.042603
vt 1.640625 995.140747
vt 1.562500 964.042603
vt 1.640625 870.748169
vt 497.570374 16.900000
vt 528.668579 16.900000
vt 497.570374 21.125000
vt 528.668579 12.674999
vt 621.963013 0.000000
vt 653.061157 0.000000
vt 621.963013 4.225000
vt 124.392593 67.599998
vt 155.490753 63.375000
vt 155.490753 67.599998
vt 124.392593 63.375000
vt 124.392593 50.699997
vt 155.490753 46.474998
vt 155.490753 50.699997
vt 31.098148 84.500000
vt 31.098148 80.275002
vt 124.392593 71.824997
vt 621.963013 67.599998
vt 653.061157 63.375000
vt 653.061157 67.599998
vt 621.963013 63.375000
vt 621.963013 50.699997
vt 653.061157 46.474998
vt 653.061157 50.699997
vt 621.963013 118.299995
vt 621.963013 114.074997
vt 653.061157 114.074997
vt 590.864868 118.299995
vt 497.570374 118.299995
vt 497.570374 114.074997
vt 528.668579 114.074997
vt 621.963013 135.199997
vt 653.061157 130.975006
vt 653.061157 135.199997
vt 621.963013 130.975006
vt 653.061157 118.299995
vt 124.392593 135.199997
vt 155.490753 130.975006
vt 155.490753 135.199997
vt 124.392593 130.975006
vt 124.392593 118.299995
vt 155.490753 114.074997
vt 155.490753 118.299995
vt 31.098148 16.900000
vt 0.000000 21.125000
vt 31.098148 12.674999
vt 124.392593 0.000000
vt 155.490753 0.000000
vt 124.392593 4.225000
vt 0.312500 995.140747
vt 0.390625 964.042603
vt 0.390625 995.140747
vt 0.312500 964.042603
vt 0.312500 870.748169
vt 0.390625 839.650024
vt 0.390625 870.748169
vt 0.000000 124.392593
vt 0.078125 124.392593
vt 0.000000 155.490753
vt 0.078125 93.294449
vt 0.312500 0.000000
vt 0.390625 0.000000
vt 0.312500 31.098148
vt 0.312500 135.199997
vt 0.390625 130.975006
vt 0.390625 135.199997
vt 0.312500 130.975006
vt 0.312500 118.299995
vt 0.390625 114.074997
vt 0.390625 118.299995
vt 0.078125 16.900000
vt 0.078125 12.674999
vt 0.312500 4.225000
vt -124.392593 0.000000
vt -155.490753 4.225000
vt -155.490753 0.000000
vt -124.392593 4.225000
vt -124.392593 16.900000
vt -155.490753 21.125000
vt -155.490753 16.900000
vt -31.098148 118.299995
vt 0.000000 114.074997
vt -31.098148 122.524994
vt -124.392593 135.199997
vt -155.490753 135.199997
vt -124.392593 130.975006
vt -124.392593 126.750000
vt -155.490753 126.750000
vt -124.392593 122.524994
vt -155.490753 130.975006
vt -186.588898 135.199997
vt -217.687042 135.199997
vt -186.588898 130.975006
vt -62.196297 118.299995
vt -93.294449 122.524994
vt -93.294449 118.299995
vt -62.196297 122.524994
vt -62.196297 126.750000
vt -93.294449 130.975006
vt -93.294449 126.750000
vt 0.000000 109.849991
vt -31.098148 109.849991
vt -31.098148 114.074997
vt -62.196297 114.074997
vt -186.588898 16.900000
vt -217.687042 21.125000
vt -217.687042 16.900000
vt -186.588898 21.125000
vt -186.588898 25.349998
vt -217.687042 29.574999
vt -217.687042 25.349998
vt -186.588898 8.450000
vt -186.588898 12.674999
vt -217.687042 12.674999
vt -155.490753 8.450000
vt -124.392593 8.450000
vt -124.392593 12.674999
vt -155.490753 12.674999
vt -186.588898 0.000000
vt -217.687042 4.225000
vt -217.687042 0.000000
vt -186.588898 4.225000
vt -217.687042 8.450000
vt 0.312500 8.450000
vt 0.390625 8.450000
vt 0.312500 12.674999
vt 0.390625 4.225000
vt 0.468750 0.000000
vt 0.546875 0.000000
vt 0.468750 4.225000
vt 0.156250 16.900000
vt 0.234375 12.674999
vt 0.234375 16.900000
vt 0.156250 12.674999
vt 0.156250 8.450000
vt 0.234375 4.225000
vt 0.234375 8.450000
vt 0.000000 25.349998
vt 0.078125 25.349998
vt 0.078125 21.125000
vt 0.156250 21.125000
vt 0.468750 118.299995
vt 0.546875 114.074997
vt 0.546875 118.299995
vt 0.468750 114.074997
vt 0.468750 109.849991
vt 0.546875 105.624992
vt 0.546875 109.849991
vt 0.468750 126.750000
vt 0.468750 122.524994
vt 0.546875 122.524994
vt 0.390625 126.750000
vt 0.312500 126.750000
vt 0.312500 122.524994
vt 0.390625 122.524994
vt 0.468750 135.199997
vt 0.546875 130.975006
vt 0.546875 135.199997
vt 0.468750 130.975006
vt 0.546875 126.750000
vt 0.312500 62.196297
vt 0.390625 62.196297
vt 0.312500 93.294449
vt 0.390625 31.098148
vt 0.468750 31.098148
vt 0.156250 124.392593
vt 0.234375 93.294449
vt 0.234375 124.392593
vt 0.156250 93.294449
vt 0.156250 62.196297
vt 0.234375 31.098148
vt 0.234375 62.196297
vt 0.000000 186.588898
vt 0.078125 186.588898
vt 0.000000 217.687042
vt 0.078125 155.490753
vt 0.156250 155.490753
vt 0.468750 870.748169
vt 0.546875 839.650024
vt 0.546875 870.748169
vt 0.468750 839.650024
vt 0.468750 808.551880
vt 0.546875 777.453735
vt 0.546875 808.551880
vt 0.468750 932.944458
vt 0.468750 901.846313
vt 0.546875 901.846313
vt 0.390625 932.944458
vt 0.312500 932.944458
vt 0.312500 901.846313
vt 0.390625 901.846313
vt 0.468750 995.140747
vt 0.546875 964.042603
vt 0.546875 995.140747
vt 0.468750 964.042603
vt 0.546875 932.944458
vt 124.392593 8.450000
vt 155.490753 8.450000
vt 124.392593 12.674999
vt 155.490753 4.225000
vt 186.588898 0.000000
vt 217.687042 0.000000
vt 186.588898 4.225000
vt 62.196297 16.900000
vt 93.294449 12.674999
vt 93.294449 16.900000
vt 62.196297 12.674999
vt 62.196297 8.450000
vt 93.294449 4.225000
vt 93.294449 8.450000
vt 31.098148 25.349998
vt 31.098148 21.125000
vt 62.196297 21.125000
vt 186.588898 118.299995
vt 217.687042 114.074997
vt 217.687042 118.299995
vt 186.588898 114.074997
vt 186.588898 109.849991
vt 217.687042 105.624992
vt 217.687042 109.849991
vt 186.588898 126.750000
vt 186.588898 122.524994
vt 217.687042 122.524994
vt 155.490753 126.750000
vt 124.392593 126.750000
vt 124.392593 122.524994
vt 155.490753 122.524994
vt 186.588898 135.199997
vt 217.687042 130.975006
vt 217.687042 135.199997
vt 186.588898 130.975006
vt 217.687042 126.750000
vt 684.159302 118.299995
vt 715.257446 114.074997
vt 715.257446 118.299995
vt 684.159302 114.074997
vt 684.159302 109.849991
vt 715.257446 105.624992
vt 715.257446 109.849991
vt 684.159302 126.750000
vt 684.159302 122.524994
vt 715.257446 122.524994
vt 653.061157 126.750000
vt 621.963013 126.750000
vt 621.963013 122.524994
vt 653.061157 122.524994
vt 684.159302 135.199997
vt 715.257446 130.975006
vt 715.257446 135.199997
vt 684.159302 130.975006
vt 715.257446 126.750000
vt 559.766724 109.849991
vt 559.766724 105.624992
vt 590.864868 105.624992
vt 528.668579 109.849991
vt 497.570374 109.849991
vt 497.570374 105.624992
vt 528.668579 105.624992
vt 621.963013 109.849991
vt 590.864868 109.849991
vt 621.963013 105.624992
vt 590.864868 114.074997
vt 559.766724 118.299995
vt 528.668579 118.299995
vt 559.766724 114.074997
vt 684.159302 105.624992
vt 653.061157 109.849991
vt 653.061157 105.624992
vt 684.159302 50.699997
vt 715.257446 46.474998
vt 715.257446 50.699997
vt 684.159302 46.474998
vt 684.159302 42.250000
vt 715.257446 38.025002
vt 715.257446 42.250000
vt 684.159302 59.149998
vt 684.159302 54.924995
vt 715.257446 54.924995
vt 653.061157 59.149998
vt 621.963013 59.149998
vt 621.963013 54.924995
vt 653.061157 54.924995
vt 684.159302 67.599998
vt 715.257446 63.375000
vt 715.257446 67.599998
vt 684.159302 63.375000
vt 715.257446 59.149998
vt 124.392593 76.050003
vt 155.490753 76.050003
vt 124.392593 80.275002
vt 155.490753 71.824997
vt 186.588898 67.599998
vt 217.687042 67.599998
vt 186.588898 71.824997
vt 62.196297 84.500000
vt 93.294449 80.275002
vt 93.294449 84.500000
vt 62.196297 80.275002
vt 62.196297 76.050003
vt 93.294449 71.824997
vt 93.294449 76.050003
vt 0.000000 92.949997
vt 31.098148 92.949997
vt 31.098148 88.724998
vt 62.196297 88.724998
vt 186.588898 50.699997
vt 217.687042 46.474998
vt 217.687042 50.699997
vt 186.588898 46.474998
vt 186.588898 42.250000
vt 217.687042 38.025002
vt 217.687042 42.250000
vt 186.588898 59.149998
vt 186.588898 54.924995
vt 217.687042 54.924995
vt 155.490753 59.149998
vt 124.392593 59.149998
vt 124.392593 54.924995
vt 155.490753 54.924995
vt 217.687042 63.375000
vt 186.588898 63.375000
vt 217.687042 59.149998
vt 621.963013 8.450000
vt 653.061157 8.450000
vt 621.963013 12.674999
vt 653.061157 4.225000
vt 684.159302 0.000000
vt 715.257446 0.000000
vt 684.159302 4.225000
vt 559.766724 16.900000
vt 590.864868 12.674999
vt 590.864868 16.900000
vt 559.766724 12.674999
vt 559.766724 8.450000
vt 590.864868 4.225000
vt 590.864868 8.450000
vt 497.570374 25.349998
vt 528.668579 25.349998
vt 497.570374 29.574999
vt 528.668579 21.125000
vt 559.766724 21.125000
vt 1.718750 870.748169
vt 1.796875 839.650024
vt 1.796875 870.748169
vt 1.718750 839.650024
vt 1.718750 808.551880
vt 1.796875 777.453735
vt 1.796875 808.551880
vt 1.718750 932.944458
vt 1.718750 901.846313
vt 1.796875 901.846313
vt 1.640625 932.944458
vt 1.562500 932.944458
vt 1.562500 901.846313
vt 1.640625 901.846313
vt 1.718750 995.140747
vt 1.796875 964.042603
vt 1.796875 995.140747
vt 1.718750 964.042603
vt 1.796875 932.944458
vt 1.406250 808.551880
vt 1.406250 777.453735
vt 1.484375 777.453735
vt 1.328125 808.551880
vt 1.250000 808.551880
vt 1.250000 777.453735
vt 1.328125 777.453735
vt 1.562500 808.551880
vt 1.484375 808.551880
vt 1.562500 777.453735
vt 1.484375 839.650024
vt 1.406250 870.748169
vt 1.328125 870.748169
vt 1.406250 839.650024
vt 1.718750 777.453735
vt 1.640625 808.551880
vt 1.640625 777.453735
vt 1.718750 373.177795
vt 1.796875 342.079651
vt 1.796875 373.177795
vt 1.718750 342.079651
vt 1.718750 310.981506
vt 1.796875 279.883362
vt 1.796875 310.981506
vt 1.718750 435.374084
vt 1.718750 404.275940
vt 1.796875 404.275940
vt 1.640625 435.374084
vt 1.562500 435.374084
vt 1.562500 404.275940
vt 1.640625 404.275940
vt 1.718750 497.570374
vt 1.796875 466.472229
vt 1.796875 497.570374
vt 1.718750 466.472229
vt 1.796875 435.374084
vt 0.312500 559.766724
vt 0.390625 559.766724
vt 0.312500 590.864868
vt 0.390625 528.668579
vt 0.468750 497.570374
vt 0.546875 497.570374
vt 0.468750 528.668579
vt 0.156250 621.963013
vt 0.234375 590.864868
vt 0.234375 621.963013
vt 0.156250 590.864868
vt 0.156250 559.766724
vt 0.234375 528.668579
vt 0.234375 559.766724
vt 0.000000 684.159302
vt 0.078125 684.159302
vt 0.000000 715.257446
vt 0.078125 653.061157
vt 0.156250 653.061157
vt 0.468750 373.177795
vt 0.546875 342.079651
vt 0.546875 373.177795
vt 0.468750 342.079651
vt 0.468750 310.981506
vt 0.546875 279.883362
vt 0.546875 310.981506
vt 0.468750 435.374084
vt 0.468750 404.275940
vt 0.546875 404.275940
vt 0.390625 435.374084
vt 0.312500 435.374084
vt 0.312500 404.275940
vt 0.390625 404.275940
vt 0.546875 466.472229
vt 0.468750 466.472229
vt 0.546875 435.374084
vt 1.562500 62.196297
vt 1.640625 62.196297
vt 1.562500 93.294449
vt 1.640625 31.098148
vt 1.718750 0.000000
vt 1.796875 0.000000
vt 1.718750 31.098148
vt 1.406250 124.392593
vt 1.484375 93.294449
vt 1.484375 124.392593
vt 1.406250 93.294449
vt 1.406250 62.196297
vt 1.484375 31.098148
vt 1.484375 62.196297
vt 1.250000 186.588898
vt 1.328125 186.588898
vt 1.250000 217.687042
vt 1.328125 155.490753
vt 1.406250 155.490753
vt 1.718750 118.299995
vt 1.796875 114.074997
vt 1.796875 118.299995
vt 1.718750 114.074997
vt 1.718750 109.849991
vt 1.796875 105.624992
vt 1.796875 109.849991
vt 1.718750 126.750000
vt 1.718750 122.524994
vt 1.796875 122.524994
vt 1.640625 126.750000
vt 1.562500 126.750000
vt 1.562500 122.524994
vt 1.640625 122.524994
vt 1.718750 135.199997
vt 1.796875 130.975006
vt 1.796875 135.199997
vt 1.718750 130.975006
vt 1.796875 126.750000
vt 1.406250 109.849991
vt 1.406250 105.624992
vt 1.484375 105.624992
vt 1.328125 109.849991
vt 1.250000 109.849991
vt 1.250000 105.624992
vt 1.328125 105.624992
vt 1.562500 109.849991
vt 1.484375 109.849991
vt 1.562500 105.624992
vt 1.484375 114.074997
vt 1.406250 118.299995
vt 1.328125 118.299995
vt 1.406250 114.074997
vt 1.718750 105.624992
vt 1.640625 109.849991
vt 1.640625 105.624992
vt 1.718750 50.699997
vt 1.796875 46.474998
vt 1.796875 50.699997
vt 1.718750 46.474998
vt 1.718750 42.250000
vt 1.796875 38.025002
vt 1.796875 42.250000
vt 1.718750 59.149998
vt 1.718750 54.924995
vt 1.796875 54.924995
vt 1.640625 59.149998
vt 1.562500 59.149998
vt 1.562500 54.924995
vt 1.640625 54.924995
vt 1.718750 67.599998
vt 1.796875 63.375000
vt 1.796875 67.599998
vt 1.718750 63.375000
vt 1.796875 59.149998
vt 0.312500 76.050003
vt 0.390625 76.050003
vt 0.312500 80.275002
vt 0.390625 71.824997
vt 0.468750 67.599998
vt 0.546875 67.599998
vt 0.468750 71.824997
vt 0.156250 84.500000
vt 0.234375 80.275002
vt 0.234375 84.500000
vt 0.156250 80.275002
vt 0.156250 76.050003
vt 0.234375 71.824997
vt 0.234375 76.050003
vt 0.078125 92.949997
vt 0.078125 88.724998
vt 0.156250 88.724998
vt 0.468750 50.699997
vt 0.546875 46.474998
vt 0.546875 50.699997
vt 0.468750 46.474998
vt 0.468750 42.250000
vt 0.546875 38.025002
vt 0.546875 42.250000
vt 0.468750 59.149998
vt 0.468750 54.924995
vt 0.546875 54.924995
vt 0.390625 59.149998
vt 0.312500 59.149998
vt 0.312500 54.924995
vt 0.390625 54.924995
vt 0.546875 63.375000
vt 0.468750 63.375000
vt 0.546875 59.149998
vt 1.562500 8.450000
vt 1.640625 8.450000
vt 1.562500 12.674999
vt 1.640625 4.225000
vt 1.718750 4.225000
vt 1.406250 16.900000
vt 1.484375 12.674999
vt 1.484375 16.900000
vt 1.406250 12.674999
vt 1.406250 8.450000
vt 1.484375 4.225000
vt 1.484375 8.450000
vt 1.250000 25.349998
vt 1.328125 25.349998
vt 1.250000 29.574999
vt 1.328125 21.125000
vt 1.406250 21.125000
vt -684.159302 16.900000
vt -715.257446 21.125000
vt -715.257446 16.900000
vt -684.159302 21.125000
vt -684.159302 25.349998
vt -715.257446 29.574999
vt -715.257446 25.349998
vt -684.159302 8.450000
vt -684.159302 12.674999
vt -715.257446 12.674999
vt -653.061157 8.450000
vt -621.963013 8.450000
vt -621.963013 12.674999
vt -653.061157 12.674999
vt -684.159302 0.000000
vt -715.257446 4.225000
vt -715.257446 0.000000
vt -684.159302 4.225000
vt -715.257446 8.450000
vt -559.766724 25.349998
vt -559.766724 29.574999
vt -590.864868 29.574999
vt -528.668579 25.349998
vt -497.570374 25.349998
vt -497.570374 29.574999
vt -528.668579 29.574999
vt -621.963013 25.349998
vt -590.864868 25.349998
vt -621.963013 29.574999
vt -590.864868 21.125000
vt -559.766724 16.900000
vt -528.668579 16.900000
vt -559.766724 21.125000
vt -684.159302 29.574999
vt -653.061157 25.349998
vt -653.061157 29.574999
vt -684.159302 84.500000
vt -715.257446 88.724998
vt -715.257446 84.500000
vt -684.159302 88.724998
vt -684.159302 92.949997
vt -715.257446 97.174995
vt -715.257446 92.949997
vt -684.159302 76.050003
vt -684.159302 80.275002
vt -715.257446 80.275002
vt -653.061157 76.050003
vt -621.963013 76.050003
vt -621.963013 80.275002
vt -653.061157 80.275002
vt -684.159302 67.599998
vt -715.257446 71.824997
vt -715.257446 67.599998
vt -684.159302 71.824997
vt -715.257446 76.050003
vt -124.392593 59.149998
vt -155.490753 59.149998
vt -124.392593 54.924995
vt -155.490753 63.375000
vt -186.588898 67.599998
vt -217.687042 67.599998
vt -186.588898 63.375000
vt -62.196297 50.699997
vt -93.294449 54.924995
vt -93.294449 50.699997
vt -62.196297 54.924995
vt -62.196297 59.149998
vt -93.294449 63.375000
vt -93.294449 59.149998
vt 0.000000 42.250000
vt -31.098148 42.250000
vt -31.098148 46.474998
vt -62.196297 46.474998
vt -186.588898 84.500000
vt -217.687042 88.724998
vt -217.687042 84.500000
vt -186.588898 88.724998
vt -186.588898 92.949997
vt -217.687042 97.174995
vt -217.687042 92.949997
vt -186.588898 76.050003
vt -186.588898 80.275002
vt -217.687042 80.275002
vt -155.490753 76.050003
vt -124.392593 76.050003
vt -124.392593 80.275002
vt -155.490753 80.275002
vt -217.687042 71.824997
vt -186.588898 71.824997
vt -217.687042 76.050003
vt -621.963013 126.750000
vt -653.061157 126.750000
vt -621.963013 122.524994
vt -653.061157 130.975006
vt -684.159302 135.199997
vt -715.257446 135.199997
vt -684.159302 130.975006
vt -559.766724 118.299995
vt -590.864868 122.524994
vt -590.864868 118.299995
vt -559.766724 122.524994
vt -559.766724 126.750000
vt -590.864868 130.975006
vt -590.864868 126.750000
vt -497.570374 109.849991
vt -528.668579 109.849991
vt -497.570374 105.624992
vt -528.668579 114.074997
vt -559.766724 114.074997
vt -621.963013 92.949997
vt -653.061157 92.949997
vt -621.963013 88.724998
vt -653.061157 97.174995
vt -684.159302 101.399994
vt -715.257446 101.399994
vt -684.159302 97.174995
vt -559.766724 84.500000
vt -590.864868 88.724998
vt -590.864868 84.500000
vt -559.766724 88.724998
vt -559.766724 92.949997
vt -590.864868 97.174995
vt -590.864868 92.949997
vt -497.570374 76.050003
vt -528.668579 76.050003
vt -497.570374 71.824997
vt -528.668579 80.275002
vt -559.766724 80.275002
vt -684.159302 118.299995
vt -715.257446 122.524994
vt -715.257446 118.299995
vt -684.159302 122.524994
vt -684.159302 126.750000
vt -715.257446 130.975006
vt -715.257446 126.750000
vt -684.159302 109.849991
vt -684.159302 114.074997
vt -715.257446 114.074997
vt -653.061157 109.849991
vt -621.963013 109.849991
vt -621.963013 114.074997
vt -653.061157 114.074997
vt -715.257446 105.624992
vt -684.159302 105.624992
vt -715.257446 109.849991
vt -870.748169 126.750000
vt -901.846313 126.750000
vt -870.748169 122.524994
vt -901.846313 130.975006
vt -932.944458 135.199997
vt -964.042603 135.199997
vt -932.944458 130.975006
vt -808.551880 118.299995
vt -839.650024 122.524994
vt -839.650024 118.299995
vt -808.551880 122.524994
vt -808.551880 126.750000
vt -839.650024 130.975006
vt -839.650024 126.750000
vt -746.355591 109.849991
vt -777.453735 109.849991
vt -746.355591 105.624992
vt -777.453735 114.074997
vt -808.551880 114.074997
vt -435.374084 84.500000
vt -466.472229 88.724998
vt -466.472229 84.500000
vt -435.374084 88.724998
vt -435.374084 92.949997
vt -466.472229 97.174995
vt -466.472229 92.949997
vt -435.374084 76.050003
vt -435.374084 80.275002
vt -466.472229 80.275002
vt -404.275940 76.050003
vt -373.177795 76.050003
vt -373.177795 80.275002
vt -404.275940 80.275002
vt -435.374084 67.599998
vt -466.472229 71.824997
vt -466.472229 67.599998
vt -435.374084 71.824997
vt -466.472229 76.050003
vt -310.981506 92.949997
vt -310.981506 97.174995
vt -342.079651 97.174995
vt -279.883362 92.949997
vt -248.785187 92.949997
vt -248.785187 97.174995
vt -279.883362 97.174995
vt -373.177795 92.949997
vt -342.079651 92.949997
vt -373.177795 97.174995
vt -342.079651 88.724998
vt -310.981506 84.500000
vt -279.883362 84.500000
vt -310.981506 88.724998
vt -435.374084 97.174995
vt -404.275940 92.949997
vt -404.275940 97.174995
vt -435.374084 118.299995
vt -466.472229 122.524994
vt -466.472229 118.299995
vt -435.374084 122.524994
vt -435.374084 126.750000
vt -466.472229 130.975006
vt -466.472229 126.750000
vt -435.374084 109.849991
vt -435.374084 114.074997
vt -466.472229 114.074997
vt -404.275940 109.849991
vt -373.177795 109.849991
vt -373.177795 114.074997
vt -404.275940 114.074997
vt -435.374084 101.399994
vt -466.472229 105.624992
vt -466.472229 101.399994
vt -435.374084 105.624992
vt -466.472229 109.849991
vt -124.392593 25.349998
vt -155.490753 25.349998
vt -124.392593 21.125000
vt -155.490753 29.574999
vt -186.588898 33.799999
vt -217.687042 33.799999
vt -186.588898 29.574999
vt -62.196297 16.900000
vt -93.294449 21.125000
vt -93.294449 16.900000
vt -62.196297 21.125000
vt -62.196297 25.349998
vt -93.294449 29.574999
vt -93.294449 25.349998
vt 0.000000 8.450000
vt -31.098148 8.450000
vt -31.098148 12.674999
vt -62.196297 12.674999
vt -186.588898 50.699997
vt -217.687042 54.924995
vt -217.687042 50.699997
vt -186.588898 54.924995
vt -186.588898 59.149998
vt -217.687042 63.375000
vt -217.687042 59.149998
vt -186.588898 42.250000
vt -186.588898 46.474998
vt -217.687042 46.474998
vt -155.490753 42.250000
vt -124.392593 42.250000
vt -124.392593 46.474998
vt -155.490753 46.474998
vt -217.687042 38.025002
vt -186.588898 38.025002
vt -217.687042 42.250000
vt -373.177795 59.149998
vt -404.275940 59.149998
vt -373.177795 54.924995
vt -404.275940 63.375000
vt -435.374084 63.375000
vt -310.981506 50.699997
vt -342.079651 54.924995
vt -342.079651 50.699997
vt -310.981506 54.924995
vt -310.981506 59.149998
vt -342.079651 63.375000
vt -342.079651 59.149998
vt -248.785187 42.250000
vt -279.883362 42.250000
vt -248.785187 38.025002
vt -279.883362 46.474998
vt -310.981506 46.474998
vt -932.944458 84.500000
vt -964.042603 88.724998
vt -964.042603 84.500000
vt -932.944458 88.724998
vt -932.944458 92.949997
vt -964.042603 97.174995
vt -964.042603 92.949997
vt -932.944458 76.050003
vt -932.944458 80.275002
vt -964.042603 80.275002
vt -901.846313 76.050003
vt -870.748169 76.050003
vt -870.748169 80.275002
vt -901.846313 80.275002
vt -932.944458 67.599998
vt -964.042603 71.824997
vt -964.042603 67.599998
vt -932.944458 71.824997
vt -964.042603 76.050003
vt -808.551880 92.949997
vt -808.551880 97.174995
vt -839.650024 97.174995
vt -777.453735 92.949997
vt -746.355591 92.949997
vt -746.355591 97.174995
vt -777.453735 97.174995
vt -870.748169 92.949997
vt -839.650024 92.949997
vt -870.748169 97.174995
vt -839.650024 88.724998
vt -808.551880 84.500000
vt -777.453735 84.500000
vt -808.551880 88.724998
vt -932.944458 97.174995
vt -901.846313 92.949997
vt -901.846313 97.174995
vt -932.944458 118.299995
vt -964.042603 122.524994
vt -964.042603 118.299995
vt -932.944458 122.524994
vt -932.944458 126.750000
vt -964.042603 130.975006
vt -964.042603 126.750000
vt -932.944458 109.849991
vt -932.944458 114.074997
vt -964.042603 114.074997
vt -901.846313 109.849991
vt -870.748169 109.849991
vt -870.748169 114.074997
vt -901.846313 114.074997
vt -932.944458 101.399994
vt -964.042603 105.624992
vt -964.042603 101.399994
vt -932.944458 105.624992
vt -964.042603 109.849991
vt -808.551880 59.149998
vt -808.551880 63.375000
vt -839.650024 63.375000
vt -777.453735 59.149998
vt -746.355591 59.149998
vt -746.355591 63.375000
vt -777.453735 63.375000
vt -870.748169 59.149998
vt -839.650024 59.149998
vt -870.748169 63.375000
vt -839.650024 54.924995
vt -808.551880 50.699997
vt -777.453735 50.699997
vt -808.551880 54.924995
vt -932.944458 59.149998
vt -932.944458 63.375000
vt -964.042603 63.375000
vt -901.846313 59.149998
vt -901.846313 63.375000
vt -621.963013 42.250000
vt -590.864868 42.250000
vt -621.963013 46.474998
vt -590.864868 38.025002
vt -559.766724 33.799999
vt -528.668579 33.799999
vt -559.766724 38.025002
vt -684.159302 50.699997
vt -653.061157 46.474998
vt -653.061157 50.699997
vt -684.159302 46.474998
vt -684.159302 42.250000
vt -653.061157 38.025002
vt -653.061157 42.250000
vt -715.257446 59.149998
vt -715.257446 54.924995
vt -684.159302 54.924995
vt -559.766724 59.149998
vt -559.766724 63.375000
vt -590.864868 63.375000
vt -528.668579 59.149998
vt -497.570374 59.149998
vt -497.570374 63.375000
vt -528.668579 63.375000
vt -621.963013 59.149998
vt -590.864868 59.149998
vt -621.963013 63.375000
vt -590.864868 54.924995
vt -559.766724 50.699997
vt -528.668579 50.699997
vt -559.766724 54.924995
vt -684.159302 59.149998
vt -684.159302 63.375000
vt -715.257446 63.375000
vt -653.061157 59.149998
vt -653.061157 63.375000
vt -932.944458 16.900000
vt -964.042603 21.125000
vt -964.042603 16.900000
vt -932.944458 21.125000
vt -932.944458 25.349998
vt -964.042603 29.574999
vt -964.042603 25.349998
vt -932.944458 8.450000
vt -932.944458 12.674999
vt -964.042603 12.674999
vt -901.846313 8.450000
vt -870.748169 8.450000
vt -870.748169 12.674999
vt -901.846313 12.674999
vt -932.944458 0.000000
vt -964.042603 4.225000
vt -964.042603 0.000000
vt -932.944458 4.225000
vt -964.042603 8.450000
vt -808.551880 25.349998
vt -808.551880 29.574999
vt -839.650024 29.574999
vt -777.453735 25.349998
vt -746.355591 25.349998
vt -746.355591 29.574999
vt -777.453735 29.574999
vt -870.748169 25.349998
vt -839.650024 25.349998
vt -870.748169 29.574999
vt -839.650024 21.125000
vt -808.551880 16.900000
vt -777.453735 16.900000
vt -808.551880 21.125000
vt -932.944458 29.574999
vt -901.846313 25.349998
vt -901.846313 29.574999
vt -932.944458 50.699997
vt -964.042603 54.924995
vt -964.042603 50.699997
vt -932.944458 54.924995
vt -964.042603 59.149998
vt -932.944458 42.250000
vt -932.944458 46.474998
vt -964.042603 46.474998
vt -901.846313 42.250000
vt -870.748169 42.250000
vt -870.748169 46.474998
vt -901.846313 46.474998
vt -932.944458 33.799999
vt -964.042603 38.025002
vt -964.042603 33.799999
vt -932.944458 38.025002
vt -964.042603 42.250000
vt 1.562500 42.250000
vt 1.640625 42.250000
vt 1.562500 46.474998
vt 1.640625 38.025002
vt 1.718750 33.799999
vt 1.796875 33.799999
vt 1.718750 38.025002
vt 1.406250 50.699997
vt 1.484375 46.474998
vt 1.484375 50.699997
vt 1.406250 46.474998
vt 1.406250 42.250000
vt 1.484375 38.025002
vt 1.484375 42.250000
vt 1.250000 59.149998
vt 1.328125 59.149998
vt 1.250000 63.375000
vt 1.328125 54.924995
vt 1.406250 54.924995
vt 1.718750 16.900000
vt 1.796875 12.674999
vt 1.796875 16.900000
vt 1.718750 12.674999
vt 1.718750 8.450000
vt 1.796875 4.225000
vt 1.796875 8.450000
vt 1.718750 25.349998
vt 1.718750 21.125000
vt 1.796875 21.125000
vt 1.640625 25.349998
vt 1.562500 25.349998
vt 1.562500 21.125000
vt 1.640625 21.125000
vt 1.796875 29.574999
vt 1.718750 29.574999
vt 1.796875 25.349998
vt 2.187500 8.450000
vt 2.265625 8.450000
vt 2.187500 12.674999
vt 2.265625 4.225000
vt 2.343750 0.000000
vt 2.421875 0.000000
vt 2.343750 4.225000
vt 2.031250 16.900000
vt 2.109375 12.674999
vt 2.109375 16.900000
vt 2.031250 12.674999
vt 2.031250 8.450000
vt 2.109375 4.225000
vt 2.109375 8.450000
vt 1.875000 25.349998
vt 1.953125 25.349998
vt 1.875000 29.574999
vt 1.953125 21.125000
vt 2.031250 21.125000
vt 1.093750 50.699997
vt 1.171875 46.474998
vt 1.171875 50.699997
vt 1.093750 46.474998
vt 1.093750 42.250000
vt 1.171875 38.025002
vt 1.171875 42.250000
vt 1.093750 59.149998
vt 1.093750 54.924995
vt 1.171875 54.924995
vt 1.015625 59.149998
vt 0.937500 59.149998
vt 0.937500 54.924995
vt 1.015625 54.924995
vt 1.093750 67.599998
vt 1.171875 63.375000
vt 1.171875 67.599998
vt 1.093750 63.375000
vt 1.171875 59.149998
vt 0.781250 42.250000
vt 0.781250 38.025002
vt 0.859375 38.025002
vt 0.703125 42.250000
vt 0.625000 42.250000
vt 0.625000 38.025002
vt 0.703125 38.025002
vt 0.937500 42.250000
vt 0.859375 42.250000
vt 0.937500 38.025002
vt 0.859375 46.474998
vt 0.781250 50.699997
vt 0.703125 50.699997
vt 0.781250 46.474998
vt 1.093750 38.025002
vt 1.015625 42.250000
vt 1.015625 38.025002
vt 1.093750 16.900000
vt 1.171875 12.674999
vt 1.171875 16.900000
vt 1.093750 12.674999
vt 1.093750 8.450000
vt 1.171875 4.225000
vt 1.171875 8.450000
vt 1.093750 25.349998
vt 1.093750 21.125000
vt 1.171875 21.125000
vt 1.015625 25.349998
vt 0.937500 25.349998
vt 0.937500 21.125000
vt 1.015625 21.125000
vt 1.093750 33.799999
vt 1.171875 29.574999
vt 1.171875 33.799999
vt 1.093750 29.574999
vt 1.171875 25.349998
vt 0.312500 109.849991
vt 0.390625 109.849991
vt 0.312500 114.074997
vt 0.390625 105.624992
vt 0.468750 101.399994
vt 0.546875 101.399994
vt 0.468750 105.624992
vt 0.156250 118.299995
vt 0.234375 114.074997
vt 0.234375 118.299995
vt 0.156250 114.074997
vt 0.156250 109.849991
vt 0.234375 105.624992
vt 0.234375 109.849991
vt 0.000000 126.750000
vt 0.078125 126.750000
vt 0.078125 122.524994
vt 0.156250 122.524994
vt 0.468750 84.500000
vt 0.546875 80.275002
vt 0.546875 84.500000
vt 0.468750 80.275002
vt 0.468750 76.050003
vt 0.546875 71.824997
vt 0.546875 76.050003
vt 0.468750 92.949997
vt 0.468750 88.724998
vt 0.546875 88.724998
vt 0.390625 92.949997
vt 0.312500 92.949997
vt 0.312500 88.724998
vt 0.390625 88.724998
vt 0.546875 97.174995
vt 0.468750 97.174995
vt 0.546875 92.949997
vt 0.937500 76.050003
vt 1.015625 76.050003
vt 0.937500 80.275002
vt 1.015625 71.824997
vt 1.093750 71.824997
vt 0.781250 84.500000
vt 0.859375 80.275002
vt 0.859375 84.500000
vt 0.781250 80.275002
vt 0.781250 76.050003
vt 0.859375 71.824997
vt 0.859375 76.050003
vt 0.625000 92.949997
vt 0.703125 92.949997
vt 0.625000 97.174995
vt 0.703125 88.724998
vt 0.781250 88.724998
vt 2.343750 50.699997
vt 2.421875 46.474998
vt 2.421875 50.699997
vt 2.343750 46.474998
vt 2.343750 42.250000
vt 2.421875 38.025002
vt 2.421875 42.250000
vt 2.343750 59.149998
vt 2.343750 54.924995
vt 2.421875 54.924995
vt 2.265625 59.149998
vt 2.187500 59.149998
vt 2.187500 54.924995
vt 2.265625 54.924995
vt 2.343750 67.599998
vt 2.421875 63.375000
vt 2.421875 67.599998
vt 2.343750 63.375000
vt 2.421875 59.149998
vt 2.031250 42.250000
vt 2.031250 38.025002
vt 2.109375 38.025002
vt 1.953125 42.250000
vt 1.875000 42.250000
vt 1.875000 38.025002
vt 1.953125 38.025002
vt 2.187500 42.250000
vt 2.109375 42.250000
vt 2.187500 38.025002
vt 2.109375 46.474998
vt 2.031250 50.699997
vt 1.953125 50.699997
vt 2.031250 46.474998
vt 2.343750 38.025002
vt 2.265625 42.250000
vt 2.265625 38.025002
vt 2.343750 16.900000
vt 2.421875 12.674999
vt 2.421875 16.900000
vt 2.343750 12.674999
vt 2.343750 8.450000
vt 2.421875 4.225000
vt 2.421875 8.450000
vt 2.343750 25.349998
vt 2.343750 21.125000
vt 2.421875 21.125000
vt 2.265625 25.349998
vt 2.187500 25.349998
vt 2.187500 21.125000
vt 2.265625 21.125000
vt 2.343750 33.799999
vt 2.421875 29.574999
vt 2.421875 33.799999
vt 2.343750 29.574999
vt 2.421875 25.349998
vt 2.031250 76.050003
vt 2.031250 71.824997
vt 2.109375 71.824997
vt 1.953125 76.050003
vt 1.875000 76.050003
vt 1.875000 71.824997
vt 1.953125 71.824997
vt 2.187500 76.050003
vt 2.109375 76.050003
vt 2.187500 71.824997
vt 2.109375 80.275002
vt 2.031250 84.500000
vt 1.953125 84.500000
vt 2.031250 80.275002
vt 2.343750 76.050003
vt 2.343750 71.824997
vt 2.421875 71.824997
vt 2.265625 76.050003
vt 2.265625 71.824997
vt 1.562500 92.949997
vt 1.484375 92.949997
vt 1.562500 88.724998
vt 1.484375 97.174995
vt 1.406250 101.399994
vt 1.328125 101.399994
vt 1.406250 97.174995
vt 1.718750 84.500000
vt 1.640625 88.724998
vt 1.640625 84.500000
vt 1.718750 88.724998
vt 1.718750 92.949997
vt 1.640625 97.174995
vt 1.640625 92.949997
vt 1.796875 76.050003
vt 1.796875 80.275002
vt 1.718750 80.275002
vt 1.406250 76.050003
vt 1.406250 71.824997
vt 1.484375 71.824997
vt 1.328125 76.050003
vt 1.250000 76.050003
vt 1.250000 71.824997
vt 1.328125 71.824997
vt 1.562500 76.050003
vt 1.484375 76.050003
vt 1.562500 71.824997
vt 1.484375 80.275002
vt 1.406250 84.500000
vt 1.328125 84.500000
vt 1.406250 80.275002
vt 1.718750 76.050003
vt 1.718750 71.824997
vt 1.796875 71.824997
vt 1.640625 76.050003
vt 1.640625 71.824997
vt 2.343750 118.299995
vt 2.421875 114.074997
vt 2.421875 118.299995
vt 2.343750 114.074997
vt 2.343750 109.849991
vt 2.421875 105.624992
vt 2.421875 109.849991
vt 2.343750 126.750000
vt 2.343750 122.524994
vt 2.421875 122.524994
vt 2.265625 126.750000
vt 2.187500 126.750000
vt 2.187500 122.524994
vt 2.265625 122.524994
vt 2.343750 135.199997
vt 2.421875 130.975006
vt 2.421875 135.199997
vt 2.343750 130.975006
vt 2.421875 126.750000
vt 2.031250 109.849991
vt 2.031250 105.624992
vt 2.109375 105.624992
vt 1.953125 109.849991
vt 1.875000 109.849991
vt 1.875000 105.624992
vt 1.953125 105.624992
vt 2.187500 109.849991
vt 2.109375 109.849991
vt 2.187500 105.624992
vt 2.109375 114.074997
vt 2.031250 118.299995
vt 1.953125 118.299995
vt 2.031250 114.074997
vt 2.343750 105.624992
vt 2.265625 109.849991
vt 2.265625 105.624992
vt 2.343750 84.500000
vt 2.421875 80.275002
vt 2.421875 84.500000
vt 2.343750 80.275002
vt 2.421875 76.050003
vt 2.343750 92.949997
vt 2.343750 88.724998
vt 2.421875 88.724998
vt 2.265625 92.949997
vt 2.187500 92.949997
vt 2.187500 88.724998
vt 2.265625 88.724998
vt 2.343750 101.399994
vt 2.421875 97.174995
vt 2.421875 101.399994
vt 2.343750 97.174995
vt 2.421875 92.949997
vt 1.562500 310.981506
vt 1.640625 310.981506
vt 1.562500 342.079651
vt 1.640625 279.883362
vt 1.718750 248.785187
vt 1.796875 248.785187
vt 1.718750 279.883362
vt 1.406250 373.177795
vt 1.484375 342.079651
vt 1.484375 373.177795
vt 1.406250 342.079651
vt 1.406250 310.981506
vt 1.484375 279.883362
vt 1.484375 310.981506
vt 1.250000 435.374084
vt 1.328125 435.374084
vt 1.250000 466.472229
vt 1.328125 404.275940
vt 1.406250 404.275940
vt 1.718750 124.392593
vt 1.796875 93.294449
vt 1.796875 124.392593
vt 1.718750 93.294449
vt 1.718750 62.196297
vt 1.796875 31.098148
vt 1.796875 62.196297
vt 1.718750 186.588898
vt 1.718750 155.490753
vt 1.796875 155.490753
vt 1.640625 186.588898
vt 1.562500 186.588898
vt 1.562500 155.490753
vt 1.640625 155.490753
vt 1.796875 217.687042
vt 1.718750 217.687042
vt 1.796875 186.588898
vt 2.187500 62.196297
vt 2.265625 62.196297
vt 2.187500 93.294449
vt 2.265625 31.098148
vt 2.343750 31.098148
vt 2.031250 124.392593
vt 2.109375 93.294449
vt 2.109375 124.392593
vt 2.031250 93.294449
vt 2.031250 62.196297
vt 2.109375 31.098148
vt 2.109375 62.196297
vt 1.875000 186.588898
vt 1.953125 186.588898
vt 1.875000 217.687042
vt 1.953125 155.490753
vt 2.031250 155.490753
vt 1.093750 373.177795
vt 1.171875 342.079651
vt 1.171875 373.177795
vt 1.093750 342.079651
vt 1.093750 310.981506
vt 1.171875 279.883362
vt 1.171875 310.981506
vt 1.093750 435.374084
vt 1.093750 404.275940
vt 1.171875 404.275940
vt 1.015625 435.374084
vt 0.937500 435.374084
vt 0.937500 404.275940
vt 1.015625 404.275940
vt 1.093750 497.570374
vt 1.171875 466.472229
vt 1.171875 497.570374
vt 1.093750 466.472229
vt 1.171875 435.374084
vt 0.781250 310.981506
vt 0.781250 279.883362
vt 0.859375 279.883362
vt 0.703125 310.981506
vt 0.625000 310.981506
vt 0.625000 279.883362
vt 0.703125 279.883362
vt 0.937500 310.981506
vt 0.859375 310.981506
vt 0.937500 279.883362
vt 0.859375 342.079651
vt 0.781250 373.177795
vt 0.703125 373.177795
vt 0.781250 342.079651
vt 1.093750 279.883362
vt 1.015625 310.981506
vt 1.015625 279.883362
vt 1.093750 124.392593
vt 1.171875 93.294449
vt 1.171875 124.392593
vt 1.093750 93.294449
vt 1.093750 62.196297
vt 1.171875 31.098148
vt 1.171875 62.196297
vt 1.093750 186.588898
vt 1.093750 155.490753
vt 1.171875 155.490753
vt 1.015625 186.588898
vt 0.937500 186.588898
vt 0.937500 155.490753
vt 1.015625 155.490753
vt 1.093750 248.785187
vt 1.171875 217.687042
vt 1.171875 248.785187
vt 1.093750 217.687042
vt 1.171875 186.588898
vt 0.312500 808.551880
vt 0.390625 808.551880
vt 0.312500 839.650024
vt 0.390625 777.453735
vt 0.468750 746.355591
vt 0.546875 746.355591
vt 0.468750 777.453735
vt 0.156250 870.748169
vt 0.234375 839.650024
vt 0.234375 870.748169
vt 0.156250 839.650024
vt 0.156250 808.551880
vt 0.234375 777.453735
vt 0.234375 808.551880
vt 0.000000 932.944458
vt 0.078125 932.944458
vt 0.000000 964.042603
vt 0.078125 901.846313
vt 0.156250 901.846313
vt 0.468750 621.963013
vt 0.546875 590.864868
vt 0.546875 621.963013
vt 0.468750 590.864868
vt 0.468750 559.766724
vt 0.546875 528.668579
vt 0.546875 559.766724
vt 0.468750 684.159302
vt 0.468750 653.061157
vt 0.546875 653.061157
vt 0.390625 684.159302
vt 0.312500 684.159302
vt 0.312500 653.061157
vt 0.390625 653.061157
vt 0.546875 715.257446
vt 0.468750 715.257446
vt 0.546875 684.159302
vt 0.937500 559.766724
vt 1.015625 559.766724
vt 0.937500 590.864868
vt 1.015625 528.668579
vt 1.093750 528.668579
vt 0.781250 621.963013
vt 0.859375 590.864868
vt 0.859375 621.963013
vt 0.781250 590.864868
vt 0.781250 559.766724
vt 0.859375 528.668579
vt 0.859375 559.766724
vt 0.625000 684.159302
vt 0.703125 684.159302
vt 0.625000 715.257446
vt 0.703125 653.061157
vt 0.781250 653.061157
vt 2.343750 373.177795
vt 2.421875 342.079651
vt 2.421875 373.177795
vt 2.343750 342.079651
vt 2.343750 310.981506
vt 2.421875 279.883362
vt 2.421875 310.981506
vt 2.343750 435.374084
vt 2.343750 404.275940
vt 2.421875 404.275940
vt 2.265625 435.374084
vt 2.187500 435.374084
vt 2.187500 404.275940
vt 2.265625 404.275940
vt 2.343750 497.570374
vt 2.421875 466.472229
vt 2.421875 497.570374
vt 2.343750 466.472229
vt 2.421875 435.374084
vt 2.031250 310.981506
vt 2.031250 279.883362
vt 2.109375 279.883362
vt 1.953125 310.981506
vt 1.875000 310.981506
vt 1.875000 279.883362
vt 1.953125 279.883362
vt 2.187500 310.981506
vt 2.109375 310.981506
vt 2.187500 279.883362
vt 2.109375 342.079651
vt 2.031250 373.177795
vt 1.953125 373.177795
vt 2.031250 342.079651
vt 2.343750 279.883362
vt 2.265625 310.981506
vt 2.265625 279.883362
vt 2.343750 124.392593
vt 2.421875 93.294449
vt 2.421875 124.392593
vt 2.343750 93.294449
vt 2.343750 62.196297
vt 2.421875 31.098148
vt 2.421875 62.196297
vt 2.343750 186.588898
vt 2.343750 155.490753
vt 2.421875 155.490753
vt 2.265625 186.588898
vt 2.187500 186.588898
vt 2.187500 155.490753
vt 2.265625 155.490753
vt 2.343750 248.785187
vt 2.421875 217.687042
vt 2.421875 248.785187
vt 2.343750 217.687042
vt 2.421875 186.588898
vt 2.031250 559.766724
vt 2.031250 528.668579
vt 2.109375 528.668579
vt 1.953125 559.766724
vt 1.875000 559.766724
vt 1.875000 528.668579
vt 1.953125 528.668579
vt 2.187500 559.766724
vt 2.109375 559.766724
vt 2.187500 528.668579
vt 2.109375 590.864868
vt 2.031250 621.963013
vt 1.953125 621.963013
vt 2.031250 590.864868
vt 2.343750 559.766724
vt 2.343750 528.668579
vt 2.421875 528.668579
vt 2.265625 559.766724
vt 2.265625 528.668579
vt 1.562500 684.159302
vt 1.484375 684.159302
vt 1.562500 653.061157
vt 1.484375 715.257446
vt 1.406250 746.355591
vt 1.328125 746.355591
vt 1.406250 715.257446
vt 1.718750 621.963013
vt 1.640625 653.061157
vt 1.640625 621.963013
vt 1.718750 653.061157
vt 1.718750 684.159302
vt 1.640625 715.257446
vt 1.640625 684.159302
vt 1.796875 559.766724
vt 1.796875 590.864868
vt 1.718750 590.864868
vt 1.406250 559.766724
vt 1.406250 528.668579
vt 1.484375 528.668579
vt 1.328125 559.766724
vt 1.250000 559.766724
vt 1.250000 528.668579
vt 1.328125 528.668579
vt 1.562500 559.766724
vt 1.484375 559.766724
vt 1.562500 528.668579
vt 1.484375 590.864868
vt 1.406250 621.963013
vt 1.328125 621.963013
vt 1.406250 590.864868
vt 1.718750 559.766724
vt 1.718750 528.668579
vt 1.796875 528.668579
vt 1.640625 559.766724
vt 1.640625 528.668579
vt 2.343750 870.748169
vt 2.421875 839.650024
vt 2.421875 870.748169
vt 2.343750 839.650024
vt 2.343750 808.551880
vt 2.421875 777.453735
vt 2.421875 808.551880
vt 2.343750 932.944458
vt 2.343750 901.846313
vt 2.421875 901.846313
vt 2.265625 932.944458
vt 2.187500 932.944458
vt 2.187500 901.846313
vt 2.265625 901.846313
vt 2.343750 995.140747
vt 2.421875 964.042603
vt 2.421875 995.140747
vt 2.343750 964.042603
vt 2.421875 932.944458
vt 2.031250 808.551880
vt 2.031250 777.453735
vt 2.109375 777.453735
vt 1.953125 808.551880
vt 1.875000 808.551880
vt 1.875000 777.453735
vt 1.953125 777.453735
vt 2.187500 808.551880
vt 2.109375 808.551880
vt 2.187500 777.453735
vt 2.109375 839.650024
vt 2.031250 870.748169
vt 1.953125 870.748169
vt 2.031250 839.650024
vt 2.343750 777.453735
vt 2.265625 808.551880
vt 2.265625 777.453735
vt 2.343750 621.963013
vt 2.421875 590.864868
vt 2.421875 621.963013
vt 2.343750 590.864868
vt 2.421875 559.766724
vt 2.343750 684.159302
vt 2.343750 653.061157
vt 2.421875 653.061157
vt 2.265625 684.159302
vt 2.187500 684.159302
vt 2.187500 653.061157
vt 2.265625 653.061157
vt 2.343750 746.355591
vt 2.421875 715.257446
vt 2.421875 746.355591
vt 2.343750 715.257446
vt 2.421875 684.159302
vt 621.963013 42.250000
vt 653.061157 42.250000
vt 621.963013 46.474998
vt 653.061157 38.025002
vt 684.159302 33.799999
vt 715.257446 33.799999
vt 684.159302 38.025002
vt 559.766724 50.699997
vt 590.864868 46.474998
vt 590.864868 50.699997
vt 559.766724 46.474998
vt 559.766724 42.250000
vt 590.864868 38.025002
vt 590.864868 42.250000
vt 497.570374 59.149998
vt 528.668579 59.149998
vt 497.570374 63.375000
vt 528.668579 54.924995
vt 559.766724 54.924995
vt 684.159302 16.900000
vt 715.257446 12.674999
vt 715.257446 16.900000
vt 684.159302 12.674999
vt 684.159302 8.450000
vt 715.257446 4.225000
vt 715.257446 8.450000
vt 684.159302 25.349998
vt 684.159302 21.125000
vt 715.257446 21.125000
vt 653.061157 25.349998
vt 621.963013 25.349998
vt 621.963013 21.125000
vt 653.061157 21.125000
vt 715.257446 29.574999
vt 684.159302 29.574999
vt 715.257446 25.349998
vt 870.748169 8.450000
vt 901.846313 8.450000
vt 870.748169 12.674999
vt 901.846313 4.225000
vt 932.944458 0.000000
vt 964.042603 0.000000
vt 932.944458 4.225000
vt 808.551880 16.900000
vt 839.650024 12.674999
vt 839.650024 16.900000
vt 808.551880 12.674999
vt 808.551880 8.450000
vt 839.650024 4.225000
vt 839.650024 8.450000
vt 746.355591 25.349998
vt 777.453735 25.349998
vt 746.355591 29.574999
vt 777.453735 21.125000
vt 808.551880 21.125000
vt 435.374084 50.699997
vt 466.472229 46.474998
vt 466.472229 50.699997
vt 435.374084 46.474998
vt 435.374084 42.250000
vt 466.472229 38.025002
vt 466.472229 42.250000
vt 435.374084 59.149998
vt 435.374084 54.924995
vt 466.472229 54.924995
vt 404.275940 59.149998
vt 373.177795 59.149998
vt 373.177795 54.924995
vt 404.275940 54.924995
vt 435.374084 67.599998
vt 466.472229 63.375000
vt 466.472229 67.599998
vt 435.374084 63.375000
vt 466.472229 59.149998
vt 310.981506 42.250000
vt 310.981506 38.025002
vt 342.079651 38.025002
vt 279.883362 42.250000
vt 248.785187 42.250000
vt 248.785187 38.025002
vt 279.883362 38.025002
vt 373.177795 42.250000
vt 342.079651 42.250000
vt 373.177795 38.025002
vt 342.079651 46.474998
vt 310.981506 50.699997
vt 279.883362 50.699997
vt 310.981506 46.474998
vt 435.374084 38.025002
vt 404.275940 42.250000
vt 404.275940 38.025002
vt 435.374084 16.900000
vt 466.472229 12.674999
vt 466.472229 16.900000
vt 435.374084 12.674999
vt 435.374084 8.450000
vt 466.472229 4.225000
vt 466.472229 8.450000
vt 435.374084 25.349998
vt 435.374084 21.125000
vt 466.472229 21.125000
vt 404.275940 25.349998
vt 373.177795 25.349998
vt 373.177795 21.125000
vt 404.275940 21.125000
vt 435.374084 33.799999
vt 466.472229 29.574999
vt 466.472229 33.799999
vt 435.374084 29.574999
vt 466.472229 25.349998
vt 124.392593 109.849991
vt 155.490753 109.849991
vt 124.392593 114.074997
vt 155.490753 105.624992
vt 186.588898 101.399994
vt 217.687042 101.399994
vt 186.588898 105.624992
vt 62.196297 118.299995
vt 93.294449 114.074997
vt 93.294449 118.299995
vt 62.196297 114.074997
vt 62.196297 109.849991
vt 93.294449 105.624992
vt 93.294449 109.849991
vt 31.098148 126.750000
vt 31.098148 122.524994
vt 62.196297 122.524994
vt 186.588898 84.500000
vt 217.687042 80.275002
vt 217.687042 84.500000
vt 186.588898 80.275002
vt 186.588898 76.050003
vt 217.687042 71.824997
vt 217.687042 76.050003
vt 186.588898 92.949997
vt 186.588898 88.724998
vt 217.687042 88.724998
vt 155.490753 92.949997
vt 124.392593 92.949997
vt 124.392593 88.724998
vt 155.490753 88.724998
vt 217.687042 97.174995
vt 186.588898 97.174995
vt 217.687042 92.949997
vt 373.177795 76.050003
vt 404.275940 76.050003
vt 373.177795 80.275002
vt 404.275940 71.824997
vt 435.374084 71.824997
vt 310.981506 84.500000
vt 342.079651 80.275002
vt 342.079651 84.500000
vt 310.981506 80.275002
vt 310.981506 76.050003
vt 342.079651 71.824997
vt 342.079651 76.050003
vt 248.785187 92.949997
vt 279.883362 92.949997
vt 248.785187 97.174995
vt 279.883362 88.724998
vt 310.981506 88.724998
vt 932.944458 50.699997
vt 964.042603 46.474998
vt 964.042603 50.699997
vt 932.944458 46.474998
vt 932.944458 42.250000
vt 964.042603 38.025002
vt 964.042603 42.250000
vt 932.944458 59.149998
vt 932.944458 54.924995
vt 964.042603 54.924995
vt 901.846313 59.149998
vt 870.748169 59.149998
vt 870.748169 54.924995
vt 901.846313 54.924995
vt 932.944458 67.599998
vt 964.042603 63.375000
vt 964.042603 67.599998
vt 932.944458 63.375000
vt 964.042603 59.149998
vt 808.551880 42.250000
vt 808.551880 38.025002
vt 839.650024 38.025002
vt 777.453735 42.250000
vt 746.355591 42.250000
vt 746.355591 38.025002
vt 777.453735 38.025002
vt 870.748169 42.250000
vt 839.650024 42.250000
vt 870.748169 38.025002
vt 839.650024 46.474998
vt 808.551880 50.699997
vt 777.453735 50.699997
vt 808.551880 46.474998
vt 932.944458 38.025002
vt 901.846313 42.250000
vt 901.846313 38.025002
vt 932.944458 16.900000
vt 964.042603 12.674999
vt 964.042603 16.900000
vt 932.944458 12.674999
vt 932.944458 8.450000
vt 964.042603 4.225000
vt 964.042603 8.450000
vt 932.944458 25.349998
vt 932.944458 21.125000
vt 964.042603 21.125000
vt 901.846313 25.349998
vt 870.748169 25.349998
vt 870.748169 21.125000
vt 901.846313 21.125000
vt 932.944458 33.799999
vt 964.042603 29.574999
vt 964.042603 33.799999
vt 932.944458 29.574999
vt 964.042603 25.349998
vt 808.551880 76.050003
vt 808.551880 71.824997
vt 839.650024 71.824997
vt 777.453735 76.050003
vt 746.355591 76.050003
vt 746.355591 71.824997
vt 777.453735 71.824997
vt 870.748169 76.050003
vt 839.650024 76.050003
vt 870.748169 71.824997
vt 839.650024 80.275002
vt 808.551880 84.500000
vt 777.453735 84.500000
vt 808.551880 80.275002
vt 932.944458 76.050003
vt 932.944458 71.824997
vt 964.042603 71.824997
vt 901.846313 76.050003
vt 901.846313 71.824997
vt 621.963013 92.949997
vt 590.864868 92.949997
vt 621.963013 88.724998
vt 590.864868 97.174995
vt 559.766724 101.399994
vt 528.668579 101.399994
vt 559.766724 97.174995
vt 684.159302 84.500000
vt 653.061157 88.724998
vt 653.061157 84.500000
vt 684.159302 88.724998
vt 684.159302 92.949997
vt 653.061157 97.174995
vt 653.061157 92.949997
vt 715.257446 76.050003
vt 715.257446 80.275002
vt 684.159302 80.275002
vt 559.766724 76.050003
vt 559.766724 71.824997
vt 590.864868 71.824997
vt 528.668579 76.050003
vt 497.570374 76.050003
vt 497.570374 71.824997
vt 528.668579 71.824997
vt 621.963013 76.050003
vt 590.864868 76.050003
vt 621.963013 71.824997
vt 590.864868 80.275002
vt 559.766724 84.500000
vt 528.668579 84.500000
vt 559.766724 80.275002
vt 684.159302 76.050003
vt 684.159302 71.824997
vt 715.257446 71.824997
vt 653.061157 76.050003
vt 653.061157 71.824997
vt 932.944458 118.299995
vt 964.042603 114.074997
vt 964.042603 118.299995
vt 932.944458 114.074997
vt 932.944458 109.849991
vt 964.042603 105.624992
vt 964.042603 109.849991
vt 932.944458 126.750000
vt 932.944458 122.524994
vt 964.042603 122.524994
vt 901.846313 126.750000
vt 870.748169 126.750000
vt 870.748169 122.524994
vt 901.846313 122.524994
vt 932.944458 135.199997
vt 964.042603 130.975006
vt 964.042603 135.199997
vt 932.944458 130.975006
vt 964.042603 126.750000
vt 808.551880 109.849991
vt 808.551880 105.624992
vt 839.650024 105.624992
vt 777.453735 109.849991
vt 746.355591 109.849991
vt 746.355591 105.624992
vt 777.453735 105.624992
vt 870.748169 109.849991
vt 839.650024 109.849991
vt 870.748169 105.624992
vt 839.650024 114.074997
vt 808.551880 118.299995
vt 777.453735 118.299995
vt 808.551880 114.074997
vt 932.944458 105.624992
vt 901.846313 109.849991
vt 901.846313 105.624992
vt 932.944458 84.500000
vt 964.042603 80.275002
vt 964.042603 84.500000
vt 932.944458 80.275002
vt 964.042603 76.050003
vt 932.944458 92.949997
vt 932.944458 88.724998
vt 964.042603 88.724998
vt 901.846313 92.949997
vt 870.748169 92.949997
vt 870.748169 88.724998
vt 901.846313 88.724998
vt 932.944458 101.399994
vt 964.042603 97.174995
vt 964.042603 101.399994
vt 932.944458 97.174995
vt 964.042603 92.949997
vt 435.374084 118.299995
vt 466.472229 114.074997
vt 466.472229 118.299995
vt 435.374084 114.074997
vt 435.374084 109.849991
vt 466.472229 105.624992
vt 466.472229 109.849991
vt 435.374084 126.750000
vt 435.374084 122.524994
vt 466.472229 122.524994
vt 404.275940 126.750000
vt 373.177795 126.750000
vt 373.177795 122.524994
vt 404.275940 122.524994
vt 435.374084 135.199997
vt 466.472229 130.975006
vt 466.472229 135.199997
vt 435.374084 130.975006
vt 466.472229 126.750000
vt 310.981506 109.849991
vt 310.981506 105.624992
vt 342.079651 105.624992
vt 279.883362 109.849991
vt 248.785187 109.849991
vt 248.785187 105.624992
vt 279.883362 105.624992
vt 373.177795 109.849991
vt 342.079651 109.849991
vt 373.177795 105.624992
vt 342.079651 114.074997
vt 310.981506 118.299995
vt 279.883362 118.299995
vt 310.981506 114.074997
vt 435.374084 105.624992
vt 404.275940 109.849991
vt 404.275940 105.624992
vt 435.374084 84.500000
vt 466.472229 80.275002
vt 466.472229 84.500000
vt 435.374084 80.275002
vt 435.374084 76.050003
vt 466.472229 71.824997
vt 466.472229 76.050003
vt 435.374084 92.949997
vt 435.374084 88.724998
vt 466.472229 88.724998
vt 404.275940 92.949997
vt 373.177795 92.949997
vt 373.177795 88.724998
vt 404.275940 88.724998
vt 435.374084 101.399994
vt 466.472229 97.174995
vt 466.472229 101.399994
vt 435.374084 97.174995
vt 466.472229 92.949997
vt 124.392593 42.250000
vt 155.490753 42.250000
vt 124.392593 46.474998
vt 155.490753 38.025002
vt 186.588898 33.799999
vt 217.687042 33.799999
vt 186.588898 38.025002
vt 62.196297 50.699997
vt 93.294449 46.474998
vt 93.294449 50.699997
vt 62.196297 46.474998
vt 62.196297 42.250000
vt 93.294449 38.025002
vt 93.294449 42.250000
vt 0.000000 59.149998
vt 31.098148 59.149998
vt 31.098148 54.924995
vt 62.196297 54.924995
vt 186.588898 16.900000
vt 217.687042 12.674999
vt 217.687042 16.900000
vt 186.588898 12.674999
vt 186.588898 8.450000
vt 217.687042 4.225000
vt 217.687042 8.450000
vt 186.588898 25.349998
vt 186.588898 21.125000
vt 217.687042 21.125000
vt 155.490753 25.349998
vt 124.392593 25.349998
vt 124.392593 21.125000
vt 155.490753 21.125000
vt 217.687042 29.574999
vt 186.588898 29.574999
vt 217.687042 25.349998
vt 373.177795 8.450000
vt 404.275940 8.450000
vt 373.177795 12.674999
vt 404.275940 4.225000
vt 435.374084 0.000000
vt 466.472229 0.000000
vt 435.374084 4.225000
vt 310.981506 16.900000
vt 342.079651 12.674999
vt 342.079651 16.900000
vt 310.981506 12.674999
vt 310.981506 8.450000
vt 342.079651 4.225000
vt 342.079651 8.450000
vt 248.785187 25.349998
vt 279.883362 25.349998
vt 248.785187 29.574999
vt 279.883362 21.125000
vt 310.981506 21.125000
vt 1.093750 870.748169
vt 1.171875 839.650024
vt 1.171875 870.748169
vt 1.093750 839.650024
vt 1.093750 808.551880
vt 1.171875 777.453735
vt 1.171875 808.551880
vt 1.093750 932.944458
vt 1.093750 901.846313
vt 1.171875 901.846313
vt 1.015625 932.944458
vt 0.937500 932.944458
vt 0.937500 901.846313
vt 1.015625 901.846313
vt 1.093750 995.140747
vt 1.171875 964.042603
vt 1.171875 995.140747
vt 1.093750 964.042603
vt 1.171875 932.944458
vt 0.781250 808.551880
vt 0.781250 777.453735
vt 0.859375 777.453735
vt 0.703125 808.551880
vt 0.625000 808.551880
vt 0.625000 777.453735
vt 0.703125 777.453735
vt 0.937500 808.551880
vt 0.859375 808.551880
vt 0.937500 777.453735
vt 0.859375 839.650024
vt 0.781250 870.748169
vt 0.703125 870.748169
vt 0.781250 839.650024
vt 1.093750 777.453735
vt 1.015625 808.551880
vt 1.015625 777.453735
vt 1.093750 621.963013
vt 1.171875 590.864868
vt 1.171875 621.963013
vt 1.093750 590.864868
vt 1.093750 559.766724
vt 1.171875 528.668579
vt 1.171875 559.766724
vt 1.093750 684.159302
vt 1.093750 653.061157
vt 1.171875 653.061157
vt 1.015625 684.159302
vt 0.937500 684.159302
vt 0.937500 653.061157
vt 1.015625 653.061157
vt 1.093750 746.355591
vt 1.171875 715.257446
vt 1.171875 746.355591
vt 1.093750 715.257446
vt 1.171875 684.159302
vt 0.312500 310.981506
vt 0.390625 310.981506
vt 0.312500 342.079651
vt 0.390625 279.883362
vt 0.468750 248.785187
vt 0.546875 248.785187
vt 0.468750 279.883362
vt 0.156250 373.177795
vt 0.234375 342.079651
vt 0.234375 373.177795
vt 0.156250 342.079651
vt 0.156250 310.981506
vt 0.234375 279.883362
vt 0.234375 310.981506
vt 0.000000 435.374084
vt 0.078125 435.374084
vt 0.000000 466.472229
vt 0.078125 404.275940
vt 0.156250 404.275940
vt 0.468750 124.392593
vt 0.546875 93.294449
vt 0.546875 124.392593
vt 0.468750 93.294449
vt 0.468750 62.196297
vt 0.546875 31.098148
vt 0.546875 62.196297
vt 0.468750 186.588898
vt 0.468750 155.490753
vt 0.546875 155.490753
vt 0.390625 186.588898
vt 0.312500 186.588898
vt 0.312500 155.490753
vt 0.390625 155.490753
vt 0.546875 217.687042
vt 0.468750 217.687042
vt 0.546875 186.588898
vt 0.937500 62.196297
vt 1.015625 62.196297
vt 0.937500 93.294449
vt 1.015625 31.098148
vt 1.093750 0.000000
vt 1.171875 0.000000
vt 1.093750 31.098148
vt 0.781250 124.392593
vt 0.859375 93.294449
vt 0.859375 124.392593
vt 0.781250 93.294449
vt 0.781250 62.196297
vt 0.859375 31.098148
vt 0.859375 62.196297
vt 0.625000 186.588898
vt 0.703125 186.588898
vt 0.625000 217.687042
vt 0.703125 155.490753
vt 0.781250 155.490753
vt 1.093750 118.299995
vt 1.171875 114.074997
vt 1.171875 118.299995
vt 1.093750 114.074997
vt 1.093750 109.849991
vt 1.171875 105.624992
vt 1.171875 109.849991
vt 1.093750 126.750000
vt 1.093750 122.524994
vt 1.171875 122.524994
vt 1.015625 126.750000
vt 0.937500 126.750000
vt 0.937500 122.524994
vt 1.015625 122.524994
vt 1.093750 135.199997
vt 1.171875 130.975006
vt 1.171875 135.199997
vt 1.093750 130.975006
vt 1.171875 126.750000
vt 0.781250 109.849991
vt 0.781250 105.624992
vt 0.859375 105.624992
vt 0.703125 109.849991
vt 0.625000 109.849991
vt 0.625000 105.624992
vt 0.703125 105.624992
vt 0.937500 109.849991
vt 0.859375 109.849991
vt 0.937500 105.624992
vt 0.859375 114.074997
vt 0.781250 118.299995
vt 0.703125 118.299995
vt 0.781250 114.074997
vt 1.093750 105.624992
vt 1.015625 109.849991
vt 1.015625 105.624992
vt 1.093750 84.500000
vt 1.171875 80.275002
vt 1.171875 84.500000
vt 1.093750 80.275002
vt 1.093750 76.050003
vt 1.171875 71.824997
vt 1.171875 76.050003
vt 1.093750 92.949997
vt 1.093750 88.724998
vt 1.171875 88.724998
vt 1.015625 92.949997
vt 0.937500 92.949997
vt 0.937500 88.724998
vt 1.015625 88.724998
vt 1.093750 101.399994
vt 1.171875 97.174995
vt 1.171875 101.399994
vt 1.093750 97.174995
vt 1.171875 92.949997
vt 0.312500 42.250000
vt 0.390625 42.250000
vt 0.312500 46.474998
vt 0.390625 38.025002
vt 0.468750 33.799999
vt 0.546875 33.799999
vt 0.468750 38.025002
vt 0.156250 50.699997
vt 0.234375 46.474998
vt 0.234375 50.699997
vt 0.156250 46.474998
vt 0.156250 42.250000
vt 0.234375 38.025002
vt 0.234375 42.250000
vt 0.078125 59.149998
vt 0.078125 54.924995
vt 0.156250 54.924995
vt 0.468750 16.900000
vt 0.546875 12.674999
vt 0.546875 16.900000
vt 0.468750 12.674999
vt 0.468750 8.450000
vt 0.546875 4.225000
vt 0.546875 8.450000
vt 0.468750 25.349998
vt 0.468750 21.125000
vt 0.546875 21.125000
vt 0.390625 25.349998
vt 0.312500 25.349998
vt 0.312500 21.125000
vt 0.390625 21.125000
vt 0.546875 29.574999
vt 0.468750 29.574999
vt 0.546875 25.349998
vt 0.937500 8.450000
vt 1.015625 8.450000
vt 0.937500 12.674999
vt 1.015625 4.225000
vt 1.093750 4.225000
vt 0.781250 16.900000
vt 0.859375 12.674999
vt 0.859375 16.900000
vt 0.781250 12.674999
vt 0.781250 8.450000
vt 0.859375 4.225000
vt 0.859375 8.450000
vt 0.625000 25.349998
vt 0.703125 25.349998
vt 0.625000 29.574999
vt 0.703125 21.125000
vt 0.781250 21.125000
vt -435.374084 16.900000
vt -466.472229 21.125000
vt -466.472229 16.900000
vt -435.374084 21.125000
vt -435.374084 25.349998
vt -466.472229 29.574999
vt -466.472229 25.349998
vt -435.374084 8.450000
vt -435.374084 12.674999
vt -466.472229 12.674999
vt -404.275940 8.450000
vt -373.177795 8.450000
vt -373.177795 12.674999
vt -404.275940 12.674999
vt -435.374084 0.000000
vt -466.472229 4.225000
vt -466.472229 0.000000
vt -435.374084 4.225000
vt -466.472229 8.450000
vt -310.981506 25.349998
vt -310.981506 29.574999
vt -342.079651 29.574999
vt -279.883362 25.349998
vt -248.785187 25.349998
vt -248.785187 29.574999
vt -279.883362 29.574999
vt -373.177795 25.349998
vt -342.079651 25.349998
vt -373.177795 29.574999
vt -342.079651 21.125000
vt -310.981506 16.900000
vt -279.883362 16.900000
vt -310.981506 21.125000
vt -435.374084 29.574999
vt -404.275940 25.349998
vt -404.275940 29.574999
vt -435.374084 50.699997
vt -466.472229 54.924995
vt -466.472229 50.699997
vt -435.374084 54.924995
vt -435.374084 59.149998
vt -466.472229 63.375000
vt -466.472229 59.149998
vt -435.374084 42.250000
vt -435.374084 46.474998
vt -466.472229 46.474998
vt -404.275940 42.250000
vt -373.177795 42.250000
vt -373.177795 46.474998
vt -404.275940 46.474998
vt -435.374084 33.799999
vt -466.472229 38.025002
vt -466.472229 33.799999
vt -435.374084 38.025002
vt -466.472229 42.250000
vt -124.392593 92.949997
vt -155.490753 92.949997
vt -124.392593 88.724998
vt -155.490753 97.174995
vt -186.588898 101.399994
vt -217.687042 101.399994
vt -186.588898 97.174995
vt -62.196297 84.500000
vt -93.294449 88.724998
vt -93.294449 84.500000
vt -62.196297 88.724998
vt -62.196297 92.949997
vt -93.294449 97.174995
vt -93.294449 92.949997
vt 0.000000 76.050003
vt -31.098148 76.050003
vt -31.098148 80.275002
vt -62.196297 80.275002
vt -186.588898 118.299995
vt -217.687042 122.524994
vt -217.687042 118.299995
vt -186.588898 122.524994
vt -186.588898 126.750000
vt -217.687042 130.975006
vt -217.687042 126.750000
vt -186.588898 109.849991
vt -186.588898 114.074997
vt -217.687042 114.074997
vt -155.490753 109.849991
vt -124.392593 109.849991
vt -124.392593 114.074997
vt -155.490753 114.074997
vt -217.687042 105.624992
vt -186.588898 105.624992
vt -217.687042 109.849991
vt -373.177795 126.750000
vt -404.275940 126.750000
vt -373.177795 122.524994
vt -404.275940 130.975006
vt -435.374084 135.199997
vt -466.472229 135.199997
vt -435.374084 130.975006
vt -310.981506 118.299995
vt -342.079651 122.524994
vt -342.079651 118.299995
vt -310.981506 122.524994
vt -310.981506 126.750000
vt -342.079651 130.975006
vt -342.079651 126.750000
vt -248.785187 109.849991
vt -279.883362 109.849991
vt -248.785187 105.624992
vt -279.883362 114.074997
vt -310.981506 114.074997
vt -248.785187 126.750000
vt -279.883362 126.750000
vt -248.785187 122.524994
vt -279.883362 130.975006
vt -310.981506 135.199997
vt -342.079651 135.199997
vt -310.981506 130.975006
vt -62.196297 101.399994
vt -93.294449 105.624992
vt -93.294449 101.399994
vt -62.196297 105.624992
vt -62.196297 109.849991
vt -93.294449 114.074997
vt -93.294449 109.849991
vt -31.098148 92.949997
vt -31.098148 97.174995
vt -62.196297 97.174995
vt -310.981506 33.799999
vt -342.079651 38.025002
vt -342.079651 33.799999
vt -310.981506 38.025002
vt -310.981506 42.250000
vt -342.079651 46.474998
vt -342.079651 42.250000
vt -310.981506 8.450000
vt -310.981506 12.674999
vt -342.079651 12.674999
vt -279.883362 8.450000
vt -248.785187 8.450000
vt -248.785187 12.674999
vt -279.883362 12.674999
vt -310.981506 0.000000
vt -342.079651 4.225000
vt -342.079651 0.000000
vt -310.981506 4.225000
vt -342.079651 8.450000
vt 0.625000 8.450000
vt 0.703125 8.450000
vt 0.625000 12.674999
vt 0.703125 4.225000
vt 0.781250 0.000000
vt 0.859375 0.000000
vt 0.781250 4.225000
vt 0.156250 33.799999
vt 0.234375 29.574999
vt 0.234375 33.799999
vt 0.156250 29.574999
vt 0.156250 25.349998
vt 0.234375 21.125000
vt 0.234375 25.349998
vt 0.078125 42.250000
vt 0.078125 38.025002
vt 0.156250 38.025002
vt 0.781250 101.399994
vt 0.859375 97.174995
vt 0.859375 101.399994
vt 0.781250 97.174995
vt 0.781250 92.949997
vt 0.859375 88.724998
vt 0.859375 92.949997
vt 0.781250 126.750000
vt 0.781250 122.524994
vt 0.859375 122.524994
vt 0.703125 126.750000
vt 0.625000 126.750000
vt 0.625000 122.524994
vt 0.703125 122.524994
vt 0.781250 135.199997
vt 0.859375 130.975006
vt 0.859375 135.199997
vt 0.781250 130.975006
vt 0.859375 126.750000
vt 0.625000 62.196297
vt 0.703125 62.196297
vt 0.625000 93.294449
vt 0.703125 31.098148
vt 0.781250 31.098148
vt 0.156250 248.785187
vt 0.234375 217.687042
vt 0.234375 248.785187
vt 0.156250 217.687042
vt 0.156250 186.588898
vt 0.234375 155.490753
vt 0.234375 186.588898
vt 0.000000 310.981506
vt 0.078125 310.981506
vt 0.000000 342.079651
vt 0.078125 279.883362
vt 0.156250 279.883362
vt 0.781250 746.355591
vt 0.859375 715.257446
vt 0.859375 746.355591
vt 0.781250 715.257446
vt 0.781250 684.159302
vt 0.859375 653.061157
vt 0.859375 684.159302
vt 0.781250 932.944458
vt 0.781250 901.846313
vt 0.859375 901.846313
vt 0.703125 932.944458
vt 0.625000 932.944458
vt 0.625000 901.846313
vt 0.703125 901.846313
vt 0.781250 995.140747
vt 0.859375 964.042603
vt 0.859375 995.140747
vt 0.781250 964.042603
vt 0.859375 932.944458
vt 248.785187 8.450000
vt 279.883362 8.450000
vt 248.785187 12.674999
vt 279.883362 4.225000
vt 310.981506 0.000000
vt 342.079651 0.000000
vt 310.981506 4.225000
vt 62.196297 33.799999
vt 93.294449 29.574999
vt 93.294449 33.799999
vt 62.196297 29.574999
vt 62.196297 25.349998
vt 93.294449 21.125000
vt 93.294449 25.349998
vt 31.098148 42.250000
vt 31.098148 38.025002
vt 62.196297 38.025002
vt 310.981506 101.399994
vt 342.079651 97.174995
vt 342.079651 101.399994
vt 310.981506 97.174995
vt 310.981506 92.949997
vt 342.079651 88.724998
vt 342.079651 92.949997
vt 310.981506 126.750000
vt 310.981506 122.524994
vt 342.079651 122.524994
vt 279.883362 126.750000
vt 248.785187 126.750000
vt 248.785187 122.524994
vt 279.883362 122.524994
vt 310.981506 135.199997
vt 342.079651 130.975006
vt 342.079651 135.199997
vt 310.981506 130.975006
vt 342.079651 126.750000
vt 808.551880 101.399994
vt 839.650024 97.174995
vt 839.650024 101.399994
vt 808.551880 97.174995
vt 808.551880 92.949997
vt 839.650024 88.724998
vt 839.650024 92.949997
vt 808.551880 126.750000
vt 808.551880 122.524994
vt 839.650024 122.524994
vt 777.453735 126.750000
vt 746.355591 126.750000
vt 746.355591 122.524994
vt 777.453735 122.524994
vt 808.551880 135.199997
vt 839.650024 130.975006
vt 839.650024 135.199997
vt 808.551880 130.975006
vt 839.650024 126.750000
vt 559.766724 92.949997
vt 559.766724 88.724998
vt 590.864868 88.724998
vt 528.668579 92.949997
vt 497.570374 92.949997
vt 497.570374 88.724998
vt 528.668579 88.724998
vt 746.355591 92.949997
vt 715.257446 92.949997
vt 746.355591 88.724998
vt 715.257446 97.174995
vt 684.159302 101.399994
vt 653.061157 101.399994
vt 684.159302 97.174995
vt 808.551880 88.724998
vt 777.453735 92.949997
vt 777.453735 88.724998
vt 808.551880 33.799999
vt 839.650024 29.574999
vt 839.650024 33.799999
vt 808.551880 29.574999
vt 808.551880 25.349998
vt 839.650024 21.125000
vt 839.650024 25.349998
vt 808.551880 59.149998
vt 808.551880 54.924995
vt 839.650024 54.924995
vt 777.453735 59.149998
vt 746.355591 59.149998
vt 746.355591 54.924995
vt 777.453735 54.924995
vt 808.551880 67.599998
vt 839.650024 63.375000
vt 839.650024 67.599998
vt 808.551880 63.375000
vt 839.650024 59.149998
vt 248.785187 76.050003
vt 279.883362 76.050003
vt 248.785187 80.275002
vt 279.883362 71.824997
vt 310.981506 67.599998
vt 342.079651 67.599998
vt 310.981506 71.824997
vt 62.196297 101.399994
vt 93.294449 97.174995
vt 93.294449 101.399994
vt 62.196297 97.174995
vt 62.196297 92.949997
vt 93.294449 88.724998
vt 93.294449 92.949997
vt 31.098148 109.849991
vt 31.098148 105.624992
vt 62.196297 105.624992
vt 310.981506 33.799999
vt 342.079651 29.574999
vt 342.079651 33.799999
vt 310.981506 29.574999
vt 310.981506 25.349998
vt 342.079651 21.125000
vt 342.079651 25.349998
vt 310.981506 59.149998
vt 310.981506 54.924995
vt 342.079651 54.924995
vt 279.883362 59.149998
vt 248.785187 59.149998
vt 248.785187 54.924995
vt 279.883362 54.924995
vt 342.079651 63.375000
vt 310.981506 63.375000
vt 342.079651 59.149998
vt 746.355591 8.450000
vt 777.453735 8.450000
vt 746.355591 12.674999
vt 777.453735 4.225000
vt 808.551880 0.000000
vt 839.650024 0.000000
vt 808.551880 4.225000
vt 559.766724 33.799999
vt 590.864868 29.574999
vt 590.864868 33.799999
vt 559.766724 29.574999
vt 559.766724 25.349998
vt 590.864868 21.125000
vt 590.864868 25.349998
vt 497.570374 42.250000
vt 528.668579 42.250000
vt 497.570374 46.474998
vt 528.668579 38.025002
vt 559.766724 38.025002
vt 2.031250 746.355591
vt 2.109375 715.257446
vt 2.109375 746.355591
vt 2.031250 715.257446
vt 2.031250 684.159302
vt 2.109375 653.061157
vt 2.109375 684.159302
vt 2.031250 932.944458
vt 2.031250 901.846313
vt 2.109375 901.846313
vt 1.953125 932.944458
vt 1.875000 932.944458
vt 1.875000 901.846313
vt 1.953125 901.846313
vt 2.031250 995.140747
vt 2.109375 964.042603
vt 2.109375 995.140747
vt 2.031250 964.042603
vt 2.109375 932.944458
vt 1.406250 684.159302
vt 1.406250 653.061157
vt 1.484375 653.061157
vt 1.328125 684.159302
vt 1.250000 684.159302
vt 1.250000 653.061157
vt 1.328125 653.061157
vt 1.875000 684.159302
vt 1.796875 684.159302
vt 1.875000 653.061157
vt 1.796875 715.257446
vt 1.718750 746.355591
vt 1.640625 746.355591
vt 1.718750 715.257446
vt 2.031250 653.061157
vt 1.953125 684.159302
vt 1.953125 653.061157
vt 2.031250 248.785187
vt 2.109375 217.687042
vt 2.109375 248.785187
vt 2.031250 217.687042
vt 2.031250 186.588898
vt 2.109375 155.490753
vt 2.109375 186.588898
vt 2.031250 435.374084
vt 2.031250 404.275940
vt 2.109375 404.275940
vt 1.953125 435.374084
vt 1.875000 435.374084
vt 1.875000 404.275940
vt 1.953125 404.275940
vt 2.031250 497.570374
vt 2.109375 466.472229
vt 2.109375 497.570374
vt 2.031250 466.472229
vt 2.109375 435.374084
vt 0.625000 559.766724
vt 0.703125 559.766724
vt 0.625000 590.864868
vt 0.703125 528.668579
vt 0.781250 497.570374
vt 0.859375 497.570374
vt 0.781250 528.668579
vt 0.156250 746.355591
vt 0.234375 715.257446
vt 0.234375 746.355591
vt 0.156250 715.257446
vt 0.156250 684.159302
vt 0.234375 653.061157
vt 0.234375 684.159302
vt 0.000000 808.551880
vt 0.078125 808.551880
vt 0.000000 839.650024
vt 0.078125 777.453735
vt 0.156250 777.453735
vt 0.781250 248.785187
vt 0.859375 217.687042
vt 0.859375 248.785187
vt 0.781250 217.687042
vt 0.781250 186.588898
vt 0.859375 155.490753
vt 0.859375 186.588898
vt 0.781250 435.374084
vt 0.781250 404.275940
vt 0.859375 404.275940
vt 0.703125 435.374084
vt 0.625000 435.374084
vt 0.625000 404.275940
vt 0.703125 404.275940
vt 0.859375 466.472229
vt 0.781250 466.472229
vt 0.859375 435.374084
vt 1.875000 62.196297
vt 1.953125 62.196297
vt 1.875000 93.294449
vt 1.953125 31.098148
vt 2.031250 0.000000
vt 2.109375 0.000000
vt 2.031250 31.098148
vt 1.406250 248.785187
vt 1.484375 217.687042
vt 1.484375 248.785187
vt 1.406250 217.687042
vt 1.406250 186.588898
vt 1.484375 155.490753
vt 1.484375 186.588898
vt 1.250000 310.981506
vt 1.328125 310.981506
vt 1.250000 342.079651
vt 1.328125 279.883362
vt 1.406250 279.883362
vt 2.031250 101.399994
vt 2.109375 97.174995
vt 2.109375 101.399994
vt 2.031250 97.174995
vt 2.031250 92.949997
vt 2.109375 88.724998
vt 2.109375 92.949997
vt 2.031250 126.750000
vt 2.031250 122.524994
vt 2.109375 122.524994
vt 1.953125 126.750000
vt 1.875000 126.750000
vt 1.875000 122.524994
vt 1.953125 122.524994
vt 2.031250 135.199997
vt 2.109375 130.975006
vt 2.109375 135.199997
vt 2.031250 130.975006
vt 2.109375 126.750000
vt 1.406250 92.949997
vt 1.406250 88.724998
vt 1.484375 88.724998
vt 1.328125 92.949997
vt 1.250000 92.949997
vt 1.250000 88.724998
vt 1.328125 88.724998
vt 1.875000 92.949997
vt 1.796875 92.949997
vt 1.875000 88.724998
vt 1.796875 97.174995
vt 1.718750 101.399994
vt 1.640625 101.399994
vt 1.718750 97.174995
vt 2.031250 88.724998
vt 1.953125 92.949997
vt 1.953125 88.724998
vt 2.031250 33.799999
vt 2.109375 29.574999
vt 2.109375 33.799999
vt 2.031250 29.574999
vt 2.031250 25.349998
vt 2.109375 21.125000
vt 2.109375 25.349998
vt 2.031250 59.149998
vt 2.031250 54.924995
vt 2.109375 54.924995
vt 1.953125 59.149998
vt 1.875000 59.149998
vt 1.875000 54.924995
vt 1.953125 54.924995
vt 2.031250 67.599998
vt 2.109375 63.375000
vt 2.109375 67.599998
vt 2.031250 63.375000
vt 2.109375 59.149998
vt 0.625000 76.050003
vt 0.703125 76.050003
vt 0.625000 80.275002
vt 0.703125 71.824997
vt 0.781250 67.599998
vt 0.859375 67.599998
vt 0.781250 71.824997
vt 0.156250 101.399994
vt 0.234375 97.174995
vt 0.234375 101.399994
vt 0.156250 97.174995
vt 0.156250 92.949997
vt 0.234375 88.724998
vt 0.234375 92.949997
vt 0.078125 109.849991
vt 0.078125 105.624992
vt 0.156250 105.624992
vt 0.781250 33.799999
vt 0.859375 29.574999
vt 0.859375 33.799999
vt 0.781250 29.574999
vt 0.781250 25.349998
vt 0.859375 21.125000
vt 0.859375 25.349998
vt 0.781250 59.149998
vt 0.781250 54.924995
vt 0.859375 54.924995
vt 0.703125 59.149998
vt 0.625000 59.149998
vt 0.625000 54.924995
vt 0.703125 54.924995
vt 0.859375 63.375000
vt 0.781250 63.375000
vt 0.859375 59.149998
vt 1.875000 8.450000
vt 1.953125 8.450000
vt 1.875000 12.674999
vt 1.953125 4.225000
vt 2.031250 4.225000
vt 1.406250 33.799999
vt 1.484375 29.574999
vt 1.484375 33.799999
vt 1.406250 29.574999
vt 1.406250 25.349998
vt 1.484375 21.125000
vt 1.484375 25.349998
vt 1.250000 42.250000
vt 1.328125 42.250000
vt 1.250000 46.474998
vt 1.328125 38.025002
vt 1.406250 38.025002
vt -808.551880 33.799999
vt -839.650024 38.025002
vt -839.650024 33.799999
vt -808.551880 38.025002
vt -808.551880 42.250000
vt -839.650024 46.474998
vt -839.650024 42.250000
vt -808.551880 8.450000
vt -808.551880 12.674999
vt -839.650024 12.674999
vt -777.453735 8.450000
vt -746.355591 8.450000
vt -746.355591 12.674999
vt -777.453735 12.674999
vt -808.551880 0.000000
vt -839.650024 4.225000
vt -839.650024 0.000000
vt -808.551880 4.225000
vt -839.650024 8.450000
vt -559.766724 42.250000
vt -559.766724 46.474998
vt -590.864868 46.474998
vt -528.668579 42.250000
vt -497.570374 42.250000
vt -497.570374 46.474998
vt -528.668579 46.474998
vt -746.355591 42.250000
vt -715.257446 42.250000
vt -746.355591 46.474998
vt -715.257446 38.025002
vt -684.159302 33.799999
vt -653.061157 33.799999
vt -684.159302 38.025002
vt -808.551880 46.474998
vt -777.453735 42.250000
vt -777.453735 46.474998
vt -808.551880 101.399994
vt -839.650024 105.624992
vt -839.650024 101.399994
vt -808.551880 105.624992
vt -808.551880 109.849991
vt -839.650024 114.074997
vt -839.650024 109.849991
vt -808.551880 76.050003
vt -808.551880 80.275002
vt -839.650024 80.275002
vt -777.453735 76.050003
vt -746.355591 76.050003
vt -746.355591 80.275002
vt -777.453735 80.275002
vt -808.551880 67.599998
vt -839.650024 71.824997
vt -839.650024 67.599998
vt -808.551880 71.824997
vt -839.650024 76.050003
vt -248.785187 59.149998
vt -279.883362 59.149998
vt -248.785187 54.924995
vt -279.883362 63.375000
vt -310.981506 67.599998
vt -342.079651 67.599998
vt -310.981506 63.375000
vt -62.196297 33.799999
vt -93.294449 38.025002
vt -93.294449 33.799999
vt -62.196297 38.025002
vt -62.196297 42.250000
vt -93.294449 46.474998
vt -93.294449 42.250000
vt -31.098148 25.349998
vt -31.098148 29.574999
vt -62.196297 29.574999
vt -310.981506 101.399994
vt -342.079651 105.624992
vt -342.079651 101.399994
vt -310.981506 105.624992
vt -310.981506 109.849991
vt -342.079651 114.074997
vt -342.079651 109.849991
vt -310.981506 76.050003
vt -310.981506 80.275002
vt -342.079651 80.275002
vt -279.883362 76.050003
vt -248.785187 76.050003
vt -248.785187 80.275002
vt -279.883362 80.275002
vt -342.079651 71.824997
vt -310.981506 71.824997
vt -342.079651 76.050003
vt -746.355591 126.750000
vt -777.453735 126.750000
vt -746.355591 122.524994
vt -777.453735 130.975006
vt -808.551880 135.199997
vt -839.650024 135.199997
vt -808.551880 130.975006
vt -559.766724 101.399994
vt -590.864868 105.624992
vt -590.864868 101.399994
vt -559.766724 105.624992
vt -559.766724 109.849991
vt -590.864868 114.074997
vt -590.864868 109.849991
vt -497.570374 92.949997
vt -528.668579 92.949997
vt -497.570374 88.724998
vt -528.668579 97.174995
vt -559.766724 97.174995
vt -497.570374 126.750000
vt -528.668579 126.750000
vt -497.570374 122.524994
vt -528.668579 130.975006
vt -559.766724 135.199997
vt -590.864868 135.199997
vt -559.766724 130.975006
vt -62.196297 67.599998
vt -93.294449 71.824997
vt -93.294449 67.599998
vt -62.196297 71.824997
vt -62.196297 76.050003
vt -93.294449 80.275002
vt -93.294449 76.050003
vt -31.098148 59.149998
vt -31.098148 63.375000
vt -62.196297 63.375000
vt -559.766724 67.599998
vt -590.864868 71.824997
vt -590.864868 67.599998
vt -559.766724 71.824997
vt -559.766724 76.050003
vt -590.864868 80.275002
vt -590.864868 76.050003
vt -559.766724 8.450000
vt -559.766724 12.674999
vt -590.864868 12.674999
vt -528.668579 8.450000
vt -497.570374 8.450000
vt -497.570374 12.674999
vt -528.668579 12.674999
vt -559.766724 0.000000
vt -590.864868 4.225000
vt -590.864868 0.000000
vt -559.766724 4.225000
vt -590.864868 8.450000
vt 1.250000 8.450000
vt 1.328125 8.450000
vt 1.250000 12.674999
vt 1.328125 4.225000
vt 1.406250 0.000000
vt 1.484375 0.000000
vt 1.406250 4.225000
vt 0.156250 67.599998
vt 0.234375 63.375000
vt 0.234375 67.599998
vt 0.156250 63.375000
vt 0.156250 59.149998
vt 0.234375 54.924995
vt 0.234375 59.149998
vt 0.078125 76.050003
vt 0.078125 71.824997
vt 0.156250 71.824997
vt 1.406250 67.599998
vt 1.484375 63.375000
vt 1.484375 67.599998
vt 1.406250 63.375000
vt 1.406250 59.149998
vt 1.484375 54.924995
vt 1.484375 59.149998
vt 1.406250 126.750000
vt 1.406250 122.524994
vt 1.484375 122.524994
vt 1.328125 126.750000
vt 1.250000 126.750000
vt 1.250000 122.524994
vt 1.328125 122.524994
vt 1.406250 135.199997
vt 1.484375 130.975006
vt 1.484375 135.199997
vt 1.406250 130.975006
vt 1.484375 126.750000
vt 1.250000 62.196297
vt 1.328125 62.196297
vt 1.250000 93.294449
vt 1.328125 31.098148
vt 1.406250 31.098148
vt 0.156250 497.570374
vt 0.234375 466.472229
vt 0.234375 497.570374
vt 0.156250 466.472229
vt 0.156250 435.374084
vt 0.234375 404.275940
vt 0.234375 435.374084
vt 0.000000 559.766724
vt 0.078125 559.766724
vt 0.000000 590.864868
vt 0.078125 528.668579
vt 0.156250 528.668579
vt 1.406250 497.570374
vt 1.484375 466.472229
vt 1.484375 497.570374
vt 1.406250 466.472229
vt 1.406250 435.374084
vt 1.484375 404.275940
vt 1.484375 435.374084
vt 1.406250 932.944458
vt 1.406250 901.846313
vt 1.484375 901.846313
vt 1.328125 932.944458
vt 1.250000 932.944458
vt 1.250000 901.846313
vt 1.328125 901.846313
vt 1.406250 995.140747
vt 1.484375 964.042603
vt 1.484375 995.140747
vt 1.406250 964.042603
vt 1.484375 932.944458
vt 497.570374 8.450000
vt 528.668579 8.450000
vt 497.570374 12.674999
vt 528.668579 4.225000
vt 559.766724 0.000000
vt 590.864868 0.000000
vt 559.766724 4.225000
vt 62.196297 67.599998
vt 93.294449 63.375000
vt 93.294449 67.599998
vt 62.196297 63.375000
vt 62.196297 59.149998
vt 93.294449 54.924995
vt 93.294449 59.149998
vt 31.098148 76.050003
vt 31.098148 71.824997
vt 62.196297 71.824997
vt 559.766724 67.599998
vt 590.864868 63.375000
vt 590.864868 67.599998
vt 559.766724 63.375000
vt 559.766724 59.149998
vt 590.864868 54.924995
vt 590.864868 59.149998
vt 559.766724 126.750000
vt 559.766724 122.524994
vt 590.864868 122.524994
vt 528.668579 126.750000
vt 497.570374 126.750000
vt 497.570374 122.524994
vt 528.668579 122.524994
vt 559.766724 135.199997
vt 590.864868 130.975006
vt 590.864868 135.199997
vt 559.766724 130.975006
vt 590.864868 126.750000
vt 62.196297 135.199997
vt 93.294449 130.975006
vt 93.294449 135.199997
vt 62.196297 130.975006
vt 62.196297 126.750000
vt 93.294449 122.524994
vt 93.294449 126.750000
vt 31.098148 8.450000
vt 31.098148 4.225000
vt 62.196297 0.000000
vt 93.294449 0.000000
vt 62.196297 4.225000
vt 0.156250 995.140747
vt 0.234375 964.042603
vt 0.234375 995.140747
vt 0.156250 964.042603
vt 0.156250 932.944458
vt 0.234375 901.846313
vt 0.234375 932.944458
vt 0.000000 62.196297
vt 0.078125 62.196297
vt 0.000000 93.294449
vt 0.078125 31.098148
vt 0.156250 0.000000
vt 0.234375 0.000000
vt 0.156250 31.098148
vt 0.156250 135.199997
vt 0.234375 130.975006
vt 0.234375 135.199997
vt 0.156250 130.975006
vt 0.156250 126.750000
vt 0.234375 122.524994
vt 0.234375 126.750000
vt 0.078125 8.450000
vt 0.078125 4.225000
vt 0.156250 4.225000
vt -62.196297 0.000000
vt -93.294449 4.225000
vt -93.294449 0.000000
vt -62.196297 4.225000
vt -62.196297 8.450000
vt -93.294449 12.674999
vt -93.294449 8.450000
vt -31.098148 126.750000
vt -31.098148 130.975006
vt -62.196297 135.199997
vt -93.294449 135.199997
vt -62.196297 130.975006
vt 995.140747 88.724998
vt 995.140747 92.949997
vt 995.140747 84.500000
vt 995.140747 97.174995
vt 995.140747 101.399994
vt 995.140747 71.824997
vt 995.140747 76.050003
vt 995.140747 67.599998
vt 995.140747 80.275002
vt 995.140747 122.524994
vt 995.140747 126.750000
vt 995.140747 118.299995
vt 995.140747 130.975006
vt 995.140747 135.199997
vt 995.140747 105.624992
vt 995.140747 109.849991
vt 995.140747 114.074997
vt 995.140747 21.125000
vt 995.140747 25.349998
vt 995.140747 16.900000
vt 995.140747 29.574999
vt 995.140747 33.799999
vt 995.140747 4.225000
vt 995.140747 8.450000
vt 995.140747 0.000000
vt 995.140747 12.674999
vt 995.140747 54.924995
vt 995.140747 59.149998
vt 995.140747 50.699997
vt 995.140747 63.375000
vt 995.140747 38.025002
vt 995.140747 42.250000
vt 995.140747 46.474998
vt 2.500000 653.061157
vt 2.500000 684.159302
vt 2.500000 621.963013
vt 2.500000 715.257446
vt 2.500000 746.355591
vt 2.500000 528.668579
vt 2.500000 559.766724
vt 2.500000 497.570374
vt 2.500000 590.864868
vt 2.500000 901.846313
vt 2.500000 932.944458
vt 2.500000 870.748169
vt 2.500000 964.042603
vt 2.500000 995.140747
vt 2.500000 777.453735
vt 2.500000 808.551880
vt 2.500000 839.650024
vt 2.500000 155.490753
vt 2.500000 186.588898
vt 2.500000 124.392593
vt 2.500000 217.687042
vt 2.500000 248.785187
vt 2.500000 31.098148
vt 2.500000 62.196297
vt 2.500000 0.000000
vt 2.500000 93.294449
vt 2.500000 404.275940
vt 2.500000 435.374084
vt 2.500000 373.177795
vt 2.500000 466.472229
vt 2.500000 279.883362
vt 2.500000 310.981506
vt 2.500000 342.079651
vt 2.500000 88.724998
vt 2.500000 92.949997
vt 2.500000 84.500000
vt 2.500000 97.174995
vt 2.500000 101.399994
vt 2.500000 71.824997
vt 2.500000 76.050003
vt 2.500000 67.599998
vt 2.500000 80.275002
vt 2.500000 122.524994
vt 2.500000 126.750000
vt 2.500000 118.299995
vt 2.500000 130.975006
vt 2.500000 135.199997
vt 2.500000 105.624992
vt 2.500000 109.849991
vt 2.500000 114.074997
vt 2.500000 21.125000
vt 2.500000 25.349998
vt 2.500000 16.900000
vt 2.500000 29.574999
vt 2.500000 33.799999
vt 2.500000 4.225000
vt 2.500000 8.450000
vt 2.500000 12.674999
vt 2.500000 54.924995
vt 2.500000 59.149998
vt 2.500000 50.699997
vt 2.500000 63.375000
vt 2.500000 38.025002
vt 2.500000 42.250000
vt 2.500000 46.474998
vt -995.140747 46.474998
vt -995.140747 42.250000
vt -995.140747 50.699997
vt -995.140747 38.025002
vt -995.140747 33.799999
vt -995.140747 63.375000
vt -995.140747 59.149998
vt -995.140747 67.599998
vt -995.140747 54.924995
vt -995.140747 12.674999
vt -995.140747 8.450000
vt -995.140747 16.900000
vt -995.140747 4.225000
vt -995.140747 0.000000
vt -995.140747 29.574999
vt -995.140747 25.349998
vt -995.140747 21.125000
vt -995.140747 114.074997
vt -995.140747 109.849991
vt -995.140747 118.299995
vt -995.140747 105.624992
vt -995.140747 101.399994
vt -995.140747 130.975006
vt -995.140747 126.750000
vt -995.140747 135.199997
vt -995.140747 122.524994
vt -995.140747 80.275002
vt -995.140747 76.050003
vt -995.140747 84.500000
vt -995.140747 71.824997
vt -995.140747 97.174995
vt -995.140747 92.949997
vt -995.140747 88.724998
s 1
usemtl Material__28
f 1/1/1 3070/2/1 3069/3/1
f 2/4/1 3077/5/1 3071/6/1
f 5/4/2 1542/7/2 3073/8/3
f 6/1/3 1549/9/2 1551/10/3
f 7/4/4 1554/7/4 1544/11/4
f 5/12/4 1552/13/4 1542/14/4
f 8/4/5 1556/7/5 1545/8/6
f 7/1/5 1555/9/5 1554/10/7
f 6/4/8 1551/7/9 3076/11/8
f 8/12/9 1553/13/9 1556/14/9
f 6/4/10 3076/15/10 1543/8/10
f 5/1/10 3078/16/10 3074/17/10
f 14/18/10 3087/19/10 3056/20/10
f 14/18/10 3088/21/10 3087/19/10
f 18/22/10 3060/23/10 1577/24/10
f 13/25/10 3090/26/10 1561/27/10
f 13/25/10 3091/28/10 3090/26/10
f 16/29/10 3058/30/10 1580/31/10
f 26/32/9 3093/33/9 1574/34/9
f 26/32/9 3094/35/9 3093/33/9
f 23/36/9 1571/37/9 1583/38/9
f 16/39/8 3096/40/9 3058/41/8
f 16/39/8 3097/42/9 3096/40/9
f 21/43/9 1569/44/9 1586/45/9
f 24/46/5 3099/47/5 1572/48/5
f 24/46/5 3100/49/5 3099/47/5
f 25/50/5 1573/51/5 1589/52/5
f 15/25/6 3102/53/5 1563/27/6
f 15/25/6 3103/54/5 3102/53/5
f 26/43/5 1574/44/5 1592/55/5
f 12/32/4 3105/33/4 1560/34/4
f 12/32/4 3106/35/4 3105/33/4
f 22/36/4 1570/37/4 1595/38/4
f 14/39/4 3108/40/4 1562/41/4
f 14/39/4 3109/42/4 3108/40/4
f 24/43/4 1572/44/4 1598/45/4
f 21/46/2 3111/47/2 1569/48/2
f 21/46/2 3112/49/2 3111/47/2
f 19/50/2 1567/51/2 1601/52/2
f 13/25/3 3114/53/3 3055/27/3
f 13/25/3 3115/54/3 3114/53/3
f 12/43/2 1560/44/2 1604/55/2
f 11/56/1 3117/57/1 3053/58/1
f 11/56/1 3118/59/1 3117/57/1
f 17/60/1 3059/61/1 1607/62/1
f 9/25/1 3120/63/1 3051/64/1
f 9/25/1 3121/65/1 3120/63/1
f 10/66/1 3052/67/1 1610/68/1
f 98/69/1 3123/70/1 1682/71/1
f 98/69/1 3124/72/1 3123/70/1
f 28/73/1 2980/74/1 1685/75/1
f 96/76/1 3126/77/1 3048/78/1
f 96/76/1 3127/79/1 3126/77/1
f 97/80/1 3049/81/1 1688/82/1
f 27/83/1 3129/84/1 2979/85/1
f 27/83/1 3130/86/1 3129/84/1
f 96/76/1 3048/78/1 1691/87/1
f 95/88/1 3132/89/1 1679/90/1
f 95/88/1 3133/91/1 3132/89/1
f 35/92/1 2987/93/1 1694/94/1
f 93/95/1 3135/96/1 3045/97/1
f 93/95/1 3136/98/1 3135/96/1
f 94/99/1 3046/100/1 1697/101/1
f 29/102/1 3138/103/1 2981/104/1
f 29/102/1 3139/105/1 3138/103/1
f 93/95/1 3045/97/1 1700/106/1
f 92/107/2 3141/108/2 1676/109/2
f 92/107/2 3142/110/2 3141/108/2
f 48/111/2 1632/112/2 1703/113/2
f 90/114/2 3144/115/2 3042/116/2
f 90/114/2 3145/117/2 3144/115/2
f 91/118/2 3043/119/2 1706/120/2
f 31/121/3 3147/122/2 2983/123/3
f 31/121/3 3148/124/2 3147/122/2
f 90/114/2 3042/116/2 1709/125/2
f 89/126/2 3150/127/2 1673/128/2
f 89/126/2 3151/129/2 3150/127/2
f 55/130/2 1639/131/2 1712/132/2
f 87/133/2 3153/134/2 3039/135/2
f 87/133/2 3154/136/2 3153/134/2
f 88/137/2 3040/138/2 1715/139/2
f 57/140/2 3156/141/2 1641/142/2
f 57/140/2 3157/143/2 3156/141/2
f 87/133/2 3039/135/2 1718/144/2
f 86/145/4 3159/146/4 1670/147/4
f 86/145/4 3160/148/4 3159/146/4
f 60/111/4 1644/112/4 1721/149/4
f 84/150/4 3162/151/4 3036/152/4
f 84/150/4 3163/153/4 3162/151/4
f 85/154/4 3037/155/4 1724/156/4
f 50/157/4 3165/158/4 1634/159/4
f 50/157/4 3166/160/4 3165/158/4
f 84/150/4 3036/152/4 1727/161/4
f 83/162/4 3168/163/4 1667/164/4
f 83/162/4 3169/165/4 3168/163/4
f 58/166/4 1642/167/4 1730/168/4
f 81/169/4 3171/170/4 3033/171/4
f 81/169/4 3172/172/4 3171/170/4
f 82/173/4 3034/174/4 1733/175/4
f 48/176/4 3174/177/4 1632/178/4
f 48/176/4 3175/179/4 3174/177/4
f 81/169/4 3033/171/4 1736/180/4
f 80/107/5 3177/108/5 1664/109/5
f 80/107/5 3178/110/5 3177/108/5
f 62/111/5 1646/112/7 1739/113/5
f 78/114/5 3180/115/5 3030/116/5
f 78/114/5 3181/117/5 3180/115/5
f 79/118/5 3031/119/5 1742/120/5
f 51/121/6 3183/122/5 1635/123/6
f 51/121/6 3184/124/5 3183/122/5
f 78/114/5 3030/116/5 1745/125/5
f 77/126/5 3186/127/5 1661/128/5
f 77/126/5 3187/129/5 3186/127/5
f 61/130/5 1645/131/5 1748/132/5
f 75/133/5 3189/134/7 3027/135/5
f 75/133/5 3190/136/7 3189/134/7
f 76/137/5 3028/138/5 1751/139/5
f 60/140/5 3192/141/5 1644/142/5
f 60/140/5 3193/143/5 3192/141/5
f 75/133/5 3027/135/5 1754/144/5
f 74/145/9 3195/146/9 1658/147/9
f 74/145/9 3196/148/9 3195/146/9
f 57/111/9 1641/112/9 1757/149/9
f 72/150/9 3198/151/9 3024/152/9
f 72/150/9 3199/153/9 3198/151/9
f 73/154/9 3025/155/9 1760/156/9
f 34/157/8 3201/158/9 2986/159/8
f 34/157/8 3202/160/9 3201/158/9
f 72/150/9 3024/152/9 1763/161/9
f 71/162/9 3204/163/9 1655/164/9
f 71/162/9 3205/165/9 3204/163/9
f 59/166/9 1643/167/9 1766/168/9
f 69/169/9 3207/170/9 3021/171/9
f 69/169/9 3208/172/9 3207/170/9
f 70/173/9 3022/174/9 1769/175/9
f 62/176/9 3210/177/9 1646/178/9
f 62/176/9 3211/179/9 3210/177/9
f 69/169/9 3021/171/9 1772/180/9
f 68/181/10 3213/182/10 1652/183/10
f 68/181/10 3214/184/10 3213/182/10
f 34/185/10 2986/186/10 1775/187/10
f 66/188/10 3216/189/10 3018/190/10
f 66/188/10 3217/191/10 3216/189/10
f 67/192/10 3019/193/10 1778/194/10
f 49/121/10 3219/195/10 1633/123/10
f 49/121/10 3220/196/10 3219/195/10
f 66/188/10 3018/190/10 1781/197/10
f 65/198/10 3222/199/10 1649/200/10
f 65/198/10 3223/201/10 3222/199/10
f 36/202/10 2988/203/10 1784/204/10
f 63/205/10 3225/206/10 3015/207/10
f 63/205/10 3226/208/10 3225/206/10
f 64/209/10 3016/210/10 1787/211/10
f 32/212/10 3228/213/10 2984/214/10
f 32/212/10 3229/215/10 3228/213/10
f 63/205/10 3015/207/10 1790/216/10
f 50/217/10 3231/218/10 3002/219/10
f 50/217/10 3232/220/10 3231/218/10
f 54/221/10 3006/222/10 1793/223/10
f 31/83/10 3234/224/10 1615/225/10
f 31/83/10 3235/226/10 3234/224/10
f 52/227/10 3004/228/10 1796/229/10
f 44/230/9 3237/231/9 1628/232/9
f 44/230/9 3238/233/9 3237/231/9
f 41/234/9 1625/235/9 1799/236/9
f 52/237/8 3240/238/9 3004/239/8
f 52/237/8 3241/240/9 3240/238/9
f 39/241/9 1623/242/9 1802/243/9
f 42/244/5 3243/245/5 1626/246/5
f 42/244/5 3244/247/7 3243/245/5
f 43/248/5 1627/249/5 1805/250/5
f 33/83/6 3246/251/6 1617/225/6
f 33/83/6 3247/252/5 3246/251/6
f 44/241/5 1628/242/5 1808/253/5
f 30/230/4 3249/231/4 1614/232/4
f 30/230/4 3250/233/4 3249/231/4
f 40/234/4 1624/235/4 1811/236/4
f 32/237/4 3252/238/4 1616/239/4
f 32/237/4 3253/240/4 3252/238/4
f 42/241/4 1626/242/4 1814/243/4
f 39/244/2 3255/245/2 1623/246/11
f 39/244/2 3256/247/2 3255/245/2
f 37/248/2 1621/249/2 1817/250/2
f 49/83/3 3258/251/2 3001/225/3
f 49/83/3 3259/252/2 3258/251/2
f 30/241/2 1614/242/2 1820/253/2
f 47/254/1 3261/255/1 2999/256/1
f 47/254/1 3262/257/1 3261/255/1
f 53/258/1 3005/259/1 1823/260/1
f 45/121/1 3264/261/1 2997/262/1
f 45/121/1 3265/263/1 3264/261/1
f 46/264/1 2998/265/1 1826/266/1
f 386/267/1 3267/268/1 2114/269/1
f 386/267/1 3268/270/1 3267/268/1
f 118/271/1 2710/272/1 2117/273/1
f 384/274/1 3270/275/1 2976/276/1
f 384/274/1 3271/277/1 3270/275/1
f 385/278/1 2977/279/1 2120/280/1
f 117/281/1 3273/282/1 2709/283/1
f 117/281/1 3274/284/1 3273/282/1
f 384/274/1 2976/276/1 2123/285/1
f 383/286/1 3276/287/1 2111/288/1
f 383/286/1 3277/289/1 3276/287/1
f 125/290/1 2717/291/1 2126/292/1
f 381/293/1 3279/294/1 2973/295/1
f 381/293/1 3280/296/1 3279/294/1
f 382/297/1 2974/298/1 2129/299/1
f 119/300/1 3282/301/1 2711/302/1
f 119/300/1 3283/303/1 3282/301/1
f 381/293/1 2973/295/1 2132/304/1
f 380/305/2 3285/306/2 2108/307/2
f 380/305/2 3286/308/2 3285/306/2
f 174/309/2 1902/310/2 2135/311/2
f 378/312/2 3288/313/2 2970/314/2
f 378/312/2 3289/315/2 3288/313/2
f 379/316/2 2971/317/2 2138/318/2
f 121/319/3 3291/320/3 2713/321/3
f 121/319/3 3292/322/3 3291/320/3
f 378/312/2 2970/314/2 2141/323/2
f 377/324/2 3294/325/2 2105/326/2
f 377/324/2 3295/327/2 3294/325/2
f 181/328/2 1909/329/2 2144/330/2
f 375/331/2 3297/332/2 2967/333/2
f 375/331/2 3298/334/2 3297/332/2
f 376/335/2 2968/336/2 2147/337/2
f 183/338/2 3300/339/2 1911/340/11
f 183/338/2 3301/341/2 3300/339/2
f 375/331/2 2967/333/2 2150/342/2
f 374/343/4 3303/344/4 2102/345/4
f 374/343/4 3304/346/4 3303/344/4
f 186/309/4 1914/310/4 2153/347/4
f 372/348/4 3306/349/4 2964/350/4
f 372/348/4 3307/351/4 3306/349/4
f 373/352/4 2965/353/4 2156/354/4
f 176/355/4 3309/356/4 1904/357/4
f 176/355/4 3310/358/4 3309/356/4
f 372/348/4 2964/350/4 2159/359/4
f 371/360/4 3312/361/4 2099/362/4
f 371/360/4 3313/363/4 3312/361/4
f 184/364/4 1912/365/4 2162/366/4
f 369/367/4 3315/368/4 2961/369/4
f 369/367/4 3316/370/4 3315/368/4
f 370/371/4 2962/372/4 2165/373/4
f 174/374/4 3318/375/4 1902/376/4
f 174/374/4 3319/377/4 3318/375/4
f 369/367/4 2961/369/4 2168/378/4
f 368/305/5 3321/306/5 2096/307/5
f 368/305/5 3322/308/5 3321/306/5
f 188/309/5 1916/310/5 2171/311/5
f 366/312/5 3324/313/5 2958/314/5
f 366/312/5 3325/315/5 3324/313/5
f 367/316/5 2959/317/5 2174/318/5
f 177/319/6 3327/320/5 1905/321/6
f 177/319/6 3328/322/5 3327/320/5
f 366/312/5 2958/314/5 2177/323/5
f 365/324/5 3330/325/5 2093/326/7
f 365/324/5 3331/327/5 3330/325/5
f 187/328/5 1915/329/5 2180/330/5
f 363/331/5 3333/332/7 2955/333/5
f 363/331/5 3334/334/7 3333/332/7
f 364/335/5 2956/336/5 2183/337/5
f 186/338/5 3336/339/5 1914/340/7
f 186/338/5 3337/341/5 3336/339/5
f 363/331/5 2955/333/5 2186/342/5
f 362/343/9 3339/344/9 2090/345/9
f 362/343/9 3340/346/9 3339/344/9
f 183/309/9 1911/310/9 2189/347/9
f 360/348/9 3342/349/9 2952/350/9
f 360/348/9 3343/351/9 3342/349/9
f 361/352/9 2953/353/9 2192/354/9
f 124/355/8 3345/356/9 2716/357/8
f 124/355/8 3346/358/9 3345/356/9
f 360/348/9 2952/350/9 2195/359/9
f 359/360/9 3348/361/9 2087/362/9
f 359/360/9 3349/363/9 3348/361/9
f 185/364/9 1913/365/9 2198/366/9
f 357/367/9 3351/368/9 2949/369/9
f 357/367/9 3352/370/9 3351/368/9
f 358/371/9 2950/372/9 2201/373/9
f 188/374/9 3354/375/9 1916/376/9
f 188/374/9 3355/377/9 3354/375/9
f 357/367/9 2949/369/9 2204/378/9
f 356/379/10 3357/380/10 2084/381/10
f 356/379/10 3358/382/10 3357/380/10
f 124/383/10 2716/384/10 2207/385/10
f 354/386/10 3360/387/10 2946/388/10
f 354/386/10 3361/389/10 3360/387/10
f 355/390/10 2947/391/10 2210/392/10
f 175/319/10 3363/393/10 1903/321/10
f 175/319/10 3364/394/10 3363/393/10
f 354/386/10 2946/388/10 2213/395/10
f 353/396/10 3366/397/10 2081/398/10
f 353/396/10 3367/399/10 3366/397/10
f 126/400/10 2718/401/10 2216/402/10
f 351/403/10 3369/404/10 2943/405/10
f 351/403/10 3370/406/10 3369/404/10
f 352/407/10 2944/408/10 2219/409/10
f 122/410/10 3372/411/10 2714/412/10
f 122/410/10 3373/413/10 3372/411/10
f 351/403/10 2943/405/10 2222/414/10
f 350/415/10 3375/416/10 2078/417/10
f 350/415/10 3376/418/10 3375/416/10
f 135/419/10 2727/420/10 2225/421/10
f 348/422/10 3378/423/10 2940/424/10
f 348/422/10 3379/425/10 3378/423/10
f 349/426/10 2941/427/10 2228/428/10
f 104/429/10 3381/430/10 2696/431/10
f 104/429/10 3382/432/10 3381/430/10
f 348/422/10 2940/424/10 2231/433/10
f 347/434/10 3384/435/10 2075/436/10
f 347/434/10 3385/437/10 3384/435/10
f 136/438/10 2728/439/10 2234/440/10
f 345/441/10 3387/442/10 2937/443/10
f 345/441/10 3388/444/10 3387/442/10
f 346/445/10 2938/446/10 2237/447/10
f 135/419/10 3390/448/10 2727/420/10
f 135/419/10 3391/449/10 3390/448/10
f 345/441/10 2937/443/10 2240/450/10
f 344/451/10 3393/452/10 2072/453/10
f 344/451/10 3394/454/10 3393/452/10
f 108/455/10 2700/456/10 2243/457/10
f 342/458/10 3396/459/10 2934/460/10
f 342/458/10 3397/461/10 3396/459/10
f 343/462/10 2935/463/10 2246/464/10
f 209/465/10 3399/466/10 1937/467/10
f 209/465/10 3400/468/10 3399/466/10
f 342/458/10 2934/460/10 2249/469/10
f 341/470/10 3402/471/10 2069/472/10
f 341/470/10 3403/473/10 3402/471/10
f 138/474/10 2730/475/10 2252/476/10
f 339/477/10 3405/478/10 2931/479/10
f 339/477/10 3406/480/10 3405/478/10
f 340/481/10 2932/482/10 2255/483/10
f 193/484/10 3408/485/10 1921/486/10
f 193/484/10 3409/487/10 3408/485/10
f 339/477/10 2931/479/10 2258/488/10
f 338/489/10 3411/490/10 2066/491/10
f 338/489/10 3412/492/10 3411/490/10
f 139/493/10 2731/494/10 2261/495/10
f 336/496/10 3414/497/10 2928/498/10
f 336/496/10 3415/499/10 3414/497/10
f 337/500/10 2929/501/10 2264/502/10
f 138/474/10 3417/503/10 2730/475/10
f 138/474/10 3418/504/10 3417/503/10
f 336/496/10 2928/498/10 2267/505/10
f 335/506/10 3420/507/10 2063/508/10
f 335/506/10 3421/509/10 3420/507/10
f 106/510/10 2698/511/10 2270/512/10
f 333/513/10 3423/514/10 2925/515/10
f 333/513/10 3424/516/10 3423/514/10
f 334/517/10 2926/518/10 2273/519/10
f 212/520/10 3426/521/10 1940/522/10
f 212/520/10 3427/523/10 3426/521/10
f 333/513/10 2925/515/10 2276/524/10
f 332/525/9 3429/526/9 2060/527/9
f 332/525/9 3430/528/9 3429/526/9
f 141/529/9 2733/530/9 2279/531/9
f 330/532/9 3432/533/9 2922/534/9
f 330/532/9 3433/535/9 3432/533/9
f 331/536/9 2923/537/9 2282/538/9
f 206/539/9 3435/540/9 1934/541/9
f 206/539/9 3436/542/9 3435/540/9
f 330/532/9 2922/534/9 2285/543/9
f 329/544/9 3438/545/9 2057/546/9
f 329/544/9 3439/547/9 3438/545/9
f 142/548/9 2734/549/9 2288/550/9
f 327/551/9 3441/552/9 2919/553/9
f 327/551/9 3442/554/9 3441/552/9
f 328/555/9 2920/556/9 2291/557/9
f 141/529/9 3444/558/9 2733/530/9
f 141/529/9 3445/559/9 3444/558/9
f 327/551/9 2919/553/9 2294/560/9
f 326/561/9 3447/562/9 2054/563/9
f 326/561/9 3448/564/9 3447/562/9
f 203/565/9 1931/566/9 2297/567/9
f 324/568/9 3450/569/9 2916/570/9
f 324/568/9 3451/571/9 3450/569/9
f 325/572/9 2917/573/9 2300/574/9
f 215/575/9 3453/576/9 1943/577/9
f 215/575/9 3454/578/9 3453/576/9
f 324/568/9 2916/570/9 2303/579/9
f 323/580/9 3456/581/9 2051/582/9
f 323/580/9 3457/583/9 3456/581/9
f 144/584/9 2736/585/9 2306/586/9
f 321/587/9 3459/588/9 2913/589/9
f 321/587/9 3460/590/9 3459/588/9
f 322/591/9 2914/592/9 2309/593/9
f 106/594/8 3462/595/9 2698/596/8
f 106/594/8 3463/597/9 3462/595/9
f 321/587/9 2913/589/9 2312/598/9
f 320/599/9 3465/600/9 2048/601/9
f 320/599/9 3466/602/9 3465/600/9
f 145/603/9 2737/604/9 2315/605/9
f 318/606/9 3468/607/9 2910/608/9
f 318/606/9 3469/609/9 3468/607/9
f 319/610/9 2911/611/9 2318/612/9
f 144/584/9 3471/613/9 2736/585/9
f 144/584/9 3472/614/9 3471/613/9
f 318/606/9 2910/608/9 2321/615/9
f 317/616/9 3474/617/9 2045/618/9
f 317/616/9 3475/619/9 3474/617/9
f 201/620/9 1929/621/9 2324/622/9
f 315/623/9 3477/624/9 2907/625/9
f 315/623/9 3478/626/9 3477/624/9
f 316/627/9 2908/628/9 2327/629/9
f 218/630/9 3480/631/9 1946/632/9
f 218/630/9 3481/633/9 3480/631/9
f 315/623/9 2907/625/9 2330/634/9
f 314/635/5 3483/636/5 2042/637/5
f 314/635/5 3484/638/5 3483/636/5
f 147/639/5 2739/640/5 2333/641/5
f 312/642/5 3486/643/5 2904/644/5
f 312/642/5 3487/645/5 3486/643/5
f 313/646/5 2905/647/7 2336/648/5
f 204/649/5 3489/650/5 1932/651/5
f 204/649/5 3490/652/7 3489/650/5
f 312/642/5 2904/644/5 2339/653/5
f 311/654/5 3492/655/7 2039/656/5
f 311/654/5 3493/657/5 3492/655/7
f 148/658/5 2740/659/5 2342/660/5
f 309/661/5 3495/662/5 2901/663/7
f 309/661/5 3496/664/5 3495/662/5
f 310/665/5 2902/666/7 2345/667/7
f 147/639/5 3498/668/5 2739/640/5
f 147/639/5 3499/669/7 3498/668/5
f 309/661/5 2901/663/7 2348/670/5
f 308/671/5 3501/672/5 2036/673/5
f 308/671/5 3502/674/7 3501/672/5
f 205/675/5 1933/676/5 2351/677/5
f 306/678/5 3504/679/5 2898/680/5
f 306/678/5 3505/681/5 3504/679/5
f 307/682/5 2899/683/5 2354/684/5
f 221/685/5 3507/686/5 1949/687/5
f 221/685/5 3508/688/7 3507/686/5
f 306/678/5 2898/680/5 2357/689/5
f 305/690/5 3510/691/5 2033/692/5
f 305/690/5 3511/693/5 3510/691/5
f 150/694/5 2742/695/5 2360/696/5
f 303/697/5 3513/698/5 2895/699/5
f 303/697/5 3514/700/5 3513/698/5
f 304/701/5 2896/702/5 2363/703/5
f 195/484/6 3516/704/5 1923/486/6
f 195/484/6 3517/705/6 3516/704/5
f 303/697/5 2895/699/5 2366/706/5
f 302/707/5 3519/708/5 2030/709/5
f 302/707/5 3520/710/5 3519/708/5
f 151/711/5 2743/712/5 2369/713/5
f 300/714/5 3522/715/5 2892/716/5
f 300/714/5 3523/717/5 3522/715/5
f 301/718/5 2893/719/5 2372/720/5
f 150/694/5 3525/721/7 2742/695/5
f 150/694/5 3526/722/7 3525/721/7
f 300/714/5 2892/716/5 2375/723/5
f 299/724/5 3528/725/5 2027/726/5
f 299/724/5 3529/727/5 3528/725/5
f 206/620/5 1934/621/5 2378/728/5
f 297/729/5 3531/730/5 2889/731/5
f 297/729/5 3532/732/5 3531/730/5
f 298/733/5 2890/734/5 2381/735/5
f 224/736/5 3534/737/5 1952/738/5
f 224/736/5 3535/739/5 3534/737/5
f 297/729/5 2889/731/5 2384/740/5
f 296/525/4 3537/526/4 2024/527/4
f 296/525/4 3538/528/4 3537/526/4
f 153/529/4 2745/530/4 2387/531/4
f 294/532/4 3540/533/4 2886/534/4
f 294/532/4 3541/535/4 3540/533/4
f 295/536/4 2887/537/4 2390/538/4
f 192/539/4 3543/540/4 1920/541/4
f 192/539/4 3544/542/4 3543/540/4
f 294/532/4 2886/534/4 2393/543/4
f 293/544/4 3546/545/4 2021/546/4
f 293/544/4 3547/547/4 3546/545/4
f 154/548/4 2746/549/4 2396/550/4
f 291/551/4 3549/552/4 2883/553/4
f 291/551/4 3550/554/4 3549/552/4
f 292/555/4 2884/556/4 2399/557/4
f 153/529/4 3552/558/4 2745/530/4
f 153/529/4 3553/559/4 3552/558/4
f 291/551/4 2883/553/4 2402/560/4
f 290/561/4 3555/562/4 2018/563/4
f 290/561/4 3556/564/4 3555/562/4
f 202/565/4 1930/566/4 2405/567/4
f 288/568/4 3558/569/4 2880/570/4
f 288/568/4 3559/571/4 3558/569/4
f 289/572/4 2881/573/4 2408/574/4
f 227/575/4 3561/576/4 1955/577/4
f 227/575/4 3562/578/4 3561/576/4
f 288/568/4 2880/570/4 2411/579/4
f 287/580/4 3564/581/4 2015/582/4
f 287/580/4 3565/583/4 3564/581/4
f 156/584/4 2748/585/4 2414/586/4
f 285/587/4 3567/588/4 2877/589/4
f 285/587/4 3568/590/4 3567/588/4
f 286/591/4 2878/592/4 2417/593/4
f 194/594/4 3570/595/4 1922/596/4
f 194/594/4 3571/597/4 3570/595/4
f 285/587/4 2877/589/4 2420/598/4
f 284/599/4 3573/600/4 2012/601/4
f 284/599/4 3574/602/4 3573/600/4
f 157/603/4 2749/604/4 2423/605/4
f 282/606/4 3576/607/4 2874/608/4
f 282/606/4 3577/609/4 3576/607/4
f 283/610/4 2875/611/4 2426/612/4
f 156/584/4 3579/613/4 2748/585/4
f 156/584/4 3580/614/4 3579/613/4
f 282/606/4 2874/608/4 2429/615/4
f 281/616/4 3582/617/4 2009/618/4
f 281/616/4 3583/619/4 3582/617/4
f 204/620/4 1932/621/4 2432/622/4
f 279/623/4 3585/624/4 2871/625/4
f 279/623/4 3586/626/4 3585/624/4
f 280/627/4 2872/628/4 2435/629/4
f 230/630/4 3588/631/4 1958/632/4
f 230/630/4 3589/633/4 3588/631/4
f 279/623/4 2871/625/4 2438/634/4
f 278/635/2 3591/636/2 2006/637/2
f 278/635/2 3592/638/2 3591/636/2
f 159/639/2 2751/640/2 2441/641/2
f 276/642/2 3594/643/2 2868/644/2
f 276/642/2 3595/645/2 3594/643/2
f 277/646/2 2869/647/2 2444/648/2
f 201/649/2 3597/650/2 1929/651/2
f 201/649/2 3598/652/2 3597/650/2
f 276/642/2 2868/644/2 2447/653/2
f 275/654/3 3600/655/2 2003/656/2
f 275/654/3 3601/657/3 3600/655/2
f 160/658/2 2752/659/2 2450/660/2
f 273/661/3 3603/662/3 2865/663/2
f 273/661/3 3604/664/2 3603/662/3
f 274/665/2 2866/666/2 2453/667/2
f 159/639/2 3606/668/2 2751/640/2
f 159/639/2 3607/669/2 3606/668/2
f 273/661/3 2865/663/2 2456/670/2
f 272/671/2 3609/672/2 2000/673/2
f 272/671/2 3610/674/2 3609/672/2
f 199/675/2 1927/676/2 2459/677/2
f 270/678/2 3612/679/2 2862/680/2
f 270/678/2 3613/681/2 3612/679/2
f 271/682/2 2863/683/2 2462/684/2
f 233/685/2 3615/686/2 1961/687/2
f 233/685/2 3616/688/2 3615/686/2
f 270/678/2 2862/680/2 2465/689/2
f 269/690/2 3618/691/2 1997/692/2
f 269/690/2 3619/693/2 3618/691/2
f 162/694/2 2754/695/2 2468/696/2
f 267/697/2 3621/698/2 2859/699/2
f 267/697/2 3622/700/2 3621/698/2
f 268/701/2 2860/702/2 2471/703/2
f 103/484/3 3624/704/2 2695/486/3
f 103/484/3 3625/705/2 3624/704/2
f 267/697/2 2859/699/2 2474/706/2
f 266/707/2 3627/708/2 1994/709/2
f 266/707/2 3628/710/2 3627/708/2
f 163/711/2 2755/712/2 2477/713/2
f 264/714/2 3630/715/2 2856/716/2
f 264/714/2 3631/717/2 3630/715/2
f 265/718/2 2857/719/2 2480/720/2
f 162/694/2 3633/721/2 2754/695/2
f 162/694/2 3634/722/2 3633/721/2
f 264/714/2 2856/716/2 2483/723/2
f 263/724/2 3636/725/2 1991/726/2
f 263/724/2 3637/727/2 3636/725/2
f 192/620/2 1920/621/2 2486/728/2
f 261/729/2 3639/730/2 2853/731/2
f 261/729/2 3640/732/2 3639/730/2
f 262/733/2 2854/734/2 2489/735/2
f 236/736/2 3642/737/2 1964/738/2
f 236/736/2 3643/739/2 3642/737/2
f 261/729/2 2853/731/2 2492/740/2
f 260/741/1 3645/742/1 1988/743/1
f 260/741/1 3646/744/1 3645/742/1
f 165/745/1 2757/746/1 2495/747/1
f 258/748/1 3648/749/1 2850/750/1
f 258/748/1 3649/751/1 3648/749/1
f 259/752/1 2851/753/1 2498/754/1
f 101/755/1 3651/756/1 2693/757/1
f 101/755/1 3652/758/1 3651/756/1
f 258/748/1 2850/750/1 2501/759/1
f 257/760/1 3654/761/1 1985/762/1
f 257/760/1 3655/763/1 3654/761/1
f 166/764/1 2758/765/1 2504/766/1
f 255/767/1 3657/768/1 2847/769/1
f 255/767/1 3658/770/1 3657/768/1
f 256/771/1 2848/772/1 2507/773/1
f 165/745/1 3660/774/1 2757/746/1
f 165/745/1 3661/775/1 3660/774/1
f 255/767/1 2847/769/1 2510/776/1
f 254/777/1 3663/778/1 1982/779/1
f 254/777/1 3664/780/1 3663/778/1
f 107/781/1 2699/782/1 2513/783/1
f 252/784/1 3666/785/1 2844/786/1
f 252/784/1 3667/787/1 3666/785/1
f 253/788/1 2845/789/1 2516/790/1
f 239/791/1 3669/792/1 1967/793/1
f 239/791/1 3670/794/1 3669/792/1
f 252/784/1 2844/786/1 2519/795/1
f 251/796/1 3672/797/1 1979/798/1
f 251/796/1 3673/799/1 3672/797/1
f 168/800/1 2760/801/1 2522/802/1
f 249/803/1 3675/804/1 2841/805/1
f 249/803/1 3676/806/1 3675/804/1
f 250/807/1 2842/808/1 2525/809/1
f 99/810/1 3678/811/1 2691/812/1
f 99/810/1 3679/813/1 3678/811/1
f 249/803/1 2841/805/1 2528/814/1
f 248/815/1 3681/816/1 1976/817/1
f 248/815/1 3682/818/1 3681/816/1
f 169/819/1 2761/820/1 2531/821/1
f 246/822/1 3684/823/1 2838/824/1
f 246/822/1 3685/825/1 3684/823/1
f 247/826/1 2839/827/1 2534/828/1
f 168/800/1 3687/829/1 2760/801/1
f 168/800/1 3688/830/1 3687/829/1
f 246/822/1 2838/824/1 2537/831/1
f 245/832/1 3690/833/1 1973/834/1
f 245/832/1 3691/835/1 3690/833/1
f 100/836/1 2692/837/1 2540/838/1
f 243/839/1 3693/840/1 2835/841/1
f 243/839/1 3694/842/1 3693/840/1
f 244/843/1 2836/844/1 2543/845/1
f 242/846/1 3696/847/1 1970/848/1
f 242/846/1 3697/849/1 3696/847/1
f 243/839/1 2835/841/1 2546/850/1
f 170/851/1 3699/852/1 1898/853/1
f 170/851/1 3700/854/1 3699/852/1
f 172/855/1 2764/856/1 2549/857/1
f 240/858/1 3702/859/1 2832/860/1
f 240/858/1 3703/861/1 3702/859/1
f 241/862/1 2833/863/1 2552/864/1
f 171/319/1 3705/865/1 2763/866/1
f 171/319/1 3706/867/1 3705/865/1
f 240/858/1 2832/860/1 2555/868/1
f 167/869/1 3708/870/1 1895/871/1
f 167/869/1 3709/872/1 3708/870/1
f 179/873/1 2771/874/1 2558/875/1
f 237/876/1 3711/877/1 2829/878/1
f 237/876/1 3712/879/1 3711/877/1
f 238/880/1 2830/881/1 2561/882/1
f 173/883/1 3714/884/1 2765/885/1
f 173/883/1 3715/886/1 3714/884/1
f 237/876/1 2829/878/1 2564/887/1
f 164/888/2 3717/889/2 1892/890/2
f 164/888/2 3718/891/2 3717/889/2
f 120/892/2 1848/893/2 2567/894/2
f 234/895/2 3720/896/2 2826/897/2
f 234/895/2 3721/898/2 3720/896/2
f 235/899/2 2827/900/2 2570/901/2
f 175/281/3 3723/902/2 2767/903/3
f 175/281/3 3724/904/3 3723/902/2
f 234/895/2 2826/897/2 2573/905/2
f 161/906/2 3726/907/2 1889/908/2
f 161/906/2 3727/909/2 3726/907/2
f 127/910/2 1855/911/2 2576/912/2
f 231/913/2 3729/914/2 2823/915/2
f 231/913/2 3730/916/2 3729/914/2
f 232/917/2 2824/918/2 2579/919/2
f 129/920/2 3732/921/2 1857/922/2
f 129/920/2 3733/923/2 3732/921/2
f 231/913/2 2823/915/2 2582/924/2
f 158/925/4 3735/926/4 1886/927/4
f 158/925/4 3736/928/4 3735/926/4
f 132/892/4 1860/893/4 2585/929/4
f 228/930/4 3738/931/4 2820/932/4
f 228/930/4 3739/933/4 3738/931/4
f 229/934/4 2821/935/4 2588/936/4
f 122/937/4 3741/938/4 1850/939/4
f 122/937/4 3742/940/4 3741/938/4
f 228/930/4 2820/932/4 2591/941/4
f 155/942/4 3744/943/4 1883/944/4
f 155/942/4 3745/945/4 3744/943/4
f 130/946/4 1858/947/4 2594/948/4
f 225/949/4 3747/950/4 2817/951/4
f 225/949/4 3748/952/4 3747/950/4
f 226/953/4 2818/954/4 2597/955/4
f 120/956/4 3750/957/4 1848/958/4
f 120/956/4 3751/959/4 3750/957/4
f 225/949/4 2817/951/4 2600/960/4
f 152/888/5 3753/889/5 1880/890/5
f 152/888/5 3754/891/5 3753/889/5
f 134/892/5 1862/893/5 2603/894/5
f 222/895/5 3756/896/5 2814/897/5
f 222/895/5 3757/898/5 3756/896/5
f 223/899/5 2815/900/5 2606/901/5
f 123/281/6 3759/902/5 1851/903/6
f 123/281/6 3760/904/5 3759/902/5
f 222/895/5 2814/897/5 2609/905/5
f 149/906/5 3762/907/5 1877/908/5
f 149/906/5 3763/909/5 3762/907/5
f 133/910/5 1861/911/5 2612/912/5
f 219/913/5 3765/914/7 2811/915/5
f 219/913/5 3766/916/5 3765/914/7
f 220/917/5 2812/918/7 2615/919/5
f 132/920/5 3768/921/5 1860/922/5
f 132/920/5 3769/923/5 3768/921/5
f 219/913/5 2811/915/5 2618/924/7
f 146/925/9 3771/926/9 1874/927/9
f 146/925/9 3772/928/9 3771/926/9
f 129/892/9 1857/893/9 2621/929/9
f 216/930/9 3774/931/9 2808/932/9
f 216/930/9 3775/933/9 3774/931/9
f 217/934/9 2809/935/9 2624/936/9
f 178/937/8 3777/938/9 2770/939/8
f 178/937/8 3778/940/9 3777/938/9
f 216/930/9 2808/932/9 2627/941/9
f 143/942/9 3780/943/9 1871/944/9
f 143/942/9 3781/945/9 3780/943/9
f 131/946/9 1859/947/9 2630/948/9
f 213/949/9 3783/950/9 2805/951/9
f 213/949/9 3784/952/9 3783/950/9
f 214/953/9 2806/954/9 2633/955/9
f 134/956/9 3786/957/9 1862/958/9
f 134/956/9 3787/959/9 3786/957/9
f 213/949/9 2805/951/9 2636/960/9
f 140/961/10 3789/962/10 1868/963/10
f 140/961/10 3790/964/10 3789/962/10
f 178/965/10 2770/966/10 2639/967/10
f 210/968/10 3792/969/10 2802/970/10
f 210/968/10 3793/971/10 3792/969/10
f 211/972/10 2803/973/10 2642/974/10
f 121/281/10 3795/975/10 1849/903/10
f 121/281/10 3796/976/10 3795/975/10
f 210/968/10 2802/970/10 2645/977/10
f 137/978/10 3798/979/10 1865/980/10
f 137/978/10 3799/981/10 3798/979/10
f 180/982/10 2772/983/10 2648/984/10
f 207/985/10 3801/986/10 2799/987/10
f 207/985/10 3802/988/10 3801/986/10
f 208/989/10 2800/990/10 2651/991/10
f 176/992/10 3804/993/10 2768/994/10
f 176/992/10 3805/995/10 3804/993/10
f 207/985/10 2799/987/10 2654/996/10
f 194/997/10 3807/998/10 2786/999/10
f 194/997/10 3808/1000/10 3807/998/10
f 198/1001/10 2790/1002/10 2657/1003/10
f 103/810/10 3810/1004/10 1831/1005/10
f 103/810/10 3811/1006/10 3810/1004/10
f 196/1007/10 2788/1008/10 2660/1009/10
f 116/1010/9 3813/1011/9 1844/1012/9
f 116/1010/9 3814/1013/9 3813/1011/9
f 113/1014/9 1841/1015/9 2663/1016/9
f 196/1017/8 3816/1018/9 2788/1019/8
f 196/1017/8 3817/1020/9 3816/1018/9
f 111/1021/9 1839/1022/9 2666/1023/9
f 114/1024/5 3819/1025/5 1842/1026/5
f 114/1024/5 3820/1027/7 3819/1025/5
f 115/1028/5 1843/1029/5 2669/1030/5
f 105/810/6 3822/1031/5 1833/1005/6
f 105/810/6 3823/1032/5 3822/1031/5
f 116/1021/5 1844/1022/5 2672/1033/5
f 102/1010/4 3825/1011/4 1830/1012/4
f 102/1010/4 3826/1013/4 3825/1011/4
f 112/1014/4 1840/1015/4 2675/1016/4
f 104/1017/4 3828/1018/4 1832/1019/4
f 104/1017/4 3829/1020/4 3828/1018/4
f 114/1021/4 1842/1022/4 2678/1023/4
f 111/1024/2 3831/1025/2 1839/1026/2
f 111/1024/2 3832/1027/2 3831/1025/2
f 109/1028/2 1837/1029/2 2681/1030/2
f 193/810/3 3834/1031/2 2785/1005/3
f 193/810/3 3835/1032/2 3834/1031/2
f 102/1021/2 1830/1022/2 2684/1033/2
f 191/1034/1 3837/1035/1 2783/1036/1
f 191/1034/1 3838/1037/1 3837/1035/1
f 197/1038/1 2789/1039/1 2687/1040/1
f 189/484/1 3840/1041/1 2781/1042/1
f 189/484/1 3841/1043/1 3840/1041/1
f 190/1044/1 2782/1045/1 2690/1046/1
f 1538/1047/1 3843/1048/1 3842/1049/1
f 1538/1047/1 3844/1050/1 3843/1048/1
f 478/1051/1 1630/1052/1 3845/1053/1
f 1536/1054/1 3846/1055/1 2688/1056/1
f 1536/1054/1 3847/1057/1 3846/1055/1
f 1537/1058/1 2689/1059/1 3848/1060/1
f 477/1061/1 3849/1062/1 1629/123/1
f 477/1061/1 3850/1063/1 3849/1062/1
f 1536/1054/1 2688/1056/1 3851/1064/1
f 1535/1065/1 3852/1066/1 3839/1067/1
f 1535/1065/1 3853/1068/1 3852/1066/1
f 485/1069/1 1637/1070/1 3854/1071/1
f 1533/1072/1 3855/1073/1 2685/1074/1
f 1533/1072/1 3856/1075/1 3855/1073/1
f 1534/1076/1 2686/1077/1 3857/1078/1
f 479/1079/1 3858/1080/1 1631/1081/1
f 479/1079/1 3859/1082/1 3858/1080/1
f 1533/1072/1 2685/1074/1 3860/1083/1
f 1532/1084/2 3861/1085/2 3836/1086/2
f 1532/1084/2 3862/1087/2 3861/1085/2
f 678/1088/2 2982/1089/2 3863/1090/2
f 1530/1091/2 3864/1092/2 2682/1093/2
f 1530/1091/2 3865/1094/2 3864/1092/2
f 1531/1095/2 2683/1096/2 3866/1097/2
f 481/1098/3 3867/1099/2 1633/85/3
f 481/1098/3 3868/1100/2 3867/1099/2
f 1530/1091/2 2682/1093/2 3869/1101/2
f 1529/1102/2 3870/1103/2 3833/1104/2
f 1529/1102/2 3871/1105/2 3870/1103/2
f 685/1106/2 2989/1107/2 3872/1108/2
f 1527/1109/2 3873/1110/2 2679/1111/2
f 1527/1109/2 3874/1112/2 3873/1110/2
f 1528/1113/2 2680/1114/2 3875/1115/2
f 687/1116/11 3876/1117/2 2991/1118/11
f 687/1116/11 3877/1119/2 3876/1117/2
f 1527/1109/2 2679/1111/2 3878/1120/2
f 1526/1121/4 3879/1122/4 3830/1123/4
f 1526/1121/4 3880/1124/4 3879/1122/4
f 690/1088/4 2994/1089/4 3881/1125/4
f 1524/1126/4 3882/1127/4 2676/1128/4
f 1524/1126/4 3883/1129/4 3882/1127/4
f 1525/1130/4 2677/1131/4 3884/1132/4
f 680/1133/4 3885/1134/4 2984/1135/4
f 680/1133/4 3886/1136/4 3885/1134/4
f 1524/1126/4 2676/1128/4 3887/1137/4
f 1523/1138/4 3888/1139/4 3827/1140/4
f 1523/1138/4 3889/1141/4 3888/1139/4
f 688/1142/4 2992/1143/4 3890/1144/4
f 1521/1145/4 3891/1146/4 2673/1147/4
f 1521/1145/4 3892/1148/4 3891/1146/4
f 1522/1149/4 2674/1150/4 3893/1151/4
f 678/1152/4 3894/1153/4 2982/1154/4
f 678/1152/4 3895/1155/4 3894/1153/4
f 1521/1145/4 2673/1147/4 3896/1156/4
f 1520/1084/5 3897/1085/5 3824/1086/5
f 1520/1084/5 3898/1087/5 3897/1085/5
f 692/1088/5 2996/1089/5 3899/1090/5
f 1518/1091/5 3900/1092/5 2670/1093/5
f 1518/1091/5 3901/1094/5 3900/1092/5
f 1519/1095/5 2671/1096/5 3902/1097/5
f 681/1098/6 3903/1099/5 2985/85/6
f 681/1098/6 3904/1100/5 3903/1099/5
f 1518/1091/5 2670/1093/5 3905/1101/5
f 1517/1102/7 3906/1103/7 3821/1104/5
f 1517/1102/7 3907/1105/7 3906/1103/7
f 691/1106/5 2995/1107/5 3908/1108/7
f 1515/1109/5 3909/1110/7 2667/1111/5
f 1515/1109/5 3910/1112/7 3909/1110/7
f 1516/1113/7 2668/1114/5 3911/1115/7
f 690/1116/7 3912/1117/7 2994/1118/7
f 690/1116/7 3913/1119/5 3912/1117/7
f 1515/1109/5 2667/1111/5 3914/1120/5
f 1514/1121/9 3915/1122/9 3818/1123/9
f 1514/1121/9 3916/1124/9 3915/1122/9
f 687/1088/8 2991/1089/9 3917/1125/8
f 1512/1126/9 3918/1127/8 2664/1128/8
f 1512/1126/9 3919/1129/9 3918/1127/8
f 1513/1130/9 2665/1131/8 3920/1132/8
f 484/1133/8 3921/1134/9 1636/1135/8
f 484/1133/8 3922/1136/9 3921/1134/9
f 1512/1126/9 2664/1128/8 3923/1137/9
f 1511/1138/9 3924/1139/9 3815/1140/9
f 1511/1138/9 3925/1141/9 3924/1139/9
f 689/1142/9 2993/1143/9 3926/1144/9
f 1509/1145/9 3927/1146/9 2661/1147/9
f 1509/1145/9 3928/1148/9 3927/1146/9
f 1510/1149/9 2662/1150/9 3929/1151/9
f 692/1152/9 3930/1153/9 2996/1154/9
f 692/1152/9 3931/1155/9 3930/1153/9
f 1509/1145/9 2661/1147/9 3932/1156/9
f 1508/1157/10 3933/1158/10 3812/1159/10
f 1508/1157/10 3934/1160/10 3933/1158/10
f 484/1161/10 1636/1162/10 3935/1163/10
f 1506/1164/10 3936/1165/10 2658/1166/10
f 1506/1164/10 3937/1167/10 3936/1165/10
f 1507/1168/10 2659/1169/10 3938/1170/10
f 679/1098/10 3939/1171/10 2983/85/10
f 679/1098/10 3940/1172/10 3939/1171/10
f 1506/1164/10 2658/1166/10 3941/1173/10
f 1505/1174/10 3942/1175/10 3809/1176/10
f 1505/1174/10 3943/1177/10 3942/1175/10
f 486/1178/10 1638/1179/10 3944/1180/10
f 1503/1181/10 3945/1182/10 2655/1183/10
f 1503/1181/10 3946/1184/10 3945/1182/10
f 1504/1185/10 2656/1186/10 3947/1187/10
f 482/1188/10 3948/1189/10 1634/1190/10
f 482/1188/10 3949/1191/10 3948/1189/10
f 1503/1181/10 2655/1183/10 3950/1192/10
f 1502/1193/10 3951/1194/10 3806/1195/10
f 1502/1193/10 3952/1196/10 3951/1194/10
f 495/1197/10 1647/1198/10 3953/1199/10
f 1500/1200/10 3954/1201/10 2652/1202/10
f 1500/1200/10 3955/1203/10 3954/1201/10
f 1501/1204/10 2653/1205/10 3956/1206/10
f 464/1207/10 3957/1208/10 1616/1209/10
f 464/1207/10 3958/1210/10 3957/1208/10
f 1500/1200/10 2652/1202/10 3959/1211/10
f 1499/1212/10 3960/1213/10 3803/1214/10
f 1499/1212/10 3961/1215/10 3960/1213/10
f 496/1216/10 1648/1217/10 3962/1218/10
f 1497/1219/10 3963/1220/10 2649/1221/10
f 1497/1219/10 3964/1222/10 3963/1220/10
f 1498/1223/10 2650/1224/10 3965/1225/10
f 495/1197/10 3966/1226/10 1647/1198/10
f 495/1197/10 3967/1227/10 3966/1226/10
f 1497/1219/10 2649/1221/10 3968/1228/10
f 1496/1229/10 3969/1230/10 3800/1231/10
f 1496/1229/10 3970/1232/10 3969/1230/10
f 468/1233/10 1620/1234/10 3971/1235/10
f 1494/1236/10 3972/1237/10 2646/1238/10
f 1494/1236/10 3973/1239/10 3972/1237/10
f 1495/1240/10 2647/1241/10 3974/1242/10
f 713/1243/10 3975/1244/10 3017/1245/10
f 713/1243/10 3976/1246/10 3975/1244/10
f 1494/1236/10 2646/1238/10 3977/1247/10
f 1493/1248/10 3978/1249/10 3797/1250/10
f 1493/1248/10 3979/1251/10 3978/1249/10
f 498/1252/10 1650/1253/10 3980/1254/10
f 1491/1255/10 3981/1256/10 2643/1257/10
f 1491/1255/10 3982/1258/10 3981/1256/10
f 1492/1259/10 2644/1260/10 3983/1261/10
f 697/1262/10 3984/1263/10 3001/262/10
f 697/1262/10 3985/1264/10 3984/1263/10
f 1491/1255/10 2643/1257/10 3986/1265/10
f 1490/1266/10 3987/1267/10 3794/1268/10
f 1490/1266/10 3988/1269/10 3987/1267/10
f 499/1270/10 1651/1271/10 3989/1272/10
f 1488/1273/10 3990/1274/10 2640/1275/10
f 1488/1273/10 3991/1276/10 3990/1274/10
f 1489/1277/10 2641/1278/10 3992/1279/10
f 498/1252/10 3993/1280/10 1650/1253/10
f 498/1252/10 3994/1281/10 3993/1280/10
f 1488/1273/10 2640/1275/10 3995/1282/10
f 1487/1283/10 3996/1284/10 3791/1285/10
f 1487/1283/10 3997/1286/10 3996/1284/10
f 466/1287/10 1618/1288/10 3998/1289/10
f 1485/1290/10 3999/1291/10 2637/1292/10
f 1485/1290/10 4000/1293/10 3999/1291/10
f 1486/1294/10 2638/1295/10 4001/1296/10
f 716/1297/10 4002/1298/10 3020/1299/10
f 716/1297/10 4003/1300/10 4002/1298/10
f 1485/1290/10 2637/1292/10 4004/1301/10
f 1484/1302/9 4005/1303/9 3788/1304/9
f 1484/1302/9 4006/1305/9 4005/1303/9
f 501/1306/9 1653/1307/9 4007/1308/9
f 1482/1309/9 4008/1310/9 2634/1311/9
f 1482/1309/9 4009/1312/9 4008/1310/9
f 1483/1313/9 2635/1314/9 4010/1315/9
f 710/1316/9 4011/1317/9 3014/1318/9
f 710/1316/9 4012/1319/9 4011/1317/9
f 1482/1309/9 2634/1311/9 4013/1320/9
f 1481/1321/9 4014/1322/9 3785/1323/9
f 1481/1321/9 4015/1324/9 4014/1322/9
f 502/1325/9 1654/1326/9 4016/1327/9
f 1479/1328/9 4017/1329/9 2631/1330/9
f 1479/1328/9 4018/1331/9 4017/1329/9
f 1480/1332/9 2632/1333/9 4019/1334/9
f 501/1306/9 4020/1335/9 1653/1307/9
f 501/1306/9 4021/1336/9 4020/1335/9
f 1479/1328/9 2631/1330/9 4022/1337/9
f 1478/1338/9 4023/1339/9 3782/1340/9
f 1478/1338/9 4024/1341/9 4023/1339/9
f 707/1342/9 3011/1343/9 4025/1344/9
f 1476/1345/9 4026/1346/9 2628/1347/9
f 1476/1345/9 4027/1348/9 4026/1346/9
f 1477/1349/9 2629/1350/9 4028/1351/9
f 719/1352/9 4029/1353/9 3023/1354/9
f 719/1352/9 4030/1355/9 4029/1353/9
f 1476/1345/9 2628/1347/9 4031/1356/9
f 1475/1357/9 4032/1358/9 3779/1359/9
f 1475/1357/9 4033/1360/9 4032/1358/9
f 504/1361/8 1656/1362/9 4034/1363/8
f 1473/1364/9 4035/1365/8 2625/1366/8
f 1473/1364/9 4036/1367/9 4035/1365/8
f 1474/1368/9 2626/1369/8 4037/1370/8
f 466/1371/8 4038/1372/9 1618/1373/8
f 466/1371/8 4039/1374/9 4038/1372/9
f 1473/1364/9 2625/1366/8 4040/1375/9
f 1472/1376/8 4041/1377/9 3776/1378/9
f 1472/1376/8 4042/1379/8 4041/1377/9
f 505/1380/8 1657/1381/9 4043/1382/9
f 1470/1383/8 4044/1384/8 2622/1385/9
f 1470/1383/8 4045/1386/9 4044/1384/8
f 1471/1387/9 2623/1388/9 4046/1389/9
f 504/1361/8 4047/1390/9 1656/1362/9
f 504/1361/8 4048/1391/8 4047/1390/9
f 1470/1383/8 2622/1385/9 4049/1392/9
f 1469/1393/9 4050/1394/9 3773/1395/9
f 1469/1393/9 4051/1396/9 4050/1394/9
f 705/1397/8 3009/1398/9 4052/1399/8
f 1467/1400/8 4053/1401/9 2619/1402/9
f 1467/1400/8 4054/1403/8 4053/1401/9
f 1468/1404/8 2620/1405/9 4055/1406/9
f 722/1407/9 4056/1408/9 3026/1409/9
f 722/1407/9 4057/1410/9 4056/1408/9
f 1467/1400/8 2619/1402/9 4058/1411/8
f 1466/1412/7 4059/1413/7 3770/1414/5
f 1466/1412/7 4060/1415/7 4059/1413/7
f 507/1416/5 1659/1417/5 4061/1418/5
f 1464/1419/5 4062/1420/5 2616/1421/5
f 1464/1419/5 4063/1422/5 4062/1420/5
f 1465/1423/7 2617/1424/7 4064/1425/7
f 708/1426/7 4065/1427/7 3012/1428/7
f 708/1426/7 4066/1429/7 4065/1427/7
f 1464/1419/5 2616/1421/5 4067/1430/7
f 1463/1431/5 4068/1432/5 3767/1433/5
f 1463/1431/5 4069/1434/5 4068/1432/5
f 508/1435/7 1660/1436/5 4070/1437/7
f 1461/1438/7 4071/1439/5 2613/1440/5
f 1461/1438/7 4072/1441/7 4071/1439/5
f 1462/1442/7 2614/1443/5 4073/1444/5
f 507/1416/5 4074/1445/5 1659/1417/5
f 507/1416/5 4075/1446/7 4074/1445/5
f 1461/1438/7 2613/1440/5 4076/1447/7
f 1460/1448/7 4077/1449/7 3764/1450/5
f 1460/1448/7 4078/1451/7 4077/1449/7
f 709/1452/5 3013/1453/5 4079/1454/7
f 1458/1455/5 4080/1456/5 2610/1457/5
f 1458/1455/5 4081/1458/5 4080/1456/5
f 1459/1459/7 2611/1460/7 4082/1461/7
f 725/1462/7 4083/1463/5 3029/1464/5
f 725/1462/7 4084/1465/5 4083/1463/5
f 1458/1455/5 2610/1457/5 4085/1466/7
f 1457/1467/5 4086/1468/5 3761/1469/5
f 1457/1467/5 4087/1470/5 4086/1468/5
f 510/1471/5 1662/1472/5 4088/1473/5
f 1455/1474/5 4089/1475/5 2607/1476/5
f 1455/1474/5 4090/1477/5 4089/1475/5
f 1456/1478/5 2608/1479/5 4091/1480/5
f 699/1262/6 4092/1481/5 3003/262/6
f 699/1262/6 4093/1482/5 4092/1481/5
f 1455/1474/5 2607/1476/5 4094/1483/5
f 1454/1484/5 4095/1485/5 3758/1486/5
f 1454/1484/5 4096/1487/5 4095/1485/5
f 511/1488/5 1663/1489/5 4097/1490/5
f 1452/1491/5 4098/1492/5 2604/1493/5
f 1452/1491/5 4099/1494/5 4098/1492/5
f 1453/1495/5 2605/1496/5 4100/1497/5
f 510/1471/5 4101/1498/7 1662/1472/5
f 510/1471/5 4102/1499/7 4101/1498/7
f 1452/1491/5 2604/1493/5 4103/1500/5
f 1451/1501/5 4104/1502/5 3755/1503/5
f 1451/1501/5 4105/1504/5 4104/1502/5
f 710/1397/5 3014/1398/5 4106/1505/5
f 1449/1506/5 4107/1507/5 2601/1508/5
f 1449/1506/5 4108/1509/5 4107/1507/5
f 1450/1510/5 2602/1511/5 4109/1512/5
f 728/1513/5 4110/1514/5 3032/1515/5
f 728/1513/5 4111/1516/5 4110/1514/5
f 1449/1506/5 2601/1508/5 4112/1517/5
f 1448/1302/4 4113/1303/4 3752/1304/4
f 1448/1302/4 4114/1305/4 4113/1303/4
f 513/1306/4 1665/1307/4 4115/1308/4
f 1446/1309/4 4116/1310/4 2598/1311/4
f 1446/1309/4 4117/1312/4 4116/1310/4
f 1447/1313/4 2599/1314/4 4118/1315/4
f 696/1316/4 4119/1317/4 3000/1318/4
f 696/1316/4 4120/1319/4 4119/1317/4
f 1446/1309/4 2598/1311/4 4121/1320/4
f 1445/1321/4 4122/1322/4 3749/1323/4
f 1445/1321/4 4123/1324/4 4122/1322/4
f 514/1325/4 1666/1326/4 4124/1327/4
f 1443/1328/4 4125/1329/4 2595/1330/4
f 1443/1328/4 4126/1331/4 4125/1329/4
f 1444/1332/4 2596/1333/4 4127/1334/4
f 513/1306/4 4128/1335/4 1665/1307/4
f 513/1306/4 4129/1336/4 4128/1335/4
f 1443/1328/4 2595/1330/4 4130/1337/4
f 1442/1338/4 4131/1339/4 3746/1340/4
f 1442/1338/4 4132/1341/4 4131/1339/4
f 706/1342/4 3010/1343/4 4133/1344/4
f 1440/1345/4 4134/1346/4 2592/1347/4
f 1440/1345/4 4135/1348/4 4134/1346/4
f 1441/1349/4 2593/1350/4 4136/1351/4
f 731/1352/4 4137/1353/4 3035/1354/4
f 731/1352/4 4138/1355/4 4137/1353/4
f 1440/1345/4 2592/1347/4 4139/1356/4
f 1439/1357/4 4140/1358/4 3743/1359/4
f 1439/1357/4 4141/1360/4 4140/1358/4
f 516/1361/4 1668/1362/4 4142/1363/4
f 1437/1364/4 4143/1365/4 2589/1366/4
f 1437/1364/4 4144/1367/4 4143/1365/4
f 1438/1368/4 2590/1369/4 4145/1370/4
f 698/1371/4 4146/1372/4 3002/1373/4
f 698/1371/4 4147/1374/4 4146/1372/4
f 1437/1364/4 2589/1366/4 4148/1375/4
f 1436/1376/4 4149/1377/4 3740/1378/4
f 1436/1376/4 4150/1379/4 4149/1377/4
f 517/1380/4 1669/1381/4 4151/1382/4
f 1434/1383/4 4152/1384/4 2586/1385/4
f 1434/1383/4 4153/1386/4 4152/1384/4
f 1435/1387/4 2587/1388/4 4154/1389/4
f 516/1361/4 4155/1390/4 1668/1362/4
f 516/1361/4 4156/1391/4 4155/1390/4
f 1434/1383/4 2586/1385/4 4157/1392/4
f 1433/1393/4 4158/1394/4 3737/1395/4
f 1433/1393/4 4159/1396/4 4158/1394/4
f 708/1397/4 3012/1398/4 4160/1399/4
f 1431/1400/4 4161/1401/4 2583/1402/4
f 1431/1400/4 4162/1403/4 4161/1401/4
f 1432/1404/4 2584/1405/4 4163/1406/4
f 734/1407/4 4164/1408/4 3038/1409/4
f 734/1407/4 4165/1410/4 4164/1408/4
f 1431/1400/4 2583/1402/4 4166/1411/4
f 1430/1412/2 4167/1413/2 3734/1414/2
f 1430/1412/2 4168/1415/2 4167/1413/2
f 519/1416/2 1671/1417/2 4169/1418/2
f 1428/1419/2 4170/1420/2 2580/1421/2
f 1428/1419/2 4171/1422/2 4170/1420/2
f 1429/1423/2 2581/1424/2 4172/1425/2
f 705/1426/2 4173/1427/2 3009/1428/2
f 705/1426/2 4174/1429/2 4173/1427/2
f 1428/1419/2 2580/1421/2 4175/1430/2
f 1427/1431/2 4176/1432/2 3731/1433/2
f 1427/1431/2 4177/1434/2 4176/1432/2
f 520/1435/2 1672/1436/2 4178/1437/2
f 1425/1438/2 4179/1439/2 2577/1440/2
f 1425/1438/2 4180/1441/2 4179/1439/2
f 1426/1442/2 2578/1443/2 4181/1444/2
f 519/1416/2 4182/1445/2 1671/1417/2
f 519/1416/2 4183/1446/2 4182/1445/2
f 1425/1438/2 2577/1440/2 4184/1447/2
f 1424/1448/2 4185/1449/2 3728/1450/2
f 1424/1448/2 4186/1451/2 4185/1449/2
f 703/1452/2 3007/1453/2 4187/1454/3
f 1422/1455/2 4188/1456/3 2574/1457/3
f 1422/1455/2 4189/1458/2 4188/1456/3
f 1423/1459/2 2575/1460/3 4190/1461/3
f 737/1462/2 4191/1463/2 3041/1464/2
f 737/1462/2 4192/1465/2 4191/1463/2
f 1422/1455/2 2574/1457/3 4193/1466/2
f 1421/1467/2 4194/1468/2 3725/1469/2
f 1421/1467/2 4195/1470/2 4194/1468/2
f 522/1471/2 1674/1472/2 4196/1473/2
f 1419/1474/2 4197/1475/2 2571/1476/2
f 1419/1474/2 4198/1477/2 4197/1475/2
f 1420/1478/2 2572/1479/2 4199/1480/2
f 463/1262/3 4200/1481/2 1615/262/3
f 463/1262/3 4201/1482/3 4200/1481/2
f 1419/1474/2 2571/1476/2 4202/1483/2
f 1418/1484/2 4203/1485/2 3722/1486/2
f 1418/1484/2 4204/1487/2 4203/1485/2
f 523/1488/2 1675/1489/2 4205/1490/2
f 1416/1491/2 4206/1492/2 2568/1493/2
f 1416/1491/2 4207/1494/2 4206/1492/2
f 1417/1495/2 2569/1496/2 4208/1497/2
f 522/1471/2 4209/1498/2 1674/1472/2
f 522/1471/2 4210/1499/2 4209/1498/2
f 1416/1491/2 2568/1493/2 4211/1500/2
f 1415/1501/2 4212/1502/2 3719/1503/2
f 1415/1501/2 4213/1504/2 4212/1502/2
f 696/1397/2 3000/1398/2 4214/1505/2
f 1413/1506/2 4215/1507/2 2565/1508/2
f 1413/1506/2 4216/1509/2 4215/1507/2
f 1414/1510/2 2566/1511/2 4217/1512/2
f 740/1513/2 4218/1514/2 3044/1515/2
f 740/1513/2 4219/1516/2 4218/1514/2
f 1413/1506/2 2565/1508/2 4220/1517/2
f 1412/1518/1 4221/1519/1 3716/1520/1
f 1412/1518/1 4222/1521/1 4221/1519/1
f 525/1522/1 1677/1523/1 4223/1524/1
f 1410/1525/1 4224/1526/1 2562/1527/1
f 1410/1525/1 4225/1528/1 4224/1526/1
f 1411/1529/1 2563/1530/1 4226/1531/1
f 461/1532/1 4227/1533/1 1613/1534/1
f 461/1532/1 4228/1535/1 4227/1533/1
f 1410/1525/1 2562/1527/1 4229/1536/1
f 1409/1537/1 4230/1538/1 3713/1539/1
f 1409/1537/1 4231/1540/1 4230/1538/1
f 526/1541/1 1678/1542/1 4232/1543/1
f 1407/1544/1 4233/1545/1 2559/1546/1
f 1407/1544/1 4234/1547/1 4233/1545/1
f 1408/1548/1 2560/1549/1 4235/1550/1
f 525/1522/1 4236/1551/1 1677/1523/1
f 525/1522/1 4237/1552/1 4236/1551/1
f 1407/1544/1 2559/1546/1 4238/1553/1
f 1406/1554/1 4239/1555/1 3710/1556/1
f 1406/1554/1 4240/1557/1 4239/1555/1
f 467/1558/1 1619/1559/1 4241/1560/1
f 1404/1561/1 4242/1562/1 2556/1563/1
f 1404/1561/1 4243/1564/1 4242/1562/1
f 1405/1565/1 2557/1566/1 4244/1567/1
f 743/1568/1 4245/1569/1 3047/1570/1
f 743/1568/1 4246/1571/1 4245/1569/1
f 1404/1561/1 2556/1563/1 4247/1572/1
f 1403/1573/1 4248/1574/1 3707/1575/1
f 1403/1573/1 4249/1576/1 4248/1574/1
f 528/1577/1 1680/1578/1 4250/1579/1
f 1401/1580/1 4251/1581/1 2553/1582/1
f 1401/1580/1 4252/1583/1 4251/1581/1
f 1402/1584/1 2554/1585/1 4253/1586/1
f 459/1587/1 4254/1588/1 1611/225/1
f 459/1587/1 4255/1589/1 4254/1588/1
f 1401/1580/1 2553/1582/1 4256/1590/1
f 1400/1591/1 4257/1592/1 3704/1593/1
f 1400/1591/1 4258/1594/1 4257/1592/1
f 529/1595/1 1681/1596/1 4259/1597/1
f 1398/1598/1 4260/1599/1 2550/1600/1
f 1398/1598/1 4261/1601/1 4260/1599/1
f 1399/1602/1 2551/1603/1 4262/1604/1
f 528/1577/1 4263/1605/1 1680/1578/1
f 528/1577/1 4264/1606/1 4263/1605/1
f 1398/1598/1 2550/1600/1 4265/1607/1
f 1397/1608/1 4266/1609/1 3701/1610/1
f 1397/1608/1 4267/1611/1 4266/1609/1
f 460/1612/1 1612/1613/1 4268/1614/1
f 1395/1615/1 4269/1616/1 2547/1617/1
f 1395/1615/1 4270/1618/1 4269/1616/1
f 1396/1619/1 2548/1620/1 4271/1621/1
f 746/1622/1 4272/1623/1 3050/1624/1
f 746/1622/1 4273/1625/1 4272/1623/1
f 1395/1615/1 2547/1617/1 4274/1626/1
f 1394/1627/1 4275/1628/1 3698/1629/1
f 1394/1627/1 4276/1630/1 4275/1628/1
f 531/1631/1 1683/1632/1 4277/1633/1
f 1392/1634/1 4278/1635/1 2544/1636/1
f 1392/1634/1 4279/1637/1 4278/1635/1
f 1393/1638/1 2545/1639/1 4280/1640/1
f 818/1641/1 4281/1642/1 3122/1643/1
f 818/1641/1 4282/1644/1 4281/1642/1
f 1392/1634/1 2544/1636/1 4283/1645/1
f 1391/1646/1 4284/1647/1 3695/1648/1
f 1391/1646/1 4285/1649/1 4284/1647/1
f 532/1650/1 1684/1651/1 4286/1652/1
f 1389/1653/1 4287/1654/1 2541/1655/1
f 1389/1653/1 4288/1656/1 4287/1654/1
f 1390/1657/1 2542/1658/1 4289/1659/1
f 531/1631/1 4290/1660/1 1683/1632/1
f 531/1631/1 4291/1661/1 4290/1660/1
f 1389/1653/1 2541/1655/1 4292/1662/1
f 1388/1663/1 4293/1664/1 3692/1665/1
f 1388/1663/1 4294/1666/1 4293/1664/1
f 388/1667/1 1540/1668/1 4295/1669/1
f 1386/1670/1 4296/1671/1 2538/1672/1
f 1386/1670/1 4297/1673/1 4296/1671/1
f 1387/1674/1 2539/1675/1 4298/1676/1
f 821/1677/1 4299/1678/1 3125/1679/1
f 821/1677/1 4300/1680/1 4299/1678/1
f 1386/1670/1 2538/1672/1 4301/1681/1
f 1385/1682/1 4302/1683/1 3689/1684/1
f 1385/1682/1 4303/1685/1 4302/1683/1
f 534/1686/1 1686/1687/1 4304/1688/1
f 1383/1689/1 4305/1690/1 2535/1691/1
f 1383/1689/1 4306/1692/1 4305/1690/1
f 1384/1693/1 2536/1694/1 4307/1695/1
f 456/1696/1 4308/1697/1 1608/1698/1
f 456/1696/1 4309/1699/1 4308/1697/1
f 1383/1689/1 2535/1691/1 4310/1700/1
f 1382/1701/1 4311/1702/1 3686/1703/1
f 1382/1701/1 4312/1704/1 4311/1702/1
f 535/1705/1 1687/1706/1 4313/1707/1
f 1380/1708/1 4314/1709/1 2532/1710/1
f 1380/1708/1 4315/1711/1 4314/1709/1
f 1381/1712/1 2533/1713/1 4316/1714/1
f 534/1686/1 4317/1715/1 1686/1687/1
f 534/1686/1 4318/1716/1 4317/1715/1
f 1380/1708/1 2532/1710/1 4319/1717/1
f 1379/1718/1 4320/1719/1 3683/1720/1
f 1379/1718/1 4321/1721/1 4320/1719/1
f 457/1722/1 1609/1723/1 4322/1724/1
f 1377/1725/1 4323/1726/1 2529/1727/1
f 1377/1725/1 4324/1728/1 4323/1726/1
f 1378/1729/1 2530/1730/1 4325/1731/1
f 824/1732/1 4326/1733/1 3128/1734/1
f 824/1732/1 4327/1735/1 4326/1733/1
f 1377/1725/1 2529/1727/1 4328/1736/1
f 1376/1737/1 4329/1738/1 3680/1739/1
f 1376/1737/1 4330/1740/1 4329/1738/1
f 537/1741/1 1689/1742/1 4331/1743/1
f 1374/1744/1 4332/1745/1 2526/1746/1
f 1374/1744/1 4333/1747/1 4332/1745/1
f 1375/1748/1 2527/1749/1 4334/1750/1
f 387/1751/1 4335/1752/1 1539/8/1
f 387/1751/1 4336/1753/1 4335/1752/1
f 1374/1744/1 2526/1746/1 4337/1754/1
f 1373/1755/1 4338/1756/1 3677/1757/1
f 1373/1755/1 4339/1758/1 4338/1756/1
f 538/1759/1 1690/1760/1 4340/1761/1
f 1371/1762/1 4341/1763/1 2523/1764/1
f 1371/1762/1 4342/1765/1 4341/1763/1
f 1372/1766/1 2524/1767/1 4343/1768/1
f 537/1741/1 4344/1769/1 1689/1742/1
f 537/1741/1 4345/1770/1 4344/1769/1
f 1371/1762/1 2523/1764/1 4346/1771/1
f 1370/1772/1 4347/1773/1 3674/1774/1
f 1370/1772/1 4348/1775/1 4347/1773/1
f 456/1696/1 1608/1698/1 4349/1776/1
f 1368/1777/1 4350/1778/1 2520/1779/1
f 1368/1777/1 4351/1780/1 4350/1778/1
f 1369/1781/1 2521/1782/1 4352/1783/1
f 827/1784/1 4353/1785/1 3131/1786/1
f 827/1784/1 4354/1787/1 4353/1785/1
f 1368/1777/1 2520/1779/1 4355/1788/1
f 1367/1789/1 4356/1790/1 3671/1791/1
f 1367/1789/1 4357/1792/1 4356/1790/1
f 540/1793/1 1692/1794/1 4358/1795/1
f 1365/1796/1 4359/1797/1 2517/1798/1
f 1365/1796/1 4360/1799/1 4359/1797/1
f 1366/1800/1 2518/1801/1 4361/1802/1
f 815/1803/1 4362/1804/1 3119/1805/1
f 815/1803/1 4363/1806/1 4362/1804/1
f 1365/1796/1 2517/1798/1 4364/1807/1
f 1364/1808/1 4365/1809/1 3668/1810/1
f 1364/1808/1 4366/1811/1 4365/1809/1
f 541/1812/1 1693/1813/1 4367/1814/1
f 1362/1815/1 4368/1816/1 2514/1817/1
f 1362/1815/1 4369/1818/1 4368/1816/1
f 1363/1819/1 2515/1820/1 4370/1821/1
f 540/1793/1 4371/1822/1 1692/1794/1
f 540/1793/1 4372/1823/1 4371/1822/1
f 1362/1815/1 2514/1817/1 4373/1824/1
f 1361/1825/1 4374/1826/1 3665/1827/1
f 1361/1825/1 4375/1828/1 4374/1826/1
f 395/1829/1 1547/1830/1 4376/1831/1
f 1359/1832/1 4377/1833/1 2511/1834/1
f 1359/1832/1 4378/1835/1 4377/1833/1
f 1360/1836/1 2512/1837/1 4379/1838/1
f 830/1839/1 4380/1840/1 3134/1841/1
f 830/1839/1 4381/1842/1 4380/1840/1
f 1359/1832/1 2511/1834/1 4382/1843/1
f 1358/1844/1 4383/1845/1 3662/1846/1
f 1358/1844/1 4384/1847/1 4383/1845/1
f 543/1848/1 1695/1849/1 4385/1850/1
f 1356/1851/1 4386/1852/1 2508/1853/1
f 1356/1851/1 4387/1854/1 4386/1852/1
f 1357/1855/1 2509/1856/1 4388/1857/1
f 453/1858/1 4389/1859/1 1605/1860/1
f 453/1858/1 4390/1861/1 4389/1859/1
f 1356/1851/1 2508/1853/1 4391/1862/1
f 1355/1863/1 4392/1864/1 3659/1865/1
f 1355/1863/1 4393/1866/1 4392/1864/1
f 544/1867/1 1696/1868/1 4394/1869/1
f 1353/1870/1 4395/1871/1 2505/1872/1
f 1353/1870/1 4396/1873/1 4395/1871/1
f 1354/1874/1 2506/1875/1 4397/1876/1
f 543/1848/1 4398/1877/1 1695/1849/1
f 543/1848/1 4399/1878/1 4398/1877/1
f 1353/1870/1 2505/1872/1 4400/1879/1
f 1352/1880/1 4401/1881/1 3656/1882/1
f 1352/1880/1 4402/1883/1 4401/1881/1
f 454/1884/1 1606/1885/1 4403/1886/1
f 1350/1887/1 4404/1888/1 2502/1889/1
f 1350/1887/1 4405/1890/1 4404/1888/1
f 1351/1891/1 2503/1892/1 4406/1893/1
f 833/1894/1 4407/1895/1 3137/1896/1
f 833/1894/1 4408/1897/1 4407/1895/1
f 1350/1887/1 2502/1889/1 4409/1898/1
f 1349/1899/1 4410/1900/1 3653/1901/1
f 1349/1899/1 4411/1902/1 4410/1900/1
f 546/1903/1 1698/1904/1 4412/1905/1
f 1347/1906/1 4413/1907/1 2499/1908/1
f 1347/1906/1 4414/1909/1 4413/1907/1
f 1348/1910/1 2500/1911/1 4415/1912/1
f 389/1913/1 4416/1914/1 1541/1915/1
f 389/1913/1 4417/1916/1 4416/1914/1
f 1347/1906/1 2499/1908/1 4418/1917/1
f 1346/1918/1 4419/1919/1 3650/1920/1
f 1346/1918/1 4420/1921/1 4419/1919/1
f 547/1922/1 1699/1923/1 4421/1924/1
f 1344/1925/1 4422/1926/1 2496/1927/1
f 1344/1925/1 4423/1928/1 4422/1926/1
f 1345/1929/1 2497/1930/1 4424/1931/1
f 546/1903/1 4425/1932/1 1698/1904/1
f 546/1903/1 4426/1933/1 4425/1932/1
f 1344/1925/1 2496/1927/1 4427/1934/1
f 1343/1935/1 4428/1936/1 3647/1937/1
f 1343/1935/1 4429/1938/1 4428/1936/1
f 453/1858/1 1605/1860/1 4430/1939/1
f 1341/1940/1 4431/1941/1 2493/1942/1
f 1341/1940/1 4432/1943/1 4431/1941/1
f 1342/1944/1 2494/1945/1 4433/1946/1
f 836/1947/1 4434/1948/1 3140/1949/1
f 836/1947/1 4435/1950/1 4434/1948/1
f 1341/1940/1 2493/1942/1 4436/1951/1
f 1340/1952/2 4437/1953/2 3644/1954/2
f 1340/1952/2 4438/1955/2 4437/1953/2
f 549/1956/2 1701/1957/2 4439/1958/2
f 1338/1959/2 4440/1960/2 2490/1961/2
f 1338/1959/2 4441/1962/2 4440/1960/2
f 1339/1963/2 2491/1964/2 4442/1965/2
f 812/1966/2 4443/1967/2 3116/1968/2
f 812/1966/2 4444/1969/2 4443/1967/2
f 1338/1959/2 2490/1961/2 4445/1970/2
f 1337/1971/2 4446/1972/2 3641/1973/2
f 1337/1971/2 4447/1974/2 4446/1972/2
f 550/1975/2 1702/1976/2 4448/1977/2
f 1335/1978/2 4449/1979/2 2487/1980/2
f 1335/1978/2 4450/1981/2 4449/1979/2
f 1336/1982/2 2488/1983/2 4451/1984/2
f 549/1956/2 4452/1985/2 1701/1957/2
f 549/1956/2 4453/1986/2 4452/1985/2
f 1335/1978/2 2487/1980/2 4454/1987/2
f 1334/1988/2 4455/1989/2 3638/1990/2
f 1334/1988/2 4456/1991/2 4455/1989/2
f 768/1992/2 3072/1993/3 4457/1994/2
f 1332/1995/2 4458/1996/2 2484/1997/2
f 1332/1995/2 4459/1998/2 4458/1996/2
f 1333/1999/2 2485/2000/2 4460/2001/2
f 839/2002/2 4461/2003/2 3143/2004/2
f 839/2002/2 4462/2005/2 4461/2003/2
f 1332/1995/2 2484/1997/2 4463/2006/2
f 1331/2007/2 4464/2008/2 3635/2009/2
f 1331/2007/2 4465/2010/2 4464/2008/2
f 552/2011/2 1704/2012/2 4466/2013/2
f 1329/2014/2 4467/2015/2 2481/2016/2
f 1329/2014/2 4468/2017/2 4467/2015/2
f 1330/2018/2 2482/2019/2 4469/2020/2
f 450/2021/2 4470/2022/2 1602/2023/2
f 450/2021/2 4471/2024/2 4470/2022/2
f 1329/2014/2 2481/2016/2 4472/2025/2
f 1328/2026/2 4473/2027/2 3632/2028/2
f 1328/2026/2 4474/2029/2 4473/2027/2
f 553/2030/2 1705/2031/2 4475/2032/2
f 1326/2033/2 4476/2034/2 2478/2035/2
f 1326/2033/2 4477/2036/2 4476/2034/2
f 1327/2037/2 2479/2038/2 4478/2039/2
f 552/2011/2 4479/2040/2 1704/2012/2
f 552/2011/2 4480/2041/2 4479/2040/2
f 1326/2033/2 2478/2035/2 4481/2042/2
f 1325/2043/2 4482/2044/2 3629/2045/2
f 1325/2043/2 4483/2046/2 4482/2044/2
f 451/2047/2 1603/2048/2 4484/2049/2
f 1323/2050/2 4485/2051/2 2475/2052/2
f 1323/2050/2 4486/2053/2 4485/2051/2
f 1324/2054/2 2476/2055/2 4487/2056/2
f 842/2057/2 4488/2058/2 3146/2059/2
f 842/2057/2 4489/2060/2 4488/2058/2
f 1323/2050/2 2475/2052/2 4490/2061/2
f 1322/2062/2 4491/2063/2 3626/2064/2
f 1322/2062/2 4492/2065/2 4491/2063/2
f 555/2066/2 1707/2067/2 4493/2068/2
f 1320/2069/2 4494/2070/2 2472/2071/2
f 1320/2069/2 4495/2072/2 4494/2070/2
f 1321/2073/2 2473/2074/2 4496/2075/2
f 391/2076/3 4497/2077/2 1543/3/3
f 391/2076/3 4498/2078/2 4497/2077/2
f 1320/2069/2 2472/2071/2 4499/2079/2
f 1319/2080/2 4500/2081/2 3623/2082/2
f 1319/2080/2 4501/2083/2 4500/2081/2
f 556/2084/2 1708/2085/2 4502/2086/2
f 1317/2087/2 4503/2088/2 2469/2089/2
f 1317/2087/2 4504/2090/2 4503/2088/2
f 1318/2091/2 2470/2092/2 4505/2093/2
f 555/2066/2 4506/2094/2 1707/2067/2
f 555/2066/2 4507/2095/2 4506/2094/2
f 1317/2087/2 2469/2089/2 4508/2096/2
f 1316/2097/2 4509/2098/2 3620/2099/2
f 1316/2097/2 4510/2100/2 4509/2098/2
f 450/2021/2 1602/2023/2 4511/2101/2
f 1314/2102/2 4512/2103/2 2466/2104/2
f 1314/2102/2 4513/2105/2 4512/2103/2
f 1315/2106/2 2467/2107/2 4514/2108/2
f 845/2109/2 4515/2110/2 3149/2111/2
f 845/2109/2 4516/2112/2 4515/2110/2
f 1314/2102/2 2466/2104/2 4517/2113/2
f 1313/2114/2 4518/2115/2 3617/2116/2
f 1313/2114/2 4519/2117/2 4518/2115/2
f 558/2118/2 1710/2119/3 4520/2120/3
f 1311/2121/2 4521/2122/2 2463/2123/3
f 1311/2121/2 4522/2124/2 4521/2122/2
f 1312/2125/2 2464/2126/2 4523/2127/2
f 809/2128/2 4524/2129/3 3113/2130/3
f 809/2128/2 4525/2131/2 4524/2129/3
f 1311/2121/2 2463/2123/3 4526/2132/2
f 1310/2133/2 4527/2134/2 3614/2135/2
f 1310/2133/2 4528/2136/3 4527/2134/2
f 559/2137/3 1711/2138/2 4529/2139/2
f 1308/2140/2 4530/2141/2 2460/2142/2
f 1308/2140/2 4531/2143/2 4530/2141/2
f 1309/2144/2 2461/2145/2 4532/2146/2
f 558/2118/2 4533/2147/2 1710/2119/3
f 558/2118/2 4534/2148/2 4533/2147/2
f 1308/2140/2 2460/2142/2 4535/2149/2
f 1307/2150/2 4536/2151/2 3611/2152/2
f 1307/2150/2 4537/2153/2 4536/2151/2
f 775/2154/2 3079/2155/2 4538/2156/2
f 1305/2157/2 4539/2158/2 2457/2159/2
f 1305/2157/2 4540/2160/2 4539/2158/2
f 1306/2161/2 2458/2162/2 4541/2163/2
f 848/2164/2 4542/2165/2 3152/2166/2
f 848/2164/2 4543/2167/2 4542/2165/2
f 1305/2157/2 2457/2159/2 4544/2168/3
f 1304/2169/2 4545/2170/2 3608/2171/2
f 1304/2169/2 4546/2172/2 4545/2170/2
f 561/2173/2 1713/2174/2 4547/2175/2
f 1302/2176/2 4548/2177/2 2454/2178/2
f 1302/2176/2 4549/2179/2 4548/2177/2
f 1303/2180/2 2455/2181/3 4550/2182/11
f 447/2183/2 4551/2184/2 1599/2185/3
f 447/2183/2 4552/2186/2 4551/2184/2
f 1302/2176/2 2454/2178/2 4553/2187/2
f 1301/2188/11 4554/2189/11 3605/2190/2
f 1301/2188/11 4555/2191/2 4554/2189/11
f 562/2192/2 1714/2193/2 4556/2194/2
f 1299/2195/3 4557/2196/2 2451/2197/3
f 1299/2195/3 4558/2198/2 4557/2196/2
f 1300/2199/11 2452/2200/2 4559/2201/11
f 561/2173/2 4560/2202/2 1713/2174/2
f 561/2173/2 4561/2203/11 4560/2202/2
f 1299/2195/3 2451/2197/3 4562/2204/11
f 1298/2205/3 4563/2206/2 3602/2207/2
f 1298/2205/3 4564/2208/2 4563/2206/2
f 448/2209/2 1600/2210/2 4565/2211/2
f 1296/2212/3 4566/2213/3 2448/2214/2
f 1296/2212/3 4567/2215/11 4566/2213/3
f 1297/2216/3 2449/2217/2 4568/2218/11
f 851/2219/2 4569/2220/2 3155/2221/2
f 851/2219/2 4570/2222/2 4569/2220/2
f 1296/2212/3 2448/2214/2 4571/2223/2
f 1295/2224/2 4572/2225/2 3599/2226/2
f 1295/2224/2 4573/2227/2 4572/2225/2
f 564/2228/2 1716/2229/2 4574/2230/3
f 1293/2231/2 4575/2232/2 2445/2233/2
f 1293/2231/2 4576/2234/2 4575/2232/2
f 1294/2235/2 2446/2236/2 4577/2237/2
f 777/2238/2 4578/2239/2 3081/2240/2
f 777/2238/2 4579/2241/2 4578/2239/2
f 1293/2231/2 2445/2233/2 4580/2242/2
f 1292/2243/2 4581/2244/2 3596/2245/2
f 1292/2243/2 4582/2246/2 4581/2244/2
f 565/2247/2 1717/2248/2 4583/2249/2
f 1290/2250/2 4584/2251/2 2442/2252/2
f 1290/2250/2 4585/2253/2 4584/2251/2
f 1291/2254/2 2443/2255/2 4586/2256/2
f 564/2228/2 4587/2257/2 1716/2229/2
f 564/2228/2 4588/2258/2 4587/2257/2
f 1290/2250/2 2442/2252/2 4589/2259/2
f 1289/2260/2 4590/2261/2 3593/2262/3
f 1289/2260/2 4591/2263/2 4590/2261/2
f 447/2183/2 1599/2185/3 4592/2264/3
f 1287/2265/2 4593/2266/2 2439/2267/2
f 1287/2265/2 4594/2268/2 4593/2266/2
f 1288/2269/2 2440/2270/2 4595/2271/2
f 854/2272/2 4596/2273/3 3158/2274/2
f 854/2272/2 4597/2275/2 4596/2273/3
f 1287/2265/2 2439/2267/2 4598/2276/2
f 1286/2277/4 4599/2278/4 3590/2279/4
f 1286/2277/4 4600/2280/4 4599/2278/4
f 567/2281/4 1719/2282/4 4601/2283/4
f 1284/2284/4 4602/2285/4 2436/2286/4
f 1284/2284/4 4603/2287/4 4602/2285/4
f 1285/2288/4 2437/2289/4 4604/2290/4
f 806/2291/4 4605/2292/4 3110/2293/4
f 806/2291/4 4606/2294/4 4605/2292/4
f 1284/2284/4 2436/2286/4 4607/2295/4
f 1283/2296/4 4608/2297/4 3587/2298/4
f 1283/2296/4 4609/2299/4 4608/2297/4
f 568/2300/4 1720/2301/4 4610/2302/4
f 1281/2303/4 4611/2304/4 2433/2305/4
f 1281/2303/4 4612/2306/4 4611/2304/4
f 1282/2307/4 2434/2308/4 4613/2309/4
f 567/2281/4 4614/2310/4 1719/2282/4
f 567/2281/4 4615/2311/4 4614/2310/4
f 1281/2303/4 2433/2305/4 4616/2312/4
f 1280/2313/4 4617/2314/4 3584/2315/4
f 1280/2313/4 4618/2316/4 4617/2314/4
f 780/1992/4 3084/1993/4 4619/2317/4
f 1278/2318/4 4620/2319/4 2430/2320/4
f 1278/2318/4 4621/2321/4 4620/2319/4
f 1279/2322/4 2431/2323/4 4622/2324/4
f 857/2325/4 4623/2326/4 3161/2327/4
f 857/2325/4 4624/2328/4 4623/2326/4
f 1278/2318/4 2430/2320/4 4625/2329/4
f 1277/2330/4 4626/2331/4 3581/2332/4
f 1277/2330/4 4627/2333/4 4626/2331/4
f 570/2334/4 1722/2335/4 4628/2336/4
f 1275/2337/4 4629/2338/4 2427/2339/4
f 1275/2337/4 4630/2340/4 4629/2338/4
f 1276/2341/4 2428/2342/4 4631/2343/4
f 444/2344/4 4632/2345/4 1596/2346/4
f 444/2344/4 4633/2347/4 4632/2345/4
f 1275/2337/4 2427/2339/4 4634/2348/4
f 1274/2349/4 4635/2350/4 3578/2351/4
f 1274/2349/4 4636/2352/4 4635/2350/4
f 571/2353/4 1723/2354/4 4637/2355/4
f 1272/2356/4 4638/2357/4 2424/2358/4
f 1272/2356/4 4639/2359/4 4638/2357/4
f 1273/2360/4 2425/2361/4 4640/2362/4
f 570/2334/4 4641/2363/4 1722/2335/4
f 570/2334/4 4642/2364/4 4641/2363/4
f 1272/2356/4 2424/2358/4 4643/2365/4
f 1271/2366/4 4644/2367/4 3575/2368/4
f 1271/2366/4 4645/2369/4 4644/2367/4
f 445/2370/4 1597/2371/4 4646/2372/4
f 1269/2373/4 4647/2374/4 2421/2375/4
f 1269/2373/4 4648/2376/4 4647/2374/4
f 1270/2377/4 2422/2378/4 4649/2379/4
f 860/2380/4 4650/2381/4 3164/2382/4
f 860/2380/4 4651/2383/4 4650/2381/4
f 1269/2373/4 2421/2375/4 4652/2384/4
f 1268/2385/4 4653/2386/4 3572/2387/4
f 1268/2385/4 4654/2388/4 4653/2386/4
f 573/2389/4 1725/2390/4 4655/2391/4
f 1266/2392/4 4656/2393/4 2418/2394/4
f 1266/2392/4 4657/2395/4 4656/2393/4
f 1267/2396/4 2419/2397/4 4658/2398/4
f 770/2399/4 4659/2400/4 3074/2401/4
f 770/2399/4 4660/2402/4 4659/2400/4
f 1266/2392/4 2418/2394/4 4661/2403/4
f 1265/2404/4 4662/2405/4 3569/2406/4
f 1265/2404/4 4663/2407/4 4662/2405/4
f 574/2408/4 1726/2409/4 4664/2410/4
f 1263/2411/4 4665/2412/4 2415/2413/4
f 1263/2411/4 4666/2414/4 4665/2412/4
f 1264/2415/4 2416/2416/4 4667/2417/4
f 573/2389/4 4668/2418/4 1725/2390/4
f 573/2389/4 4669/2419/4 4668/2418/4
f 1263/2411/4 2415/2413/4 4670/2420/4
f 1262/2421/4 4671/2422/4 3566/2423/4
f 1262/2421/4 4672/2424/4 4671/2422/4
f 444/2344/4 1596/2346/4 4673/2425/4
f 1260/2426/4 4674/2427/4 2412/2428/4
f 1260/2426/4 4675/2429/4 4674/2427/4
f 1261/2430/4 2413/2431/4 4676/2432/4
f 863/2433/4 4677/2434/4 3167/2435/4
f 863/2433/4 4678/2436/4 4677/2434/4
f 1260/2426/4 2412/2428/4 4679/2437/4
f 1259/2438/4 4680/2439/4 3563/2440/4
f 1259/2438/4 4681/2441/4 4680/2439/4
f 576/2442/4 1728/2443/4 4682/2444/4
f 1257/2445/4 4683/2446/4 2409/2447/4
f 1257/2445/4 4684/2448/4 4683/2446/4
f 1258/2449/4 2410/2450/4 4685/2451/4
f 803/2452/4 4686/2453/4 3107/2454/4
f 803/2452/4 4687/2455/4 4686/2453/4
f 1257/2445/4 2409/2447/4 4688/2456/4
f 1256/2457/4 4689/2458/4 3560/2459/4
f 1256/2457/4 4690/2460/4 4689/2458/4
f 577/2461/4 1729/2462/4 4691/2463/4
f 1254/2464/4 4692/2465/4 2406/2466/4
f 1254/2464/4 4693/2467/4 4692/2465/4
f 1255/2468/4 2407/2469/4 4694/2470/4
f 576/2442/4 4695/2471/4 1728/2443/4
f 576/2442/4 4696/2472/4 4695/2471/4
f 1254/2464/4 2406/2466/4 4697/2473/4
f 1253/2474/4 4698/2475/4 3557/2476/4
f 1253/2474/4 4699/2477/4 4698/2475/4
f 778/2478/4 3082/2479/4 4700/2480/4
f 1251/2481/4 4701/2482/4 2403/2483/4
f 1251/2481/4 4702/2484/4 4701/2482/4
f 1252/2485/4 2404/2486/4 4703/2487/4
f 866/2488/4 4704/2489/4 3170/2490/4
f 866/2488/4 4705/2491/4 4704/2489/4
f 1251/2481/4 2403/2483/4 4706/2492/4
f 1250/2493/4 4707/2494/4 3554/2495/4
f 1250/2493/4 4708/2496/4 4707/2494/4
f 579/2497/4 1731/2498/4 4709/2499/4
f 1248/2500/4 4710/2501/4 2400/2502/4
f 1248/2500/4 4711/2503/4 4710/2501/4
f 1249/2504/4 2401/2505/4 4712/2506/4
f 441/2507/4 4713/2508/4 1593/2509/4
f 441/2507/4 4714/2510/4 4713/2508/4
f 1248/2500/4 2400/2502/4 4715/2511/4
f 1247/2512/4 4716/2513/4 3551/2514/4
f 1247/2512/4 4717/2515/4 4716/2513/4
f 580/2516/4 1732/2517/4 4718/2518/4
f 1245/2519/4 4719/2520/4 2397/2521/4
f 1245/2519/4 4720/2522/4 4719/2520/4
f 1246/2523/4 2398/2524/4 4721/2525/4
f 579/2497/4 4722/2526/4 1731/2498/4
f 579/2497/4 4723/2527/4 4722/2526/4
f 1245/2519/4 2397/2521/4 4724/2528/4
f 1244/2529/4 4725/2530/4 3548/2531/4
f 1244/2529/4 4726/2532/4 4725/2530/4
f 442/2533/4 1594/2534/4 4727/2535/4
f 1242/2536/4 4728/2537/4 2394/2538/4
f 1242/2536/4 4729/2539/4 4728/2537/4
f 1243/2540/4 2395/2541/4 4730/2542/4
f 869/2543/4 4731/2544/4 3173/2545/4
f 869/2543/4 4732/2546/4 4731/2544/4
f 1242/2536/4 2394/2538/4 4733/2547/4
f 1241/2548/4 4734/2549/4 3545/2550/4
f 1241/2548/4 4735/2551/4 4734/2549/4
f 582/2552/4 1734/2553/4 4736/2554/4
f 1239/2555/4 4737/2556/4 2391/2557/4
f 1239/2555/4 4738/2558/4 4737/2556/4
f 1240/2559/4 2392/2560/4 4739/2561/4
f 768/2562/4 4740/2563/4 3072/2564/4
f 768/2562/4 4741/2565/4 4740/2563/4
f 1239/2555/4 2391/2557/4 4742/2566/4
f 1238/2567/4 4743/2568/4 3542/2569/4
f 1238/2567/4 4744/2570/4 4743/2568/4
f 583/2571/4 1735/2572/4 4745/2573/4
f 1236/2574/4 4746/2575/4 2388/2576/4
f 1236/2574/4 4747/2577/4 4746/2575/4
f 1237/2578/4 2389/2579/4 4748/2580/4
f 582/2552/4 4749/2581/4 1734/2553/4
f 582/2552/4 4750/2582/4 4749/2581/4
f 1236/2574/4 2388/2576/4 4751/2583/4
f 1235/2584/4 4752/2585/4 3539/2586/4
f 1235/2584/4 4753/2587/4 4752/2585/4
f 441/2507/4 1593/2509/4 4754/2588/4
f 1233/2589/4 4755/2590/4 2385/2591/4
f 1233/2589/4 4756/2592/4 4755/2590/4
f 1234/2593/4 2386/2594/4 4757/2595/4
f 872/2596/4 4758/2597/4 3176/2598/4
f 872/2596/4 4759/2599/4 4758/2597/4
f 1233/2589/4 2385/2591/4 4760/2600/4
f 1232/1952/5 4761/1953/5 3536/1954/5
f 1232/1952/5 4762/1955/5 4761/1953/5
f 585/1956/5 1737/1957/5 4763/1958/5
f 1230/1959/5 4764/1960/5 2382/1961/5
f 1230/1959/5 4765/1962/5 4764/1960/5
f 1231/1963/5 2383/1964/5 4766/1965/5
f 800/1966/5 4767/1967/5 3104/1968/5
f 800/1966/5 4768/1969/5 4767/1967/5
f 1230/1959/5 2382/1961/5 4769/1970/5
f 1229/1971/5 4770/1972/5 3533/1973/5
f 1229/1971/5 4771/1974/5 4770/1972/5
f 586/1975/5 1738/1976/5 4772/1977/5
f 1227/1978/5 4773/1979/5 2379/1980/5
f 1227/1978/5 4774/1981/5 4773/1979/5
f 1228/1982/5 2380/1983/5 4775/1984/5
f 585/1956/5 4776/1985/5 1737/1957/5
f 585/1956/5 4777/1986/5 4776/1985/5
f 1227/1978/5 2379/1980/5 4778/1987/5
f 1226/1988/5 4779/1989/5 3530/1990/5
f 1226/1988/5 4780/1991/5 4779/1989/5
f 782/1992/5 3086/1993/6 4781/1994/5
f 1224/1995/5 4782/1996/5 2376/1997/5
f 1224/1995/5 4783/1998/5 4782/1996/5
f 1225/1999/5 2377/2000/5 4784/2001/5
f 875/2002/5 4785/2003/5 3179/2004/5
f 875/2002/5 4786/2005/5 4785/2003/5
f 1224/1995/5 2376/1997/5 4787/2006/5
f 1223/2007/5 4788/2008/5 3527/2009/5
f 1223/2007/5 4789/2010/5 4788/2008/5
f 588/2011/5 1740/2012/5 4790/2013/5
f 1221/2014/5 4791/2015/5 2373/2016/5
f 1221/2014/5 4792/2017/5 4791/2015/5
f 1222/2018/5 2374/2019/5 4793/2020/5
f 438/2021/5 4794/2022/7 1590/2023/5
f 438/2021/5 4795/2024/7 4794/2022/7
f 1221/2014/5 2373/2016/5 4796/2025/5
f 1220/2026/5 4797/2027/5 3524/2028/5
f 1220/2026/5 4798/2029/5 4797/2027/5
f 589/2030/5 1741/2031/5 4799/2032/5
f 1218/2033/5 4800/2034/5 2370/2035/5
f 1218/2033/5 4801/2036/5 4800/2034/5
f 1219/2037/5 2371/2038/5 4802/2039/5
f 588/2011/5 4803/2040/5 1740/2012/5
f 588/2011/5 4804/2041/5 4803/2040/5
f 1218/2033/5 2370/2035/5 4805/2042/5
f 1217/2043/5 4806/2044/5 3521/2045/5
f 1217/2043/5 4807/2046/5 4806/2044/5
f 439/2047/5 1591/2048/5 4808/2049/5
f 1215/2050/5 4809/2051/5 2367/2052/5
f 1215/2050/5 4810/2053/5 4809/2051/5
f 1216/2054/5 2368/2055/5 4811/2056/5
f 878/2057/5 4812/2058/5 3182/2059/5
f 878/2057/5 4813/2060/5 4812/2058/5
f 1215/2050/5 2367/2052/5 4814/2061/5
f 1214/2062/5 4815/2063/7 3518/2064/5
f 1214/2062/5 4816/2065/5 4815/2063/7
f 591/2066/5 1743/2067/5 4817/2068/5
f 1212/2069/5 4818/2070/5 2364/2071/5
f 1212/2069/5 4819/2072/5 4818/2070/5
f 1213/2073/5 2365/2074/5 4820/2075/5
f 771/2076/6 4821/2077/5 3075/3/6
f 771/2076/6 4822/2078/5 4821/2077/5
f 1212/2069/5 2364/2071/5 4823/2079/5
f 1211/2080/5 4824/2081/5 3515/2082/5
f 1211/2080/5 4825/2083/5 4824/2081/5
f 592/2084/5 1744/2085/5 4826/2086/5
f 1209/2087/5 4827/2088/5 2361/2089/5
f 1209/2087/5 4828/2090/5 4827/2088/5
f 1210/2091/5 2362/2092/5 4829/2093/5
f 591/2066/5 4830/2094/5 1743/2067/5
f 591/2066/5 4831/2095/5 4830/2094/5
f 1209/2087/5 2361/2089/5 4832/2096/5
f 1208/2097/5 4833/2098/5 3512/2099/5
f 1208/2097/5 4834/2100/5 4833/2098/5
f 438/2021/5 1590/2023/5 4835/2101/5
f 1206/2102/5 4836/2103/5 2358/2104/5
f 1206/2102/5 4837/2105/5 4836/2103/5
f 1207/2106/5 2359/2107/5 4838/2108/5
f 881/2109/5 4839/2110/5 3185/2111/5
f 881/2109/5 4840/2112/5 4839/2110/5
f 1206/2102/5 2358/2104/5 4841/2113/5
f 1205/2114/7 4842/2115/5 3509/2116/5
f 1205/2114/7 4843/2117/5 4842/2115/5
f 594/2118/5 1746/2119/5 4844/2120/5
f 1203/2121/5 4845/2122/5 2355/2123/7
f 1203/2121/5 4846/2124/7 4845/2122/5
f 1204/2125/7 2356/2126/5 4847/2127/5
f 797/2128/5 4848/2129/5 3101/2130/5
f 797/2128/5 4849/2131/5 4848/2129/5
f 1203/2121/5 2355/2123/7 4850/2132/5
f 1202/2133/5 4851/2134/7 3506/2135/5
f 1202/2133/5 4852/2136/5 4851/2134/7
f 595/2137/7 1747/2138/5 4853/2139/7
f 1200/2140/5 4854/2141/7 2352/2142/5
f 1200/2140/5 4855/2143/7 4854/2141/7
f 1201/2144/7 2353/2145/7 4856/2146/7
f 594/2118/5 4857/2147/5 1746/2119/5
f 594/2118/5 4858/2148/5 4857/2147/5
f 1200/2140/5 2352/2142/5 4859/2149/5
f 1199/2150/5 4860/2151/5 3503/2152/5
f 1199/2150/5 4861/2153/5 4860/2151/5
f 781/2154/5 3085/2155/7 4862/2156/5
f 1197/2157/5 4863/2158/5 2349/2159/7
f 1197/2157/5 4864/2160/5 4863/2158/5
f 1198/2161/5 2350/2162/5 4865/2163/5
f 884/2164/5 4866/2165/5 3188/2166/5
f 884/2164/5 4867/2167/5 4866/2165/5
f 1197/2157/5 2349/2159/7 4868/2168/5
f 1196/2169/5 4869/2170/5 3500/2171/5
f 1196/2169/5 4870/2172/7 4869/2170/5
f 597/2173/7 1749/2174/5 4871/2175/5
f 1194/2176/5 4872/2177/5 2346/2178/5
f 1194/2176/5 4873/2179/7 4872/2177/5
f 1195/2180/7 2347/2181/5 4874/2182/5
f 435/2183/5 4875/2184/5 1587/2185/7
f 435/2183/5 4876/2186/5 4875/2184/5
f 1194/2176/5 2346/2178/5 4877/2187/5
f 1193/2188/7 4878/2189/5 3497/2190/5
f 1193/2188/7 4879/2191/7 4878/2189/5
f 598/2192/7 1750/2193/7 4880/2194/5
f 1191/2195/7 4881/2196/7 2343/2197/5
f 1191/2195/7 4882/2198/7 4881/2196/7
f 1192/2199/5 2344/2200/5 4883/2201/7
f 597/2173/7 4884/2202/7 1749/2174/5
f 597/2173/7 4885/2203/7 4884/2202/7
f 1191/2195/7 2343/2197/5 4886/2204/5
f 1190/2205/5 4887/2206/5 3494/2207/5
f 1190/2205/5 4888/2208/5 4887/2206/5
f 436/2209/7 1588/2210/5 4889/2211/7
f 1188/2212/7 4890/2213/5 2340/2214/5
f 1188/2212/7 4891/2215/7 4890/2213/5
f 1189/2216/7 2341/2217/5 4892/2218/7
f 887/2219/5 4893/2220/5 3191/2221/5
f 887/2219/5 4894/2222/7 4893/2220/5
f 1188/2212/7 2340/2214/5 4895/2223/5
f 1187/2224/5 4896/2225/5 3491/2226/5
f 1187/2224/5 4897/2227/5 4896/2225/5
f 600/2228/7 1752/2229/7 4898/2230/5
f 1185/2231/7 4899/2232/5 2337/2233/7
f 1185/2231/7 4900/2234/7 4899/2232/5
f 1186/2235/5 2338/2236/5 4901/2237/5
f 780/2238/5 4902/2239/5 3084/2240/5
f 780/2238/5 4903/2241/5 4902/2239/5
f 1185/2231/7 2337/2233/7 4904/2242/5
f 1184/2243/5 4905/2244/5 3488/2245/5
f 1184/2243/5 4906/2246/7 4905/2244/5
f 601/2247/7 1753/2248/5 4907/2249/7
f 1182/2250/5 4908/2251/5 2334/2252/5
f 1182/2250/5 4909/2253/7 4908/2251/5
f 1183/2254/7 2335/2255/7 4910/2256/7
f 600/2228/7 4911/2257/5 1752/2229/7
f 600/2228/7 4912/2258/5 4911/2257/5
f 1182/2250/5 2334/2252/5 4913/2259/5
f 1181/2260/7 4914/2261/5 3485/2262/7
f 1181/2260/7 4915/2263/5 4914/2261/5
f 435/2183/5 1587/2185/7 4916/2264/5
f 1179/2265/5 4917/2266/5 2331/2267/5
f 1179/2265/5 4918/2268/5 4917/2266/5
f 1180/2269/5 2332/2270/7 4919/2271/7
f 890/2272/7 4920/2273/5 3194/2274/7
f 890/2272/7 4921/2275/5 4920/2273/5
f 1179/2265/5 2331/2267/5 4922/2276/5
f 1178/2277/9 4923/2278/9 3482/2279/9
f 1178/2277/9 4924/2280/9 4923/2278/9
f 603/2281/8 1755/2282/9 4925/2283/8
f 1176/2284/8 4926/2285/9 2328/2286/9
f 1176/2284/8 4927/2287/8 4926/2285/9
f 1177/2288/8 2329/2289/9 4928/2290/9
f 794/2291/9 4929/2292/9 3098/2293/9
f 794/2291/9 4930/2294/9 4929/2292/9
f 1176/2284/8 2328/2286/9 4931/2295/8
f 1175/2296/8 4932/2297/9 3479/2298/9
f 1175/2296/8 4933/2299/8 4932/2297/9
f 604/2300/8 1756/2301/9 4934/2302/9
f 1173/2303/8 4935/2304/8 2325/2305/9
f 1173/2303/8 4936/2306/9 4935/2304/8
f 1174/2307/9 2326/2308/9 4937/2309/9
f 603/2281/8 4938/2310/9 1755/2282/9
f 603/2281/8 4939/2311/8 4938/2310/9
f 1173/2303/8 2325/2305/9 4940/2312/9
f 1172/2313/9 4941/2314/9 3476/2315/9
f 1172/2313/9 4942/2316/9 4941/2314/9
f 777/1992/8 3081/1993/9 4943/2317/8
f 1170/2318/8 4944/2319/9 2322/2320/9
f 1170/2318/8 4945/2321/8 4944/2319/9
f 1171/2322/8 2323/2323/9 4946/2324/9
f 893/2325/9 4947/2326/9 3197/2327/9
f 893/2325/9 4948/2328/9 4947/2326/9
f 1170/2318/8 2322/2320/9 4949/2329/8
f 1169/2330/8 4950/2331/9 3473/2332/9
f 1169/2330/8 4951/2333/8 4950/2331/9
f 606/2334/8 1758/2335/9 4952/2336/9
f 1167/2337/8 4953/2338/8 2319/2339/9
f 1167/2337/8 4954/2340/9 4953/2338/8
f 1168/2341/9 2320/2342/9 4955/2343/9
f 432/2344/8 4956/2345/9 1584/2346/9
f 432/2344/8 4957/2347/8 4956/2345/9
f 1167/2337/8 2319/2339/9 4958/2348/9
f 1166/2349/8 4959/2350/8 3470/2351/9
f 1166/2349/8 4960/2352/9 4959/2350/8
f 607/2353/9 1759/2354/9 4961/2355/9
f 1164/2356/9 4962/2357/9 2316/2358/9
f 1164/2356/9 4963/2359/9 4962/2357/9
f 1165/2360/8 2317/2361/9 4964/2362/8
f 606/2334/8 4965/2363/8 1758/2335/9
f 606/2334/8 4966/2364/9 4965/2363/8
f 1164/2356/9 2316/2358/9 4967/2365/9
f 1163/2366/8 4968/2367/9 3467/2368/9
f 1163/2366/8 4969/2369/8 4968/2367/9
f 433/2370/8 1585/2371/9 4970/2372/9
f 1161/2373/8 4971/2374/8 2313/2375/9
f 1161/2373/8 4972/2376/9 4971/2374/8
f 1162/2377/9 2314/2378/9 4973/2379/9
f 896/2380/8 4974/2381/9 3200/2382/9
f 896/2380/8 4975/2383/8 4974/2381/9
f 1161/2373/8 2313/2375/9 4976/2384/9
f 1160/2385/9 4977/2386/9 3464/2387/9
f 1160/2385/9 4978/2388/9 4977/2386/9
f 609/2389/8 1761/2390/9 4979/2391/8
f 1158/2392/9 4980/2393/8 2310/2394/8
f 1158/2392/9 4981/2395/9 4980/2393/8
f 1159/2396/9 2311/2397/8 4982/2398/8
f 394/2399/8 4983/2400/9 1546/2401/8
f 394/2399/8 4984/2402/9 4983/2400/9
f 1158/2392/9 2310/2394/8 4985/2403/9
f 1157/2404/8 4986/2405/9 3461/2406/9
f 1157/2404/8 4987/2407/8 4986/2405/9
f 610/2408/8 1762/2409/9 4988/2410/9
f 1155/2411/8 4989/2412/8 2307/2413/9
f 1155/2411/8 4990/2414/9 4989/2412/8
f 1156/2415/9 2308/2416/9 4991/2417/9
f 609/2389/8 4992/2418/9 1761/2390/9
f 609/2389/8 4993/2419/8 4992/2418/9
f 1155/2411/8 2307/2413/9 4994/2420/9
f 1154/2421/9 4995/2422/9 3458/2423/9
f 1154/2421/9 4996/2424/9 4995/2422/9
f 432/2344/8 1584/2346/9 4997/2425/8
f 1152/2426/8 4998/2427/9 2304/2428/9
f 1152/2426/8 4999/2429/8 4998/2427/9
f 1153/2430/8 2305/2431/9 5000/2432/9
f 899/2433/9 5001/2434/9 3203/2435/9
f 899/2433/9 5002/2436/9 5001/2434/9
f 1152/2426/8 2304/2428/9 5003/2437/8
f 1151/2438/9 5004/2439/9 3455/2440/9
f 1151/2438/9 5005/2441/9 5004/2439/9
f 612/2442/9 1764/2443/9 5006/2444/9
f 1149/2445/9 5007/2446/9 2301/2447/9
f 1149/2445/9 5008/2448/9 5007/2446/9
f 1150/2449/9 2302/2450/9 5009/2451/9
f 791/2452/9 5010/2453/9 3095/2454/9
f 791/2452/9 5011/2455/9 5010/2453/9
f 1149/2445/9 2301/2447/9 5012/2456/9
f 1148/2457/9 5013/2458/9 3452/2459/9
f 1148/2457/9 5014/2460/9 5013/2458/9
f 613/2461/9 1765/2462/9 5015/2463/9
f 1146/2464/9 5016/2465/9 2298/2466/9
f 1146/2464/9 5017/2467/9 5016/2465/9
f 1147/2468/9 2299/2469/9 5018/2470/9
f 612/2442/9 5019/2471/9 1764/2443/9
f 612/2442/9 5020/2472/9 5019/2471/9
f 1146/2464/9 2298/2466/9 5021/2473/9
f 1145/2474/9 5022/2475/9 3449/2476/9
f 1145/2474/9 5023/2477/9 5022/2475/9
f 779/2478/9 3083/2479/9 5024/2480/9
f 1143/2481/9 5025/2482/9 2295/2483/9
f 1143/2481/9 5026/2484/9 5025/2482/9
f 1144/2485/9 2296/2486/9 5027/2487/9
f 902/2488/9 5028/2489/9 3206/2490/9
f 902/2488/9 5029/2491/9 5028/2489/9
f 1143/2481/9 2295/2483/9 5030/2492/9
f 1142/2493/9 5031/2494/9 3446/2495/9
f 1142/2493/9 5032/2496/9 5031/2494/9
f 615/2497/9 1767/2498/9 5033/2499/9
f 1140/2500/9 5034/2501/9 2292/2502/9
f 1140/2500/9 5035/2503/9 5034/2501/9
f 1141/2504/9 2293/2505/9 5036/2506/9
f 429/2507/9 5037/2508/9 1581/2509/9
f 429/2507/9 5038/2510/9 5037/2508/9
f 1140/2500/9 2292/2502/9 5039/2511/9
f 1139/2512/9 5040/2513/9 3443/2514/9
f 1139/2512/9 5041/2515/9 5040/2513/9
f 616/2516/9 1768/2517/9 5042/2518/9
f 1137/2519/9 5043/2520/9 2289/2521/9
f 1137/2519/9 5044/2522/9 5043/2520/9
f 1138/2523/9 2290/2524/9 5045/2525/9
f 615/2497/9 5046/2526/9 1767/2498/9
f 615/2497/9 5047/2527/9 5046/2526/9
f 1137/2519/9 2289/2521/9 5048/2528/9
f 1136/2529/9 5049/2530/9 3440/2531/9
f 1136/2529/9 5050/2532/9 5049/2530/9
f 430/2533/9 1582/2534/9 5051/2535/9
f 1134/2536/9 5052/2537/9 2286/2538/9
f 1134/2536/9 5053/2539/9 5052/2537/9
f 1135/2540/9 2287/2541/9 5054/2542/9
f 905/2543/9 5055/2544/9 3209/2545/9
f 905/2543/9 5056/2546/9 5055/2544/9
f 1134/2536/9 2286/2538/9 5057/2547/9
f 1133/2548/9 5058/2549/9 3437/2550/9
f 1133/2548/9 5059/2551/9 5058/2549/9
f 618/2552/9 1770/2553/9 5060/2554/9
f 1131/2555/9 5061/2556/9 2283/2557/9
f 1131/2555/9 5062/2558/9 5061/2556/9
f 1132/2559/9 2284/2560/9 5063/2561/9
f 782/2562/9 5064/2563/9 3086/2564/9
f 782/2562/9 5065/2565/9 5064/2563/9
f 1131/2555/9 2283/2557/9 5066/2566/9
f 1130/2567/9 5067/2568/9 3434/2569/9
f 1130/2567/9 5068/2570/9 5067/2568/9
f 619/2571/9 1771/2572/9 5069/2573/9
f 1128/2574/9 5070/2575/9 2280/2576/9
f 1128/2574/9 5071/2577/9 5070/2575/9
f 1129/2578/9 2281/2579/9 5072/2580/9
f 618/2552/9 5073/2581/9 1770/2553/9
f 618/2552/9 5074/2582/9 5073/2581/9
f 1128/2574/9 2280/2576/9 5075/2583/9
f 1127/2584/9 5076/2585/9 3431/2586/9
f 1127/2584/9 5077/2587/9 5076/2585/9
f 429/2507/9 1581/2509/9 5078/2588/9
f 1125/2589/9 5079/2590/9 2277/2591/9
f 1125/2589/9 5080/2592/9 5079/2590/9
f 1126/2593/9 2278/2594/9 5081/2595/9
f 908/2596/9 5082/2597/9 3212/2598/9
f 908/2596/9 5083/2599/9 5082/2597/9
f 1125/2589/9 2277/2591/9 5084/2600/9
f 1124/2601/10 5085/2602/10 3428/2603/10
f 1124/2601/10 5086/2604/10 5085/2602/10
f 621/2605/10 1773/2606/10 5087/2607/10
f 1122/2608/10 5088/2609/10 2274/2610/10
f 1122/2608/10 5089/2611/10 5088/2609/10
f 1123/2612/10 2275/2613/10 5090/2614/10
f 788/2615/10 5091/2616/10 3092/2617/10
f 788/2615/10 5092/2618/10 5091/2616/10
f 1122/2608/10 2274/2610/10 5093/2619/10
f 1121/2620/10 5094/2621/10 3425/2622/10
f 1121/2620/10 5095/2623/10 5094/2621/10
f 622/2624/10 1774/2625/10 5096/2626/10
f 1119/2627/10 5097/2628/10 2271/2629/10
f 1119/2627/10 5098/2630/10 5097/2628/10
f 1120/2631/10 2272/2632/10 5099/2633/10
f 621/2605/10 5100/2634/10 1773/2606/10
f 621/2605/10 5101/2635/10 5100/2634/10
f 1119/2627/10 2271/2629/10 5102/2636/10
f 1118/2637/10 5103/2638/10 3422/2639/10
f 1118/2637/10 5104/2640/10 5103/2638/10
f 394/2641/10 1546/2642/10 5105/2643/10
f 1116/2644/10 5106/2645/10 2268/2646/10
f 1116/2644/10 5107/2647/10 5106/2645/10
f 1117/2648/10 2269/2649/10 5108/2650/10
f 911/2651/10 5109/2652/10 3215/2653/10
f 911/2651/10 5110/2654/10 5109/2652/10
f 1116/2644/10 2268/2646/10 5111/2655/10
f 1115/2656/10 5112/2657/10 3419/2658/10
f 1115/2656/10 5113/2659/10 5112/2657/10
f 624/2660/10 1776/2661/10 5114/2662/10
f 1113/2663/10 5115/2664/10 2265/2665/10
f 1113/2663/10 5116/2666/10 5115/2664/10
f 1114/2667/10 2266/2668/10 5117/2669/10
f 426/2670/10 5118/2671/10 1578/2672/10
f 426/2670/10 5119/2673/10 5118/2671/10
f 1113/2663/10 2265/2665/10 5120/2674/10
f 1112/2675/10 5121/2676/10 3416/2677/10
f 1112/2675/10 5122/2678/10 5121/2676/10
f 625/2679/10 1777/2680/10 5123/2681/10
f 1110/2682/10 5124/2683/10 2262/2684/10
f 1110/2682/10 5125/2685/10 5124/2683/10
f 1111/2686/10 2263/2687/10 5126/2688/10
f 624/2660/10 5127/2689/10 1776/2661/10
f 624/2660/10 5128/2690/10 5127/2689/10
f 1110/2682/10 2262/2684/10 5129/2691/10
f 1109/2692/10 5130/2693/10 3413/2694/10
f 1109/2692/10 5131/2695/10 5130/2693/10
f 427/2696/10 1579/2697/10 5132/2698/10
f 1107/2699/10 5133/2700/10 2259/2701/10
f 1107/2699/10 5134/2702/10 5133/2700/10
f 1108/2703/10 2260/2704/10 5135/2705/10
f 914/2706/10 5136/2707/10 3218/2708/10
f 914/2706/10 5137/2709/10 5136/2707/10
f 1107/2699/10 2259/2701/10 5138/2710/10
f 1106/2711/10 5139/2712/10 3410/2713/10
f 1106/2711/10 5140/2714/10 5139/2712/10
f 627/2715/10 1779/2716/10 5141/2717/10
f 1104/2718/10 5142/2719/10 2256/2720/10
f 1104/2718/10 5143/2721/10 5142/2719/10
f 1105/2722/10 2257/2723/10 5144/2724/10
f 769/2076/10 5145/2725/10 3073/3/10
f 769/2076/10 5146/2726/10 5145/2725/10
f 1104/2718/10 2256/2720/10 5147/2727/10
f 1103/2728/10 5148/2729/10 3407/2730/10
f 1103/2728/10 5149/2731/10 5148/2729/10
f 628/2732/10 1780/2733/10 5150/2734/10
f 1101/2735/10 5151/2736/10 2253/2737/10
f 1101/2735/10 5152/2738/10 5151/2736/10
f 1102/2739/10 2254/2740/10 5153/2741/10
f 627/2715/10 5154/2742/10 1779/2716/10
f 627/2715/10 5155/2743/10 5154/2742/10
f 1101/2735/10 2253/2737/10 5156/2744/10
f 1100/2745/10 5157/2746/10 3404/2747/10
f 1100/2745/10 5158/2748/10 5157/2746/10
f 426/2670/10 1578/2672/10 5159/2749/10
f 1098/2750/10 5160/2751/10 2250/2752/10
f 1098/2750/10 5161/2753/10 5160/2751/10
f 1099/2754/10 2251/2755/10 5162/2756/10
f 917/2757/10 5163/2758/10 3221/2759/10
f 917/2757/10 5164/2760/10 5163/2758/10
f 1098/2750/10 2250/2752/10 5165/2761/10
f 1097/2762/10 5166/2763/10 3401/2764/10
f 1097/2762/10 5167/2765/10 5166/2763/10
f 630/2766/10 1782/2767/10 5168/2768/10
f 1095/2769/10 5169/2770/10 2247/2771/10
f 1095/2769/10 5170/2772/10 5169/2770/10
f 1096/2773/10 2248/2774/10 5171/2775/10
f 785/2776/10 5172/2777/10 3089/2778/10
f 785/2776/10 5173/2779/10 5172/2777/10
f 1095/2769/10 2247/2771/10 5174/2780/10
f 1094/2781/10 5175/2782/10 3398/2783/10
f 1094/2781/10 5176/2784/10 5175/2782/10
f 631/2785/10 1783/2786/10 5177/2787/10
f 1092/2788/10 5178/2789/10 2244/2790/10
f 1092/2788/10 5179/2791/10 5178/2789/10
f 1093/2792/10 2245/2793/10 5180/2794/10
f 630/2766/10 5181/2795/10 1782/2767/10
f 630/2766/10 5182/2796/10 5181/2795/10
f 1092/2788/10 2244/2790/10 5183/2797/10
f 1091/2798/10 5184/2799/10 3395/2800/10
f 1091/2798/10 5185/2801/10 5184/2799/10
f 396/2802/10 1548/2803/10 5186/2804/10
f 1089/2805/10 5187/2806/10 2241/2807/10
f 1089/2805/10 5188/2808/10 5187/2806/10
f 1090/2809/10 2242/2810/10 5189/2811/10
f 920/2812/10 5190/2813/10 3224/2814/10
f 920/2812/10 5191/2815/10 5190/2813/10
f 1089/2805/10 2241/2807/10 5192/2816/10
f 1088/2817/10 5193/2818/10 3392/2819/10
f 1088/2817/10 5194/2820/10 5193/2818/10
f 633/2821/10 1785/2822/10 5195/2823/10
f 1086/2824/10 5196/2825/10 2238/2826/10
f 1086/2824/10 5197/2827/10 5196/2825/10
f 1087/2828/10 2239/2829/10 5198/2830/10
f 423/2831/10 5199/2832/10 1575/2833/10
f 423/2831/10 5200/2834/10 5199/2832/10
f 1086/2824/10 2238/2826/10 5201/2835/10
f 1085/2836/10 5202/2837/10 3389/2838/10
f 1085/2836/10 5203/2839/10 5202/2837/10
f 634/2840/10 1786/2841/10 5204/2842/10
f 1083/2843/10 5205/2844/10 2235/2845/10
f 1083/2843/10 5206/2846/10 5205/2844/10
f 1084/2847/10 2236/2848/10 5207/2849/10
f 633/2821/10 5208/2850/10 1785/2822/10
f 633/2821/10 5209/2851/10 5208/2850/10
f 1083/2843/10 2235/2845/10 5210/2852/10
f 1082/2853/10 5211/2854/10 3386/2855/10
f 1082/2853/10 5212/2856/10 5211/2854/10
f 424/2857/10 1576/2858/10 5213/2859/10
f 1080/2860/10 5214/2861/10 2232/2862/10
f 1080/2860/10 5215/2863/10 5214/2861/10
f 1081/2864/10 2233/2865/10 5216/2866/10
f 923/2867/10 5217/2868/10 3227/2869/10
f 923/2867/10 5218/2870/10 5217/2868/10
f 1080/2860/10 2232/2862/10 5219/2871/10
f 1079/2872/10 5220/2873/10 3383/2874/10
f 1079/2872/10 5221/2875/10 5220/2873/10
f 636/2876/10 1788/2877/10 5222/2878/10
f 1077/2879/10 5223/2880/10 2229/2881/10
f 1077/2879/10 5224/2882/10 5223/2880/10
f 1078/2883/10 2230/2884/10 5225/2885/10
f 392/2886/10 5226/2887/10 1544/2888/10
f 392/2886/10 5227/2889/10 5226/2887/10
f 1077/2879/10 2229/2881/10 5228/2890/10
f 1076/2891/10 5229/2892/10 3380/2893/10
f 1076/2891/10 5230/2894/10 5229/2892/10
f 637/2895/10 1789/2896/10 5231/2897/10
f 1074/2898/10 5232/2899/10 2226/2900/10
f 1074/2898/10 5233/2901/10 5232/2899/10
f 1075/2902/10 2227/2903/10 5234/2904/10
f 636/2876/10 5235/2905/10 1788/2877/10
f 636/2876/10 5236/2906/10 5235/2905/10
f 1074/2898/10 2226/2900/10 5237/2907/10
f 1073/2908/10 5238/2909/10 3377/2910/10
f 1073/2908/10 5239/2911/10 5238/2909/10
f 423/2831/10 1575/2833/10 5240/2912/10
f 1071/2913/10 5241/2914/10 2223/2915/10
f 1071/2913/10 5242/2916/10 5241/2914/10
f 1072/2917/10 2224/2918/10 5243/2919/10
f 926/2920/10 5244/2921/10 3230/2922/10
f 926/2920/10 5245/2923/10 5244/2921/10
f 1071/2913/10 2223/2915/10 5246/2924/10
f 1070/2925/10 5247/2926/10 3374/2927/10
f 1070/2925/10 5248/2928/10 5247/2926/10
f 639/2929/10 1791/2930/10 5249/2931/10
f 1068/2932/10 5250/2933/10 2220/2934/10
f 1068/2932/10 5251/2935/10 5250/2933/10
f 1069/2936/10 2221/2937/10 5252/2938/10
f 410/2939/10 5253/2940/10 1562/2941/10
f 410/2939/10 5254/2942/10 5253/2940/10
f 1068/2932/10 2220/2934/10 5255/2943/10
f 1067/2944/10 5256/2945/10 3371/2946/10
f 1067/2944/10 5257/2947/10 5256/2945/10
f 640/2948/10 1792/2949/10 5258/2950/10
f 1065/2951/10 5259/2952/10 2217/2953/10
f 1065/2951/10 5260/2954/10 5259/2952/10
f 1066/2955/10 2218/2956/10 5261/2957/10
f 639/2929/10 5262/2958/10 1791/2930/10
f 639/2929/10 5263/2959/10 5262/2958/10
f 1065/2951/10 2217/2953/10 5264/2960/10
f 1064/2961/10 5265/2962/10 3368/2963/10
f 1064/2961/10 5266/2964/10 5265/2962/10
f 414/2965/10 1566/2966/10 5267/2967/10
f 1062/2968/10 5268/2969/10 2214/2970/10
f 1062/2968/10 5269/2971/10 5268/2969/10
f 1063/2972/10 2215/2973/10 5270/2974/10
f 929/2975/10 5271/2976/10 3233/2977/10
f 929/2975/10 5272/2978/10 5271/2976/10
f 1062/2968/10 2214/2970/10 5273/2979/10
f 1061/2980/10 5274/2981/10 3365/2982/10
f 1061/2980/10 5275/2983/10 5274/2981/10
f 642/2984/10 1794/2985/10 5276/2986/10
f 1059/2987/10 5277/2988/10 2211/2989/10
f 1059/2987/10 5278/2990/10 5277/2988/10
f 1060/2991/10 2212/2992/10 5279/2993/10
f 751/2994/10 5280/2995/10 3055/64/10
f 751/2994/10 5281/2996/10 5280/2995/10
f 1059/2987/10 2211/2989/10 5282/2997/10
f 1058/2998/10 5283/2999/10 3362/3000/10
f 1058/2998/10 5284/3001/10 5283/2999/10
f 643/3002/10 1795/3003/10 5285/3004/10
f 1056/3005/10 5286/3006/10 2208/3007/10
f 1056/3005/10 5287/3008/10 5286/3006/10
f 1057/3009/10 2209/3010/10 5288/3011/10
f 642/2984/10 5289/3012/10 1794/2985/10
f 642/2984/10 5290/3013/10 5289/3012/10
f 1056/3005/10 2208/3007/10 5291/3014/10
f 1055/3015/10 5292/3016/10 3359/3017/10
f 1055/3015/10 5293/3018/10 5292/3016/10
f 412/3019/10 1564/3020/10 5294/3021/10
f 1053/3022/10 5295/3023/10 2205/3024/10
f 1053/3022/10 5296/3025/10 5295/3023/10
f 1054/3026/10 2206/3027/10 5297/3028/10
f 932/3029/10 5298/3030/10 3236/3031/10
f 932/3029/10 5299/3032/10 5298/3030/10
f 1053/3022/10 2205/3024/10 5300/3033/10
f 1052/3034/9 5301/3035/9 3356/3036/9
f 1052/3034/9 5302/3037/9 5301/3035/9
f 645/3038/9 1797/3039/9 5303/3040/9
f 1050/3041/9 5304/3042/9 2202/3043/9
f 1050/3041/9 5305/3044/9 5304/3042/9
f 1051/3045/9 2203/3046/9 5306/3047/9
f 764/3048/9 5307/3049/9 3068/3050/9
f 764/3048/9 5308/3051/9 5307/3049/9
f 1050/3041/9 2202/3043/9 5309/3052/9
f 1049/3053/9 5310/3054/9 3353/3055/9
f 1049/3053/9 5311/3056/9 5310/3054/9
f 646/3057/9 1798/3058/9 5312/3059/9
f 1047/3060/9 5313/3061/9 2199/3062/9
f 1047/3060/9 5314/3063/9 5313/3061/9
f 1048/3064/9 2200/3065/9 5315/3066/9
f 645/3038/9 5316/3067/9 1797/3039/9
f 645/3038/9 5317/3068/9 5316/3067/9
f 1047/3060/9 2199/3062/9 5318/3069/9
f 1046/3070/9 5319/3071/9 3350/3072/9
f 1046/3070/9 5320/3073/9 5319/3071/9
f 761/3074/9 3065/3075/9 5321/3076/9
f 1044/3077/9 5322/3078/9 2196/3079/9
f 1044/3077/9 5323/3080/9 5322/3078/9
f 1045/3081/9 2197/3082/9 5324/3083/9
f 935/3084/9 5325/3085/9 3239/3086/9
f 935/3084/9 5326/3087/9 5325/3085/9
f 1044/3077/9 2196/3079/9 5327/3088/9
f 1043/3089/9 5328/3090/9 3347/3091/9
f 1043/3089/9 5329/3092/9 5328/3090/9
f 648/3093/8 1800/3094/9 5330/3095/8
f 1041/3096/9 5331/3097/8 2193/3098/8
f 1041/3096/9 5332/3099/9 5331/3097/8
f 1042/3100/9 2194/3101/8 5333/3102/8
f 412/3103/8 5334/3104/9 1564/3105/8
f 412/3103/8 5335/3106/9 5334/3104/9
f 1041/3096/9 2193/3098/8 5336/3107/9
f 1040/3108/8 5337/3109/9 3344/3110/9
f 1040/3108/8 5338/3111/8 5337/3109/9
f 649/3112/8 1801/3113/9 5339/3114/9
f 1038/3115/8 5340/3116/8 2190/3117/9
f 1038/3115/8 5341/3118/9 5340/3116/8
f 1039/3119/9 2191/3120/9 5342/3121/9
f 648/3093/8 5343/3122/9 1800/3094/9
f 648/3093/8 5344/3123/8 5343/3122/9
f 1038/3115/8 2190/3117/9 5345/3124/9
f 1037/3125/9 5346/3126/9 3341/3127/9
f 1037/3125/9 5347/3128/9 5346/3126/9
f 759/3129/8 3063/3130/9 5348/3131/8
f 1035/3132/8 5349/3133/9 2187/3134/9
f 1035/3132/8 5350/3135/8 5349/3133/9
f 1036/3136/8 2188/3137/9 5351/3138/9
f 938/3139/9 5352/3140/9 3242/3141/9
f 938/3139/9 5353/3142/9 5352/3140/9
f 1035/3132/8 2187/3134/9 5354/3143/8
f 1034/3144/7 5355/3145/7 3338/3146/7
f 1034/3144/7 5356/3147/5 5355/3145/7
f 651/3148/5 1803/3149/5 5357/3150/5
f 1032/3151/5 5358/3152/7 2184/3153/5
f 1032/3151/5 5359/3154/7 5358/3152/7
f 1033/3155/7 2185/3156/5 5360/3157/7
f 762/3158/7 5361/3159/7 3066/3160/7
f 762/3158/7 5362/3161/7 5361/3159/7
f 1032/3151/5 2184/3153/5 5363/3162/5
f 1031/3163/5 5364/3164/5 3335/3165/5
f 1031/3163/5 5365/3166/5 5364/3164/5
f 652/3167/7 1804/3168/7 5366/3169/7
f 1029/3170/7 5367/3171/5 2181/3172/5
f 1029/3170/7 5368/3173/7 5367/3171/5
f 1030/3174/7 2182/3175/5 5369/3176/5
f 651/3148/5 5370/3177/5 1803/3149/5
f 651/3148/5 5371/3178/7 5370/3177/5
f 1029/3170/7 2181/3172/5 5372/3179/7
f 1028/3180/7 5373/3181/7 3332/3182/5
f 1028/3180/7 5374/3183/7 5373/3181/7
f 763/3184/5 3067/3185/5 5375/3186/7
f 1026/3187/5 5376/3188/7 2178/3189/5
f 1026/3187/5 5377/3190/5 5376/3188/7
f 1027/3191/7 2179/3192/7 5378/3193/7
f 941/3194/7 5379/3195/7 3245/3196/7
f 941/3194/7 5380/3197/5 5379/3195/7
f 1026/3187/5 2178/3189/5 5381/3198/5
f 1025/3199/5 5382/3200/5 3329/3201/5
f 1025/3199/5 5383/3202/5 5382/3200/5
f 654/3203/5 1806/3204/5 5384/3205/5
f 1023/3206/5 5385/3207/5 2175/3208/5
f 1023/3206/5 5386/3209/5 5385/3207/5
f 1024/3210/5 2176/3211/5 5387/3212/5
f 753/2994/6 5388/3213/5 3057/64/6
f 753/2994/6 5389/3214/5 5388/3213/5
f 1023/3206/5 2175/3208/5 5390/3215/5
f 1022/3216/5 5391/3217/5 3326/3218/5
f 1022/3216/5 5392/3219/5 5391/3217/5
f 655/3220/5 1807/3221/5 5393/3222/5
f 1020/3223/5 5394/3224/5 2172/3225/5
f 1020/3223/5 5395/3226/5 5394/3224/5
f 1021/3227/5 2173/3228/5 5396/3229/5
f 654/3203/5 5397/3230/5 1806/3204/5
f 654/3203/5 5398/3231/5 5397/3230/5
f 1020/3223/5 2172/3225/5 5399/3232/5
f 1019/3233/5 5400/3234/5 3323/3235/5
f 1019/3233/5 5401/3236/5 5400/3234/5
f 764/3129/5 3068/3130/5 5402/3237/5
f 1017/3238/5 5403/3239/5 2169/3240/5
f 1017/3238/5 5404/3241/5 5403/3239/5
f 1018/3242/5 2170/3243/5 5405/3244/5
f 944/3245/5 5406/3246/5 3248/3247/5
f 944/3245/5 5407/3248/5 5406/3246/5
f 1017/3238/5 2169/3240/5 5408/3249/5
f 1016/3034/4 5409/3035/4 3320/3036/4
f 1016/3034/4 5410/3037/4 5409/3035/4
f 657/3038/4 1809/3039/4 5411/3040/4
f 1014/3041/4 5412/3042/4 2166/3043/4
f 1014/3041/4 5413/3044/4 5412/3042/4
f 1015/3045/4 2167/3046/4 5414/3047/4
f 750/3048/4 5415/3049/4 3054/3050/4
f 750/3048/4 5416/3051/4 5415/3049/4
f 1014/3041/4 2166/3043/4 5417/3052/4
f 1013/3053/4 5418/3054/4 3317/3055/4
f 1013/3053/4 5419/3056/4 5418/3054/4
f 658/3057/4 1810/3058/4 5420/3059/4
f 1011/3060/4 5421/3061/4 2163/3062/4
f 1011/3060/4 5422/3063/4 5421/3061/4
f 1012/3064/4 2164/3065/4 5423/3066/4
f 657/3038/4 5424/3067/4 1809/3039/4
f 657/3038/4 5425/3068/4 5424/3067/4
f 1011/3060/4 2163/3062/4 5426/3069/4
f 1010/3070/4 5427/3071/4 3314/3072/4
f 1010/3070/4 5428/3073/4 5427/3071/4
f 760/3074/4 3064/3075/4 5429/3076/4
f 1008/3077/4 5430/3078/4 2160/3079/4
f 1008/3077/4 5431/3080/4 5430/3078/4
f 1009/3081/4 2161/3082/4 5432/3083/4
f 947/3084/4 5433/3085/4 3251/3086/4
f 947/3084/4 5434/3087/4 5433/3085/4
f 1008/3077/4 2160/3079/4 5435/3088/4
f 1007/3089/4 5436/3090/4 3311/3091/4
f 1007/3089/4 5437/3092/4 5436/3090/4
f 660/3093/4 1812/3094/4 5438/3095/4
f 1005/3096/4 5439/3097/4 2157/3098/4
f 1005/3096/4 5440/3099/4 5439/3097/4
f 1006/3100/4 2158/3101/4 5441/3102/4
f 752/3103/4 5442/3104/4 3056/3105/4
f 752/3103/4 5443/3106/4 5442/3104/4
f 1005/3096/4 2157/3098/4 5444/3107/4
f 1004/3108/4 5445/3109/4 3308/3110/4
f 1004/3108/4 5446/3111/4 5445/3109/4
f 661/3112/4 1813/3113/4 5447/3114/4
f 1002/3115/4 5448/3116/4 2154/3117/4
f 1002/3115/4 5449/3118/4 5448/3116/4
f 1003/3119/4 2155/3120/4 5450/3121/4
f 660/3093/4 5451/3122/4 1812/3094/4
f 660/3093/4 5452/3123/4 5451/3122/4
f 1002/3115/4 2154/3117/4 5453/3124/4
f 1001/3125/4 5454/3126/4 3305/3127/4
f 1001/3125/4 5455/3128/4 5454/3126/4
f 762/3129/4 3066/3130/4 5456/3131/4
f 999/3132/4 5457/3133/4 2151/3134/4
f 999/3132/4 5458/3135/4 5457/3133/4
f 1000/3136/4 2152/3137/4 5459/3138/4
f 950/3139/4 5460/3140/4 3254/3141/4
f 950/3139/4 5461/3142/4 5460/3140/4
f 999/3132/4 2151/3134/4 5462/3143/4
f 998/3144/2 5463/3145/2 3302/3146/2
f 998/3144/2 5464/3147/2 5463/3145/2
f 663/3148/2 1815/3149/2 5465/3150/2
f 996/3151/2 5466/3152/2 2148/3153/2
f 996/3151/2 5467/3154/2 5466/3152/2
f 997/3155/2 2149/3156/2 5468/3157/2
f 759/3158/11 5469/3159/2 3063/3160/11
f 759/3158/11 5470/3161/2 5469/3159/2
f 996/3151/2 2148/3153/2 5471/3162/2
f 995/3163/2 5472/3164/2 3299/3165/2
f 995/3163/2 5473/3166/2 5472/3164/2
f 664/3167/2 1816/3168/2 5474/3169/2
f 993/3170/2 5475/3171/11 2145/3172/2
f 993/3170/2 5476/3173/2 5475/3171/11
f 994/3174/2 2146/3175/2 5477/3176/2
f 663/3148/2 5478/3177/2 1815/3149/2
f 663/3148/2 5479/3178/2 5478/3177/2
f 993/3170/2 2145/3172/2 5480/3179/2
f 992/3180/2 5481/3181/2 3296/3182/2
f 992/3180/2 5482/3183/2 5481/3181/2
f 757/3184/2 3061/3185/2 5483/3186/2
f 990/3187/3 5484/3188/2 2142/3189/2
f 990/3187/3 5485/3190/2 5484/3188/2
f 991/3191/2 2143/3192/2 5486/3193/2
f 953/3194/2 5487/3195/2 3257/3196/2
f 953/3194/2 5488/3197/2 5487/3195/2
f 990/3187/3 2142/3189/2 5489/3198/2
f 989/3199/2 5490/3200/2 3293/3201/2
f 989/3199/2 5491/3202/2 5490/3200/2
f 666/3203/2 1818/3204/2 5492/3205/2
f 987/3206/2 5493/3207/2 2139/3208/2
f 987/3206/2 5494/3209/2 5493/3207/2
f 988/3210/2 2140/3211/2 5495/3212/2
f 409/2994/3 5496/3213/3 1561/64/3
f 409/2994/3 5497/3214/2 5496/3213/3
f 987/3206/2 2139/3208/2 5498/3215/2
f 986/3216/2 5499/3217/2 3290/3218/2
f 986/3216/2 5500/3219/2 5499/3217/2
f 667/3220/2 1819/3221/2 5501/3222/2
f 984/3223/2 5502/3224/2 2136/3225/2
f 984/3223/2 5503/3226/2 5502/3224/2
f 985/3227/2 2137/3228/2 5504/3229/2
f 666/3203/2 5505/3230/2 1818/3204/2
f 666/3203/2 5506/3231/2 5505/3230/2
f 984/3223/2 2136/3225/2 5507/3232/2
f 983/3233/2 5508/3234/2 3287/3235/2
f 983/3233/2 5509/3236/2 5508/3234/2
f 750/3129/2 3054/3130/2 5510/3237/2
f 981/3238/2 5511/3239/2 2133/3240/2
f 981/3238/2 5512/3241/2 5511/3239/2
f 982/3242/2 2134/3243/2 5513/3244/2
f 956/3245/2 5514/3246/2 3260/3247/2
f 956/3245/2 5515/3248/2 5514/3246/2
f 981/3238/2 2133/3240/2 5516/3249/2
f 980/3250/1 5517/3251/1 3284/3252/1
f 980/3250/1 5518/3253/1 5517/3251/1
f 669/3254/1 1821/3255/1 5519/3256/1
f 978/3257/1 5520/3258/1 2130/3259/1
f 978/3257/1 5521/3260/1 5520/3258/1
f 979/3261/1 2131/3262/1 5522/3263/1
f 407/3264/1 5523/3265/1 1559/3266/1
f 407/3264/1 5524/3267/1 5523/3265/1
f 978/3257/1 2130/3259/1 5525/3268/1
f 977/3269/1 5526/3270/1 3281/3271/1
f 977/3269/1 5527/3272/1 5526/3270/1
f 670/3273/1 1822/3274/1 5528/3275/1
f 975/3276/1 5529/3277/1 2127/3278/1
f 975/3276/1 5530/3279/1 5529/3277/1
f 976/3280/1 2128/3281/1 5531/3282/1
f 669/3254/1 5532/3283/1 1821/3255/1
f 669/3254/1 5533/3284/1 5532/3283/1
f 975/3276/1 2127/3278/1 5534/3285/1
f 974/3286/1 5535/3287/1 3278/3288/1
f 974/3286/1 5536/3289/1 5535/3287/1
f 413/3290/1 1565/3291/1 5537/3292/1
f 972/3293/1 5538/3294/1 2124/3295/1
f 972/3293/1 5539/3296/1 5538/3294/1
f 973/3297/1 2125/3298/1 5540/3299/1
f 959/3300/1 5541/3301/1 3263/3302/1
f 959/3300/1 5542/3303/1 5541/3301/1
f 972/3293/1 2124/3295/1 5543/3304/1
f 971/3305/1 5544/3306/1 3275/3307/1
f 971/3305/1 5545/3308/1 5544/3306/1
f 672/3309/1 1824/3310/1 5546/3311/1
f 969/3312/1 5547/3313/1 2121/3314/1
f 969/3312/1 5548/3315/1 5547/3313/1
f 970/3316/1 2122/3317/1 5549/3318/1
f 405/3319/1 5550/3320/1 1557/27/1
f 405/3319/1 5551/3321/1 5550/3320/1
f 969/3312/1 2121/3314/1 5552/3322/1
f 968/3323/1 5553/3324/1 3272/3325/1
f 968/3323/1 5554/3326/1 5553/3324/1
f 673/3327/1 1825/3328/1 5555/3329/1
f 966/3330/1 5556/3331/1 2118/3332/1
f 966/3330/1 5557/3333/1 5556/3331/1
f 967/3334/1 2119/3335/1 5558/3336/1
f 672/3309/1 5559/3337/1 1824/3310/1
f 672/3309/1 5560/3338/1 5559/3337/1
f 966/3330/1 2118/3332/1 5561/3339/1
f 965/3340/1 5562/3341/1 3269/3342/1
f 965/3340/1 5563/3343/1 5562/3341/1
f 406/3344/1 1558/3345/1 5564/3346/1
f 963/3347/1 5565/3348/1 2115/3349/1
f 963/3347/1 5566/3350/1 5565/3348/1
f 964/3351/1 2116/3352/1 5567/3353/1
f 962/3354/1 5568/3355/1 3266/3356/1
f 962/3354/1 5569/3357/1 5568/3355/1
f 963/3347/1 2115/3349/1 5570/3358/1
f 674/3359/1 5571/3360/1 2978/3361/1
f 674/3359/1 5572/3362/1 5571/3360/1
f 694/3363/1 1846/3364/1 5573/3365/1
f 960/3366/1 5574/3367/1 2112/3368/1
f 960/3366/1 5575/3369/1 5574/3367/1
f 961/3370/1 2113/3371/1 5576/3372/1
f 693/1262/1 5577/3373/1 1845/903/1
f 693/1262/1 5578/3374/1 5577/3373/1
f 960/3366/1 2112/3368/1 5579/3375/1
f 671/3376/1 5580/3377/1 2975/3378/1
f 671/3376/1 5581/3379/1 5580/3377/1
f 701/3380/1 1853/3381/1 5582/3382/1
f 957/3383/1 5583/3384/1 2109/3385/1
f 957/3383/1 5584/3386/1 5583/3384/1
f 958/3387/1 2110/3388/1 5585/3389/1
f 695/3390/1 5586/3391/1 1847/3392/1
f 695/3390/1 5587/3393/1 5586/3391/1
f 957/3383/1 2109/3385/1 5588/3394/1
f 668/3395/2 5589/3396/2 2972/3397/2
f 668/3395/2 5590/3398/2 5589/3396/2
f 462/3399/2 2766/3400/2 5591/3401/2
f 954/3402/2 5592/3403/2 2106/3404/2
f 954/3402/2 5593/3405/2 5592/3403/2
f 955/3406/2 2107/3407/2 5594/3408/2
f 697/1587/3 5595/3409/2 1849/866/3
f 697/1587/3 5596/3410/2 5595/3409/2
f 954/3402/2 2106/3404/2 5597/3411/2
f 665/3412/2 5598/3413/2 2969/3414/2
f 665/3412/2 5599/3415/2 5598/3413/2
f 469/3416/2 2773/3417/2 5600/3418/2
f 951/3419/2 5601/3420/2 2103/3421/2
f 951/3419/2 5602/3422/2 5601/3420/2
f 952/3423/2 2104/3424/2 5603/3425/2
f 471/3426/11 5604/3427/2 2775/3428/11
f 471/3426/11 5605/3429/2 5604/3427/2
f 951/3419/2 2103/3421/2 5606/3430/2
f 662/3431/4 5607/3432/4 2966/3433/4
f 662/3431/4 5608/3434/4 5607/3432/4
f 474/3399/4 2778/3400/4 5609/3435/4
f 948/3436/4 5610/3437/4 2100/3438/4
f 948/3436/4 5611/3439/4 5610/3437/4
f 949/3440/4 2101/3441/4 5612/3442/4
f 464/3443/4 5613/3444/4 2768/3445/4
f 464/3443/4 5614/3446/4 5613/3444/4
f 948/3436/4 2100/3438/4 5615/3447/4
f 659/3448/4 5616/3449/4 2963/3450/4
f 659/3448/4 5617/3451/4 5616/3449/4
f 472/3452/4 2776/3453/4 5618/3454/4
f 945/3455/4 5619/3456/4 2097/3457/4
f 945/3455/4 5620/3458/4 5619/3456/4
f 946/3459/4 2098/3460/4 5621/3461/4
f 462/3462/4 5622/3463/4 2766/3464/4
f 462/3462/4 5623/3465/4 5622/3463/4
f 945/3455/4 2097/3457/4 5624/3466/4
f 656/3395/5 5625/3396/5 2960/3397/5
f 656/3395/5 5626/3398/5 5625/3396/5
f 476/3399/5 2780/3400/5 5627/3401/5
f 942/3402/5 5628/3403/5 2094/3404/5
f 942/3402/5 5629/3405/5 5628/3403/5
f 943/3406/5 2095/3407/5 5630/3408/5
f 465/1587/6 5631/3409/5 2769/866/6
f 465/1587/6 5632/3410/5 5631/3409/5
f 942/3402/5 2094/3404/5 5633/3411/5
f 653/3412/7 5634/3413/7 2957/3414/5
f 653/3412/7 5635/3415/7 5634/3413/7
f 475/3416/5 2779/3417/5 5636/3418/7
f 939/3419/5 5637/3420/7 2091/3421/5
f 939/3419/5 5638/3422/7 5637/3420/7
f 940/3423/7 2092/3424/5 5639/3425/7
f 474/3426/7 5640/3427/7 2778/3428/7
f 474/3426/7 5641/3429/5 5640/3427/7
f 939/3419/5 2091/3421/5 5642/3430/5
f 650/3431/9 5643/3432/9 2954/3433/9
f 650/3431/9 5644/3434/9 5643/3432/9
f 471/3399/8 2775/3400/9 5645/3435/8
f 936/3436/9 5646/3437/8 2088/3438/8
f 936/3436/9 5647/3439/9 5646/3437/8
f 937/3440/9 2089/3441/8 5648/3442/8
f 700/3443/8 5649/3444/9 1852/3445/8
f 700/3443/8 5650/3446/9 5649/3444/9
f 936/3436/9 2088/3438/8 5651/3447/9
f 647/3448/9 5652/3449/9 2951/3450/9
f 647/3448/9 5653/3451/9 5652/3449/9
f 473/3452/9 2777/3453/9 5654/3454/9
f 933/3455/9 5655/3456/9 2085/3457/9
f 933/3455/9 5656/3458/9 5655/3456/9
f 934/3459/9 2086/3460/9 5657/3461/9
f 476/3462/9 5658/3463/9 2780/3464/9
f 476/3462/9 5659/3465/9 5658/3463/9
f 933/3455/9 2085/3457/9 5660/3466/9
f 644/3467/10 5661/3468/10 2948/3469/10
f 644/3467/10 5662/3470/10 5661/3468/10
f 700/3471/10 1852/3472/10 5663/3473/10
f 930/3474/10 5664/3475/10 2082/3476/10
f 930/3474/10 5665/3477/10 5664/3475/10
f 931/3478/10 2083/3479/10 5666/3480/10
f 463/1587/10 5667/3481/10 2767/866/10
f 463/1587/10 5668/3482/10 5667/3481/10
f 930/3474/10 2082/3476/10 5669/3483/10
f 641/3484/10 5670/3485/10 2945/3486/10
f 641/3484/10 5671/3487/10 5670/3485/10
f 702/3488/10 1854/3489/10 5672/3490/10
f 927/3491/10 5673/3492/10 2079/3493/10
f 927/3491/10 5674/3494/10 5673/3492/10
f 928/3495/10 2080/3496/10 5675/3497/10
f 698/3498/10 5676/3499/10 1850/3500/10
f 698/3498/10 5677/3501/10 5676/3499/10
f 927/3491/10 2079/3493/10 5678/3502/10
f 638/3503/10 5679/3504/10 2942/3505/10
f 638/3503/10 5680/3506/10 5679/3504/10
f 711/3507/10 1863/3508/10 5681/3509/10
f 924/3510/10 5682/3511/10 2076/3512/10
f 924/3510/10 5683/3513/10 5682/3511/10
f 925/3514/10 2077/3515/10 5684/3516/10
f 680/3517/10 5685/3518/10 1832/3519/10
f 680/3517/10 5686/3520/10 5685/3518/10
f 924/3510/10 2076/3512/10 5687/3521/10
f 635/3522/10 5688/3523/10 2939/3524/10
f 635/3522/10 5689/3525/10 5688/3523/10
f 712/3526/10 1864/3527/10 5690/3528/10
f 921/3529/10 5691/3530/10 2073/3531/10
f 921/3529/10 5692/3532/10 5691/3530/10
f 922/3533/10 2074/3534/10 5693/3535/10
f 711/3507/10 5694/3536/10 1863/3508/10
f 711/3507/10 5695/3537/10 5694/3536/10
f 921/3529/10 2073/3531/10 5696/3538/10
f 632/3539/10 5697/3540/10 2936/3541/10
f 632/3539/10 5698/3542/10 5697/3540/10
f 684/3543/10 1836/3544/10 5699/3545/10
f 918/3546/10 5700/3547/10 2070/3548/10
f 918/3546/10 5701/3549/10 5700/3547/10
f 919/3550/10 2071/3551/10 5702/3552/10
f 497/3553/10 5703/3554/10 2801/3555/10
f 497/3553/10 5704/3556/10 5703/3554/10
f 918/3546/10 2070/3548/10 5705/3557/10
f 629/3558/10 5706/3559/10 2933/3560/10
f 629/3558/10 5707/3561/10 5706/3559/10
f 714/3562/10 1866/3563/10 5708/3564/10
f 915/3565/10 5709/3566/10 2067/3567/10
f 915/3565/10 5710/3568/10 5709/3566/10
f 916/3569/10 2068/3570/10 5711/3571/10
f 481/1061/10 5712/3572/10 2785/1042/10
f 481/1061/10 5713/3573/10 5712/3572/10
f 915/3565/10 2067/3567/10 5714/3574/10
f 626/3575/10 5715/3576/10 2930/3577/10
f 626/3575/10 5716/3578/10 5715/3576/10
f 715/3579/10 1867/3580/10 5717/3581/10
f 912/3582/10 5718/3583/10 2064/3584/10
f 912/3582/10 5719/3585/10 5718/3583/10
f 913/3586/10 2065/3587/10 5720/3588/10
f 714/3562/10 5721/3589/10 1866/3563/10
f 714/3562/10 5722/3590/10 5721/3589/10
f 912/3582/10 2064/3584/10 5723/3591/10
f 623/3592/10 5724/3593/10 2927/3594/10
f 623/3592/10 5725/3595/10 5724/3593/10
f 682/3596/10 1834/3597/10 5726/3598/10
f 909/3599/10 5727/3600/10 2061/3601/10
f 909/3599/10 5728/3602/10 5727/3600/10
f 910/3603/10 2062/3604/10 5729/3605/10
f 500/3606/10 5730/3607/10 2804/3608/10
f 500/3606/10 5731/3609/10 5730/3607/10
f 909/3599/10 2061/3601/10 5732/3610/10
f 620/3611/9 5733/3612/9 2924/3613/9
f 620/3611/9 5734/3614/9 5733/3612/9
f 717/3615/9 1869/3616/9 5735/3617/9
f 906/3618/9 5736/3619/9 2058/3620/9
f 906/3618/9 5737/3621/9 5736/3619/9
f 907/3622/9 2059/3623/9 5738/3624/9
f 494/3625/9 5739/3626/9 2798/3627/9
f 494/3625/9 5740/3628/9 5739/3626/9
f 906/3618/9 2058/3620/9 5741/3629/9
f 617/3630/9 5742/3631/9 2921/3632/9
f 617/3630/9 5743/3633/9 5742/3631/9
f 718/3634/9 1870/3635/9 5744/3636/9
f 903/3637/9 5745/3638/9 2055/3639/9
f 903/3637/9 5746/3640/9 5745/3638/9
f 904/3641/9 2056/3642/9 5747/3643/9
f 717/3615/9 5748/3644/9 1869/3616/9
f 717/3615/9 5749/3645/9 5748/3644/9
f 903/3637/9 2055/3639/9 5750/3646/9
f 614/3647/9 5751/3648/9 2918/3649/9
f 614/3647/9 5752/3650/9 5751/3648/9
f 491/3651/9 2795/3652/9 5753/3653/9
f 900/3654/9 5754/3655/9 2052/3656/9
f 900/3654/9 5755/3657/9 5754/3655/9
f 901/3658/9 2053/3659/9 5756/3660/9
f 503/3661/9 5757/3662/9 2807/3663/9
f 503/3661/9 5758/3664/9 5757/3662/9
f 900/3654/9 2052/3656/9 5759/3665/9
f 611/3666/9 5760/3667/9 2915/3668/9
f 611/3666/9 5761/3669/9 5760/3667/9
f 720/3670/8 1872/3671/9 5762/3672/8
f 897/3673/9 5763/3674/8 2049/3675/8
f 897/3673/9 5764/3676/9 5763/3674/8
f 898/3677/9 2050/3678/8 5765/3679/8
f 682/3680/8 5766/3681/9 1834/3682/8
f 682/3680/8 5767/3683/9 5766/3681/9
f 897/3673/9 2049/3675/8 5768/3684/9
f 608/3685/8 5769/3686/9 2912/3687/9
f 608/3685/8 5770/3688/8 5769/3686/9
f 721/3689/8 1873/3690/9 5771/3691/9
f 894/3692/8 5772/3693/8 2046/3694/9
f 894/3692/8 5773/3695/9 5772/3693/8
f 895/3696/9 2047/3697/9 5774/3698/9
f 720/3670/8 5775/3699/9 1872/3671/9
f 720/3670/8 5776/3700/8 5775/3699/9
f 894/3692/8 2046/3694/9 5777/3701/9
f 605/3702/9 5778/3703/9 2909/3704/9
f 605/3702/9 5779/3705/9 5778/3703/9
f 489/3706/8 2793/3707/9 5780/3708/8
f 891/3709/8 5781/3710/9 2043/3711/9
f 891/3709/8 5782/3712/8 5781/3710/9
f 892/3713/8 2044/3714/9 5783/3715/9
f 506/3716/9 5784/3717/9 2810/3718/9
f 506/3716/9 5785/3719/9 5784/3717/9
f 891/3709/8 2043/3711/9 5786/3720/8
f 602/3721/7 5787/3722/7 2906/3723/5
f 602/3721/7 5788/3724/5 5787/3722/7
f 723/3725/5 1875/3726/5 5789/3727/5
f 888/3728/5 5790/3729/5 2040/3730/5
f 888/3728/5 5791/3731/5 5790/3729/5
f 889/3732/7 2041/3733/7 5792/3734/7
f 492/3735/7 5793/3736/7 2796/3737/7
f 492/3735/7 5794/3738/5 5793/3736/7
f 888/3728/5 2040/3730/5 5795/3739/5
f 599/3740/5 5796/3741/7 2903/3742/5
f 599/3740/5 5797/3743/5 5796/3741/7
f 724/3744/7 1876/3745/5 5798/3746/7
f 885/3747/7 5799/3748/5 2037/3749/7
f 885/3747/7 5800/3750/7 5799/3748/5
f 886/3751/7 2038/3752/5 5801/3753/5
f 723/3725/5 5802/3754/5 1875/3726/5
f 723/3725/5 5803/3755/5 5802/3754/5
f 885/3747/7 2037/3749/7 5804/3756/7
f 596/3757/7 5805/3758/7 2900/3759/7
f 596/3757/7 5806/3760/5 5805/3758/7
f 493/3761/5 2797/3762/5 5807/3763/5
f 882/3764/5 5808/3765/5 2034/3766/5
f 882/3764/5 5809/3767/5 5808/3765/5
f 883/3768/7 2035/3769/7 5810/3770/7
f 509/3771/7 5811/3772/5 2813/3773/5
f 509/3771/7 5812/3774/5 5811/3772/5
f 882/3764/5 2034/3766/5 5813/3775/5
f 593/3776/5 5814/3777/5 2897/3778/5
f 593/3776/5 5815/3779/5 5814/3777/5
f 726/3780/5 1878/3781/5 5816/3782/5
f 879/3783/5 5817/3784/5 2031/3785/5
f 879/3783/5 5818/3786/5 5817/3784/5
f 880/3787/5 2032/3788/5 5819/3789/5
f 483/1061/6 5820/3790/6 2787/1042/6
f 483/1061/6 5821/3791/5 5820/3790/6
f 879/3783/5 2031/3785/5 5822/3792/5
f 590/3793/5 5823/3794/5 2894/3795/5
f 590/3793/5 5824/3796/5 5823/3794/5
f 727/3797/5 1879/3798/5 5825/3799/5
f 876/3800/5 5826/3801/5 2028/3802/5
f 876/3800/5 5827/3803/5 5826/3801/5
f 877/3804/5 2029/3805/5 5828/3806/5
f 726/3780/5 5829/3807/7 1878/3781/5
f 726/3780/5 5830/3808/7 5829/3807/7
f 876/3800/5 2028/3802/5 5831/3809/5
f 587/3810/5 5832/3811/5 2891/3812/5
f 587/3810/5 5833/3813/5 5832/3811/5
f 494/3706/7 2798/3707/5 5834/3814/5
f 873/3815/5 5835/3816/5 2025/3817/5
f 873/3815/5 5836/3818/5 5835/3816/5
f 874/3819/5 2026/3820/5 5837/3821/5
f 512/3822/5 5838/3823/5 2816/3824/5
f 512/3822/5 5839/3825/5 5838/3823/5
f 873/3815/5 2025/3817/5 5840/3826/5
f 584/3611/4 5841/3612/4 2888/3613/4
f 584/3611/4 5842/3614/4 5841/3612/4
f 729/3615/4 1881/3616/4 5843/3617/4
f 870/3618/4 5844/3619/4 2022/3620/4
f 870/3618/4 5845/3621/4 5844/3619/4
f 871/3622/4 2023/3623/4 5846/3624/4
f 480/3625/4 5847/3626/4 2784/3627/4
f 480/3625/4 5848/3628/4 5847/3626/4
f 870/3618/4 2022/3620/4 5849/3629/4
f 581/3630/4 5850/3631/4 2885/3632/4
f 581/3630/4 5851/3633/4 5850/3631/4
f 730/3634/4 1882/3635/4 5852/3636/4
f 867/3637/4 5853/3638/4 2019/3639/4
f 867/3637/4 5854/3640/4 5853/3638/4
f 868/3641/4 2020/3642/4 5855/3643/4
f 729/3615/4 5856/3644/4 1881/3616/4
f 729/3615/4 5857/3645/4 5856/3644/4
f 867/3637/4 2019/3639/4 5858/3646/4
f 578/3647/4 5859/3648/4 2882/3649/4
f 578/3647/4 5860/3650/4 5859/3648/4
f 490/3651/4 2794/3652/4 5861/3653/4
f 864/3654/4 5862/3655/4 2016/3656/4
f 864/3654/4 5863/3657/4 5862/3655/4
f 865/3658/4 2017/3659/4 5864/3660/4
f 515/3661/4 5865/3662/4 2819/3663/4
f 515/3661/4 5866/3664/4 5865/3662/4
f 864/3654/4 2016/3656/4 5867/3665/4
f 575/3666/4 5868/3667/4 2879/3668/4
f 575/3666/4 5869/3669/4 5868/3667/4
f 732/3670/4 1884/3671/4 5870/3672/4
f 861/3673/4 5871/3674/4 2013/3675/4
f 861/3673/4 5872/3676/4 5871/3674/4
f 862/3677/4 2014/3678/4 5873/3679/4
f 482/3680/4 5874/3681/4 2786/3682/4
f 482/3680/4 5875/3683/4 5874/3681/4
f 861/3673/4 2013/3675/4 5876/3684/4
f 572/3685/4 5877/3686/4 2876/3687/4
f 572/3685/4 5878/3688/4 5877/3686/4
f 733/3689/4 1885/3690/4 5879/3691/4
f 858/3692/4 5880/3693/4 2010/3694/4
f 858/3692/4 5881/3695/4 5880/3693/4
f 859/3696/4 2011/3697/4 5882/3698/4
f 732/3670/4 5883/3699/4 1884/3671/4
f 732/3670/4 5884/3700/4 5883/3699/4
f 858/3692/4 2010/3694/4 5885/3701/4
f 569/3702/4 5886/3703/4 2873/3704/4
f 569/3702/4 5887/3705/4 5886/3703/4
f 492/3706/4 2796/3707/4 5888/3708/4
f 855/3709/4 5889/3710/4 2007/3711/4
f 855/3709/4 5890/3712/4 5889/3710/4
f 856/3713/4 2008/3714/4 5891/3715/4
f 518/3716/4 5892/3717/4 2822/3718/4
f 518/3716/4 5893/3719/4 5892/3717/4
f 855/3709/4 2007/3711/4 5894/3720/4
f 566/3721/2 5895/3722/2 2870/3723/2
f 566/3721/2 5896/3724/2 5895/3722/2
f 735/3725/2 1887/3726/2 5897/3727/2
f 852/3728/2 5898/3729/2 2004/3730/2
f 852/3728/2 5899/3731/2 5898/3729/2
f 853/3732/2 2005/3733/2 5900/3734/2
f 489/3735/2 5901/3736/2 2793/3737/2
f 489/3735/2 5902/3738/2 5901/3736/2
f 852/3728/2 2004/3730/2 5903/3739/2
f 563/3740/2 5904/3741/2 2867/3742/2
f 563/3740/2 5905/3743/2 5904/3741/2
f 736/3744/2 1888/3745/2 5906/3746/2
f 849/3747/2 5907/3748/11 2001/3749/2
f 849/3747/2 5908/3750/2 5907/3748/11
f 850/3751/2 2002/3752/2 5909/3753/2
f 735/3725/2 5910/3754/2 1887/3726/2
f 735/3725/2 5911/3755/2 5910/3754/2
f 849/3747/2 2001/3749/2 5912/3756/2
f 560/3757/2 5913/3758/2 2864/3759/2
f 560/3757/2 5914/3760/2 5913/3758/2
f 487/3761/2 2791/3762/2 5915/3763/2
f 846/3764/2 5916/3765/2 1998/3766/2
f 846/3764/2 5917/3767/2 5916/3765/2
f 847/3768/2 1999/3769/3 5918/3770/3
f 521/3771/2 5919/3772/2 2825/3773/2
f 521/3771/2 5920/3774/2 5919/3772/2
f 846/3764/2 1998/3766/2 5921/3775/2
f 557/3776/2 5922/3777/2 2861/3778/2
f 557/3776/2 5923/3779/2 5922/3777/2
f 738/3780/2 1890/3781/2 5924/3782/2
f 843/3783/2 5925/3784/2 1995/3785/2
f 843/3783/2 5926/3786/2 5925/3784/2
f 844/3787/2 1996/3788/2 5927/3789/2
f 679/1061/3 5928/3790/2 1831/1042/3
f 679/1061/3 5929/3791/2 5928/3790/2
f 843/3783/2 1995/3785/2 5930/3792/2
f 554/3793/2 5931/3794/2 2858/3795/2
f 554/3793/2 5932/3796/2 5931/3794/2
f 739/3797/2 1891/3798/2 5933/3799/2
f 840/3800/2 5934/3801/2 1992/3802/2
f 840/3800/2 5935/3803/2 5934/3801/2
f 841/3804/2 1993/3805/2 5936/3806/2
f 738/3780/2 5937/3807/2 1890/3781/2
f 738/3780/2 5938/3808/2 5937/3807/2
f 840/3800/2 1992/3802/2 5939/3809/2
f 551/3810/2 5940/3811/2 2855/3812/2
f 551/3810/2 5941/3813/2 5940/3811/2
f 480/3706/2 2784/3707/2 5942/3814/2
f 837/3815/2 5943/3816/2 1989/3817/2
f 837/3815/2 5944/3818/2 5943/3816/2
f 838/3819/2 1990/3820/2 5945/3821/2
f 524/3822/2 5946/3823/2 2828/3824/2
f 524/3822/2 5947/3825/2 5946/3823/2
f 837/3815/2 1989/3817/2 5948/3826/2
f 548/3827/1 5949/3828/1 2852/3829/1
f 548/3827/1 5950/3830/1 5949/3828/1
f 741/3831/1 1893/3832/1 5951/3833/1
f 834/3834/1 5952/3835/1 1986/3836/1
f 834/3834/1 5953/3837/1 5952/3835/1
f 835/3838/1 1987/3839/1 5954/3840/1
f 677/3841/1 5955/3842/1 1829/3843/1
f 677/3841/1 5956/3844/1 5955/3842/1
f 834/3834/1 1986/3836/1 5957/3845/1
f 545/3846/1 5958/3847/1 2849/3848/1
f 545/3846/1 5959/3849/1 5958/3847/1
f 742/3850/1 1894/3851/1 5960/3852/1
f 831/3853/1 5961/3854/1 1983/3855/1
f 831/3853/1 5962/3856/1 5961/3854/1
f 832/3857/1 1984/3858/1 5963/3859/1
f 741/3831/1 5964/3860/1 1893/3832/1
f 741/3831/1 5965/3861/1 5964/3860/1
f 831/3853/1 1983/3855/1 5966/3862/1
f 542/3863/1 5967/3864/1 2846/3865/1
f 542/3863/1 5968/3866/1 5967/3864/1
f 683/3867/1 1835/3868/1 5969/3869/1
f 828/3870/1 5970/3871/1 1980/3872/1
f 828/3870/1 5971/3873/1 5970/3871/1
f 829/3874/1 1981/3875/1 5972/3876/1
f 527/3877/1 5973/3878/1 2831/3879/1
f 527/3877/1 5974/3880/1 5973/3878/1
f 828/3870/1 1980/3872/1 5975/3881/1
f 539/3882/1 5976/3883/1 2843/3884/1
f 539/3882/1 5977/3885/1 5976/3883/1
f 744/3886/1 1896/3887/1 5978/3888/1
f 825/3889/1 5979/3890/1 1977/3891/1
f 825/3889/1 5980/3892/1 5979/3890/1
f 826/3893/1 1978/3894/1 5981/3895/1
f 675/1098/1 5982/3896/1 1827/1005/1
f 675/1098/1 5983/3897/1 5982/3896/1
f 825/3889/1 1977/3891/1 5984/3898/1
f 536/3899/1 5985/3900/1 2840/3901/1
f 536/3899/1 5986/3902/1 5985/3900/1
f 745/3903/1 1897/3904/1 5987/3905/1
f 822/3906/1 5988/3907/1 1974/3908/1
f 822/3906/1 5989/3909/1 5988/3907/1
f 823/3910/1 1975/3911/1 5990/3912/1
f 744/3886/1 5991/3913/1 1896/3887/1
f 744/3886/1 5992/3914/1 5991/3913/1
f 822/3906/1 1974/3908/1 5993/3915/1
f 533/3916/1 5994/3917/1 2837/3918/1
f 533/3916/1 5995/3919/1 5994/3917/1
f 676/3920/1 1828/3921/1 5996/3922/1
f 819/3923/1 5997/3924/1 1971/3925/1
f 819/3923/1 5998/3926/1 5997/3924/1
f 820/3927/1 1972/3928/1 5999/3929/1
f 530/3930/1 6000/3931/1 2834/3932/1
f 530/3930/1 6001/3933/1 6000/3931/1
f 819/3923/1 1971/3925/1 6002/3934/1
f 458/3935/1 6003/3936/1 2762/3937/1
f 458/3935/1 6004/3938/1 6003/3936/1
f 748/3939/1 1900/3940/1 6005/3941/1
f 816/3942/1 6006/3943/1 1968/3944/1
f 816/3942/1 6007/3945/1 6006/3943/1
f 817/3946/1 1969/3947/1 6008/3948/1
f 747/2994/1 6009/3949/1 1899/321/1
f 747/2994/1 6010/3950/1 6009/3949/1
f 816/3942/1 1968/3944/1 6011/3951/1
f 455/3952/1 6012/3953/1 2759/3954/1
f 455/3952/1 6013/3955/1 6012/3953/1
f 755/3956/1 1907/3957/1 6014/3958/1
f 813/3959/1 6015/3960/1 1965/3961/1
f 813/3959/1 6016/3962/1 6015/3960/1
f 814/3963/1 1966/3964/1 6017/3965/1
f 749/3966/1 6018/3967/1 1901/3968/1
f 749/3966/1 6019/3969/1 6018/3967/1
f 813/3959/1 1965/3961/1 6020/3970/1
f 452/3971/2 6021/3972/2 2756/3973/2
f 452/3971/2 6022/3974/2 6021/3972/2
f 408/3975/2 2712/3976/2 6023/3977/2
f 810/3978/2 6024/3979/2 1962/3980/2
f 810/3978/2 6025/3981/2 6024/3979/2
f 811/3982/2 1963/3983/2 6026/3984/2
f 751/3319/3 6027/3985/2 1903/283/3
f 751/3319/3 6028/3986/2 6027/3985/2
f 810/3978/2 1962/3980/2 6029/3987/2
f 449/3988/2 6030/3989/2 2753/3990/2
f 449/3988/2 6031/3991/2 6030/3989/2
f 415/3992/2 2719/3993/2 6032/3994/2
f 807/3995/2 6033/3996/2 1959/3997/2
f 807/3995/2 6034/3998/2 6033/3996/2
f 808/3999/2 1960/4000/2 6035/4001/2
f 417/4002/2 6036/4003/2 2721/4004/2
f 417/4002/2 6037/4005/2 6036/4003/2
f 807/3995/2 1959/3997/2 6038/4006/2
f 446/4007/4 6039/4008/4 2750/4009/4
f 446/4007/4 6040/4010/4 6039/4008/4
f 420/3975/4 2724/3976/4 6041/4011/4
f 804/4012/4 6042/4013/4 1956/4014/4
f 804/4012/4 6043/4015/4 6042/4013/4
f 805/4016/4 1957/4017/4 6044/4018/4
f 410/4019/4 6045/4020/4 2714/4021/4
f 410/4019/4 6046/4022/4 6045/4020/4
f 804/4012/4 1956/4014/4 6047/4023/4
f 443/4024/4 6048/4025/4 2747/4026/4
f 443/4024/4 6049/4027/4 6048/4025/4
f 418/4028/4 2722/4029/4 6050/4030/4
f 801/4031/4 6051/4032/4 1953/4033/4
f 801/4031/4 6052/4034/4 6051/4032/4
f 802/4035/4 1954/4036/4 6053/4037/4
f 408/4038/4 6054/4039/4 2712/4040/4
f 408/4038/4 6055/4041/4 6054/4039/4
f 801/4031/4 1953/4033/4 6056/4042/4
f 440/3971/5 6057/3972/5 2744/3973/5
f 440/3971/5 6058/3974/5 6057/3972/5
f 422/3975/5 2726/3976/5 6059/3977/5
f 798/3978/5 6060/3979/5 1950/3980/5
f 798/3978/5 6061/3981/5 6060/3979/5
f 799/3982/5 1951/3983/5 6062/3984/5
f 411/3319/6 6063/3985/6 2715/283/6
f 411/3319/6 6064/3986/5 6063/3985/6
f 798/3978/5 1950/3980/5 6065/3987/5
f 437/3988/7 6066/3989/7 2741/3990/5
f 437/3988/7 6067/3991/5 6066/3989/7
f 421/3992/5 2725/3993/5 6068/3994/5
f 795/3995/5 6069/3996/5 1947/3997/5
f 795/3995/5 6070/3998/5 6069/3996/5
f 796/3999/7 1948/4000/5 6071/4001/7
f 420/4002/7 6072/4003/7 2724/4004/7
f 420/4002/7 6073/4005/7 6072/4003/7
f 795/3995/5 1947/3997/5 6074/4006/7
f 434/4007/9 6075/4008/9 2738/4009/9
f 434/4007/9 6076/4010/9 6075/4008/9
f 417/3975/8 2721/3976/9 6077/4011/8
f 792/4012/9 6078/4013/8 1944/4014/8
f 792/4012/9 6079/4015/9 6078/4013/8
f 793/4016/9 1945/4017/8 6080/4018/8
f 754/4019/8 6081/4020/9 1906/4021/8
f 754/4019/8 6082/4022/9 6081/4020/9
f 792/4012/9 1944/4014/8 6083/4023/9
f 431/4024/9 6084/4025/9 2735/4026/9
f 431/4024/9 6085/4027/9 6084/4025/9
f 419/4028/9 2723/4029/9 6086/4030/9
f 789/4031/9 6087/4032/9 1941/4033/9
f 789/4031/9 6088/4034/9 6087/4032/9
f 790/4035/9 1942/4036/9 6089/4037/9
f 422/4038/9 6090/4039/9 2726/4040/9
f 422/4038/9 6091/4041/9 6090/4039/9
f 789/4031/9 1941/4033/9 6092/4042/9
f 428/4043/10 6093/4044/10 2732/4045/10
f 428/4043/10 6094/4046/10 6093/4044/10
f 754/4047/10 1906/4048/10 6095/4049/10
f 786/4050/10 6096/4051/10 1938/4052/10
f 786/4050/10 6097/4053/10 6096/4051/10
f 787/4054/10 1939/4055/10 6098/4056/10
f 409/3319/10 6099/4057/10 2713/283/10
f 409/3319/10 6100/4058/10 6099/4057/10
f 786/4050/10 1938/4052/10 6101/4059/10
f 425/4060/10 6102/4061/10 2729/4062/10
f 425/4060/10 6103/4063/10 6102/4061/10
f 756/4064/10 1908/4065/10 6104/4066/10
f 783/4067/10 6105/4068/10 1935/4069/10
f 783/4067/10 6106/4070/10 6105/4068/10
f 784/4071/10 1936/4072/10 6107/4073/10
f 752/4074/10 6108/4075/10 1904/4076/10
f 752/4074/10 6109/4077/10 6108/4075/10
f 783/4067/10 1935/4069/10 6110/4078/10
f 770/4079/10 6111/4080/10 1922/4081/10
f 770/4079/10 6112/4082/10 6111/4080/10
f 774/4083/10 1926/4084/10 6113/4085/10
f 391/1751/10 6114/4086/10 2695/812/10
f 391/1751/10 6115/4087/10 6114/4086/10
f 772/4088/10 1924/4089/10 6116/4090/10
f 404/4091/9 6117/4092/9 2708/4093/9
f 404/4091/9 6118/4094/9 6117/4092/9
f 401/4095/9 2705/4096/9 6119/4097/9
f 772/4098/8 6120/4099/9 1924/4100/8
f 772/4098/8 6121/4101/9 6120/4099/9
f 399/4102/9 2703/4103/8 6122/4104/9
f 402/4105/7 6123/4106/7 2706/4107/5
f 402/4105/7 6124/4108/5 6123/4106/7
f 403/4109/5 2707/4110/5 6125/4111/5
f 393/1751/6 6126/4112/5 2697/812/6
f 393/1751/6 6127/4113/5 6126/4112/5
f 404/4102/5 2708/4103/5 6128/4114/5
f 390/4091/4 6129/4092/4 2694/4093/4
f 390/4091/4 6130/4094/4 6129/4092/4
f 400/4095/4 2704/4096/4 6131/4097/4
f 392/4098/4 6132/4099/4 2696/4100/4
f 392/4098/4 6133/4101/4 6132/4099/4
f 402/4102/4 2706/4103/4 6134/4104/4
f 399/4105/2 6135/4106/2 2703/4107/2
f 399/4105/2 6136/4108/2 6135/4106/2
f 397/4109/2 2701/4110/2 6137/4111/2
f 769/1751/3 6138/4112/2 1921/812/3
f 769/1751/3 6139/4113/2 6138/4112/2
f 390/4102/2 2694/4103/2 6140/4114/2
f 767/4115/1 6141/4116/1 1919/4117/1
f 767/4115/1 6142/4118/1 6141/4116/1
f 773/4119/1 1925/4120/1 6143/4121/1
f 765/2076/1 6144/4122/1 1917/486/1
f 765/2076/1 6145/4123/1 6144/4122/1
f 766/4124/1 1918/4125/1 6146/4126/1
f 6146/4126/1 2689/1059/1 1537/1058/1
f 6146/4126/1 1918/4125/1 2689/1059/1
f 1918/4125/1 190/1044/1 2689/1059/1
f 6144/4122/1 6146/4126/1 1537/1058/1
f 6144/4122/1 6145/4123/1 6146/4126/1
f 6145/4123/1 766/4124/1 6146/4126/1
f 1917/486/1 3841/1043/1 189/484/1
f 1917/486/1 6144/4122/1 3841/1043/1
f 6144/4122/1 1537/1058/1 3841/1043/1
f 6143/4121/1 2686/1077/1 1534/1076/1
f 6143/4121/1 1925/4120/1 2686/1077/1
f 1925/4120/1 197/1038/1 2686/1077/1
f 6141/4116/1 6143/4121/1 1534/1076/1
f 6141/4116/1 6142/4118/1 6143/4121/1
f 6142/4118/1 773/4119/1 6143/4121/1
f 1919/4117/1 3838/1037/1 191/1034/1
f 1919/4117/1 6141/4116/1 3838/1037/1
f 6141/4116/1 1534/1076/1 3838/1037/1
f 6140/4114/2 2683/1096/2 1531/1095/2
f 6140/4114/2 2694/4103/2 2683/1096/2
f 2694/4103/2 102/1021/2 2683/1096/2
f 6138/4112/2 6140/4114/2 1531/1095/2
f 6138/4112/2 6139/4113/2 6140/4114/2
f 6139/4113/2 390/4102/2 6140/4114/2
f 1921/812/3 3835/1032/2 193/810/3
f 1921/812/3 6138/4112/2 3835/1032/2
f 6138/4112/2 1531/1095/2 3835/1032/2
f 6137/4111/2 2680/1114/2 1528/1113/2
f 6137/4111/2 2701/4110/2 2680/1114/2
f 2701/4110/2 109/1028/2 2680/1114/2
f 6135/4106/2 6137/4111/2 1528/1113/2
f 6135/4106/2 6136/4108/2 6137/4111/2
f 6136/4108/2 397/4109/2 6137/4111/2
f 2703/4107/2 3832/1027/2 111/1024/2
f 2703/4107/2 6135/4106/2 3832/1027/2
f 6135/4106/2 1528/1113/2 3832/1027/2
f 6134/4104/4 2677/1131/4 1525/1130/4
f 6134/4104/4 2706/4103/4 2677/1131/4
f 2706/4103/4 114/1021/4 2677/1131/4
f 6132/4099/4 6134/4104/4 1525/1130/4
f 6132/4099/4 6133/4101/4 6134/4104/4
f 6133/4101/4 402/4102/4 6134/4104/4
f 2696/4100/4 3829/1020/4 104/1017/4
f 2696/4100/4 6132/4099/4 3829/1020/4
f 6132/4099/4 1525/1130/4 3829/1020/4
f 6131/4097/4 2674/1150/4 1522/1149/4
f 6131/4097/4 2704/4096/4 2674/1150/4
f 2704/4096/4 112/1014/4 2674/1150/4
f 6129/4092/4 6131/4097/4 1522/1149/4
f 6129/4092/4 6130/4094/4 6131/4097/4
f 6130/4094/4 400/4095/4 6131/4097/4
f 2694/4093/4 3826/1013/4 102/1010/4
f 2694/4093/4 6129/4092/4 3826/1013/4
f 6129/4092/4 1522/1149/4 3826/1013/4
f 6128/4114/5 2671/1096/5 1519/1095/5
f 6128/4114/5 2708/4103/5 2671/1096/5
f 2708/4103/5 116/1021/5 2671/1096/5
f 6126/4112/5 6128/4114/5 1519/1095/5
f 6126/4112/5 6127/4113/5 6128/4114/5
f 6127/4113/5 404/4102/5 6128/4114/5
f 2697/812/6 3823/1032/5 105/810/6
f 2697/812/6 6126/4112/5 3823/1032/5
f 6126/4112/5 1519/1095/5 3823/1032/5
f 6125/4111/5 2668/1114/5 1516/1113/7
f 6125/4111/5 2707/4110/5 2668/1114/5
f 2707/4110/5 115/1028/5 2668/1114/5
f 6123/4106/7 6125/4111/5 1516/1113/7
f 6123/4106/7 6124/4108/5 6125/4111/5
f 6124/4108/5 403/4109/5 6125/4111/5
f 2706/4107/5 3820/1027/7 114/1024/5
f 2706/4107/5 6123/4106/7 3820/1027/7
f 6123/4106/7 1516/1113/7 3820/1027/7
f 6122/4104/9 2665/1131/8 1513/1130/9
f 6122/4104/9 2703/4103/8 2665/1131/8
f 2703/4103/8 111/1021/9 2665/1131/8
f 6120/4099/9 6122/4104/9 1513/1130/9
f 6120/4099/9 6121/4101/9 6122/4104/9
f 6121/4101/9 399/4102/9 6122/4104/9
f 1924/4100/8 3817/1020/9 196/1017/8
f 1924/4100/8 6120/4099/9 3817/1020/9
f 6120/4099/9 1513/1130/9 3817/1020/9
f 6119/4097/9 2662/1150/9 1510/1149/9
f 6119/4097/9 2705/4096/9 2662/1150/9
f 2705/4096/9 113/1014/9 2662/1150/9
f 6117/4092/9 6119/4097/9 1510/1149/9
f 6117/4092/9 6118/4094/9 6119/4097/9
f 6118/4094/9 401/4095/9 6119/4097/9
f 2708/4093/9 3814/1013/9 116/1010/9
f 2708/4093/9 6117/4092/9 3814/1013/9
f 6117/4092/9 1510/1149/9 3814/1013/9
f 6116/4090/10 2659/1169/10 1507/1168/10
f 6116/4090/10 1924/4089/10 2659/1169/10
f 1924/4089/10 196/1007/10 2659/1169/10
f 6114/4086/10 6116/4090/10 1507/1168/10
f 6114/4086/10 6115/4087/10 6116/4090/10
f 6115/4087/10 772/4088/10 6116/4090/10
f 2695/812/10 3811/1006/10 103/810/10
f 2695/812/10 6114/4086/10 3811/1006/10
f 6114/4086/10 1507/1168/10 3811/1006/10
f 6113/4085/10 2656/1186/10 1504/1185/10
f 6113/4085/10 1926/4084/10 2656/1186/10
f 1926/4084/10 198/1001/10 2656/1186/10
f 6111/4080/10 6113/4085/10 1504/1185/10
f 6111/4080/10 6112/4082/10 6113/4085/10
f 6112/4082/10 774/4083/10 6113/4085/10
f 1922/4081/10 3808/1000/10 194/997/10
f 1922/4081/10 6111/4080/10 3808/1000/10
f 6111/4080/10 1504/1185/10 3808/1000/10
f 6110/4078/10 2653/1205/10 1501/1204/10
f 6110/4078/10 1935/4069/10 2653/1205/10
f 1935/4069/10 207/985/10 2653/1205/10
f 6108/4075/10 6110/4078/10 1501/1204/10
f 6108/4075/10 6109/4077/10 6110/4078/10
f 6109/4077/10 783/4067/10 6110/4078/10
f 1904/4076/10 3805/995/10 176/992/10
f 1904/4076/10 6108/4075/10 3805/995/10
f 6108/4075/10 1501/1204/10 3805/995/10
f 6107/4073/10 2650/1224/10 1498/1223/10
f 6107/4073/10 1936/4072/10 2650/1224/10
f 1936/4072/10 208/989/10 2650/1224/10
f 6105/4068/10 6107/4073/10 1498/1223/10
f 6105/4068/10 6106/4070/10 6107/4073/10
f 6106/4070/10 784/4071/10 6107/4073/10
f 1935/4069/10 3802/988/10 207/985/10
f 1935/4069/10 6105/4068/10 3802/988/10
f 6105/4068/10 1498/1223/10 3802/988/10
f 6104/4066/10 2647/1241/10 1495/1240/10
f 6104/4066/10 1908/4065/10 2647/1241/10
f 1908/4065/10 180/982/10 2647/1241/10
f 6102/4061/10 6104/4066/10 1495/1240/10
f 6102/4061/10 6103/4063/10 6104/4066/10
f 6103/4063/10 756/4064/10 6104/4066/10
f 2729/4062/10 3799/981/10 137/978/10
f 2729/4062/10 6102/4061/10 3799/981/10
f 6102/4061/10 1495/1240/10 3799/981/10
f 6101/4059/10 2644/1260/10 1492/1259/10
f 6101/4059/10 1938/4052/10 2644/1260/10
f 1938/4052/10 210/968/10 2644/1260/10
f 6099/4057/10 6101/4059/10 1492/1259/10
f 6099/4057/10 6100/4058/10 6101/4059/10
f 6100/4058/10 786/4050/10 6101/4059/10
f 2713/283/10 3796/976/10 121/281/10
f 2713/283/10 6099/4057/10 3796/976/10
f 6099/4057/10 1492/1259/10 3796/976/10
f 6098/4056/10 2641/1278/10 1489/1277/10
f 6098/4056/10 1939/4055/10 2641/1278/10
f 1939/4055/10 211/972/10 2641/1278/10
f 6096/4051/10 6098/4056/10 1489/1277/10
f 6096/4051/10 6097/4053/10 6098/4056/10
f 6097/4053/10 787/4054/10 6098/4056/10
f 1938/4052/10 3793/971/10 210/968/10
f 1938/4052/10 6096/4051/10 3793/971/10
f 6096/4051/10 1489/1277/10 3793/971/10
f 6095/4049/10 2638/1295/10 1486/1294/10
f 6095/4049/10 1906/4048/10 2638/1295/10
f 1906/4048/10 178/965/10 2638/1295/10
f 6093/4044/10 6095/4049/10 1486/1294/10
f 6093/4044/10 6094/4046/10 6095/4049/10
f 6094/4046/10 754/4047/10 6095/4049/10
f 2732/4045/10 3790/964/10 140/961/10
f 2732/4045/10 6093/4044/10 3790/964/10
f 6093/4044/10 1486/1294/10 3790/964/10
f 6092/4042/9 2635/1314/9 1483/1313/9
f 6092/4042/9 1941/4033/9 2635/1314/9
f 1941/4033/9 213/949/9 2635/1314/9
f 6090/4039/9 6092/4042/9 1483/1313/9
f 6090/4039/9 6091/4041/9 6092/4042/9
f 6091/4041/9 789/4031/9 6092/4042/9
f 2726/4040/9 3787/959/9 134/956/9
f 2726/4040/9 6090/4039/9 3787/959/9
f 6090/4039/9 1483/1313/9 3787/959/9
f 6089/4037/9 2632/1333/9 1480/1332/9
f 6089/4037/9 1942/4036/9 2632/1333/9
f 1942/4036/9 214/953/9 2632/1333/9
f 6087/4032/9 6089/4037/9 1480/1332/9
f 6087/4032/9 6088/4034/9 6089/4037/9
f 6088/4034/9 790/4035/9 6089/4037/9
f 1941/4033/9 3784/952/9 213/949/9
f 1941/4033/9 6087/4032/9 3784/952/9
f 6087/4032/9 1480/1332/9 3784/952/9
f 6086/4030/9 2629/1350/9 1477/1349/9
f 6086/4030/9 2723/4029/9 2629/1350/9
f 2723/4029/9 131/946/9 2629/1350/9
f 6084/4025/9 6086/4030/9 1477/1349/9
f 6084/4025/9 6085/4027/9 6086/4030/9
f 6085/4027/9 419/4028/9 6086/4030/9
f 2735/4026/9 3781/945/9 143/942/9
f 2735/4026/9 6084/4025/9 3781/945/9
f 6084/4025/9 1477/1349/9 3781/945/9
f 6083/4023/9 2626/1369/8 1474/1368/9
f 6083/4023/9 1944/4014/8 2626/1369/8
f 1944/4014/8 216/930/9 2626/1369/8
f 6081/4020/9 6083/4023/9 1474/1368/9
f 6081/4020/9 6082/4022/9 6083/4023/9
f 6082/4022/9 792/4012/9 6083/4023/9
f 1906/4021/8 3778/940/9 178/937/8
f 1906/4021/8 6081/4020/9 3778/940/9
f 6081/4020/9 1474/1368/9 3778/940/9
f 6080/4018/8 2623/1388/9 1471/1387/9
f 6080/4018/8 1945/4017/8 2623/1388/9
f 1945/4017/8 217/934/9 2623/1388/9
f 6078/4013/8 6080/4018/8 1471/1387/9
f 6078/4013/8 6079/4015/9 6080/4018/8
f 6079/4015/9 793/4016/9 6080/4018/8
f 1944/4014/8 3775/933/9 216/930/9
f 1944/4014/8 6078/4013/8 3775/933/9
f 6078/4013/8 1471/1387/9 3775/933/9
f 6077/4011/8 2620/1405/9 1468/1404/8
f 6077/4011/8 2721/3976/9 2620/1405/9
f 2721/3976/9 129/892/9 2620/1405/9
f 6075/4008/9 6077/4011/8 1468/1404/8
f 6075/4008/9 6076/4010/9 6077/4011/8
f 6076/4010/9 417/3975/8 6077/4011/8
f 2738/4009/9 3772/928/9 146/925/9
f 2738/4009/9 6075/4008/9 3772/928/9
f 6075/4008/9 1468/1404/8 3772/928/9
f 6074/4006/7 2617/1424/7 1465/1423/7
f 6074/4006/7 1947/3997/5 2617/1424/7
f 1947/3997/5 219/913/5 2617/1424/7
f 6072/4003/7 6074/4006/7 1465/1423/7
f 6072/4003/7 6073/4005/7 6074/4006/7
f 6073/4005/7 795/3995/5 6074/4006/7
f 2724/4004/7 3769/923/5 132/920/5
f 2724/4004/7 6072/4003/7 3769/923/5
f 6072/4003/7 1465/1423/7 3769/923/5
f 6071/4001/7 2614/1443/5 1462/1442/7
f 6071/4001/7 1948/4000/5 2614/1443/5
f 1948/4000/5 220/917/5 2614/1443/5
f 6069/3996/5 6071/4001/7 1462/1442/7
f 6069/3996/5 6070/3998/5 6071/4001/7
f 6070/3998/5 796/3999/7 6071/4001/7
f 1947/3997/5 3766/916/5 219/913/5
f 1947/3997/5 6069/3996/5 3766/916/5
f 6069/3996/5 1462/1442/7 3766/916/5
f 6068/3994/5 2611/1460/7 1459/1459/7
f 6068/3994/5 2725/3993/5 2611/1460/7
f 2725/3993/5 133/910/5 2611/1460/7
f 6066/3989/7 6068/3994/5 1459/1459/7
f 6066/3989/7 6067/3991/5 6068/3994/5
f 6067/3991/5 421/3992/5 6068/3994/5
f 2741/3990/5 3763/909/5 149/906/5
f 2741/3990/5 6066/3989/7 3763/909/5
f 6066/3989/7 1459/1459/7 3763/909/5
f 6065/3987/5 2608/1479/5 1456/1478/5
f 6065/3987/5 1950/3980/5 2608/1479/5
f 1950/3980/5 222/895/5 2608/1479/5
f 6063/3985/6 6065/3987/5 1456/1478/5
f 6063/3985/6 6064/3986/5 6065/3987/5
f 6064/3986/5 798/3978/5 6065/3987/5
f 2715/283/6 3760/904/5 123/281/6
f 2715/283/6 6063/3985/6 3760/904/5
f 6063/3985/6 1456/1478/5 3760/904/5
f 6062/3984/5 2605/1496/5 1453/1495/5
f 6062/3984/5 1951/3983/5 2605/1496/5
f 1951/3983/5 223/899/5 2605/1496/5
f 6060/3979/5 6062/3984/5 1453/1495/5
f 6060/3979/5 6061/3981/5 6062/3984/5
f 6061/3981/5 799/3982/5 6062/3984/5
f 1950/3980/5 3757/898/5 222/895/5
f 1950/3980/5 6060/3979/5 3757/898/5
f 6060/3979/5 1453/1495/5 3757/898/5
f 6059/3977/5 2602/1511/5 1450/1510/5
f 6059/3977/5 2726/3976/5 2602/1511/5
f 2726/3976/5 134/892/5 2602/1511/5
f 6057/3972/5 6059/3977/5 1450/1510/5
f 6057/3972/5 6058/3974/5 6059/3977/5
f 6058/3974/5 422/3975/5 6059/3977/5
f 2744/3973/5 3754/891/5 152/888/5
f 2744/3973/5 6057/3972/5 3754/891/5
f 6057/3972/5 1450/1510/5 3754/891/5
f 6056/4042/4 2599/1314/4 1447/1313/4
f 6056/4042/4 1953/4033/4 2599/1314/4
f 1953/4033/4 225/949/4 2599/1314/4
f 6054/4039/4 6056/4042/4 1447/1313/4
f 6054/4039/4 6055/4041/4 6056/4042/4
f 6055/4041/4 801/4031/4 6056/4042/4
f 2712/4040/4 3751/959/4 120/956/4
f 2712/4040/4 6054/4039/4 3751/959/4
f 6054/4039/4 1447/1313/4 3751/959/4
f 6053/4037/4 2596/1333/4 1444/1332/4
f 6053/4037/4 1954/4036/4 2596/1333/4
f 1954/4036/4 226/953/4 2596/1333/4
f 6051/4032/4 6053/4037/4 1444/1332/4
f 6051/4032/4 6052/4034/4 6053/4037/4
f 6052/4034/4 802/4035/4 6053/4037/4
f 1953/4033/4 3748/952/4 225/949/4
f 1953/4033/4 6051/4032/4 3748/952/4
f 6051/4032/4 1444/1332/4 3748/952/4
f 6050/4030/4 2593/1350/4 1441/1349/4
f 6050/4030/4 2722/4029/4 2593/1350/4
f 2722/4029/4 130/946/4 2593/1350/4
f 6048/4025/4 6050/4030/4 1441/1349/4
f 6048/4025/4 6049/4027/4 6050/4030/4
f 6049/4027/4 418/4028/4 6050/4030/4
f 2747/4026/4 3745/945/4 155/942/4
f 2747/4026/4 6048/4025/4 3745/945/4
f 6048/4025/4 1441/1349/4 3745/945/4
f 6047/4023/4 2590/1369/4 1438/1368/4
f 6047/4023/4 1956/4014/4 2590/1369/4
f 1956/4014/4 228/930/4 2590/1369/4
f 6045/4020/4 6047/4023/4 1438/1368/4
f 6045/4020/4 6046/4022/4 6047/4023/4
f 6046/4022/4 804/4012/4 6047/4023/4
f 2714/4021/4 3742/940/4 122/937/4
f 2714/4021/4 6045/4020/4 3742/940/4
f 6045/4020/4 1438/1368/4 3742/940/4
f 6044/4018/4 2587/1388/4 1435/1387/4
f 6044/4018/4 1957/4017/4 2587/1388/4
f 1957/4017/4 229/934/4 2587/1388/4
f 6042/4013/4 6044/4018/4 1435/1387/4
f 6042/4013/4 6043/4015/4 6044/4018/4
f 6043/4015/4 805/4016/4 6044/4018/4
f 1956/4014/4 3739/933/4 228/930/4
f 1956/4014/4 6042/4013/4 3739/933/4
f 6042/4013/4 1435/1387/4 3739/933/4
f 6041/4011/4 2584/1405/4 1432/1404/4
f 6041/4011/4 2724/3976/4 2584/1405/4
f 2724/3976/4 132/892/4 2584/1405/4
f 6039/4008/4 6041/4011/4 1432/1404/4
f 6039/4008/4 6040/4010/4 6041/4011/4
f 6040/4010/4 420/3975/4 6041/4011/4
f 2750/4009/4 3736/928/4 158/925/4
f 2750/4009/4 6039/4008/4 3736/928/4
f 6039/4008/4 1432/1404/4 3736/928/4
f 6038/4006/2 2581/1424/2 1429/1423/2
f 6038/4006/2 1959/3997/2 2581/1424/2
f 1959/3997/2 231/913/2 2581/1424/2
f 6036/4003/2 6038/4006/2 1429/1423/2
f 6036/4003/2 6037/4005/2 6038/4006/2
f 6037/4005/2 807/3995/2 6038/4006/2
f 2721/4004/2 3733/923/2 129/920/2
f 2721/4004/2 6036/4003/2 3733/923/2
f 6036/4003/2 1429/1423/2 3733/923/2
f 6035/4001/2 2578/1443/2 1426/1442/2
f 6035/4001/2 1960/4000/2 2578/1443/2
f 1960/4000/2 232/917/2 2578/1443/2
f 6033/3996/2 6035/4001/2 1426/1442/2
f 6033/3996/2 6034/3998/2 6035/4001/2
f 6034/3998/2 808/3999/2 6035/4001/2
f 1959/3997/2 3730/916/2 231/913/2
f 1959/3997/2 6033/3996/2 3730/916/2
f 6033/3996/2 1426/1442/2 3730/916/2
f 6032/3994/2 2575/1460/3 1423/1459/2
f 6032/3994/2 2719/3993/2 2575/1460/3
f 2719/3993/2 127/910/2 2575/1460/3
f 6030/3989/2 6032/3994/2 1423/1459/2
f 6030/3989/2 6031/3991/2 6032/3994/2
f 6031/3991/2 415/3992/2 6032/3994/2
f 2753/3990/2 3727/909/2 161/906/2
f 2753/3990/2 6030/3989/2 3727/909/2
f 6030/3989/2 1423/1459/2 3727/909/2
f 6029/3987/2 2572/1479/2 1420/1478/2
f 6029/3987/2 1962/3980/2 2572/1479/2
f 1962/3980/2 234/895/2 2572/1479/2
f 6027/3985/2 6029/3987/2 1420/1478/2
f 6027/3985/2 6028/3986/2 6029/3987/2
f 6028/3986/2 810/3978/2 6029/3987/2
f 1903/283/3 3724/904/3 175/281/3
f 1903/283/3 6027/3985/2 3724/904/3
f 6027/3985/2 1420/1478/2 3724/904/3
f 6026/3984/2 2569/1496/2 1417/1495/2
f 6026/3984/2 1963/3983/2 2569/1496/2
f 1963/3983/2 235/899/2 2569/1496/2
f 6024/3979/2 6026/3984/2 1417/1495/2
f 6024/3979/2 6025/3981/2 6026/3984/2
f 6025/3981/2 811/3982/2 6026/3984/2
f 1962/3980/2 3721/898/2 234/895/2
f 1962/3980/2 6024/3979/2 3721/898/2
f 6024/3979/2 1417/1495/2 3721/898/2
f 6023/3977/2 2566/1511/2 1414/1510/2
f 6023/3977/2 2712/3976/2 2566/1511/2
f 2712/3976/2 120/892/2 2566/1511/2
f 6021/3972/2 6023/3977/2 1414/1510/2
f 6021/3972/2 6022/3974/2 6023/3977/2
f 6022/3974/2 408/3975/2 6023/3977/2
f 2756/3973/2 3718/891/2 164/888/2
f 2756/3973/2 6021/3972/2 3718/891/2
f 6021/3972/2 1414/1510/2 3718/891/2
f 6020/3970/1 2563/1530/1 1411/1529/1
f 6020/3970/1 1965/3961/1 2563/1530/1
f 1965/3961/1 237/876/1 2563/1530/1
f 6018/3967/1 6020/3970/1 1411/1529/1
f 6018/3967/1 6019/3969/1 6020/3970/1
f 6019/3969/1 813/3959/1 6020/3970/1
f 1901/3968/1 3715/886/1 173/883/1
f 1901/3968/1 6018/3967/1 3715/886/1
f 6018/3967/1 1411/1529/1 3715/886/1
f 6017/3965/1 2560/1549/1 1408/1548/1
f 6017/3965/1 1966/3964/1 2560/1549/1
f 1966/3964/1 238/880/1 2560/1549/1
f 6015/3960/1 6017/3965/1 1408/1548/1
f 6015/3960/1 6016/3962/1 6017/3965/1
f 6016/3962/1 814/3963/1 6017/3965/1
f 1965/3961/1 3712/879/1 237/876/1
f 1965/3961/1 6015/3960/1 3712/879/1
f 6015/3960/1 1408/1548/1 3712/879/1
f 6014/3958/1 2557/1566/1 1405/1565/1
f 6014/3958/1 1907/3957/1 2557/1566/1
f 1907/3957/1 179/873/1 2557/1566/1
f 6012/3953/1 6014/3958/1 1405/1565/1
f 6012/3953/1 6013/3955/1 6014/3958/1
f 6013/3955/1 755/3956/1 6014/3958/1
f 2759/3954/1 3709/872/1 167/869/1
f 2759/3954/1 6012/3953/1 3709/872/1
f 6012/3953/1 1405/1565/1 3709/872/1
f 6011/3951/1 2554/1585/1 1402/1584/1
f 6011/3951/1 1968/3944/1 2554/1585/1
f 1968/3944/1 240/858/1 2554/1585/1
f 6009/3949/1 6011/3951/1 1402/1584/1
f 6009/3949/1 6010/3950/1 6011/3951/1
f 6010/3950/1 816/3942/1 6011/3951/1
f 1899/321/1 3706/867/1 171/319/1
f 1899/321/1 6009/3949/1 3706/867/1
f 6009/3949/1 1402/1584/1 3706/867/1
f 6008/3948/1 2551/1603/1 1399/1602/1
f 6008/3948/1 1969/3947/1 2551/1603/1
f 1969/3947/1 241/862/1 2551/1603/1
f 6006/3943/1 6008/3948/1 1399/1602/1
f 6006/3943/1 6007/3945/1 6008/3948/1
f 6007/3945/1 817/3946/1 6008/3948/1
f 1968/3944/1 3703/861/1 240/858/1
f 1968/3944/1 6006/3943/1 3703/861/1
f 6006/3943/1 1399/1602/1 3703/861/1
f 6005/3941/1 2548/1620/1 1396/1619/1
f 6005/3941/1 1900/3940/1 2548/1620/1
f 1900/3940/1 172/855/1 2548/1620/1
f 6003/3936/1 6005/3941/1 1396/1619/1
f 6003/3936/1 6004/3938/1 6005/3941/1
f 6004/3938/1 748/3939/1 6005/3941/1
f 2762/3937/1 3700/854/1 170/851/1
f 2762/3937/1 6003/3936/1 3700/854/1
f 6003/3936/1 1396/1619/1 3700/854/1
f 6002/3934/1 2545/1639/1 1393/1638/1
f 6002/3934/1 1971/3925/1 2545/1639/1
f 1971/3925/1 243/839/1 2545/1639/1
f 6000/3931/1 6002/3934/1 1393/1638/1
f 6000/3931/1 6001/3933/1 6002/3934/1
f 6001/3933/1 819/3923/1 6002/3934/1
f 2834/3932/1 3697/849/1 242/846/1
f 2834/3932/1 6000/3931/1 3697/849/1
f 6000/3931/1 1393/1638/1 3697/849/1
f 5999/3929/1 2542/1658/1 1390/1657/1
f 5999/3929/1 1972/3928/1 2542/1658/1
f 1972/3928/1 244/843/1 2542/1658/1
f 5997/3924/1 5999/3929/1 1390/1657/1
f 5997/3924/1 5998/3926/1 5999/3929/1
f 5998/3926/1 820/3927/1 5999/3929/1
f 1971/3925/1 3694/842/1 243/839/1
f 1971/3925/1 5997/3924/1 3694/842/1
f 5997/3924/1 1390/1657/1 3694/842/1
f 5996/3922/1 2539/1675/1 1387/1674/1
f 5996/3922/1 1828/3921/1 2539/1675/1
f 1828/3921/1 100/836/1 2539/1675/1
f 5994/3917/1 5996/3922/1 1387/1674/1
f 5994/3917/1 5995/3919/1 5996/3922/1
f 5995/3919/1 676/3920/1 5996/3922/1
f 2837/3918/1 3691/835/1 245/832/1
f 2837/3918/1 5994/3917/1 3691/835/1
f 5994/3917/1 1387/1674/1 3691/835/1
f 5993/3915/1 2536/1694/1 1384/1693/1
f 5993/3915/1 1974/3908/1 2536/1694/1
f 1974/3908/1 246/822/1 2536/1694/1
f 5991/3913/1 5993/3915/1 1384/1693/1
f 5991/3913/1 5992/3914/1 5993/3915/1
f 5992/3914/1 822/3906/1 5993/3915/1
f 1896/3887/1 3688/830/1 168/800/1
f 1896/3887/1 5991/3913/1 3688/830/1
f 5991/3913/1 1384/1693/1 3688/830/1
f 5990/3912/1 2533/1713/1 1381/1712/1
f 5990/3912/1 1975/3911/1 2533/1713/1
f 1975/3911/1 247/826/1 2533/1713/1
f 5988/3907/1 5990/3912/1 1381/1712/1
f 5988/3907/1 5989/3909/1 5990/3912/1
f 5989/3909/1 823/3910/1 5990/3912/1
f 1974/3908/1 3685/825/1 246/822/1
f 1974/3908/1 5988/3907/1 3685/825/1
f 5988/3907/1 1381/1712/1 3685/825/1
f 5987/3905/1 2530/1730/1 1378/1729/1
f 5987/3905/1 1897/3904/1 2530/1730/1
f 1897/3904/1 169/819/1 2530/1730/1
f 5985/3900/1 5987/3905/1 1378/1729/1
f 5985/3900/1 5986/3902/1 5987/3905/1
f 5986/3902/1 745/3903/1 5987/3905/1
f 2840/3901/1 3682/818/1 248/815/1
f 2840/3901/1 5985/3900/1 3682/818/1
f 5985/3900/1 1378/1729/1 3682/818/1
f 5984/3898/1 2527/1749/1 1375/1748/1
f 5984/3898/1 1977/3891/1 2527/1749/1
f 1977/3891/1 249/803/1 2527/1749/1
f 5982/3896/1 5984/3898/1 1375/1748/1
f 5982/3896/1 5983/3897/1 5984/3898/1
f 5983/3897/1 825/3889/1 5984/3898/1
f 1827/1005/1 3679/813/1 99/810/1
f 1827/1005/1 5982/3896/1 3679/813/1
f 5982/3896/1 1375/1748/1 3679/813/1
f 5981/3895/1 2524/1767/1 1372/1766/1
f 5981/3895/1 1978/3894/1 2524/1767/1
f 1978/3894/1 250/807/1 2524/1767/1
f 5979/3890/1 5981/3895/1 1372/1766/1
f 5979/3890/1 5980/3892/1 5981/3895/1
f 5980/3892/1 826/3893/1 5981/3895/1
f 1977/3891/1 3676/806/1 249/803/1
f 1977/3891/1 5979/3890/1 3676/806/1
f 5979/3890/1 1372/1766/1 3676/806/1
f 5978/3888/1 2521/1782/1 1369/1781/1
f 5978/3888/1 1896/3887/1 2521/1782/1
f 1896/3887/1 168/800/1 2521/1782/1
f 5976/3883/1 5978/3888/1 1369/1781/1
f 5976/3883/1 5977/3885/1 5978/3888/1
f 5977/3885/1 744/3886/1 5978/3888/1
f 2843/3884/1 3673/799/1 251/796/1
f 2843/3884/1 5976/3883/1 3673/799/1
f 5976/3883/1 1369/1781/1 3673/799/1
f 5975/3881/1 2518/1801/1 1366/1800/1
f 5975/3881/1 1980/3872/1 2518/1801/1
f 1980/3872/1 252/784/1 2518/1801/1
f 5973/3878/1 5975/3881/1 1366/1800/1
f 5973/3878/1 5974/3880/1 5975/3881/1
f 5974/3880/1 828/3870/1 5975/3881/1
f 2831/3879/1 3670/794/1 239/791/1
f 2831/3879/1 5973/3878/1 3670/794/1
f 5973/3878/1 1366/1800/1 3670/794/1
f 5972/3876/1 2515/1820/1 1363/1819/1
f 5972/3876/1 1981/3875/1 2515/1820/1
f 1981/3875/1 253/788/1 2515/1820/1
f 5970/3871/1 5972/3876/1 1363/1819/1
f 5970/3871/1 5971/3873/1 5972/3876/1
f 5971/3873/1 829/3874/1 5972/3876/1
f 1980/3872/1 3667/787/1 252/784/1
f 1980/3872/1 5970/3871/1 3667/787/1
f 5970/3871/1 1363/1819/1 3667/787/1
f 5969/3869/1 2512/1837/1 1360/1836/1
f 5969/3869/1 1835/3868/1 2512/1837/1
f 1835/3868/1 107/781/1 2512/1837/1
f 5967/3864/1 5969/3869/1 1360/1836/1
f 5967/3864/1 5968/3866/1 5969/3869/1
f 5968/3866/1 683/3867/1 5969/3869/1
f 2846/3865/1 3664/780/1 254/777/1
f 2846/3865/1 5967/3864/1 3664/780/1
f 5967/3864/1 1360/1836/1 3664/780/1
f 5966/3862/1 2509/1856/1 1357/1855/1
f 5966/3862/1 1983/3855/1 2509/1856/1
f 1983/3855/1 255/767/1 2509/1856/1
f 5964/3860/1 5966/3862/1 1357/1855/1
f 5964/3860/1 5965/3861/1 5966/3862/1
f 5965/3861/1 831/3853/1 5966/3862/1
f 1893/3832/1 3661/775/1 165/745/1
f 1893/3832/1 5964/3860/1 3661/775/1
f 5964/3860/1 1357/1855/1 3661/775/1
f 5963/3859/1 2506/1875/1 1354/1874/1
f 5963/3859/1 1984/3858/1 2506/1875/1
f 1984/3858/1 256/771/1 2506/1875/1
f 5961/3854/1 5963/3859/1 1354/1874/1
f 5961/3854/1 5962/3856/1 5963/3859/1
f 5962/3856/1 832/3857/1 5963/3859/1
f 1983/3855/1 3658/770/1 255/767/1
f 1983/3855/1 5961/3854/1 3658/770/1
f 5961/3854/1 1354/1874/1 3658/770/1
f 5960/3852/1 2503/1892/1 1351/1891/1
f 5960/3852/1 1894/3851/1 2503/1892/1
f 1894/3851/1 166/764/1 2503/1892/1
f 5958/3847/1 5960/3852/1 1351/1891/1
f 5958/3847/1 5959/3849/1 5960/3852/1
f 5959/3849/1 742/3850/1 5960/3852/1
f 2849/3848/1 3655/763/1 257/760/1
f 2849/3848/1 5958/3847/1 3655/763/1
f 5958/3847/1 1351/1891/1 3655/763/1
f 5957/3845/1 2500/1911/1 1348/1910/1
f 5957/3845/1 1986/3836/1 2500/1911/1
f 1986/3836/1 258/748/1 2500/1911/1
f 5955/3842/1 5957/3845/1 1348/1910/1
f 5955/3842/1 5956/3844/1 5957/3845/1
f 5956/3844/1 834/3834/1 5957/3845/1
f 1829/3843/1 3652/758/1 101/755/1
f 1829/3843/1 5955/3842/1 3652/758/1
f 5955/3842/1 1348/1910/1 3652/758/1
f 5954/3840/1 2497/1930/1 1345/1929/1
f 5954/3840/1 1987/3839/1 2497/1930/1
f 1987/3839/1 259/752/1 2497/1930/1
f 5952/3835/1 5954/3840/1 1345/1929/1
f 5952/3835/1 5953/3837/1 5954/3840/1
f 5953/3837/1 835/3838/1 5954/3840/1
f 1986/3836/1 3649/751/1 258/748/1
f 1986/3836/1 5952/3835/1 3649/751/1
f 5952/3835/1 1345/1929/1 3649/751/1
f 5951/3833/1 2494/1945/1 1342/1944/1
f 5951/3833/1 1893/3832/1 2494/1945/1
f 1893/3832/1 165/745/1 2494/1945/1
f 5949/3828/1 5951/3833/1 1342/1944/1
f 5949/3828/1 5950/3830/1 5951/3833/1
f 5950/3830/1 741/3831/1 5951/3833/1
f 2852/3829/1 3646/744/1 260/741/1
f 2852/3829/1 5949/3828/1 3646/744/1
f 5949/3828/1 1342/1944/1 3646/744/1
f 5948/3826/2 2491/1964/2 1339/1963/2
f 5948/3826/2 1989/3817/2 2491/1964/2
f 1989/3817/2 261/729/2 2491/1964/2
f 5946/3823/2 5948/3826/2 1339/1963/2
f 5946/3823/2 5947/3825/2 5948/3826/2
f 5947/3825/2 837/3815/2 5948/3826/2
f 2828/3824/2 3643/739/2 236/736/2
f 2828/3824/2 5946/3823/2 3643/739/2
f 5946/3823/2 1339/1963/2 3643/739/2
f 5945/3821/2 2488/1983/2 1336/1982/2
f 5945/3821/2 1990/3820/2 2488/1983/2
f 1990/3820/2 262/733/2 2488/1983/2
f 5943/3816/2 5945/3821/2 1336/1982/2
f 5943/3816/2 5944/3818/2 5945/3821/2
f 5944/3818/2 838/3819/2 5945/3821/2
f 1989/3817/2 3640/732/2 261/729/2
f 1989/3817/2 5943/3816/2 3640/732/2
f 5943/3816/2 1336/1982/2 3640/732/2
f 5942/3814/2 2485/2000/2 1333/1999/2
f 5942/3814/2 2784/3707/2 2485/2000/2
f 2784/3707/2 192/620/2 2485/2000/2
f 5940/3811/2 5942/3814/2 1333/1999/2
f 5940/3811/2 5941/3813/2 5942/3814/2
f 5941/3813/2 480/3706/2 5942/3814/2
f 2855/3812/2 3637/727/2 263/724/2
f 2855/3812/2 5940/3811/2 3637/727/2
f 5940/3811/2 1333/1999/2 3637/727/2
f 5939/3809/2 2482/2019/2 1330/2018/2
f 5939/3809/2 1992/3802/2 2482/2019/2
f 1992/3802/2 264/714/2 2482/2019/2
f 5937/3807/2 5939/3809/2 1330/2018/2
f 5937/3807/2 5938/3808/2 5939/3809/2
f 5938/3808/2 840/3800/2 5939/3809/2
f 1890/3781/2 3634/722/2 162/694/2
f 1890/3781/2 5937/3807/2 3634/722/2
f 5937/3807/2 1330/2018/2 3634/722/2
f 5936/3806/2 2479/2038/2 1327/2037/2
f 5936/3806/2 1993/3805/2 2479/2038/2
f 1993/3805/2 265/718/2 2479/2038/2
f 5934/3801/2 5936/3806/2 1327/2037/2
f 5934/3801/2 5935/3803/2 5936/3806/2
f 5935/3803/2 841/3804/2 5936/3806/2
f 1992/3802/2 3631/717/2 264/714/2
f 1992/3802/2 5934/3801/2 3631/717/2
f 5934/3801/2 1327/2037/2 3631/717/2
f 5933/3799/2 2476/2055/2 1324/2054/2
f 5933/3799/2 1891/3798/2 2476/2055/2
f 1891/3798/2 163/711/2 2476/2055/2
f 5931/3794/2 5933/3799/2 1324/2054/2
f 5931/3794/2 5932/3796/2 5933/3799/2
f 5932/3796/2 739/3797/2 5933/3799/2
f 2858/3795/2 3628/710/2 266/707/2
f 2858/3795/2 5931/3794/2 3628/710/2
f 5931/3794/2 1324/2054/2 3628/710/2
f 5930/3792/2 2473/2074/2 1321/2073/2
f 5930/3792/2 1995/3785/2 2473/2074/2
f 1995/3785/2 267/697/2 2473/2074/2
f 5928/3790/2 5930/3792/2 1321/2073/2
f 5928/3790/2 5929/3791/2 5930/3792/2
f 5929/3791/2 843/3783/2 5930/3792/2
f 1831/1042/3 3625/705/2 103/484/3
f 1831/1042/3 5928/3790/2 3625/705/2
f 5928/3790/2 1321/2073/2 3625/705/2
f 5927/3789/2 2470/2092/2 1318/2091/2
f 5927/3789/2 1996/3788/2 2470/2092/2
f 1996/3788/2 268/701/2 2470/2092/2
f 5925/3784/2 5927/3789/2 1318/2091/2
f 5925/3784/2 5926/3786/2 5927/3789/2
f 5926/3786/2 844/3787/2 5927/3789/2
f 1995/3785/2 3622/700/2 267/697/2
f 1995/3785/2 5925/3784/2 3622/700/2
f 5925/3784/2 1318/2091/2 3622/700/2
f 5924/3782/2 2467/2107/2 1315/2106/2
f 5924/3782/2 1890/3781/2 2467/2107/2
f 1890/3781/2 162/694/2 2467/2107/2
f 5922/3777/2 5924/3782/2 1315/2106/2
f 5922/3777/2 5923/3779/2 5924/3782/2
f 5923/3779/2 738/3780/2 5924/3782/2
f 2861/3778/2 3619/693/2 269/690/2
f 2861/3778/2 5922/3777/2 3619/693/2
f 5922/3777/2 1315/2106/2 3619/693/2
f 5921/3775/2 2464/2126/2 1312/2125/2
f 5921/3775/2 1998/3766/2 2464/2126/2
f 1998/3766/2 270/678/2 2464/2126/2
f 5919/3772/2 5921/3775/2 1312/2125/2
f 5919/3772/2 5920/3774/2 5921/3775/2
f 5920/3774/2 846/3764/2 5921/3775/2
f 2825/3773/2 3616/688/2 233/685/2
f 2825/3773/2 5919/3772/2 3616/688/2
f 5919/3772/2 1312/2125/2 3616/688/2
f 5918/3770/3 2461/2145/2 1309/2144/2
f 5918/3770/3 1999/3769/3 2461/2145/2
f 1999/3769/3 271/682/2 2461/2145/2
f 5916/3765/2 5918/3770/3 1309/2144/2
f 5916/3765/2 5917/3767/2 5918/3770/3
f 5917/3767/2 847/3768/2 5918/3770/3
f 1998/3766/2 3613/681/2 270/678/2
f 1998/3766/2 5916/3765/2 3613/681/2
f 5916/3765/2 1309/2144/2 3613/681/2
f 5915/3763/2 2458/2162/2 1306/2161/2
f 5915/3763/2 2791/3762/2 2458/2162/2
f 2791/3762/2 199/675/2 2458/2162/2
f 5913/3758/2 5915/3763/2 1306/2161/2
f 5913/3758/2 5914/3760/2 5915/3763/2
f 5914/3760/2 487/3761/2 5915/3763/2
f 2864/3759/2 3610/674/2 272/671/2
f 2864/3759/2 5913/3758/2 3610/674/2
f 5913/3758/2 1306/2161/2 3610/674/2
f 5912/3756/2 2455/2181/3 1303/2180/2
f 5912/3756/2 2001/3749/2 2455/2181/3
f 2001/3749/2 273/661/3 2455/2181/3
f 5910/3754/2 5912/3756/2 1303/2180/2
f 5910/3754/2 5911/3755/2 5912/3756/2
f 5911/3755/2 849/3747/2 5912/3756/2
f 1887/3726/2 3607/669/2 159/639/2
f 1887/3726/2 5910/3754/2 3607/669/2
f 5910/3754/2 1303/2180/2 3607/669/2
f 5909/3753/2 2452/2200/2 1300/2199/11
f 5909/3753/2 2002/3752/2 2452/2200/2
f 2002/3752/2 274/665/2 2452/2200/2
f 5907/3748/11 5909/3753/2 1300/2199/11
f 5907/3748/11 5908/3750/2 5909/3753/2
f 5908/3750/2 850/3751/2 5909/3753/2
f 2001/3749/2 3604/664/2 273/661/3
f 2001/3749/2 5907/3748/11 3604/664/2
f 5907/3748/11 1300/2199/11 3604/664/2
f 5906/3746/2 2449/2217/2 1297/2216/3
f 5906/3746/2 1888/3745/2 2449/2217/2
f 1888/3745/2 160/658/2 2449/2217/2
f 5904/3741/2 5906/3746/2 1297/2216/3
f 5904/3741/2 5905/3743/2 5906/3746/2
f 5905/3743/2 736/3744/2 5906/3746/2
f 2867/3742/2 3601/657/3 275/654/3
f 2867/3742/2 5904/3741/2 3601/657/3
f 5904/3741/2 1297/2216/3 3601/657/3
f 5903/3739/2 2446/2236/2 1294/2235/2
f 5903/3739/2 2004/3730/2 2446/2236/2
f 2004/3730/2 276/642/2 2446/2236/2
f 5901/3736/2 5903/3739/2 1294/2235/2
f 5901/3736/2 5902/3738/2 5903/3739/2
f 5902/3738/2 852/3728/2 5903/3739/2
f 2793/3737/2 3598/652/2 201/649/2
f 2793/3737/2 5901/3736/2 3598/652/2
f 5901/3736/2 1294/2235/2 3598/652/2
f 5900/3734/2 2443/2255/2 1291/2254/2
f 5900/3734/2 2005/3733/2 2443/2255/2
f 2005/3733/2 277/646/2 2443/2255/2
f 5898/3729/2 5900/3734/2 1291/2254/2
f 5898/3729/2 5899/3731/2 5900/3734/2
f 5899/3731/2 853/3732/2 5900/3734/2
f 2004/3730/2 3595/645/2 276/642/2
f 2004/3730/2 5898/3729/2 3595/645/2
f 5898/3729/2 1291/2254/2 3595/645/2
f 5897/3727/2 2440/2270/2 1288/2269/2
f 5897/3727/2 1887/3726/2 2440/2270/2
f 1887/3726/2 159/639/2 2440/2270/2
f 5895/3722/2 5897/3727/2 1288/2269/2
f 5895/3722/2 5896/3724/2 5897/3727/2
f 5896/3724/2 735/3725/2 5897/3727/2
f 2870/3723/2 3592/638/2 278/635/2
f 2870/3723/2 5895/3722/2 3592/638/2
f 5895/3722/2 1288/2269/2 3592/638/2
f 5894/3720/4 2437/2289/4 1285/2288/4
f 5894/3720/4 2007/3711/4 2437/2289/4
f 2007/3711/4 279/623/4 2437/2289/4
f 5892/3717/4 5894/3720/4 1285/2288/4
f 5892/3717/4 5893/3719/4 5894/3720/4
f 5893/3719/4 855/3709/4 5894/3720/4
f 2822/3718/4 3589/633/4 230/630/4
f 2822/3718/4 5892/3717/4 3589/633/4
f 5892/3717/4 1285/2288/4 3589/633/4
f 5891/3715/4 2434/2308/4 1282/2307/4
f 5891/3715/4 2008/3714/4 2434/2308/4
f 2008/3714/4 280/627/4 2434/2308/4
f 5889/3710/4 5891/3715/4 1282/2307/4
f 5889/3710/4 5890/3712/4 5891/3715/4
f 5890/3712/4 856/3713/4 5891/3715/4
f 2007/3711/4 3586/626/4 279/623/4
f 2007/3711/4 5889/3710/4 3586/626/4
f 5889/3710/4 1282/2307/4 3586/626/4
f 5888/3708/4 2431/2323/4 1279/2322/4
f 5888/3708/4 2796/3707/4 2431/2323/4
f 2796/3707/4 204/620/4 2431/2323/4
f 5886/3703/4 5888/3708/4 1279/2322/4
f 5886/3703/4 5887/3705/4 5888/3708/4
f 5887/3705/4 492/3706/4 5888/3708/4
f 2873/3704/4 3583/619/4 281/616/4
f 2873/3704/4 5886/3703/4 3583/619/4
f 5886/3703/4 1279/2322/4 3583/619/4
f 5885/3701/4 2428/2342/4 1276/2341/4
f 5885/3701/4 2010/3694/4 2428/2342/4
f 2010/3694/4 282/606/4 2428/2342/4
f 5883/3699/4 5885/3701/4 1276/2341/4
f 5883/3699/4 5884/3700/4 5885/3701/4
f 5884/3700/4 858/3692/4 5885/3701/4
f 1884/3671/4 3580/614/4 156/584/4
f 1884/3671/4 5883/3699/4 3580/614/4
f 5883/3699/4 1276/2341/4 3580/614/4
f 5882/3698/4 2425/2361/4 1273/2360/4
f 5882/3698/4 2011/3697/4 2425/2361/4
f 2011/3697/4 283/610/4 2425/2361/4
f 5880/3693/4 5882/3698/4 1273/2360/4
f 5880/3693/4 5881/3695/4 5882/3698/4
f 5881/3695/4 859/3696/4 5882/3698/4
f 2010/3694/4 3577/609/4 282/606/4
f 2010/3694/4 5880/3693/4 3577/609/4
f 5880/3693/4 1273/2360/4 3577/609/4
f 5879/3691/4 2422/2378/4 1270/2377/4
f 5879/3691/4 1885/3690/4 2422/2378/4
f 1885/3690/4 157/603/4 2422/2378/4
f 5877/3686/4 5879/3691/4 1270/2377/4
f 5877/3686/4 5878/3688/4 5879/3691/4
f 5878/3688/4 733/3689/4 5879/3691/4
f 2876/3687/4 3574/602/4 284/599/4
f 2876/3687/4 5877/3686/4 3574/602/4
f 5877/3686/4 1270/2377/4 3574/602/4
f 5876/3684/4 2419/2397/4 1267/2396/4
f 5876/3684/4 2013/3675/4 2419/2397/4
f 2013/3675/4 285/587/4 2419/2397/4
f 5874/3681/4 5876/3684/4 1267/2396/4
f 5874/3681/4 5875/3683/4 5876/3684/4
f 5875/3683/4 861/3673/4 5876/3684/4
f 2786/3682/4 3571/597/4 194/594/4
f 2786/3682/4 5874/3681/4 3571/597/4
f 5874/3681/4 1267/2396/4 3571/597/4
f 5873/3679/4 2416/2416/4 1264/2415/4
f 5873/3679/4 2014/3678/4 2416/2416/4
f 2014/3678/4 286/591/4 2416/2416/4
f 5871/3674/4 5873/3679/4 1264/2415/4
f 5871/3674/4 5872/3676/4 5873/3679/4
f 5872/3676/4 862/3677/4 5873/3679/4
f 2013/3675/4 3568/590/4 285/587/4
f 2013/3675/4 5871/3674/4 3568/590/4
f 5871/3674/4 1264/2415/4 3568/590/4
f 5870/3672/4 2413/2431/4 1261/2430/4
f 5870/3672/4 1884/3671/4 2413/2431/4
f 1884/3671/4 156/584/4 2413/2431/4
f 5868/3667/4 5870/3672/4 1261/2430/4
f 5868/3667/4 5869/3669/4 5870/3672/4
f 5869/3669/4 732/3670/4 5870/3672/4
f 2879/3668/4 3565/583/4 287/580/4
f 2879/3668/4 5868/3667/4 3565/583/4
f 5868/3667/4 1261/2430/4 3565/583/4
f 5867/3665/4 2410/2450/4 1258/2449/4
f 5867/3665/4 2016/3656/4 2410/2450/4
f 2016/3656/4 288/568/4 2410/2450/4
f 5865/3662/4 5867/3665/4 1258/2449/4
f 5865/3662/4 5866/3664/4 5867/3665/4
f 5866/3664/4 864/3654/4 5867/3665/4
f 2819/3663/4 3562/578/4 227/575/4
f 2819/3663/4 5865/3662/4 3562/578/4
f 5865/3662/4 1258/2449/4 3562/578/4
f 5864/3660/4 2407/2469/4 1255/2468/4
f 5864/3660/4 2017/3659/4 2407/2469/4
f 2017/3659/4 289/572/4 2407/2469/4
f 5862/3655/4 5864/3660/4 1255/2468/4
f 5862/3655/4 5863/3657/4 5864/3660/4
f 5863/3657/4 865/3658/4 5864/3660/4
f 2016/3656/4 3559/571/4 288/568/4
f 2016/3656/4 5862/3655/4 3559/571/4
f 5862/3655/4 1255/2468/4 3559/571/4
f 5861/3653/4 2404/2486/4 1252/2485/4
f 5861/3653/4 2794/3652/4 2404/2486/4
f 2794/3652/4 202/565/4 2404/2486/4
f 5859/3648/4 5861/3653/4 1252/2485/4
f 5859/3648/4 5860/3650/4 5861/3653/4
f 5860/3650/4 490/3651/4 5861/3653/4
f 2882/3649/4 3556/564/4 290/561/4
f 2882/3649/4 5859/3648/4 3556/564/4
f 5859/3648/4 1252/2485/4 3556/564/4
f 5858/3646/4 2401/2505/4 1249/2504/4
f 5858/3646/4 2019/3639/4 2401/2505/4
f 2019/3639/4 291/551/4 2401/2505/4
f 5856/3644/4 5858/3646/4 1249/2504/4
f 5856/3644/4 5857/3645/4 5858/3646/4
f 5857/3645/4 867/3637/4 5858/3646/4
f 1881/3616/4 3553/559/4 153/529/4
f 1881/3616/4 5856/3644/4 3553/559/4
f 5856/3644/4 1249/2504/4 3553/559/4
f 5855/3643/4 2398/2524/4 1246/2523/4
f 5855/3643/4 2020/3642/4 2398/2524/4
f 2020/3642/4 292/555/4 2398/2524/4
f 5853/3638/4 5855/3643/4 1246/2523/4
f 5853/3638/4 5854/3640/4 5855/3643/4
f 5854/3640/4 868/3641/4 5855/3643/4
f 2019/3639/4 3550/554/4 291/551/4
f 2019/3639/4 5853/3638/4 3550/554/4
f 5853/3638/4 1246/2523/4 3550/554/4
f 5852/3636/4 2395/2541/4 1243/2540/4
f 5852/3636/4 1882/3635/4 2395/2541/4
f 1882/3635/4 154/548/4 2395/2541/4
f 5850/3631/4 5852/3636/4 1243/2540/4
f 5850/3631/4 5851/3633/4 5852/3636/4
f 5851/3633/4 730/3634/4 5852/3636/4
f 2885/3632/4 3547/547/4 293/544/4
f 2885/3632/4 5850/3631/4 3547/547/4
f 5850/3631/4 1243/2540/4 3547/547/4
f 5849/3629/4 2392/2560/4 1240/2559/4
f 5849/3629/4 2022/3620/4 2392/2560/4
f 2022/3620/4 294/532/4 2392/2560/4
f 5847/3626/4 5849/3629/4 1240/2559/4
f 5847/3626/4 5848/3628/4 5849/3629/4
f 5848/3628/4 870/3618/4 5849/3629/4
f 2784/3627/4 3544/542/4 192/539/4
f 2784/3627/4 5847/3626/4 3544/542/4
f 5847/3626/4 1240/2559/4 3544/542/4
f 5846/3624/4 2389/2579/4 1237/2578/4
f 5846/3624/4 2023/3623/4 2389/2579/4
f 2023/3623/4 295/536/4 2389/2579/4
f 5844/3619/4 5846/3624/4 1237/2578/4
f 5844/3619/4 5845/3621/4 5846/3624/4
f 5845/3621/4 871/3622/4 5846/3624/4
f 2022/3620/4 3541/535/4 294/532/4
f 2022/3620/4 5844/3619/4 3541/535/4
f 5844/3619/4 1237/2578/4 3541/535/4
f 5843/3617/4 2386/2594/4 1234/2593/4
f 5843/3617/4 1881/3616/4 2386/2594/4
f 1881/3616/4 153/529/4 2386/2594/4
f 5841/3612/4 5843/3617/4 1234/2593/4
f 5841/3612/4 5842/3614/4 5843/3617/4
f 5842/3614/4 729/3615/4 5843/3617/4
f 2888/3613/4 3538/528/4 296/525/4
f 2888/3613/4 5841/3612/4 3538/528/4
f 5841/3612/4 1234/2593/4 3538/528/4
f 5840/3826/5 2383/1964/5 1231/1963/5
f 5840/3826/5 2025/3817/5 2383/1964/5
f 2025/3817/5 297/729/5 2383/1964/5
f 5838/3823/5 5840/3826/5 1231/1963/5
f 5838/3823/5 5839/3825/5 5840/3826/5
f 5839/3825/5 873/3815/5 5840/3826/5
f 2816/3824/5 3535/739/5 224/736/5
f 2816/3824/5 5838/3823/5 3535/739/5
f 5838/3823/5 1231/1963/5 3535/739/5
f 5837/3821/5 2380/1983/5 1228/1982/5
f 5837/3821/5 2026/3820/5 2380/1983/5
f 2026/3820/5 298/733/5 2380/1983/5
f 5835/3816/5 5837/3821/5 1228/1982/5
f 5835/3816/5 5836/3818/5 5837/3821/5
f 5836/3818/5 874/3819/5 5837/3821/5
f 2025/3817/5 3532/732/5 297/729/5
f 2025/3817/5 5835/3816/5 3532/732/5
f 5835/3816/5 1228/1982/5 3532/732/5
f 5834/3814/5 2377/2000/5 1225/1999/5
f 5834/3814/5 2798/3707/5 2377/2000/5
f 2798/3707/5 206/620/5 2377/2000/5
f 5832/3811/5 5834/3814/5 1225/1999/5
f 5832/3811/5 5833/3813/5 5834/3814/5
f 5833/3813/5 494/3706/7 5834/3814/5
f 2891/3812/5 3529/727/5 299/724/5
f 2891/3812/5 5832/3811/5 3529/727/5
f 5832/3811/5 1225/1999/5 3529/727/5
f 5831/3809/5 2374/2019/5 1222/2018/5
f 5831/3809/5 2028/3802/5 2374/2019/5
f 2028/3802/5 300/714/5 2374/2019/5
f 5829/3807/7 5831/3809/5 1222/2018/5
f 5829/3807/7 5830/3808/7 5831/3809/5
f 5830/3808/7 876/3800/5 5831/3809/5
f 1878/3781/5 3526/722/7 150/694/5
f 1878/3781/5 5829/3807/7 3526/722/7
f 5829/3807/7 1222/2018/5 3526/722/7
f 5828/3806/5 2371/2038/5 1219/2037/5
f 5828/3806/5 2029/3805/5 2371/2038/5
f 2029/3805/5 301/718/5 2371/2038/5
f 5826/3801/5 5828/3806/5 1219/2037/5
f 5826/3801/5 5827/3803/5 5828/3806/5
f 5827/3803/5 877/3804/5 5828/3806/5
f 2028/3802/5 3523/717/5 300/714/5
f 2028/3802/5 5826/3801/5 3523/717/5
f 5826/3801/5 1219/2037/5 3523/717/5
f 5825/3799/5 2368/2055/5 1216/2054/5
f 5825/3799/5 1879/3798/5 2368/2055/5
f 1879/3798/5 151/711/5 2368/2055/5
f 5823/3794/5 5825/3799/5 1216/2054/5
f 5823/3794/5 5824/3796/5 5825/3799/5
f 5824/3796/5 727/3797/5 5825/3799/5
f 2894/3795/5 3520/710/5 302/707/5
f 2894/3795/5 5823/3794/5 3520/710/5
f 5823/3794/5 1216/2054/5 3520/710/5
f 5822/3792/5 2365/2074/5 1213/2073/5
f 5822/3792/5 2031/3785/5 2365/2074/5
f 2031/3785/5 303/697/5 2365/2074/5
f 5820/3790/6 5822/3792/5 1213/2073/5
f 5820/3790/6 5821/3791/5 5822/3792/5
f 5821/3791/5 879/3783/5 5822/3792/5
f 2787/1042/6 3517/705/6 195/484/6
f 2787/1042/6 5820/3790/6 3517/705/6
f 5820/3790/6 1213/2073/5 3517/705/6
f 5819/3789/5 2362/2092/5 1210/2091/5
f 5819/3789/5 2032/3788/5 2362/2092/5
f 2032/3788/5 304/701/5 2362/2092/5
f 5817/3784/5 5819/3789/5 1210/2091/5
f 5817/3784/5 5818/3786/5 5819/3789/5
f 5818/3786/5 880/3787/5 5819/3789/5
f 2031/3785/5 3514/700/5 303/697/5
f 2031/3785/5 5817/3784/5 3514/700/5
f 5817/3784/5 1210/2091/5 3514/700/5
f 5816/3782/5 2359/2107/5 1207/2106/5
f 5816/3782/5 1878/3781/5 2359/2107/5
f 1878/3781/5 150/694/5 2359/2107/5
f 5814/3777/5 5816/3782/5 1207/2106/5
f 5814/3777/5 5815/3779/5 5816/3782/5
f 5815/3779/5 726/3780/5 5816/3782/5
f 2897/3778/5 3511/693/5 305/690/5
f 2897/3778/5 5814/3777/5 3511/693/5
f 5814/3777/5 1207/2106/5 3511/693/5
f 5813/3775/5 2356/2126/5 1204/2125/7
f 5813/3775/5 2034/3766/5 2356/2126/5
f 2034/3766/5 306/678/5 2356/2126/5
f 5811/3772/5 5813/3775/5 1204/2125/7
f 5811/3772/5 5812/3774/5 5813/3775/5
f 5812/3774/5 882/3764/5 5813/3775/5
f 2813/3773/5 3508/688/7 221/685/5
f 2813/3773/5 5811/3772/5 3508/688/7
f 5811/3772/5 1204/2125/7 3508/688/7
f 5810/3770/7 2353/2145/7 1201/2144/7
f 5810/3770/7 2035/3769/7 2353/2145/7
f 2035/3769/7 307/682/5 2353/2145/7
f 5808/3765/5 5810/3770/7 1201/2144/7
f 5808/3765/5 5809/3767/5 5810/3770/7
f 5809/3767/5 883/3768/7 5810/3770/7
f 2034/3766/5 3505/681/5 306/678/5
f 2034/3766/5 5808/3765/5 3505/681/5
f 5808/3765/5 1201/2144/7 3505/681/5
f 5807/3763/5 2350/2162/5 1198/2161/5
f 5807/3763/5 2797/3762/5 2350/2162/5
f 2797/3762/5 205/675/5 2350/2162/5
f 5805/3758/7 5807/3763/5 1198/2161/5
f 5805/3758/7 5806/3760/5 5807/3763/5
f 5806/3760/5 493/3761/5 5807/3763/5
f 2900/3759/7 3502/674/7 308/671/5
f 2900/3759/7 5805/3758/7 3502/674/7
f 5805/3758/7 1198/2161/5 3502/674/7
f 5804/3756/7 2347/2181/5 1195/2180/7
f 5804/3756/7 2037/3749/7 2347/2181/5
f 2037/3749/7 309/661/5 2347/2181/5
f 5802/3754/5 5804/3756/7 1195/2180/7
f 5802/3754/5 5803/3755/5 5804/3756/7
f 5803/3755/5 885/3747/7 5804/3756/7
f 1875/3726/5 3499/669/7 147/639/5
f 1875/3726/5 5802/3754/5 3499/669/7
f 5802/3754/5 1195/2180/7 3499/669/7
f 5801/3753/5 2344/2200/5 1192/2199/5
f 5801/3753/5 2038/3752/5 2344/2200/5
f 2038/3752/5 310/665/5 2344/2200/5
f 5799/3748/5 5801/3753/5 1192/2199/5
f 5799/3748/5 5800/3750/7 5801/3753/5
f 5800/3750/7 886/3751/7 5801/3753/5
f 2037/3749/7 3496/664/5 309/661/5
f 2037/3749/7 5799/3748/5 3496/664/5
f 5799/3748/5 1192/2199/5 3496/664/5
f 5798/3746/7 2341/2217/5 1189/2216/7
f 5798/3746/7 1876/3745/5 2341/2217/5
f 1876/3745/5 148/658/5 2341/2217/5
f 5796/3741/7 5798/3746/7 1189/2216/7
f 5796/3741/7 5797/3743/5 5798/3746/7
f 5797/3743/5 724/3744/7 5798/3746/7
f 2903/3742/5 3493/657/5 311/654/5
f 2903/3742/5 5796/3741/7 3493/657/5
f 5796/3741/7 1189/2216/7 3493/657/5
f 5795/3739/5 2338/2236/5 1186/2235/5
f 5795/3739/5 2040/3730/5 2338/2236/5
f 2040/3730/5 312/642/5 2338/2236/5
f 5793/3736/7 5795/3739/5 1186/2235/5
f 5793/3736/7 5794/3738/5 5795/3739/5
f 5794/3738/5 888/3728/5 5795/3739/5
f 2796/3737/7 3490/652/7 204/649/5
f 2796/3737/7 5793/3736/7 3490/652/7
f 5793/3736/7 1186/2235/5 3490/652/7
f 5792/3734/7 2335/2255/7 1183/2254/7
f 5792/3734/7 2041/3733/7 2335/2255/7
f 2041/3733/7 313/646/5 2335/2255/7
f 5790/3729/5 5792/3734/7 1183/2254/7
f 5790/3729/5 5791/3731/5 5792/3734/7
f 5791/3731/5 889/3732/7 5792/3734/7
f 2040/3730/5 3487/645/5 312/642/5
f 2040/3730/5 5790/3729/5 3487/645/5
f 5790/3729/5 1183/2254/7 3487/645/5
f 5789/3727/5 2332/2270/7 1180/2269/5
f 5789/3727/5 1875/3726/5 2332/2270/7
f 1875/3726/5 147/639/5 2332/2270/7
f 5787/3722/7 5789/3727/5 1180/2269/5
f 5787/3722/7 5788/3724/5 5789/3727/5
f 5788/3724/5 723/3725/5 5789/3727/5
f 2906/3723/5 3484/638/5 314/635/5
f 2906/3723/5 5787/3722/7 3484/638/5
f 5787/3722/7 1180/2269/5 3484/638/5
f 5786/3720/8 2329/2289/9 1177/2288/8
f 5786/3720/8 2043/3711/9 2329/2289/9
f 2043/3711/9 315/623/9 2329/2289/9
f 5784/3717/9 5786/3720/8 1177/2288/8
f 5784/3717/9 5785/3719/9 5786/3720/8
f 5785/3719/9 891/3709/8 5786/3720/8
f 2810/3718/9 3481/633/9 218/630/9
f 2810/3718/9 5784/3717/9 3481/633/9
f 5784/3717/9 1177/2288/8 3481/633/9
f 5783/3715/9 2326/2308/9 1174/2307/9
f 5783/3715/9 2044/3714/9 2326/2308/9
f 2044/3714/9 316/627/9 2326/2308/9
f 5781/3710/9 5783/3715/9 1174/2307/9
f 5781/3710/9 5782/3712/8 5783/3715/9
f 5782/3712/8 892/3713/8 5783/3715/9
f 2043/3711/9 3478/626/9 315/623/9
f 2043/3711/9 5781/3710/9 3478/626/9
f 5781/3710/9 1174/2307/9 3478/626/9
f 5780/3708/8 2323/2323/9 1171/2322/8
f 5780/3708/8 2793/3707/9 2323/2323/9
f 2793/3707/9 201/620/9 2323/2323/9
f 5778/3703/9 5780/3708/8 1171/2322/8
f 5778/3703/9 5779/3705/9 5780/3708/8
f 5779/3705/9 489/3706/8 5780/3708/8
f 2909/3704/9 3475/619/9 317/616/9
f 2909/3704/9 5778/3703/9 3475/619/9
f 5778/3703/9 1171/2322/8 3475/619/9
f 5777/3701/9 2320/2342/9 1168/2341/9
f 5777/3701/9 2046/3694/9 2320/2342/9
f 2046/3694/9 318/606/9 2320/2342/9
f 5775/3699/9 5777/3701/9 1168/2341/9
f 5775/3699/9 5776/3700/8 5777/3701/9
f 5776/3700/8 894/3692/8 5777/3701/9
f 1872/3671/9 3472/614/9 144/584/9
f 1872/3671/9 5775/3699/9 3472/614/9
f 5775/3699/9 1168/2341/9 3472/614/9
f 5774/3698/9 2317/2361/9 1165/2360/8
f 5774/3698/9 2047/3697/9 2317/2361/9
f 2047/3697/9 319/610/9 2317/2361/9
f 5772/3693/8 5774/3698/9 1165/2360/8
f 5772/3693/8 5773/3695/9 5774/3698/9
f 5773/3695/9 895/3696/9 5774/3698/9
f 2046/3694/9 3469/609/9 318/606/9
f 2046/3694/9 5772/3693/8 3469/609/9
f 5772/3693/8 1165/2360/8 3469/609/9
f 5771/3691/9 2314/2378/9 1162/2377/9
f 5771/3691/9 1873/3690/9 2314/2378/9
f 1873/3690/9 145/603/9 2314/2378/9
f 5769/3686/9 5771/3691/9 1162/2377/9
f 5769/3686/9 5770/3688/8 5771/3691/9
f 5770/3688/8 721/3689/8 5771/3691/9
f 2912/3687/9 3466/602/9 320/599/9
f 2912/3687/9 5769/3686/9 3466/602/9
f 5769/3686/9 1162/2377/9 3466/602/9
f 5768/3684/9 2311/2397/8 1159/2396/9
f 5768/3684/9 2049/3675/8 2311/2397/8
f 2049/3675/8 321/587/9 2311/2397/8
f 5766/3681/9 5768/3684/9 1159/2396/9
f 5766/3681/9 5767/3683/9 5768/3684/9
f 5767/3683/9 897/3673/9 5768/3684/9
f 1834/3682/8 3463/597/9 106/594/8
f 1834/3682/8 5766/3681/9 3463/597/9
f 5766/3681/9 1159/2396/9 3463/597/9
f 5765/3679/8 2308/2416/9 1156/2415/9
f 5765/3679/8 2050/3678/8 2308/2416/9
f 2050/3678/8 322/591/9 2308/2416/9
f 5763/3674/8 5765/3679/8 1156/2415/9
f 5763/3674/8 5764/3676/9 5765/3679/8
f 5764/3676/9 898/3677/9 5765/3679/8
f 2049/3675/8 3460/590/9 321/587/9
f 2049/3675/8 5763/3674/8 3460/590/9
f 5763/3674/8 1156/2415/9 3460/590/9
f 5762/3672/8 2305/2431/9 1153/2430/8
f 5762/3672/8 1872/3671/9 2305/2431/9
f 1872/3671/9 144/584/9 2305/2431/9
f 5760/3667/9 5762/3672/8 1153/2430/8
f 5760/3667/9 5761/3669/9 5762/3672/8
f 5761/3669/9 720/3670/8 5762/3672/8
f 2915/3668/9 3457/583/9 323/580/9
f 2915/3668/9 5760/3667/9 3457/583/9
f 5760/3667/9 1153/2430/8 3457/583/9
f 5759/3665/9 2302/2450/9 1150/2449/9
f 5759/3665/9 2052/3656/9 2302/2450/9
f 2052/3656/9 324/568/9 2302/2450/9
f 5757/3662/9 5759/3665/9 1150/2449/9
f 5757/3662/9 5758/3664/9 5759/3665/9
f 5758/3664/9 900/3654/9 5759/3665/9
f 2807/3663/9 3454/578/9 215/575/9
f 2807/3663/9 5757/3662/9 3454/578/9
f 5757/3662/9 1150/2449/9 3454/578/9
f 5756/3660/9 2299/2469/9 1147/2468/9
f 5756/3660/9 2053/3659/9 2299/2469/9
f 2053/3659/9 325/572/9 2299/2469/9
f 5754/3655/9 5756/3660/9 1147/2468/9
f 5754/3655/9 5755/3657/9 5756/3660/9
f 5755/3657/9 901/3658/9 5756/3660/9
f 2052/3656/9 3451/571/9 324/568/9
f 2052/3656/9 5754/3655/9 3451/571/9
f 5754/3655/9 1147/2468/9 3451/571/9
f 5753/3653/9 2296/2486/9 1144/2485/9
f 5753/3653/9 2795/3652/9 2296/2486/9
f 2795/3652/9 203/565/9 2296/2486/9
f 5751/3648/9 5753/3653/9 1144/2485/9
f 5751/3648/9 5752/3650/9 5753/3653/9
f 5752/3650/9 491/3651/9 5753/3653/9
f 2918/3649/9 3448/564/9 326/561/9
f 2918/3649/9 5751/3648/9 3448/564/9
f 5751/3648/9 1144/2485/9 3448/564/9
f 5750/3646/9 2293/2505/9 1141/2504/9
f 5750/3646/9 2055/3639/9 2293/2505/9
f 2055/3639/9 327/551/9 2293/2505/9
f 5748/3644/9 5750/3646/9 1141/2504/9
f 5748/3644/9 5749/3645/9 5750/3646/9
f 5749/3645/9 903/3637/9 5750/3646/9
f 1869/3616/9 3445/559/9 141/529/9
f 1869/3616/9 5748/3644/9 3445/559/9
f 5748/3644/9 1141/2504/9 3445/559/9
f 5747/3643/9 2290/2524/9 1138/2523/9
f 5747/3643/9 2056/3642/9 2290/2524/9
f 2056/3642/9 328/555/9 2290/2524/9
f 5745/3638/9 5747/3643/9 1138/2523/9
f 5745/3638/9 5746/3640/9 5747/3643/9
f 5746/3640/9 904/3641/9 5747/3643/9
f 2055/3639/9 3442/554/9 327/551/9
f 2055/3639/9 5745/3638/9 3442/554/9
f 5745/3638/9 1138/2523/9 3442/554/9
f 5744/3636/9 2287/2541/9 1135/2540/9
f 5744/3636/9 1870/3635/9 2287/2541/9
f 1870/3635/9 142/548/9 2287/2541/9
f 5742/3631/9 5744/3636/9 1135/2540/9
f 5742/3631/9 5743/3633/9 5744/3636/9
f 5743/3633/9 718/3634/9 5744/3636/9
f 2921/3632/9 3439/547/9 329/544/9
f 2921/3632/9 5742/3631/9 3439/547/9
f 5742/3631/9 1135/2540/9 3439/547/9
f 5741/3629/9 2284/2560/9 1132/2559/9
f 5741/3629/9 2058/3620/9 2284/2560/9
f 2058/3620/9 330/532/9 2284/2560/9
f 5739/3626/9 5741/3629/9 1132/2559/9
f 5739/3626/9 5740/3628/9 5741/3629/9
f 5740/3628/9 906/3618/9 5741/3629/9
f 2798/3627/9 3436/542/9 206/539/9
f 2798/3627/9 5739/3626/9 3436/542/9
f 5739/3626/9 1132/2559/9 3436/542/9
f 5738/3624/9 2281/2579/9 1129/2578/9
f 5738/3624/9 2059/3623/9 2281/2579/9
f 2059/3623/9 331/536/9 2281/2579/9
f 5736/3619/9 5738/3624/9 1129/2578/9
f 5736/3619/9 5737/3621/9 5738/3624/9
f 5737/3621/9 907/3622/9 5738/3624/9
f 2058/3620/9 3433/535/9 330/532/9
f 2058/3620/9 5736/3619/9 3433/535/9
f 5736/3619/9 1129/2578/9 3433/535/9
f 5735/3617/9 2278/2594/9 1126/2593/9
f 5735/3617/9 1869/3616/9 2278/2594/9
f 1869/3616/9 141/529/9 2278/2594/9
f 5733/3612/9 5735/3617/9 1126/2593/9
f 5733/3612/9 5734/3614/9 5735/3617/9
f 5734/3614/9 717/3615/9 5735/3617/9
f 2924/3613/9 3430/528/9 332/525/9
f 2924/3613/9 5733/3612/9 3430/528/9
f 5733/3612/9 1126/2593/9 3430/528/9
f 5732/3610/10 2275/2613/10 1123/2612/10
f 5732/3610/10 2061/3601/10 2275/2613/10
f 2061/3601/10 333/513/10 2275/2613/10
f 5730/3607/10 5732/3610/10 1123/2612/10
f 5730/3607/10 5731/3609/10 5732/3610/10
f 5731/3609/10 909/3599/10 5732/3610/10
f 2804/3608/10 3427/523/10 212/520/10
f 2804/3608/10 5730/3607/10 3427/523/10
f 5730/3607/10 1123/2612/10 3427/523/10
f 5729/3605/10 2272/2632/10 1120/2631/10
f 5729/3605/10 2062/3604/10 2272/2632/10
f 2062/3604/10 334/517/10 2272/2632/10
f 5727/3600/10 5729/3605/10 1120/2631/10
f 5727/3600/10 5728/3602/10 5729/3605/10
f 5728/3602/10 910/3603/10 5729/3605/10
f 2061/3601/10 3424/516/10 333/513/10
f 2061/3601/10 5727/3600/10 3424/516/10
f 5727/3600/10 1120/2631/10 3424/516/10
f 5726/3598/10 2269/2649/10 1117/2648/10
f 5726/3598/10 1834/3597/10 2269/2649/10
f 1834/3597/10 106/510/10 2269/2649/10
f 5724/3593/10 5726/3598/10 1117/2648/10
f 5724/3593/10 5725/3595/10 5726/3598/10
f 5725/3595/10 682/3596/10 5726/3598/10
f 2927/3594/10 3421/509/10 335/506/10
f 2927/3594/10 5724/3593/10 3421/509/10
f 5724/3593/10 1117/2648/10 3421/509/10
f 5723/3591/10 2266/2668/10 1114/2667/10
f 5723/3591/10 2064/3584/10 2266/2668/10
f 2064/3584/10 336/496/10 2266/2668/10
f 5721/3589/10 5723/3591/10 1114/2667/10
f 5721/3589/10 5722/3590/10 5723/3591/10
f 5722/3590/10 912/3582/10 5723/3591/10
f 1866/3563/10 3418/504/10 138/474/10
f 1866/3563/10 5721/3589/10 3418/504/10
f 5721/3589/10 1114/2667/10 3418/504/10
f 5720/3588/10 2263/2687/10 1111/2686/10
f 5720/3588/10 2065/3587/10 2263/2687/10
f 2065/3587/10 337/500/10 2263/2687/10
f 5718/3583/10 5720/3588/10 1111/2686/10
f 5718/3583/10 5719/3585/10 5720/3588/10
f 5719/3585/10 913/3586/10 5720/3588/10
f 2064/3584/10 3415/499/10 336/496/10
f 2064/3584/10 5718/3583/10 3415/499/10
f 5718/3583/10 1111/2686/10 3415/499/10
f 5717/3581/10 2260/2704/10 1108/2703/10
f 5717/3581/10 1867/3580/10 2260/2704/10
f 1867/3580/10 139/493/10 2260/2704/10
f 5715/3576/10 5717/3581/10 1108/2703/10
f 5715/3576/10 5716/3578/10 5717/3581/10
f 5716/3578/10 715/3579/10 5717/3581/10
f 2930/3577/10 3412/492/10 338/489/10
f 2930/3577/10 5715/3576/10 3412/492/10
f 5715/3576/10 1108/2703/10 3412/492/10
f 5714/3574/10 2257/2723/10 1105/2722/10
f 5714/3574/10 2067/3567/10 2257/2723/10
f 2067/3567/10 339/477/10 2257/2723/10
f 5712/3572/10 5714/3574/10 1105/2722/10
f 5712/3572/10 5713/3573/10 5714/3574/10
f 5713/3573/10 915/3565/10 5714/3574/10
f 2785/1042/10 3409/487/10 193/484/10
f 2785/1042/10 5712/3572/10 3409/487/10
f 5712/3572/10 1105/2722/10 3409/487/10
f 5711/3571/10 2254/2740/10 1102/2739/10
f 5711/3571/10 2068/3570/10 2254/2740/10
f 2068/3570/10 340/481/10 2254/2740/10
f 5709/3566/10 5711/3571/10 1102/2739/10
f 5709/3566/10 5710/3568/10 5711/3571/10
f 5710/3568/10 916/3569/10 5711/3571/10
f 2067/3567/10 3406/480/10 339/477/10
f 2067/3567/10 5709/3566/10 3406/480/10
f 5709/3566/10 1102/2739/10 3406/480/10
f 5708/3564/10 2251/2755/10 1099/2754/10
f 5708/3564/10 1866/3563/10 2251/2755/10
f 1866/3563/10 138/474/10 2251/2755/10
f 5706/3559/10 5708/3564/10 1099/2754/10
f 5706/3559/10 5707/3561/10 5708/3564/10
f 5707/3561/10 714/3562/10 5708/3564/10
f 2933/3560/10 3403/473/10 341/470/10
f 2933/3560/10 5706/3559/10 3403/473/10
f 5706/3559/10 1099/2754/10 3403/473/10
f 5705/3557/10 2248/2774/10 1096/2773/10
f 5705/3557/10 2070/3548/10 2248/2774/10
f 2070/3548/10 342/458/10 2248/2774/10
f 5703/3554/10 5705/3557/10 1096/2773/10
f 5703/3554/10 5704/3556/10 5705/3557/10
f 5704/3556/10 918/3546/10 5705/3557/10
f 2801/3555/10 3400/468/10 209/465/10
f 2801/3555/10 5703/3554/10 3400/468/10
f 5703/3554/10 1096/2773/10 3400/468/10
f 5702/3552/10 2245/2793/10 1093/2792/10
f 5702/3552/10 2071/3551/10 2245/2793/10
f 2071/3551/10 343/462/10 2245/2793/10
f 5700/3547/10 5702/3552/10 1093/2792/10
f 5700/3547/10 5701/3549/10 5702/3552/10
f 5701/3549/10 919/3550/10 5702/3552/10
f 2070/3548/10 3397/461/10 342/458/10
f 2070/3548/10 5700/3547/10 3397/461/10
f 5700/3547/10 1093/2792/10 3397/461/10
f 5699/3545/10 2242/2810/10 1090/2809/10
f 5699/3545/10 1836/3544/10 2242/2810/10
f 1836/3544/10 108/455/10 2242/2810/10
f 5697/3540/10 5699/3545/10 1090/2809/10
f 5697/3540/10 5698/3542/10 5699/3545/10
f 5698/3542/10 684/3543/10 5699/3545/10
f 2936/3541/10 3394/454/10 344/451/10
f 2936/3541/10 5697/3540/10 3394/454/10
f 5697/3540/10 1090/2809/10 3394/454/10
f 5696/3538/10 2239/2829/10 1087/2828/10
f 5696/3538/10 2073/3531/10 2239/2829/10
f 2073/3531/10 345/441/10 2239/2829/10
f 5694/3536/10 5696/3538/10 1087/2828/10
f 5694/3536/10 5695/3537/10 5696/3538/10
f 5695/3537/10 921/3529/10 5696/3538/10
f 1863/3508/10 3391/449/10 135/419/10
f 1863/3508/10 5694/3536/10 3391/449/10
f 5694/3536/10 1087/2828/10 3391/449/10
f 5693/3535/10 2236/2848/10 1084/2847/10
f 5693/3535/10 2074/3534/10 2236/2848/10
f 2074/3534/10 346/445/10 2236/2848/10
f 5691/3530/10 5693/3535/10 1084/2847/10
f 5691/3530/10 5692/3532/10 5693/3535/10
f 5692/3532/10 922/3533/10 5693/3535/10
f 2073/3531/10 3388/444/10 345/441/10
f 2073/3531/10 5691/3530/10 3388/444/10
f 5691/3530/10 1084/2847/10 3388/444/10
f 5690/3528/10 2233/2865/10 1081/2864/10
f 5690/3528/10 1864/3527/10 2233/2865/10
f 1864/3527/10 136/438/10 2233/2865/10
f 5688/3523/10 5690/3528/10 1081/2864/10
f 5688/3523/10 5689/3525/10 5690/3528/10
f 5689/3525/10 712/3526/10 5690/3528/10
f 2939/3524/10 3385/437/10 347/434/10
f 2939/3524/10 5688/3523/10 3385/437/10
f 5688/3523/10 1081/2864/10 3385/437/10
f 5687/3521/10 2230/2884/10 1078/2883/10
f 5687/3521/10 2076/3512/10 2230/2884/10
f 2076/3512/10 348/422/10 2230/2884/10
f 5685/3518/10 5687/3521/10 1078/2883/10
f 5685/3518/10 5686/3520/10 5687/3521/10
f 5686/3520/10 924/3510/10 5687/3521/10
f 1832/3519/10 3382/432/10 104/429/10
f 1832/3519/10 5685/3518/10 3382/432/10
f 5685/3518/10 1078/2883/10 3382/432/10
f 5684/3516/10 2227/2903/10 1075/2902/10
f 5684/3516/10 2077/3515/10 2227/2903/10
f 2077/3515/10 349/426/10 2227/2903/10
f 5682/3511/10 5684/3516/10 1075/2902/10
f 5682/3511/10 5683/3513/10 5684/3516/10
f 5683/3513/10 925/3514/10 5684/3516/10
f 2076/3512/10 3379/425/10 348/422/10
f 2076/3512/10 5682/3511/10 3379/425/10
f 5682/3511/10 1075/2902/10 3379/425/10
f 5681/3509/10 2224/2918/10 1072/2917/10
f 5681/3509/10 1863/3508/10 2224/2918/10
f 1863/3508/10 135/419/10 2224/2918/10
f 5679/3504/10 5681/3509/10 1072/2917/10
f 5679/3504/10 5680/3506/10 5681/3509/10
f 5680/3506/10 711/3507/10 5681/3509/10
f 2942/3505/10 3376/418/10 350/415/10
f 2942/3505/10 5679/3504/10 3376/418/10
f 5679/3504/10 1072/2917/10 3376/418/10
f 5678/3502/10 2221/2937/10 1069/2936/10
f 5678/3502/10 2079/3493/10 2221/2937/10
f 2079/3493/10 351/403/10 2221/2937/10
f 5676/3499/10 5678/3502/10 1069/2936/10
f 5676/3499/10 5677/3501/10 5678/3502/10
f 5677/3501/10 927/3491/10 5678/3502/10
f 1850/3500/10 3373/413/10 122/410/10
f 1850/3500/10 5676/3499/10 3373/413/10
f 5676/3499/10 1069/2936/10 3373/413/10
f 5675/3497/10 2218/2956/10 1066/2955/10
f 5675/3497/10 2080/3496/10 2218/2956/10
f 2080/3496/10 352/407/10 2218/2956/10
f 5673/3492/10 5675/3497/10 1066/2955/10
f 5673/3492/10 5674/3494/10 5675/3497/10
f 5674/3494/10 928/3495/10 5675/3497/10
f 2079/3493/10 3370/406/10 351/403/10
f 2079/3493/10 5673/3492/10 3370/406/10
f 5673/3492/10 1066/2955/10 3370/406/10
f 5672/3490/10 2215/2973/10 1063/2972/10
f 5672/3490/10 1854/3489/10 2215/2973/10
f 1854/3489/10 126/400/10 2215/2973/10
f 5670/3485/10 5672/3490/10 1063/2972/10
f 5670/3485/10 5671/3487/10 5672/3490/10
f 5671/3487/10 702/3488/10 5672/3490/10
f 2945/3486/10 3367/399/10 353/396/10
f 2945/3486/10 5670/3485/10 3367/399/10
f 5670/3485/10 1063/2972/10 3367/399/10
f 5669/3483/10 2212/2992/10 1060/2991/10
f 5669/3483/10 2082/3476/10 2212/2992/10
f 2082/3476/10 354/386/10 2212/2992/10
f 5667/3481/10 5669/3483/10 1060/2991/10
f 5667/3481/10 5668/3482/10 5669/3483/10
f 5668/3482/10 930/3474/10 5669/3483/10
f 2767/866/10 3364/394/10 175/319/10
f 2767/866/10 5667/3481/10 3364/394/10
f 5667/3481/10 1060/2991/10 3364/394/10
f 5666/3480/10 2209/3010/10 1057/3009/10
f 5666/3480/10 2083/3479/10 2209/3010/10
f 2083/3479/10 355/390/10 2209/3010/10
f 5664/3475/10 5666/3480/10 1057/3009/10
f 5664/3475/10 5665/3477/10 5666/3480/10
f 5665/3477/10 931/3478/10 5666/3480/10
f 2082/3476/10 3361/389/10 354/386/10
f 2082/3476/10 5664/3475/10 3361/389/10
f 5664/3475/10 1057/3009/10 3361/389/10
f 5663/3473/10 2206/3027/10 1054/3026/10
f 5663/3473/10 1852/3472/10 2206/3027/10
f 1852/3472/10 124/383/10 2206/3027/10
f 5661/3468/10 5663/3473/10 1054/3026/10
f 5661/3468/10 5662/3470/10 5663/3473/10
f 5662/3470/10 700/3471/10 5663/3473/10
f 2948/3469/10 3358/382/10 356/379/10
f 2948/3469/10 5661/3468/10 3358/382/10
f 5661/3468/10 1054/3026/10 3358/382/10
f 5660/3466/9 2203/3046/9 1051/3045/9
f 5660/3466/9 2085/3457/9 2203/3046/9
f 2085/3457/9 357/367/9 2203/3046/9
f 5658/3463/9 5660/3466/9 1051/3045/9
f 5658/3463/9 5659/3465/9 5660/3466/9
f 5659/3465/9 933/3455/9 5660/3466/9
f 2780/3464/9 3355/377/9 188/374/9
f 2780/3464/9 5658/3463/9 3355/377/9
f 5658/3463/9 1051/3045/9 3355/377/9
f 5657/3461/9 2200/3065/9 1048/3064/9
f 5657/3461/9 2086/3460/9 2200/3065/9
f 2086/3460/9 358/371/9 2200/3065/9
f 5655/3456/9 5657/3461/9 1048/3064/9
f 5655/3456/9 5656/3458/9 5657/3461/9
f 5656/3458/9 934/3459/9 5657/3461/9
f 2085/3457/9 3352/370/9 357/367/9
f 2085/3457/9 5655/3456/9 3352/370/9
f 5655/3456/9 1048/3064/9 3352/370/9
f 5654/3454/9 2197/3082/9 1045/3081/9
f 5654/3454/9 2777/3453/9 2197/3082/9
f 2777/3453/9 185/364/9 2197/3082/9
f 5652/3449/9 5654/3454/9 1045/3081/9
f 5652/3449/9 5653/3451/9 5654/3454/9
f 5653/3451/9 473/3452/9 5654/3454/9
f 2951/3450/9 3349/363/9 359/360/9
f 2951/3450/9 5652/3449/9 3349/363/9
f 5652/3449/9 1045/3081/9 3349/363/9
f 5651/3447/9 2194/3101/8 1042/3100/9
f 5651/3447/9 2088/3438/8 2194/3101/8
f 2088/3438/8 360/348/9 2194/3101/8
f 5649/3444/9 5651/3447/9 1042/3100/9
f 5649/3444/9 5650/3446/9 5651/3447/9
f 5650/3446/9 936/3436/9 5651/3447/9
f 1852/3445/8 3346/358/9 124/355/8
f 1852/3445/8 5649/3444/9 3346/358/9
f 5649/3444/9 1042/3100/9 3346/358/9
f 5648/3442/8 2191/3120/9 1039/3119/9
f 5648/3442/8 2089/3441/8 2191/3120/9
f 2089/3441/8 361/352/9 2191/3120/9
f 5646/3437/8 5648/3442/8 1039/3119/9
f 5646/3437/8 5647/3439/9 5648/3442/8
f 5647/3439/9 937/3440/9 5648/3442/8
f 2088/3438/8 3343/351/9 360/348/9
f 2088/3438/8 5646/3437/8 3343/351/9
f 5646/3437/8 1039/3119/9 3343/351/9
f 5645/3435/8 2188/3137/9 1036/3136/8
f 5645/3435/8 2775/3400/9 2188/3137/9
f 2775/3400/9 183/309/9 2188/3137/9
f 5643/3432/9 5645/3435/8 1036/3136/8
f 5643/3432/9 5644/3434/9 5645/3435/8
f 5644/3434/9 471/3399/8 5645/3435/8
f 2954/3433/9 3340/346/9 362/343/9
f 2954/3433/9 5643/3432/9 3340/346/9
f 5643/3432/9 1036/3136/8 3340/346/9
f 5642/3430/5 2185/3156/5 1033/3155/7
f 5642/3430/5 2091/3421/5 2185/3156/5
f 2091/3421/5 363/331/5 2185/3156/5
f 5640/3427/7 5642/3430/5 1033/3155/7
f 5640/3427/7 5641/3429/5 5642/3430/5
f 5641/3429/5 939/3419/5 5642/3430/5
f 2778/3428/7 3337/341/5 186/338/5
f 2778/3428/7 5640/3427/7 3337/341/5
f 5640/3427/7 1033/3155/7 3337/341/5
f 5639/3425/7 2182/3175/5 1030/3174/7
f 5639/3425/7 2092/3424/5 2182/3175/5
f 2092/3424/5 364/335/5 2182/3175/5
f 5637/3420/7 5639/3425/7 1030/3174/7
f 5637/3420/7 5638/3422/7 5639/3425/7
f 5638/3422/7 940/3423/7 5639/3425/7
f 2091/3421/5 3334/334/7 363/331/5
f 2091/3421/5 5637/3420/7 3334/334/7
f 5637/3420/7 1030/3174/7 3334/334/7
f 5636/3418/7 2179/3192/7 1027/3191/7
f 5636/3418/7 2779/3417/5 2179/3192/7
f 2779/3417/5 187/328/5 2179/3192/7
f 5634/3413/7 5636/3418/7 1027/3191/7
f 5634/3413/7 5635/3415/7 5636/3418/7
f 5635/3415/7 475/3416/5 5636/3418/7
f 2957/3414/5 3331/327/5 365/324/5
f 2957/3414/5 5634/3413/7 3331/327/5
f 5634/3413/7 1027/3191/7 3331/327/5
f 5633/3411/5 2176/3211/5 1024/3210/5
f 5633/3411/5 2094/3404/5 2176/3211/5
f 2094/3404/5 366/312/5 2176/3211/5
f 5631/3409/5 5633/3411/5 1024/3210/5
f 5631/3409/5 5632/3410/5 5633/3411/5
f 5632/3410/5 942/3402/5 5633/3411/5
f 2769/866/6 3328/322/5 177/319/6
f 2769/866/6 5631/3409/5 3328/322/5
f 5631/3409/5 1024/3210/5 3328/322/5
f 5630/3408/5 2173/3228/5 1021/3227/5
f 5630/3408/5 2095/3407/5 2173/3228/5
f 2095/3407/5 367/316/5 2173/3228/5
f 5628/3403/5 5630/3408/5 1021/3227/5
f 5628/3403/5 5629/3405/5 5630/3408/5
f 5629/3405/5 943/3406/5 5630/3408/5
f 2094/3404/5 3325/315/5 366/312/5
f 2094/3404/5 5628/3403/5 3325/315/5
f 5628/3403/5 1021/3227/5 3325/315/5
f 5627/3401/5 2170/3243/5 1018/3242/5
f 5627/3401/5 2780/3400/5 2170/3243/5
f 2780/3400/5 188/309/5 2170/3243/5
f 5625/3396/5 5627/3401/5 1018/3242/5
f 5625/3396/5 5626/3398/5 5627/3401/5
f 5626/3398/5 476/3399/5 5627/3401/5
f 2960/3397/5 3322/308/5 368/305/5
f 2960/3397/5 5625/3396/5 3322/308/5
f 5625/3396/5 1018/3242/5 3322/308/5
f 5624/3466/4 2167/3046/4 1015/3045/4
f 5624/3466/4 2097/3457/4 2167/3046/4
f 2097/3457/4 369/367/4 2167/3046/4
f 5622/3463/4 5624/3466/4 1015/3045/4
f 5622/3463/4 5623/3465/4 5624/3466/4
f 5623/3465/4 945/3455/4 5624/3466/4
f 2766/3464/4 3319/377/4 174/374/4
f 2766/3464/4 5622/3463/4 3319/377/4
f 5622/3463/4 1015/3045/4 3319/377/4
f 5621/3461/4 2164/3065/4 1012/3064/4
f 5621/3461/4 2098/3460/4 2164/3065/4
f 2098/3460/4 370/371/4 2164/3065/4
f 5619/3456/4 5621/3461/4 1012/3064/4
f 5619/3456/4 5620/3458/4 5621/3461/4
f 5620/3458/4 946/3459/4 5621/3461/4
f 2097/3457/4 3316/370/4 369/367/4
f 2097/3457/4 5619/3456/4 3316/370/4
f 5619/3456/4 1012/3064/4 3316/370/4
f 5618/3454/4 2161/3082/4 1009/3081/4
f 5618/3454/4 2776/3453/4 2161/3082/4
f 2776/3453/4 184/364/4 2161/3082/4
f 5616/3449/4 5618/3454/4 1009/3081/4
f 5616/3449/4 5617/3451/4 5618/3454/4
f 5617/3451/4 472/3452/4 5618/3454/4
f 2963/3450/4 3313/363/4 371/360/4
f 2963/3450/4 5616/3449/4 3313/363/4
f 5616/3449/4 1009/3081/4 3313/363/4
f 5615/3447/4 2158/3101/4 1006/3100/4
f 5615/3447/4 2100/3438/4 2158/3101/4
f 2100/3438/4 372/348/4 2158/3101/4
f 5613/3444/4 5615/3447/4 1006/3100/4
f 5613/3444/4 5614/3446/4 5615/3447/4
f 5614/3446/4 948/3436/4 5615/3447/4
f 2768/3445/4 3310/358/4 176/355/4
f 2768/3445/4 5613/3444/4 3310/358/4
f 5613/3444/4 1006/3100/4 3310/358/4
f 5612/3442/4 2155/3120/4 1003/3119/4
f 5612/3442/4 2101/3441/4 2155/3120/4
f 2101/3441/4 373/352/4 2155/3120/4
f 5610/3437/4 5612/3442/4 1003/3119/4
f 5610/3437/4 5611/3439/4 5612/3442/4
f 5611/3439/4 949/3440/4 5612/3442/4
f 2100/3438/4 3307/351/4 372/348/4
f 2100/3438/4 5610/3437/4 3307/351/4
f 5610/3437/4 1003/3119/4 3307/351/4
f 5609/3435/4 2152/3137/4 1000/3136/4
f 5609/3435/4 2778/3400/4 2152/3137/4
f 2778/3400/4 186/309/4 2152/3137/4
f 5607/3432/4 5609/3435/4 1000/3136/4
f 5607/3432/4 5608/3434/4 5609/3435/4
f 5608/3434/4 474/3399/4 5609/3435/4
f 2966/3433/4 3304/346/4 374/343/4
f 2966/3433/4 5607/3432/4 3304/346/4
f 5607/3432/4 1000/3136/4 3304/346/4
f 5606/3430/2 2149/3156/2 997/3155/2
f 5606/3430/2 2103/3421/2 2149/3156/2
f 2103/3421/2 375/331/2 2149/3156/2
f 5604/3427/2 5606/3430/2 997/3155/2
f 5604/3427/2 5605/3429/2 5606/3430/2
f 5605/3429/2 951/3419/2 5606/3430/2
f 2775/3428/11 3301/341/2 183/338/2
f 2775/3428/11 5604/3427/2 3301/341/2
f 5604/3427/2 997/3155/2 3301/341/2
f 5603/3425/2 2146/3175/2 994/3174/2
f 5603/3425/2 2104/3424/2 2146/3175/2
f 2104/3424/2 376/335/2 2146/3175/2
f 5601/3420/2 5603/3425/2 994/3174/2
f 5601/3420/2 5602/3422/2 5603/3425/2
f 5602/3422/2 952/3423/2 5603/3425/2
f 2103/3421/2 3298/334/2 375/331/2
f 2103/3421/2 5601/3420/2 3298/334/2
f 5601/3420/2 994/3174/2 3298/334/2
f 5600/3418/2 2143/3192/2 991/3191/2
f 5600/3418/2 2773/3417/2 2143/3192/2
f 2773/3417/2 181/328/2 2143/3192/2
f 5598/3413/2 5600/3418/2 991/3191/2
f 5598/3413/2 5599/3415/2 5600/3418/2
f 5599/3415/2 469/3416/2 5600/3418/2
f 2969/3414/2 3295/327/2 377/324/2
f 2969/3414/2 5598/3413/2 3295/327/2
f 5598/3413/2 991/3191/2 3295/327/2
f 5597/3411/2 2140/3211/2 988/3210/2
f 5597/3411/2 2106/3404/2 2140/3211/2
f 2106/3404/2 378/312/2 2140/3211/2
f 5595/3409/2 5597/3411/2 988/3210/2
f 5595/3409/2 5596/3410/2 5597/3411/2
f 5596/3410/2 954/3402/2 5597/3411/2
f 1849/866/3 3292/322/3 121/319/3
f 1849/866/3 5595/3409/2 3292/322/3
f 5595/3409/2 988/3210/2 3292/322/3
f 5594/3408/2 2137/3228/2 985/3227/2
f 5594/3408/2 2107/3407/2 2137/3228/2
f 2107/3407/2 379/316/2 2137/3228/2
f 5592/3403/2 5594/3408/2 985/3227/2
f 5592/3403/2 5593/3405/2 5594/3408/2
f 5593/3405/2 955/3406/2 5594/3408/2
f 2106/3404/2 3289/315/2 378/312/2
f 2106/3404/2 5592/3403/2 3289/315/2
f 5592/3403/2 985/3227/2 3289/315/2
f 5591/3401/2 2134/3243/2 982/3242/2
f 5591/3401/2 2766/3400/2 2134/3243/2
f 2766/3400/2 174/309/2 2134/3243/2
f 5589/3396/2 5591/3401/2 982/3242/2
f 5589/3396/2 5590/3398/2 5591/3401/2
f 5590/3398/2 462/3399/2 5591/3401/2
f 2972/3397/2 3286/308/2 380/305/2
f 2972/3397/2 5589/3396/2 3286/308/2
f 5589/3396/2 982/3242/2 3286/308/2
f 5588/3394/1 2131/3262/1 979/3261/1
f 5588/3394/1 2109/3385/1 2131/3262/1
f 2109/3385/1 381/293/1 2131/3262/1
f 5586/3391/1 5588/3394/1 979/3261/1
f 5586/3391/1 5587/3393/1 5588/3394/1
f 5587/3393/1 957/3383/1 5588/3394/1
f 1847/3392/1 3283/303/1 119/300/1
f 1847/3392/1 5586/3391/1 3283/303/1
f 5586/3391/1 979/3261/1 3283/303/1
f 5585/3389/1 2128/3281/1 976/3280/1
f 5585/3389/1 2110/3388/1 2128/3281/1
f 2110/3388/1 382/297/1 2128/3281/1
f 5583/3384/1 5585/3389/1 976/3280/1
f 5583/3384/1 5584/3386/1 5585/3389/1
f 5584/3386/1 958/3387/1 5585/3389/1
f 2109/3385/1 3280/296/1 381/293/1
f 2109/3385/1 5583/3384/1 3280/296/1
f 5583/3384/1 976/3280/1 3280/296/1
f 5582/3382/1 2125/3298/1 973/3297/1
f 5582/3382/1 1853/3381/1 2125/3298/1
f 1853/3381/1 125/290/1 2125/3298/1
f 5580/3377/1 5582/3382/1 973/3297/1
f 5580/3377/1 5581/3379/1 5582/3382/1
f 5581/3379/1 701/3380/1 5582/3382/1
f 2975/3378/1 3277/289/1 383/286/1
f 2975/3378/1 5580/3377/1 3277/289/1
f 5580/3377/1 973/3297/1 3277/289/1
f 5579/3375/1 2122/3317/1 970/3316/1
f 5579/3375/1 2112/3368/1 2122/3317/1
f 2112/3368/1 384/274/1 2122/3317/1
f 5577/3373/1 5579/3375/1 970/3316/1
f 5577/3373/1 5578/3374/1 5579/3375/1
f 5578/3374/1 960/3366/1 5579/3375/1
f 1845/903/1 3274/284/1 117/281/1
f 1845/903/1 5577/3373/1 3274/284/1
f 5577/3373/1 970/3316/1 3274/284/1
f 5576/3372/1 2119/3335/1 967/3334/1
f 5576/3372/1 2113/3371/1 2119/3335/1
f 2113/3371/1 385/278/1 2119/3335/1
f 5574/3367/1 5576/3372/1 967/3334/1
f 5574/3367/1 5575/3369/1 5576/3372/1
f 5575/3369/1 961/3370/1 5576/3372/1
f 2112/3368/1 3271/277/1 384/274/1
f 2112/3368/1 5574/3367/1 3271/277/1
f 5574/3367/1 967/3334/1 3271/277/1
f 5573/3365/1 2116/3352/1 964/3351/1
f 5573/3365/1 1846/3364/1 2116/3352/1
f 1846/3364/1 118/271/1 2116/3352/1
f 5571/3360/1 5573/3365/1 964/3351/1
f 5571/3360/1 5572/3362/1 5573/3365/1
f 5572/3362/1 694/3363/1 5573/3365/1
f 2978/3361/1 3268/270/1 386/267/1
f 2978/3361/1 5571/3360/1 3268/270/1
f 5571/3360/1 964/3351/1 3268/270/1
f 5570/3358/1 1897/3904/1 745/3903/1
f 5570/3358/1 2115/3349/1 1897/3904/1
f 2115/3349/1 169/819/1 1897/3904/1
f 5568/3355/1 5570/3358/1 745/3903/1
f 5568/3355/1 5569/3357/1 5570/3358/1
f 5569/3357/1 963/3347/1 5570/3358/1
f 3266/3356/1 3049/81/1 97/80/1
f 3266/3356/1 5568/3355/1 3049/81/1
f 5568/3355/1 745/3903/1 3049/81/1
f 5567/3353/1 2117/273/1 965/3340/1
f 5567/3353/1 2116/3352/1 2117/273/1
f 2116/3352/1 118/271/1 2117/273/1
f 5565/3348/1 5567/3353/1 965/3340/1
f 5565/3348/1 5566/3350/1 5567/3353/1
f 5566/3350/1 964/3351/1 5567/3353/1
f 2115/3349/1 3269/3342/1 169/819/1
f 2115/3349/1 5565/3348/1 3269/3342/1
f 5565/3348/1 965/3340/1 3269/3342/1
f 5564/3346/1 1609/1723/1 457/1722/1
f 5564/3346/1 1558/3345/1 1609/1723/1
f 1558/3345/1 10/66/1 1609/1723/1
f 5562/3341/1 5564/3346/1 457/1722/1
f 5562/3341/1 5563/3343/1 5564/3346/1
f 5563/3343/1 406/3344/1 5564/3346/1
f 3269/3342/1 2761/820/1 169/819/1
f 3269/3342/1 5562/3341/1 2761/820/1
f 5562/3341/1 457/1722/1 2761/820/1
f 5561/3339/1 2114/269/1 962/3354/1
f 5561/3339/1 2118/3332/1 2114/269/1
f 2118/3332/1 386/267/1 2114/269/1
f 5559/3337/1 5561/3339/1 962/3354/1
f 5559/3337/1 5560/3338/1 5561/3339/1
f 5560/3338/1 966/3330/1 5561/3339/1
f 1824/3310/1 3266/3356/1 97/80/1
f 1824/3310/1 5559/3337/1 3266/3356/1
f 5559/3337/1 962/3354/1 3266/3356/1
f 5558/3336/1 2120/280/1 968/3323/1
f 5558/3336/1 2119/3335/1 2120/280/1
f 2119/3335/1 385/278/1 2120/280/1
f 5556/3331/1 5558/3336/1 968/3323/1
f 5556/3331/1 5557/3333/1 5558/3336/1
f 5557/3333/1 967/3334/1 5558/3336/1
f 2118/3332/1 3272/3325/1 386/267/1
f 2118/3332/1 5556/3331/1 3272/3325/1
f 5556/3331/1 968/3323/1 3272/3325/1
f 5555/3329/1 1826/266/1 674/3359/1
f 5555/3329/1 1825/3328/1 1826/266/1
f 1825/3328/1 46/264/1 1826/266/1
f 5553/3324/1 5555/3329/1 674/3359/1
f 5553/3324/1 5554/3326/1 5555/3329/1
f 5554/3326/1 673/3327/1 5555/3329/1
f 3272/3325/1 2978/3361/1 386/267/1
f 3272/3325/1 5553/3324/1 2978/3361/1
f 5553/3324/1 674/3359/1 2978/3361/1
f 5552/3322/1 1969/3947/1 817/3946/1
f 5552/3322/1 2121/3314/1 1969/3947/1
f 2121/3314/1 241/862/1 1969/3947/1
f 5550/3320/1 5552/3322/1 817/3946/1
f 5550/3320/1 5551/3321/1 5552/3322/1
f 5551/3321/1 969/3312/1 5552/3322/1
f 1557/27/1 3121/65/1 9/25/1
f 1557/27/1 5550/3320/1 3121/65/1
f 5550/3320/1 817/3946/1 3121/65/1
f 5549/3318/1 2123/285/1 971/3305/1
f 5549/3318/1 2122/3317/1 2123/285/1
f 2122/3317/1 384/274/1 2123/285/1
f 5547/3313/1 5549/3318/1 971/3305/1
f 5547/3313/1 5548/3315/1 5549/3318/1
f 5548/3315/1 970/3316/1 5549/3318/1
f 2121/3314/1 3275/3307/1 241/862/1
f 2121/3314/1 5547/3313/1 3275/3307/1
f 5547/3313/1 971/3305/1 3275/3307/1
f 5546/3311/1 1681/1596/1 529/1595/1
f 5546/3311/1 1824/3310/1 1681/1596/1
f 1824/3310/1 97/80/1 1681/1596/1
f 5544/3306/1 5546/3311/1 529/1595/1
f 5544/3306/1 5545/3308/1 5546/3311/1
f 5545/3308/1 672/3309/1 5546/3311/1
f 3275/3307/1 2833/863/1 241/862/1
f 3275/3307/1 5544/3306/1 2833/863/1
f 5544/3306/1 529/1595/1 2833/863/1
f 5543/3304/1 1894/3851/1 742/3850/1
f 5543/3304/1 2124/3295/1 1894/3851/1
f 2124/3295/1 166/764/1 1894/3851/1
f 5541/3301/1 5543/3304/1 742/3850/1
f 5541/3301/1 5542/3303/1 5543/3304/1
f 5542/3303/1 972/3293/1 5543/3304/1
f 3263/3302/1 3046/100/1 94/99/1
f 3263/3302/1 5541/3301/1 3046/100/1
f 5541/3301/1 742/3850/1 3046/100/1
f 5540/3299/1 2126/292/1 974/3286/1
f 5540/3299/1 2125/3298/1 2126/292/1
f 2125/3298/1 125/290/1 2126/292/1
f 5538/3294/1 5540/3299/1 974/3286/1
f 5538/3294/1 5539/3296/1 5540/3299/1
f 5539/3296/1 973/3297/1 5540/3299/1
f 2124/3295/1 3278/3288/1 166/764/1
f 2124/3295/1 5538/3294/1 3278/3288/1
f 5538/3294/1 974/3286/1 3278/3288/1
f 5537/3292/1 1606/1885/1 454/1884/1
f 5537/3292/1 1565/3291/1 1606/1885/1
f 1565/3291/1 17/60/1 1606/1885/1
f 5535/3287/1 5537/3292/1 454/1884/1
f 5535/3287/1 5536/3289/1 5537/3292/1
f 5536/3289/1 413/3290/1 5537/3292/1
f 3278/3288/1 2758/765/1 166/764/1
f 3278/3288/1 5535/3287/1 2758/765/1
f 5535/3287/1 454/1884/1 2758/765/1
f 5534/3285/1 2111/288/1 959/3300/1
f 5534/3285/1 2127/3278/1 2111/288/1
f 2127/3278/1 383/286/1 2111/288/1
f 5532/3283/1 5534/3285/1 959/3300/1
f 5532/3283/1 5533/3284/1 5534/3285/1
f 5533/3284/1 975/3276/1 5534/3285/1
f 1821/3255/1 3263/3302/1 94/99/1
f 1821/3255/1 5532/3283/1 3263/3302/1
f 5532/3283/1 959/3300/1 3263/3302/1
f 5531/3282/1 2129/299/1 977/3269/1
f 5531/3282/1 2128/3281/1 2129/299/1
f 2128/3281/1 382/297/1 2129/299/1
f 5529/3277/1 5531/3282/1 977/3269/1
f 5529/3277/1 5530/3279/1 5531/3282/1
f 5530/3279/1 976/3280/1 5531/3282/1
f 2127/3278/1 3281/3271/1 383/286/1
f 2127/3278/1 5529/3277/1 3281/3271/1
f 5529/3277/1 977/3269/1 3281/3271/1
f 5528/3275/1 1823/260/1 671/3376/1
f 5528/3275/1 1822/3274/1 1823/260/1
f 1822/3274/1 53/258/1 1823/260/1
f 5526/3270/1 5528/3275/1 671/3376/1
f 5526/3270/1 5527/3272/1 5528/3275/1
f 5527/3272/1 670/3273/1 5528/3275/1
f 3281/3271/1 2975/3378/1 383/286/1
f 3281/3271/1 5526/3270/1 2975/3378/1
f 5526/3270/1 671/3376/1 2975/3378/1
f 5525/3268/1 1966/3964/1 814/3963/1
f 5525/3268/1 2130/3259/1 1966/3964/1
f 2130/3259/1 238/880/1 1966/3964/1
f 5523/3265/1 5525/3268/1 814/3963/1
f 5523/3265/1 5524/3267/1 5525/3268/1
f 5524/3267/1 978/3257/1 5525/3268/1
f 1559/3266/1 3118/59/1 11/56/1
f 1559/3266/1 5523/3265/1 3118/59/1
f 5523/3265/1 814/3963/1 3118/59/1
f 5522/3263/1 2132/304/1 980/3250/1
f 5522/3263/1 2131/3262/1 2132/304/1
f 2131/3262/1 381/293/1 2132/304/1
f 5520/3258/1 5522/3263/1 980/3250/1
f 5520/3258/1 5521/3260/1 5522/3263/1
f 5521/3260/1 979/3261/1 5522/3263/1
f 2130/3259/1 3284/3252/1 238/880/1
f 2130/3259/1 5520/3258/1 3284/3252/1
f 5520/3258/1 980/3250/1 3284/3252/1
f 5519/3256/1 1678/1542/1 526/1541/1
f 5519/3256/1 1821/3255/1 1678/1542/1
f 1821/3255/1 94/99/1 1678/1542/1
f 5517/3251/1 5519/3256/1 526/1541/1
f 5517/3251/1 5518/3253/1 5519/3256/1
f 5518/3253/1 669/3254/1 5519/3256/1
f 3284/3252/1 2830/881/1 238/880/1
f 3284/3252/1 5517/3251/1 2830/881/1
f 5517/3251/1 526/1541/1 2830/881/1
f 5516/3249/2 1891/3798/2 739/3797/2
f 5516/3249/2 2133/3240/2 1891/3798/2
f 2133/3240/2 163/711/2 1891/3798/2
f 5514/3246/2 5516/3249/2 739/3797/2
f 5514/3246/2 5515/3248/2 5516/3249/2
f 5515/3248/2 981/3238/2 5516/3249/2
f 3260/3247/2 3043/119/2 91/118/2
f 3260/3247/2 5514/3246/2 3043/119/2
f 5514/3246/2 739/3797/2 3043/119/2
f 5513/3244/2 2135/311/2 983/3233/2
f 5513/3244/2 2134/3243/2 2135/311/2
f 2134/3243/2 174/309/2 2135/311/2
f 5511/3239/2 5513/3244/2 983/3233/2
f 5511/3239/2 5512/3241/2 5513/3244/2
f 5512/3241/2 982/3242/2 5513/3244/2
f 2133/3240/2 3287/3235/2 163/711/2
f 2133/3240/2 5511/3239/2 3287/3235/2
f 5511/3239/2 983/3233/2 3287/3235/2
f 5510/3237/2 1603/2048/2 451/2047/2
f 5510/3237/2 3054/3130/2 1603/2048/2
f 3054/3130/2 12/43/2 1603/2048/2
f 5508/3234/2 5510/3237/2 451/2047/2
f 5508/3234/2 5509/3236/2 5510/3237/2
f 5509/3236/2 750/3129/2 5510/3237/2
f 3287/3235/2 2755/712/2 163/711/2
f 3287/3235/2 5508/3234/2 2755/712/2
f 5508/3234/2 451/2047/2 2755/712/2
f 5507/3232/2 2108/307/2 956/3245/2
f 5507/3232/2 2136/3225/2 2108/307/2
f 2136/3225/2 380/305/2 2108/307/2
f 5505/3230/2 5507/3232/2 956/3245/2
f 5505/3230/2 5506/3231/2 5507/3232/2
f 5506/3231/2 984/3223/2 5507/3232/2
f 1818/3204/2 3260/3247/2 91/118/2
f 1818/3204/2 5505/3230/2 3260/3247/2
f 5505/3230/2 956/3245/2 3260/3247/2
f 5504/3229/2 2138/318/2 986/3216/2
f 5504/3229/2 2137/3228/2 2138/318/2
f 2137/3228/2 379/316/2 2138/318/2
f 5502/3224/2 5504/3229/2 986/3216/2
f 5502/3224/2 5503/3226/2 5504/3229/2
f 5503/3226/2 985/3227/2 5504/3229/2
f 2136/3225/2 3290/3218/2 380/305/2
f 2136/3225/2 5502/3224/2 3290/3218/2
f 5502/3224/2 986/3216/2 3290/3218/2
f 5501/3222/2 1820/253/2 668/3395/2
f 5501/3222/2 1819/3221/2 1820/253/2
f 1819/3221/2 30/241/2 1820/253/2
f 5499/3217/2 5501/3222/2 668/3395/2
f 5499/3217/2 5500/3219/2 5501/3222/2
f 5500/3219/2 667/3220/2 5501/3222/2
f 3290/3218/2 2972/3397/2 380/305/2
f 3290/3218/2 5499/3217/2 2972/3397/2
f 5499/3217/2 668/3395/2 2972/3397/2
f 5498/3215/2 1963/3983/2 811/3982/2
f 5498/3215/2 2139/3208/2 1963/3983/2
f 2139/3208/2 235/899/2 1963/3983/2
f 5496/3213/3 5498/3215/2 811/3982/2
f 5496/3213/3 5497/3214/2 5498/3215/2
f 5497/3214/2 987/3206/2 5498/3215/2
f 1561/64/3 3115/54/3 13/25/3
f 1561/64/3 5496/3213/3 3115/54/3
f 5496/3213/3 811/3982/2 3115/54/3
f 5495/3212/2 2141/323/2 989/3199/2
f 5495/3212/2 2140/3211/2 2141/323/2
f 2140/3211/2 378/312/2 2141/323/2
f 5493/3207/2 5495/3212/2 989/3199/2
f 5493/3207/2 5494/3209/2 5495/3212/2
f 5494/3209/2 988/3210/2 5495/3212/2
f 2139/3208/2 3293/3201/2 235/899/2
f 2139/3208/2 5493/3207/2 3293/3201/2
f 5493/3207/2 989/3199/2 3293/3201/2
f 5492/3205/2 1675/1489/2 523/1488/2
f 5492/3205/2 1818/3204/2 1675/1489/2
f 1818/3204/2 91/118/2 1675/1489/2
f 5490/3200/2 5492/3205/2 523/1488/2
f 5490/3200/2 5491/3202/2 5492/3205/2
f 5491/3202/2 666/3203/2 5492/3205/2
f 3293/3201/2 2827/900/2 235/899/2
f 3293/3201/2 5490/3200/2 2827/900/2
f 5490/3200/2 523/1488/2 2827/900/2
f 5489/3198/2 1888/3745/2 736/3744/2
f 5489/3198/2 2142/3189/2 1888/3745/2
f 2142/3189/2 160/658/2 1888/3745/2
f 5487/3195/2 5489/3198/2 736/3744/2
f 5487/3195/2 5488/3197/2 5489/3198/2
f 5488/3197/2 990/3187/3 5489/3198/2
f 3257/3196/2 3040/138/2 88/137/2
f 3257/3196/2 5487/3195/2 3040/138/2
f 5487/3195/2 736/3744/2 3040/138/2
f 5486/3193/2 2144/330/2 992/3180/2
f 5486/3193/2 2143/3192/2 2144/330/2
f 2143/3192/2 181/328/2 2144/330/2
f 5484/3188/2 5486/3193/2 992/3180/2
f 5484/3188/2 5485/3190/2 5486/3193/2
f 5485/3190/2 991/3191/2 5486/3193/2
f 2142/3189/2 3296/3182/2 160/658/2
f 2142/3189/2 5484/3188/2 3296/3182/2
f 5484/3188/2 992/3180/2 3296/3182/2
f 5483/3186/2 1600/2210/2 448/2209/2
f 5483/3186/2 3061/3185/2 1600/2210/2
f 3061/3185/2 19/50/2 1600/2210/2
f 5481/3181/2 5483/3186/2 448/2209/2
f 5481/3181/2 5482/3183/2 5483/3186/2
f 5482/3183/2 757/3184/2 5483/3186/2
f 3296/3182/2 2752/659/2 160/658/2
f 3296/3182/2 5481/3181/2 2752/659/2
f 5481/3181/2 448/2209/2 2752/659/2
f 5480/3179/2 2105/326/2 953/3194/2
f 5480/3179/2 2145/3172/2 2105/326/2
f 2145/3172/2 377/324/2 2105/326/2
f 5478/3177/2 5480/3179/2 953/3194/2
f 5478/3177/2 5479/3178/2 5480/3179/2
f 5479/3178/2 993/3170/2 5480/3179/2
f 1815/3149/2 3257/3196/2 88/137/2
f 1815/3149/2 5478/3177/2 3257/3196/2
f 5478/3177/2 953/3194/2 3257/3196/2
f 5477/3176/2 2147/337/2 995/3163/2
f 5477/3176/2 2146/3175/2 2147/337/2
f 2146/3175/2 376/335/2 2147/337/2
f 5475/3171/11 5477/3176/2 995/3163/2
f 5475/3171/11 5476/3173/2 5477/3176/2
f 5476/3173/2 994/3174/2 5477/3176/2
f 2145/3172/2 3299/3165/2 377/324/2
f 2145/3172/2 5475/3171/11 3299/3165/2
f 5475/3171/11 995/3163/2 3299/3165/2
f 5474/3169/2 1817/250/2 665/3412/2
f 5474/3169/2 1816/3168/2 1817/250/2
f 1816/3168/2 37/248/2 1817/250/2
f 5472/3164/2 5474/3169/2 665/3412/2
f 5472/3164/2 5473/3166/2 5474/3169/2
f 5473/3166/2 664/3167/2 5474/3169/2
f 3299/3165/2 2969/3414/2 377/324/2
f 3299/3165/2 5472/3164/2 2969/3414/2
f 5472/3164/2 665/3412/2 2969/3414/2
f 5471/3162/2 1960/4000/2 808/3999/2
f 5471/3162/2 2148/3153/2 1960/4000/2
f 2148/3153/2 232/917/2 1960/4000/2
f 5469/3159/2 5471/3162/2 808/3999/2
f 5469/3159/2 5470/3161/2 5471/3162/2
f 5470/3161/2 996/3151/2 5471/3162/2
f 3063/3160/11 3112/49/2 21/46/2
f 3063/3160/11 5469/3159/2 3112/49/2
f 5469/3159/2 808/3999/2 3112/49/2
f 5468/3157/2 2150/342/2 998/3144/2
f 5468/3157/2 2149/3156/2 2150/342/2
f 2149/3156/2 375/331/2 2150/342/2
f 5466/3152/2 5468/3157/2 998/3144/2
f 5466/3152/2 5467/3154/2 5468/3157/2
f 5467/3154/2 997/3155/2 5468/3157/2
f 2148/3153/2 3302/3146/2 232/917/2
f 2148/3153/2 5466/3152/2 3302/3146/2
f 5466/3152/2 998/3144/2 3302/3146/2
f 5465/3150/2 1672/1436/2 520/1435/2
f 5465/3150/2 1815/3149/2 1672/1436/2
f 1815/3149/2 88/137/2 1672/1436/2
f 5463/3145/2 5465/3150/2 520/1435/2
f 5463/3145/2 5464/3147/2 5465/3150/2
f 5464/3147/2 663/3148/2 5465/3150/2
f 3302/3146/2 2824/918/2 232/917/2
f 3302/3146/2 5463/3145/2 2824/918/2
f 5463/3145/2 520/1435/2 2824/918/2
f 5462/3143/4 1885/3690/4 733/3689/4
f 5462/3143/4 2151/3134/4 1885/3690/4
f 2151/3134/4 157/603/4 1885/3690/4
f 5460/3140/4 5462/3143/4 733/3689/4
f 5460/3140/4 5461/3142/4 5462/3143/4
f 5461/3142/4 999/3132/4 5462/3143/4
f 3254/3141/4 3037/155/4 85/154/4
f 3254/3141/4 5460/3140/4 3037/155/4
f 5460/3140/4 733/3689/4 3037/155/4
f 5459/3138/4 2153/347/4 1001/3125/4
f 5459/3138/4 2152/3137/4 2153/347/4
f 2152/3137/4 186/309/4 2153/347/4
f 5457/3133/4 5459/3138/4 1001/3125/4
f 5457/3133/4 5458/3135/4 5459/3138/4
f 5458/3135/4 1000/3136/4 5459/3138/4
f 2151/3134/4 3305/3127/4 157/603/4
f 2151/3134/4 5457/3133/4 3305/3127/4
f 5457/3133/4 1001/3125/4 3305/3127/4
f 5456/3131/4 1597/2371/4 445/2370/4
f 5456/3131/4 3066/3130/4 1597/2371/4
f 3066/3130/4 24/43/4 1597/2371/4
f 5454/3126/4 5456/3131/4 445/2370/4
f 5454/3126/4 5455/3128/4 5456/3131/4
f 5455/3128/4 762/3129/4 5456/3131/4
f 3305/3127/4 2749/604/4 157/603/4
f 3305/3127/4 5454/3126/4 2749/604/4
f 5454/3126/4 445/2370/4 2749/604/4
f 5453/3124/4 2102/345/4 950/3139/4
f 5453/3124/4 2154/3117/4 2102/345/4
f 2154/3117/4 374/343/4 2102/345/4
f 5451/3122/4 5453/3124/4 950/3139/4
f 5451/3122/4 5452/3123/4 5453/3124/4
f 5452/3123/4 1002/3115/4 5453/3124/4
f 1812/3094/4 3254/3141/4 85/154/4
f 1812/3094/4 5451/3122/4 3254/3141/4
f 5451/3122/4 950/3139/4 3254/3141/4
f 5450/3121/4 2156/354/4 1004/3108/4
f 5450/3121/4 2155/3120/4 2156/354/4
f 2155/3120/4 373/352/4 2156/354/4
f 5448/3116/4 5450/3121/4 1004/3108/4
f 5448/3116/4 5449/3118/4 5450/3121/4
f 5449/3118/4 1003/3119/4 5450/3121/4
f 2154/3117/4 3308/3110/4 374/343/4
f 2154/3117/4 5448/3116/4 3308/3110/4
f 5448/3116/4 1004/3108/4 3308/3110/4
f 5447/3114/4 1814/243/4 662/3431/4
f 5447/3114/4 1813/3113/4 1814/243/4
f 1813/3113/4 42/241/4 1814/243/4
f 5445/3109/4 5447/3114/4 662/3431/4
f 5445/3109/4 5446/3111/4 5447/3114/4
f 5446/3111/4 661/3112/4 5447/3114/4
f 3308/3110/4 2966/3433/4 374/343/4
f 3308/3110/4 5445/3109/4 2966/3433/4
f 5445/3109/4 662/3431/4 2966/3433/4
f 5444/3107/4 1957/4017/4 805/4016/4
f 5444/3107/4 2157/3098/4 1957/4017/4
f 2157/3098/4 229/934/4 1957/4017/4
f 5442/3104/4 5444/3107/4 805/4016/4
f 5442/3104/4 5443/3106/4 5444/3107/4
f 5443/3106/4 1005/3096/4 5444/3107/4
f 3056/3105/4 3109/42/4 14/39/4
f 3056/3105/4 5442/3104/4 3109/42/4
f 5442/3104/4 805/4016/4 3109/42/4
f 5441/3102/4 2159/359/4 1007/3089/4
f 5441/3102/4 2158/3101/4 2159/359/4
f 2158/3101/4 372/348/4 2159/359/4
f 5439/3097/4 5441/3102/4 1007/3089/4
f 5439/3097/4 5440/3099/4 5441/3102/4
f 5440/3099/4 1006/3100/4 5441/3102/4
f 2157/3098/4 3311/3091/4 229/934/4
f 2157/3098/4 5439/3097/4 3311/3091/4
f 5439/3097/4 1007/3089/4 3311/3091/4
f 5438/3095/4 1669/1381/4 517/1380/4
f 5438/3095/4 1812/3094/4 1669/1381/4
f 1812/3094/4 85/154/4 1669/1381/4
f 5436/3090/4 5438/3095/4 517/1380/4
f 5436/3090/4 5437/3092/4 5438/3095/4
f 5437/3092/4 660/3093/4 5438/3095/4
f 3311/3091/4 2821/935/4 229/934/4
f 3311/3091/4 5436/3090/4 2821/935/4
f 5436/3090/4 517/1380/4 2821/935/4
f 5435/3088/4 1882/3635/4 730/3634/4
f 5435/3088/4 2160/3079/4 1882/3635/4
f 2160/3079/4 154/548/4 1882/3635/4
f 5433/3085/4 5435/3088/4 730/3634/4
f 5433/3085/4 5434/3087/4 5435/3088/4
f 5434/3087/4 1008/3077/4 5435/3088/4
f 3251/3086/4 3034/174/4 82/173/4
f 3251/3086/4 5433/3085/4 3034/174/4
f 5433/3085/4 730/3634/4 3034/174/4
f 5432/3083/4 2162/366/4 1010/3070/4
f 5432/3083/4 2161/3082/4 2162/366/4
f 2161/3082/4 184/364/4 2162/366/4
f 5430/3078/4 5432/3083/4 1010/3070/4
f 5430/3078/4 5431/3080/4 5432/3083/4
f 5431/3080/4 1009/3081/4 5432/3083/4
f 2160/3079/4 3314/3072/4 154/548/4
f 2160/3079/4 5430/3078/4 3314/3072/4
f 5430/3078/4 1010/3070/4 3314/3072/4
f 5429/3076/4 1594/2534/4 442/2533/4
f 5429/3076/4 3064/3075/4 1594/2534/4
f 3064/3075/4 22/36/4 1594/2534/4
f 5427/3071/4 5429/3076/4 442/2533/4
f 5427/3071/4 5428/3073/4 5429/3076/4
f 5428/3073/4 760/3074/4 5429/3076/4
f 3314/3072/4 2746/549/4 154/548/4
f 3314/3072/4 5427/3071/4 2746/549/4
f 5427/3071/4 442/2533/4 2746/549/4
f 5426/3069/4 2099/362/4 947/3084/4
f 5426/3069/4 2163/3062/4 2099/362/4
f 2163/3062/4 371/360/4 2099/362/4
f 5424/3067/4 5426/3069/4 947/3084/4
f 5424/3067/4 5425/3068/4 5426/3069/4
f 5425/3068/4 1011/3060/4 5426/3069/4
f 1809/3039/4 3251/3086/4 82/173/4
f 1809/3039/4 5424/3067/4 3251/3086/4
f 5424/3067/4 947/3084/4 3251/3086/4
f 5423/3066/4 2165/373/4 1013/3053/4
f 5423/3066/4 2164/3065/4 2165/373/4
f 2164/3065/4 370/371/4 2165/373/4
f 5421/3061/4 5423/3066/4 1013/3053/4
f 5421/3061/4 5422/3063/4 5423/3066/4
f 5422/3063/4 1012/3064/4 5423/3066/4
f 2163/3062/4 3317/3055/4 371/360/4
f 2163/3062/4 5421/3061/4 3317/3055/4
f 5421/3061/4 1013/3053/4 3317/3055/4
f 5420/3059/4 1811/236/4 659/3448/4
f 5420/3059/4 1810/3058/4 1811/236/4
f 1810/3058/4 40/234/4 1811/236/4
f 5418/3054/4 5420/3059/4 659/3448/4
f 5418/3054/4 5419/3056/4 5420/3059/4
f 5419/3056/4 658/3057/4 5420/3059/4
f 3317/3055/4 2963/3450/4 371/360/4
f 3317/3055/4 5418/3054/4 2963/3450/4
f 5418/3054/4 659/3448/4 2963/3450/4
f 5417/3052/4 1954/4036/4 802/4035/4
f 5417/3052/4 2166/3043/4 1954/4036/4
f 2166/3043/4 226/953/4 1954/4036/4
f 5415/3049/4 5417/3052/4 802/4035/4
f 5415/3049/4 5416/3051/4 5417/3052/4
f 5416/3051/4 1014/3041/4 5417/3052/4
f 3054/3050/4 3106/35/4 12/32/4
f 3054/3050/4 5415/3049/4 3106/35/4
f 5415/3049/4 802/4035/4 3106/35/4
f 5414/3047/4 2168/378/4 1016/3034/4
f 5414/3047/4 2167/3046/4 2168/378/4
f 2167/3046/4 369/367/4 2168/378/4
f 5412/3042/4 5414/3047/4 1016/3034/4
f 5412/3042/4 5413/3044/4 5414/3047/4
f 5413/3044/4 1015/3045/4 5414/3047/4
f 2166/3043/4 3320/3036/4 226/953/4
f 2166/3043/4 5412/3042/4 3320/3036/4
f 5412/3042/4 1016/3034/4 3320/3036/4
f 5411/3040/4 1666/1326/4 514/1325/4
f 5411/3040/4 1809/3039/4 1666/1326/4
f 1809/3039/4 82/173/4 1666/1326/4
f 5409/3035/4 5411/3040/4 514/1325/4
f 5409/3035/4 5410/3037/4 5411/3040/4
f 5410/3037/4 657/3038/4 5411/3040/4
f 3320/3036/4 2818/954/4 226/953/4
f 3320/3036/4 5409/3035/4 2818/954/4
f 5409/3035/4 514/1325/4 2818/954/4
f 5408/3249/5 1879/3798/5 727/3797/5
f 5408/3249/5 2169/3240/5 1879/3798/5
f 2169/3240/5 151/711/5 1879/3798/5
f 5406/3246/5 5408/3249/5 727/3797/5
f 5406/3246/5 5407/3248/5 5408/3249/5
f 5407/3248/5 1017/3238/5 5408/3249/5
f 3248/3247/5 3031/119/5 79/118/5
f 3248/3247/5 5406/3246/5 3031/119/5
f 5406/3246/5 727/3797/5 3031/119/5
f 5405/3244/5 2171/311/5 1019/3233/5
f 5405/3244/5 2170/3243/5 2171/311/5
f 2170/3243/5 188/309/5 2171/311/5
f 5403/3239/5 5405/3244/5 1019/3233/5
f 5403/3239/5 5404/3241/5 5405/3244/5
f 5404/3241/5 1018/3242/5 5405/3244/5
f 2169/3240/5 3323/3235/5 151/711/5
f 2169/3240/5 5403/3239/5 3323/3235/5
f 5403/3239/5 1019/3233/5 3323/3235/5
f 5402/3237/5 1591/2048/5 439/2047/5
f 5402/3237/5 3068/3130/5 1591/2048/5
f 3068/3130/5 26/43/5 1591/2048/5
f 5400/3234/5 5402/3237/5 439/2047/5
f 5400/3234/5 5401/3236/5 5402/3237/5
f 5401/3236/5 764/3129/5 5402/3237/5
f 3323/3235/5 2743/712/5 151/711/5
f 3323/3235/5 5400/3234/5 2743/712/5
f 5400/3234/5 439/2047/5 2743/712/5
f 5399/3232/5 2096/307/5 944/3245/5
f 5399/3232/5 2172/3225/5 2096/307/5
f 2172/3225/5 368/305/5 2096/307/5
f 5397/3230/5 5399/3232/5 944/3245/5
f 5397/3230/5 5398/3231/5 5399/3232/5
f 5398/3231/5 1020/3223/5 5399/3232/5
f 1806/3204/5 3248/3247/5 79/118/5
f 1806/3204/5 5397/3230/5 3248/3247/5
f 5397/3230/5 944/3245/5 3248/3247/5
f 5396/3229/5 2174/318/5 1022/3216/5
f 5396/3229/5 2173/3228/5 2174/318/5
f 2173/3228/5 367/316/5 2174/318/5
f 5394/3224/5 5396/3229/5 1022/3216/5
f 5394/3224/5 5395/3226/5 5396/3229/5
f 5395/3226/5 1021/3227/5 5396/3229/5
f 2172/3225/5 3326/3218/5 368/305/5
f 2172/3225/5 5394/3224/5 3326/3218/5
f 5394/3224/5 1022/3216/5 3326/3218/5
f 5393/3222/5 1808/253/5 656/3395/5
f 5393/3222/5 1807/3221/5 1808/253/5
f 1807/3221/5 44/241/5 1808/253/5
f 5391/3217/5 5393/3222/5 656/3395/5
f 5391/3217/5 5392/3219/5 5393/3222/5
f 5392/3219/5 655/3220/5 5393/3222/5
f 3326/3218/5 2960/3397/5 368/305/5
f 3326/3218/5 5391/3217/5 2960/3397/5
f 5391/3217/5 656/3395/5 2960/3397/5
f 5390/3215/5 1951/3983/5 799/3982/5
f 5390/3215/5 2175/3208/5 1951/3983/5
f 2175/3208/5 223/899/5 1951/3983/5
f 5388/3213/5 5390/3215/5 799/3982/5
f 5388/3213/5 5389/3214/5 5390/3215/5
f 5389/3214/5 1023/3206/5 5390/3215/5
f 3057/64/6 3103/54/5 15/25/6
f 3057/64/6 5388/3213/5 3103/54/5
f 5388/3213/5 799/3982/5 3103/54/5
f 5387/3212/5 2177/323/5 1025/3199/5
f 5387/3212/5 2176/3211/5 2177/323/5
f 2176/3211/5 366/312/5 2177/323/5
f 5385/3207/5 5387/3212/5 1025/3199/5
f 5385/3207/5 5386/3209/5 5387/3212/5
f 5386/3209/5 1024/3210/5 5387/3212/5
f 2175/3208/5 3329/3201/5 223/899/5
f 2175/3208/5 5385/3207/5 3329/3201/5
f 5385/3207/5 1025/3199/5 3329/3201/5
f 5384/3205/5 1663/1489/5 511/1488/5
f 5384/3205/5 1806/3204/5 1663/1489/5
f 1806/3204/5 79/118/5 1663/1489/5
f 5382/3200/5 5384/3205/5 511/1488/5
f 5382/3200/5 5383/3202/5 5384/3205/5
f 5383/3202/5 654/3203/5 5384/3205/5
f 3329/3201/5 2815/900/5 223/899/5
f 3329/3201/5 5382/3200/5 2815/900/5
f 5382/3200/5 511/1488/5 2815/900/5
f 5381/3198/5 1876/3745/5 724/3744/7
f 5381/3198/5 2178/3189/5 1876/3745/5
f 2178/3189/5 148/658/5 1876/3745/5
f 5379/3195/7 5381/3198/5 724/3744/7
f 5379/3195/7 5380/3197/5 5381/3198/5
f 5380/3197/5 1026/3187/5 5381/3198/5
f 3245/3196/7 3028/138/5 76/137/5
f 3245/3196/7 5379/3195/7 3028/138/5
f 5379/3195/7 724/3744/7 3028/138/5
f 5378/3193/7 2180/330/5 1028/3180/7
f 5378/3193/7 2179/3192/7 2180/330/5
f 2179/3192/7 187/328/5 2180/330/5
f 5376/3188/7 5378/3193/7 1028/3180/7
f 5376/3188/7 5377/3190/5 5378/3193/7
f 5377/3190/5 1027/3191/7 5378/3193/7
f 2178/3189/5 3332/3182/5 148/658/5
f 2178/3189/5 5376/3188/7 3332/3182/5
f 5376/3188/7 1028/3180/7 3332/3182/5
f 5375/3186/7 1588/2210/5 436/2209/7
f 5375/3186/7 3067/3185/5 1588/2210/5
f 3067/3185/5 25/50/5 1588/2210/5
f 5373/3181/7 5375/3186/7 436/2209/7
f 5373/3181/7 5374/3183/7 5375/3186/7
f 5374/3183/7 763/3184/5 5375/3186/7
f 3332/3182/5 2740/659/5 148/658/5
f 3332/3182/5 5373/3181/7 2740/659/5
f 5373/3181/7 436/2209/7 2740/659/5
f 5372/3179/7 2093/326/7 941/3194/7
f 5372/3179/7 2181/3172/5 2093/326/7
f 2181/3172/5 365/324/5 2093/326/7
f 5370/3177/5 5372/3179/7 941/3194/7
f 5370/3177/5 5371/3178/7 5372/3179/7
f 5371/3178/7 1029/3170/7 5372/3179/7
f 1803/3149/5 3245/3196/7 76/137/5
f 1803/3149/5 5370/3177/5 3245/3196/7
f 5370/3177/5 941/3194/7 3245/3196/7
f 5369/3176/5 2183/337/5 1031/3163/5
f 5369/3176/5 2182/3175/5 2183/337/5
f 2182/3175/5 364/335/5 2183/337/5
f 5367/3171/5 5369/3176/5 1031/3163/5
f 5367/3171/5 5368/3173/7 5369/3176/5
f 5368/3173/7 1030/3174/7 5369/3176/5
f 2181/3172/5 3335/3165/5 365/324/5
f 2181/3172/5 5367/3171/5 3335/3165/5
f 5367/3171/5 1031/3163/5 3335/3165/5
f 5366/3169/7 1805/250/5 653/3412/7
f 5366/3169/7 1804/3168/7 1805/250/5
f 1804/3168/7 43/248/5 1805/250/5
f 5364/3164/5 5366/3169/7 653/3412/7
f 5364/3164/5 5365/3166/5 5366/3169/7
f 5365/3166/5 652/3167/7 5366/3169/7
f 3335/3165/5 2957/3414/5 365/324/5
f 3335/3165/5 5364/3164/5 2957/3414/5
f 5364/3164/5 653/3412/7 2957/3414/5
f 5363/3162/5 1948/4000/5 796/3999/7
f 5363/3162/5 2184/3153/5 1948/4000/5
f 2184/3153/5 220/917/5 1948/4000/5
f 5361/3159/7 5363/3162/5 796/3999/7
f 5361/3159/7 5362/3161/7 5363/3162/5
f 5362/3161/7 1032/3151/5 5363/3162/5
f 3066/3160/7 3100/49/5 24/46/5
f 3066/3160/7 5361/3159/7 3100/49/5
f 5361/3159/7 796/3999/7 3100/49/5
f 5360/3157/7 2186/342/5 1034/3144/7
f 5360/3157/7 2185/3156/5 2186/342/5
f 2185/3156/5 363/331/5 2186/342/5
f 5358/3152/7 5360/3157/7 1034/3144/7
f 5358/3152/7 5359/3154/7 5360/3157/7
f 5359/3154/7 1033/3155/7 5360/3157/7
f 2184/3153/5 3338/3146/7 220/917/5
f 2184/3153/5 5358/3152/7 3338/3146/7
f 5358/3152/7 1034/3144/7 3338/3146/7
f 5357/3150/5 1660/1436/5 508/1435/7
f 5357/3150/5 1803/3149/5 1660/1436/5
f 1803/3149/5 76/137/5 1660/1436/5
f 5355/3145/7 5357/3150/5 508/1435/7
f 5355/3145/7 5356/3147/5 5357/3150/5
f 5356/3147/5 651/3148/5 5357/3150/5
f 3338/3146/7 2812/918/7 220/917/5
f 3338/3146/7 5355/3145/7 2812/918/7
f 5355/3145/7 508/1435/7 2812/918/7
f 5354/3143/8 1873/3690/9 721/3689/8
f 5354/3143/8 2187/3134/9 1873/3690/9
f 2187/3134/9 145/603/9 1873/3690/9
f 5352/3140/9 5354/3143/8 721/3689/8
f 5352/3140/9 5353/3142/9 5354/3143/8
f 5353/3142/9 1035/3132/8 5354/3143/8
f 3242/3141/9 3025/155/9 73/154/9
f 3242/3141/9 5352/3140/9 3025/155/9
f 5352/3140/9 721/3689/8 3025/155/9
f 5351/3138/9 2189/347/9 1037/3125/9
f 5351/3138/9 2188/3137/9 2189/347/9
f 2188/3137/9 183/309/9 2189/347/9
f 5349/3133/9 5351/3138/9 1037/3125/9
f 5349/3133/9 5350/3135/8 5351/3138/9
f 5350/3135/8 1036/3136/8 5351/3138/9
f 2187/3134/9 3341/3127/9 145/603/9
f 2187/3134/9 5349/3133/9 3341/3127/9
f 5349/3133/9 1037/3125/9 3341/3127/9
f 5348/3131/8 1585/2371/9 433/2370/8
f 5348/3131/8 3063/3130/9 1585/2371/9
f 3063/3130/9 21/43/9 1585/2371/9
f 5346/3126/9 5348/3131/8 433/2370/8
f 5346/3126/9 5347/3128/9 5348/3131/8
f 5347/3128/9 759/3129/8 5348/3131/8
f 3341/3127/9 2737/604/9 145/603/9
f 3341/3127/9 5346/3126/9 2737/604/9
f 5346/3126/9 433/2370/8 2737/604/9
f 5345/3124/9 2090/345/9 938/3139/9
f 5345/3124/9 2190/3117/9 2090/345/9
f 2190/3117/9 362/343/9 2090/345/9
f 5343/3122/9 5345/3124/9 938/3139/9
f 5343/3122/9 5344/3123/8 5345/3124/9
f 5344/3123/8 1038/3115/8 5345/3124/9
f 1800/3094/9 3242/3141/9 73/154/9
f 1800/3094/9 5343/3122/9 3242/3141/9
f 5343/3122/9 938/3139/9 3242/3141/9
f 5342/3121/9 2192/354/9 1040/3108/8
f 5342/3121/9 2191/3120/9 2192/354/9
f 2191/3120/9 361/352/9 2192/354/9
f 5340/3116/8 5342/3121/9 1040/3108/8
f 5340/3116/8 5341/3118/9 5342/3121/9
f 5341/3118/9 1039/3119/9 5342/3121/9
f 2190/3117/9 3344/3110/9 362/343/9
f 2190/3117/9 5340/3116/8 3344/3110/9
f 5340/3116/8 1040/3108/8 3344/3110/9
f 5339/3114/9 1802/243/9 650/3431/9
f 5339/3114/9 1801/3113/9 1802/243/9
f 1801/3113/9 39/241/9 1802/243/9
f 5337/3109/9 5339/3114/9 650/3431/9
f 5337/3109/9 5338/3111/8 5339/3114/9
f 5338/3111/8 649/3112/8 5339/3114/9
f 3344/3110/9 2954/3433/9 362/343/9
f 3344/3110/9 5337/3109/9 2954/3433/9
f 5337/3109/9 650/3431/9 2954/3433/9
f 5336/3107/9 1945/4017/8 793/4016/9
f 5336/3107/9 2193/3098/8 1945/4017/8
f 2193/3098/8 217/934/9 1945/4017/8
f 5334/3104/9 5336/3107/9 793/4016/9
f 5334/3104/9 5335/3106/9 5336/3107/9
f 5335/3106/9 1041/3096/9 5336/3107/9
f 1564/3105/8 3097/42/9 16/39/8
f 1564/3105/8 5334/3104/9 3097/42/9
f 5334/3104/9 793/4016/9 3097/42/9
f 5333/3102/8 2195/359/9 1043/3089/9
f 5333/3102/8 2194/3101/8 2195/359/9
f 2194/3101/8 360/348/9 2195/359/9
f 5331/3097/8 5333/3102/8 1043/3089/9
f 5331/3097/8 5332/3099/9 5333/3102/8
f 5332/3099/9 1042/3100/9 5333/3102/8
f 2193/3098/8 3347/3091/9 217/934/9
f 2193/3098/8 5331/3097/8 3347/3091/9
f 5331/3097/8 1043/3089/9 3347/3091/9
f 5330/3095/8 1657/1381/9 505/1380/8
f 5330/3095/8 1800/3094/9 1657/1381/9
f 1800/3094/9 73/154/9 1657/1381/9
f 5328/3090/9 5330/3095/8 505/1380/8
f 5328/3090/9 5329/3092/9 5330/3095/8
f 5329/3092/9 648/3093/8 5330/3095/8
f 3347/3091/9 2809/935/9 217/934/9
f 3347/3091/9 5328/3090/9 2809/935/9
f 5328/3090/9 505/1380/8 2809/935/9
f 5327/3088/9 1870/3635/9 718/3634/9
f 5327/3088/9 2196/3079/9 1870/3635/9
f 2196/3079/9 142/548/9 1870/3635/9
f 5325/3085/9 5327/3088/9 718/3634/9
f 5325/3085/9 5326/3087/9 5327/3088/9
f 5326/3087/9 1044/3077/9 5327/3088/9
f 3239/3086/9 3022/174/9 70/173/9
f 3239/3086/9 5325/3085/9 3022/174/9
f 5325/3085/9 718/3634/9 3022/174/9
f 5324/3083/9 2198/366/9 1046/3070/9
f 5324/3083/9 2197/3082/9 2198/366/9
f 2197/3082/9 185/364/9 2198/366/9
f 5322/3078/9 5324/3083/9 1046/3070/9
f 5322/3078/9 5323/3080/9 5324/3083/9
f 5323/3080/9 1045/3081/9 5324/3083/9
f 2196/3079/9 3350/3072/9 142/548/9
f 2196/3079/9 5322/3078/9 3350/3072/9
f 5322/3078/9 1046/3070/9 3350/3072/9
f 5321/3076/9 1582/2534/9 430/2533/9
f 5321/3076/9 3065/3075/9 1582/2534/9
f 3065/3075/9 23/36/9 1582/2534/9
f 5319/3071/9 5321/3076/9 430/2533/9
f 5319/3071/9 5320/3073/9 5321/3076/9
f 5320/3073/9 761/3074/9 5321/3076/9
f 3350/3072/9 2734/549/9 142/548/9
f 3350/3072/9 5319/3071/9 2734/549/9
f 5319/3071/9 430/2533/9 2734/549/9
f 5318/3069/9 2087/362/9 935/3084/9
f 5318/3069/9 2199/3062/9 2087/362/9
f 2199/3062/9 359/360/9 2087/362/9
f 5316/3067/9 5318/3069/9 935/3084/9
f 5316/3067/9 5317/3068/9 5318/3069/9
f 5317/3068/9 1047/3060/9 5318/3069/9
f 1797/3039/9 3239/3086/9 70/173/9
f 1797/3039/9 5316/3067/9 3239/3086/9
f 5316/3067/9 935/3084/9 3239/3086/9
f 5315/3066/9 2201/373/9 1049/3053/9
f 5315/3066/9 2200/3065/9 2201/373/9
f 2200/3065/9 358/371/9 2201/373/9
f 5313/3061/9 5315/3066/9 1049/3053/9
f 5313/3061/9 5314/3063/9 5315/3066/9
f 5314/3063/9 1048/3064/9 5315/3066/9
f 2199/3062/9 3353/3055/9 359/360/9
f 2199/3062/9 5313/3061/9 3353/3055/9
f 5313/3061/9 1049/3053/9 3353/3055/9
f 5312/3059/9 1799/236/9 647/3448/9
f 5312/3059/9 1798/3058/9 1799/236/9
f 1798/3058/9 41/234/9 1799/236/9
f 5310/3054/9 5312/3059/9 647/3448/9
f 5310/3054/9 5311/3056/9 5312/3059/9
f 5311/3056/9 646/3057/9 5312/3059/9
f 3353/3055/9 2951/3450/9 359/360/9
f 3353/3055/9 5310/3054/9 2951/3450/9
f 5310/3054/9 647/3448/9 2951/3450/9
f 5309/3052/9 1942/4036/9 790/4035/9
f 5309/3052/9 2202/3043/9 1942/4036/9
f 2202/3043/9 214/953/9 1942/4036/9
f 5307/3049/9 5309/3052/9 790/4035/9
f 5307/3049/9 5308/3051/9 5309/3052/9
f 5308/3051/9 1050/3041/9 5309/3052/9
f 3068/3050/9 3094/35/9 26/32/9
f 3068/3050/9 5307/3049/9 3094/35/9
f 5307/3049/9 790/4035/9 3094/35/9
f 5306/3047/9 2204/378/9 1052/3034/9
f 5306/3047/9 2203/3046/9 2204/378/9
f 2203/3046/9 357/367/9 2204/378/9
f 5304/3042/9 5306/3047/9 1052/3034/9
f 5304/3042/9 5305/3044/9 5306/3047/9
f 5305/3044/9 1051/3045/9 5306/3047/9
f 2202/3043/9 3356/3036/9 214/953/9
f 2202/3043/9 5304/3042/9 3356/3036/9
f 5304/3042/9 1052/3034/9 3356/3036/9
f 5303/3040/9 1654/1326/9 502/1325/9
f 5303/3040/9 1797/3039/9 1654/1326/9
f 1797/3039/9 70/173/9 1654/1326/9
f 5301/3035/9 5303/3040/9 502/1325/9
f 5301/3035/9 5302/3037/9 5303/3040/9
f 5302/3037/9 645/3038/9 5303/3040/9
f 3356/3036/9 2806/954/9 214/953/9
f 3356/3036/9 5301/3035/9 2806/954/9
f 5301/3035/9 502/1325/9 2806/954/9
f 5300/3033/10 1867/3580/10 715/3579/10
f 5300/3033/10 2205/3024/10 1867/3580/10
f 2205/3024/10 139/493/10 1867/3580/10
f 5298/3030/10 5300/3033/10 715/3579/10
f 5298/3030/10 5299/3032/10 5300/3033/10
f 5299/3032/10 1053/3022/10 5300/3033/10
f 3236/3031/10 3019/193/10 67/192/10
f 3236/3031/10 5298/3030/10 3019/193/10
f 5298/3030/10 715/3579/10 3019/193/10
f 5297/3028/10 2207/385/10 1055/3015/10
f 5297/3028/10 2206/3027/10 2207/385/10
f 2206/3027/10 124/383/10 2207/385/10
f 5295/3023/10 5297/3028/10 1055/3015/10
f 5295/3023/10 5296/3025/10 5297/3028/10
f 5296/3025/10 1054/3026/10 5297/3028/10
f 2205/3024/10 3359/3017/10 139/493/10
f 2205/3024/10 5295/3023/10 3359/3017/10
f 5295/3023/10 1055/3015/10 3359/3017/10
f 5294/3021/10 1579/2697/10 427/2696/10
f 5294/3021/10 1564/3020/10 1579/2697/10
f 1564/3020/10 16/29/10 1579/2697/10
f 5292/3016/10 5294/3021/10 427/2696/10
f 5292/3016/10 5293/3018/10 5294/3021/10
f 5293/3018/10 412/3019/10 5294/3021/10
f 3359/3017/10 2731/494/10 139/493/10
f 3359/3017/10 5292/3016/10 2731/494/10
f 5292/3016/10 427/2696/10 2731/494/10
f 5291/3014/10 2084/381/10 932/3029/10
f 5291/3014/10 2208/3007/10 2084/381/10
f 2208/3007/10 356/379/10 2084/381/10
f 5289/3012/10 5291/3014/10 932/3029/10
f 5289/3012/10 5290/3013/10 5291/3014/10
f 5290/3013/10 1056/3005/10 5291/3014/10
f 1794/2985/10 3236/3031/10 67/192/10
f 1794/2985/10 5289/3012/10 3236/3031/10
f 5289/3012/10 932/3029/10 3236/3031/10
f 5288/3011/10 2210/392/10 1058/2998/10
f 5288/3011/10 2209/3010/10 2210/392/10
f 2209/3010/10 355/390/10 2210/392/10
f 5286/3006/10 5288/3011/10 1058/2998/10
f 5286/3006/10 5287/3008/10 5288/3011/10
f 5287/3008/10 1057/3009/10 5288/3011/10
f 2208/3007/10 3362/3000/10 356/379/10
f 2208/3007/10 5286/3006/10 3362/3000/10
f 5286/3006/10 1058/2998/10 3362/3000/10
f 5285/3004/10 1796/229/10 644/3467/10
f 5285/3004/10 1795/3003/10 1796/229/10
f 1795/3003/10 52/227/10 1796/229/10
f 5283/2999/10 5285/3004/10 644/3467/10
f 5283/2999/10 5284/3001/10 5285/3004/10
f 5284/3001/10 643/3002/10 5285/3004/10
f 3362/3000/10 2948/3469/10 356/379/10
f 3362/3000/10 5283/2999/10 2948/3469/10
f 5283/2999/10 644/3467/10 2948/3469/10
f 5282/2997/10 1939/4055/10 787/4054/10
f 5282/2997/10 2211/2989/10 1939/4055/10
f 2211/2989/10 211/972/10 1939/4055/10
f 5280/2995/10 5282/2997/10 787/4054/10
f 5280/2995/10 5281/2996/10 5282/2997/10
f 5281/2996/10 1059/2987/10 5282/2997/10
f 3055/64/10 3091/28/10 13/25/10
f 3055/64/10 5280/2995/10 3091/28/10
f 5280/2995/10 787/4054/10 3091/28/10
f 5279/2993/10 2213/395/10 1061/2980/10
f 5279/2993/10 2212/2992/10 2213/395/10
f 2212/2992/10 354/386/10 2213/395/10
f 5277/2988/10 5279/2993/10 1061/2980/10
f 5277/2988/10 5278/2990/10 5279/2993/10
f 5278/2990/10 1060/2991/10 5279/2993/10
f 2211/2989/10 3365/2982/10 211/972/10
f 2211/2989/10 5277/2988/10 3365/2982/10
f 5277/2988/10 1061/2980/10 3365/2982/10
f 5276/2986/10 1651/1271/10 499/1270/10
f 5276/2986/10 1794/2985/10 1651/1271/10
f 1794/2985/10 67/192/10 1651/1271/10
f 5274/2981/10 5276/2986/10 499/1270/10
f 5274/2981/10 5275/2983/10 5276/2986/10
f 5275/2983/10 642/2984/10 5276/2986/10
f 3365/2982/10 2803/973/10 211/972/10
f 3365/2982/10 5274/2981/10 2803/973/10
f 5274/2981/10 499/1270/10 2803/973/10
f 5273/2979/10 1864/3527/10 712/3526/10
f 5273/2979/10 2214/2970/10 1864/3527/10
f 2214/2970/10 136/438/10 1864/3527/10
f 5271/2976/10 5273/2979/10 712/3526/10
f 5271/2976/10 5272/2978/10 5273/2979/10
f 5272/2978/10 1062/2968/10 5273/2979/10
f 3233/2977/10 3016/210/10 64/209/10
f 3233/2977/10 5271/2976/10 3016/210/10
f 5271/2976/10 712/3526/10 3016/210/10
f 5270/2974/10 2216/402/10 1064/2961/10
f 5270/2974/10 2215/2973/10 2216/402/10
f 2215/2973/10 126/400/10 2216/402/10
f 5268/2969/10 5270/2974/10 1064/2961/10
f 5268/2969/10 5269/2971/10 5270/2974/10
f 5269/2971/10 1063/2972/10 5270/2974/10
f 2214/2970/10 3368/2963/10 136/438/10
f 2214/2970/10 5268/2969/10 3368/2963/10
f 5268/2969/10 1064/2961/10 3368/2963/10
f 5267/2967/10 1576/2858/10 424/2857/10
f 5267/2967/10 1566/2966/10 1576/2858/10
f 1566/2966/10 18/22/10 1576/2858/10
f 5265/2962/10 5267/2967/10 424/2857/10
f 5265/2962/10 5266/2964/10 5267/2967/10
f 5266/2964/10 414/2965/10 5267/2967/10
f 3368/2963/10 2728/439/10 136/438/10
f 3368/2963/10 5265/2962/10 2728/439/10
f 5265/2962/10 424/2857/10 2728/439/10
f 5264/2960/10 2081/398/10 929/2975/10
f 5264/2960/10 2217/2953/10 2081/398/10
f 2217/2953/10 353/396/10 2081/398/10
f 5262/2958/10 5264/2960/10 929/2975/10
f 5262/2958/10 5263/2959/10 5264/2960/10
f 5263/2959/10 1065/2951/10 5264/2960/10
f 1791/2930/10 3233/2977/10 64/209/10
f 1791/2930/10 5262/2958/10 3233/2977/10
f 5262/2958/10 929/2975/10 3233/2977/10
f 5261/2957/10 2219/409/10 1067/2944/10
f 5261/2957/10 2218/2956/10 2219/409/10
f 2218/2956/10 352/407/10 2219/409/10
f 5259/2952/10 5261/2957/10 1067/2944/10
f 5259/2952/10 5260/2954/10 5261/2957/10
f 5260/2954/10 1066/2955/10 5261/2957/10
f 2217/2953/10 3371/2946/10 353/396/10
f 2217/2953/10 5259/2952/10 3371/2946/10
f 5259/2952/10 1067/2944/10 3371/2946/10
f 5258/2950/10 1793/223/10 641/3484/10
f 5258/2950/10 1792/2949/10 1793/223/10
f 1792/2949/10 54/221/10 1793/223/10
f 5256/2945/10 5258/2950/10 641/3484/10
f 5256/2945/10 5257/2947/10 5258/2950/10
f 5257/2947/10 640/2948/10 5258/2950/10
f 3371/2946/10 2945/3486/10 353/396/10
f 3371/2946/10 5256/2945/10 2945/3486/10
f 5256/2945/10 641/3484/10 2945/3486/10
f 5255/2943/10 1936/4072/10 784/4071/10
f 5255/2943/10 2220/2934/10 1936/4072/10
f 2220/2934/10 208/989/10 1936/4072/10
f 5253/2940/10 5255/2943/10 784/4071/10
f 5253/2940/10 5254/2942/10 5255/2943/10
f 5254/2942/10 1068/2932/10 5255/2943/10
f 1562/2941/10 3088/21/10 14/18/10
f 1562/2941/10 5253/2940/10 3088/21/10
f 5253/2940/10 784/4071/10 3088/21/10
f 5252/2938/10 2222/414/10 1070/2925/10
f 5252/2938/10 2221/2937/10 2222/414/10
f 2221/2937/10 351/403/10 2222/414/10
f 5250/2933/10 5252/2938/10 1070/2925/10
f 5250/2933/10 5251/2935/10 5252/2938/10
f 5251/2935/10 1069/2936/10 5252/2938/10
f 2220/2934/10 3374/2927/10 208/989/10
f 2220/2934/10 5250/2933/10 3374/2927/10
f 5250/2933/10 1070/2925/10 3374/2927/10
f 5249/2931/10 1648/1217/10 496/1216/10
f 5249/2931/10 1791/2930/10 1648/1217/10
f 1791/2930/10 64/209/10 1648/1217/10
f 5247/2926/10 5249/2931/10 496/1216/10
f 5247/2926/10 5248/2928/10 5249/2931/10
f 5248/2928/10 639/2929/10 5249/2931/10
f 3374/2927/10 2800/990/10 208/989/10
f 3374/2927/10 5247/2926/10 2800/990/10
f 5247/2926/10 496/1216/10 2800/990/10
f 5246/2924/10 1851/4127/10 699/4128/10
f 5246/2924/10 2223/2915/10 1851/4127/10
f 2223/2915/10 123/4129/10 1851/4127/10
f 5244/2921/10 5246/2924/10 699/4128/10
f 5244/2921/10 5245/2923/10 5246/2924/10
f 5245/2923/10 1071/2913/10 5246/2924/10
f 3230/2922/10 3003/4130/10 51/4131/10
f 3230/2922/10 5244/2921/10 3003/4130/10
f 5244/2921/10 699/4128/10 3003/4130/10
f 5243/2919/10 2225/421/10 1073/2908/10
f 5243/2919/10 2224/2918/10 2225/421/10
f 2224/2918/10 135/419/10 2225/421/10
f 5241/2914/10 5243/2919/10 1073/2908/10
f 5241/2914/10 5242/2916/10 5243/2919/10
f 5242/2916/10 1072/2917/10 5243/2919/10
f 2223/2915/10 3377/2910/10 123/4129/10
f 2223/2915/10 5241/2914/10 3377/2910/10
f 5241/2914/10 1073/2908/10 3377/2910/10
f 5240/2912/10 1563/4132/10 411/4133/10
f 5240/2912/10 1575/2833/10 1563/4132/10
f 1575/2833/10 15/4134/10 1563/4132/10
f 5238/2909/10 5240/2912/10 411/4133/10
f 5238/2909/10 5239/2911/10 5240/2912/10
f 5239/2911/10 423/2831/10 5240/2912/10
f 3377/2910/10 2715/4135/10 123/4129/10
f 3377/2910/10 5238/2909/10 2715/4135/10
f 5238/2909/10 411/4133/10 2715/4135/10
f 5237/2907/10 2078/417/10 926/2920/10
f 5237/2907/10 2226/2900/10 2078/417/10
f 2226/2900/10 350/415/10 2078/417/10
f 5235/2905/10 5237/2907/10 926/2920/10
f 5235/2905/10 5236/2906/10 5237/2907/10
f 5236/2906/10 1074/2898/10 5237/2907/10
f 1788/2877/10 3230/2922/10 51/4131/10
f 1788/2877/10 5235/2905/10 3230/2922/10
f 5235/2905/10 926/2920/10 3230/2922/10
f 5234/2904/10 2228/428/10 1076/2891/10
f 5234/2904/10 2227/2903/10 2228/428/10
f 2227/2903/10 349/426/10 2228/428/10
f 5232/2899/10 5234/2904/10 1076/2891/10
f 5232/2899/10 5233/2901/10 5234/2904/10
f 5233/2901/10 1075/2902/10 5234/2904/10
f 2226/2900/10 3380/2893/10 350/415/10
f 2226/2900/10 5232/2899/10 3380/2893/10
f 5232/2899/10 1076/2891/10 3380/2893/10
f 5231/2897/10 1790/216/10 638/3503/10
f 5231/2897/10 1789/2896/10 1790/216/10
f 1789/2896/10 63/205/10 1790/216/10
f 5229/2892/10 5231/2897/10 638/3503/10
f 5229/2892/10 5230/2894/10 5231/2897/10
f 5230/2894/10 637/2895/10 5231/2897/10
f 3380/2893/10 2942/3505/10 350/415/10
f 3380/2893/10 5229/2892/10 2942/3505/10
f 5229/2892/10 638/3503/10 2942/3505/10
f 5228/2890/10 1923/4136/10 771/4137/10
f 5228/2890/10 2229/2881/10 1923/4136/10
f 2229/2881/10 195/4138/10 1923/4136/10
f 5226/2887/10 5228/2890/10 771/4137/10
f 5226/2887/10 5227/2889/10 5228/2890/10
f 5227/2889/10 1077/2879/10 5228/2890/10
f 1544/2888/10 3075/4139/10 7/4140/10
f 1544/2888/10 5226/2887/10 3075/4139/10
f 5226/2887/10 771/4137/10 3075/4139/10
f 5225/2885/10 2231/433/10 1079/2872/10
f 5225/2885/10 2230/2884/10 2231/433/10
f 2230/2884/10 348/422/10 2231/433/10
f 5223/2880/10 5225/2885/10 1079/2872/10
f 5223/2880/10 5224/2882/10 5225/2885/10
f 5224/2882/10 1078/2883/10 5225/2885/10
f 2229/2881/10 3383/2874/10 195/4138/10
f 2229/2881/10 5223/2880/10 3383/2874/10
f 5223/2880/10 1079/2872/10 3383/2874/10
f 5222/2878/10 1635/4141/10 483/4142/10
f 5222/2878/10 1788/2877/10 1635/4141/10
f 1788/2877/10 51/4131/10 1635/4141/10
f 5220/2873/10 5222/2878/10 483/4142/10
f 5220/2873/10 5221/2875/10 5222/2878/10
f 5221/2875/10 636/2876/10 5222/2878/10
f 3383/2874/10 2787/4143/10 195/4138/10
f 3383/2874/10 5220/2873/10 2787/4143/10
f 5220/2873/10 483/4142/10 2787/4143/10
f 5219/2871/10 1865/980/10 713/1243/10
f 5219/2871/10 2232/2862/10 1865/980/10
f 2232/2862/10 137/978/10 1865/980/10
f 5217/2868/10 5219/2871/10 713/1243/10
f 5217/2868/10 5218/2870/10 5219/2871/10
f 5218/2870/10 1080/2860/10 5219/2871/10
f 3227/2869/10 3017/1245/10 65/198/10
f 3227/2869/10 5217/2868/10 3017/1245/10
f 5217/2868/10 713/1243/10 3017/1245/10
f 5216/2866/10 2234/440/10 1082/2853/10
f 5216/2866/10 2233/2865/10 2234/440/10
f 2233/2865/10 136/438/10 2234/440/10
f 5214/2861/10 5216/2866/10 1082/2853/10
f 5214/2861/10 5215/2863/10 5216/2866/10
f 5215/2863/10 1081/2864/10 5216/2866/10
f 2232/2862/10 3386/2855/10 137/978/10
f 2232/2862/10 5214/2861/10 3386/2855/10
f 5214/2861/10 1082/2853/10 3386/2855/10
f 5213/2859/10 1577/24/10 425/4060/10
f 5213/2859/10 1576/2858/10 1577/24/10
f 1576/2858/10 18/22/10 1577/24/10
f 5211/2854/10 5213/2859/10 425/4060/10
f 5211/2854/10 5212/2856/10 5213/2859/10
f 5212/2856/10 424/2857/10 5213/2859/10
f 3386/2855/10 2729/4062/10 137/978/10
f 3386/2855/10 5211/2854/10 2729/4062/10
f 5211/2854/10 425/4060/10 2729/4062/10
f 5210/2852/10 2075/436/10 923/2867/10
f 5210/2852/10 2235/2845/10 2075/436/10
f 2235/2845/10 347/434/10 2075/436/10
f 5208/2850/10 5210/2852/10 923/2867/10
f 5208/2850/10 5209/2851/10 5210/2852/10
f 5209/2851/10 1083/2843/10 5210/2852/10
f 1785/2822/10 3227/2869/10 65/198/10
f 1785/2822/10 5208/2850/10 3227/2869/10
f 5208/2850/10 923/2867/10 3227/2869/10
f 5207/2849/10 2237/447/10 1085/2836/10
f 5207/2849/10 2236/2848/10 2237/447/10
f 2236/2848/10 346/445/10 2237/447/10
f 5205/2844/10 5207/2849/10 1085/2836/10
f 5205/2844/10 5206/2846/10 5207/2849/10
f 5206/2846/10 1084/2847/10 5207/2849/10
f 2235/2845/10 3389/2838/10 347/434/10
f 2235/2845/10 5205/2844/10 3389/2838/10
f 5205/2844/10 1085/2836/10 3389/2838/10
f 5204/2842/10 1787/211/10 635/3522/10
f 5204/2842/10 1786/2841/10 1787/211/10
f 1786/2841/10 64/209/10 1787/211/10
f 5202/2837/10 5204/2842/10 635/3522/10
f 5202/2837/10 5203/2839/10 5204/2842/10
f 5203/2839/10 634/2840/10 5204/2842/10
f 3389/2838/10 2939/3524/10 347/434/10
f 3389/2838/10 5202/2837/10 2939/3524/10
f 5202/2837/10 635/3522/10 2939/3524/10
f 5201/2835/10 1937/467/10 785/2776/10
f 5201/2835/10 2238/2826/10 1937/467/10
f 2238/2826/10 209/465/10 1937/467/10
f 5199/2832/10 5201/2835/10 785/2776/10
f 5199/2832/10 5200/2834/10 5201/2835/10
f 5200/2834/10 1086/2824/10 5201/2835/10
f 1575/2833/10 3089/2778/10 15/4134/10
f 1575/2833/10 5199/2832/10 3089/2778/10
f 5199/2832/10 785/2776/10 3089/2778/10
f 5198/2830/10 2240/450/10 1088/2817/10
f 5198/2830/10 2239/2829/10 2240/450/10
f 2239/2829/10 345/441/10 2240/450/10
f 5196/2825/10 5198/2830/10 1088/2817/10
f 5196/2825/10 5197/2827/10 5198/2830/10
f 5197/2827/10 1087/2828/10 5198/2830/10
f 2238/2826/10 3392/2819/10 209/465/10
f 2238/2826/10 5196/2825/10 3392/2819/10
f 5196/2825/10 1088/2817/10 3392/2819/10
f 5195/2823/10 1649/200/10 497/3553/10
f 5195/2823/10 1785/2822/10 1649/200/10
f 1785/2822/10 65/198/10 1649/200/10
f 5193/2818/10 5195/2823/10 497/3553/10
f 5193/2818/10 5194/2820/10 5195/2823/10
f 5194/2820/10 633/2821/10 5195/2823/10
f 3392/2819/10 2801/3555/10 209/465/10
f 3392/2819/10 5193/2818/10 2801/3555/10
f 5193/2818/10 497/3553/10 2801/3555/10
f 5192/2816/10 1833/4144/10 681/4145/10
f 5192/2816/10 2241/2807/10 1833/4144/10
f 2241/2807/10 105/4146/10 1833/4144/10
f 5190/2813/10 5192/2816/10 681/4145/10
f 5190/2813/10 5191/2815/10 5192/2816/10
f 5191/2815/10 1089/2805/10 5192/2816/10
f 3224/2814/10 2985/4147/10 33/4148/10
f 3224/2814/10 5190/2813/10 2985/4147/10
f 5190/2813/10 681/4145/10 2985/4147/10
f 5189/2811/10 2243/457/10 1091/2798/10
f 5189/2811/10 2242/2810/10 2243/457/10
f 2242/2810/10 108/455/10 2243/457/10
f 5187/2806/10 5189/2811/10 1091/2798/10
f 5187/2806/10 5188/2808/10 5189/2811/10
f 5188/2808/10 1090/2809/10 5189/2811/10
f 2241/2807/10 3395/2800/10 105/4146/10
f 2241/2807/10 5187/2806/10 3395/2800/10
f 5187/2806/10 1091/2798/10 3395/2800/10
f 5186/2804/10 1545/4149/10 393/4150/10
f 5186/2804/10 1548/2803/10 1545/4149/10
f 1548/2803/10 8/4151/10 1545/4149/10
f 5184/2799/10 5186/2804/10 393/4150/10
f 5184/2799/10 5185/2801/10 5186/2804/10
f 5185/2801/10 396/2802/10 5186/2804/10
f 3395/2800/10 2697/4152/10 105/4146/10
f 3395/2800/10 5184/2799/10 2697/4152/10
f 5184/2799/10 393/4150/10 2697/4152/10
f 5183/2797/10 2072/453/10 920/2812/10
f 5183/2797/10 2244/2790/10 2072/453/10
f 2244/2790/10 344/451/10 2072/453/10
f 5181/2795/10 5183/2797/10 920/2812/10
f 5181/2795/10 5182/2796/10 5183/2797/10
f 5182/2796/10 1092/2788/10 5183/2797/10
f 1782/2767/10 3224/2814/10 33/4148/10
f 1782/2767/10 5181/2795/10 3224/2814/10
f 5181/2795/10 920/2812/10 3224/2814/10
f 5180/2794/10 2246/464/10 1094/2781/10
f 5180/2794/10 2245/2793/10 2246/464/10
f 2245/2793/10 343/462/10 2246/464/10
f 5178/2789/10 5180/2794/10 1094/2781/10
f 5178/2789/10 5179/2791/10 5180/2794/10
f 5179/2791/10 1093/2792/10 5180/2794/10
f 2244/2790/10 3398/2783/10 344/451/10
f 2244/2790/10 5178/2789/10 3398/2783/10
f 5178/2789/10 1094/2781/10 3398/2783/10
f 5177/2787/10 1784/204/10 632/3539/10
f 5177/2787/10 1783/2786/10 1784/204/10
f 1783/2786/10 36/202/10 1784/204/10
f 5175/2782/10 5177/2787/10 632/3539/10
f 5175/2782/10 5176/2784/10 5177/2787/10
f 5176/2784/10 631/2785/10 5177/2787/10
f 3398/2783/10 2936/3541/10 344/451/10
f 3398/2783/10 5175/2782/10 2936/3541/10
f 5175/2782/10 632/3539/10 2936/3541/10
f 5174/2780/10 1905/4153/10 753/4154/10
f 5174/2780/10 2247/2771/10 1905/4153/10
f 2247/2771/10 177/4155/10 1905/4153/10
f 5172/2777/10 5174/2780/10 753/4154/10
f 5172/2777/10 5173/2779/10 5174/2780/10
f 5173/2779/10 1095/2769/10 5174/2780/10
f 3089/2778/10 3057/4156/10 15/4134/10
f 3089/2778/10 5172/2777/10 3057/4156/10
f 5172/2777/10 753/4154/10 3057/4156/10
f 5171/2775/10 2249/469/10 1097/2762/10
f 5171/2775/10 2248/2774/10 2249/469/10
f 2248/2774/10 342/458/10 2249/469/10
f 5169/2770/10 5171/2775/10 1097/2762/10
f 5169/2770/10 5170/2772/10 5171/2775/10
f 5170/2772/10 1096/2773/10 5171/2775/10
f 2247/2771/10 3401/2764/10 177/4155/10
f 2247/2771/10 5169/2770/10 3401/2764/10
f 5169/2770/10 1097/2762/10 3401/2764/10
f 5168/2768/10 1617/4157/10 465/4158/10
f 5168/2768/10 1782/2767/10 1617/4157/10
f 1782/2767/10 33/4148/10 1617/4157/10
f 5166/2763/10 5168/2768/10 465/4158/10
f 5166/2763/10 5167/2765/10 5168/2768/10
f 5167/2765/10 630/2766/10 5168/2768/10
f 3401/2764/10 2769/4159/10 177/4155/10
f 3401/2764/10 5166/2763/10 2769/4159/10
f 5166/2763/10 465/4158/10 2769/4159/10
f 5165/2761/10 1854/3489/10 702/3488/10
f 5165/2761/10 2250/2752/10 1854/3489/10
f 2250/2752/10 126/400/10 1854/3489/10
f 5163/2758/10 5165/2761/10 702/3488/10
f 5163/2758/10 5164/2760/10 5165/2761/10
f 5164/2760/10 1098/2750/10 5165/2761/10
f 3221/2759/10 3006/222/10 54/221/10
f 3221/2759/10 5163/2758/10 3006/222/10
f 5163/2758/10 702/3488/10 3006/222/10
f 5162/2756/10 2252/476/10 1100/2745/10
f 5162/2756/10 2251/2755/10 2252/476/10
f 2251/2755/10 138/474/10 2252/476/10
f 5160/2751/10 5162/2756/10 1100/2745/10
f 5160/2751/10 5161/2753/10 5162/2756/10
f 5161/2753/10 1099/2754/10 5162/2756/10
f 2250/2752/10 3404/2747/10 126/400/10
f 2250/2752/10 5160/2751/10 3404/2747/10
f 5160/2751/10 1100/2745/10 3404/2747/10
f 5159/2749/10 1566/2966/10 414/2965/10
f 5159/2749/10 1578/2672/10 1566/2966/10
f 1578/2672/10 18/22/10 1566/2966/10
f 5157/2746/10 5159/2749/10 414/2965/10
f 5157/2746/10 5158/2748/10 5159/2749/10
f 5158/2748/10 426/2670/10 5159/2749/10
f 3404/2747/10 2718/401/10 126/400/10
f 3404/2747/10 5157/2746/10 2718/401/10
f 5157/2746/10 414/2965/10 2718/401/10
f 5156/2744/10 2069/472/10 917/2757/10
f 5156/2744/10 2253/2737/10 2069/472/10
f 2253/2737/10 341/470/10 2069/472/10
f 5154/2742/10 5156/2744/10 917/2757/10
f 5154/2742/10 5155/2743/10 5156/2744/10
f 5155/2743/10 1101/2735/10 5156/2744/10
f 1779/2716/10 3221/2759/10 54/221/10
f 1779/2716/10 5154/2742/10 3221/2759/10
f 5154/2742/10 917/2757/10 3221/2759/10
f 5153/2741/10 2255/483/10 1103/2728/10
f 5153/2741/10 2254/2740/10 2255/483/10
f 2254/2740/10 340/481/10 2255/483/10
f 5151/2736/10 5153/2741/10 1103/2728/10
f 5151/2736/10 5152/2738/10 5153/2741/10
f 5152/2738/10 1102/2739/10 5153/2741/10
f 2253/2737/10 3407/2730/10 341/470/10
f 2253/2737/10 5151/2736/10 3407/2730/10
f 5151/2736/10 1103/2728/10 3407/2730/10
f 5150/2734/10 1781/197/10 629/3558/10
f 5150/2734/10 1780/2733/10 1781/197/10
f 1780/2733/10 66/188/10 1781/197/10
f 5148/2729/10 5150/2734/10 629/3558/10
f 5148/2729/10 5149/2731/10 5150/2734/10
f 5149/2731/10 628/2732/10 5150/2734/10
f 3407/2730/10 2933/3560/10 341/470/10
f 3407/2730/10 5148/2729/10 2933/3560/10
f 5148/2729/10 629/3558/10 2933/3560/10
f 5147/2727/10 1926/4084/10 774/4083/10
f 5147/2727/10 2256/2720/10 1926/4084/10
f 2256/2720/10 198/1001/10 1926/4084/10
f 5145/2725/10 5147/2727/10 774/4083/10
f 5145/2725/10 5146/2726/10 5147/2727/10
f 5146/2726/10 1104/2718/10 5147/2727/10
f 3073/3/10 3078/16/10 5/1/10
f 3073/3/10 5145/2725/10 3078/16/10
f 5145/2725/10 774/4083/10 3078/16/10
f 5144/2724/10 2258/488/10 1106/2711/10
f 5144/2724/10 2257/2723/10 2258/488/10
f 2257/2723/10 339/477/10 2258/488/10
f 5142/2719/10 5144/2724/10 1106/2711/10
f 5142/2719/10 5143/2721/10 5144/2724/10
f 5143/2721/10 1105/2722/10 5144/2724/10
f 2256/2720/10 3410/2713/10 198/1001/10
f 2256/2720/10 5142/2719/10 3410/2713/10
f 5142/2719/10 1106/2711/10 3410/2713/10
f 5141/2717/10 1638/1179/10 486/1178/10
f 5141/2717/10 1779/2716/10 1638/1179/10
f 1779/2716/10 54/221/10 1638/1179/10
f 5139/2712/10 5141/2717/10 486/1178/10
f 5139/2712/10 5140/2714/10 5141/2717/10
f 5140/2714/10 627/2715/10 5141/2717/10
f 3410/2713/10 2790/1002/10 198/1001/10
f 3410/2713/10 5139/2712/10 2790/1002/10
f 5139/2712/10 486/1178/10 2790/1002/10
f 5138/2710/10 1868/963/10 716/1297/10
f 5138/2710/10 2259/2701/10 1868/963/10
f 2259/2701/10 140/961/10 1868/963/10
f 5136/2707/10 5138/2710/10 716/1297/10
f 5136/2707/10 5137/2709/10 5138/2710/10
f 5137/2709/10 1107/2699/10 5138/2710/10
f 3218/2708/10 3020/1299/10 68/181/10
f 3218/2708/10 5136/2707/10 3020/1299/10
f 5136/2707/10 716/1297/10 3020/1299/10
f 5135/2705/10 2261/495/10 1109/2692/10
f 5135/2705/10 2260/2704/10 2261/495/10
f 2260/2704/10 139/493/10 2261/495/10
f 5133/2700/10 5135/2705/10 1109/2692/10
f 5133/2700/10 5134/2702/10 5135/2705/10
f 5134/2702/10 1108/2703/10 5135/2705/10
f 2259/2701/10 3413/2694/10 140/961/10
f 2259/2701/10 5133/2700/10 3413/2694/10
f 5133/2700/10 1109/2692/10 3413/2694/10
f 5132/2698/10 1580/31/10 428/4043/10
f 5132/2698/10 1579/2697/10 1580/31/10
f 1579/2697/10 16/29/10 1580/31/10
f 5130/2693/10 5132/2698/10 428/4043/10
f 5130/2693/10 5131/2695/10 5132/2698/10
f 5131/2695/10 427/2696/10 5132/2698/10
f 3413/2694/10 2732/4045/10 140/961/10
f 3413/2694/10 5130/2693/10 2732/4045/10
f 5130/2693/10 428/4043/10 2732/4045/10
f 5129/2691/10 2066/491/10 914/2706/10
f 5129/2691/10 2262/2684/10 2066/491/10
f 2262/2684/10 338/489/10 2066/491/10
f 5127/2689/10 5129/2691/10 914/2706/10
f 5127/2689/10 5128/2690/10 5129/2691/10
f 5128/2690/10 1110/2682/10 5129/2691/10
f 1776/2661/10 3218/2708/10 68/181/10
f 1776/2661/10 5127/2689/10 3218/2708/10
f 5127/2689/10 914/2706/10 3218/2708/10
f 5126/2688/10 2264/502/10 1112/2675/10
f 5126/2688/10 2263/2687/10 2264/502/10
f 2263/2687/10 337/500/10 2264/502/10
f 5124/2683/10 5126/2688/10 1112/2675/10
f 5124/2683/10 5125/2685/10 5126/2688/10
f 5125/2685/10 1111/2686/10 5126/2688/10
f 2262/2684/10 3416/2677/10 338/489/10
f 2262/2684/10 5124/2683/10 3416/2677/10
f 5124/2683/10 1112/2675/10 3416/2677/10
f 5123/2681/10 1778/194/10 626/3575/10
f 5123/2681/10 1777/2680/10 1778/194/10
f 1777/2680/10 67/192/10 1778/194/10
f 5121/2676/10 5123/2681/10 626/3575/10
f 5121/2676/10 5122/2678/10 5123/2681/10
f 5122/2678/10 625/2679/10 5123/2681/10
f 3416/2677/10 2930/3577/10 338/489/10
f 3416/2677/10 5121/2676/10 2930/3577/10
f 5121/2676/10 626/3575/10 2930/3577/10
f 5120/2674/10 1940/522/10 788/2615/10
f 5120/2674/10 2265/2665/10 1940/522/10
f 2265/2665/10 212/520/10 1940/522/10
f 5118/2671/10 5120/2674/10 788/2615/10
f 5118/2671/10 5119/2673/10 5120/2674/10
f 5119/2673/10 1113/2663/10 5120/2674/10
f 1578/2672/10 3092/2617/10 18/22/10
f 1578/2672/10 5118/2671/10 3092/2617/10
f 5118/2671/10 788/2615/10 3092/2617/10
f 5117/2669/10 2267/505/10 1115/2656/10
f 5117/2669/10 2266/2668/10 2267/505/10
f 2266/2668/10 336/496/10 2267/505/10
f 5115/2664/10 5117/2669/10 1115/2656/10
f 5115/2664/10 5116/2666/10 5117/2669/10
f 5116/2666/10 1114/2667/10 5117/2669/10
f 2265/2665/10 3419/2658/10 212/520/10
f 2265/2665/10 5115/2664/10 3419/2658/10
f 5115/2664/10 1115/2656/10 3419/2658/10
f 5114/2662/10 1652/183/10 500/3606/10
f 5114/2662/10 1776/2661/10 1652/183/10
f 1776/2661/10 68/181/10 1652/183/10
f 5112/2657/10 5114/2662/10 500/3606/10
f 5112/2657/10 5113/2659/10 5114/2662/10
f 5113/2659/10 624/2660/10 5114/2662/10
f 3419/2658/10 2804/3608/10 212/520/10
f 3419/2658/10 5112/2657/10 2804/3608/10
f 5112/2657/10 500/3606/10 2804/3608/10
f 5111/2655/10 1836/3544/10 684/3543/10
f 5111/2655/10 2268/2646/10 1836/3544/10
f 2268/2646/10 108/455/10 1836/3544/10
f 5109/2652/10 5111/2655/10 684/3543/10
f 5109/2652/10 5110/2654/10 5111/2655/10
f 5110/2654/10 1116/2644/10 5111/2655/10
f 3215/2653/10 2988/203/10 36/202/10
f 3215/2653/10 5109/2652/10 2988/203/10
f 5109/2652/10 684/3543/10 2988/203/10
f 5108/2650/10 2270/512/10 1118/2637/10
f 5108/2650/10 2269/2649/10 2270/512/10
f 2269/2649/10 106/510/10 2270/512/10
f 5106/2645/10 5108/2650/10 1118/2637/10
f 5106/2645/10 5107/2647/10 5108/2650/10
f 5107/2647/10 1117/2648/10 5108/2650/10
f 2268/2646/10 3422/2639/10 108/455/10
f 2268/2646/10 5106/2645/10 3422/2639/10
f 5106/2645/10 1118/2637/10 3422/2639/10
f 5105/2643/10 1548/2803/10 396/2802/10
f 5105/2643/10 1546/2642/10 1548/2803/10
f 1546/2642/10 8/4151/10 1548/2803/10
f 5103/2638/10 5105/2643/10 396/2802/10
f 5103/2638/10 5104/2640/10 5105/2643/10
f 5104/2640/10 394/2641/10 5105/2643/10
f 3422/2639/10 2700/456/10 108/455/10
f 3422/2639/10 5103/2638/10 2700/456/10
f 5103/2638/10 396/2802/10 2700/456/10
f 5102/2636/10 2063/508/10 911/2651/10
f 5102/2636/10 2271/2629/10 2063/508/10
f 2271/2629/10 335/506/10 2063/508/10
f 5100/2634/10 5102/2636/10 911/2651/10
f 5100/2634/10 5101/2635/10 5102/2636/10
f 5101/2635/10 1119/2627/10 5102/2636/10
f 1773/2606/10 3215/2653/10 36/202/10
f 1773/2606/10 5100/2634/10 3215/2653/10
f 5100/2634/10 911/2651/10 3215/2653/10
f 5099/2633/10 2273/519/10 1121/2620/10
f 5099/2633/10 2272/2632/10 2273/519/10
f 2272/2632/10 334/517/10 2273/519/10
f 5097/2628/10 5099/2633/10 1121/2620/10
f 5097/2628/10 5098/2630/10 5099/2633/10
f 5098/2630/10 1120/2631/10 5099/2633/10
f 2271/2629/10 3425/2622/10 335/506/10
f 2271/2629/10 5097/2628/10 3425/2622/10
f 5097/2628/10 1121/2620/10 3425/2622/10
f 5096/2626/10 1775/187/10 623/3592/10
f 5096/2626/10 1774/2625/10 1775/187/10
f 1774/2625/10 34/185/10 1775/187/10
f 5094/2621/10 5096/2626/10 623/3592/10
f 5094/2621/10 5095/2623/10 5096/2626/10
f 5095/2623/10 622/2624/10 5096/2626/10
f 3425/2622/10 2927/3594/10 335/506/10
f 3425/2622/10 5094/2621/10 2927/3594/10
f 5094/2621/10 623/3592/10 2927/3594/10
f 5093/2619/10 1908/4065/10 756/4064/10
f 5093/2619/10 2274/2610/10 1908/4065/10
f 2274/2610/10 180/982/10 1908/4065/10
f 5091/2616/10 5093/2619/10 756/4064/10
f 5091/2616/10 5092/2618/10 5093/2619/10
f 5092/2618/10 1122/2608/10 5093/2619/10
f 3092/2617/10 3060/23/10 18/22/10
f 3092/2617/10 5091/2616/10 3060/23/10
f 5091/2616/10 756/4064/10 3060/23/10
f 5090/2614/10 2276/524/10 1124/2601/10
f 5090/2614/10 2275/2613/10 2276/524/10
f 2275/2613/10 333/513/10 2276/524/10
f 5088/2609/10 5090/2614/10 1124/2601/10
f 5088/2609/10 5089/2611/10 5090/2614/10
f 5089/2611/10 1123/2612/10 5090/2614/10
f 2274/2610/10 3428/2603/10 180/982/10
f 2274/2610/10 5088/2609/10 3428/2603/10
f 5088/2609/10 1124/2601/10 3428/2603/10
f 5087/2607/10 1620/1234/10 468/1233/10
f 5087/2607/10 1773/2606/10 1620/1234/10
f 1773/2606/10 36/202/10 1620/1234/10
f 5085/2602/10 5087/2607/10 468/1233/10
f 5085/2602/10 5086/2604/10 5087/2607/10
f 5086/2604/10 621/2605/10 5087/2607/10
f 3428/2603/10 2772/983/10 180/982/10
f 3428/2603/10 5085/2602/10 2772/983/10
f 5085/2602/10 468/1233/10 2772/983/10
f 5084/2600/9 2765/4160/9 461/4161/9
f 5084/2600/9 2277/2591/9 2765/4160/9
f 2277/2591/9 173/4162/9 2765/4160/9
f 5082/2597/9 5084/2600/9 461/4161/9
f 5082/2597/9 5083/2599/9 5084/2600/9
f 5083/2599/9 1125/2589/9 5084/2600/9
f 3212/2598/9 1613/4163/9 29/4164/9
f 3212/2598/9 5082/2597/9 1613/4163/9
f 5082/2597/9 461/4161/9 1613/4163/9
f 5081/2595/9 2279/531/9 1127/2584/9
f 5081/2595/9 2278/2594/9 2279/531/9
f 2278/2594/9 141/529/9 2279/531/9
f 5079/2590/9 5081/2595/9 1127/2584/9
f 5079/2590/9 5080/2592/9 5081/2595/9
f 5080/2592/9 1126/2593/9 5081/2595/9
f 2277/2591/9 3431/2586/9 173/4162/9
f 2277/2591/9 5079/2590/9 3431/2586/9
f 5079/2590/9 1127/2584/9 3431/2586/9
f 5078/2588/9 3053/4165/9 749/4166/9
f 5078/2588/9 1581/2509/9 3053/4165/9
f 1581/2509/9 11/4167/9 3053/4165/9
f 5076/2585/9 5078/2588/9 749/4166/9
f 5076/2585/9 5077/2587/9 5078/2588/9
f 5077/2587/9 429/2507/9 5078/2588/9
f 3431/2586/9 1901/4168/9 173/4162/9
f 3431/2586/9 5076/2585/9 1901/4168/9
f 5076/2585/9 749/4166/9 1901/4168/9
f 5075/2583/9 2060/527/9 908/2596/9
f 5075/2583/9 2280/2576/9 2060/527/9
f 2280/2576/9 332/525/9 2060/527/9
f 5073/2581/9 5075/2583/9 908/2596/9
f 5073/2581/9 5074/2582/9 5075/2583/9
f 5074/2582/9 1128/2574/9 5075/2583/9
f 1770/2553/9 3212/2598/9 29/4164/9
f 1770/2553/9 5073/2581/9 3212/2598/9
f 5073/2581/9 908/2596/9 3212/2598/9
f 5072/2580/9 2282/538/9 1130/2567/9
f 5072/2580/9 2281/2579/9 2282/538/9
f 2281/2579/9 331/536/9 2282/538/9
f 5070/2575/9 5072/2580/9 1130/2567/9
f 5070/2575/9 5071/2577/9 5072/2580/9
f 5071/2577/9 1129/2578/9 5072/2580/9
f 2280/2576/9 3434/2569/9 332/525/9
f 2280/2576/9 5070/2575/9 3434/2569/9
f 5070/2575/9 1130/2567/9 3434/2569/9
f 5069/2573/9 1772/180/9 620/3611/9
f 5069/2573/9 1771/2572/9 1772/180/9
f 1771/2572/9 69/169/9 1772/180/9
f 5067/2568/9 5069/2573/9 620/3611/9
f 5067/2568/9 5068/2570/9 5069/2573/9
f 5068/2570/9 619/2571/9 5069/2573/9
f 3434/2569/9 2924/3613/9 332/525/9
f 3434/2569/9 5067/2568/9 2924/3613/9
f 5067/2568/9 620/3611/9 2924/3613/9
f 5066/2566/9 2693/4169/9 389/4170/9
f 5066/2566/9 2283/2557/9 2693/4169/9
f 2283/2557/9 101/4171/9 2693/4169/9
f 5064/2563/9 5066/2566/9 389/4170/9
f 5064/2563/9 5065/2565/9 5066/2566/9
f 5065/2565/9 1131/2555/9 5066/2566/9
f 3086/2564/9 1541/4172/9 4/4173/9
f 3086/2564/9 5064/2563/9 1541/4172/9
f 5064/2563/9 389/4170/9 1541/4172/9
f 5063/2561/9 2285/543/9 1133/2548/9
f 5063/2561/9 2284/2560/9 2285/543/9
f 2284/2560/9 330/532/9 2285/543/9
f 5061/2556/9 5063/2561/9 1133/2548/9
f 5061/2556/9 5062/2558/9 5063/2561/9
f 5062/2558/9 1132/2559/9 5063/2561/9
f 2283/2557/9 3437/2550/9 101/4171/9
f 2283/2557/9 5061/2556/9 3437/2550/9
f 5061/2556/9 1133/2548/9 3437/2550/9
f 5060/2554/9 2981/4174/9 677/4175/9
f 5060/2554/9 1770/2553/9 2981/4174/9
f 1770/2553/9 29/4164/9 2981/4174/9
f 5058/2549/9 5060/2554/9 677/4175/9
f 5058/2549/9 5059/2551/9 5060/2554/9
f 5059/2551/9 618/2552/9 5060/2554/9
f 3437/2550/9 1829/4176/9 101/4171/9
f 3437/2550/9 5058/2549/9 1829/4176/9
f 5058/2549/9 677/4175/9 1829/4176/9
f 5057/2547/9 1871/944/9 719/1352/9
f 5057/2547/9 2286/2538/9 1871/944/9
f 2286/2538/9 143/942/9 1871/944/9
f 5055/2544/9 5057/2547/9 719/1352/9
f 5055/2544/9 5056/2546/9 5057/2547/9
f 5056/2546/9 1134/2536/9 5057/2547/9
f 3209/2545/9 3023/1354/9 71/162/9
f 3209/2545/9 5055/2544/9 3023/1354/9
f 5055/2544/9 719/1352/9 3023/1354/9
f 5054/2542/9 2288/550/9 1136/2529/9
f 5054/2542/9 2287/2541/9 2288/550/9
f 2287/2541/9 142/548/9 2288/550/9
f 5052/2537/9 5054/2542/9 1136/2529/9
f 5052/2537/9 5053/2539/9 5054/2542/9
f 5053/2539/9 1135/2540/9 5054/2542/9
f 2286/2538/9 3440/2531/9 143/942/9
f 2286/2538/9 5052/2537/9 3440/2531/9
f 5052/2537/9 1136/2529/9 3440/2531/9
f 5051/2535/9 1583/38/9 431/4024/9
f 5051/2535/9 1582/2534/9 1583/38/9
f 1582/2534/9 23/36/9 1583/38/9
f 5049/2530/9 5051/2535/9 431/4024/9
f 5049/2530/9 5050/2532/9 5051/2535/9
f 5050/2532/9 430/2533/9 5051/2535/9
f 3440/2531/9 2735/4026/9 143/942/9
f 3440/2531/9 5049/2530/9 2735/4026/9
f 5049/2530/9 431/4024/9 2735/4026/9
f 5048/2528/9 2057/546/9 905/2543/9
f 5048/2528/9 2289/2521/9 2057/546/9
f 2289/2521/9 329/544/9 2057/546/9
f 5046/2526/9 5048/2528/9 905/2543/9
f 5046/2526/9 5047/2527/9 5048/2528/9
f 5047/2527/9 1137/2519/9 5048/2528/9
f 1767/2498/9 3209/2545/9 71/162/9
f 1767/2498/9 5046/2526/9 3209/2545/9
f 5046/2526/9 905/2543/9 3209/2545/9
f 5045/2525/9 2291/557/9 1139/2512/9
f 5045/2525/9 2290/2524/9 2291/557/9
f 2290/2524/9 328/555/9 2291/557/9
f 5043/2520/9 5045/2525/9 1139/2512/9
f 5043/2520/9 5044/2522/9 5045/2525/9
f 5044/2522/9 1138/2523/9 5045/2525/9
f 2289/2521/9 3443/2514/9 329/544/9
f 2289/2521/9 5043/2520/9 3443/2514/9
f 5043/2520/9 1139/2512/9 3443/2514/9
f 5042/2518/9 1769/175/9 617/3630/9
f 5042/2518/9 1768/2517/9 1769/175/9
f 1768/2517/9 70/173/9 1769/175/9
f 5040/2513/9 5042/2518/9 617/3630/9
f 5040/2513/9 5041/2515/9 5042/2518/9
f 5041/2515/9 616/2516/9 5042/2518/9
f 3443/2514/9 2921/3632/9 329/544/9
f 3443/2514/9 5040/2513/9 2921/3632/9
f 5040/2513/9 617/3630/9 2921/3632/9
f 5039/2511/9 1943/577/9 791/2452/9
f 5039/2511/9 2292/2502/9 1943/577/9
f 2292/2502/9 215/575/9 1943/577/9
f 5037/2508/9 5039/2511/9 791/2452/9
f 5037/2508/9 5038/2510/9 5039/2511/9
f 5038/2510/9 1140/2500/9 5039/2511/9
f 1581/2509/9 3095/2454/9 11/4167/9
f 1581/2509/9 5037/2508/9 3095/2454/9
f 5037/2508/9 791/2452/9 3095/2454/9
f 5036/2506/9 2294/560/9 1142/2493/9
f 5036/2506/9 2293/2505/9 2294/560/9
f 2293/2505/9 327/551/9 2294/560/9
f 5034/2501/9 5036/2506/9 1142/2493/9
f 5034/2501/9 5035/2503/9 5036/2506/9
f 5035/2503/9 1141/2504/9 5036/2506/9
f 2292/2502/9 3446/2495/9 215/575/9
f 2292/2502/9 5034/2501/9 3446/2495/9
f 5034/2501/9 1142/2493/9 3446/2495/9
f 5033/2499/9 1655/164/9 503/3661/9
f 5033/2499/9 1767/2498/9 1655/164/9
f 1767/2498/9 71/162/9 1655/164/9
f 5031/2494/9 5033/2499/9 503/3661/9
f 5031/2494/9 5032/2496/9 5033/2499/9
f 5032/2496/9 615/2497/9 5033/2499/9
f 3446/2495/9 2807/3663/9 215/575/9
f 3446/2495/9 5031/2494/9 2807/3663/9
f 5031/2494/9 503/3661/9 2807/3663/9
f 5030/2492/9 2783/4177/9 479/4178/9
f 5030/2492/9 2295/2483/9 2783/4177/9
f 2295/2483/9 191/4179/9 2783/4177/9
f 5028/2489/9 5030/2492/9 479/4178/9
f 5028/2489/9 5029/2491/9 5030/2492/9
f 5029/2491/9 1143/2481/9 5030/2492/9
f 3206/2490/9 1631/4180/9 47/4181/9
f 3206/2490/9 5028/2489/9 1631/4180/9
f 5028/2489/9 479/4178/9 1631/4180/9
f 5027/2487/9 2297/567/9 1145/2474/9
f 5027/2487/9 2296/2486/9 2297/567/9
f 2296/2486/9 203/565/9 2297/567/9
f 5025/2482/9 5027/2487/9 1145/2474/9
f 5025/2482/9 5026/2484/9 5027/2487/9
f 5026/2484/9 1144/2485/9 5027/2487/9
f 2295/2483/9 3449/2476/9 191/4179/9
f 2295/2483/9 5025/2482/9 3449/2476/9
f 5025/2482/9 1145/2474/9 3449/2476/9
f 5024/2480/9 3071/4182/9 767/4183/9
f 5024/2480/9 3083/2479/9 3071/4182/9
f 3083/2479/9 2/4184/9 3071/4182/9
f 5022/2475/9 5024/2480/9 767/4183/9
f 5022/2475/9 5023/2477/9 5024/2480/9
f 5023/2477/9 779/2478/9 5024/2480/9
f 3449/2476/9 1919/4185/9 191/4179/9
f 3449/2476/9 5022/2475/9 1919/4185/9
f 5022/2475/9 767/4183/9 1919/4185/9
f 5021/2473/9 2054/563/9 902/2488/9
f 5021/2473/9 2298/2466/9 2054/563/9
f 2298/2466/9 326/561/9 2054/563/9
f 5019/2471/9 5021/2473/9 902/2488/9
f 5019/2471/9 5020/2472/9 5021/2473/9
f 5020/2472/9 1146/2464/9 5021/2473/9
f 1764/2443/9 3206/2490/9 47/4181/9
f 1764/2443/9 5019/2471/9 3206/2490/9
f 5019/2471/9 902/2488/9 3206/2490/9
f 5018/2470/9 2300/574/9 1148/2457/9
f 5018/2470/9 2299/2469/9 2300/574/9
f 2299/2469/9 325/572/9 2300/574/9
f 5016/2465/9 5018/2470/9 1148/2457/9
f 5016/2465/9 5017/2467/9 5018/2470/9
f 5017/2467/9 1147/2468/9 5018/2470/9
f 2298/2466/9 3452/2459/9 326/561/9
f 2298/2466/9 5016/2465/9 3452/2459/9
f 5016/2465/9 1148/2457/9 3452/2459/9
f 5015/2463/9 1766/168/9 614/3647/9
f 5015/2463/9 1765/2462/9 1766/168/9
f 1765/2462/9 59/166/9 1766/168/9
f 5013/2458/9 5015/2463/9 614/3647/9
f 5013/2458/9 5014/2460/9 5015/2463/9
f 5014/2460/9 613/2461/9 5015/2463/9
f 3452/2459/9 2918/3649/9 326/561/9
f 3452/2459/9 5013/2458/9 2918/3649/9
f 5013/2458/9 614/3647/9 2918/3649/9
f 5012/2456/9 2711/4186/9 407/4187/9
f 5012/2456/9 2301/2447/9 2711/4186/9
f 2301/2447/9 119/4188/9 2711/4186/9
f 5010/2453/9 5012/2456/9 407/4187/9
f 5010/2453/9 5011/2455/9 5012/2456/9
f 5011/2455/9 1149/2445/9 5012/2456/9
f 3095/2454/9 1559/4189/9 11/4167/9
f 3095/2454/9 5010/2453/9 1559/4189/9
f 5010/2453/9 407/4187/9 1559/4189/9
f 5009/2451/9 2303/579/9 1151/2438/9
f 5009/2451/9 2302/2450/9 2303/579/9
f 2302/2450/9 324/568/9 2303/579/9
f 5007/2446/9 5009/2451/9 1151/2438/9
f 5007/2446/9 5008/2448/9 5009/2451/9
f 5008/2448/9 1150/2449/9 5009/2451/9
f 2301/2447/9 3455/2440/9 119/4188/9
f 2301/2447/9 5007/2446/9 3455/2440/9
f 5007/2446/9 1151/2438/9 3455/2440/9
f 5006/2444/9 2999/4190/9 695/4191/9
f 5006/2444/9 1764/2443/9 2999/4190/9
f 1764/2443/9 47/4181/9 2999/4190/9
f 5004/2439/9 5006/2444/9 695/4191/9
f 5004/2439/9 5005/2441/9 5006/2444/9
f 5005/2441/9 612/2442/9 5006/2444/9
f 3455/2440/9 1847/4192/9 119/4188/9
f 3455/2440/9 5004/2439/9 1847/4192/9
f 5004/2439/9 695/4191/9 1847/4192/9
f 5003/2437/8 2777/3453/9 473/3452/9
f 5003/2437/8 2304/2428/9 2777/3453/9
f 2304/2428/9 185/364/9 2777/3453/9
f 5001/2434/9 5003/2437/8 473/3452/9
f 5001/2434/9 5002/2436/9 5003/2437/8
f 5002/2436/9 1152/2426/8 5003/2437/8
f 3203/2435/9 1625/235/9 41/234/9
f 3203/2435/9 5001/2434/9 1625/235/9
f 5001/2434/9 473/3452/9 1625/235/9
f 5000/2432/9 2306/586/9 1154/2421/9
f 5000/2432/9 2305/2431/9 2306/586/9
f 2305/2431/9 144/584/9 2306/586/9
f 4998/2427/9 5000/2432/9 1154/2421/9
f 4998/2427/9 4999/2429/8 5000/2432/9
f 4999/2429/8 1153/2430/8 5000/2432/9
f 2304/2428/9 3458/2423/9 185/364/9
f 2304/2428/9 4998/2427/9 3458/2423/9
f 4998/2427/9 1154/2421/9 3458/2423/9
f 4997/2425/8 3065/3075/9 761/3074/9
f 4997/2425/8 1584/2346/9 3065/3075/9
f 1584/2346/9 23/36/9 3065/3075/9
f 4995/2422/9 4997/2425/8 761/3074/9
f 4995/2422/9 4996/2424/9 4997/2425/8
f 4996/2424/9 432/2344/8 4997/2425/8
f 3458/2423/9 1913/365/9 185/364/9
f 3458/2423/9 4995/2422/9 1913/365/9
f 4995/2422/9 761/3074/9 1913/365/9
f 4994/2420/9 2051/582/9 899/2433/9
f 4994/2420/9 2307/2413/9 2051/582/9
f 2307/2413/9 323/580/9 2051/582/9
f 4992/2418/9 4994/2420/9 899/2433/9
f 4992/2418/9 4993/2419/8 4994/2420/9
f 4993/2419/8 1155/2411/8 4994/2420/9
f 1761/2390/9 3203/2435/9 41/234/9
f 1761/2390/9 4992/2418/9 3203/2435/9
f 4992/2418/9 899/2433/9 3203/2435/9
f 4991/2417/9 2309/593/9 1157/2404/8
f 4991/2417/9 2308/2416/9 2309/593/9
f 2308/2416/9 322/591/9 2309/593/9
f 4989/2412/8 4991/2417/9 1157/2404/8
f 4989/2412/8 4990/2414/9 4991/2417/9
f 4990/2414/9 1156/2415/9 4991/2417/9
f 2307/2413/9 3461/2406/9 323/580/9
f 2307/2413/9 4989/2412/8 3461/2406/9
f 4989/2412/8 1157/2404/8 3461/2406/9
f 4988/2410/9 1763/161/9 611/3666/9
f 4988/2410/9 1762/2409/9 1763/161/9
f 1762/2409/9 72/150/9 1763/161/9
f 4986/2405/9 4988/2410/9 611/3666/9
f 4986/2405/9 4987/2407/8 4988/2410/9
f 4987/2407/8 610/2408/8 4988/2410/9
f 3461/2406/9 2915/3668/9 323/580/9
f 3461/2406/9 4986/2405/9 2915/3668/9
f 4986/2405/9 611/3666/9 2915/3668/9
f 4985/2403/9 2705/4096/9 401/4095/9
f 4985/2403/9 2310/2394/8 2705/4096/9
f 2310/2394/8 113/1014/9 2705/4096/9
f 4983/2400/9 4985/2403/9 401/4095/9
f 4983/2400/9 4984/2402/9 4985/2403/9
f 4984/2402/9 1158/2392/9 4985/2403/9
f 1546/2401/8 1553/13/9 8/12/9
f 1546/2401/8 4983/2400/9 1553/13/9
f 4983/2400/9 401/4095/9 1553/13/9
f 4982/2398/8 2312/598/9 1160/2385/9
f 4982/2398/8 2311/2397/8 2312/598/9
f 2311/2397/8 321/587/9 2312/598/9
f 4980/2393/8 4982/2398/8 1160/2385/9
f 4980/2393/8 4981/2395/9 4982/2398/8
f 4981/2395/9 1159/2396/9 4982/2398/8
f 2310/2394/8 3464/2387/9 113/1014/9
f 2310/2394/8 4980/2393/8 3464/2387/9
f 4980/2393/8 1160/2385/9 3464/2387/9
f 4979/2391/8 2993/1143/9 689/1142/9
f 4979/2391/8 1761/2390/9 2993/1143/9
f 1761/2390/9 41/234/9 2993/1143/9
f 4977/2386/9 4979/2391/8 689/1142/9
f 4977/2386/9 4978/2388/9 4979/2391/8
f 4978/2388/9 609/2389/8 4979/2391/8
f 3464/2387/9 1841/1015/9 113/1014/9
f 3464/2387/9 4977/2386/9 1841/1015/9
f 4977/2386/9 689/1142/9 1841/1015/9
f 4976/2384/9 1874/927/9 722/1407/9
f 4976/2384/9 2313/2375/9 1874/927/9
f 2313/2375/9 146/925/9 1874/927/9
f 4974/2381/9 4976/2384/9 722/1407/9
f 4974/2381/9 4975/2383/8 4976/2384/9
f 4975/2383/8 1161/2373/8 4976/2384/9
f 3200/2382/9 3026/1409/9 74/145/9
f 3200/2382/9 4974/2381/9 3026/1409/9
f 4974/2381/9 722/1407/9 3026/1409/9
f 4973/2379/9 2315/605/9 1163/2366/8
f 4973/2379/9 2314/2378/9 2315/605/9
f 2314/2378/9 145/603/9 2315/605/9
f 4971/2374/8 4973/2379/9 1163/2366/8
f 4971/2374/8 4972/2376/9 4973/2379/9
f 4972/2376/9 1162/2377/9 4973/2379/9
f 2313/2375/9 3467/2368/9 146/925/9
f 2313/2375/9 4971/2374/8 3467/2368/9
f 4971/2374/8 1163/2366/8 3467/2368/9
f 4970/2372/9 1586/45/9 434/4007/9
f 4970/2372/9 1585/2371/9 1586/45/9
f 1585/2371/9 21/43/9 1586/45/9
f 4968/2367/9 4970/2372/9 434/4007/9
f 4968/2367/9 4969/2369/8 4970/2372/9
f 4969/2369/8 433/2370/8 4970/2372/9
f 3467/2368/9 2738/4009/9 146/925/9
f 3467/2368/9 4968/2367/9 2738/4009/9
f 4968/2367/9 434/4007/9 2738/4009/9
f 4967/2365/9 2048/601/9 896/2380/8
f 4967/2365/9 2316/2358/9 2048/601/9
f 2316/2358/9 320/599/9 2048/601/9
f 4965/2363/8 4967/2365/9 896/2380/8
f 4965/2363/8 4966/2364/9 4967/2365/9
f 4966/2364/9 1164/2356/9 4967/2365/9
f 1758/2335/9 3200/2382/9 74/145/9
f 1758/2335/9 4965/2363/8 3200/2382/9
f 4965/2363/8 896/2380/8 3200/2382/9
f 4964/2362/8 2318/612/9 1166/2349/8
f 4964/2362/8 2317/2361/9 2318/612/9
f 2317/2361/9 319/610/9 2318/612/9
f 4962/2357/9 4964/2362/8 1166/2349/8
f 4962/2357/9 4963/2359/9 4964/2362/8
f 4963/2359/9 1165/2360/8 4964/2362/8
f 2316/2358/9 3470/2351/9 320/599/9
f 2316/2358/9 4962/2357/9 3470/2351/9
f 4962/2357/9 1166/2349/8 3470/2351/9
f 4961/2355/9 1760/156/9 608/3685/8
f 4961/2355/9 1759/2354/9 1760/156/9
f 1759/2354/9 73/154/9 1760/156/9
f 4959/2350/8 4961/2355/9 608/3685/8
f 4959/2350/8 4960/2352/9 4961/2355/9
f 4960/2352/9 607/2353/9 4961/2355/9
f 3470/2351/9 2912/3687/9 320/599/9
f 3470/2351/9 4959/2350/8 2912/3687/9
f 4959/2350/8 608/3685/8 2912/3687/9
f 4958/2348/9 1946/632/9 794/2291/9
f 4958/2348/9 2319/2339/9 1946/632/9
f 2319/2339/9 218/630/9 1946/632/9
f 4956/2345/9 4958/2348/9 794/2291/9
f 4956/2345/9 4957/2347/8 4958/2348/9
f 4957/2347/8 1167/2337/8 4958/2348/9
f 1584/2346/9 3098/2293/9 23/36/9
f 1584/2346/9 4956/2345/9 3098/2293/9
f 4956/2345/9 794/2291/9 3098/2293/9
f 4955/2343/9 2321/615/9 1169/2330/8
f 4955/2343/9 2320/2342/9 2321/615/9
f 2320/2342/9 318/606/9 2321/615/9
f 4953/2338/8 4955/2343/9 1169/2330/8
f 4953/2338/8 4954/2340/9 4955/2343/9
f 4954/2340/9 1168/2341/9 4955/2343/9
f 2319/2339/9 3473/2332/9 218/630/9
f 2319/2339/9 4953/2338/8 3473/2332/9
f 4953/2338/8 1169/2330/8 3473/2332/9
f 4952/2336/9 1658/147/9 506/3716/9
f 4952/2336/9 1758/2335/9 1658/147/9
f 1758/2335/9 74/145/9 1658/147/9
f 4950/2331/9 4952/2336/9 506/3716/9
f 4950/2331/9 4951/2333/8 4952/2336/9
f 4951/2333/8 606/2334/8 4952/2336/9
f 3473/2332/9 2810/3718/9 218/630/9
f 3473/2332/9 4950/2331/9 2810/3718/9
f 4950/2331/9 506/3716/9 2810/3718/9
f 4949/2329/8 2795/3652/9 491/3651/9
f 4949/2329/8 2322/2320/9 2795/3652/9
f 2322/2320/9 203/565/9 2795/3652/9
f 4947/2326/9 4949/2329/8 491/3651/9
f 4947/2326/9 4948/2328/9 4949/2329/8
f 4948/2328/9 1170/2318/8 4949/2329/8
f 3197/2327/9 1643/167/9 59/166/9
f 3197/2327/9 4947/2326/9 1643/167/9
f 4947/2326/9 491/3651/9 1643/167/9
f 4946/2324/9 2324/622/9 1172/2313/9
f 4946/2324/9 2323/2323/9 2324/622/9
f 2323/2323/9 201/620/9 2324/622/9
f 4944/2319/9 4946/2324/9 1172/2313/9
f 4944/2319/9 4945/2321/8 4946/2324/9
f 4945/2321/8 1171/2322/8 4946/2324/9
f 2322/2320/9 3476/2315/9 203/565/9
f 2322/2320/9 4944/2319/9 3476/2315/9
f 4944/2319/9 1172/2313/9 3476/2315/9
f 4943/2317/8 3083/2479/9 779/2478/9
f 4943/2317/8 3081/1993/9 3083/2479/9
f 3081/1993/9 2/4184/9 3083/2479/9
f 4941/2314/9 4943/2317/8 779/2478/9
f 4941/2314/9 4942/2316/9 4943/2317/8
f 4942/2316/9 777/1992/8 4943/2317/8
f 3476/2315/9 1931/566/9 203/565/9
f 3476/2315/9 4941/2314/9 1931/566/9
f 4941/2314/9 779/2478/9 1931/566/9
f 4940/2312/9 2045/618/9 893/2325/9
f 4940/2312/9 2325/2305/9 2045/618/9
f 2325/2305/9 317/616/9 2045/618/9
f 4938/2310/9 4940/2312/9 893/2325/9
f 4938/2310/9 4939/2311/8 4940/2312/9
f 4939/2311/8 1173/2303/8 4940/2312/9
f 1755/2282/9 3197/2327/9 59/166/9
f 1755/2282/9 4938/2310/9 3197/2327/9
f 4938/2310/9 893/2325/9 3197/2327/9
f 4937/2309/9 2327/629/9 1175/2296/8
f 4937/2309/9 2326/2308/9 2327/629/9
f 2326/2308/9 316/627/9 2327/629/9
f 4935/2304/8 4937/2309/9 1175/2296/8
f 4935/2304/8 4936/2306/9 4937/2309/9
f 4936/2306/9 1174/2307/9 4937/2309/9
f 2325/2305/9 3479/2298/9 317/616/9
f 2325/2305/9 4935/2304/8 3479/2298/9
f 4935/2304/8 1175/2296/8 3479/2298/9
f 4934/2302/9 1757/149/9 605/3702/9
f 4934/2302/9 1756/2301/9 1757/149/9
f 1756/2301/9 57/111/9 1757/149/9
f 4932/2297/9 4934/2302/9 605/3702/9
f 4932/2297/9 4933/2299/8 4934/2302/9
f 4933/2299/8 604/2300/8 4934/2302/9
f 3479/2298/9 2909/3704/9 317/616/9
f 3479/2298/9 4932/2297/9 2909/3704/9
f 4932/2297/9 605/3702/9 2909/3704/9
f 4931/2295/8 2723/4029/9 419/4028/9
f 4931/2295/8 2328/2286/9 2723/4029/9
f 2328/2286/9 131/946/9 2723/4029/9
f 4929/2292/9 4931/2295/8 419/4028/9
f 4929/2292/9 4930/2294/9 4931/2295/8
f 4930/2294/9 1176/2284/8 4931/2295/8
f 3098/2293/9 1571/37/9 23/36/9
f 3098/2293/9 4929/2292/9 1571/37/9
f 4929/2292/9 419/4028/9 1571/37/9
f 4928/2290/9 2330/634/9 1178/2277/9
f 4928/2290/9 2329/2289/9 2330/634/9
f 2329/2289/9 315/623/9 2330/634/9
f 4926/2285/9 4928/2290/9 1178/2277/9
f 4926/2285/9 4927/2287/8 4928/2290/9
f 4927/2287/8 1177/2288/8 4928/2290/9
f 2328/2286/9 3482/2279/9 131/946/9
f 2328/2286/9 4926/2285/9 3482/2279/9
f 4926/2285/9 1178/2277/9 3482/2279/9
f 4925/2283/8 3011/1343/9 707/1342/9
f 4925/2283/8 1755/2282/9 3011/1343/9
f 1755/2282/9 59/166/9 3011/1343/9
f 4923/2278/9 4925/2283/8 707/1342/9
f 4923/2278/9 4924/2280/9 4925/2283/8
f 4924/2280/9 603/2281/8 4925/2283/8
f 3482/2279/9 1859/947/9 131/946/9
f 3482/2279/9 4923/2278/9 1859/947/9
f 4923/2278/9 707/1342/9 1859/947/9
f 4922/2276/5 1856/4193/7 704/4194/5
f 4922/2276/5 2331/2267/5 1856/4193/7
f 2331/2267/5 128/4195/5 1856/4193/7
f 4920/2273/5 4922/2276/5 704/4194/5
f 4920/2273/5 4921/2275/5 4922/2276/5
f 4921/2275/5 1179/2265/5 4922/2276/5
f 3194/2274/7 3008/4196/5 56/4197/5
f 3194/2274/7 4920/2273/5 3008/4196/5
f 4920/2273/5 704/4194/5 3008/4196/5
f 4919/2271/7 2333/641/5 1181/2260/7
f 4919/2271/7 2332/2270/7 2333/641/5
f 2332/2270/7 147/639/5 2333/641/5
f 4917/2266/5 4919/2271/7 1181/2260/7
f 4917/2266/5 4918/2268/5 4919/2271/7
f 4918/2268/5 1180/2269/5 4919/2271/7
f 2331/2267/5 3485/2262/7 128/4195/5
f 2331/2267/5 4917/2266/5 3485/2262/7
f 4917/2266/5 1181/2260/7 3485/2262/7
f 4916/2264/5 1568/4198/7 416/4199/5
f 4916/2264/5 1587/2185/7 1568/4198/7
f 1587/2185/7 20/4200/5 1568/4198/7
f 4914/2261/5 4916/2264/5 416/4199/5
f 4914/2261/5 4915/2263/5 4916/2264/5
f 4915/2263/5 435/2183/5 4916/2264/5
f 3485/2262/7 2720/4201/5 128/4195/5
f 3485/2262/7 4914/2261/5 2720/4201/5
f 4914/2261/5 416/4199/5 2720/4201/5
f 4913/2259/5 2042/637/5 890/2272/7
f 4913/2259/5 2334/2252/5 2042/637/5
f 2334/2252/5 314/635/5 2042/637/5
f 4911/2257/5 4913/2259/5 890/2272/7
f 4911/2257/5 4912/2258/5 4913/2259/5
f 4912/2258/5 1182/2250/5 4913/2259/5
f 1752/2229/7 3194/2274/7 56/4197/5
f 1752/2229/7 4911/2257/5 3194/2274/7
f 4911/2257/5 890/2272/7 3194/2274/7
f 4910/2256/7 2336/648/5 1184/2243/5
f 4910/2256/7 2335/2255/7 2336/648/5
f 2335/2255/7 313/646/5 2336/648/5
f 4908/2251/5 4910/2256/7 1184/2243/5
f 4908/2251/5 4909/2253/7 4910/2256/7
f 4909/2253/7 1183/2254/7 4910/2256/7
f 2334/2252/5 3488/2245/5 314/635/5
f 2334/2252/5 4908/2251/5 3488/2245/5
f 4908/2251/5 1184/2243/5 3488/2245/5
f 4907/2249/7 1754/144/5 602/3721/7
f 4907/2249/7 1753/2248/5 1754/144/5
f 1753/2248/5 75/133/5 1754/144/5
f 4905/2244/5 4907/2249/7 602/3721/7
f 4905/2244/5 4906/2246/7 4907/2249/7
f 4906/2246/7 601/2247/7 4907/2249/7
f 3488/2245/5 2906/3723/5 314/635/5
f 3488/2245/5 4905/2244/5 2906/3723/5
f 4905/2244/5 602/3721/7 2906/3723/5
f 4904/2242/5 1928/4202/7 776/4203/5
f 4904/2242/5 2337/2233/7 1928/4202/7
f 2337/2233/7 200/4204/5 1928/4202/7
f 4902/2239/5 4904/2242/5 776/4203/5
f 4902/2239/5 4903/2241/5 4904/2242/5
f 4903/2241/5 1185/2231/7 4904/2242/5
f 3084/2240/5 3080/4205/5 3/4206/5
f 3084/2240/5 4902/2239/5 3080/4205/5
f 4902/2239/5 776/4203/5 3080/4205/5
f 4901/2237/5 2339/653/5 1187/2224/5
f 4901/2237/5 2338/2236/5 2339/653/5
f 2338/2236/5 312/642/5 2339/653/5
f 4899/2232/5 4901/2237/5 1187/2224/5
f 4899/2232/5 4900/2234/7 4901/2237/5
f 4900/2234/7 1186/2235/5 4901/2237/5
f 2337/2233/7 3491/2226/5 200/4204/5
f 2337/2233/7 4899/2232/5 3491/2226/5
f 4899/2232/5 1187/2224/5 3491/2226/5
f 4898/2230/5 1640/4207/7 488/4208/5
f 4898/2230/5 1752/2229/7 1640/4207/7
f 1752/2229/7 56/4197/5 1640/4207/7
f 4896/2225/5 4898/2230/5 488/4208/5
f 4896/2225/5 4897/2227/5 4898/2230/5
f 4897/2227/5 600/2228/7 4898/2230/5
f 3491/2226/5 2792/4209/5 200/4204/5
f 3491/2226/5 4896/2225/5 2792/4209/5
f 4896/2225/5 488/4208/5 2792/4209/5
f 4895/2223/5 1877/908/5 725/1462/7
f 4895/2223/5 2340/2214/5 1877/908/5
f 2340/2214/5 149/906/5 1877/908/5
f 4893/2220/5 4895/2223/5 725/1462/7
f 4893/2220/5 4894/2222/7 4895/2223/5
f 4894/2222/7 1188/2212/7 4895/2223/5
f 3191/2221/5 3029/1464/5 77/126/5
f 3191/2221/5 4893/2220/5 3029/1464/5
f 4893/2220/5 725/1462/7 3029/1464/5
f 4892/2218/7 2342/660/5 1190/2205/5
f 4892/2218/7 2341/2217/5 2342/660/5
f 2341/2217/5 148/658/5 2342/660/5
f 4890/2213/5 4892/2218/7 1190/2205/5
f 4890/2213/5 4891/2215/7 4892/2218/7
f 4891/2215/7 1189/2216/7 4892/2218/7
f 2340/2214/5 3494/2207/5 149/906/5
f 2340/2214/5 4890/2213/5 3494/2207/5
f 4890/2213/5 1190/2205/5 3494/2207/5
f 4889/2211/7 1589/52/5 437/3988/7
f 4889/2211/7 1588/2210/5 1589/52/5
f 1588/2210/5 25/50/5 1589/52/5
f 4887/2206/5 4889/2211/7 437/3988/7
f 4887/2206/5 4888/2208/5 4889/2211/7
f 4888/2208/5 436/2209/7 4889/2211/7
f 3494/2207/5 2741/3990/5 149/906/5
f 3494/2207/5 4887/2206/5 2741/3990/5
f 4887/2206/5 437/3988/7 2741/3990/5
f 4886/2204/5 2039/656/5 887/2219/5
f 4886/2204/5 2343/2197/5 2039/656/5
f 2343/2197/5 311/654/5 2039/656/5
f 4884/2202/7 4886/2204/5 887/2219/5
f 4884/2202/7 4885/2203/7 4886/2204/5
f 4885/2203/7 1191/2195/7 4886/2204/5
f 1749/2174/5 3191/2221/5 77/126/5
f 1749/2174/5 4884/2202/7 3191/2221/5
f 4884/2202/7 887/2219/5 3191/2221/5
f 4883/2201/7 2345/667/7 1193/2188/7
f 4883/2201/7 2344/2200/5 2345/667/7
f 2344/2200/5 310/665/5 2345/667/7
f 4881/2196/7 4883/2201/7 1193/2188/7
f 4881/2196/7 4882/2198/7 4883/2201/7
f 4882/2198/7 1192/2199/5 4883/2201/7
f 2343/2197/5 3497/2190/5 311/654/5
f 2343/2197/5 4881/2196/7 3497/2190/5
f 4881/2196/7 1193/2188/7 3497/2190/5
f 4880/2194/5 1751/139/5 599/3740/5
f 4880/2194/5 1750/2193/7 1751/139/5
f 1750/2193/7 76/137/5 1751/139/5
f 4878/2189/5 4880/2194/5 599/3740/5
f 4878/2189/5 4879/2191/7 4880/2194/5
f 4879/2191/7 598/2192/7 4880/2194/5
f 3497/2190/5 2903/3742/5 311/654/5
f 3497/2190/5 4878/2189/5 2903/3742/5
f 4878/2189/5 599/3740/5 2903/3742/5
f 4877/2187/5 1949/687/5 797/2128/5
f 4877/2187/5 2346/2178/5 1949/687/5
f 2346/2178/5 221/685/5 1949/687/5
f 4875/2184/5 4877/2187/5 797/2128/5
f 4875/2184/5 4876/2186/5 4877/2187/5
f 4876/2186/5 1194/2176/5 4877/2187/5
f 1587/2185/7 3101/2130/5 20/4200/5
f 1587/2185/7 4875/2184/5 3101/2130/5
f 4875/2184/5 797/2128/5 3101/2130/5
f 4874/2182/5 2348/670/5 1196/2169/5
f 4874/2182/5 2347/2181/5 2348/670/5
f 2347/2181/5 309/661/5 2348/670/5
f 4872/2177/5 4874/2182/5 1196/2169/5
f 4872/2177/5 4873/2179/7 4874/2182/5
f 4873/2179/7 1195/2180/7 4874/2182/5
f 2346/2178/5 3500/2171/5 221/685/5
f 2346/2178/5 4872/2177/5 3500/2171/5
f 4872/2177/5 1196/2169/5 3500/2171/5
f 4871/2175/5 1661/128/5 509/3771/7
f 4871/2175/5 1749/2174/5 1661/128/5
f 1749/2174/5 77/126/5 1661/128/5
f 4869/2170/5 4871/2175/5 509/3771/7
f 4869/2170/5 4870/2172/7 4871/2175/5
f 4870/2172/7 597/2173/7 4871/2175/5
f 3500/2171/5 2813/3773/5 221/685/5
f 3500/2171/5 4869/2170/5 2813/3773/5
f 4869/2170/5 509/3771/7 2813/3773/5
f 4868/2168/5 1838/4210/7 686/4211/5
f 4868/2168/5 2349/2159/7 1838/4210/7
f 2349/2159/7 110/4212/5 1838/4210/7
f 4866/2165/5 4868/2168/5 686/4211/5
f 4866/2165/5 4867/2167/5 4868/2168/5
f 4867/2167/5 1197/2157/5 4868/2168/5
f 3188/2166/5 2990/4213/5 38/4214/5
f 3188/2166/5 4866/2165/5 2990/4213/5
f 4866/2165/5 686/4211/5 2990/4213/5
f 4865/2163/5 2351/677/5 1199/2150/5
f 4865/2163/5 2350/2162/5 2351/677/5
f 2350/2162/5 205/675/5 2351/677/5
f 4863/2158/5 4865/2163/5 1199/2150/5
f 4863/2158/5 4864/2160/5 4865/2163/5
f 4864/2160/5 1198/2161/5 4865/2163/5
f 2349/2159/7 3503/2152/5 110/4212/5
f 2349/2159/7 4863/2158/5 3503/2152/5
f 4863/2158/5 1199/2150/5 3503/2152/5
f 4862/2156/5 1550/4215/7 398/4216/5
f 4862/2156/5 3085/2155/7 1550/4215/7
f 3085/2155/7 4/4184/12 1550/4215/7
f 4860/2151/5 4862/2156/5 398/4216/5
f 4860/2151/5 4861/2153/5 4862/2156/5
f 4861/2153/5 781/2154/5 4862/2156/5
f 3503/2152/5 2702/4217/5 110/4212/5
f 3503/2152/5 4860/2151/5 2702/4217/5
f 4860/2151/5 398/4216/5 2702/4217/5
f 4859/2149/5 2036/673/5 884/2164/5
f 4859/2149/5 2352/2142/5 2036/673/5
f 2352/2142/5 308/671/5 2036/673/5
f 4857/2147/5 4859/2149/5 884/2164/5
f 4857/2147/5 4858/2148/5 4859/2149/5
f 4858/2148/5 1200/2140/5 4859/2149/5
f 1746/2119/5 3188/2166/5 38/4214/5
f 1746/2119/5 4857/2147/5 3188/2166/5
f 4857/2147/5 884/2164/5 3188/2166/5
f 4856/2146/7 2354/684/5 1202/2133/5
f 4856/2146/7 2353/2145/7 2354/684/5
f 2353/2145/7 307/682/5 2354/684/5
f 4854/2141/7 4856/2146/7 1202/2133/5
f 4854/2141/7 4855/2143/7 4856/2146/7
f 4855/2143/7 1201/2144/7 4856/2146/7
f 2352/2142/5 3506/2135/5 308/671/5
f 2352/2142/5 4854/2141/7 3506/2135/5
f 4854/2141/7 1202/2133/5 3506/2135/5
f 4853/2139/7 1748/132/5 596/3757/7
f 4853/2139/7 1747/2138/5 1748/132/5
f 1747/2138/5 61/130/5 1748/132/5
f 4851/2134/7 4853/2139/7 596/3757/7
f 4851/2134/7 4852/2136/5 4853/2139/7
f 4852/2136/5 595/2137/7 4853/2139/7
f 3506/2135/5 2900/3759/7 308/671/5
f 3506/2135/5 4851/2134/7 2900/3759/7
f 4851/2134/7 596/3757/7 2900/3759/7
f 4850/2132/5 1910/4218/7 758/4219/5
f 4850/2132/5 2355/2123/7 1910/4218/7
f 2355/2123/7 182/4220/5 1910/4218/7
f 4848/2129/5 4850/2132/5 758/4219/5
f 4848/2129/5 4849/2131/5 4850/2132/5
f 4849/2131/5 1203/2121/5 4850/2132/5
f 3101/2130/5 3062/4221/5 20/4200/5
f 3101/2130/5 4848/2129/5 3062/4221/5
f 4848/2129/5 758/4219/5 3062/4221/5
f 4847/2127/5 2357/689/5 1205/2114/7
f 4847/2127/5 2356/2126/5 2357/689/5
f 2356/2126/5 306/678/5 2357/689/5
f 4845/2122/5 4847/2127/5 1205/2114/7
f 4845/2122/5 4846/2124/7 4847/2127/5
f 4846/2124/7 1204/2125/7 4847/2127/5
f 2355/2123/7 3509/2116/5 182/4220/5
f 2355/2123/7 4845/2122/5 3509/2116/5
f 4845/2122/5 1205/2114/7 3509/2116/5
f 4844/2120/5 1622/4222/7 470/4223/6
f 4844/2120/5 1746/2119/5 1622/4222/7
f 1746/2119/5 38/4214/5 1622/4222/7
f 4842/2115/5 4844/2120/5 470/4223/6
f 4842/2115/5 4843/2117/5 4844/2120/5
f 4843/2117/5 594/2118/5 4844/2120/5
f 3509/2116/5 2774/4224/5 182/4220/5
f 3509/2116/5 4842/2115/5 2774/4224/5
f 4842/2115/5 470/4223/6 2774/4224/5
f 4841/2113/5 2779/3417/5 475/3416/5
f 4841/2113/5 2358/2104/5 2779/3417/5
f 2358/2104/5 187/328/5 2779/3417/5
f 4839/2110/5 4841/2113/5 475/3416/5
f 4839/2110/5 4840/2112/5 4841/2113/5
f 4840/2112/5 1206/2102/5 4841/2113/5
f 3185/2111/5 1627/249/5 43/248/5
f 3185/2111/5 4839/2110/5 1627/249/5
f 4839/2110/5 475/3416/5 1627/249/5
f 4838/2108/5 2360/696/5 1208/2097/5
f 4838/2108/5 2359/2107/5 2360/696/5
f 2359/2107/5 150/694/5 2360/696/5
f 4836/2103/5 4838/2108/5 1208/2097/5
f 4836/2103/5 4837/2105/5 4838/2108/5
f 4837/2105/5 1207/2106/5 4838/2108/5
f 2358/2104/5 3512/2099/5 187/328/5
f 2358/2104/5 4836/2103/5 3512/2099/5
f 4836/2103/5 1208/2097/5 3512/2099/5
f 4835/2101/5 3067/3185/5 763/3184/5
f 4835/2101/5 1590/2023/5 3067/3185/5
f 1590/2023/5 25/50/5 3067/3185/5
f 4833/2098/5 4835/2101/5 763/3184/5
f 4833/2098/5 4834/2100/5 4835/2101/5
f 4834/2100/5 438/2021/5 4835/2101/5
f 3512/2099/5 1915/329/5 187/328/5
f 3512/2099/5 4833/2098/5 1915/329/5
f 4833/2098/5 763/3184/5 1915/329/5
f 4832/2096/5 2033/692/5 881/2109/5
f 4832/2096/5 2361/2089/5 2033/692/5
f 2361/2089/5 305/690/5 2033/692/5
f 4830/2094/5 4832/2096/5 881/2109/5
f 4830/2094/5 4831/2095/5 4832/2096/5
f 4831/2095/5 1209/2087/5 4832/2096/5
f 1743/2067/5 3185/2111/5 43/248/5
f 1743/2067/5 4830/2094/5 3185/2111/5
f 4830/2094/5 881/2109/5 3185/2111/5
f 4829/2093/5 2363/703/5 1211/2080/5
f 4829/2093/5 2362/2092/5 2363/703/5
f 2362/2092/5 304/701/5 2363/703/5
f 4827/2088/5 4829/2093/5 1211/2080/5
f 4827/2088/5 4828/2090/5 4829/2093/5
f 4828/2090/5 1210/2091/5 4829/2093/5
f 2361/2089/5 3515/2082/5 305/690/5
f 2361/2089/5 4827/2088/5 3515/2082/5
f 4827/2088/5 1211/2080/5 3515/2082/5
f 4826/2086/5 1745/125/5 593/3776/5
f 4826/2086/5 1744/2085/5 1745/125/5
f 1744/2085/5 78/114/5 1745/125/5
f 4824/2081/5 4826/2086/5 593/3776/5
f 4824/2081/5 4825/2083/5 4826/2086/5
f 4825/2083/5 592/2084/5 4826/2086/5
f 3515/2082/5 2897/3778/5 305/690/5
f 3515/2082/5 4824/2081/5 2897/3778/5
f 4824/2081/5 593/3776/5 2897/3778/5
f 4823/2079/5 2707/4110/5 403/4109/5
f 4823/2079/5 2364/2071/5 2707/4110/5
f 2364/2071/5 115/1028/5 2707/4110/5
f 4821/2077/5 4823/2079/5 403/4109/5
f 4821/2077/5 4822/2078/5 4823/2079/5
f 4822/2078/5 1212/2069/5 4823/2079/5
f 3075/3/6 1555/9/5 7/1/5
f 3075/3/6 4821/2077/5 1555/9/5
f 4821/2077/5 403/4109/5 1555/9/5
f 4820/2075/5 2366/706/5 1214/2062/5
f 4820/2075/5 2365/2074/5 2366/706/5
f 2365/2074/5 303/697/5 2366/706/5
f 4818/2070/5 4820/2075/5 1214/2062/5
f 4818/2070/5 4819/2072/5 4820/2075/5
f 4819/2072/5 1213/2073/5 4820/2075/5
f 2364/2071/5 3518/2064/5 115/1028/5
f 2364/2071/5 4818/2070/5 3518/2064/5
f 4818/2070/5 1214/2062/5 3518/2064/5
f 4817/2068/5 2995/1107/5 691/1106/5
f 4817/2068/5 1743/2067/5 2995/1107/5
f 1743/2067/5 43/248/5 2995/1107/5
f 4815/2063/7 4817/2068/5 691/1106/5
f 4815/2063/7 4816/2065/5 4817/2068/5
f 4816/2065/5 591/2066/5 4817/2068/5
f 3518/2064/5 1843/1029/5 115/1028/5
f 3518/2064/5 4815/2063/7 1843/1029/5
f 4815/2063/7 691/1106/5 1843/1029/5
f 4814/2061/5 1880/890/5 728/1513/5
f 4814/2061/5 2367/2052/5 1880/890/5
f 2367/2052/5 152/888/5 1880/890/5
f 4812/2058/5 4814/2061/5 728/1513/5
f 4812/2058/5 4813/2060/5 4814/2061/5
f 4813/2060/5 1215/2050/5 4814/2061/5
f 3182/2059/5 3032/1515/5 80/107/5
f 3182/2059/5 4812/2058/5 3032/1515/5
f 4812/2058/5 728/1513/5 3032/1515/5
f 4811/2056/5 2369/713/5 1217/2043/5
f 4811/2056/5 2368/2055/5 2369/713/5
f 2368/2055/5 151/711/5 2369/713/5
f 4809/2051/5 4811/2056/5 1217/2043/5
f 4809/2051/5 4810/2053/5 4811/2056/5
f 4810/2053/5 1216/2054/5 4811/2056/5
f 2367/2052/5 3521/2045/5 152/888/5
f 2367/2052/5 4809/2051/5 3521/2045/5
f 4809/2051/5 1217/2043/5 3521/2045/5
f 4808/2049/5 1592/55/5 440/3971/5
f 4808/2049/5 1591/2048/5 1592/55/5
f 1591/2048/5 26/43/5 1592/55/5
f 4806/2044/5 4808/2049/5 440/3971/5
f 4806/2044/5 4807/2046/5 4808/2049/5
f 4807/2046/5 439/2047/5 4808/2049/5
f 3521/2045/5 2744/3973/5 152/888/5
f 3521/2045/5 4806/2044/5 2744/3973/5
f 4806/2044/5 440/3971/5 2744/3973/5
f 4805/2042/5 2030/709/5 878/2057/5
f 4805/2042/5 2370/2035/5 2030/709/5
f 2370/2035/5 302/707/5 2030/709/5
f 4803/2040/5 4805/2042/5 878/2057/5
f 4803/2040/5 4804/2041/5 4805/2042/5
f 4804/2041/5 1218/2033/5 4805/2042/5
f 1740/2012/5 3182/2059/5 80/107/5
f 1740/2012/5 4803/2040/5 3182/2059/5
f 4803/2040/5 878/2057/5 3182/2059/5
f 4802/2039/5 2372/720/5 1220/2026/5
f 4802/2039/5 2371/2038/5 2372/720/5
f 2371/2038/5 301/718/5 2372/720/5
f 4800/2034/5 4802/2039/5 1220/2026/5
f 4800/2034/5 4801/2036/5 4802/2039/5
f 4801/2036/5 1219/2037/5 4802/2039/5
f 2370/2035/5 3524/2028/5 302/707/5
f 2370/2035/5 4800/2034/5 3524/2028/5
f 4800/2034/5 1220/2026/5 3524/2028/5
f 4799/2032/5 1742/120/5 590/3793/5
f 4799/2032/5 1741/2031/5 1742/120/5
f 1741/2031/5 79/118/5 1742/120/5
f 4797/2027/5 4799/2032/5 590/3793/5
f 4797/2027/5 4798/2029/5 4799/2032/5
f 4798/2029/5 589/2030/5 4799/2032/5
f 3524/2028/5 2894/3795/5 302/707/5
f 3524/2028/5 4797/2027/5 2894/3795/5
f 4797/2027/5 590/3793/5 2894/3795/5
f 4796/2025/5 1952/738/5 800/1966/5
f 4796/2025/5 2373/2016/5 1952/738/5
f 2373/2016/5 224/736/5 1952/738/5
f 4794/2022/7 4796/2025/5 800/1966/5
f 4794/2022/7 4795/2024/7 4796/2025/5
f 4795/2024/7 1221/2014/5 4796/2025/5
f 1590/2023/5 3104/1968/5 25/50/5
f 1590/2023/5 4794/2022/7 3104/1968/5
f 4794/2022/7 800/1966/5 3104/1968/5
f 4793/2020/5 2375/723/5 1223/2007/5
f 4793/2020/5 2374/2019/5 2375/723/5
f 2374/2019/5 300/714/5 2375/723/5
f 4791/2015/5 4793/2020/5 1223/2007/5
f 4791/2015/5 4792/2017/5 4793/2020/5
f 4792/2017/5 1222/2018/5 4793/2020/5
f 2373/2016/5 3527/2009/5 224/736/5
f 2373/2016/5 4791/2015/5 3527/2009/5
f 4791/2015/5 1223/2007/5 3527/2009/5
f 4790/2013/5 1664/109/5 512/3822/5
f 4790/2013/5 1740/2012/5 1664/109/5
f 1740/2012/5 80/107/5 1664/109/5
f 4788/2008/5 4790/2013/5 512/3822/5
f 4788/2008/5 4789/2010/5 4790/2013/5
f 4789/2010/5 588/2011/5 4790/2013/5
f 3527/2009/5 2816/3824/5 224/736/5
f 3527/2009/5 4788/2008/5 2816/3824/5
f 4788/2008/5 512/3822/5 2816/3824/5
f 4787/2006/5 2797/3762/5 493/3761/5
f 4787/2006/5 2376/1997/5 2797/3762/5
f 2376/1997/5 205/675/5 2797/3762/5
f 4785/2003/5 4787/2006/5 493/3761/5
f 4785/2003/5 4786/2005/5 4787/2006/5
f 4786/2005/5 1224/1995/5 4787/2006/5
f 3179/2004/5 1645/131/5 61/130/5
f 3179/2004/5 4785/2003/5 1645/131/5
f 4785/2003/5 493/3761/5 1645/131/5
f 4784/2001/5 2378/728/5 1226/1988/5
f 4784/2001/5 2377/2000/5 2378/728/5
f 2377/2000/5 206/620/5 2378/728/5
f 4782/1996/5 4784/2001/5 1226/1988/5
f 4782/1996/5 4783/1998/5 4784/2001/5
f 4783/1998/5 1225/1999/5 4784/2001/5
f 2376/1997/5 3530/1990/5 205/675/5
f 2376/1997/5 4782/1996/5 3530/1990/5
f 4782/1996/5 1226/1988/5 3530/1990/5
f 4781/1994/5 3085/2155/7 781/2154/5
f 4781/1994/5 3086/1993/6 3085/2155/7
f 3086/1993/6 4/4184/12 3085/2155/7
f 4779/1989/5 4781/1994/5 781/2154/5
f 4779/1989/5 4780/1991/5 4781/1994/5
f 4780/1991/5 782/1992/5 4781/1994/5
f 3530/1990/5 1933/676/5 205/675/5
f 3530/1990/5 4779/1989/5 1933/676/5
f 4779/1989/5 781/2154/5 1933/676/5
f 4778/1987/5 2027/726/5 875/2002/5
f 4778/1987/5 2379/1980/5 2027/726/5
f 2379/1980/5 299/724/5 2027/726/5
f 4776/1985/5 4778/1987/5 875/2002/5
f 4776/1985/5 4777/1986/5 4778/1987/5
f 4777/1986/5 1227/1978/5 4778/1987/5
f 1737/1957/5 3179/2004/5 61/130/5
f 1737/1957/5 4776/1985/5 3179/2004/5
f 4776/1985/5 875/2002/5 3179/2004/5
f 4775/1984/5 2381/735/5 1229/1971/5
f 4775/1984/5 2380/1983/5 2381/735/5
f 2380/1983/5 298/733/5 2381/735/5
f 4773/1979/5 4775/1984/5 1229/1971/5
f 4773/1979/5 4774/1981/5 4775/1984/5
f 4774/1981/5 1228/1982/5 4775/1984/5
f 2379/1980/5 3533/1973/5 299/724/5
f 2379/1980/5 4773/1979/5 3533/1973/5
f 4773/1979/5 1229/1971/5 3533/1973/5
f 4772/1977/5 1739/113/5 587/3810/5
f 4772/1977/5 1738/1976/5 1739/113/5
f 1738/1976/5 62/111/5 1739/113/5
f 4770/1972/5 4772/1977/5 587/3810/5
f 4770/1972/5 4771/1974/5 4772/1977/5
f 4771/1974/5 586/1975/5 4772/1977/5
f 3533/1973/5 2891/3812/5 299/724/5
f 3533/1973/5 4770/1972/5 2891/3812/5
f 4770/1972/5 587/3810/5 2891/3812/5
f 4769/1970/5 2725/3993/5 421/3992/5
f 4769/1970/5 2382/1961/5 2725/3993/5
f 2382/1961/5 133/910/5 2725/3993/5
f 4767/1967/5 4769/1970/5 421/3992/5
f 4767/1967/5 4768/1969/5 4769/1970/5
f 4768/1969/5 1230/1959/5 4769/1970/5
f 3104/1968/5 1573/51/5 25/50/5
f 3104/1968/5 4767/1967/5 1573/51/5
f 4767/1967/5 421/3992/5 1573/51/5
f 4766/1965/5 2384/740/5 1232/1952/5
f 4766/1965/5 2383/1964/5 2384/740/5
f 2383/1964/5 297/729/5 2384/740/5
f 4764/1960/5 4766/1965/5 1232/1952/5
f 4764/1960/5 4765/1962/5 4766/1965/5
f 4765/1962/5 1231/1963/5 4766/1965/5
f 2382/1961/5 3536/1954/5 133/910/5
f 2382/1961/5 4764/1960/5 3536/1954/5
f 4764/1960/5 1232/1952/5 3536/1954/5
f 4763/1958/5 3013/1453/5 709/1452/5
f 4763/1958/5 1737/1957/5 3013/1453/5
f 1737/1957/5 61/130/5 3013/1453/5
f 4761/1953/5 4763/1958/5 709/1452/5
f 4761/1953/5 4762/1955/5 4763/1958/5
f 4762/1955/5 585/1956/5 4763/1958/5
f 3536/1954/5 1861/911/5 133/910/5
f 3536/1954/5 4761/1953/5 1861/911/5
f 4761/1953/5 709/1452/5 1861/911/5
f 4760/2600/4 1846/4160/4 694/4161/4
f 4760/2600/4 2385/2591/4 1846/4160/4
f 2385/2591/4 118/4162/4 1846/4160/4
f 4758/2597/4 4760/2600/4 694/4161/4
f 4758/2597/4 4759/2599/4 4760/2600/4
f 4759/2599/4 1233/2589/4 4760/2600/4
f 3176/2598/4 2998/4163/4 46/4164/4
f 3176/2598/4 4758/2597/4 2998/4163/4
f 4758/2597/4 694/4161/4 2998/4163/4
f 4757/2595/4 2387/531/4 1235/2584/4
f 4757/2595/4 2386/2594/4 2387/531/4
f 2386/2594/4 153/529/4 2387/531/4
f 4755/2590/4 4757/2595/4 1235/2584/4
f 4755/2590/4 4756/2592/4 4757/2595/4
f 4756/2592/4 1234/2593/4 4757/2595/4
f 2385/2591/4 3539/2586/4 118/4162/4
f 2385/2591/4 4755/2590/4 3539/2586/4
f 4755/2590/4 1235/2584/4 3539/2586/4
f 4754/2588/4 1558/4165/4 406/4166/4
f 4754/2588/4 1593/2509/4 1558/4165/4
f 1593/2509/4 10/4167/4 1558/4165/4
f 4752/2585/4 4754/2588/4 406/4166/4
f 4752/2585/4 4753/2587/4 4754/2588/4
f 4753/2587/4 441/2507/4 4754/2588/4
f 3539/2586/4 2710/4168/4 118/4162/4
f 3539/2586/4 4752/2585/4 2710/4168/4
f 4752/2585/4 406/4166/4 2710/4168/4
f 4751/2583/4 2024/527/4 872/2596/4
f 4751/2583/4 2388/2576/4 2024/527/4
f 2388/2576/4 296/525/4 2024/527/4
f 4749/2581/4 4751/2583/4 872/2596/4
f 4749/2581/4 4750/2582/4 4751/2583/4
f 4750/2582/4 1236/2574/4 4751/2583/4
f 1734/2553/4 3176/2598/4 46/4164/4
f 1734/2553/4 4749/2581/4 3176/2598/4
f 4749/2581/4 872/2596/4 3176/2598/4
f 4748/2580/4 2390/538/4 1238/2567/4
f 4748/2580/4 2389/2579/4 2390/538/4
f 2389/2579/4 295/536/4 2390/538/4
f 4746/2575/4 4748/2580/4 1238/2567/4
f 4746/2575/4 4747/2577/4 4748/2580/4
f 4747/2577/4 1237/2578/4 4748/2580/4
f 2388/2576/4 3542/2569/4 296/525/4
f 2388/2576/4 4746/2575/4 3542/2569/4
f 4746/2575/4 1238/2567/4 3542/2569/4
f 4745/2573/4 1736/180/4 584/3611/4
f 4745/2573/4 1735/2572/4 1736/180/4
f 1735/2572/4 81/169/4 1736/180/4
f 4743/2568/4 4745/2573/4 584/3611/4
f 4743/2568/4 4744/2570/4 4745/2573/4
f 4744/2570/4 583/2571/4 4745/2573/4
f 3542/2569/4 2888/3613/4 296/525/4
f 3542/2569/4 4743/2568/4 2888/3613/4
f 4743/2568/4 584/3611/4 2888/3613/4
f 4742/2566/4 1918/4169/4 766/4170/4
f 4742/2566/4 2391/2557/4 1918/4169/4
f 2391/2557/4 190/4171/4 1918/4169/4
f 4740/2563/4 4742/2566/4 766/4170/4
f 4740/2563/4 4741/2565/4 4742/2566/4
f 4741/2565/4 1239/2555/4 4742/2566/4
f 3072/2564/4 3070/4172/4 1/4173/4
f 3072/2564/4 4740/2563/4 3070/4172/4
f 4740/2563/4 766/4170/4 3070/4172/4
f 4739/2561/4 2393/543/4 1241/2548/4
f 4739/2561/4 2392/2560/4 2393/543/4
f 2392/2560/4 294/532/4 2393/543/4
f 4737/2556/4 4739/2561/4 1241/2548/4
f 4737/2556/4 4738/2558/4 4739/2561/4
f 4738/2558/4 1240/2559/4 4739/2561/4
f 2391/2557/4 3545/2550/4 190/4171/4
f 2391/2557/4 4737/2556/4 3545/2550/4
f 4737/2556/4 1241/2548/4 3545/2550/4
f 4736/2554/4 1630/4174/4 478/4175/4
f 4736/2554/4 1734/2553/4 1630/4174/4
f 1734/2553/4 46/4164/4 1630/4174/4
f 4734/2549/4 4736/2554/4 478/4175/4
f 4734/2549/4 4735/2551/4 4736/2554/4
f 4735/2551/4 582/2552/4 4736/2554/4
f 3545/2550/4 2782/4176/4 190/4171/4
f 3545/2550/4 4734/2549/4 2782/4176/4
f 4734/2549/4 478/4175/4 2782/4176/4
f 4733/2547/4 1883/944/4 731/1352/4
f 4733/2547/4 2394/2538/4 1883/944/4
f 2394/2538/4 155/942/4 1883/944/4
f 4731/2544/4 4733/2547/4 731/1352/4
f 4731/2544/4 4732/2546/4 4733/2547/4
f 4732/2546/4 1242/2536/4 4733/2547/4
f 3173/2545/4 3035/1354/4 83/162/4
f 3173/2545/4 4731/2544/4 3035/1354/4
f 4731/2544/4 731/1352/4 3035/1354/4
f 4730/2542/4 2396/550/4 1244/2529/4
f 4730/2542/4 2395/2541/4 2396/550/4
f 2395/2541/4 154/548/4 2396/550/4
f 4728/2537/4 4730/2542/4 1244/2529/4
f 4728/2537/4 4729/2539/4 4730/2542/4
f 4729/2539/4 1243/2540/4 4730/2542/4
f 2394/2538/4 3548/2531/4 155/942/4
f 2394/2538/4 4728/2537/4 3548/2531/4
f 4728/2537/4 1244/2529/4 3548/2531/4
f 4727/2535/4 1595/38/4 443/4024/4
f 4727/2535/4 1594/2534/4 1595/38/4
f 1594/2534/4 22/36/4 1595/38/4
f 4725/2530/4 4727/2535/4 443/4024/4
f 4725/2530/4 4726/2532/4 4727/2535/4
f 4726/2532/4 442/2533/4 4727/2535/4
f 3548/2531/4 2747/4026/4 155/942/4
f 3548/2531/4 4725/2530/4 2747/4026/4
f 4725/2530/4 443/4024/4 2747/4026/4
f 4724/2528/4 2021/546/4 869/2543/4
f 4724/2528/4 2397/2521/4 2021/546/4
f 2397/2521/4 293/544/4 2021/546/4
f 4722/2526/4 4724/2528/4 869/2543/4
f 4722/2526/4 4723/2527/4 4724/2528/4
f 4723/2527/4 1245/2519/4 4724/2528/4
f 1731/2498/4 3173/2545/4 83/162/4
f 1731/2498/4 4722/2526/4 3173/2545/4
f 4722/2526/4 869/2543/4 3173/2545/4
f 4721/2525/4 2399/557/4 1247/2512/4
f 4721/2525/4 2398/2524/4 2399/557/4
f 2398/2524/4 292/555/4 2399/557/4
f 4719/2520/4 4721/2525/4 1247/2512/4
f 4719/2520/4 4720/2522/4 4721/2525/4
f 4720/2522/4 1246/2523/4 4721/2525/4
f 2397/2521/4 3551/2514/4 293/544/4
f 2397/2521/4 4719/2520/4 3551/2514/4
f 4719/2520/4 1247/2512/4 3551/2514/4
f 4718/2518/4 1733/175/4 581/3630/4
f 4718/2518/4 1732/2517/4 1733/175/4
f 1732/2517/4 82/173/4 1733/175/4
f 4716/2513/4 4718/2518/4 581/3630/4
f 4716/2513/4 4717/2515/4 4718/2518/4
f 4717/2515/4 580/2516/4 4718/2518/4
f 3551/2514/4 2885/3632/4 293/544/4
f 3551/2514/4 4716/2513/4 2885/3632/4
f 4716/2513/4 581/3630/4 2885/3632/4
f 4715/2511/4 1955/577/4 803/2452/4
f 4715/2511/4 2400/2502/4 1955/577/4
f 2400/2502/4 227/575/4 1955/577/4
f 4713/2508/4 4715/2511/4 803/2452/4
f 4713/2508/4 4714/2510/4 4715/2511/4
f 4714/2510/4 1248/2500/4 4715/2511/4
f 1593/2509/4 3107/2454/4 10/4167/4
f 1593/2509/4 4713/2508/4 3107/2454/4
f 4713/2508/4 803/2452/4 3107/2454/4
f 4712/2506/4 2402/560/4 1250/2493/4
f 4712/2506/4 2401/2505/4 2402/560/4
f 2401/2505/4 291/551/4 2402/560/4
f 4710/2501/4 4712/2506/4 1250/2493/4
f 4710/2501/4 4711/2503/4 4712/2506/4
f 4711/2503/4 1249/2504/4 4712/2506/4
f 2400/2502/4 3554/2495/4 227/575/4
f 2400/2502/4 4710/2501/4 3554/2495/4
f 4710/2501/4 1250/2493/4 3554/2495/4
f 4709/2499/4 1667/164/4 515/3661/4
f 4709/2499/4 1731/2498/4 1667/164/4
f 1731/2498/4 83/162/4 1667/164/4
f 4707/2494/4 4709/2499/4 515/3661/4
f 4707/2494/4 4708/2496/4 4709/2499/4
f 4708/2496/4 579/2497/4 4709/2499/4
f 3554/2495/4 2819/3663/4 227/575/4
f 3554/2495/4 4707/2494/4 2819/3663/4
f 4707/2494/4 515/3661/4 2819/3663/4
f 4706/2492/4 1828/4177/4 676/4178/4
f 4706/2492/4 2403/2483/4 1828/4177/4
f 2403/2483/4 100/4179/4 1828/4177/4
f 4704/2489/4 4706/2492/4 676/4178/4
f 4704/2489/4 4705/2491/4 4706/2492/4
f 4705/2491/4 1251/2481/4 4706/2492/4
f 3170/2490/4 2980/4180/4 28/4181/4
f 3170/2490/4 4704/2489/4 2980/4180/4
f 4704/2489/4 676/4178/4 2980/4180/4
f 4703/2487/4 2405/567/4 1253/2474/4
f 4703/2487/4 2404/2486/4 2405/567/4
f 2404/2486/4 202/565/4 2405/567/4
f 4701/2482/4 4703/2487/4 1253/2474/4
f 4701/2482/4 4702/2484/4 4703/2487/4
f 4702/2484/4 1252/2485/4 4703/2487/4
f 2403/2483/4 3557/2476/4 100/4179/4
f 2403/2483/4 4701/2482/4 3557/2476/4
f 4701/2482/4 1253/2474/4 3557/2476/4
f 4700/2480/4 1540/4182/4 388/4183/4
f 4700/2480/4 3082/2479/4 1540/4182/4
f 3082/2479/4 3/4184/4 1540/4182/4
f 4698/2475/4 4700/2480/4 388/4183/4
f 4698/2475/4 4699/2477/4 4700/2480/4
f 4699/2477/4 778/2478/4 4700/2480/4
f 3557/2476/4 2692/4185/4 100/4179/4
f 3557/2476/4 4698/2475/4 2692/4185/4
f 4698/2475/4 388/4183/4 2692/4185/4
f 4697/2473/4 2018/563/4 866/2488/4
f 4697/2473/4 2406/2466/4 2018/563/4
f 2406/2466/4 290/561/4 2018/563/4
f 4695/2471/4 4697/2473/4 866/2488/4
f 4695/2471/4 4696/2472/4 4697/2473/4
f 4696/2472/4 1254/2464/4 4697/2473/4
f 1728/2443/4 3170/2490/4 28/4181/4
f 1728/2443/4 4695/2471/4 3170/2490/4
f 4695/2471/4 866/2488/4 3170/2490/4
f 4694/2470/4 2408/574/4 1256/2457/4
f 4694/2470/4 2407/2469/4 2408/574/4
f 2407/2469/4 289/572/4 2408/574/4
f 4692/2465/4 4694/2470/4 1256/2457/4
f 4692/2465/4 4693/2467/4 4694/2470/4
f 4693/2467/4 1255/2468/4 4694/2470/4
f 2406/2466/4 3560/2459/4 290/561/4
f 2406/2466/4 4692/2465/4 3560/2459/4
f 4692/2465/4 1256/2457/4 3560/2459/4
f 4691/2463/4 1730/168/4 578/3647/4
f 4691/2463/4 1729/2462/4 1730/168/4
f 1729/2462/4 58/166/4 1730/168/4
f 4689/2458/4 4691/2463/4 578/3647/4
f 4689/2458/4 4690/2460/4 4691/2463/4
f 4690/2460/4 577/2461/4 4691/2463/4
f 3560/2459/4 2882/3649/4 290/561/4
f 3560/2459/4 4689/2458/4 2882/3649/4
f 4689/2458/4 578/3647/4 2882/3649/4
f 4688/2456/4 1900/4186/4 748/4187/4
f 4688/2456/4 2409/2447/4 1900/4186/4
f 2409/2447/4 172/4188/4 1900/4186/4
f 4686/2453/4 4688/2456/4 748/4187/4
f 4686/2453/4 4687/2455/4 4688/2456/4
f 4687/2455/4 1257/2445/4 4688/2456/4
f 3107/2454/4 3052/4189/4 10/4167/4
f 3107/2454/4 4686/2453/4 3052/4189/4
f 4686/2453/4 748/4187/4 3052/4189/4
f 4685/2451/4 2411/579/4 1259/2438/4
f 4685/2451/4 2410/2450/4 2411/579/4
f 2410/2450/4 288/568/4 2411/579/4
f 4683/2446/4 4685/2451/4 1259/2438/4
f 4683/2446/4 4684/2448/4 4685/2451/4
f 4684/2448/4 1258/2449/4 4685/2451/4
f 2409/2447/4 3563/2440/4 172/4188/4
f 2409/2447/4 4683/2446/4 3563/2440/4
f 4683/2446/4 1259/2438/4 3563/2440/4
f 4682/2444/4 1612/4190/4 460/4191/4
f 4682/2444/4 1728/2443/4 1612/4190/4
f 1728/2443/4 28/4181/4 1612/4190/4
f 4680/2439/4 4682/2444/4 460/4191/4
f 4680/2439/4 4681/2441/4 4682/2444/4
f 4681/2441/4 576/2442/4 4682/2444/4
f 3563/2440/4 2764/4192/4 172/4188/4
f 3563/2440/4 4680/2439/4 2764/4192/4
f 4680/2439/4 460/4191/4 2764/4192/4
f 4679/2437/4 2776/3453/4 472/3452/4
f 4679/2437/4 2412/2428/4 2776/3453/4
f 2412/2428/4 184/364/4 2776/3453/4
f 4677/2434/4 4679/2437/4 472/3452/4
f 4677/2434/4 4678/2436/4 4679/2437/4
f 4678/2436/4 1260/2426/4 4679/2437/4
f 3167/2435/4 1624/235/4 40/234/4
f 3167/2435/4 4677/2434/4 1624/235/4
f 4677/2434/4 472/3452/4 1624/235/4
f 4676/2432/4 2414/586/4 1262/2421/4
f 4676/2432/4 2413/2431/4 2414/586/4
f 2413/2431/4 156/584/4 2414/586/4
f 4674/2427/4 4676/2432/4 1262/2421/4
f 4674/2427/4 4675/2429/4 4676/2432/4
f 4675/2429/4 1261/2430/4 4676/2432/4
f 2412/2428/4 3566/2423/4 184/364/4
f 2412/2428/4 4674/2427/4 3566/2423/4
f 4674/2427/4 1262/2421/4 3566/2423/4
f 4673/2425/4 3064/3075/4 760/3074/4
f 4673/2425/4 1596/2346/4 3064/3075/4
f 1596/2346/4 22/36/4 3064/3075/4
f 4671/2422/4 4673/2425/4 760/3074/4
f 4671/2422/4 4672/2424/4 4673/2425/4
f 4672/2424/4 444/2344/4 4673/2425/4
f 3566/2423/4 1912/365/4 184/364/4
f 3566/2423/4 4671/2422/4 1912/365/4
f 4671/2422/4 760/3074/4 1912/365/4
f 4670/2420/4 2015/582/4 863/2433/4
f 4670/2420/4 2415/2413/4 2015/582/4
f 2415/2413/4 287/580/4 2015/582/4
f 4668/2418/4 4670/2420/4 863/2433/4
f 4668/2418/4 4669/2419/4 4670/2420/4
f 4669/2419/4 1263/2411/4 4670/2420/4
f 1725/2390/4 3167/2435/4 40/234/4
f 1725/2390/4 4668/2418/4 3167/2435/4
f 4668/2418/4 863/2433/4 3167/2435/4
f 4667/2417/4 2417/593/4 1265/2404/4
f 4667/2417/4 2416/2416/4 2417/593/4
f 2416/2416/4 286/591/4 2417/593/4
f 4665/2412/4 4667/2417/4 1265/2404/4
f 4665/2412/4 4666/2414/4 4667/2417/4
f 4666/2414/4 1264/2415/4 4667/2417/4
f 2415/2413/4 3569/2406/4 287/580/4
f 2415/2413/4 4665/2412/4 3569/2406/4
f 4665/2412/4 1265/2404/4 3569/2406/4
f 4664/2410/4 1727/161/4 575/3666/4
f 4664/2410/4 1726/2409/4 1727/161/4
f 1726/2409/4 84/150/4 1727/161/4
f 4662/2405/4 4664/2410/4 575/3666/4
f 4662/2405/4 4663/2407/4 4664/2410/4
f 4663/2407/4 574/2408/4 4664/2410/4
f 3569/2406/4 2879/3668/4 287/580/4
f 3569/2406/4 4662/2405/4 2879/3668/4
f 4662/2405/4 575/3666/4 2879/3668/4
f 4661/2403/4 2704/4096/4 400/4095/4
f 4661/2403/4 2418/2394/4 2704/4096/4
f 2418/2394/4 112/1014/4 2704/4096/4
f 4659/2400/4 4661/2403/4 400/4095/4
f 4659/2400/4 4660/2402/4 4661/2403/4
f 4660/2402/4 1266/2392/4 4661/2403/4
f 3074/2401/4 1552/13/4 5/12/4
f 3074/2401/4 4659/2400/4 1552/13/4
f 4659/2400/4 400/4095/4 1552/13/4
f 4658/2398/4 2420/598/4 1268/2385/4
f 4658/2398/4 2419/2397/4 2420/598/4
f 2419/2397/4 285/587/4 2420/598/4
f 4656/2393/4 4658/2398/4 1268/2385/4
f 4656/2393/4 4657/2395/4 4658/2398/4
f 4657/2395/4 1267/2396/4 4658/2398/4
f 2418/2394/4 3572/2387/4 112/1014/4
f 2418/2394/4 4656/2393/4 3572/2387/4
f 4656/2393/4 1268/2385/4 3572/2387/4
f 4655/2391/4 2992/1143/4 688/1142/4
f 4655/2391/4 1725/2390/4 2992/1143/4
f 1725/2390/4 40/234/4 2992/1143/4
f 4653/2386/4 4655/2391/4 688/1142/4
f 4653/2386/4 4654/2388/4 4655/2391/4
f 4654/2388/4 573/2389/4 4655/2391/4
f 3572/2387/4 1840/1015/4 112/1014/4
f 3572/2387/4 4653/2386/4 1840/1015/4
f 4653/2386/4 688/1142/4 1840/1015/4
f 4652/2384/4 1886/927/4 734/1407/4
f 4652/2384/4 2421/2375/4 1886/927/4
f 2421/2375/4 158/925/4 1886/927/4
f 4650/2381/4 4652/2384/4 734/1407/4
f 4650/2381/4 4651/2383/4 4652/2384/4
f 4651/2383/4 1269/2373/4 4652/2384/4
f 3164/2382/4 3038/1409/4 86/145/4
f 3164/2382/4 4650/2381/4 3038/1409/4
f 4650/2381/4 734/1407/4 3038/1409/4
f 4649/2379/4 2423/605/4 1271/2366/4
f 4649/2379/4 2422/2378/4 2423/605/4
f 2422/2378/4 157/603/4 2423/605/4
f 4647/2374/4 4649/2379/4 1271/2366/4
f 4647/2374/4 4648/2376/4 4649/2379/4
f 4648/2376/4 1270/2377/4 4649/2379/4
f 2421/2375/4 3575/2368/4 158/925/4
f 2421/2375/4 4647/2374/4 3575/2368/4
f 4647/2374/4 1271/2366/4 3575/2368/4
f 4646/2372/4 1598/45/4 446/4007/4
f 4646/2372/4 1597/2371/4 1598/45/4
f 1597/2371/4 24/43/4 1598/45/4
f 4644/2367/4 4646/2372/4 446/4007/4
f 4644/2367/4 4645/2369/4 4646/2372/4
f 4645/2369/4 445/2370/4 4646/2372/4
f 3575/2368/4 2750/4009/4 158/925/4
f 3575/2368/4 4644/2367/4 2750/4009/4
f 4644/2367/4 446/4007/4 2750/4009/4
f 4643/2365/4 2012/601/4 860/2380/4
f 4643/2365/4 2424/2358/4 2012/601/4
f 2424/2358/4 284/599/4 2012/601/4
f 4641/2363/4 4643/2365/4 860/2380/4
f 4641/2363/4 4642/2364/4 4643/2365/4
f 4642/2364/4 1272/2356/4 4643/2365/4
f 1722/2335/4 3164/2382/4 86/145/4
f 1722/2335/4 4641/2363/4 3164/2382/4
f 4641/2363/4 860/2380/4 3164/2382/4
f 4640/2362/4 2426/612/4 1274/2349/4
f 4640/2362/4 2425/2361/4 2426/612/4
f 2425/2361/4 283/610/4 2426/612/4
f 4638/2357/4 4640/2362/4 1274/2349/4
f 4638/2357/4 4639/2359/4 4640/2362/4
f 4639/2359/4 1273/2360/4 4640/2362/4
f 2424/2358/4 3578/2351/4 284/599/4
f 2424/2358/4 4638/2357/4 3578/2351/4
f 4638/2357/4 1274/2349/4 3578/2351/4
f 4637/2355/4 1724/156/4 572/3685/4
f 4637/2355/4 1723/2354/4 1724/156/4
f 1723/2354/4 85/154/4 1724/156/4
f 4635/2350/4 4637/2355/4 572/3685/4
f 4635/2350/4 4636/2352/4 4637/2355/4
f 4636/2352/4 571/2353/4 4637/2355/4
f 3578/2351/4 2876/3687/4 284/599/4
f 3578/2351/4 4635/2350/4 2876/3687/4
f 4635/2350/4 572/3685/4 2876/3687/4
f 4634/2348/4 1958/632/4 806/2291/4
f 4634/2348/4 2427/2339/4 1958/632/4
f 2427/2339/4 230/630/4 1958/632/4
f 4632/2345/4 4634/2348/4 806/2291/4
f 4632/2345/4 4633/2347/4 4634/2348/4
f 4633/2347/4 1275/2337/4 4634/2348/4
f 1596/2346/4 3110/2293/4 22/36/4
f 1596/2346/4 4632/2345/4 3110/2293/4
f 4632/2345/4 806/2291/4 3110/2293/4
f 4631/2343/4 2429/615/4 1277/2330/4
f 4631/2343/4 2428/2342/4 2429/615/4
f 2428/2342/4 282/606/4 2429/615/4
f 4629/2338/4 4631/2343/4 1277/2330/4
f 4629/2338/4 4630/2340/4 4631/2343/4
f 4630/2340/4 1276/2341/4 4631/2343/4
f 2427/2339/4 3581/2332/4 230/630/4
f 2427/2339/4 4629/2338/4 3581/2332/4
f 4629/2338/4 1277/2330/4 3581/2332/4
f 4628/2336/4 1670/147/4 518/3716/4
f 4628/2336/4 1722/2335/4 1670/147/4
f 1722/2335/4 86/145/4 1670/147/4
f 4626/2331/4 4628/2336/4 518/3716/4
f 4626/2331/4 4627/2333/4 4628/2336/4
f 4627/2333/4 570/2334/4 4628/2336/4
f 3581/2332/4 2822/3718/4 230/630/4
f 3581/2332/4 4626/2331/4 2822/3718/4
f 4626/2331/4 518/3716/4 2822/3718/4
f 4625/2329/4 2794/3652/4 490/3651/4
f 4625/2329/4 2430/2320/4 2794/3652/4
f 2430/2320/4 202/565/4 2794/3652/4
f 4623/2326/4 4625/2329/4 490/3651/4
f 4623/2326/4 4624/2328/4 4625/2329/4
f 4624/2328/4 1278/2318/4 4625/2329/4
f 3161/2327/4 1642/167/4 58/166/4
f 3161/2327/4 4623/2326/4 1642/167/4
f 4623/2326/4 490/3651/4 1642/167/4
f 4622/2324/4 2432/622/4 1280/2313/4
f 4622/2324/4 2431/2323/4 2432/622/4
f 2431/2323/4 204/620/4 2432/622/4
f 4620/2319/4 4622/2324/4 1280/2313/4
f 4620/2319/4 4621/2321/4 4622/2324/4
f 4621/2321/4 1279/2322/4 4622/2324/4
f 2430/2320/4 3584/2315/4 202/565/4
f 2430/2320/4 4620/2319/4 3584/2315/4
f 4620/2319/4 1280/2313/4 3584/2315/4
f 4619/2317/4 3082/2479/4 778/2478/4
f 4619/2317/4 3084/1993/4 3082/2479/4
f 3084/1993/4 3/4184/4 3082/2479/4
f 4617/2314/4 4619/2317/4 778/2478/4
f 4617/2314/4 4618/2316/4 4619/2317/4
f 4618/2316/4 780/1992/4 4619/2317/4
f 3584/2315/4 1930/566/4 202/565/4
f 3584/2315/4 4617/2314/4 1930/566/4
f 4617/2314/4 778/2478/4 1930/566/4
f 4616/2312/4 2009/618/4 857/2325/4
f 4616/2312/4 2433/2305/4 2009/618/4
f 2433/2305/4 281/616/4 2009/618/4
f 4614/2310/4 4616/2312/4 857/2325/4
f 4614/2310/4 4615/2311/4 4616/2312/4
f 4615/2311/4 1281/2303/4 4616/2312/4
f 1719/2282/4 3161/2327/4 58/166/4
f 1719/2282/4 4614/2310/4 3161/2327/4
f 4614/2310/4 857/2325/4 3161/2327/4
f 4613/2309/4 2435/629/4 1283/2296/4
f 4613/2309/4 2434/2308/4 2435/629/4
f 2434/2308/4 280/627/4 2435/629/4
f 4611/2304/4 4613/2309/4 1283/2296/4
f 4611/2304/4 4612/2306/4 4613/2309/4
f 4612/2306/4 1282/2307/4 4613/2309/4
f 2433/2305/4 3587/2298/4 281/616/4
f 2433/2305/4 4611/2304/4 3587/2298/4
f 4611/2304/4 1283/2296/4 3587/2298/4
f 4610/2302/4 1721/149/4 569/3702/4
f 4610/2302/4 1720/2301/4 1721/149/4
f 1720/2301/4 60/111/4 1721/149/4
f 4608/2297/4 4610/2302/4 569/3702/4
f 4608/2297/4 4609/2299/4 4610/2302/4
f 4609/2299/4 568/2300/4 4610/2302/4
f 3587/2298/4 2873/3704/4 281/616/4
f 3587/2298/4 4608/2297/4 2873/3704/4
f 4608/2297/4 569/3702/4 2873/3704/4
f 4607/2295/4 2722/4029/4 418/4028/4
f 4607/2295/4 2436/2286/4 2722/4029/4
f 2436/2286/4 130/946/4 2722/4029/4
f 4605/2292/4 4607/2295/4 418/4028/4
f 4605/2292/4 4606/2294/4 4607/2295/4
f 4606/2294/4 1284/2284/4 4607/2295/4
f 3110/2293/4 1570/37/4 22/36/4
f 3110/2293/4 4605/2292/4 1570/37/4
f 4605/2292/4 418/4028/4 1570/37/4
f 4604/2290/4 2438/634/4 1286/2277/4
f 4604/2290/4 2437/2289/4 2438/634/4
f 2437/2289/4 279/623/4 2438/634/4
f 4602/2285/4 4604/2290/4 1286/2277/4
f 4602/2285/4 4603/2287/4 4604/2290/4
f 4603/2287/4 1285/2288/4 4604/2290/4
f 2436/2286/4 3590/2279/4 130/946/4
f 2436/2286/4 4602/2285/4 3590/2279/4
f 4602/2285/4 1286/2277/4 3590/2279/4
f 4601/2283/4 3010/1343/4 706/1342/4
f 4601/2283/4 1719/2282/4 3010/1343/4
f 1719/2282/4 58/166/4 3010/1343/4
f 4599/2278/4 4601/2283/4 706/1342/4
f 4599/2278/4 4600/2280/4 4601/2283/4
f 4600/2280/4 567/2281/4 4601/2283/4
f 3590/2279/4 1858/947/4 130/946/4
f 3590/2279/4 4599/2278/4 1858/947/4
f 4599/2278/4 706/1342/4 1858/947/4
f 4598/2276/2 2763/4193/3 459/4194/3
f 4598/2276/2 2439/2267/2 2763/4193/3
f 2439/2267/2 171/4195/3 2763/4193/3
f 4596/2273/3 4598/2276/2 459/4194/3
f 4596/2273/3 4597/2275/2 4598/2276/2
f 4597/2275/2 1287/2265/2 4598/2276/2
f 3158/2274/2 1611/4196/3 27/4197/3
f 3158/2274/2 4596/2273/3 1611/4196/3
f 4596/2273/3 459/4194/3 1611/4196/3
f 4595/2271/2 2441/641/2 1289/2260/2
f 4595/2271/2 2440/2270/2 2441/641/2
f 2440/2270/2 159/639/2 2441/641/2
f 4593/2266/2 4595/2271/2 1289/2260/2
f 4593/2266/2 4594/2268/2 4595/2271/2
f 4594/2268/2 1288/2269/2 4595/2271/2
f 2439/2267/2 3593/2262/3 171/4195/3
f 2439/2267/2 4593/2266/2 3593/2262/3
f 4593/2266/2 1289/2260/2 3593/2262/3
f 4592/2264/3 3051/4198/3 747/4199/3
f 4592/2264/3 1599/2185/3 3051/4198/3
f 1599/2185/3 9/4200/3 3051/4198/3
f 4590/2261/2 4592/2264/3 747/4199/3
f 4590/2261/2 4591/2263/2 4592/2264/3
f 4591/2263/2 447/2183/2 4592/2264/3
f 3593/2262/3 1899/4201/3 171/4195/3
f 3593/2262/3 4590/2261/2 1899/4201/3
f 4590/2261/2 747/4199/3 1899/4201/3
f 4589/2259/2 2006/637/2 854/2272/2
f 4589/2259/2 2442/2252/2 2006/637/2
f 2442/2252/2 278/635/2 2006/637/2
f 4587/2257/2 4589/2259/2 854/2272/2
f 4587/2257/2 4588/2258/2 4589/2259/2
f 4588/2258/2 1290/2250/2 4589/2259/2
f 1716/2229/2 3158/2274/2 27/4197/3
f 1716/2229/2 4587/2257/2 3158/2274/2
f 4587/2257/2 854/2272/2 3158/2274/2
f 4586/2256/2 2444/648/2 1292/2243/2
f 4586/2256/2 2443/2255/2 2444/648/2
f 2443/2255/2 277/646/2 2444/648/2
f 4584/2251/2 4586/2256/2 1292/2243/2
f 4584/2251/2 4585/2253/2 4586/2256/2
f 4585/2253/2 1291/2254/2 4586/2256/2
f 2442/2252/2 3596/2245/2 278/635/2
f 2442/2252/2 4584/2251/2 3596/2245/2
f 4584/2251/2 1292/2243/2 3596/2245/2
f 4583/2249/2 1718/144/2 566/3721/2
f 4583/2249/2 1717/2248/2 1718/144/2
f 1717/2248/2 87/133/2 1718/144/2
f 4581/2244/2 4583/2249/2 566/3721/2
f 4581/2244/2 4582/2246/2 4583/2249/2
f 4582/2246/2 565/2247/2 4583/2249/2
f 3596/2245/2 2870/3723/2 278/635/2
f 3596/2245/2 4581/2244/2 2870/3723/2
f 4581/2244/2 566/3721/2 2870/3723/2
f 4580/2242/2 2691/4202/3 387/4203/2
f 4580/2242/2 2445/2233/2 2691/4202/3
f 2445/2233/2 99/4204/3 2691/4202/3
f 4578/2239/2 4580/2242/2 387/4203/2
f 4578/2239/2 4579/2241/2 4580/2242/2
f 4579/2241/2 1293/2231/2 4580/2242/2
f 3081/2240/2 1539/4205/2 2/4206/2
f 3081/2240/2 4578/2239/2 1539/4205/2
f 4578/2239/2 387/4203/2 1539/4205/2
f 4577/2237/2 2447/653/2 1295/2224/2
f 4577/2237/2 2446/2236/2 2447/653/2
f 2446/2236/2 276/642/2 2447/653/2
f 4575/2232/2 4577/2237/2 1295/2224/2
f 4575/2232/2 4576/2234/2 4577/2237/2
f 4576/2234/2 1294/2235/2 4577/2237/2
f 2445/2233/2 3599/2226/2 99/4204/3
f 2445/2233/2 4575/2232/2 3599/2226/2
f 4575/2232/2 1295/2224/2 3599/2226/2
f 4574/2230/3 2979/4207/2 675/4208/3
f 4574/2230/3 1716/2229/2 2979/4207/2
f 1716/2229/2 27/4197/3 2979/4207/2
f 4572/2225/2 4574/2230/3 675/4208/3
f 4572/2225/2 4573/2227/2 4574/2230/3
f 4573/2227/2 564/2228/2 4574/2230/3
f 3599/2226/2 1827/4209/3 99/4204/3
f 3599/2226/2 4572/2225/2 1827/4209/3
f 4572/2225/2 675/4208/3 1827/4209/3
f 4571/2223/2 1889/908/2 737/1462/2
f 4571/2223/2 2448/2214/2 1889/908/2
f 2448/2214/2 161/906/2 1889/908/2
f 4569/2220/2 4571/2223/2 737/1462/2
f 4569/2220/2 4570/2222/2 4571/2223/2
f 4570/2222/2 1296/2212/3 4571/2223/2
f 3155/2221/2 3041/1464/2 89/126/2
f 3155/2221/2 4569/2220/2 3041/1464/2
f 4569/2220/2 737/1462/2 3041/1464/2
f 4568/2218/11 2450/660/2 1298/2205/3
f 4568/2218/11 2449/2217/2 2450/660/2
f 2449/2217/2 160/658/2 2450/660/2
f 4566/2213/3 4568/2218/11 1298/2205/3
f 4566/2213/3 4567/2215/11 4568/2218/11
f 4567/2215/11 1297/2216/3 4568/2218/11
f 2448/2214/2 3602/2207/2 161/906/2
f 2448/2214/2 4566/2213/3 3602/2207/2
f 4566/2213/3 1298/2205/3 3602/2207/2
f 4565/2211/2 1601/52/2 449/3988/2
f 4565/2211/2 1600/2210/2 1601/52/2
f 1600/2210/2 19/50/2 1601/52/2
f 4563/2206/2 4565/2211/2 449/3988/2
f 4563/2206/2 4564/2208/2 4565/2211/2
f 4564/2208/2 448/2209/2 4565/2211/2
f 3602/2207/2 2753/3990/2 161/906/2
f 3602/2207/2 4563/2206/2 2753/3990/2
f 4563/2206/2 449/3988/2 2753/3990/2
f 4562/2204/11 2003/656/2 851/2219/2
f 4562/2204/11 2451/2197/3 2003/656/2
f 2451/2197/3 275/654/3 2003/656/2
f 4560/2202/2 4562/2204/11 851/2219/2
f 4560/2202/2 4561/2203/11 4562/2204/11
f 4561/2203/11 1299/2195/3 4562/2204/11
f 1713/2174/2 3155/2221/2 89/126/2
f 1713/2174/2 4560/2202/2 3155/2221/2
f 4560/2202/2 851/2219/2 3155/2221/2
f 4559/2201/11 2453/667/2 1301/2188/11
f 4559/2201/11 2452/2200/2 2453/667/2
f 2452/2200/2 274/665/2 2453/667/2
f 4557/2196/2 4559/2201/11 1301/2188/11
f 4557/2196/2 4558/2198/2 4559/2201/11
f 4558/2198/2 1300/2199/11 4559/2201/11
f 2451/2197/3 3605/2190/2 275/654/3
f 2451/2197/3 4557/2196/2 3605/2190/2
f 4557/2196/2 1301/2188/11 3605/2190/2
f 4556/2194/2 1715/139/2 563/3740/2
f 4556/2194/2 1714/2193/2 1715/139/2
f 1714/2193/2 88/137/2 1715/139/2
f 4554/2189/11 4556/2194/2 563/3740/2
f 4554/2189/11 4555/2191/2 4556/2194/2
f 4555/2191/2 562/2192/2 4556/2194/2
f 3605/2190/2 2867/3742/2 275/654/3
f 3605/2190/2 4554/2189/11 2867/3742/2
f 4554/2189/11 563/3740/2 2867/3742/2
f 4553/2187/2 1961/687/2 809/2128/2
f 4553/2187/2 2454/2178/2 1961/687/2
f 2454/2178/2 233/685/2 1961/687/2
f 4551/2184/2 4553/2187/2 809/2128/2
f 4551/2184/2 4552/2186/2 4553/2187/2
f 4552/2186/2 1302/2176/2 4553/2187/2
f 1599/2185/3 3113/2130/3 9/4200/3
f 1599/2185/3 4551/2184/2 3113/2130/3
f 4551/2184/2 809/2128/2 3113/2130/3
f 4550/2182/11 2456/670/2 1304/2169/2
f 4550/2182/11 2455/2181/3 2456/670/2
f 2455/2181/3 273/661/3 2456/670/2
f 4548/2177/2 4550/2182/11 1304/2169/2
f 4548/2177/2 4549/2179/2 4550/2182/11
f 4549/2179/2 1303/2180/2 4550/2182/11
f 2454/2178/2 3608/2171/2 233/685/2
f 2454/2178/2 4548/2177/2 3608/2171/2
f 4548/2177/2 1304/2169/2 3608/2171/2
f 4547/2175/2 1673/128/2 521/3771/2
f 4547/2175/2 1713/2174/2 1673/128/2
f 1713/2174/2 89/126/2 1673/128/2
f 4545/2170/2 4547/2175/2 521/3771/2
f 4545/2170/2 4546/2172/2 4547/2175/2
f 4546/2172/2 561/2173/2 4547/2175/2
f 3608/2171/2 2825/3773/2 233/685/2
f 3608/2171/2 4545/2170/2 2825/3773/2
f 4545/2170/2 521/3771/2 2825/3773/2
f 4544/2168/3 2781/4210/2 477/4211/3
f 4544/2168/3 2457/2159/2 2781/4210/2
f 2457/2159/2 189/4212/3 2781/4210/2
f 4542/2165/2 4544/2168/3 477/4211/3
f 4542/2165/2 4543/2167/2 4544/2168/3
f 4543/2167/2 1305/2157/2 4544/2168/3
f 3152/2166/2 1629/4213/3 45/4214/3
f 3152/2166/2 4542/2165/2 1629/4213/3
f 4542/2165/2 477/4211/3 1629/4213/3
f 4541/2163/2 2459/677/2 1307/2150/2
f 4541/2163/2 2458/2162/2 2459/677/2
f 2458/2162/2 199/675/2 2459/677/2
f 4539/2158/2 4541/2163/2 1307/2150/2
f 4539/2158/2 4540/2160/2 4541/2163/2
f 4540/2160/2 1306/2161/2 4541/2163/2
f 2457/2159/2 3611/2152/2 189/4212/3
f 2457/2159/2 4539/2158/2 3611/2152/2
f 4539/2158/2 1307/2150/2 3611/2152/2
f 4538/2156/2 3069/4215/3 765/4216/2
f 4538/2156/2 3079/2155/2 3069/4215/3
f 3079/2155/2 1/4184/3 3069/4215/3
f 4536/2151/2 4538/2156/2 765/4216/2
f 4536/2151/2 4537/2153/2 4538/2156/2
f 4537/2153/2 775/2154/2 4538/2156/2
f 3611/2152/2 1917/4217/2 189/4212/3
f 3611/2152/2 4536/2151/2 1917/4217/2
f 4536/2151/2 765/4216/2 1917/4217/2
f 4535/2149/2 2000/673/2 848/2164/2
f 4535/2149/2 2460/2142/2 2000/673/2
f 2460/2142/2 272/671/2 2000/673/2
f 4533/2147/2 4535/2149/2 848/2164/2
f 4533/2147/2 4534/2148/2 4535/2149/2
f 4534/2148/2 1308/2140/2 4535/2149/2
f 1710/2119/3 3152/2166/2 45/4214/3
f 1710/2119/3 4533/2147/2 3152/2166/2
f 4533/2147/2 848/2164/2 3152/2166/2
f 4532/2146/2 2462/684/2 1310/2133/2
f 4532/2146/2 2461/2145/2 2462/684/2
f 2461/2145/2 271/682/2 2462/684/2
f 4530/2141/2 4532/2146/2 1310/2133/2
f 4530/2141/2 4531/2143/2 4532/2146/2
f 4531/2143/2 1309/2144/2 4532/2146/2
f 2460/2142/2 3614/2135/2 272/671/2
f 2460/2142/2 4530/2141/2 3614/2135/2
f 4530/2141/2 1310/2133/2 3614/2135/2
f 4529/2139/2 1712/132/2 560/3757/2
f 4529/2139/2 1711/2138/2 1712/132/2
f 1711/2138/2 55/130/2 1712/132/2
f 4527/2134/2 4529/2139/2 560/3757/2
f 4527/2134/2 4528/2136/3 4529/2139/2
f 4528/2136/3 559/2137/3 4529/2139/2
f 3614/2135/2 2864/3759/2 272/671/2
f 3614/2135/2 4527/2134/2 2864/3759/2
f 4527/2134/2 560/3757/2 2864/3759/2
f 4526/2132/2 2709/4218/3 405/4219/3
f 4526/2132/2 2463/2123/3 2709/4218/3
f 2463/2123/3 117/4220/3 2709/4218/3
f 4524/2129/3 4526/2132/2 405/4219/3
f 4524/2129/3 4525/2131/2 4526/2132/2
f 4525/2131/2 1311/2121/2 4526/2132/2
f 3113/2130/3 1557/4221/3 9/4200/3
f 3113/2130/3 4524/2129/3 1557/4221/3
f 4524/2129/3 405/4219/3 1557/4221/3
f 4523/2127/2 2465/689/2 1313/2114/2
f 4523/2127/2 2464/2126/2 2465/689/2
f 2464/2126/2 270/678/2 2465/689/2
f 4521/2122/2 4523/2127/2 1313/2114/2
f 4521/2122/2 4522/2124/2 4523/2127/2
f 4522/2124/2 1312/2125/2 4523/2127/2
f 2463/2123/3 3617/2116/2 117/4220/3
f 2463/2123/3 4521/2122/2 3617/2116/2
f 4521/2122/2 1313/2114/2 3617/2116/2
f 4520/2120/3 2997/4222/3 693/4223/3
f 4520/2120/3 1710/2119/3 2997/4222/3
f 1710/2119/3 45/4214/3 2997/4222/3
f 4518/2115/2 4520/2120/3 693/4223/3
f 4518/2115/2 4519/2117/2 4520/2120/3
f 4519/2117/2 558/2118/2 4520/2120/3
f 3617/2116/2 1845/4224/3 117/4220/3
f 3617/2116/2 4518/2115/2 1845/4224/3
f 4518/2115/2 693/4223/3 1845/4224/3
f 4517/2113/2 2773/3417/2 469/3416/2
f 4517/2113/2 2466/2104/2 2773/3417/2
f 2466/2104/2 181/328/2 2773/3417/2
f 4515/2110/2 4517/2113/2 469/3416/2
f 4515/2110/2 4516/2112/2 4517/2113/2
f 4516/2112/2 1314/2102/2 4517/2113/2
f 3149/2111/2 1621/249/2 37/248/2
f 3149/2111/2 4515/2110/2 1621/249/2
f 4515/2110/2 469/3416/2 1621/249/2
f 4514/2108/2 2468/696/2 1316/2097/2
f 4514/2108/2 2467/2107/2 2468/696/2
f 2467/2107/2 162/694/2 2468/696/2
f 4512/2103/2 4514/2108/2 1316/2097/2
f 4512/2103/2 4513/2105/2 4514/2108/2
f 4513/2105/2 1315/2106/2 4514/2108/2
f 2466/2104/2 3620/2099/2 181/328/2
f 2466/2104/2 4512/2103/2 3620/2099/2
f 4512/2103/2 1316/2097/2 3620/2099/2
f 4511/2101/2 3061/3185/2 757/3184/2
f 4511/2101/2 1602/2023/2 3061/3185/2
f 1602/2023/2 19/50/2 3061/3185/2
f 4509/2098/2 4511/2101/2 757/3184/2
f 4509/2098/2 4510/2100/2 4511/2101/2
f 4510/2100/2 450/2021/2 4511/2101/2
f 3620/2099/2 1909/329/2 181/328/2
f 3620/2099/2 4509/2098/2 1909/329/2
f 4509/2098/2 757/3184/2 1909/329/2
f 4508/2096/2 1997/692/2 845/2109/2
f 4508/2096/2 2469/2089/2 1997/692/2
f 2469/2089/2 269/690/2 1997/692/2
f 4506/2094/2 4508/2096/2 845/2109/2
f 4506/2094/2 4507/2095/2 4508/2096/2
f 4507/2095/2 1317/2087/2 4508/2096/2
f 1707/2067/2 3149/2111/2 37/248/2
f 1707/2067/2 4506/2094/2 3149/2111/2
f 4506/2094/2 845/2109/2 3149/2111/2
f 4505/2093/2 2471/703/2 1319/2080/2
f 4505/2093/2 2470/2092/2 2471/703/2
f 2470/2092/2 268/701/2 2471/703/2
f 4503/2088/2 4505/2093/2 1319/2080/2
f 4503/2088/2 4504/2090/2 4505/2093/2
f 4504/2090/2 1318/2091/2 4505/2093/2
f 2469/2089/2 3623/2082/2 269/690/2
f 2469/2089/2 4503/2088/2 3623/2082/2
f 4503/2088/2 1319/2080/2 3623/2082/2
f 4502/2086/2 1709/125/2 557/3776/2
f 4502/2086/2 1708/2085/2 1709/125/2
f 1708/2085/2 90/114/2 1709/125/2
f 4500/2081/2 4502/2086/2 557/3776/2
f 4500/2081/2 4501/2083/2 4502/2086/2
f 4501/2083/2 556/2084/2 4502/2086/2
f 3623/2082/2 2861/3778/2 269/690/2
f 3623/2082/2 4500/2081/2 2861/3778/2
f 4500/2081/2 557/3776/2 2861/3778/2
f 4499/2079/2 2701/4110/2 397/4109/2
f 4499/2079/2 2472/2071/2 2701/4110/2
f 2472/2071/2 109/1028/2 2701/4110/2
f 4497/2077/2 4499/2079/2 397/4109/2
f 4497/2077/2 4498/2078/2 4499/2079/2
f 4498/2078/2 1320/2069/2 4499/2079/2
f 1543/3/3 1549/9/2 6/1/3
f 1543/3/3 4497/2077/2 1549/9/2
f 4497/2077/2 397/4109/2 1549/9/2
f 4496/2075/2 2474/706/2 1322/2062/2
f 4496/2075/2 2473/2074/2 2474/706/2
f 2473/2074/2 267/697/2 2474/706/2
f 4494/2070/2 4496/2075/2 1322/2062/2
f 4494/2070/2 4495/2072/2 4496/2075/2
f 4495/2072/2 1321/2073/2 4496/2075/2
f 2472/2071/2 3626/2064/2 109/1028/2
f 2472/2071/2 4494/2070/2 3626/2064/2
f 4494/2070/2 1322/2062/2 3626/2064/2
f 4493/2068/2 2989/1107/2 685/1106/2
f 4493/2068/2 1707/2067/2 2989/1107/2
f 1707/2067/2 37/248/2 2989/1107/2
f 4491/2063/2 4493/2068/2 685/1106/2
f 4491/2063/2 4492/2065/2 4493/2068/2
f 4492/2065/2 555/2066/2 4493/2068/2
f 3626/2064/2 1837/1029/2 109/1028/2
f 3626/2064/2 4491/2063/2 1837/1029/2
f 4491/2063/2 685/1106/2 1837/1029/2
f 4490/2061/2 1892/890/2 740/1513/2
f 4490/2061/2 2475/2052/2 1892/890/2
f 2475/2052/2 164/888/2 1892/890/2
f 4488/2058/2 4490/2061/2 740/1513/2
f 4488/2058/2 4489/2060/2 4490/2061/2
f 4489/2060/2 1323/2050/2 4490/2061/2
f 3146/2059/2 3044/1515/2 92/107/2
f 3146/2059/2 4488/2058/2 3044/1515/2
f 4488/2058/2 740/1513/2 3044/1515/2
f 4487/2056/2 2477/713/2 1325/2043/2
f 4487/2056/2 2476/2055/2 2477/713/2
f 2476/2055/2 163/711/2 2477/713/2
f 4485/2051/2 4487/2056/2 1325/2043/2
f 4485/2051/2 4486/2053/2 4487/2056/2
f 4486/2053/2 1324/2054/2 4487/2056/2
f 2475/2052/2 3629/2045/2 164/888/2
f 2475/2052/2 4485/2051/2 3629/2045/2
f 4485/2051/2 1325/2043/2 3629/2045/2
f 4484/2049/2 1604/55/2 452/3971/2
f 4484/2049/2 1603/2048/2 1604/55/2
f 1603/2048/2 12/43/2 1604/55/2
f 4482/2044/2 4484/2049/2 452/3971/2
f 4482/2044/2 4483/2046/2 4484/2049/2
f 4483/2046/2 451/2047/2 4484/2049/2
f 3629/2045/2 2756/3973/2 164/888/2
f 3629/2045/2 4482/2044/2 2756/3973/2
f 4482/2044/2 452/3971/2 2756/3973/2
f 4481/2042/2 1994/709/2 842/2057/2
f 4481/2042/2 2478/2035/2 1994/709/2
f 2478/2035/2 266/707/2 1994/709/2
f 4479/2040/2 4481/2042/2 842/2057/2
f 4479/2040/2 4480/2041/2 4481/2042/2
f 4480/2041/2 1326/2033/2 4481/2042/2
f 1704/2012/2 3146/2059/2 92/107/2
f 1704/2012/2 4479/2040/2 3146/2059/2
f 4479/2040/2 842/2057/2 3146/2059/2
f 4478/2039/2 2480/720/2 1328/2026/2
f 4478/2039/2 2479/2038/2 2480/720/2
f 2479/2038/2 265/718/2 2480/720/2
f 4476/2034/2 4478/2039/2 1328/2026/2
f 4476/2034/2 4477/2036/2 4478/2039/2
f 4477/2036/2 1327/2037/2 4478/2039/2
f 2478/2035/2 3632/2028/2 266/707/2
f 2478/2035/2 4476/2034/2 3632/2028/2
f 4476/2034/2 1328/2026/2 3632/2028/2
f 4475/2032/2 1706/120/2 554/3793/2
f 4475/2032/2 1705/2031/2 1706/120/2
f 1705/2031/2 91/118/2 1706/120/2
f 4473/2027/2 4475/2032/2 554/3793/2
f 4473/2027/2 4474/2029/2 4475/2032/2
f 4474/2029/2 553/2030/2 4475/2032/2
f 3632/2028/2 2858/3795/2 266/707/2
f 3632/2028/2 4473/2027/2 2858/3795/2
f 4473/2027/2 554/3793/2 2858/3795/2
f 4472/2025/2 1964/738/2 812/1966/2
f 4472/2025/2 2481/2016/2 1964/738/2
f 2481/2016/2 236/736/2 1964/738/2
f 4470/2022/2 4472/2025/2 812/1966/2
f 4470/2022/2 4471/2024/2 4472/2025/2
f 4471/2024/2 1329/2014/2 4472/2025/2
f 1602/2023/2 3116/1968/2 19/50/2
f 1602/2023/2 4470/2022/2 3116/1968/2
f 4470/2022/2 812/1966/2 3116/1968/2
f 4469/2020/2 2483/723/2 1331/2007/2
f 4469/2020/2 2482/2019/2 2483/723/2
f 2482/2019/2 264/714/2 2483/723/2
f 4467/2015/2 4469/2020/2 1331/2007/2
f 4467/2015/2 4468/2017/2 4469/2020/2
f 4468/2017/2 1330/2018/2 4469/2020/2
f 2481/2016/2 3635/2009/2 236/736/2
f 2481/2016/2 4467/2015/2 3635/2009/2
f 4467/2015/2 1331/2007/2 3635/2009/2
f 4466/2013/2 1676/109/2 524/3822/2
f 4466/2013/2 1704/2012/2 1676/109/2
f 1704/2012/2 92/107/2 1676/109/2
f 4464/2008/2 4466/2013/2 524/3822/2
f 4464/2008/2 4465/2010/2 4466/2013/2
f 4465/2010/2 552/2011/2 4466/2013/2
f 3635/2009/2 2828/3824/2 236/736/2
f 3635/2009/2 4464/2008/2 2828/3824/2
f 4464/2008/2 524/3822/2 2828/3824/2
f 4463/2006/2 2791/3762/2 487/3761/2
f 4463/2006/2 2484/1997/2 2791/3762/2
f 2484/1997/2 199/675/2 2791/3762/2
f 4461/2003/2 4463/2006/2 487/3761/2
f 4461/2003/2 4462/2005/2 4463/2006/2
f 4462/2005/2 1332/1995/2 4463/2006/2
f 3143/2004/2 1639/131/2 55/130/2
f 3143/2004/2 4461/2003/2 1639/131/2
f 4461/2003/2 487/3761/2 1639/131/2
f 4460/2001/2 2486/728/2 1334/1988/2
f 4460/2001/2 2485/2000/2 2486/728/2
f 2485/2000/2 192/620/2 2486/728/2
f 4458/1996/2 4460/2001/2 1334/1988/2
f 4458/1996/2 4459/1998/2 4460/2001/2
f 4459/1998/2 1333/1999/2 4460/2001/2
f 2484/1997/2 3638/1990/2 199/675/2
f 2484/1997/2 4458/1996/2 3638/1990/2
f 4458/1996/2 1334/1988/2 3638/1990/2
f 4457/1994/2 3079/2155/2 775/2154/2
f 4457/1994/2 3072/1993/3 3079/2155/2
f 3072/1993/3 1/4184/3 3079/2155/2
f 4455/1989/2 4457/1994/2 775/2154/2
f 4455/1989/2 4456/1991/2 4457/1994/2
f 4456/1991/2 768/1992/2 4457/1994/2
f 3638/1990/2 1927/676/2 199/675/2
f 3638/1990/2 4455/1989/2 1927/676/2
f 4455/1989/2 775/2154/2 1927/676/2
f 4454/1987/2 1991/726/2 839/2002/2
f 4454/1987/2 2487/1980/2 1991/726/2
f 2487/1980/2 263/724/2 1991/726/2
f 4452/1985/2 4454/1987/2 839/2002/2
f 4452/1985/2 4453/1986/2 4454/1987/2
f 4453/1986/2 1335/1978/2 4454/1987/2
f 1701/1957/2 3143/2004/2 55/130/2
f 1701/1957/2 4452/1985/2 3143/2004/2
f 4452/1985/2 839/2002/2 3143/2004/2
f 4451/1984/2 2489/735/2 1337/1971/2
f 4451/1984/2 2488/1983/2 2489/735/2
f 2488/1983/2 262/733/2 2489/735/2
f 4449/1979/2 4451/1984/2 1337/1971/2
f 4449/1979/2 4450/1981/2 4451/1984/2
f 4450/1981/2 1336/1982/2 4451/1984/2
f 2487/1980/2 3641/1973/2 263/724/2
f 2487/1980/2 4449/1979/2 3641/1973/2
f 4449/1979/2 1337/1971/2 3641/1973/2
f 4448/1977/2 1703/113/2 551/3810/2
f 4448/1977/2 1702/1976/2 1703/113/2
f 1702/1976/2 48/111/2 1703/113/2
f 4446/1972/2 4448/1977/2 551/3810/2
f 4446/1972/2 4447/1974/2 4448/1977/2
f 4447/1974/2 550/1975/2 4448/1977/2
f 3641/1973/2 2855/3812/2 263/724/2
f 3641/1973/2 4446/1972/2 2855/3812/2
f 4446/1972/2 551/3810/2 2855/3812/2
f 4445/1970/2 2719/3993/2 415/3992/2
f 4445/1970/2 2490/1961/2 2719/3993/2
f 2490/1961/2 127/910/2 2719/3993/2
f 4443/1967/2 4445/1970/2 415/3992/2
f 4443/1967/2 4444/1969/2 4445/1970/2
f 4444/1969/2 1338/1959/2 4445/1970/2
f 3116/1968/2 1567/51/2 19/50/2
f 3116/1968/2 4443/1967/2 1567/51/2
f 4443/1967/2 415/3992/2 1567/51/2
f 4442/1965/2 2492/740/2 1340/1952/2
f 4442/1965/2 2491/1964/2 2492/740/2
f 2491/1964/2 261/729/2 2492/740/2
f 4440/1960/2 4442/1965/2 1340/1952/2
f 4440/1960/2 4441/1962/2 4442/1965/2
f 4441/1962/2 1339/1963/2 4442/1965/2
f 2490/1961/2 3644/1954/2 127/910/2
f 2490/1961/2 4440/1960/2 3644/1954/2
f 4440/1960/2 1340/1952/2 3644/1954/2
f 4439/1958/2 3007/1453/2 703/1452/2
f 4439/1958/2 1701/1957/2 3007/1453/2
f 1701/1957/2 55/130/2 3007/1453/2
f 4437/1953/2 4439/1958/2 703/1452/2
f 4437/1953/2 4438/1955/2 4439/1958/2
f 4438/1955/2 549/1956/2 4439/1958/2
f 3644/1954/2 1855/911/2 127/910/2
f 3644/1954/2 4437/1953/2 1855/911/2
f 4437/1953/2 703/1452/2 1855/911/2
f 4436/1951/1 2774/4225/1 470/4226/1
f 4436/1951/1 2493/1942/1 2774/4225/1
f 2493/1942/1 182/4227/1 2774/4225/1
f 4434/1948/1 4436/1951/1 470/4226/1
f 4434/1948/1 4435/1950/1 4436/1951/1
f 4435/1950/1 1341/1940/1 4436/1951/1
f 3140/1949/1 1622/4228/1 38/4229/1
f 3140/1949/1 4434/1948/1 1622/4228/1
f 4434/1948/1 470/4226/1 1622/4228/1
f 4433/1946/1 2495/747/1 1343/1935/1
f 4433/1946/1 2494/1945/1 2495/747/1
f 2494/1945/1 165/745/1 2495/747/1
f 4431/1941/1 4433/1946/1 1343/1935/1
f 4431/1941/1 4432/1943/1 4433/1946/1
f 4432/1943/1 1342/1944/1 4433/1946/1
f 2493/1942/1 3647/1937/1 182/4227/1
f 2493/1942/1 4431/1941/1 3647/1937/1
f 4431/1941/1 1343/1935/1 3647/1937/1
f 4430/1939/1 3062/4230/1 758/4231/1
f 4430/1939/1 1605/1860/1 3062/4230/1
f 1605/1860/1 20/4232/1 3062/4230/1
f 4428/1936/1 4430/1939/1 758/4231/1
f 4428/1936/1 4429/1938/1 4430/1939/1
f 4429/1938/1 453/1858/1 4430/1939/1
f 3647/1937/1 1910/4233/1 182/4227/1
f 3647/1937/1 4428/1936/1 1910/4233/1
f 4428/1936/1 758/4231/1 1910/4233/1
f 4427/1934/1 1988/743/1 836/1947/1
f 4427/1934/1 2496/1927/1 1988/743/1
f 2496/1927/1 260/741/1 1988/743/1
f 4425/1932/1 4427/1934/1 836/1947/1
f 4425/1932/1 4426/1933/1 4427/1934/1
f 4426/1933/1 1344/1925/1 4427/1934/1
f 1698/1904/1 3140/1949/1 38/4229/1
f 1698/1904/1 4425/1932/1 3140/1949/1
f 4425/1932/1 836/1947/1 3140/1949/1
f 4424/1931/1 2498/754/1 1346/1918/1
f 4424/1931/1 2497/1930/1 2498/754/1
f 2497/1930/1 259/752/1 2498/754/1
f 4422/1926/1 4424/1931/1 1346/1918/1
f 4422/1926/1 4423/1928/1 4424/1931/1
f 4423/1928/1 1345/1929/1 4424/1931/1
f 2496/1927/1 3650/1920/1 260/741/1
f 2496/1927/1 4422/1926/1 3650/1920/1
f 4422/1926/1 1346/1918/1 3650/1920/1
f 4421/1924/1 1700/106/1 548/3827/1
f 4421/1924/1 1699/1923/1 1700/106/1
f 1699/1923/1 93/95/1 1700/106/1
f 4419/1919/1 4421/1924/1 548/3827/1
f 4419/1919/1 4420/1921/1 4421/1924/1
f 4420/1921/1 547/1922/1 4421/1924/1
f 3650/1920/1 2852/3829/1 260/741/1
f 3650/1920/1 4419/1919/1 2852/3829/1
f 4419/1919/1 548/3827/1 2852/3829/1
f 4418/1917/1 2702/4234/1 398/4235/1
f 4418/1917/1 2499/1908/1 2702/4234/1
f 2499/1908/1 110/4236/1 2702/4234/1
f 4416/1914/1 4418/1917/1 398/4235/1
f 4416/1914/1 4417/1916/1 4418/1917/1
f 4417/1916/1 1347/1906/1 4418/1917/1
f 1541/1915/1 1550/4237/1 4/4238/1
f 1541/1915/1 4416/1914/1 1550/4237/1
f 4416/1914/1 398/4235/1 1550/4237/1
f 4415/1912/1 2501/759/1 1349/1899/1
f 4415/1912/1 2500/1911/1 2501/759/1
f 2500/1911/1 258/748/1 2501/759/1
f 4413/1907/1 4415/1912/1 1349/1899/1
f 4413/1907/1 4414/1909/1 4415/1912/1
f 4414/1909/1 1348/1910/1 4415/1912/1
f 2499/1908/1 3653/1901/1 110/4236/1
f 2499/1908/1 4413/1907/1 3653/1901/1
f 4413/1907/1 1349/1899/1 3653/1901/1
f 4412/1905/1 2990/4239/1 686/4240/1
f 4412/1905/1 1698/1904/1 2990/4239/1
f 1698/1904/1 38/4229/1 2990/4239/1
f 4410/1900/1 4412/1905/1 686/4240/1
f 4410/1900/1 4411/1902/1 4412/1905/1
f 4411/1902/1 546/1903/1 4412/1905/1
f 3653/1901/1 1838/4241/1 110/4236/1
f 3653/1901/1 4410/1900/1 1838/4241/1
f 4410/1900/1 686/4240/1 1838/4241/1
f 4409/1898/1 1895/871/1 743/1568/1
f 4409/1898/1 2502/1889/1 1895/871/1
f 2502/1889/1 167/869/1 1895/871/1
f 4407/1895/1 4409/1898/1 743/1568/1
f 4407/1895/1 4408/1897/1 4409/1898/1
f 4408/1897/1 1350/1887/1 4409/1898/1
f 3137/1896/1 3047/1570/1 95/88/1
f 3137/1896/1 4407/1895/1 3047/1570/1
f 4407/1895/1 743/1568/1 3047/1570/1
f 4406/1893/1 2504/766/1 1352/1880/1
f 4406/1893/1 2503/1892/1 2504/766/1
f 2503/1892/1 166/764/1 2504/766/1
f 4404/1888/1 4406/1893/1 1352/1880/1
f 4404/1888/1 4405/1890/1 4406/1893/1
f 4405/1890/1 1351/1891/1 4406/1893/1
f 2502/1889/1 3656/1882/1 167/869/1
f 2502/1889/1 4404/1888/1 3656/1882/1
f 4404/1888/1 1352/1880/1 3656/1882/1
f 4403/1886/1 1607/62/1 455/3952/1
f 4403/1886/1 1606/1885/1 1607/62/1
f 1606/1885/1 17/60/1 1607/62/1
f 4401/1881/1 4403/1886/1 455/3952/1
f 4401/1881/1 4402/1883/1 4403/1886/1
f 4402/1883/1 454/1884/1 4403/1886/1
f 3656/1882/1 2759/3954/1 167/869/1
f 3656/1882/1 4401/1881/1 2759/3954/1
f 4401/1881/1 455/3952/1 2759/3954/1
f 4400/1879/1 1985/762/1 833/1894/1
f 4400/1879/1 2505/1872/1 1985/762/1
f 2505/1872/1 257/760/1 1985/762/1
f 4398/1877/1 4400/1879/1 833/1894/1
f 4398/1877/1 4399/1878/1 4400/1879/1
f 4399/1878/1 1353/1870/1 4400/1879/1
f 1695/1849/1 3137/1896/1 95/88/1
f 1695/1849/1 4398/1877/1 3137/1896/1
f 4398/1877/1 833/1894/1 3137/1896/1
f 4397/1876/1 2507/773/1 1355/1863/1
f 4397/1876/1 2506/1875/1 2507/773/1
f 2506/1875/1 256/771/1 2507/773/1
f 4395/1871/1 4397/1876/1 1355/1863/1
f 4395/1871/1 4396/1873/1 4397/1876/1
f 4396/1873/1 1354/1874/1 4397/1876/1
f 2505/1872/1 3659/1865/1 257/760/1
f 2505/1872/1 4395/1871/1 3659/1865/1
f 4395/1871/1 1355/1863/1 3659/1865/1
f 4394/1869/1 1697/101/1 545/3846/1
f 4394/1869/1 1696/1868/1 1697/101/1
f 1696/1868/1 94/99/1 1697/101/1
f 4392/1864/1 4394/1869/1 545/3846/1
f 4392/1864/1 4393/1866/1 4394/1869/1
f 4393/1866/1 544/1867/1 4394/1869/1
f 3659/1865/1 2849/3848/1 257/760/1
f 3659/1865/1 4392/1864/1 2849/3848/1
f 4392/1864/1 545/3846/1 2849/3848/1
f 4391/1862/1 1967/793/1 815/1803/1
f 4391/1862/1 2508/1853/1 1967/793/1
f 2508/1853/1 239/791/1 1967/793/1
f 4389/1859/1 4391/1862/1 815/1803/1
f 4389/1859/1 4390/1861/1 4391/1862/1
f 4390/1861/1 1356/1851/1 4391/1862/1
f 1605/1860/1 3119/1805/1 20/4232/1
f 1605/1860/1 4389/1859/1 3119/1805/1
f 4389/1859/1 815/1803/1 3119/1805/1
f 4388/1857/1 2510/776/1 1358/1844/1
f 4388/1857/1 2509/1856/1 2510/776/1
f 2509/1856/1 255/767/1 2510/776/1
f 4386/1852/1 4388/1857/1 1358/1844/1
f 4386/1852/1 4387/1854/1 4388/1857/1
f 4387/1854/1 1357/1855/1 4388/1857/1
f 2508/1853/1 3662/1846/1 239/791/1
f 2508/1853/1 4386/1852/1 3662/1846/1
f 4386/1852/1 1358/1844/1 3662/1846/1
f 4385/1850/1 1679/90/1 527/3877/1
f 4385/1850/1 1695/1849/1 1679/90/1
f 1695/1849/1 95/88/1 1679/90/1
f 4383/1845/1 4385/1850/1 527/3877/1
f 4383/1845/1 4384/1847/1 4385/1850/1
f 4384/1847/1 543/1848/1 4385/1850/1
f 3662/1846/1 2831/3879/1 239/791/1
f 3662/1846/1 4383/1845/1 2831/3879/1
f 4383/1845/1 527/3877/1 2831/3879/1
f 4382/1843/1 2792/4242/1 488/4243/1
f 4382/1843/1 2511/1834/1 2792/4242/1
f 2511/1834/1 200/4244/1 2792/4242/1
f 4380/1840/1 4382/1843/1 488/4243/1
f 4380/1840/1 4381/1842/1 4382/1843/1
f 4381/1842/1 1359/1832/1 4382/1843/1
f 3134/1841/1 1640/4245/1 56/4246/1
f 3134/1841/1 4380/1840/1 1640/4245/1
f 4380/1840/1 488/4243/1 1640/4245/1
f 4379/1838/1 2513/783/1 1361/1825/1
f 4379/1838/1 2512/1837/1 2513/783/1
f 2512/1837/1 107/781/1 2513/783/1
f 4377/1833/1 4379/1838/1 1361/1825/1
f 4377/1833/1 4378/1835/1 4379/1838/1
f 4378/1835/1 1360/1836/1 4379/1838/1
f 2511/1834/1 3665/1827/1 200/4244/1
f 2511/1834/1 4377/1833/1 3665/1827/1
f 4377/1833/1 1361/1825/1 3665/1827/1
f 4376/1831/1 3080/4247/1 776/4248/1
f 4376/1831/1 1547/1830/1 3080/4247/1
f 1547/1830/1 3/4249/1 3080/4247/1
f 4374/1826/1 4376/1831/1 776/4248/1
f 4374/1826/1 4375/1828/1 4376/1831/1
f 4375/1828/1 395/1829/1 4376/1831/1
f 3665/1827/1 1928/4250/1 200/4244/1
f 3665/1827/1 4374/1826/1 1928/4250/1
f 4374/1826/1 776/4248/1 1928/4250/1
f 4373/1824/1 1982/779/1 830/1839/1
f 4373/1824/1 2514/1817/1 1982/779/1
f 2514/1817/1 254/777/1 1982/779/1
f 4371/1822/1 4373/1824/1 830/1839/1
f 4371/1822/1 4372/1823/1 4373/1824/1
f 4372/1823/1 1362/1815/1 4373/1824/1
f 1692/1794/1 3134/1841/1 56/4246/1
f 1692/1794/1 4371/1822/1 3134/1841/1
f 4371/1822/1 830/1839/1 3134/1841/1
f 4370/1821/1 2516/790/1 1364/1808/1
f 4370/1821/1 2515/1820/1 2516/790/1
f 2515/1820/1 253/788/1 2516/790/1
f 4368/1816/1 4370/1821/1 1364/1808/1
f 4368/1816/1 4369/1818/1 4370/1821/1
f 4369/1818/1 1363/1819/1 4370/1821/1
f 2514/1817/1 3668/1810/1 254/777/1
f 2514/1817/1 4368/1816/1 3668/1810/1
f 4368/1816/1 1364/1808/1 3668/1810/1
f 4367/1814/1 1694/94/1 542/3863/1
f 4367/1814/1 1693/1813/1 1694/94/1
f 1693/1813/1 35/92/1 1694/94/1
f 4365/1809/1 4367/1814/1 542/3863/1
f 4365/1809/1 4366/1811/1 4367/1814/1
f 4366/1811/1 541/1812/1 4367/1814/1
f 3668/1810/1 2846/3865/1 254/777/1
f 3668/1810/1 4365/1809/1 2846/3865/1
f 4365/1809/1 542/3863/1 2846/3865/1
f 4364/1807/1 2720/4251/1 416/4252/1
f 4364/1807/1 2517/1798/1 2720/4251/1
f 2517/1798/1 128/4253/1 2720/4251/1
f 4362/1804/1 4364/1807/1 416/4252/1
f 4362/1804/1 4363/1806/1 4364/1807/1
f 4363/1806/1 1365/1796/1 4364/1807/1
f 3119/1805/1 1568/4254/1 20/4232/1
f 3119/1805/1 4362/1804/1 1568/4254/1
f 4362/1804/1 416/4252/1 1568/4254/1
f 4361/1802/1 2519/795/1 1367/1789/1
f 4361/1802/1 2518/1801/1 2519/795/1
f 2518/1801/1 252/784/1 2519/795/1
f 4359/1797/1 4361/1802/1 1367/1789/1
f 4359/1797/1 4360/1799/1 4361/1802/1
f 4360/1799/1 1366/1800/1 4361/1802/1
f 2517/1798/1 3671/1791/1 128/4253/1
f 2517/1798/1 4359/1797/1 3671/1791/1
f 4359/1797/1 1367/1789/1 3671/1791/1
f 4358/1795/1 3008/4255/1 704/4256/1
f 4358/1795/1 1692/1794/1 3008/4255/1
f 1692/1794/1 56/4246/1 3008/4255/1
f 4356/1790/1 4358/1795/1 704/4256/1
f 4356/1790/1 4357/1792/1 4358/1795/1
f 4357/1792/1 540/1793/1 4358/1795/1
f 3671/1791/1 1856/4257/1 128/4253/1
f 3671/1791/1 4356/1790/1 1856/4257/1
f 4356/1790/1 704/4256/1 1856/4257/1
f 4355/1788/1 1853/3381/1 701/3380/1
f 4355/1788/1 2520/1779/1 1853/3381/1
f 2520/1779/1 125/290/1 1853/3381/1
f 4353/1785/1 4355/1788/1 701/3380/1
f 4353/1785/1 4354/1787/1 4355/1788/1
f 4354/1787/1 1368/1777/1 4355/1788/1
f 3131/1786/1 3005/259/1 53/258/1
f 3131/1786/1 4353/1785/1 3005/259/1
f 4353/1785/1 701/3380/1 3005/259/1
f 4352/1783/1 2522/802/1 1370/1772/1
f 4352/1783/1 2521/1782/1 2522/802/1
f 2521/1782/1 168/800/1 2522/802/1
f 4350/1778/1 4352/1783/1 1370/1772/1
f 4350/1778/1 4351/1780/1 4352/1783/1
f 4351/1780/1 1369/1781/1 4352/1783/1
f 2520/1779/1 3674/1774/1 125/290/1
f 2520/1779/1 4350/1778/1 3674/1774/1
f 4350/1778/1 1370/1772/1 3674/1774/1
f 4349/1776/1 1565/3291/1 413/3290/1
f 4349/1776/1 1608/1698/1 1565/3291/1
f 1608/1698/1 17/60/1 1565/3291/1
f 4347/1773/1 4349/1776/1 413/3290/1
f 4347/1773/1 4348/1775/1 4349/1776/1
f 4348/1775/1 456/1696/1 4349/1776/1
f 3674/1774/1 2717/291/1 125/290/1
f 3674/1774/1 4347/1773/1 2717/291/1
f 4347/1773/1 413/3290/1 2717/291/1
f 4346/1771/1 1979/798/1 827/1784/1
f 4346/1771/1 2523/1764/1 1979/798/1
f 2523/1764/1 251/796/1 1979/798/1
f 4344/1769/1 4346/1771/1 827/1784/1
f 4344/1769/1 4345/1770/1 4346/1771/1
f 4345/1770/1 1371/1762/1 4346/1771/1
f 1689/1742/1 3131/1786/1 53/258/1
f 1689/1742/1 4344/1769/1 3131/1786/1
f 4344/1769/1 827/1784/1 3131/1786/1
f 4343/1768/1 2525/809/1 1373/1755/1
f 4343/1768/1 2524/1767/1 2525/809/1
f 2524/1767/1 250/807/1 2525/809/1
f 4341/1763/1 4343/1768/1 1373/1755/1
f 4341/1763/1 4342/1765/1 4343/1768/1
f 4342/1765/1 1372/1766/1 4343/1768/1
f 2523/1764/1 3677/1757/1 251/796/1
f 2523/1764/1 4341/1763/1 3677/1757/1
f 4341/1763/1 1373/1755/1 3677/1757/1
f 4340/1761/1 1691/87/1 539/3882/1
f 4340/1761/1 1690/1760/1 1691/87/1
f 1690/1760/1 96/76/1 1691/87/1
f 4338/1756/1 4340/1761/1 539/3882/1
f 4338/1756/1 4339/1758/1 4340/1761/1
f 4339/1758/1 538/1759/1 4340/1761/1
f 3677/1757/1 2843/3884/1 251/796/1
f 3677/1757/1 4338/1756/1 2843/3884/1
f 4338/1756/1 539/3882/1 2843/3884/1
f 4337/1754/1 1925/4120/1 773/4119/1
f 4337/1754/1 2526/1746/1 1925/4120/1
f 2526/1746/1 197/1038/1 1925/4120/1
f 4335/1752/1 4337/1754/1 773/4119/1
f 4335/1752/1 4336/1753/1 4337/1754/1
f 4336/1753/1 1374/1744/1 4337/1754/1
f 1539/8/1 3077/5/1 2/4/1
f 1539/8/1 4335/1752/1 3077/5/1
f 4335/1752/1 773/4119/1 3077/5/1
f 4334/1750/1 2528/814/1 1376/1737/1
f 4334/1750/1 2527/1749/1 2528/814/1
f 2527/1749/1 249/803/1 2528/814/1
f 4332/1745/1 4334/1750/1 1376/1737/1
f 4332/1745/1 4333/1747/1 4334/1750/1
f 4333/1747/1 1375/1748/1 4334/1750/1
f 2526/1746/1 3680/1739/1 197/1038/1
f 2526/1746/1 4332/1745/1 3680/1739/1
f 4332/1745/1 1376/1737/1 3680/1739/1
f 4331/1743/1 1637/1070/1 485/1069/1
f 4331/1743/1 1689/1742/1 1637/1070/1
f 1689/1742/1 53/258/1 1637/1070/1
f 4329/1738/1 4331/1743/1 485/1069/1
f 4329/1738/1 4330/1740/1 4331/1743/1
f 4330/1740/1 537/1741/1 4331/1743/1
f 3680/1739/1 2789/1039/1 197/1038/1
f 3680/1739/1 4329/1738/1 2789/1039/1
f 4329/1738/1 485/1069/1 2789/1039/1
f 4328/1736/1 1898/853/1 746/1622/1
f 4328/1736/1 2529/1727/1 1898/853/1
f 2529/1727/1 170/851/1 1898/853/1
f 4326/1733/1 4328/1736/1 746/1622/1
f 4326/1733/1 4327/1735/1 4328/1736/1
f 4327/1735/1 1377/1725/1 4328/1736/1
f 3128/1734/1 3050/1624/1 98/69/1
f 3128/1734/1 4326/1733/1 3050/1624/1
f 4326/1733/1 746/1622/1 3050/1624/1
f 4325/1731/1 2531/821/1 1379/1718/1
f 4325/1731/1 2530/1730/1 2531/821/1
f 2530/1730/1 169/819/1 2531/821/1
f 4323/1726/1 4325/1731/1 1379/1718/1
f 4323/1726/1 4324/1728/1 4325/1731/1
f 4324/1728/1 1378/1729/1 4325/1731/1
f 2529/1727/1 3683/1720/1 170/851/1
f 2529/1727/1 4323/1726/1 3683/1720/1
f 4323/1726/1 1379/1718/1 3683/1720/1
f 4322/1724/1 1610/68/1 458/3935/1
f 4322/1724/1 1609/1723/1 1610/68/1
f 1609/1723/1 10/66/1 1610/68/1
f 4320/1719/1 4322/1724/1 458/3935/1
f 4320/1719/1 4321/1721/1 4322/1724/1
f 4321/1721/1 457/1722/1 4322/1724/1
f 3683/1720/1 2762/3937/1 170/851/1
f 3683/1720/1 4320/1719/1 2762/3937/1
f 4320/1719/1 458/3935/1 2762/3937/1
f 4319/1717/1 1976/817/1 824/1732/1
f 4319/1717/1 2532/1710/1 1976/817/1
f 2532/1710/1 248/815/1 1976/817/1
f 4317/1715/1 4319/1717/1 824/1732/1
f 4317/1715/1 4318/1716/1 4319/1717/1
f 4318/1716/1 1380/1708/1 4319/1717/1
f 1686/1687/1 3128/1734/1 98/69/1
f 1686/1687/1 4317/1715/1 3128/1734/1
f 4317/1715/1 824/1732/1 3128/1734/1
f 4316/1714/1 2534/828/1 1382/1701/1
f 4316/1714/1 2533/1713/1 2534/828/1
f 2533/1713/1 247/826/1 2534/828/1
f 4314/1709/1 4316/1714/1 1382/1701/1
f 4314/1709/1 4315/1711/1 4316/1714/1
f 4315/1711/1 1381/1712/1 4316/1714/1
f 2532/1710/1 3686/1703/1 248/815/1
f 2532/1710/1 4314/1709/1 3686/1703/1
f 4314/1709/1 1382/1701/1 3686/1703/1
f 4313/1707/1 1688/82/1 536/3899/1
f 4313/1707/1 1687/1706/1 1688/82/1
f 1687/1706/1 97/80/1 1688/82/1
f 4311/1702/1 4313/1707/1 536/3899/1
f 4311/1702/1 4312/1704/1 4313/1707/1
f 4312/1704/1 535/1705/1 4313/1707/1
f 3686/1703/1 2840/3901/1 248/815/1
f 3686/1703/1 4311/1702/1 2840/3901/1
f 4311/1702/1 536/3899/1 2840/3901/1
f 4310/1700/1 1970/848/1 818/1641/1
f 4310/1700/1 2535/1691/1 1970/848/1
f 2535/1691/1 242/846/1 1970/848/1
f 4308/1697/1 4310/1700/1 818/1641/1
f 4308/1697/1 4309/1699/1 4310/1700/1
f 4309/1699/1 1383/1689/1 4310/1700/1
f 1608/1698/1 3122/1643/1 17/60/1
f 1608/1698/1 4308/1697/1 3122/1643/1
f 4308/1697/1 818/1641/1 3122/1643/1
f 4307/1695/1 2537/831/1 1385/1682/1
f 4307/1695/1 2536/1694/1 2537/831/1
f 2536/1694/1 246/822/1 2537/831/1
f 4305/1690/1 4307/1695/1 1385/1682/1
f 4305/1690/1 4306/1692/1 4307/1695/1
f 4306/1692/1 1384/1693/1 4307/1695/1
f 2535/1691/1 3689/1684/1 242/846/1
f 2535/1691/1 4305/1690/1 3689/1684/1
f 4305/1690/1 1385/1682/1 3689/1684/1
f 4304/1688/1 1682/71/1 530/3930/1
f 4304/1688/1 1686/1687/1 1682/71/1
f 1686/1687/1 98/69/1 1682/71/1
f 4302/1683/1 4304/1688/1 530/3930/1
f 4302/1683/1 4303/1685/1 4304/1688/1
f 4303/1685/1 534/1686/1 4304/1688/1
f 3689/1684/1 2834/3932/1 242/846/1
f 3689/1684/1 4302/1683/1 2834/3932/1
f 4302/1683/1 530/3930/1 2834/3932/1
f 4301/1681/1 1835/3868/1 683/3867/1
f 4301/1681/1 2538/1672/1 1835/3868/1
f 2538/1672/1 107/781/1 1835/3868/1
f 4299/1678/1 4301/1681/1 683/3867/1
f 4299/1678/1 4300/1680/1 4301/1681/1
f 4300/1680/1 1386/1670/1 4301/1681/1
f 3125/1679/1 2987/93/1 35/92/1
f 3125/1679/1 4299/1678/1 2987/93/1
f 4299/1678/1 683/3867/1 2987/93/1
f 4298/1676/1 2540/838/1 1388/1663/1
f 4298/1676/1 2539/1675/1 2540/838/1
f 2539/1675/1 100/836/1 2540/838/1
f 4296/1671/1 4298/1676/1 1388/1663/1
f 4296/1671/1 4297/1673/1 4298/1676/1
f 4297/1673/1 1387/1674/1 4298/1676/1
f 2538/1672/1 3692/1665/1 107/781/1
f 2538/1672/1 4296/1671/1 3692/1665/1
f 4296/1671/1 1388/1663/1 3692/1665/1
f 4295/1669/1 1547/1830/1 395/1829/1
f 4295/1669/1 1540/1668/1 1547/1830/1
f 1540/1668/1 3/4249/1 1547/1830/1
f 4293/1664/1 4295/1669/1 395/1829/1
f 4293/1664/1 4294/1666/1 4295/1669/1
f 4294/1666/1 388/1667/1 4295/1669/1
f 3692/1665/1 2699/782/1 107/781/1
f 3692/1665/1 4293/1664/1 2699/782/1
f 4293/1664/1 395/1829/1 2699/782/1
f 4292/1662/1 1973/834/1 821/1677/1
f 4292/1662/1 2541/1655/1 1973/834/1
f 2541/1655/1 245/832/1 1973/834/1
f 4290/1660/1 4292/1662/1 821/1677/1
f 4290/1660/1 4291/1661/1 4292/1662/1
f 4291/1661/1 1389/1653/1 4292/1662/1
f 1683/1632/1 3125/1679/1 35/92/1
f 1683/1632/1 4290/1660/1 3125/1679/1
f 4290/1660/1 821/1677/1 3125/1679/1
f 4289/1659/1 2543/845/1 1391/1646/1
f 4289/1659/1 2542/1658/1 2543/845/1
f 2542/1658/1 244/843/1 2543/845/1
f 4287/1654/1 4289/1659/1 1391/1646/1
f 4287/1654/1 4288/1656/1 4289/1659/1
f 4288/1656/1 1390/1657/1 4289/1659/1
f 2541/1655/1 3695/1648/1 245/832/1
f 2541/1655/1 4287/1654/1 3695/1648/1
f 4287/1654/1 1391/1646/1 3695/1648/1
f 4286/1652/1 1685/75/1 533/3916/1
f 4286/1652/1 1684/1651/1 1685/75/1
f 1684/1651/1 28/73/1 1685/75/1
f 4284/1647/1 4286/1652/1 533/3916/1
f 4284/1647/1 4285/1649/1 4286/1652/1
f 4285/1649/1 532/1650/1 4286/1652/1
f 3695/1648/1 2837/3918/1 245/832/1
f 3695/1648/1 4284/1647/1 2837/3918/1
f 4284/1647/1 533/3916/1 2837/3918/1
f 4283/1645/1 1907/3957/1 755/3956/1
f 4283/1645/1 2544/1636/1 1907/3957/1
f 2544/1636/1 179/873/1 1907/3957/1
f 4281/1642/1 4283/1645/1 755/3956/1
f 4281/1642/1 4282/1644/1 4283/1645/1
f 4282/1644/1 1392/1634/1 4283/1645/1
f 3122/1643/1 3059/61/1 17/60/1
f 3122/1643/1 4281/1642/1 3059/61/1
f 4281/1642/1 755/3956/1 3059/61/1
f 4280/1640/1 2546/850/1 1394/1627/1
f 4280/1640/1 2545/1639/1 2546/850/1
f 2545/1639/1 243/839/1 2546/850/1
f 4278/1635/1 4280/1640/1 1394/1627/1
f 4278/1635/1 4279/1637/1 4280/1640/1
f 4279/1637/1 1393/1638/1 4280/1640/1
f 2544/1636/1 3698/1629/1 179/873/1
f 2544/1636/1 4278/1635/1 3698/1629/1
f 4278/1635/1 1394/1627/1 3698/1629/1
f 4277/1633/1 1619/1559/1 467/1558/1
f 4277/1633/1 1683/1632/1 1619/1559/1
f 1683/1632/1 35/92/1 1619/1559/1
f 4275/1628/1 4277/1633/1 467/1558/1
f 4275/1628/1 4276/1630/1 4277/1633/1
f 4276/1630/1 531/1631/1 4277/1633/1
f 3698/1629/1 2771/874/1 179/873/1
f 3698/1629/1 4275/1628/1 2771/874/1
f 4275/1628/1 467/1558/1 2771/874/1
f 4274/1626/1 1972/3928/1 820/3927/1
f 4274/1626/1 2547/1617/1 1972/3928/1
f 2547/1617/1 244/843/1 1972/3928/1
f 4272/1623/1 4274/1626/1 820/3927/1
f 4272/1623/1 4273/1625/1 4274/1626/1
f 4273/1625/1 1395/1615/1 4274/1626/1
f 3050/1624/1 3124/72/1 98/69/1
f 3050/1624/1 4272/1623/1 3124/72/1
f 4272/1623/1 820/3927/1 3124/72/1
f 4271/1621/1 2549/857/1 1397/1608/1
f 4271/1621/1 2548/1620/1 2549/857/1
f 2548/1620/1 172/855/1 2549/857/1
f 4269/1616/1 4271/1621/1 1397/1608/1
f 4269/1616/1 4270/1618/1 4271/1621/1
f 4270/1618/1 1396/1619/1 4271/1621/1
f 2547/1617/1 3701/1610/1 244/843/1
f 2547/1617/1 4269/1616/1 3701/1610/1
f 4269/1616/1 1397/1608/1 3701/1610/1
f 4268/1614/1 1684/1651/1 532/1650/1
f 4268/1614/1 1612/1613/1 1684/1651/1
f 1612/1613/1 28/73/1 1684/1651/1
f 4266/1609/1 4268/1614/1 532/1650/1
f 4266/1609/1 4267/1611/1 4268/1614/1
f 4267/1611/1 460/1612/1 4268/1614/1
f 3701/1610/1 2836/844/1 244/843/1
f 3701/1610/1 4266/1609/1 2836/844/1
f 4266/1609/1 532/1650/1 2836/844/1
f 4265/1607/1 1975/3911/1 823/3910/1
f 4265/1607/1 2550/1600/1 1975/3911/1
f 2550/1600/1 247/826/1 1975/3911/1
f 4263/1605/1 4265/1607/1 823/3910/1
f 4263/1605/1 4264/1606/1 4265/1607/1
f 4264/1606/1 1398/1598/1 4265/1607/1
f 1680/1578/1 3127/79/1 96/76/1
f 1680/1578/1 4263/1605/1 3127/79/1
f 4263/1605/1 823/3910/1 3127/79/1
f 4262/1604/1 2552/864/1 1400/1591/1
f 4262/1604/1 2551/1603/1 2552/864/1
f 2551/1603/1 241/862/1 2552/864/1
f 4260/1599/1 4262/1604/1 1400/1591/1
f 4260/1599/1 4261/1601/1 4262/1604/1
f 4261/1601/1 1399/1602/1 4262/1604/1
f 2550/1600/1 3704/1593/1 247/826/1
f 2550/1600/1 4260/1599/1 3704/1593/1
f 4260/1599/1 1400/1591/1 3704/1593/1
f 4259/1597/1 1687/1706/1 535/1705/1
f 4259/1597/1 1681/1596/1 1687/1706/1
f 1681/1596/1 97/80/1 1687/1706/1
f 4257/1592/1 4259/1597/1 535/1705/1
f 4257/1592/1 4258/1594/1 4259/1597/1
f 4258/1594/1 529/1595/1 4259/1597/1
f 3704/1593/1 2839/827/1 247/826/1
f 3704/1593/1 4257/1592/1 2839/827/1
f 4257/1592/1 535/1705/1 2839/827/1
f 4256/1590/1 1978/3894/1 826/3893/1
f 4256/1590/1 2553/1582/1 1978/3894/1
f 2553/1582/1 250/807/1 1978/3894/1
f 4254/1588/1 4256/1590/1 826/3893/1
f 4254/1588/1 4255/1589/1 4256/1590/1
f 4255/1589/1 1401/1580/1 4256/1590/1
f 1611/225/1 3130/86/1 27/83/1
f 1611/225/1 4254/1588/1 3130/86/1
f 4254/1588/1 826/3893/1 3130/86/1
f 4253/1586/1 2555/868/1 1403/1573/1
f 4253/1586/1 2554/1585/1 2555/868/1
f 2554/1585/1 240/858/1 2555/868/1
f 4251/1581/1 4253/1586/1 1403/1573/1
f 4251/1581/1 4252/1583/1 4253/1586/1
f 4252/1583/1 1402/1584/1 4253/1586/1
f 2553/1582/1 3707/1575/1 250/807/1
f 2553/1582/1 4251/1581/1 3707/1575/1
f 4251/1581/1 1403/1573/1 3707/1575/1
f 4250/1579/1 1690/1760/1 538/1759/1
f 4250/1579/1 1680/1578/1 1690/1760/1
f 1680/1578/1 96/76/1 1690/1760/1
f 4248/1574/1 4250/1579/1 538/1759/1
f 4248/1574/1 4249/1576/1 4250/1579/1
f 4249/1576/1 528/1577/1 4250/1579/1
f 3707/1575/1 2842/808/1 250/807/1
f 3707/1575/1 4248/1574/1 2842/808/1
f 4248/1574/1 538/1759/1 2842/808/1
f 4247/1572/1 1981/3875/1 829/3874/1
f 4247/1572/1 2556/1563/1 1981/3875/1
f 2556/1563/1 253/788/1 1981/3875/1
f 4245/1569/1 4247/1572/1 829/3874/1
f 4245/1569/1 4246/1571/1 4247/1572/1
f 4246/1571/1 1404/1561/1 4247/1572/1
f 3047/1570/1 3133/91/1 95/88/1
f 3047/1570/1 4245/1569/1 3133/91/1
f 4245/1569/1 829/3874/1 3133/91/1
f 4244/1567/1 2558/875/1 1406/1554/1
f 4244/1567/1 2557/1566/1 2558/875/1
f 2557/1566/1 179/873/1 2558/875/1
f 4242/1562/1 4244/1567/1 1406/1554/1
f 4242/1562/1 4243/1564/1 4244/1567/1
f 4243/1564/1 1405/1565/1 4244/1567/1
f 2556/1563/1 3710/1556/1 253/788/1
f 2556/1563/1 4242/1562/1 3710/1556/1
f 4242/1562/1 1406/1554/1 3710/1556/1
f 4241/1560/1 1693/1813/1 541/1812/1
f 4241/1560/1 1619/1559/1 1693/1813/1
f 1619/1559/1 35/92/1 1693/1813/1
f 4239/1555/1 4241/1560/1 541/1812/1
f 4239/1555/1 4240/1557/1 4241/1560/1
f 4240/1557/1 467/1558/1 4241/1560/1
f 3710/1556/1 2845/789/1 253/788/1
f 3710/1556/1 4239/1555/1 2845/789/1
f 4239/1555/1 541/1812/1 2845/789/1
f 4238/1553/1 1984/3858/1 832/3857/1
f 4238/1553/1 2559/1546/1 1984/3858/1
f 2559/1546/1 256/771/1 1984/3858/1
f 4236/1551/1 4238/1553/1 832/3857/1
f 4236/1551/1 4237/1552/1 4238/1553/1
f 4237/1552/1 1407/1544/1 4238/1553/1
f 1677/1523/1 3136/98/1 93/95/1
f 1677/1523/1 4236/1551/1 3136/98/1
f 4236/1551/1 832/3857/1 3136/98/1
f 4235/1550/1 2561/882/1 1409/1537/1
f 4235/1550/1 2560/1549/1 2561/882/1
f 2560/1549/1 238/880/1 2561/882/1
f 4233/1545/1 4235/1550/1 1409/1537/1
f 4233/1545/1 4234/1547/1 4235/1550/1
f 4234/1547/1 1408/1548/1 4235/1550/1
f 2559/1546/1 3713/1539/1 256/771/1
f 2559/1546/1 4233/1545/1 3713/1539/1
f 4233/1545/1 1409/1537/1 3713/1539/1
f 4232/1543/1 1696/1868/1 544/1867/1
f 4232/1543/1 1678/1542/1 1696/1868/1
f 1678/1542/1 94/99/1 1696/1868/1
f 4230/1538/1 4232/1543/1 544/1867/1
f 4230/1538/1 4231/1540/1 4232/1543/1
f 4231/1540/1 526/1541/1 4232/1543/1
f 3713/1539/1 2848/772/1 256/771/1
f 3713/1539/1 4230/1538/1 2848/772/1
f 4230/1538/1 544/1867/1 2848/772/1
f 4229/1536/1 1987/3839/1 835/3838/1
f 4229/1536/1 2562/1527/1 1987/3839/1
f 2562/1527/1 259/752/1 1987/3839/1
f 4227/1533/1 4229/1536/1 835/3838/1
f 4227/1533/1 4228/1535/1 4229/1536/1
f 4228/1535/1 1410/1525/1 4229/1536/1
f 1613/1534/1 3139/105/1 29/102/1
f 1613/1534/1 4227/1533/1 3139/105/1
f 4227/1533/1 835/3838/1 3139/105/1
f 4226/1531/1 2564/887/1 1412/1518/1
f 4226/1531/1 2563/1530/1 2564/887/1
f 2563/1530/1 237/876/1 2564/887/1
f 4224/1526/1 4226/1531/1 1412/1518/1
f 4224/1526/1 4225/1528/1 4226/1531/1
f 4225/1528/1 1411/1529/1 4226/1531/1
f 2562/1527/1 3716/1520/1 259/752/1
f 2562/1527/1 4224/1526/1 3716/1520/1
f 4224/1526/1 1412/1518/1 3716/1520/1
f 4223/1524/1 1699/1923/1 547/1922/1
f 4223/1524/1 1677/1523/1 1699/1923/1
f 1677/1523/1 93/95/1 1699/1923/1
f 4221/1519/1 4223/1524/1 547/1922/1
f 4221/1519/1 4222/1521/1 4223/1524/1
f 4222/1521/1 525/1522/1 4223/1524/1
f 3716/1520/1 2851/753/1 259/752/1
f 3716/1520/1 4221/1519/1 2851/753/1
f 4221/1519/1 547/1922/1 2851/753/1
f 4220/1517/2 1990/3820/2 838/3819/2
f 4220/1517/2 2565/1508/2 1990/3820/2
f 2565/1508/2 262/733/2 1990/3820/2
f 4218/1514/2 4220/1517/2 838/3819/2
f 4218/1514/2 4219/1516/2 4220/1517/2
f 4219/1516/2 1413/1506/2 4220/1517/2
f 3044/1515/2 3142/110/2 92/107/2
f 3044/1515/2 4218/1514/2 3142/110/2
f 4218/1514/2 838/3819/2 3142/110/2
f 4217/1512/2 2567/894/2 1415/1501/2
f 4217/1512/2 2566/1511/2 2567/894/2
f 2566/1511/2 120/892/2 2567/894/2
f 4215/1507/2 4217/1512/2 1415/1501/2
f 4215/1507/2 4216/1509/2 4217/1512/2
f 4216/1509/2 1414/1510/2 4217/1512/2
f 2565/1508/2 3719/1503/2 262/733/2
f 2565/1508/2 4215/1507/2 3719/1503/2
f 4215/1507/2 1415/1501/2 3719/1503/2
f 4214/1505/2 1702/1976/2 550/1975/2
f 4214/1505/2 3000/1398/2 1702/1976/2
f 3000/1398/2 48/111/2 1702/1976/2
f 4212/1502/2 4214/1505/2 550/1975/2
f 4212/1502/2 4213/1504/2 4214/1505/2
f 4213/1504/2 696/1397/2 4214/1505/2
f 3719/1503/2 2854/734/2 262/733/2
f 3719/1503/2 4212/1502/2 2854/734/2
f 4212/1502/2 550/1975/2 2854/734/2
f 4211/1500/2 1993/3805/2 841/3804/2
f 4211/1500/2 2568/1493/2 1993/3805/2
f 2568/1493/2 265/718/2 1993/3805/2
f 4209/1498/2 4211/1500/2 841/3804/2
f 4209/1498/2 4210/1499/2 4211/1500/2
f 4210/1499/2 1416/1491/2 4211/1500/2
f 1674/1472/2 3145/117/2 90/114/2
f 1674/1472/2 4209/1498/2 3145/117/2
f 4209/1498/2 841/3804/2 3145/117/2
f 4208/1497/2 2570/901/2 1418/1484/2
f 4208/1497/2 2569/1496/2 2570/901/2
f 2569/1496/2 235/899/2 2570/901/2
f 4206/1492/2 4208/1497/2 1418/1484/2
f 4206/1492/2 4207/1494/2 4208/1497/2
f 4207/1494/2 1417/1495/2 4208/1497/2
f 2568/1493/2 3722/1486/2 265/718/2
f 2568/1493/2 4206/1492/2 3722/1486/2
f 4206/1492/2 1418/1484/2 3722/1486/2
f 4205/1490/2 1705/2031/2 553/2030/2
f 4205/1490/2 1675/1489/2 1705/2031/2
f 1675/1489/2 91/118/2 1705/2031/2
f 4203/1485/2 4205/1490/2 553/2030/2
f 4203/1485/2 4204/1487/2 4205/1490/2
f 4204/1487/2 523/1488/2 4205/1490/2
f 3722/1486/2 2857/719/2 265/718/2
f 3722/1486/2 4203/1485/2 2857/719/2
f 4203/1485/2 553/2030/2 2857/719/2
f 4202/1483/2 1996/3788/2 844/3787/2
f 4202/1483/2 2571/1476/2 1996/3788/2
f 2571/1476/2 268/701/2 1996/3788/2
f 4200/1481/2 4202/1483/2 844/3787/2
f 4200/1481/2 4201/1482/3 4202/1483/2
f 4201/1482/3 1419/1474/2 4202/1483/2
f 1615/262/3 3148/124/2 31/121/3
f 1615/262/3 4200/1481/2 3148/124/2
f 4200/1481/2 844/3787/2 3148/124/2
f 4199/1480/2 2573/905/2 1421/1467/2
f 4199/1480/2 2572/1479/2 2573/905/2
f 2572/1479/2 234/895/2 2573/905/2
f 4197/1475/2 4199/1480/2 1421/1467/2
f 4197/1475/2 4198/1477/2 4199/1480/2
f 4198/1477/2 1420/1478/2 4199/1480/2
f 2571/1476/2 3725/1469/2 268/701/2
f 2571/1476/2 4197/1475/2 3725/1469/2
f 4197/1475/2 1421/1467/2 3725/1469/2
f 4196/1473/2 1708/2085/2 556/2084/2
f 4196/1473/2 1674/1472/2 1708/2085/2
f 1674/1472/2 90/114/2 1708/2085/2
f 4194/1468/2 4196/1473/2 556/2084/2
f 4194/1468/2 4195/1470/2 4196/1473/2
f 4195/1470/2 522/1471/2 4196/1473/2
f 3725/1469/2 2860/702/2 268/701/2
f 3725/1469/2 4194/1468/2 2860/702/2
f 4194/1468/2 556/2084/2 2860/702/2
f 4193/1466/2 1999/3769/3 847/3768/2
f 4193/1466/2 2574/1457/3 1999/3769/3
f 2574/1457/3 271/682/2 1999/3769/3
f 4191/1463/2 4193/1466/2 847/3768/2
f 4191/1463/2 4192/1465/2 4193/1466/2
f 4192/1465/2 1422/1455/2 4193/1466/2
f 3041/1464/2 3151/129/2 89/126/2
f 3041/1464/2 4191/1463/2 3151/129/2
f 4191/1463/2 847/3768/2 3151/129/2
f 4190/1461/3 2576/912/2 1424/1448/2
f 4190/1461/3 2575/1460/3 2576/912/2
f 2575/1460/3 127/910/2 2576/912/2
f 4188/1456/3 4190/1461/3 1424/1448/2
f 4188/1456/3 4189/1458/2 4190/1461/3
f 4189/1458/2 1423/1459/2 4190/1461/3
f 2574/1457/3 3728/1450/2 271/682/2
f 2574/1457/3 4188/1456/3 3728/1450/2
f 4188/1456/3 1424/1448/2 3728/1450/2
f 4187/1454/3 1711/2138/2 559/2137/3
f 4187/1454/3 3007/1453/2 1711/2138/2
f 3007/1453/2 55/130/2 1711/2138/2
f 4185/1449/2 4187/1454/3 559/2137/3
f 4185/1449/2 4186/1451/2 4187/1454/3
f 4186/1451/2 703/1452/2 4187/1454/3
f 3728/1450/2 2863/683/2 271/682/2
f 3728/1450/2 4185/1449/2 2863/683/2
f 4185/1449/2 559/2137/3 2863/683/2
f 4184/1447/2 2002/3752/2 850/3751/2
f 4184/1447/2 2577/1440/2 2002/3752/2
f 2577/1440/2 274/665/2 2002/3752/2
f 4182/1445/2 4184/1447/2 850/3751/2
f 4182/1445/2 4183/1446/2 4184/1447/2
f 4183/1446/2 1425/1438/2 4184/1447/2
f 1671/1417/2 3154/136/2 87/133/2
f 1671/1417/2 4182/1445/2 3154/136/2
f 4182/1445/2 850/3751/2 3154/136/2
f 4181/1444/2 2579/919/2 1427/1431/2
f 4181/1444/2 2578/1443/2 2579/919/2
f 2578/1443/2 232/917/2 2579/919/2
f 4179/1439/2 4181/1444/2 1427/1431/2
f 4179/1439/2 4180/1441/2 4181/1444/2
f 4180/1441/2 1426/1442/2 4181/1444/2
f 2577/1440/2 3731/1433/2 274/665/2
f 2577/1440/2 4179/1439/2 3731/1433/2
f 4179/1439/2 1427/1431/2 3731/1433/2
f 4178/1437/2 1714/2193/2 562/2192/2
f 4178/1437/2 1672/1436/2 1714/2193/2
f 1672/1436/2 88/137/2 1714/2193/2
f 4176/1432/2 4178/1437/2 562/2192/2
f 4176/1432/2 4177/1434/2 4178/1437/2
f 4177/1434/2 520/1435/2 4178/1437/2
f 3731/1433/2 2866/666/2 274/665/2
f 3731/1433/2 4176/1432/2 2866/666/2
f 4176/1432/2 562/2192/2 2866/666/2
f 4175/1430/2 2005/3733/2 853/3732/2
f 4175/1430/2 2580/1421/2 2005/3733/2
f 2580/1421/2 277/646/2 2005/3733/2
f 4173/1427/2 4175/1430/2 853/3732/2
f 4173/1427/2 4174/1429/2 4175/1430/2
f 4174/1429/2 1428/1419/2 4175/1430/2
f 3009/1428/2 3157/143/2 57/140/2
f 3009/1428/2 4173/1427/2 3157/143/2
f 4173/1427/2 853/3732/2 3157/143/2
f 4172/1425/2 2582/924/2 1430/1412/2
f 4172/1425/2 2581/1424/2 2582/924/2
f 2581/1424/2 231/913/2 2582/924/2
f 4170/1420/2 4172/1425/2 1430/1412/2
f 4170/1420/2 4171/1422/2 4172/1425/2
f 4171/1422/2 1429/1423/2 4172/1425/2
f 2580/1421/2 3734/1414/2 277/646/2
f 2580/1421/2 4170/1420/2 3734/1414/2
f 4170/1420/2 1430/1412/2 3734/1414/2
f 4169/1418/2 1717/2248/2 565/2247/2
f 4169/1418/2 1671/1417/2 1717/2248/2
f 1671/1417/2 87/133/2 1717/2248/2
f 4167/1413/2 4169/1418/2 565/2247/2
f 4167/1413/2 4168/1415/2 4169/1418/2
f 4168/1415/2 519/1416/2 4169/1418/2
f 3734/1414/2 2869/647/2 277/646/2
f 3734/1414/2 4167/1413/2 2869/647/2
f 4167/1413/2 565/2247/2 2869/647/2
f 4166/1411/4 2008/3714/4 856/3713/4
f 4166/1411/4 2583/1402/4 2008/3714/4
f 2583/1402/4 280/627/4 2008/3714/4
f 4164/1408/4 4166/1411/4 856/3713/4
f 4164/1408/4 4165/1410/4 4166/1411/4
f 4165/1410/4 1431/1400/4 4166/1411/4
f 3038/1409/4 3160/148/4 86/145/4
f 3038/1409/4 4164/1408/4 3160/148/4
f 4164/1408/4 856/3713/4 3160/148/4
f 4163/1406/4 2585/929/4 1433/1393/4
f 4163/1406/4 2584/1405/4 2585/929/4
f 2584/1405/4 132/892/4 2585/929/4
f 4161/1401/4 4163/1406/4 1433/1393/4
f 4161/1401/4 4162/1403/4 4163/1406/4
f 4162/1403/4 1432/1404/4 4163/1406/4
f 2583/1402/4 3737/1395/4 280/627/4
f 2583/1402/4 4161/1401/4 3737/1395/4
f 4161/1401/4 1433/1393/4 3737/1395/4
f 4160/1399/4 1720/2301/4 568/2300/4
f 4160/1399/4 3012/1398/4 1720/2301/4
f 3012/1398/4 60/111/4 1720/2301/4
f 4158/1394/4 4160/1399/4 568/2300/4
f 4158/1394/4 4159/1396/4 4160/1399/4
f 4159/1396/4 708/1397/4 4160/1399/4
f 3737/1395/4 2872/628/4 280/627/4
f 3737/1395/4 4158/1394/4 2872/628/4
f 4158/1394/4 568/2300/4 2872/628/4
f 4157/1392/4 2011/3697/4 859/3696/4
f 4157/1392/4 2586/1385/4 2011/3697/4
f 2586/1385/4 283/610/4 2011/3697/4
f 4155/1390/4 4157/1392/4 859/3696/4
f 4155/1390/4 4156/1391/4 4157/1392/4
f 4156/1391/4 1434/1383/4 4157/1392/4
f 1668/1362/4 3163/153/4 84/150/4
f 1668/1362/4 4155/1390/4 3163/153/4
f 4155/1390/4 859/3696/4 3163/153/4
f 4154/1389/4 2588/936/4 1436/1376/4
f 4154/1389/4 2587/1388/4 2588/936/4
f 2587/1388/4 229/934/4 2588/936/4
f 4152/1384/4 4154/1389/4 1436/1376/4
f 4152/1384/4 4153/1386/4 4154/1389/4
f 4153/1386/4 1435/1387/4 4154/1389/4
f 2586/1385/4 3740/1378/4 283/610/4
f 2586/1385/4 4152/1384/4 3740/1378/4
f 4152/1384/4 1436/1376/4 3740/1378/4
f 4151/1382/4 1723/2354/4 571/2353/4
f 4151/1382/4 1669/1381/4 1723/2354/4
f 1669/1381/4 85/154/4 1723/2354/4
f 4149/1377/4 4151/1382/4 571/2353/4
f 4149/1377/4 4150/1379/4 4151/1382/4
f 4150/1379/4 517/1380/4 4151/1382/4
f 3740/1378/4 2875/611/4 283/610/4
f 3740/1378/4 4149/1377/4 2875/611/4
f 4149/1377/4 571/2353/4 2875/611/4
f 4148/1375/4 2014/3678/4 862/3677/4
f 4148/1375/4 2589/1366/4 2014/3678/4
f 2589/1366/4 286/591/4 2014/3678/4
f 4146/1372/4 4148/1375/4 862/3677/4
f 4146/1372/4 4147/1374/4 4148/1375/4
f 4147/1374/4 1437/1364/4 4148/1375/4
f 3002/1373/4 3166/160/4 50/157/4
f 3002/1373/4 4146/1372/4 3166/160/4
f 4146/1372/4 862/3677/4 3166/160/4
f 4145/1370/4 2591/941/4 1439/1357/4
f 4145/1370/4 2590/1369/4 2591/941/4
f 2590/1369/4 228/930/4 2591/941/4
f 4143/1365/4 4145/1370/4 1439/1357/4
f 4143/1365/4 4144/1367/4 4145/1370/4
f 4144/1367/4 1438/1368/4 4145/1370/4
f 2589/1366/4 3743/1359/4 286/591/4
f 2589/1366/4 4143/1365/4 3743/1359/4
f 4143/1365/4 1439/1357/4 3743/1359/4
f 4142/1363/4 1726/2409/4 574/2408/4
f 4142/1363/4 1668/1362/4 1726/2409/4
f 1668/1362/4 84/150/4 1726/2409/4
f 4140/1358/4 4142/1363/4 574/2408/4
f 4140/1358/4 4141/1360/4 4142/1363/4
f 4141/1360/4 516/1361/4 4142/1363/4
f 3743/1359/4 2878/592/4 286/591/4
f 3743/1359/4 4140/1358/4 2878/592/4
f 4140/1358/4 574/2408/4 2878/592/4
f 4139/1356/4 2017/3659/4 865/3658/4
f 4139/1356/4 2592/1347/4 2017/3659/4
f 2592/1347/4 289/572/4 2017/3659/4
f 4137/1353/4 4139/1356/4 865/3658/4
f 4137/1353/4 4138/1355/4 4139/1356/4
f 4138/1355/4 1440/1345/4 4139/1356/4
f 3035/1354/4 3169/165/4 83/162/4
f 3035/1354/4 4137/1353/4 3169/165/4
f 4137/1353/4 865/3658/4 3169/165/4
f 4136/1351/4 2594/948/4 1442/1338/4
f 4136/1351/4 2593/1350/4 2594/948/4
f 2593/1350/4 130/946/4 2594/948/4
f 4134/1346/4 4136/1351/4 1442/1338/4
f 4134/1346/4 4135/1348/4 4136/1351/4
f 4135/1348/4 1441/1349/4 4136/1351/4
f 2592/1347/4 3746/1340/4 289/572/4
f 2592/1347/4 4134/1346/4 3746/1340/4
f 4134/1346/4 1442/1338/4 3746/1340/4
f 4133/1344/4 1729/2462/4 577/2461/4
f 4133/1344/4 3010/1343/4 1729/2462/4
f 3010/1343/4 58/166/4 1729/2462/4
f 4131/1339/4 4133/1344/4 577/2461/4
f 4131/1339/4 4132/1341/4 4133/1344/4
f 4132/1341/4 706/1342/4 4133/1344/4
f 3746/1340/4 2881/573/4 289/572/4
f 3746/1340/4 4131/1339/4 2881/573/4
f 4131/1339/4 577/2461/4 2881/573/4
f 4130/1337/4 2020/3642/4 868/3641/4
f 4130/1337/4 2595/1330/4 2020/3642/4
f 2595/1330/4 292/555/4 2020/3642/4
f 4128/1335/4 4130/1337/4 868/3641/4
f 4128/1335/4 4129/1336/4 4130/1337/4
f 4129/1336/4 1443/1328/4 4130/1337/4
f 1665/1307/4 3172/172/4 81/169/4
f 1665/1307/4 4128/1335/4 3172/172/4
f 4128/1335/4 868/3641/4 3172/172/4
f 4127/1334/4 2597/955/4 1445/1321/4
f 4127/1334/4 2596/1333/4 2597/955/4
f 2596/1333/4 226/953/4 2597/955/4
f 4125/1329/4 4127/1334/4 1445/1321/4
f 4125/1329/4 4126/1331/4 4127/1334/4
f 4126/1331/4 1444/1332/4 4127/1334/4
f 2595/1330/4 3749/1323/4 292/555/4
f 2595/1330/4 4125/1329/4 3749/1323/4
f 4125/1329/4 1445/1321/4 3749/1323/4
f 4124/1327/4 1732/2517/4 580/2516/4
f 4124/1327/4 1666/1326/4 1732/2517/4
f 1666/1326/4 82/173/4 1732/2517/4
f 4122/1322/4 4124/1327/4 580/2516/4
f 4122/1322/4 4123/1324/4 4124/1327/4
f 4123/1324/4 514/1325/4 4124/1327/4
f 3749/1323/4 2884/556/4 292/555/4
f 3749/1323/4 4122/1322/4 2884/556/4
f 4122/1322/4 580/2516/4 2884/556/4
f 4121/1320/4 2023/3623/4 871/3622/4
f 4121/1320/4 2598/1311/4 2023/3623/4
f 2598/1311/4 295/536/4 2023/3623/4
f 4119/1317/4 4121/1320/4 871/3622/4
f 4119/1317/4 4120/1319/4 4121/1320/4
f 4120/1319/4 1446/1309/4 4121/1320/4
f 3000/1318/4 3175/179/4 48/176/4
f 3000/1318/4 4119/1317/4 3175/179/4
f 4119/1317/4 871/3622/4 3175/179/4
f 4118/1315/4 2600/960/4 1448/1302/4
f 4118/1315/4 2599/1314/4 2600/960/4
f 2599/1314/4 225/949/4 2600/960/4
f 4116/1310/4 4118/1315/4 1448/1302/4
f 4116/1310/4 4117/1312/4 4118/1315/4
f 4117/1312/4 1447/1313/4 4118/1315/4
f 2598/1311/4 3752/1304/4 295/536/4
f 2598/1311/4 4116/1310/4 3752/1304/4
f 4116/1310/4 1448/1302/4 3752/1304/4
f 4115/1308/4 1735/2572/4 583/2571/4
f 4115/1308/4 1665/1307/4 1735/2572/4
f 1665/1307/4 81/169/4 1735/2572/4
f 4113/1303/4 4115/1308/4 583/2571/4
f 4113/1303/4 4114/1305/4 4115/1308/4
f 4114/1305/4 513/1306/4 4115/1308/4
f 3752/1304/4 2887/537/4 295/536/4
f 3752/1304/4 4113/1303/4 2887/537/4
f 4113/1303/4 583/2571/4 2887/537/4
f 4112/1517/5 2026/3820/5 874/3819/5
f 4112/1517/5 2601/1508/5 2026/3820/5
f 2601/1508/5 298/733/5 2026/3820/5
f 4110/1514/5 4112/1517/5 874/3819/5
f 4110/1514/5 4111/1516/5 4112/1517/5
f 4111/1516/5 1449/1506/5 4112/1517/5
f 3032/1515/5 3178/110/5 80/107/5
f 3032/1515/5 4110/1514/5 3178/110/5
f 4110/1514/5 874/3819/5 3178/110/5
f 4109/1512/5 2603/894/5 1451/1501/5
f 4109/1512/5 2602/1511/5 2603/894/5
f 2602/1511/5 134/892/5 2603/894/5
f 4107/1507/5 4109/1512/5 1451/1501/5
f 4107/1507/5 4108/1509/5 4109/1512/5
f 4108/1509/5 1450/1510/5 4109/1512/5
f 2601/1508/5 3755/1503/5 298/733/5
f 2601/1508/5 4107/1507/5 3755/1503/5
f 4107/1507/5 1451/1501/5 3755/1503/5
f 4106/1505/5 1738/1976/5 586/1975/5
f 4106/1505/5 3014/1398/5 1738/1976/5
f 3014/1398/5 62/111/5 1738/1976/5
f 4104/1502/5 4106/1505/5 586/1975/5
f 4104/1502/5 4105/1504/5 4106/1505/5
f 4105/1504/5 710/1397/5 4106/1505/5
f 3755/1503/5 2890/734/5 298/733/5
f 3755/1503/5 4104/1502/5 2890/734/5
f 4104/1502/5 586/1975/5 2890/734/5
f 4103/1500/5 2029/3805/5 877/3804/5
f 4103/1500/5 2604/1493/5 2029/3805/5
f 2604/1493/5 301/718/5 2029/3805/5
f 4101/1498/7 4103/1500/5 877/3804/5
f 4101/1498/7 4102/1499/7 4103/1500/5
f 4102/1499/7 1452/1491/5 4103/1500/5
f 1662/1472/5 3181/117/5 78/114/5
f 1662/1472/5 4101/1498/7 3181/117/5
f 4101/1498/7 877/3804/5 3181/117/5
f 4100/1497/5 2606/901/5 1454/1484/5
f 4100/1497/5 2605/1496/5 2606/901/5
f 2605/1496/5 223/899/5 2606/901/5
f 4098/1492/5 4100/1497/5 1454/1484/5
f 4098/1492/5 4099/1494/5 4100/1497/5
f 4099/1494/5 1453/1495/5 4100/1497/5
f 2604/1493/5 3758/1486/5 301/718/5
f 2604/1493/5 4098/1492/5 3758/1486/5
f 4098/1492/5 1454/1484/5 3758/1486/5
f 4097/1490/5 1741/2031/5 589/2030/5
f 4097/1490/5 1663/1489/5 1741/2031/5
f 1663/1489/5 79/118/5 1741/2031/5
f 4095/1485/5 4097/1490/5 589/2030/5
f 4095/1485/5 4096/1487/5 4097/1490/5
f 4096/1487/5 511/1488/5 4097/1490/5
f 3758/1486/5 2893/719/5 301/718/5
f 3758/1486/5 4095/1485/5 2893/719/5
f 4095/1485/5 589/2030/5 2893/719/5
f 4094/1483/5 2032/3788/5 880/3787/5
f 4094/1483/5 2607/1476/5 2032/3788/5
f 2607/1476/5 304/701/5 2032/3788/5
f 4092/1481/5 4094/1483/5 880/3787/5
f 4092/1481/5 4093/1482/5 4094/1483/5
f 4093/1482/5 1455/1474/5 4094/1483/5
f 3003/262/6 3184/124/5 51/121/6
f 3003/262/6 4092/1481/5 3184/124/5
f 4092/1481/5 880/3787/5 3184/124/5
f 4091/1480/5 2609/905/5 1457/1467/5
f 4091/1480/5 2608/1479/5 2609/905/5
f 2608/1479/5 222/895/5 2609/905/5
f 4089/1475/5 4091/1480/5 1457/1467/5
f 4089/1475/5 4090/1477/5 4091/1480/5
f 4090/1477/5 1456/1478/5 4091/1480/5
f 2607/1476/5 3761/1469/5 304/701/5
f 2607/1476/5 4089/1475/5 3761/1469/5
f 4089/1475/5 1457/1467/5 3761/1469/5
f 4088/1473/5 1744/2085/5 592/2084/5
f 4088/1473/5 1662/1472/5 1744/2085/5
f 1662/1472/5 78/114/5 1744/2085/5
f 4086/1468/5 4088/1473/5 592/2084/5
f 4086/1468/5 4087/1470/5 4088/1473/5
f 4087/1470/5 510/1471/5 4088/1473/5
f 3761/1469/5 2896/702/5 304/701/5
f 3761/1469/5 4086/1468/5 2896/702/5
f 4086/1468/5 592/2084/5 2896/702/5
f 4085/1466/7 2035/3769/7 883/3768/7
f 4085/1466/7 2610/1457/5 2035/3769/7
f 2610/1457/5 307/682/5 2035/3769/7
f 4083/1463/5 4085/1466/7 883/3768/7
f 4083/1463/5 4084/1465/5 4085/1466/7
f 4084/1465/5 1458/1455/5 4085/1466/7
f 3029/1464/5 3187/129/5 77/126/5
f 3029/1464/5 4083/1463/5 3187/129/5
f 4083/1463/5 883/3768/7 3187/129/5
f 4082/1461/7 2612/912/5 1460/1448/7
f 4082/1461/7 2611/1460/7 2612/912/5
f 2611/1460/7 133/910/5 2612/912/5
f 4080/1456/5 4082/1461/7 1460/1448/7
f 4080/1456/5 4081/1458/5 4082/1461/7
f 4081/1458/5 1459/1459/7 4082/1461/7
f 2610/1457/5 3764/1450/5 307/682/5
f 2610/1457/5 4080/1456/5 3764/1450/5
f 4080/1456/5 1460/1448/7 3764/1450/5
f 4079/1454/7 1747/2138/5 595/2137/7
f 4079/1454/7 3013/1453/5 1747/2138/5
f 3013/1453/5 61/130/5 1747/2138/5
f 4077/1449/7 4079/1454/7 595/2137/7
f 4077/1449/7 4078/1451/7 4079/1454/7
f 4078/1451/7 709/1452/5 4079/1454/7
f 3764/1450/5 2899/683/5 307/682/5
f 3764/1450/5 4077/1449/7 2899/683/5
f 4077/1449/7 595/2137/7 2899/683/5
f 4076/1447/7 2038/3752/5 886/3751/7
f 4076/1447/7 2613/1440/5 2038/3752/5
f 2613/1440/5 310/665/5 2038/3752/5
f 4074/1445/5 4076/1447/7 886/3751/7
f 4074/1445/5 4075/1446/7 4076/1447/7
f 4075/1446/7 1461/1438/7 4076/1447/7
f 1659/1417/5 3190/136/7 75/133/5
f 1659/1417/5 4074/1445/5 3190/136/7
f 4074/1445/5 886/3751/7 3190/136/7
f 4073/1444/5 2615/919/5 1463/1431/5
f 4073/1444/5 2614/1443/5 2615/919/5
f 2614/1443/5 220/917/5 2615/919/5
f 4071/1439/5 4073/1444/5 1463/1431/5
f 4071/1439/5 4072/1441/7 4073/1444/5
f 4072/1441/7 1462/1442/7 4073/1444/5
f 2613/1440/5 3767/1433/5 310/665/5
f 2613/1440/5 4071/1439/5 3767/1433/5
f 4071/1439/5 1463/1431/5 3767/1433/5
f 4070/1437/7 1750/2193/7 598/2192/7
f 4070/1437/7 1660/1436/5 1750/2193/7
f 1660/1436/5 76/137/5 1750/2193/7
f 4068/1432/5 4070/1437/7 598/2192/7
f 4068/1432/5 4069/1434/5 4070/1437/7
f 4069/1434/5 508/1435/7 4070/1437/7
f 3767/1433/5 2902/666/7 310/665/5
f 3767/1433/5 4068/1432/5 2902/666/7
f 4068/1432/5 598/2192/7 2902/666/7
f 4067/1430/7 2041/3733/7 889/3732/7
f 4067/1430/7 2616/1421/5 2041/3733/7
f 2616/1421/5 313/646/5 2041/3733/7
f 4065/1427/7 4067/1430/7 889/3732/7
f 4065/1427/7 4066/1429/7 4067/1430/7
f 4066/1429/7 1464/1419/5 4067/1430/7
f 3012/1428/7 3193/143/5 60/140/5
f 3012/1428/7 4065/1427/7 3193/143/5
f 4065/1427/7 889/3732/7 3193/143/5
f 4064/1425/7 2618/924/7 1466/1412/7
f 4064/1425/7 2617/1424/7 2618/924/7
f 2617/1424/7 219/913/5 2618/924/7
f 4062/1420/5 4064/1425/7 1466/1412/7
f 4062/1420/5 4063/1422/5 4064/1425/7
f 4063/1422/5 1465/1423/7 4064/1425/7
f 2616/1421/5 3770/1414/5 313/646/5
f 2616/1421/5 4062/1420/5 3770/1414/5
f 4062/1420/5 1466/1412/7 3770/1414/5
f 4061/1418/5 1753/2248/5 601/2247/7
f 4061/1418/5 1659/1417/5 1753/2248/5
f 1659/1417/5 75/133/5 1753/2248/5
f 4059/1413/7 4061/1418/5 601/2247/7
f 4059/1413/7 4060/1415/7 4061/1418/5
f 4060/1415/7 507/1416/5 4061/1418/5
f 3770/1414/5 2905/647/7 313/646/5
f 3770/1414/5 4059/1413/7 2905/647/7
f 4059/1413/7 601/2247/7 2905/647/7
f 4058/1411/8 2044/3714/9 892/3713/8
f 4058/1411/8 2619/1402/9 2044/3714/9
f 2619/1402/9 316/627/9 2044/3714/9
f 4056/1408/9 4058/1411/8 892/3713/8
f 4056/1408/9 4057/1410/9 4058/1411/8
f 4057/1410/9 1467/1400/8 4058/1411/8
f 3026/1409/9 3196/148/9 74/145/9
f 3026/1409/9 4056/1408/9 3196/148/9
f 4056/1408/9 892/3713/8 3196/148/9
f 4055/1406/9 2621/929/9 1469/1393/9
f 4055/1406/9 2620/1405/9 2621/929/9
f 2620/1405/9 129/892/9 2621/929/9
f 4053/1401/9 4055/1406/9 1469/1393/9
f 4053/1401/9 4054/1403/8 4055/1406/9
f 4054/1403/8 1468/1404/8 4055/1406/9
f 2619/1402/9 3773/1395/9 316/627/9
f 2619/1402/9 4053/1401/9 3773/1395/9
f 4053/1401/9 1469/1393/9 3773/1395/9
f 4052/1399/8 1756/2301/9 604/2300/8
f 4052/1399/8 3009/1398/9 1756/2301/9
f 3009/1398/9 57/111/9 1756/2301/9
f 4050/1394/9 4052/1399/8 604/2300/8
f 4050/1394/9 4051/1396/9 4052/1399/8
f 4051/1396/9 705/1397/8 4052/1399/8
f 3773/1395/9 2908/628/9 316/627/9
f 3773/1395/9 4050/1394/9 2908/628/9
f 4050/1394/9 604/2300/8 2908/628/9
f 4049/1392/9 2047/3697/9 895/3696/9
f 4049/1392/9 2622/1385/9 2047/3697/9
f 2622/1385/9 319/610/9 2047/3697/9
f 4047/1390/9 4049/1392/9 895/3696/9
f 4047/1390/9 4048/1391/8 4049/1392/9
f 4048/1391/8 1470/1383/8 4049/1392/9
f 1656/1362/9 3199/153/9 72/150/9
f 1656/1362/9 4047/1390/9 3199/153/9
f 4047/1390/9 895/3696/9 3199/153/9
f 4046/1389/9 2624/936/9 1472/1376/8
f 4046/1389/9 2623/1388/9 2624/936/9
f 2623/1388/9 217/934/9 2624/936/9
f 4044/1384/8 4046/1389/9 1472/1376/8
f 4044/1384/8 4045/1386/9 4046/1389/9
f 4045/1386/9 1471/1387/9 4046/1389/9
f 2622/1385/9 3776/1378/9 319/610/9
f 2622/1385/9 4044/1384/8 3776/1378/9
f 4044/1384/8 1472/1376/8 3776/1378/9
f 4043/1382/9 1759/2354/9 607/2353/9
f 4043/1382/9 1657/1381/9 1759/2354/9
f 1657/1381/9 73/154/9 1759/2354/9
f 4041/1377/9 4043/1382/9 607/2353/9
f 4041/1377/9 4042/1379/8 4043/1382/9
f 4042/1379/8 505/1380/8 4043/1382/9
f 3776/1378/9 2911/611/9 319/610/9
f 3776/1378/9 4041/1377/9 2911/611/9
f 4041/1377/9 607/2353/9 2911/611/9
f 4040/1375/9 2050/3678/8 898/3677/9
f 4040/1375/9 2625/1366/8 2050/3678/8
f 2625/1366/8 322/591/9 2050/3678/8
f 4038/1372/9 4040/1375/9 898/3677/9
f 4038/1372/9 4039/1374/9 4040/1375/9
f 4039/1374/9 1473/1364/9 4040/1375/9
f 1618/1373/8 3202/160/9 34/157/8
f 1618/1373/8 4038/1372/9 3202/160/9
f 4038/1372/9 898/3677/9 3202/160/9
f 4037/1370/8 2627/941/9 1475/1357/9
f 4037/1370/8 2626/1369/8 2627/941/9
f 2626/1369/8 216/930/9 2627/941/9
f 4035/1365/8 4037/1370/8 1475/1357/9
f 4035/1365/8 4036/1367/9 4037/1370/8
f 4036/1367/9 1474/1368/9 4037/1370/8
f 2625/1366/8 3779/1359/9 322/591/9
f 2625/1366/8 4035/1365/8 3779/1359/9
f 4035/1365/8 1475/1357/9 3779/1359/9
f 4034/1363/8 1762/2409/9 610/2408/8
f 4034/1363/8 1656/1362/9 1762/2409/9
f 1656/1362/9 72/150/9 1762/2409/9
f 4032/1358/9 4034/1363/8 610/2408/8
f 4032/1358/9 4033/1360/9 4034/1363/8
f 4033/1360/9 504/1361/8 4034/1363/8
f 3779/1359/9 2914/592/9 322/591/9
f 3779/1359/9 4032/1358/9 2914/592/9
f 4032/1358/9 610/2408/8 2914/592/9
f 4031/1356/9 2053/3659/9 901/3658/9
f 4031/1356/9 2628/1347/9 2053/3659/9
f 2628/1347/9 325/572/9 2053/3659/9
f 4029/1353/9 4031/1356/9 901/3658/9
f 4029/1353/9 4030/1355/9 4031/1356/9
f 4030/1355/9 1476/1345/9 4031/1356/9
f 3023/1354/9 3205/165/9 71/162/9
f 3023/1354/9 4029/1353/9 3205/165/9
f 4029/1353/9 901/3658/9 3205/165/9
f 4028/1351/9 2630/948/9 1478/1338/9
f 4028/1351/9 2629/1350/9 2630/948/9
f 2629/1350/9 131/946/9 2630/948/9
f 4026/1346/9 4028/1351/9 1478/1338/9
f 4026/1346/9 4027/1348/9 4028/1351/9
f 4027/1348/9 1477/1349/9 4028/1351/9
f 2628/1347/9 3782/1340/9 325/572/9
f 2628/1347/9 4026/1346/9 3782/1340/9
f 4026/1346/9 1478/1338/9 3782/1340/9
f 4025/1344/9 1765/2462/9 613/2461/9
f 4025/1344/9 3011/1343/9 1765/2462/9
f 3011/1343/9 59/166/9 1765/2462/9
f 4023/1339/9 4025/1344/9 613/2461/9
f 4023/1339/9 4024/1341/9 4025/1344/9
f 4024/1341/9 707/1342/9 4025/1344/9
f 3782/1340/9 2917/573/9 325/572/9
f 3782/1340/9 4023/1339/9 2917/573/9
f 4023/1339/9 613/2461/9 2917/573/9
f 4022/1337/9 2056/3642/9 904/3641/9
f 4022/1337/9 2631/1330/9 2056/3642/9
f 2631/1330/9 328/555/9 2056/3642/9
f 4020/1335/9 4022/1337/9 904/3641/9
f 4020/1335/9 4021/1336/9 4022/1337/9
f 4021/1336/9 1479/1328/9 4022/1337/9
f 1653/1307/9 3208/172/9 69/169/9
f 1653/1307/9 4020/1335/9 3208/172/9
f 4020/1335/9 904/3641/9 3208/172/9
f 4019/1334/9 2633/955/9 1481/1321/9
f 4019/1334/9 2632/1333/9 2633/955/9
f 2632/1333/9 214/953/9 2633/955/9
f 4017/1329/9 4019/1334/9 1481/1321/9
f 4017/1329/9 4018/1331/9 4019/1334/9
f 4018/1331/9 1480/1332/9 4019/1334/9
f 2631/1330/9 3785/1323/9 328/555/9
f 2631/1330/9 4017/1329/9 3785/1323/9
f 4017/1329/9 1481/1321/9 3785/1323/9
f 4016/1327/9 1768/2517/9 616/2516/9
f 4016/1327/9 1654/1326/9 1768/2517/9
f 1654/1326/9 70/173/9 1768/2517/9
f 4014/1322/9 4016/1327/9 616/2516/9
f 4014/1322/9 4015/1324/9 4016/1327/9
f 4015/1324/9 502/1325/9 4016/1327/9
f 3785/1323/9 2920/556/9 328/555/9
f 3785/1323/9 4014/1322/9 2920/556/9
f 4014/1322/9 616/2516/9 2920/556/9
f 4013/1320/9 2059/3623/9 907/3622/9
f 4013/1320/9 2634/1311/9 2059/3623/9
f 2634/1311/9 331/536/9 2059/3623/9
f 4011/1317/9 4013/1320/9 907/3622/9
f 4011/1317/9 4012/1319/9 4013/1320/9
f 4012/1319/9 1482/1309/9 4013/1320/9
f 3014/1318/9 3211/179/9 62/176/9
f 3014/1318/9 4011/1317/9 3211/179/9
f 4011/1317/9 907/3622/9 3211/179/9
f 4010/1315/9 2636/960/9 1484/1302/9
f 4010/1315/9 2635/1314/9 2636/960/9
f 2635/1314/9 213/949/9 2636/960/9
f 4008/1310/9 4010/1315/9 1484/1302/9
f 4008/1310/9 4009/1312/9 4010/1315/9
f 4009/1312/9 1483/1313/9 4010/1315/9
f 2634/1311/9 3788/1304/9 331/536/9
f 2634/1311/9 4008/1310/9 3788/1304/9
f 4008/1310/9 1484/1302/9 3788/1304/9
f 4007/1308/9 1771/2572/9 619/2571/9
f 4007/1308/9 1653/1307/9 1771/2572/9
f 1653/1307/9 69/169/9 1771/2572/9
f 4005/1303/9 4007/1308/9 619/2571/9
f 4005/1303/9 4006/1305/9 4007/1308/9
f 4006/1305/9 501/1306/9 4007/1308/9
f 3788/1304/9 2923/537/9 331/536/9
f 3788/1304/9 4005/1303/9 2923/537/9
f 4005/1303/9 619/2571/9 2923/537/9
f 4004/1301/10 2062/3604/10 910/3603/10
f 4004/1301/10 2637/1292/10 2062/3604/10
f 2637/1292/10 334/517/10 2062/3604/10
f 4002/1298/10 4004/1301/10 910/3603/10
f 4002/1298/10 4003/1300/10 4004/1301/10
f 4003/1300/10 1485/1290/10 4004/1301/10
f 3020/1299/10 3214/184/10 68/181/10
f 3020/1299/10 4002/1298/10 3214/184/10
f 4002/1298/10 910/3603/10 3214/184/10
f 4001/1296/10 2639/967/10 1487/1283/10
f 4001/1296/10 2638/1295/10 2639/967/10
f 2638/1295/10 178/965/10 2639/967/10
f 3999/1291/10 4001/1296/10 1487/1283/10
f 3999/1291/10 4000/1293/10 4001/1296/10
f 4000/1293/10 1486/1294/10 4001/1296/10
f 2637/1292/10 3791/1285/10 334/517/10
f 2637/1292/10 3999/1291/10 3791/1285/10
f 3999/1291/10 1487/1283/10 3791/1285/10
f 3998/1289/10 1774/2625/10 622/2624/10
f 3998/1289/10 1618/1288/10 1774/2625/10
f 1618/1288/10 34/185/10 1774/2625/10
f 3996/1284/10 3998/1289/10 622/2624/10
f 3996/1284/10 3997/1286/10 3998/1289/10
f 3997/1286/10 466/1287/10 3998/1289/10
f 3791/1285/10 2926/518/10 334/517/10
f 3791/1285/10 3996/1284/10 2926/518/10
f 3996/1284/10 622/2624/10 2926/518/10
f 3995/1282/10 2065/3587/10 913/3586/10
f 3995/1282/10 2640/1275/10 2065/3587/10
f 2640/1275/10 337/500/10 2065/3587/10
f 3993/1280/10 3995/1282/10 913/3586/10
f 3993/1280/10 3994/1281/10 3995/1282/10
f 3994/1281/10 1488/1273/10 3995/1282/10
f 1650/1253/10 3217/191/10 66/188/10
f 1650/1253/10 3993/1280/10 3217/191/10
f 3993/1280/10 913/3586/10 3217/191/10
f 3992/1279/10 2642/974/10 1490/1266/10
f 3992/1279/10 2641/1278/10 2642/974/10
f 2641/1278/10 211/972/10 2642/974/10
f 3990/1274/10 3992/1279/10 1490/1266/10
f 3990/1274/10 3991/1276/10 3992/1279/10
f 3991/1276/10 1489/1277/10 3992/1279/10
f 2640/1275/10 3794/1268/10 337/500/10
f 2640/1275/10 3990/1274/10 3794/1268/10
f 3990/1274/10 1490/1266/10 3794/1268/10
f 3989/1272/10 1777/2680/10 625/2679/10
f 3989/1272/10 1651/1271/10 1777/2680/10
f 1651/1271/10 67/192/10 1777/2680/10
f 3987/1267/10 3989/1272/10 625/2679/10
f 3987/1267/10 3988/1269/10 3989/1272/10
f 3988/1269/10 499/1270/10 3989/1272/10
f 3794/1268/10 2929/501/10 337/500/10
f 3794/1268/10 3987/1267/10 2929/501/10
f 3987/1267/10 625/2679/10 2929/501/10
f 3986/1265/10 2068/3570/10 916/3569/10
f 3986/1265/10 2643/1257/10 2068/3570/10
f 2643/1257/10 340/481/10 2068/3570/10
f 3984/1263/10 3986/1265/10 916/3569/10
f 3984/1263/10 3985/1264/10 3986/1265/10
f 3985/1264/10 1491/1255/10 3986/1265/10
f 3001/262/10 3220/196/10 49/121/10
f 3001/262/10 3984/1263/10 3220/196/10
f 3984/1263/10 916/3569/10 3220/196/10
f 3983/1261/10 2645/977/10 1493/1248/10
f 3983/1261/10 2644/1260/10 2645/977/10
f 2644/1260/10 210/968/10 2645/977/10
f 3981/1256/10 3983/1261/10 1493/1248/10
f 3981/1256/10 3982/1258/10 3983/1261/10
f 3982/1258/10 1492/1259/10 3983/1261/10
f 2643/1257/10 3797/1250/10 340/481/10
f 2643/1257/10 3981/1256/10 3797/1250/10
f 3981/1256/10 1493/1248/10 3797/1250/10
f 3980/1254/10 1780/2733/10 628/2732/10
f 3980/1254/10 1650/1253/10 1780/2733/10
f 1650/1253/10 66/188/10 1780/2733/10
f 3978/1249/10 3980/1254/10 628/2732/10
f 3978/1249/10 3979/1251/10 3980/1254/10
f 3979/1251/10 498/1252/10 3980/1254/10
f 3797/1250/10 2932/482/10 340/481/10
f 3797/1250/10 3978/1249/10 2932/482/10
f 3978/1249/10 628/2732/10 2932/482/10
f 3977/1247/10 2071/3551/10 919/3550/10
f 3977/1247/10 2646/1238/10 2071/3551/10
f 2646/1238/10 343/462/10 2071/3551/10
f 3975/1244/10 3977/1247/10 919/3550/10
f 3975/1244/10 3976/1246/10 3977/1247/10
f 3976/1246/10 1494/1236/10 3977/1247/10
f 3017/1245/10 3223/201/10 65/198/10
f 3017/1245/10 3975/1244/10 3223/201/10
f 3975/1244/10 919/3550/10 3223/201/10
f 3974/1242/10 2648/984/10 1496/1229/10
f 3974/1242/10 2647/1241/10 2648/984/10
f 2647/1241/10 180/982/10 2648/984/10
f 3972/1237/10 3974/1242/10 1496/1229/10
f 3972/1237/10 3973/1239/10 3974/1242/10
f 3973/1239/10 1495/1240/10 3974/1242/10
f 2646/1238/10 3800/1231/10 343/462/10
f 2646/1238/10 3972/1237/10 3800/1231/10
f 3972/1237/10 1496/1229/10 3800/1231/10
f 3971/1235/10 1783/2786/10 631/2785/10
f 3971/1235/10 1620/1234/10 1783/2786/10
f 1620/1234/10 36/202/10 1783/2786/10
f 3969/1230/10 3971/1235/10 631/2785/10
f 3969/1230/10 3970/1232/10 3971/1235/10
f 3970/1232/10 468/1233/10 3971/1235/10
f 3800/1231/10 2935/463/10 343/462/10
f 3800/1231/10 3969/1230/10 2935/463/10
f 3969/1230/10 631/2785/10 2935/463/10
f 3968/1228/10 2074/3534/10 922/3533/10
f 3968/1228/10 2649/1221/10 2074/3534/10
f 2649/1221/10 346/445/10 2074/3534/10
f 3966/1226/10 3968/1228/10 922/3533/10
f 3966/1226/10 3967/1227/10 3968/1228/10
f 3967/1227/10 1497/1219/10 3968/1228/10
f 1647/1198/10 3226/208/10 63/205/10
f 1647/1198/10 3966/1226/10 3226/208/10
f 3966/1226/10 922/3533/10 3226/208/10
f 3965/1225/10 2651/991/10 1499/1212/10
f 3965/1225/10 2650/1224/10 2651/991/10
f 2650/1224/10 208/989/10 2651/991/10
f 3963/1220/10 3965/1225/10 1499/1212/10
f 3963/1220/10 3964/1222/10 3965/1225/10
f 3964/1222/10 1498/1223/10 3965/1225/10
f 2649/1221/10 3803/1214/10 346/445/10
f 2649/1221/10 3963/1220/10 3803/1214/10
f 3963/1220/10 1499/1212/10 3803/1214/10
f 3962/1218/10 1786/2841/10 634/2840/10
f 3962/1218/10 1648/1217/10 1786/2841/10
f 1648/1217/10 64/209/10 1786/2841/10
f 3960/1213/10 3962/1218/10 634/2840/10
f 3960/1213/10 3961/1215/10 3962/1218/10
f 3961/1215/10 496/1216/10 3962/1218/10
f 3803/1214/10 2938/446/10 346/445/10
f 3803/1214/10 3960/1213/10 2938/446/10
f 3960/1213/10 634/2840/10 2938/446/10
f 3959/1211/10 2077/3515/10 925/3514/10
f 3959/1211/10 2652/1202/10 2077/3515/10
f 2652/1202/10 349/426/10 2077/3515/10
f 3957/1208/10 3959/1211/10 925/3514/10
f 3957/1208/10 3958/1210/10 3959/1211/10
f 3958/1210/10 1500/1200/10 3959/1211/10
f 1616/1209/10 3229/215/10 32/212/10
f 1616/1209/10 3957/1208/10 3229/215/10
f 3957/1208/10 925/3514/10 3229/215/10
f 3956/1206/10 2654/996/10 1502/1193/10
f 3956/1206/10 2653/1205/10 2654/996/10
f 2653/1205/10 207/985/10 2654/996/10
f 3954/1201/10 3956/1206/10 1502/1193/10
f 3954/1201/10 3955/1203/10 3956/1206/10
f 3955/1203/10 1501/1204/10 3956/1206/10
f 2652/1202/10 3806/1195/10 349/426/10
f 2652/1202/10 3954/1201/10 3806/1195/10
f 3954/1201/10 1502/1193/10 3806/1195/10
f 3953/1199/10 1789/2896/10 637/2895/10
f 3953/1199/10 1647/1198/10 1789/2896/10
f 1647/1198/10 63/205/10 1789/2896/10
f 3951/1194/10 3953/1199/10 637/2895/10
f 3951/1194/10 3952/1196/10 3953/1199/10
f 3952/1196/10 495/1197/10 3953/1199/10
f 3806/1195/10 2941/427/10 349/426/10
f 3806/1195/10 3951/1194/10 2941/427/10
f 3951/1194/10 637/2895/10 2941/427/10
f 3950/1192/10 2080/3496/10 928/3495/10
f 3950/1192/10 2655/1183/10 2080/3496/10
f 2655/1183/10 352/407/10 2080/3496/10
f 3948/1189/10 3950/1192/10 928/3495/10
f 3948/1189/10 3949/1191/10 3950/1192/10
f 3949/1191/10 1503/1181/10 3950/1192/10
f 1634/1190/10 3232/220/10 50/217/10
f 1634/1190/10 3948/1189/10 3232/220/10
f 3948/1189/10 928/3495/10 3232/220/10
f 3947/1187/10 2657/1003/10 1505/1174/10
f 3947/1187/10 2656/1186/10 2657/1003/10
f 2656/1186/10 198/1001/10 2657/1003/10
f 3945/1182/10 3947/1187/10 1505/1174/10
f 3945/1182/10 3946/1184/10 3947/1187/10
f 3946/1184/10 1504/1185/10 3947/1187/10
f 2655/1183/10 3809/1176/10 352/407/10
f 2655/1183/10 3945/1182/10 3809/1176/10
f 3945/1182/10 1505/1174/10 3809/1176/10
f 3944/1180/10 1792/2949/10 640/2948/10
f 3944/1180/10 1638/1179/10 1792/2949/10
f 1638/1179/10 54/221/10 1792/2949/10
f 3942/1175/10 3944/1180/10 640/2948/10
f 3942/1175/10 3943/1177/10 3944/1180/10
f 3943/1177/10 486/1178/10 3944/1180/10
f 3809/1176/10 2944/408/10 352/407/10
f 3809/1176/10 3942/1175/10 2944/408/10
f 3942/1175/10 640/2948/10 2944/408/10
f 3941/1173/10 2083/3479/10 931/3478/10
f 3941/1173/10 2658/1166/10 2083/3479/10
f 2658/1166/10 355/390/10 2083/3479/10
f 3939/1171/10 3941/1173/10 931/3478/10
f 3939/1171/10 3940/1172/10 3941/1173/10
f 3940/1172/10 1506/1164/10 3941/1173/10
f 2983/85/10 3235/226/10 31/83/10
f 2983/85/10 3939/1171/10 3235/226/10
f 3939/1171/10 931/3478/10 3235/226/10
f 3938/1170/10 2660/1009/10 1508/1157/10
f 3938/1170/10 2659/1169/10 2660/1009/10
f 2659/1169/10 196/1007/10 2660/1009/10
f 3936/1165/10 3938/1170/10 1508/1157/10
f 3936/1165/10 3937/1167/10 3938/1170/10
f 3937/1167/10 1507/1168/10 3938/1170/10
f 2658/1166/10 3812/1159/10 355/390/10
f 2658/1166/10 3936/1165/10 3812/1159/10
f 3936/1165/10 1508/1157/10 3812/1159/10
f 3935/1163/10 1795/3003/10 643/3002/10
f 3935/1163/10 1636/1162/10 1795/3003/10
f 1636/1162/10 52/227/10 1795/3003/10
f 3933/1158/10 3935/1163/10 643/3002/10
f 3933/1158/10 3934/1160/10 3935/1163/10
f 3934/1160/10 484/1161/10 3935/1163/10
f 3812/1159/10 2947/391/10 355/390/10
f 3812/1159/10 3933/1158/10 2947/391/10
f 3933/1158/10 643/3002/10 2947/391/10
f 3932/1156/9 2086/3460/9 934/3459/9
f 3932/1156/9 2661/1147/9 2086/3460/9
f 2661/1147/9 358/371/9 2086/3460/9
f 3930/1153/9 3932/1156/9 934/3459/9
f 3930/1153/9 3931/1155/9 3932/1156/9
f 3931/1155/9 1509/1145/9 3932/1156/9
f 2996/1154/9 3238/233/9 44/230/9
f 2996/1154/9 3930/1153/9 3238/233/9
f 3930/1153/9 934/3459/9 3238/233/9
f 3929/1151/9 2663/1016/9 1511/1138/9
f 3929/1151/9 2662/1150/9 2663/1016/9
f 2662/1150/9 113/1014/9 2663/1016/9
f 3927/1146/9 3929/1151/9 1511/1138/9
f 3927/1146/9 3928/1148/9 3929/1151/9
f 3928/1148/9 1510/1149/9 3929/1151/9
f 2661/1147/9 3815/1140/9 358/371/9
f 2661/1147/9 3927/1146/9 3815/1140/9
f 3927/1146/9 1511/1138/9 3815/1140/9
f 3926/1144/9 1798/3058/9 646/3057/9
f 3926/1144/9 2993/1143/9 1798/3058/9
f 2993/1143/9 41/234/9 1798/3058/9
f 3924/1139/9 3926/1144/9 646/3057/9
f 3924/1139/9 3925/1141/9 3926/1144/9
f 3925/1141/9 689/1142/9 3926/1144/9
f 3815/1140/9 2950/372/9 358/371/9
f 3815/1140/9 3924/1139/9 2950/372/9
f 3924/1139/9 646/3057/9 2950/372/9
f 3923/1137/9 2089/3441/8 937/3440/9
f 3923/1137/9 2664/1128/8 2089/3441/8
f 2664/1128/8 361/352/9 2089/3441/8
f 3921/1134/9 3923/1137/9 937/3440/9
f 3921/1134/9 3922/1136/9 3923/1137/9
f 3922/1136/9 1512/1126/9 3923/1137/9
f 1636/1135/8 3241/240/9 52/237/8
f 1636/1135/8 3921/1134/9 3241/240/9
f 3921/1134/9 937/3440/9 3241/240/9
f 3920/1132/8 2666/1023/9 1514/1121/9
f 3920/1132/8 2665/1131/8 2666/1023/9
f 2665/1131/8 111/1021/9 2666/1023/9
f 3918/1127/8 3920/1132/8 1514/1121/9
f 3918/1127/8 3919/1129/9 3920/1132/8
f 3919/1129/9 1513/1130/9 3920/1132/8
f 2664/1128/8 3818/1123/9 361/352/9
f 2664/1128/8 3918/1127/8 3818/1123/9
f 3918/1127/8 1514/1121/9 3818/1123/9
f 3917/1125/8 1801/3113/9 649/3112/8
f 3917/1125/8 2991/1089/9 1801/3113/9
f 2991/1089/9 39/241/9 1801/3113/9
f 3915/1122/9 3917/1125/8 649/3112/8
f 3915/1122/9 3916/1124/9 3917/1125/8
f 3916/1124/9 687/1088/8 3917/1125/8
f 3818/1123/9 2953/353/9 361/352/9
f 3818/1123/9 3915/1122/9 2953/353/9
f 3915/1122/9 649/3112/8 2953/353/9
f 3914/1120/5 2092/3424/5 940/3423/7
f 3914/1120/5 2667/1111/5 2092/3424/5
f 2667/1111/5 364/335/5 2092/3424/5
f 3912/1117/7 3914/1120/5 940/3423/7
f 3912/1117/7 3913/1119/5 3914/1120/5
f 3913/1119/5 1515/1109/5 3914/1120/5
f 2994/1118/7 3244/247/7 42/244/5
f 2994/1118/7 3912/1117/7 3244/247/7
f 3912/1117/7 940/3423/7 3244/247/7
f 3911/1115/7 2669/1030/5 1517/1102/7
f 3911/1115/7 2668/1114/5 2669/1030/5
f 2668/1114/5 115/1028/5 2669/1030/5
f 3909/1110/7 3911/1115/7 1517/1102/7
f 3909/1110/7 3910/1112/7 3911/1115/7
f 3910/1112/7 1516/1113/7 3911/1115/7
f 2667/1111/5 3821/1104/5 364/335/5
f 2667/1111/5 3909/1110/7 3821/1104/5
f 3909/1110/7 1517/1102/7 3821/1104/5
f 3908/1108/7 1804/3168/7 652/3167/7
f 3908/1108/7 2995/1107/5 1804/3168/7
f 2995/1107/5 43/248/5 1804/3168/7
f 3906/1103/7 3908/1108/7 652/3167/7
f 3906/1103/7 3907/1105/7 3908/1108/7
f 3907/1105/7 691/1106/5 3908/1108/7
f 3821/1104/5 2956/336/5 364/335/5
f 3821/1104/5 3906/1103/7 2956/336/5
f 3906/1103/7 652/3167/7 2956/336/5
f 3905/1101/5 2095/3407/5 943/3406/5
f 3905/1101/5 2670/1093/5 2095/3407/5
f 2670/1093/5 367/316/5 2095/3407/5
f 3903/1099/5 3905/1101/5 943/3406/5
f 3903/1099/5 3904/1100/5 3905/1101/5
f 3904/1100/5 1518/1091/5 3905/1101/5
f 2985/85/6 3247/252/5 33/83/6
f 2985/85/6 3903/1099/5 3247/252/5
f 3903/1099/5 943/3406/5 3247/252/5
f 3902/1097/5 2672/1033/5 1520/1084/5
f 3902/1097/5 2671/1096/5 2672/1033/5
f 2671/1096/5 116/1021/5 2672/1033/5
f 3900/1092/5 3902/1097/5 1520/1084/5
f 3900/1092/5 3901/1094/5 3902/1097/5
f 3901/1094/5 1519/1095/5 3902/1097/5
f 2670/1093/5 3824/1086/5 367/316/5
f 2670/1093/5 3900/1092/5 3824/1086/5
f 3900/1092/5 1520/1084/5 3824/1086/5
f 3899/1090/5 1807/3221/5 655/3220/5
f 3899/1090/5 2996/1089/5 1807/3221/5
f 2996/1089/5 44/241/5 1807/3221/5
f 3897/1085/5 3899/1090/5 655/3220/5
f 3897/1085/5 3898/1087/5 3899/1090/5
f 3898/1087/5 692/1088/5 3899/1090/5
f 3824/1086/5 2959/317/5 367/316/5
f 3824/1086/5 3897/1085/5 2959/317/5
f 3897/1085/5 655/3220/5 2959/317/5
f 3896/1156/4 2098/3460/4 946/3459/4
f 3896/1156/4 2673/1147/4 2098/3460/4
f 2673/1147/4 370/371/4 2098/3460/4
f 3894/1153/4 3896/1156/4 946/3459/4
f 3894/1153/4 3895/1155/4 3896/1156/4
f 3895/1155/4 1521/1145/4 3896/1156/4
f 2982/1154/4 3250/233/4 30/230/4
f 2982/1154/4 3894/1153/4 3250/233/4
f 3894/1153/4 946/3459/4 3250/233/4
f 3893/1151/4 2675/1016/4 1523/1138/4
f 3893/1151/4 2674/1150/4 2675/1016/4
f 2674/1150/4 112/1014/4 2675/1016/4
f 3891/1146/4 3893/1151/4 1523/1138/4
f 3891/1146/4 3892/1148/4 3893/1151/4
f 3892/1148/4 1522/1149/4 3893/1151/4
f 2673/1147/4 3827/1140/4 370/371/4
f 2673/1147/4 3891/1146/4 3827/1140/4
f 3891/1146/4 1523/1138/4 3827/1140/4
f 3890/1144/4 1810/3058/4 658/3057/4
f 3890/1144/4 2992/1143/4 1810/3058/4
f 2992/1143/4 40/234/4 1810/3058/4
f 3888/1139/4 3890/1144/4 658/3057/4
f 3888/1139/4 3889/1141/4 3890/1144/4
f 3889/1141/4 688/1142/4 3890/1144/4
f 3827/1140/4 2962/372/4 370/371/4
f 3827/1140/4 3888/1139/4 2962/372/4
f 3888/1139/4 658/3057/4 2962/372/4
f 3887/1137/4 2101/3441/4 949/3440/4
f 3887/1137/4 2676/1128/4 2101/3441/4
f 2676/1128/4 373/352/4 2101/3441/4
f 3885/1134/4 3887/1137/4 949/3440/4
f 3885/1134/4 3886/1136/4 3887/1137/4
f 3886/1136/4 1524/1126/4 3887/1137/4
f 2984/1135/4 3253/240/4 32/237/4
f 2984/1135/4 3885/1134/4 3253/240/4
f 3885/1134/4 949/3440/4 3253/240/4
f 3884/1132/4 2678/1023/4 1526/1121/4
f 3884/1132/4 2677/1131/4 2678/1023/4
f 2677/1131/4 114/1021/4 2678/1023/4
f 3882/1127/4 3884/1132/4 1526/1121/4
f 3882/1127/4 3883/1129/4 3884/1132/4
f 3883/1129/4 1525/1130/4 3884/1132/4
f 2676/1128/4 3830/1123/4 373/352/4
f 2676/1128/4 3882/1127/4 3830/1123/4
f 3882/1127/4 1526/1121/4 3830/1123/4
f 3881/1125/4 1813/3113/4 661/3112/4
f 3881/1125/4 2994/1089/4 1813/3113/4
f 2994/1089/4 42/241/4 1813/3113/4
f 3879/1122/4 3881/1125/4 661/3112/4
f 3879/1122/4 3880/1124/4 3881/1125/4
f 3880/1124/4 690/1088/4 3881/1125/4
f 3830/1123/4 2965/353/4 373/352/4
f 3830/1123/4 3879/1122/4 2965/353/4
f 3879/1122/4 661/3112/4 2965/353/4
f 3878/1120/2 2104/3424/2 952/3423/2
f 3878/1120/2 2679/1111/2 2104/3424/2
f 2679/1111/2 376/335/2 2104/3424/2
f 3876/1117/2 3878/1120/2 952/3423/2
f 3876/1117/2 3877/1119/2 3878/1120/2
f 3877/1119/2 1527/1109/2 3878/1120/2
f 2991/1118/11 3256/247/2 39/244/2
f 2991/1118/11 3876/1117/2 3256/247/2
f 3876/1117/2 952/3423/2 3256/247/2
f 3875/1115/2 2681/1030/2 1529/1102/2
f 3875/1115/2 2680/1114/2 2681/1030/2
f 2680/1114/2 109/1028/2 2681/1030/2
f 3873/1110/2 3875/1115/2 1529/1102/2
f 3873/1110/2 3874/1112/2 3875/1115/2
f 3874/1112/2 1528/1113/2 3875/1115/2
f 2679/1111/2 3833/1104/2 376/335/2
f 2679/1111/2 3873/1110/2 3833/1104/2
f 3873/1110/2 1529/1102/2 3833/1104/2
f 3872/1108/2 1816/3168/2 664/3167/2
f 3872/1108/2 2989/1107/2 1816/3168/2
f 2989/1107/2 37/248/2 1816/3168/2
f 3870/1103/2 3872/1108/2 664/3167/2
f 3870/1103/2 3871/1105/2 3872/1108/2
f 3871/1105/2 685/1106/2 3872/1108/2
f 3833/1104/2 2968/336/2 376/335/2
f 3833/1104/2 3870/1103/2 2968/336/2
f 3870/1103/2 664/3167/2 2968/336/2
f 3869/1101/2 2107/3407/2 955/3406/2
f 3869/1101/2 2682/1093/2 2107/3407/2
f 2682/1093/2 379/316/2 2107/3407/2
f 3867/1099/2 3869/1101/2 955/3406/2
f 3867/1099/2 3868/1100/2 3869/1101/2
f 3868/1100/2 1530/1091/2 3869/1101/2
f 1633/85/3 3259/252/2 49/83/3
f 1633/85/3 3867/1099/2 3259/252/2
f 3867/1099/2 955/3406/2 3259/252/2
f 3866/1097/2 2684/1033/2 1532/1084/2
f 3866/1097/2 2683/1096/2 2684/1033/2
f 2683/1096/2 102/1021/2 2684/1033/2
f 3864/1092/2 3866/1097/2 1532/1084/2
f 3864/1092/2 3865/1094/2 3866/1097/2
f 3865/1094/2 1531/1095/2 3866/1097/2
f 2682/1093/2 3836/1086/2 379/316/2
f 2682/1093/2 3864/1092/2 3836/1086/2
f 3864/1092/2 1532/1084/2 3836/1086/2
f 3863/1090/2 1819/3221/2 667/3220/2
f 3863/1090/2 2982/1089/2 1819/3221/2
f 2982/1089/2 30/241/2 1819/3221/2
f 3861/1085/2 3863/1090/2 667/3220/2
f 3861/1085/2 3862/1087/2 3863/1090/2
f 3862/1087/2 678/1088/2 3863/1090/2
f 3836/1086/2 2971/317/2 379/316/2
f 3836/1086/2 3861/1085/2 2971/317/2
f 3861/1085/2 667/3220/2 2971/317/2
f 3860/1083/1 2110/3388/1 958/3387/1
f 3860/1083/1 2685/1074/1 2110/3388/1
f 2685/1074/1 382/297/1 2110/3388/1
f 3858/1080/1 3860/1083/1 958/3387/1
f 3858/1080/1 3859/1082/1 3860/1083/1
f 3859/1082/1 1533/1072/1 3860/1083/1
f 1631/1081/1 3262/257/1 47/254/1
f 1631/1081/1 3858/1080/1 3262/257/1
f 3858/1080/1 958/3387/1 3262/257/1
f 3857/1078/1 2687/1040/1 1535/1065/1
f 3857/1078/1 2686/1077/1 2687/1040/1
f 2686/1077/1 197/1038/1 2687/1040/1
f 3855/1073/1 3857/1078/1 1535/1065/1
f 3855/1073/1 3856/1075/1 3857/1078/1
f 3856/1075/1 1534/1076/1 3857/1078/1
f 2685/1074/1 3839/1067/1 382/297/1
f 2685/1074/1 3855/1073/1 3839/1067/1
f 3855/1073/1 1535/1065/1 3839/1067/1
f 3854/1071/1 1822/3274/1 670/3273/1
f 3854/1071/1 1637/1070/1 1822/3274/1
f 1637/1070/1 53/258/1 1822/3274/1
f 3852/1066/1 3854/1071/1 670/3273/1
f 3852/1066/1 3853/1068/1 3854/1071/1
f 3853/1068/1 485/1069/1 3854/1071/1
f 3839/1067/1 2974/298/1 382/297/1
f 3839/1067/1 3852/1066/1 2974/298/1
f 3852/1066/1 670/3273/1 2974/298/1
f 3851/1064/1 2113/3371/1 961/3370/1
f 3851/1064/1 2688/1056/1 2113/3371/1
f 2688/1056/1 385/278/1 2113/3371/1
f 3849/1062/1 3851/1064/1 961/3370/1
f 3849/1062/1 3850/1063/1 3851/1064/1
f 3850/1063/1 1536/1054/1 3851/1064/1
f 1629/123/1 3265/263/1 45/121/1
f 1629/123/1 3849/1062/1 3265/263/1
f 3849/1062/1 961/3370/1 3265/263/1
f 3848/1060/1 2690/1046/1 1538/1047/1
f 3848/1060/1 2689/1059/1 2690/1046/1
f 2689/1059/1 190/1044/1 2690/1046/1
f 3846/1055/1 3848/1060/1 1538/1047/1
f 3846/1055/1 3847/1057/1 3848/1060/1
f 3847/1057/1 1537/1058/1 3848/1060/1
f 2688/1056/1 3842/1049/1 385/278/1
f 2688/1056/1 3846/1055/1 3842/1049/1
f 3846/1055/1 1538/1047/1 3842/1049/1
f 3845/1053/1 1825/3328/1 673/3327/1
f 3845/1053/1 1630/1052/1 1825/3328/1
f 1630/1052/1 46/264/1 1825/3328/1
f 3843/1048/1 3845/1053/1 673/3327/1
f 3843/1048/1 3844/1050/1 3845/1053/1
f 3844/1050/1 478/1051/1 3845/1053/1
f 3842/1049/1 2977/279/1 385/278/1
f 3842/1049/1 3843/1048/1 2977/279/1
f 3843/1048/1 673/3327/1 2977/279/1
f 2690/1046/1 3844/1050/1 1538/1047/1
f 2690/1046/1 2782/1045/1 3844/1050/1
f 2782/1045/1 478/1051/1 3844/1050/1
f 3840/1041/1 3847/1057/1 1536/1054/1
f 3840/1041/1 3841/1043/1 3847/1057/1
f 3841/1043/1 1537/1058/1 3847/1057/1
f 2781/1042/1 3850/1063/1 477/1061/1
f 2781/1042/1 3840/1041/1 3850/1063/1
f 3840/1041/1 1536/1054/1 3850/1063/1
f 2687/1040/1 3853/1068/1 1535/1065/1
f 2687/1040/1 2789/1039/1 3853/1068/1
f 2789/1039/1 485/1069/1 3853/1068/1
f 3837/1035/1 3856/1075/1 1533/1072/1
f 3837/1035/1 3838/1037/1 3856/1075/1
f 3838/1037/1 1534/1076/1 3856/1075/1
f 2783/1036/1 3859/1082/1 479/1079/1
f 2783/1036/1 3837/1035/1 3859/1082/1
f 3837/1035/1 1533/1072/1 3859/1082/1
f 2684/1033/2 3862/1087/2 1532/1084/2
f 2684/1033/2 1830/1022/2 3862/1087/2
f 1830/1022/2 678/1088/2 3862/1087/2
f 3834/1031/2 3865/1094/2 1530/1091/2
f 3834/1031/2 3835/1032/2 3865/1094/2
f 3835/1032/2 1531/1095/2 3865/1094/2
f 2785/1005/3 3868/1100/2 481/1098/3
f 2785/1005/3 3834/1031/2 3868/1100/2
f 3834/1031/2 1530/1091/2 3868/1100/2
f 2681/1030/2 3871/1105/2 1529/1102/2
f 2681/1030/2 1837/1029/2 3871/1105/2
f 1837/1029/2 685/1106/2 3871/1105/2
f 3831/1025/2 3874/1112/2 1527/1109/2
f 3831/1025/2 3832/1027/2 3874/1112/2
f 3832/1027/2 1528/1113/2 3874/1112/2
f 1839/1026/2 3877/1119/2 687/1116/11
f 1839/1026/2 3831/1025/2 3877/1119/2
f 3831/1025/2 1527/1109/2 3877/1119/2
f 2678/1023/4 3880/1124/4 1526/1121/4
f 2678/1023/4 1842/1022/4 3880/1124/4
f 1842/1022/4 690/1088/4 3880/1124/4
f 3828/1018/4 3883/1129/4 1524/1126/4
f 3828/1018/4 3829/1020/4 3883/1129/4
f 3829/1020/4 1525/1130/4 3883/1129/4
f 1832/1019/4 3886/1136/4 680/1133/4
f 1832/1019/4 3828/1018/4 3886/1136/4
f 3828/1018/4 1524/1126/4 3886/1136/4
f 2675/1016/4 3889/1141/4 1523/1138/4
f 2675/1016/4 1840/1015/4 3889/1141/4
f 1840/1015/4 688/1142/4 3889/1141/4
f 3825/1011/4 3892/1148/4 1521/1145/4
f 3825/1011/4 3826/1013/4 3892/1148/4
f 3826/1013/4 1522/1149/4 3892/1148/4
f 1830/1012/4 3895/1155/4 678/1152/4
f 1830/1012/4 3825/1011/4 3895/1155/4
f 3825/1011/4 1521/1145/4 3895/1155/4
f 2672/1033/5 3898/1087/5 1520/1084/5
f 2672/1033/5 1844/1022/5 3898/1087/5
f 1844/1022/5 692/1088/5 3898/1087/5
f 3822/1031/5 3901/1094/5 1518/1091/5
f 3822/1031/5 3823/1032/5 3901/1094/5
f 3823/1032/5 1519/1095/5 3901/1094/5
f 1833/1005/6 3904/1100/5 681/1098/6
f 1833/1005/6 3822/1031/5 3904/1100/5
f 3822/1031/5 1518/1091/5 3904/1100/5
f 2669/1030/5 3907/1105/7 1517/1102/7
f 2669/1030/5 1843/1029/5 3907/1105/7
f 1843/1029/5 691/1106/5 3907/1105/7
f 3819/1025/5 3910/1112/7 1515/1109/5
f 3819/1025/5 3820/1027/7 3910/1112/7
f 3820/1027/7 1516/1113/7 3910/1112/7
f 1842/1026/5 3913/1119/5 690/1116/7
f 1842/1026/5 3819/1025/5 3913/1119/5
f 3819/1025/5 1515/1109/5 3913/1119/5
f 2666/1023/9 3916/1124/9 1514/1121/9
f 2666/1023/9 1839/1022/9 3916/1124/9
f 1839/1022/9 687/1088/8 3916/1124/9
f 3816/1018/9 3919/1129/9 1512/1126/9
f 3816/1018/9 3817/1020/9 3919/1129/9
f 3817/1020/9 1513/1130/9 3919/1129/9
f 2788/1019/8 3922/1136/9 484/1133/8
f 2788/1019/8 3816/1018/9 3922/1136/9
f 3816/1018/9 1512/1126/9 3922/1136/9
f 2663/1016/9 3925/1141/9 1511/1138/9
f 2663/1016/9 1841/1015/9 3925/1141/9
f 1841/1015/9 689/1142/9 3925/1141/9
f 3813/1011/9 3928/1148/9 1509/1145/9
f 3813/1011/9 3814/1013/9 3928/1148/9
f 3814/1013/9 1510/1149/9 3928/1148/9
f 1844/1012/9 3931/1155/9 692/1152/9
f 1844/1012/9 3813/1011/9 3931/1155/9
f 3813/1011/9 1509/1145/9 3931/1155/9
f 2660/1009/10 3934/1160/10 1508/1157/10
f 2660/1009/10 2788/1008/10 3934/1160/10
f 2788/1008/10 484/1161/10 3934/1160/10
f 3810/1004/10 3937/1167/10 1506/1164/10
f 3810/1004/10 3811/1006/10 3937/1167/10
f 3811/1006/10 1507/1168/10 3937/1167/10
f 1831/1005/10 3940/1172/10 679/1098/10
f 1831/1005/10 3810/1004/10 3940/1172/10
f 3810/1004/10 1506/1164/10 3940/1172/10
f 2657/1003/10 3943/1177/10 1505/1174/10
f 2657/1003/10 2790/1002/10 3943/1177/10
f 2790/1002/10 486/1178/10 3943/1177/10
f 3807/998/10 3946/1184/10 1503/1181/10
f 3807/998/10 3808/1000/10 3946/1184/10
f 3808/1000/10 1504/1185/10 3946/1184/10
f 2786/999/10 3949/1191/10 482/1188/10
f 2786/999/10 3807/998/10 3949/1191/10
f 3807/998/10 1503/1181/10 3949/1191/10
f 2654/996/10 3952/1196/10 1502/1193/10
f 2654/996/10 2799/987/10 3952/1196/10
f 2799/987/10 495/1197/10 3952/1196/10
f 3804/993/10 3955/1203/10 1500/1200/10
f 3804/993/10 3805/995/10 3955/1203/10
f 3805/995/10 1501/1204/10 3955/1203/10
f 2768/994/10 3958/1210/10 464/1207/10
f 2768/994/10 3804/993/10 3958/1210/10
f 3804/993/10 1500/1200/10 3958/1210/10
f 2651/991/10 3961/1215/10 1499/1212/10
f 2651/991/10 2800/990/10 3961/1215/10
f 2800/990/10 496/1216/10 3961/1215/10
f 3801/986/10 3964/1222/10 1497/1219/10
f 3801/986/10 3802/988/10 3964/1222/10
f 3802/988/10 1498/1223/10 3964/1222/10
f 2799/987/10 3967/1227/10 495/1197/10
f 2799/987/10 3801/986/10 3967/1227/10
f 3801/986/10 1497/1219/10 3967/1227/10
f 2648/984/10 3970/1232/10 1496/1229/10
f 2648/984/10 2772/983/10 3970/1232/10
f 2772/983/10 468/1233/10 3970/1232/10
f 3798/979/10 3973/1239/10 1494/1236/10
f 3798/979/10 3799/981/10 3973/1239/10
f 3799/981/10 1495/1240/10 3973/1239/10
f 1865/980/10 3976/1246/10 713/1243/10
f 1865/980/10 3798/979/10 3976/1246/10
f 3798/979/10 1494/1236/10 3976/1246/10
f 2645/977/10 3979/1251/10 1493/1248/10
f 2645/977/10 2802/970/10 3979/1251/10
f 2802/970/10 498/1252/10 3979/1251/10
f 3795/975/10 3982/1258/10 1491/1255/10
f 3795/975/10 3796/976/10 3982/1258/10
f 3796/976/10 1492/1259/10 3982/1258/10
f 1849/903/10 3985/1264/10 697/1262/10
f 1849/903/10 3795/975/10 3985/1264/10
f 3795/975/10 1491/1255/10 3985/1264/10
f 2642/974/10 3988/1269/10 1490/1266/10
f 2642/974/10 2803/973/10 3988/1269/10
f 2803/973/10 499/1270/10 3988/1269/10
f 3792/969/10 3991/1276/10 1488/1273/10
f 3792/969/10 3793/971/10 3991/1276/10
f 3793/971/10 1489/1277/10 3991/1276/10
f 2802/970/10 3994/1281/10 498/1252/10
f 2802/970/10 3792/969/10 3994/1281/10
f 3792/969/10 1488/1273/10 3994/1281/10
f 2639/967/10 3997/1286/10 1487/1283/10
f 2639/967/10 2770/966/10 3997/1286/10
f 2770/966/10 466/1287/10 3997/1286/10
f 3789/962/10 4000/1293/10 1485/1290/10
f 3789/962/10 3790/964/10 4000/1293/10
f 3790/964/10 1486/1294/10 4000/1293/10
f 1868/963/10 4003/1300/10 716/1297/10
f 1868/963/10 3789/962/10 4003/1300/10
f 3789/962/10 1485/1290/10 4003/1300/10
f 2636/960/9 4006/1305/9 1484/1302/9
f 2636/960/9 2805/951/9 4006/1305/9
f 2805/951/9 501/1306/9 4006/1305/9
f 3786/957/9 4009/1312/9 1482/1309/9
f 3786/957/9 3787/959/9 4009/1312/9
f 3787/959/9 1483/1313/9 4009/1312/9
f 1862/958/9 4012/1319/9 710/1316/9
f 1862/958/9 3786/957/9 4012/1319/9
f 3786/957/9 1482/1309/9 4012/1319/9
f 2633/955/9 4015/1324/9 1481/1321/9
f 2633/955/9 2806/954/9 4015/1324/9
f 2806/954/9 502/1325/9 4015/1324/9
f 3783/950/9 4018/1331/9 1479/1328/9
f 3783/950/9 3784/952/9 4018/1331/9
f 3784/952/9 1480/1332/9 4018/1331/9
f 2805/951/9 4021/1336/9 501/1306/9
f 2805/951/9 3783/950/9 4021/1336/9
f 3783/950/9 1479/1328/9 4021/1336/9
f 2630/948/9 4024/1341/9 1478/1338/9
f 2630/948/9 1859/947/9 4024/1341/9
f 1859/947/9 707/1342/9 4024/1341/9
f 3780/943/9 4027/1348/9 1476/1345/9
f 3780/943/9 3781/945/9 4027/1348/9
f 3781/945/9 1477/1349/9 4027/1348/9
f 1871/944/9 4030/1355/9 719/1352/9
f 1871/944/9 3780/943/9 4030/1355/9
f 3780/943/9 1476/1345/9 4030/1355/9
f 2627/941/9 4033/1360/9 1475/1357/9
f 2627/941/9 2808/932/9 4033/1360/9
f 2808/932/9 504/1361/8 4033/1360/9
f 3777/938/9 4036/1367/9 1473/1364/9
f 3777/938/9 3778/940/9 4036/1367/9
f 3778/940/9 1474/1368/9 4036/1367/9
f 2770/939/8 4039/1374/9 466/1371/8
f 2770/939/8 3777/938/9 4039/1374/9
f 3777/938/9 1473/1364/9 4039/1374/9
f 2624/936/9 4042/1379/8 1472/1376/8
f 2624/936/9 2809/935/9 4042/1379/8
f 2809/935/9 505/1380/8 4042/1379/8
f 3774/931/9 4045/1386/9 1470/1383/8
f 3774/931/9 3775/933/9 4045/1386/9
f 3775/933/9 1471/1387/9 4045/1386/9
f 2808/932/9 4048/1391/8 504/1361/8
f 2808/932/9 3774/931/9 4048/1391/8
f 3774/931/9 1470/1383/8 4048/1391/8
f 2621/929/9 4051/1396/9 1469/1393/9
f 2621/929/9 1857/893/9 4051/1396/9
f 1857/893/9 705/1397/8 4051/1396/9
f 3771/926/9 4054/1403/8 1467/1400/8
f 3771/926/9 3772/928/9 4054/1403/8
f 3772/928/9 1468/1404/8 4054/1403/8
f 1874/927/9 4057/1410/9 722/1407/9
f 1874/927/9 3771/926/9 4057/1410/9
f 3771/926/9 1467/1400/8 4057/1410/9
f 2618/924/7 4060/1415/7 1466/1412/7
f 2618/924/7 2811/915/5 4060/1415/7
f 2811/915/5 507/1416/5 4060/1415/7
f 3768/921/5 4063/1422/5 1464/1419/5
f 3768/921/5 3769/923/5 4063/1422/5
f 3769/923/5 1465/1423/7 4063/1422/5
f 1860/922/5 4066/1429/7 708/1426/7
f 1860/922/5 3768/921/5 4066/1429/7
f 3768/921/5 1464/1419/5 4066/1429/7
f 2615/919/5 4069/1434/5 1463/1431/5
f 2615/919/5 2812/918/7 4069/1434/5
f 2812/918/7 508/1435/7 4069/1434/5
f 3765/914/7 4072/1441/7 1461/1438/7
f 3765/914/7 3766/916/5 4072/1441/7
f 3766/916/5 1462/1442/7 4072/1441/7
f 2811/915/5 4075/1446/7 507/1416/5
f 2811/915/5 3765/914/7 4075/1446/7
f 3765/914/7 1461/1438/7 4075/1446/7
f 2612/912/5 4078/1451/7 1460/1448/7
f 2612/912/5 1861/911/5 4078/1451/7
f 1861/911/5 709/1452/5 4078/1451/7
f 3762/907/5 4081/1458/5 1458/1455/5
f 3762/907/5 3763/909/5 4081/1458/5
f 3763/909/5 1459/1459/7 4081/1458/5
f 1877/908/5 4084/1465/5 725/1462/7
f 1877/908/5 3762/907/5 4084/1465/5
f 3762/907/5 1458/1455/5 4084/1465/5
f 2609/905/5 4087/1470/5 1457/1467/5
f 2609/905/5 2814/897/5 4087/1470/5
f 2814/897/5 510/1471/5 4087/1470/5
f 3759/902/5 4090/1477/5 1455/1474/5
f 3759/902/5 3760/904/5 4090/1477/5
f 3760/904/5 1456/1478/5 4090/1477/5
f 1851/903/6 4093/1482/5 699/1262/6
f 1851/903/6 3759/902/5 4093/1482/5
f 3759/902/5 1455/1474/5 4093/1482/5
f 2606/901/5 4096/1487/5 1454/1484/5
f 2606/901/5 2815/900/5 4096/1487/5
f 2815/900/5 511/1488/5 4096/1487/5
f 3756/896/5 4099/1494/5 1452/1491/5
f 3756/896/5 3757/898/5 4099/1494/5
f 3757/898/5 1453/1495/5 4099/1494/5
f 2814/897/5 4102/1499/7 510/1471/5
f 2814/897/5 3756/896/5 4102/1499/7
f 3756/896/5 1452/1491/5 4102/1499/7
f 2603/894/5 4105/1504/5 1451/1501/5
f 2603/894/5 1862/893/5 4105/1504/5
f 1862/893/5 710/1397/5 4105/1504/5
f 3753/889/5 4108/1509/5 1449/1506/5
f 3753/889/5 3754/891/5 4108/1509/5
f 3754/891/5 1450/1510/5 4108/1509/5
f 1880/890/5 4111/1516/5 728/1513/5
f 1880/890/5 3753/889/5 4111/1516/5
f 3753/889/5 1449/1506/5 4111/1516/5
f 2600/960/4 4114/1305/4 1448/1302/4
f 2600/960/4 2817/951/4 4114/1305/4
f 2817/951/4 513/1306/4 4114/1305/4
f 3750/957/4 4117/1312/4 1446/1309/4
f 3750/957/4 3751/959/4 4117/1312/4
f 3751/959/4 1447/1313/4 4117/1312/4
f 1848/958/4 4120/1319/4 696/1316/4
f 1848/958/4 3750/957/4 4120/1319/4
f 3750/957/4 1446/1309/4 4120/1319/4
f 2597/955/4 4123/1324/4 1445/1321/4
f 2597/955/4 2818/954/4 4123/1324/4
f 2818/954/4 514/1325/4 4123/1324/4
f 3747/950/4 4126/1331/4 1443/1328/4
f 3747/950/4 3748/952/4 4126/1331/4
f 3748/952/4 1444/1332/4 4126/1331/4
f 2817/951/4 4129/1336/4 513/1306/4
f 2817/951/4 3747/950/4 4129/1336/4
f 3747/950/4 1443/1328/4 4129/1336/4
f 2594/948/4 4132/1341/4 1442/1338/4
f 2594/948/4 1858/947/4 4132/1341/4
f 1858/947/4 706/1342/4 4132/1341/4
f 3744/943/4 4135/1348/4 1440/1345/4
f 3744/943/4 3745/945/4 4135/1348/4
f 3745/945/4 1441/1349/4 4135/1348/4
f 1883/944/4 4138/1355/4 731/1352/4
f 1883/944/4 3744/943/4 4138/1355/4
f 3744/943/4 1440/1345/4 4138/1355/4
f 2591/941/4 4141/1360/4 1439/1357/4
f 2591/941/4 2820/932/4 4141/1360/4
f 2820/932/4 516/1361/4 4141/1360/4
f 3741/938/4 4144/1367/4 1437/1364/4
f 3741/938/4 3742/940/4 4144/1367/4
f 3742/940/4 1438/1368/4 4144/1367/4
f 1850/939/4 4147/1374/4 698/1371/4
f 1850/939/4 3741/938/4 4147/1374/4
f 3741/938/4 1437/1364/4 4147/1374/4
f 2588/936/4 4150/1379/4 1436/1376/4
f 2588/936/4 2821/935/4 4150/1379/4
f 2821/935/4 517/1380/4 4150/1379/4
f 3738/931/4 4153/1386/4 1434/1383/4
f 3738/931/4 3739/933/4 4153/1386/4
f 3739/933/4 1435/1387/4 4153/1386/4
f 2820/932/4 4156/1391/4 516/1361/4
f 2820/932/4 3738/931/4 4156/1391/4
f 3738/931/4 1434/1383/4 4156/1391/4
f 2585/929/4 4159/1396/4 1433/1393/4
f 2585/929/4 1860/893/4 4159/1396/4
f 1860/893/4 708/1397/4 4159/1396/4
f 3735/926/4 4162/1403/4 1431/1400/4
f 3735/926/4 3736/928/4 4162/1403/4
f 3736/928/4 1432/1404/4 4162/1403/4
f 1886/927/4 4165/1410/4 734/1407/4
f 1886/927/4 3735/926/4 4165/1410/4
f 3735/926/4 1431/1400/4 4165/1410/4
f 2582/924/2 4168/1415/2 1430/1412/2
f 2582/924/2 2823/915/2 4168/1415/2
f 2823/915/2 519/1416/2 4168/1415/2
f 3732/921/2 4171/1422/2 1428/1419/2
f 3732/921/2 3733/923/2 4171/1422/2
f 3733/923/2 1429/1423/2 4171/1422/2
f 1857/922/2 4174/1429/2 705/1426/2
f 1857/922/2 3732/921/2 4174/1429/2
f 3732/921/2 1428/1419/2 4174/1429/2
f 2579/919/2 4177/1434/2 1427/1431/2
f 2579/919/2 2824/918/2 4177/1434/2
f 2824/918/2 520/1435/2 4177/1434/2
f 3729/914/2 4180/1441/2 1425/1438/2
f 3729/914/2 3730/916/2 4180/1441/2
f 3730/916/2 1426/1442/2 4180/1441/2
f 2823/915/2 4183/1446/2 519/1416/2
f 2823/915/2 3729/914/2 4183/1446/2
f 3729/914/2 1425/1438/2 4183/1446/2
f 2576/912/2 4186/1451/2 1424/1448/2
f 2576/912/2 1855/911/2 4186/1451/2
f 1855/911/2 703/1452/2 4186/1451/2
f 3726/907/2 4189/1458/2 1422/1455/2
f 3726/907/2 3727/909/2 4189/1458/2
f 3727/909/2 1423/1459/2 4189/1458/2
f 1889/908/2 4192/1465/2 737/1462/2
f 1889/908/2 3726/907/2 4192/1465/2
f 3726/907/2 1422/1455/2 4192/1465/2
f 2573/905/2 4195/1470/2 1421/1467/2
f 2573/905/2 2826/897/2 4195/1470/2
f 2826/897/2 522/1471/2 4195/1470/2
f 3723/902/2 4198/1477/2 1419/1474/2
f 3723/902/2 3724/904/3 4198/1477/2
f 3724/904/3 1420/1478/2 4198/1477/2
f 2767/903/3 4201/1482/3 463/1262/3
f 2767/903/3 3723/902/2 4201/1482/3
f 3723/902/2 1419/1474/2 4201/1482/3
f 2570/901/2 4204/1487/2 1418/1484/2
f 2570/901/2 2827/900/2 4204/1487/2
f 2827/900/2 523/1488/2 4204/1487/2
f 3720/896/2 4207/1494/2 1416/1491/2
f 3720/896/2 3721/898/2 4207/1494/2
f 3721/898/2 1417/1495/2 4207/1494/2
f 2826/897/2 4210/1499/2 522/1471/2
f 2826/897/2 3720/896/2 4210/1499/2
f 3720/896/2 1416/1491/2 4210/1499/2
f 2567/894/2 4213/1504/2 1415/1501/2
f 2567/894/2 1848/893/2 4213/1504/2
f 1848/893/2 696/1397/2 4213/1504/2
f 3717/889/2 4216/1509/2 1413/1506/2
f 3717/889/2 3718/891/2 4216/1509/2
f 3718/891/2 1414/1510/2 4216/1509/2
f 1892/890/2 4219/1516/2 740/1513/2
f 1892/890/2 3717/889/2 4219/1516/2
f 3717/889/2 1413/1506/2 4219/1516/2
f 2564/887/1 4222/1521/1 1412/1518/1
f 2564/887/1 2829/878/1 4222/1521/1
f 2829/878/1 525/1522/1 4222/1521/1
f 3714/884/1 4225/1528/1 1410/1525/1
f 3714/884/1 3715/886/1 4225/1528/1
f 3715/886/1 1411/1529/1 4225/1528/1
f 2765/885/1 4228/1535/1 461/1532/1
f 2765/885/1 3714/884/1 4228/1535/1
f 3714/884/1 1410/1525/1 4228/1535/1
f 2561/882/1 4231/1540/1 1409/1537/1
f 2561/882/1 2830/881/1 4231/1540/1
f 2830/881/1 526/1541/1 4231/1540/1
f 3711/877/1 4234/1547/1 1407/1544/1
f 3711/877/1 3712/879/1 4234/1547/1
f 3712/879/1 1408/1548/1 4234/1547/1
f 2829/878/1 4237/1552/1 525/1522/1
f 2829/878/1 3711/877/1 4237/1552/1
f 3711/877/1 1407/1544/1 4237/1552/1
f 2558/875/1 4240/1557/1 1406/1554/1
f 2558/875/1 2771/874/1 4240/1557/1
f 2771/874/1 467/1558/1 4240/1557/1
f 3708/870/1 4243/1564/1 1404/1561/1
f 3708/870/1 3709/872/1 4243/1564/1
f 3709/872/1 1405/1565/1 4243/1564/1
f 1895/871/1 4246/1571/1 743/1568/1
f 1895/871/1 3708/870/1 4246/1571/1
f 3708/870/1 1404/1561/1 4246/1571/1
f 2555/868/1 4249/1576/1 1403/1573/1
f 2555/868/1 2832/860/1 4249/1576/1
f 2832/860/1 528/1577/1 4249/1576/1
f 3705/865/1 4252/1583/1 1401/1580/1
f 3705/865/1 3706/867/1 4252/1583/1
f 3706/867/1 1402/1584/1 4252/1583/1
f 2763/866/1 4255/1589/1 459/1587/1
f 2763/866/1 3705/865/1 4255/1589/1
f 3705/865/1 1401/1580/1 4255/1589/1
f 2552/864/1 4258/1594/1 1400/1591/1
f 2552/864/1 2833/863/1 4258/1594/1
f 2833/863/1 529/1595/1 4258/1594/1
f 3702/859/1 4261/1601/1 1398/1598/1
f 3702/859/1 3703/861/1 4261/1601/1
f 3703/861/1 1399/1602/1 4261/1601/1
f 2832/860/1 4264/1606/1 528/1577/1
f 2832/860/1 3702/859/1 4264/1606/1
f 3702/859/1 1398/1598/1 4264/1606/1
f 2549/857/1 4267/1611/1 1397/1608/1
f 2549/857/1 2764/856/1 4267/1611/1
f 2764/856/1 460/1612/1 4267/1611/1
f 3699/852/1 4270/1618/1 1395/1615/1
f 3699/852/1 3700/854/1 4270/1618/1
f 3700/854/1 1396/1619/1 4270/1618/1
f 1898/853/1 4273/1625/1 746/1622/1
f 1898/853/1 3699/852/1 4273/1625/1
f 3699/852/1 1395/1615/1 4273/1625/1
f 2546/850/1 4276/1630/1 1394/1627/1
f 2546/850/1 2835/841/1 4276/1630/1
f 2835/841/1 531/1631/1 4276/1630/1
f 3696/847/1 4279/1637/1 1392/1634/1
f 3696/847/1 3697/849/1 4279/1637/1
f 3697/849/1 1393/1638/1 4279/1637/1
f 1970/848/1 4282/1644/1 818/1641/1
f 1970/848/1 3696/847/1 4282/1644/1
f 3696/847/1 1392/1634/1 4282/1644/1
f 2543/845/1 4285/1649/1 1391/1646/1
f 2543/845/1 2836/844/1 4285/1649/1
f 2836/844/1 532/1650/1 4285/1649/1
f 3693/840/1 4288/1656/1 1389/1653/1
f 3693/840/1 3694/842/1 4288/1656/1
f 3694/842/1 1390/1657/1 4288/1656/1
f 2835/841/1 4291/1661/1 531/1631/1
f 2835/841/1 3693/840/1 4291/1661/1
f 3693/840/1 1389/1653/1 4291/1661/1
f 2540/838/1 4294/1666/1 1388/1663/1
f 2540/838/1 2692/837/1 4294/1666/1
f 2692/837/1 388/1667/1 4294/1666/1
f 3690/833/1 4297/1673/1 1386/1670/1
f 3690/833/1 3691/835/1 4297/1673/1
f 3691/835/1 1387/1674/1 4297/1673/1
f 1973/834/1 4300/1680/1 821/1677/1
f 1973/834/1 3690/833/1 4300/1680/1
f 3690/833/1 1386/1670/1 4300/1680/1
f 2537/831/1 4303/1685/1 1385/1682/1
f 2537/831/1 2838/824/1 4303/1685/1
f 2838/824/1 534/1686/1 4303/1685/1
f 3687/829/1 4306/1692/1 1383/1689/1
f 3687/829/1 3688/830/1 4306/1692/1
f 3688/830/1 1384/1693/1 4306/1692/1
f 2760/801/1 4309/1699/1 456/1696/1
f 2760/801/1 3687/829/1 4309/1699/1
f 3687/829/1 1383/1689/1 4309/1699/1
f 2534/828/1 4312/1704/1 1382/1701/1
f 2534/828/1 2839/827/1 4312/1704/1
f 2839/827/1 535/1705/1 4312/1704/1
f 3684/823/1 4315/1711/1 1380/1708/1
f 3684/823/1 3685/825/1 4315/1711/1
f 3685/825/1 1381/1712/1 4315/1711/1
f 2838/824/1 4318/1716/1 534/1686/1
f 2838/824/1 3684/823/1 4318/1716/1
f 3684/823/1 1380/1708/1 4318/1716/1
f 2531/821/1 4321/1721/1 1379/1718/1
f 2531/821/1 2761/820/1 4321/1721/1
f 2761/820/1 457/1722/1 4321/1721/1
f 3681/816/1 4324/1728/1 1377/1725/1
f 3681/816/1 3682/818/1 4324/1728/1
f 3682/818/1 1378/1729/1 4324/1728/1
f 1976/817/1 4327/1735/1 824/1732/1
f 1976/817/1 3681/816/1 4327/1735/1
f 3681/816/1 1377/1725/1 4327/1735/1
f 2528/814/1 4330/1740/1 1376/1737/1
f 2528/814/1 2841/805/1 4330/1740/1
f 2841/805/1 537/1741/1 4330/1740/1
f 3678/811/1 4333/1747/1 1374/1744/1
f 3678/811/1 3679/813/1 4333/1747/1
f 3679/813/1 1375/1748/1 4333/1747/1
f 2691/812/1 4336/1753/1 387/1751/1
f 2691/812/1 3678/811/1 4336/1753/1
f 3678/811/1 1374/1744/1 4336/1753/1
f 2525/809/1 4339/1758/1 1373/1755/1
f 2525/809/1 2842/808/1 4339/1758/1
f 2842/808/1 538/1759/1 4339/1758/1
f 3675/804/1 4342/1765/1 1371/1762/1
f 3675/804/1 3676/806/1 4342/1765/1
f 3676/806/1 1372/1766/1 4342/1765/1
f 2841/805/1 4345/1770/1 537/1741/1
f 2841/805/1 3675/804/1 4345/1770/1
f 3675/804/1 1371/1762/1 4345/1770/1
f 2522/802/1 4348/1775/1 1370/1772/1
f 2522/802/1 2760/801/1 4348/1775/1
f 2760/801/1 456/1696/1 4348/1775/1
f 3672/797/1 4351/1780/1 1368/1777/1
f 3672/797/1 3673/799/1 4351/1780/1
f 3673/799/1 1369/1781/1 4351/1780/1
f 1979/798/1 4354/1787/1 827/1784/1
f 1979/798/1 3672/797/1 4354/1787/1
f 3672/797/1 1368/1777/1 4354/1787/1
f 2519/795/1 4357/1792/1 1367/1789/1
f 2519/795/1 2844/786/1 4357/1792/1
f 2844/786/1 540/1793/1 4357/1792/1
f 3669/792/1 4360/1799/1 1365/1796/1
f 3669/792/1 3670/794/1 4360/1799/1
f 3670/794/1 1366/1800/1 4360/1799/1
f 1967/793/1 4363/1806/1 815/1803/1
f 1967/793/1 3669/792/1 4363/1806/1
f 3669/792/1 1365/1796/1 4363/1806/1
f 2516/790/1 4366/1811/1 1364/1808/1
f 2516/790/1 2845/789/1 4366/1811/1
f 2845/789/1 541/1812/1 4366/1811/1
f 3666/785/1 4369/1818/1 1362/1815/1
f 3666/785/1 3667/787/1 4369/1818/1
f 3667/787/1 1363/1819/1 4369/1818/1
f 2844/786/1 4372/1823/1 540/1793/1
f 2844/786/1 3666/785/1 4372/1823/1
f 3666/785/1 1362/1815/1 4372/1823/1
f 2513/783/1 4375/1828/1 1361/1825/1
f 2513/783/1 2699/782/1 4375/1828/1
f 2699/782/1 395/1829/1 4375/1828/1
f 3663/778/1 4378/1835/1 1359/1832/1
f 3663/778/1 3664/780/1 4378/1835/1
f 3664/780/1 1360/1836/1 4378/1835/1
f 1982/779/1 4381/1842/1 830/1839/1
f 1982/779/1 3663/778/1 4381/1842/1
f 3663/778/1 1359/1832/1 4381/1842/1
f 2510/776/1 4384/1847/1 1358/1844/1
f 2510/776/1 2847/769/1 4384/1847/1
f 2847/769/1 543/1848/1 4384/1847/1
f 3660/774/1 4387/1854/1 1356/1851/1
f 3660/774/1 3661/775/1 4387/1854/1
f 3661/775/1 1357/1855/1 4387/1854/1
f 2757/746/1 4390/1861/1 453/1858/1
f 2757/746/1 3660/774/1 4390/1861/1
f 3660/774/1 1356/1851/1 4390/1861/1
f 2507/773/1 4393/1866/1 1355/1863/1
f 2507/773/1 2848/772/1 4393/1866/1
f 2848/772/1 544/1867/1 4393/1866/1
f 3657/768/1 4396/1873/1 1353/1870/1
f 3657/768/1 3658/770/1 4396/1873/1
f 3658/770/1 1354/1874/1 4396/1873/1
f 2847/769/1 4399/1878/1 543/1848/1
f 2847/769/1 3657/768/1 4399/1878/1
f 3657/768/1 1353/1870/1 4399/1878/1
f 2504/766/1 4402/1883/1 1352/1880/1
f 2504/766/1 2758/765/1 4402/1883/1
f 2758/765/1 454/1884/1 4402/1883/1
f 3654/761/1 4405/1890/1 1350/1887/1
f 3654/761/1 3655/763/1 4405/1890/1
f 3655/763/1 1351/1891/1 4405/1890/1
f 1985/762/1 4408/1897/1 833/1894/1
f 1985/762/1 3654/761/1 4408/1897/1
f 3654/761/1 1350/1887/1 4408/1897/1
f 2501/759/1 4411/1902/1 1349/1899/1
f 2501/759/1 2850/750/1 4411/1902/1
f 2850/750/1 546/1903/1 4411/1902/1
f 3651/756/1 4414/1909/1 1347/1906/1
f 3651/756/1 3652/758/1 4414/1909/1
f 3652/758/1 1348/1910/1 4414/1909/1
f 2693/757/1 4417/1916/1 389/1913/1
f 2693/757/1 3651/756/1 4417/1916/1
f 3651/756/1 1347/1906/1 4417/1916/1
f 2498/754/1 4420/1921/1 1346/1918/1
f 2498/754/1 2851/753/1 4420/1921/1
f 2851/753/1 547/1922/1 4420/1921/1
f 3648/749/1 4423/1928/1 1344/1925/1
f 3648/749/1 3649/751/1 4423/1928/1
f 3649/751/1 1345/1929/1 4423/1928/1
f 2850/750/1 4426/1933/1 546/1903/1
f 2850/750/1 3648/749/1 4426/1933/1
f 3648/749/1 1344/1925/1 4426/1933/1
f 2495/747/1 4429/1938/1 1343/1935/1
f 2495/747/1 2757/746/1 4429/1938/1
f 2757/746/1 453/1858/1 4429/1938/1
f 3645/742/1 4432/1943/1 1341/1940/1
f 3645/742/1 3646/744/1 4432/1943/1
f 3646/744/1 1342/1944/1 4432/1943/1
f 1988/743/1 4435/1950/1 836/1947/1
f 1988/743/1 3645/742/1 4435/1950/1
f 3645/742/1 1341/1940/1 4435/1950/1
f 2492/740/2 4438/1955/2 1340/1952/2
f 2492/740/2 2853/731/2 4438/1955/2
f 2853/731/2 549/1956/2 4438/1955/2
f 3642/737/2 4441/1962/2 1338/1959/2
f 3642/737/2 3643/739/2 4441/1962/2
f 3643/739/2 1339/1963/2 4441/1962/2
f 1964/738/2 4444/1969/2 812/1966/2
f 1964/738/2 3642/737/2 4444/1969/2
f 3642/737/2 1338/1959/2 4444/1969/2
f 2489/735/2 4447/1974/2 1337/1971/2
f 2489/735/2 2854/734/2 4447/1974/2
f 2854/734/2 550/1975/2 4447/1974/2
f 3639/730/2 4450/1981/2 1335/1978/2
f 3639/730/2 3640/732/2 4450/1981/2
f 3640/732/2 1336/1982/2 4450/1981/2
f 2853/731/2 4453/1986/2 549/1956/2
f 2853/731/2 3639/730/2 4453/1986/2
f 3639/730/2 1335/1978/2 4453/1986/2
f 2486/728/2 4456/1991/2 1334/1988/2
f 2486/728/2 1920/621/2 4456/1991/2
f 1920/621/2 768/1992/2 4456/1991/2
f 3636/725/2 4459/1998/2 1332/1995/2
f 3636/725/2 3637/727/2 4459/1998/2
f 3637/727/2 1333/1999/2 4459/1998/2
f 1991/726/2 4462/2005/2 839/2002/2
f 1991/726/2 3636/725/2 4462/2005/2
f 3636/725/2 1332/1995/2 4462/2005/2
f 2483/723/2 4465/2010/2 1331/2007/2
f 2483/723/2 2856/716/2 4465/2010/2
f 2856/716/2 552/2011/2 4465/2010/2
f 3633/721/2 4468/2017/2 1329/2014/2
f 3633/721/2 3634/722/2 4468/2017/2
f 3634/722/2 1330/2018/2 4468/2017/2
f 2754/695/2 4471/2024/2 450/2021/2
f 2754/695/2 3633/721/2 4471/2024/2
f 3633/721/2 1329/2014/2 4471/2024/2
f 2480/720/2 4474/2029/2 1328/2026/2
f 2480/720/2 2857/719/2 4474/2029/2
f 2857/719/2 553/2030/2 4474/2029/2
f 3630/715/2 4477/2036/2 1326/2033/2
f 3630/715/2 3631/717/2 4477/2036/2
f 3631/717/2 1327/2037/2 4477/2036/2
f 2856/716/2 4480/2041/2 552/2011/2
f 2856/716/2 3630/715/2 4480/2041/2
f 3630/715/2 1326/2033/2 4480/2041/2
f 2477/713/2 4483/2046/2 1325/2043/2
f 2477/713/2 2755/712/2 4483/2046/2
f 2755/712/2 451/2047/2 4483/2046/2
f 3627/708/2 4486/2053/2 1323/2050/2
f 3627/708/2 3628/710/2 4486/2053/2
f 3628/710/2 1324/2054/2 4486/2053/2
f 1994/709/2 4489/2060/2 842/2057/2
f 1994/709/2 3627/708/2 4489/2060/2
f 3627/708/2 1323/2050/2 4489/2060/2
f 2474/706/2 4492/2065/2 1322/2062/2
f 2474/706/2 2859/699/2 4492/2065/2
f 2859/699/2 555/2066/2 4492/2065/2
f 3624/704/2 4495/2072/2 1320/2069/2
f 3624/704/2 3625/705/2 4495/2072/2
f 3625/705/2 1321/2073/2 4495/2072/2
f 2695/486/3 4498/2078/2 391/2076/3
f 2695/486/3 3624/704/2 4498/2078/2
f 3624/704/2 1320/2069/2 4498/2078/2
f 2471/703/2 4501/2083/2 1319/2080/2
f 2471/703/2 2860/702/2 4501/2083/2
f 2860/702/2 556/2084/2 4501/2083/2
f 3621/698/2 4504/2090/2 1317/2087/2
f 3621/698/2 3622/700/2 4504/2090/2
f 3622/700/2 1318/2091/2 4504/2090/2
f 2859/699/2 4507/2095/2 555/2066/2
f 2859/699/2 3621/698/2 4507/2095/2
f 3621/698/2 1317/2087/2 4507/2095/2
f 2468/696/2 4510/2100/2 1316/2097/2
f 2468/696/2 2754/695/2 4510/2100/2
f 2754/695/2 450/2021/2 4510/2100/2
f 3618/691/2 4513/2105/2 1314/2102/2
f 3618/691/2 3619/693/2 4513/2105/2
f 3619/693/2 1315/2106/2 4513/2105/2
f 1997/692/2 4516/2112/2 845/2109/2
f 1997/692/2 3618/691/2 4516/2112/2
f 3618/691/2 1314/2102/2 4516/2112/2
f 2465/689/2 4519/2117/2 1313/2114/2
f 2465/689/2 2862/680/2 4519/2117/2
f 2862/680/2 558/2118/2 4519/2117/2
f 3615/686/2 4522/2124/2 1311/2121/2
f 3615/686/2 3616/688/2 4522/2124/2
f 3616/688/2 1312/2125/2 4522/2124/2
f 1961/687/2 4525/2131/2 809/2128/2
f 1961/687/2 3615/686/2 4525/2131/2
f 3615/686/2 1311/2121/2 4525/2131/2
f 2462/684/2 4528/2136/3 1310/2133/2
f 2462/684/2 2863/683/2 4528/2136/3
f 2863/683/2 559/2137/3 4528/2136/3
f 3612/679/2 4531/2143/2 1308/2140/2
f 3612/679/2 3613/681/2 4531/2143/2
f 3613/681/2 1309/2144/2 4531/2143/2
f 2862/680/2 4534/2148/2 558/2118/2
f 2862/680/2 3612/679/2 4534/2148/2
f 3612/679/2 1308/2140/2 4534/2148/2
f 2459/677/2 4537/2153/2 1307/2150/2
f 2459/677/2 1927/676/2 4537/2153/2
f 1927/676/2 775/2154/2 4537/2153/2
f 3609/672/2 4540/2160/2 1305/2157/2
f 3609/672/2 3610/674/2 4540/2160/2
f 3610/674/2 1306/2161/2 4540/2160/2
f 2000/673/2 4543/2167/2 848/2164/2
f 2000/673/2 3609/672/2 4543/2167/2
f 3609/672/2 1305/2157/2 4543/2167/2
f 2456/670/2 4546/2172/2 1304/2169/2
f 2456/670/2 2865/663/2 4546/2172/2
f 2865/663/2 561/2173/2 4546/2172/2
f 3606/668/2 4549/2179/2 1302/2176/2
f 3606/668/2 3607/669/2 4549/2179/2
f 3607/669/2 1303/2180/2 4549/2179/2
f 2751/640/2 4552/2186/2 447/2183/2
f 2751/640/2 3606/668/2 4552/2186/2
f 3606/668/2 1302/2176/2 4552/2186/2
f 2453/667/2 4555/2191/2 1301/2188/11
f 2453/667/2 2866/666/2 4555/2191/2
f 2866/666/2 562/2192/2 4555/2191/2
f 3603/662/3 4558/2198/2 1299/2195/3
f 3603/662/3 3604/664/2 4558/2198/2
f 3604/664/2 1300/2199/11 4558/2198/2
f 2865/663/2 4561/2203/11 561/2173/2
f 2865/663/2 3603/662/3 4561/2203/11
f 3603/662/3 1299/2195/3 4561/2203/11
f 2450/660/2 4564/2208/2 1298/2205/3
f 2450/660/2 2752/659/2 4564/2208/2
f 2752/659/2 448/2209/2 4564/2208/2
f 3600/655/2 4567/2215/11 1296/2212/3
f 3600/655/2 3601/657/3 4567/2215/11
f 3601/657/3 1297/2216/3 4567/2215/11
f 2003/656/2 4570/2222/2 851/2219/2
f 2003/656/2 3600/655/2 4570/2222/2
f 3600/655/2 1296/2212/3 4570/2222/2
f 2447/653/2 4573/2227/2 1295/2224/2
f 2447/653/2 2868/644/2 4573/2227/2
f 2868/644/2 564/2228/2 4573/2227/2
f 3597/650/2 4576/2234/2 1293/2231/2
f 3597/650/2 3598/652/2 4576/2234/2
f 3598/652/2 1294/2235/2 4576/2234/2
f 1929/651/2 4579/2241/2 777/2238/2
f 1929/651/2 3597/650/2 4579/2241/2
f 3597/650/2 1293/2231/2 4579/2241/2
f 2444/648/2 4582/2246/2 1292/2243/2
f 2444/648/2 2869/647/2 4582/2246/2
f 2869/647/2 565/2247/2 4582/2246/2
f 3594/643/2 4585/2253/2 1290/2250/2
f 3594/643/2 3595/645/2 4585/2253/2
f 3595/645/2 1291/2254/2 4585/2253/2
f 2868/644/2 4588/2258/2 564/2228/2
f 2868/644/2 3594/643/2 4588/2258/2
f 3594/643/2 1290/2250/2 4588/2258/2
f 2441/641/2 4591/2263/2 1289/2260/2
f 2441/641/2 2751/640/2 4591/2263/2
f 2751/640/2 447/2183/2 4591/2263/2
f 3591/636/2 4594/2268/2 1287/2265/2
f 3591/636/2 3592/638/2 4594/2268/2
f 3592/638/2 1288/2269/2 4594/2268/2
f 2006/637/2 4597/2275/2 854/2272/2
f 2006/637/2 3591/636/2 4597/2275/2
f 3591/636/2 1287/2265/2 4597/2275/2
f 2438/634/4 4600/2280/4 1286/2277/4
f 2438/634/4 2871/625/4 4600/2280/4
f 2871/625/4 567/2281/4 4600/2280/4
f 3588/631/4 4603/2287/4 1284/2284/4
f 3588/631/4 3589/633/4 4603/2287/4
f 3589/633/4 1285/2288/4 4603/2287/4
f 1958/632/4 4606/2294/4 806/2291/4
f 1958/632/4 3588/631/4 4606/2294/4
f 3588/631/4 1284/2284/4 4606/2294/4
f 2435/629/4 4609/2299/4 1283/2296/4
f 2435/629/4 2872/628/4 4609/2299/4
f 2872/628/4 568/2300/4 4609/2299/4
f 3585/624/4 4612/2306/4 1281/2303/4
f 3585/624/4 3586/626/4 4612/2306/4
f 3586/626/4 1282/2307/4 4612/2306/4
f 2871/625/4 4615/2311/4 567/2281/4
f 2871/625/4 3585/624/4 4615/2311/4
f 3585/624/4 1281/2303/4 4615/2311/4
f 2432/622/4 4618/2316/4 1280/2313/4
f 2432/622/4 1932/621/4 4618/2316/4
f 1932/621/4 780/1992/4 4618/2316/4
f 3582/617/4 4621/2321/4 1278/2318/4
f 3582/617/4 3583/619/4 4621/2321/4
f 3583/619/4 1279/2322/4 4621/2321/4
f 2009/618/4 4624/2328/4 857/2325/4
f 2009/618/4 3582/617/4 4624/2328/4
f 3582/617/4 1278/2318/4 4624/2328/4
f 2429/615/4 4627/2333/4 1277/2330/4
f 2429/615/4 2874/608/4 4627/2333/4
f 2874/608/4 570/2334/4 4627/2333/4
f 3579/613/4 4630/2340/4 1275/2337/4
f 3579/613/4 3580/614/4 4630/2340/4
f 3580/614/4 1276/2341/4 4630/2340/4
f 2748/585/4 4633/2347/4 444/2344/4
f 2748/585/4 3579/613/4 4633/2347/4
f 3579/613/4 1275/2337/4 4633/2347/4
f 2426/612/4 4636/2352/4 1274/2349/4
f 2426/612/4 2875/611/4 4636/2352/4
f 2875/611/4 571/2353/4 4636/2352/4
f 3576/607/4 4639/2359/4 1272/2356/4
f 3576/607/4 3577/609/4 4639/2359/4
f 3577/609/4 1273/2360/4 4639/2359/4
f 2874/608/4 4642/2364/4 570/2334/4
f 2874/608/4 3576/607/4 4642/2364/4
f 3576/607/4 1272/2356/4 4642/2364/4
f 2423/605/4 4645/2369/4 1271/2366/4
f 2423/605/4 2749/604/4 4645/2369/4
f 2749/604/4 445/2370/4 4645/2369/4
f 3573/600/4 4648/2376/4 1269/2373/4
f 3573/600/4 3574/602/4 4648/2376/4
f 3574/602/4 1270/2377/4 4648/2376/4
f 2012/601/4 4651/2383/4 860/2380/4
f 2012/601/4 3573/600/4 4651/2383/4
f 3573/600/4 1269/2373/4 4651/2383/4
f 2420/598/4 4654/2388/4 1268/2385/4
f 2420/598/4 2877/589/4 4654/2388/4
f 2877/589/4 573/2389/4 4654/2388/4
f 3570/595/4 4657/2395/4 1266/2392/4
f 3570/595/4 3571/597/4 4657/2395/4
f 3571/597/4 1267/2396/4 4657/2395/4
f 1922/596/4 4660/2402/4 770/2399/4
f 1922/596/4 3570/595/4 4660/2402/4
f 3570/595/4 1266/2392/4 4660/2402/4
f 2417/593/4 4663/2407/4 1265/2404/4
f 2417/593/4 2878/592/4 4663/2407/4
f 2878/592/4 574/2408/4 4663/2407/4
f 3567/588/4 4666/2414/4 1263/2411/4
f 3567/588/4 3568/590/4 4666/2414/4
f 3568/590/4 1264/2415/4 4666/2414/4
f 2877/589/4 4669/2419/4 573/2389/4
f 2877/589/4 3567/588/4 4669/2419/4
f 3567/588/4 1263/2411/4 4669/2419/4
f 2414/586/4 4672/2424/4 1262/2421/4
f 2414/586/4 2748/585/4 4672/2424/4
f 2748/585/4 444/2344/4 4672/2424/4
f 3564/581/4 4675/2429/4 1260/2426/4
f 3564/581/4 3565/583/4 4675/2429/4
f 3565/583/4 1261/2430/4 4675/2429/4
f 2015/582/4 4678/2436/4 863/2433/4
f 2015/582/4 3564/581/4 4678/2436/4
f 3564/581/4 1260/2426/4 4678/2436/4
f 2411/579/4 4681/2441/4 1259/2438/4
f 2411/579/4 2880/570/4 4681/2441/4
f 2880/570/4 576/2442/4 4681/2441/4
f 3561/576/4 4684/2448/4 1257/2445/4
f 3561/576/4 3562/578/4 4684/2448/4
f 3562/578/4 1258/2449/4 4684/2448/4
f 1955/577/4 4687/2455/4 803/2452/4
f 1955/577/4 3561/576/4 4687/2455/4
f 3561/576/4 1257/2445/4 4687/2455/4
f 2408/574/4 4690/2460/4 1256/2457/4
f 2408/574/4 2881/573/4 4690/2460/4
f 2881/573/4 577/2461/4 4690/2460/4
f 3558/569/4 4693/2467/4 1254/2464/4
f 3558/569/4 3559/571/4 4693/2467/4
f 3559/571/4 1255/2468/4 4693/2467/4
f 2880/570/4 4696/2472/4 576/2442/4
f 2880/570/4 3558/569/4 4696/2472/4
f 3558/569/4 1254/2464/4 4696/2472/4
f 2405/567/4 4699/2477/4 1253/2474/4
f 2405/567/4 1930/566/4 4699/2477/4
f 1930/566/4 778/2478/4 4699/2477/4
f 3555/562/4 4702/2484/4 1251/2481/4
f 3555/562/4 3556/564/4 4702/2484/4
f 3556/564/4 1252/2485/4 4702/2484/4
f 2018/563/4 4705/2491/4 866/2488/4
f 2018/563/4 3555/562/4 4705/2491/4
f 3555/562/4 1251/2481/4 4705/2491/4
f 2402/560/4 4708/2496/4 1250/2493/4
f 2402/560/4 2883/553/4 4708/2496/4
f 2883/553/4 579/2497/4 4708/2496/4
f 3552/558/4 4711/2503/4 1248/2500/4
f 3552/558/4 3553/559/4 4711/2503/4
f 3553/559/4 1249/2504/4 4711/2503/4
f 2745/530/4 4714/2510/4 441/2507/4
f 2745/530/4 3552/558/4 4714/2510/4
f 3552/558/4 1248/2500/4 4714/2510/4
f 2399/557/4 4717/2515/4 1247/2512/4
f 2399/557/4 2884/556/4 4717/2515/4
f 2884/556/4 580/2516/4 4717/2515/4
f 3549/552/4 4720/2522/4 1245/2519/4
f 3549/552/4 3550/554/4 4720/2522/4
f 3550/554/4 1246/2523/4 4720/2522/4
f 2883/553/4 4723/2527/4 579/2497/4
f 2883/553/4 3549/552/4 4723/2527/4
f 3549/552/4 1245/2519/4 4723/2527/4
f 2396/550/4 4726/2532/4 1244/2529/4
f 2396/550/4 2746/549/4 4726/2532/4
f 2746/549/4 442/2533/4 4726/2532/4
f 3546/545/4 4729/2539/4 1242/2536/4
f 3546/545/4 3547/547/4 4729/2539/4
f 3547/547/4 1243/2540/4 4729/2539/4
f 2021/546/4 4732/2546/4 869/2543/4
f 2021/546/4 3546/545/4 4732/2546/4
f 3546/545/4 1242/2536/4 4732/2546/4
f 2393/543/4 4735/2551/4 1241/2548/4
f 2393/543/4 2886/534/4 4735/2551/4
f 2886/534/4 582/2552/4 4735/2551/4
f 3543/540/4 4738/2558/4 1239/2555/4
f 3543/540/4 3544/542/4 4738/2558/4
f 3544/542/4 1240/2559/4 4738/2558/4
f 1920/541/4 4741/2565/4 768/2562/4
f 1920/541/4 3543/540/4 4741/2565/4
f 3543/540/4 1239/2555/4 4741/2565/4
f 2390/538/4 4744/2570/4 1238/2567/4
f 2390/538/4 2887/537/4 4744/2570/4
f 2887/537/4 583/2571/4 4744/2570/4
f 3540/533/4 4747/2577/4 1236/2574/4
f 3540/533/4 3541/535/4 4747/2577/4
f 3541/535/4 1237/2578/4 4747/2577/4
f 2886/534/4 4750/2582/4 582/2552/4
f 2886/534/4 3540/533/4 4750/2582/4
f 3540/533/4 1236/2574/4 4750/2582/4
f 2387/531/4 4753/2587/4 1235/2584/4
f 2387/531/4 2745/530/4 4753/2587/4
f 2745/530/4 441/2507/4 4753/2587/4
f 3537/526/4 4756/2592/4 1233/2589/4
f 3537/526/4 3538/528/4 4756/2592/4
f 3538/528/4 1234/2593/4 4756/2592/4
f 2024/527/4 4759/2599/4 872/2596/4
f 2024/527/4 3537/526/4 4759/2599/4
f 3537/526/4 1233/2589/4 4759/2599/4
f 2384/740/5 4762/1955/5 1232/1952/5
f 2384/740/5 2889/731/5 4762/1955/5
f 2889/731/5 585/1956/5 4762/1955/5
f 3534/737/5 4765/1962/5 1230/1959/5
f 3534/737/5 3535/739/5 4765/1962/5
f 3535/739/5 1231/1963/5 4765/1962/5
f 1952/738/5 4768/1969/5 800/1966/5
f 1952/738/5 3534/737/5 4768/1969/5
f 3534/737/5 1230/1959/5 4768/1969/5
f 2381/735/5 4771/1974/5 1229/1971/5
f 2381/735/5 2890/734/5 4771/1974/5
f 2890/734/5 586/1975/5 4771/1974/5
f 3531/730/5 4774/1981/5 1227/1978/5
f 3531/730/5 3532/732/5 4774/1981/5
f 3532/732/5 1228/1982/5 4774/1981/5
f 2889/731/5 4777/1986/5 585/1956/5
f 2889/731/5 3531/730/5 4777/1986/5
f 3531/730/5 1227/1978/5 4777/1986/5
f 2378/728/5 4780/1991/5 1226/1988/5
f 2378/728/5 1934/621/5 4780/1991/5
f 1934/621/5 782/1992/5 4780/1991/5
f 3528/725/5 4783/1998/5 1224/1995/5
f 3528/725/5 3529/727/5 4783/1998/5
f 3529/727/5 1225/1999/5 4783/1998/5
f 2027/726/5 4786/2005/5 875/2002/5
f 2027/726/5 3528/725/5 4786/2005/5
f 3528/725/5 1224/1995/5 4786/2005/5
f 2375/723/5 4789/2010/5 1223/2007/5
f 2375/723/5 2892/716/5 4789/2010/5
f 2892/716/5 588/2011/5 4789/2010/5
f 3525/721/7 4792/2017/5 1221/2014/5
f 3525/721/7 3526/722/7 4792/2017/5
f 3526/722/7 1222/2018/5 4792/2017/5
f 2742/695/5 4795/2024/7 438/2021/5
f 2742/695/5 3525/721/7 4795/2024/7
f 3525/721/7 1221/2014/5 4795/2024/7
f 2372/720/5 4798/2029/5 1220/2026/5
f 2372/720/5 2893/719/5 4798/2029/5
f 2893/719/5 589/2030/5 4798/2029/5
f 3522/715/5 4801/2036/5 1218/2033/5
f 3522/715/5 3523/717/5 4801/2036/5
f 3523/717/5 1219/2037/5 4801/2036/5
f 2892/716/5 4804/2041/5 588/2011/5
f 2892/716/5 3522/715/5 4804/2041/5
f 3522/715/5 1218/2033/5 4804/2041/5
f 2369/713/5 4807/2046/5 1217/2043/5
f 2369/713/5 2743/712/5 4807/2046/5
f 2743/712/5 439/2047/5 4807/2046/5
f 3519/708/5 4810/2053/5 1215/2050/5
f 3519/708/5 3520/710/5 4810/2053/5
f 3520/710/5 1216/2054/5 4810/2053/5
f 2030/709/5 4813/2060/5 878/2057/5
f 2030/709/5 3519/708/5 4813/2060/5
f 3519/708/5 1215/2050/5 4813/2060/5
f 2366/706/5 4816/2065/5 1214/2062/5
f 2366/706/5 2895/699/5 4816/2065/5
f 2895/699/5 591/2066/5 4816/2065/5
f 3516/704/5 4819/2072/5 1212/2069/5
f 3516/704/5 3517/705/6 4819/2072/5
f 3517/705/6 1213/2073/5 4819/2072/5
f 1923/486/6 4822/2078/5 771/2076/6
f 1923/486/6 3516/704/5 4822/2078/5
f 3516/704/5 1212/2069/5 4822/2078/5
f 2363/703/5 4825/2083/5 1211/2080/5
f 2363/703/5 2896/702/5 4825/2083/5
f 2896/702/5 592/2084/5 4825/2083/5
f 3513/698/5 4828/2090/5 1209/2087/5
f 3513/698/5 3514/700/5 4828/2090/5
f 3514/700/5 1210/2091/5 4828/2090/5
f 2895/699/5 4831/2095/5 591/2066/5
f 2895/699/5 3513/698/5 4831/2095/5
f 3513/698/5 1209/2087/5 4831/2095/5
f 2360/696/5 4834/2100/5 1208/2097/5
f 2360/696/5 2742/695/5 4834/2100/5
f 2742/695/5 438/2021/5 4834/2100/5
f 3510/691/5 4837/2105/5 1206/2102/5
f 3510/691/5 3511/693/5 4837/2105/5
f 3511/693/5 1207/2106/5 4837/2105/5
f 2033/692/5 4840/2112/5 881/2109/5
f 2033/692/5 3510/691/5 4840/2112/5
f 3510/691/5 1206/2102/5 4840/2112/5
f 2357/689/5 4843/2117/5 1205/2114/7
f 2357/689/5 2898/680/5 4843/2117/5
f 2898/680/5 594/2118/5 4843/2117/5
f 3507/686/5 4846/2124/7 1203/2121/5
f 3507/686/5 3508/688/7 4846/2124/7
f 3508/688/7 1204/2125/7 4846/2124/7
f 1949/687/5 4849/2131/5 797/2128/5
f 1949/687/5 3507/686/5 4849/2131/5
f 3507/686/5 1203/2121/5 4849/2131/5
f 2354/684/5 4852/2136/5 1202/2133/5
f 2354/684/5 2899/683/5 4852/2136/5
f 2899/683/5 595/2137/7 4852/2136/5
f 3504/679/5 4855/2143/7 1200/2140/5
f 3504/679/5 3505/681/5 4855/2143/7
f 3505/681/5 1201/2144/7 4855/2143/7
f 2898/680/5 4858/2148/5 594/2118/5
f 2898/680/5 3504/679/5 4858/2148/5
f 3504/679/5 1200/2140/5 4858/2148/5
f 2351/677/5 4861/2153/5 1199/2150/5
f 2351/677/5 1933/676/5 4861/2153/5
f 1933/676/5 781/2154/5 4861/2153/5
f 3501/672/5 4864/2160/5 1197/2157/5
f 3501/672/5 3502/674/7 4864/2160/5
f 3502/674/7 1198/2161/5 4864/2160/5
f 2036/673/5 4867/2167/5 884/2164/5
f 2036/673/5 3501/672/5 4867/2167/5
f 3501/672/5 1197/2157/5 4867/2167/5
f 2348/670/5 4870/2172/7 1196/2169/5
f 2348/670/5 2901/663/7 4870/2172/7
f 2901/663/7 597/2173/7 4870/2172/7
f 3498/668/5 4873/2179/7 1194/2176/5
f 3498/668/5 3499/669/7 4873/2179/7
f 3499/669/7 1195/2180/7 4873/2179/7
f 2739/640/5 4876/2186/5 435/2183/5
f 2739/640/5 3498/668/5 4876/2186/5
f 3498/668/5 1194/2176/5 4876/2186/5
f 2345/667/7 4879/2191/7 1193/2188/7
f 2345/667/7 2902/666/7 4879/2191/7
f 2902/666/7 598/2192/7 4879/2191/7
f 3495/662/5 4882/2198/7 1191/2195/7
f 3495/662/5 3496/664/5 4882/2198/7
f 3496/664/5 1192/2199/5 4882/2198/7
f 2901/663/7 4885/2203/7 597/2173/7
f 2901/663/7 3495/662/5 4885/2203/7
f 3495/662/5 1191/2195/7 4885/2203/7
f 2342/660/5 4888/2208/5 1190/2205/5
f 2342/660/5 2740/659/5 4888/2208/5
f 2740/659/5 436/2209/7 4888/2208/5
f 3492/655/7 4891/2215/7 1188/2212/7
f 3492/655/7 3493/657/5 4891/2215/7
f 3493/657/5 1189/2216/7 4891/2215/7
f 2039/656/5 4894/2222/7 887/2219/5
f 2039/656/5 3492/655/7 4894/2222/7
f 3492/655/7 1188/2212/7 4894/2222/7
f 2339/653/5 4897/2227/5 1187/2224/5
f 2339/653/5 2904/644/5 4897/2227/5
f 2904/644/5 600/2228/7 4897/2227/5
f 3489/650/5 4900/2234/7 1185/2231/7
f 3489/650/5 3490/652/7 4900/2234/7
f 3490/652/7 1186/2235/5 4900/2234/7
f 1932/651/5 4903/2241/5 780/2238/5
f 1932/651/5 3489/650/5 4903/2241/5
f 3489/650/5 1185/2231/7 4903/2241/5
f 2336/648/5 4906/2246/7 1184/2243/5
f 2336/648/5 2905/647/7 4906/2246/7
f 2905/647/7 601/2247/7 4906/2246/7
f 3486/643/5 4909/2253/7 1182/2250/5
f 3486/643/5 3487/645/5 4909/2253/7
f 3487/645/5 1183/2254/7 4909/2253/7
f 2904/644/5 4912/2258/5 600/2228/7
f 2904/644/5 3486/643/5 4912/2258/5
f 3486/643/5 1182/2250/5 4912/2258/5
f 2333/641/5 4915/2263/5 1181/2260/7
f 2333/641/5 2739/640/5 4915/2263/5
f 2739/640/5 435/2183/5 4915/2263/5
f 3483/636/5 4918/2268/5 1179/2265/5
f 3483/636/5 3484/638/5 4918/2268/5
f 3484/638/5 1180/2269/5 4918/2268/5
f 2042/637/5 4921/2275/5 890/2272/7
f 2042/637/5 3483/636/5 4921/2275/5
f 3483/636/5 1179/2265/5 4921/2275/5
f 2330/634/9 4924/2280/9 1178/2277/9
f 2330/634/9 2907/625/9 4924/2280/9
f 2907/625/9 603/2281/8 4924/2280/9
f 3480/631/9 4927/2287/8 1176/2284/8
f 3480/631/9 3481/633/9 4927/2287/8
f 3481/633/9 1177/2288/8 4927/2287/8
f 1946/632/9 4930/2294/9 794/2291/9
f 1946/632/9 3480/631/9 4930/2294/9
f 3480/631/9 1176/2284/8 4930/2294/9
f 2327/629/9 4933/2299/8 1175/2296/8
f 2327/629/9 2908/628/9 4933/2299/8
f 2908/628/9 604/2300/8 4933/2299/8
f 3477/624/9 4936/2306/9 1173/2303/8
f 3477/624/9 3478/626/9 4936/2306/9
f 3478/626/9 1174/2307/9 4936/2306/9
f 2907/625/9 4939/2311/8 603/2281/8
f 2907/625/9 3477/624/9 4939/2311/8
f 3477/624/9 1173/2303/8 4939/2311/8
f 2324/622/9 4942/2316/9 1172/2313/9
f 2324/622/9 1929/621/9 4942/2316/9
f 1929/621/9 777/1992/8 4942/2316/9
f 3474/617/9 4945/2321/8 1170/2318/8
f 3474/617/9 3475/619/9 4945/2321/8
f 3475/619/9 1171/2322/8 4945/2321/8
f 2045/618/9 4948/2328/9 893/2325/9
f 2045/618/9 3474/617/9 4948/2328/9
f 3474/617/9 1170/2318/8 4948/2328/9
f 2321/615/9 4951/2333/8 1169/2330/8
f 2321/615/9 2910/608/9 4951/2333/8
f 2910/608/9 606/2334/8 4951/2333/8
f 3471/613/9 4954/2340/9 1167/2337/8
f 3471/613/9 3472/614/9 4954/2340/9
f 3472/614/9 1168/2341/9 4954/2340/9
f 2736/585/9 4957/2347/8 432/2344/8
f 2736/585/9 3471/613/9 4957/2347/8
f 3471/613/9 1167/2337/8 4957/2347/8
f 2318/612/9 4960/2352/9 1166/2349/8
f 2318/612/9 2911/611/9 4960/2352/9
f 2911/611/9 607/2353/9 4960/2352/9
f 3468/607/9 4963/2359/9 1164/2356/9
f 3468/607/9 3469/609/9 4963/2359/9
f 3469/609/9 1165/2360/8 4963/2359/9
f 2910/608/9 4966/2364/9 606/2334/8
f 2910/608/9 3468/607/9 4966/2364/9
f 3468/607/9 1164/2356/9 4966/2364/9
f 2315/605/9 4969/2369/8 1163/2366/8
f 2315/605/9 2737/604/9 4969/2369/8
f 2737/604/9 433/2370/8 4969/2369/8
f 3465/600/9 4972/2376/9 1161/2373/8
f 3465/600/9 3466/602/9 4972/2376/9
f 3466/602/9 1162/2377/9 4972/2376/9
f 2048/601/9 4975/2383/8 896/2380/8
f 2048/601/9 3465/600/9 4975/2383/8
f 3465/600/9 1161/2373/8 4975/2383/8
f 2312/598/9 4978/2388/9 1160/2385/9
f 2312/598/9 2913/589/9 4978/2388/9
f 2913/589/9 609/2389/8 4978/2388/9
f 3462/595/9 4981/2395/9 1158/2392/9
f 3462/595/9 3463/597/9 4981/2395/9
f 3463/597/9 1159/2396/9 4981/2395/9
f 2698/596/8 4984/2402/9 394/2399/8
f 2698/596/8 3462/595/9 4984/2402/9
f 3462/595/9 1158/2392/9 4984/2402/9
f 2309/593/9 4987/2407/8 1157/2404/8
f 2309/593/9 2914/592/9 4987/2407/8
f 2914/592/9 610/2408/8 4987/2407/8
f 3459/588/9 4990/2414/9 1155/2411/8
f 3459/588/9 3460/590/9 4990/2414/9
f 3460/590/9 1156/2415/9 4990/2414/9
f 2913/589/9 4993/2419/8 609/2389/8
f 2913/589/9 3459/588/9 4993/2419/8
f 3459/588/9 1155/2411/8 4993/2419/8
f 2306/586/9 4996/2424/9 1154/2421/9
f 2306/586/9 2736/585/9 4996/2424/9
f 2736/585/9 432/2344/8 4996/2424/9
f 3456/581/9 4999/2429/8 1152/2426/8
f 3456/581/9 3457/583/9 4999/2429/8
f 3457/583/9 1153/2430/8 4999/2429/8
f 2051/582/9 5002/2436/9 899/2433/9
f 2051/582/9 3456/581/9 5002/2436/9
f 3456/581/9 1152/2426/8 5002/2436/9
f 2303/579/9 5005/2441/9 1151/2438/9
f 2303/579/9 2916/570/9 5005/2441/9
f 2916/570/9 612/2442/9 5005/2441/9
f 3453/576/9 5008/2448/9 1149/2445/9
f 3453/576/9 3454/578/9 5008/2448/9
f 3454/578/9 1150/2449/9 5008/2448/9
f 1943/577/9 5011/2455/9 791/2452/9
f 1943/577/9 3453/576/9 5011/2455/9
f 3453/576/9 1149/2445/9 5011/2455/9
f 2300/574/9 5014/2460/9 1148/2457/9
f 2300/574/9 2917/573/9 5014/2460/9
f 2917/573/9 613/2461/9 5014/2460/9
f 3450/569/9 5017/2467/9 1146/2464/9
f 3450/569/9 3451/571/9 5017/2467/9
f 3451/571/9 1147/2468/9 5017/2467/9
f 2916/570/9 5020/2472/9 612/2442/9
f 2916/570/9 3450/569/9 5020/2472/9
f 3450/569/9 1146/2464/9 5020/2472/9
f 2297/567/9 5023/2477/9 1145/2474/9
f 2297/567/9 1931/566/9 5023/2477/9
f 1931/566/9 779/2478/9 5023/2477/9
f 3447/562/9 5026/2484/9 1143/2481/9
f 3447/562/9 3448/564/9 5026/2484/9
f 3448/564/9 1144/2485/9 5026/2484/9
f 2054/563/9 5029/2491/9 902/2488/9
f 2054/563/9 3447/562/9 5029/2491/9
f 3447/562/9 1143/2481/9 5029/2491/9
f 2294/560/9 5032/2496/9 1142/2493/9
f 2294/560/9 2919/553/9 5032/2496/9
f 2919/553/9 615/2497/9 5032/2496/9
f 3444/558/9 5035/2503/9 1140/2500/9
f 3444/558/9 3445/559/9 5035/2503/9
f 3445/559/9 1141/2504/9 5035/2503/9
f 2733/530/9 5038/2510/9 429/2507/9
f 2733/530/9 3444/558/9 5038/2510/9
f 3444/558/9 1140/2500/9 5038/2510/9
f 2291/557/9 5041/2515/9 1139/2512/9
f 2291/557/9 2920/556/9 5041/2515/9
f 2920/556/9 616/2516/9 5041/2515/9
f 3441/552/9 5044/2522/9 1137/2519/9
f 3441/552/9 3442/554/9 5044/2522/9
f 3442/554/9 1138/2523/9 5044/2522/9
f 2919/553/9 5047/2527/9 615/2497/9
f 2919/553/9 3441/552/9 5047/2527/9
f 3441/552/9 1137/2519/9 5047/2527/9
f 2288/550/9 5050/2532/9 1136/2529/9
f 2288/550/9 2734/549/9 5050/2532/9
f 2734/549/9 430/2533/9 5050/2532/9
f 3438/545/9 5053/2539/9 1134/2536/9
f 3438/545/9 3439/547/9 5053/2539/9
f 3439/547/9 1135/2540/9 5053/2539/9
f 2057/546/9 5056/2546/9 905/2543/9
f 2057/546/9 3438/545/9 5056/2546/9
f 3438/545/9 1134/2536/9 5056/2546/9
f 2285/543/9 5059/2551/9 1133/2548/9
f 2285/543/9 2922/534/9 5059/2551/9
f 2922/534/9 618/2552/9 5059/2551/9
f 3435/540/9 5062/2558/9 1131/2555/9
f 3435/540/9 3436/542/9 5062/2558/9
f 3436/542/9 1132/2559/9 5062/2558/9
f 1934/541/9 5065/2565/9 782/2562/9
f 1934/541/9 3435/540/9 5065/2565/9
f 3435/540/9 1131/2555/9 5065/2565/9
f 2282/538/9 5068/2570/9 1130/2567/9
f 2282/538/9 2923/537/9 5068/2570/9
f 2923/537/9 619/2571/9 5068/2570/9
f 3432/533/9 5071/2577/9 1128/2574/9
f 3432/533/9 3433/535/9 5071/2577/9
f 3433/535/9 1129/2578/9 5071/2577/9
f 2922/534/9 5074/2582/9 618/2552/9
f 2922/534/9 3432/533/9 5074/2582/9
f 3432/533/9 1128/2574/9 5074/2582/9
f 2279/531/9 5077/2587/9 1127/2584/9
f 2279/531/9 2733/530/9 5077/2587/9
f 2733/530/9 429/2507/9 5077/2587/9
f 3429/526/9 5080/2592/9 1125/2589/9
f 3429/526/9 3430/528/9 5080/2592/9
f 3430/528/9 1126/2593/9 5080/2592/9
f 2060/527/9 5083/2599/9 908/2596/9
f 2060/527/9 3429/526/9 5083/2599/9
f 3429/526/9 1125/2589/9 5083/2599/9
f 2276/524/10 5086/2604/10 1124/2601/10
f 2276/524/10 2925/515/10 5086/2604/10
f 2925/515/10 621/2605/10 5086/2604/10
f 3426/521/10 5089/2611/10 1122/2608/10
f 3426/521/10 3427/523/10 5089/2611/10
f 3427/523/10 1123/2612/10 5089/2611/10
f 1940/522/10 5092/2618/10 788/2615/10
f 1940/522/10 3426/521/10 5092/2618/10
f 3426/521/10 1122/2608/10 5092/2618/10
f 2273/519/10 5095/2623/10 1121/2620/10
f 2273/519/10 2926/518/10 5095/2623/10
f 2926/518/10 622/2624/10 5095/2623/10
f 3423/514/10 5098/2630/10 1119/2627/10
f 3423/514/10 3424/516/10 5098/2630/10
f 3424/516/10 1120/2631/10 5098/2630/10
f 2925/515/10 5101/2635/10 621/2605/10
f 2925/515/10 3423/514/10 5101/2635/10
f 3423/514/10 1119/2627/10 5101/2635/10
f 2270/512/10 5104/2640/10 1118/2637/10
f 2270/512/10 2698/511/10 5104/2640/10
f 2698/511/10 394/2641/10 5104/2640/10
f 3420/507/10 5107/2647/10 1116/2644/10
f 3420/507/10 3421/509/10 5107/2647/10
f 3421/509/10 1117/2648/10 5107/2647/10
f 2063/508/10 5110/2654/10 911/2651/10
f 2063/508/10 3420/507/10 5110/2654/10
f 3420/507/10 1116/2644/10 5110/2654/10
f 2267/505/10 5113/2659/10 1115/2656/10
f 2267/505/10 2928/498/10 5113/2659/10
f 2928/498/10 624/2660/10 5113/2659/10
f 3417/503/10 5116/2666/10 1113/2663/10
f 3417/503/10 3418/504/10 5116/2666/10
f 3418/504/10 1114/2667/10 5116/2666/10
f 2730/475/10 5119/2673/10 426/2670/10
f 2730/475/10 3417/503/10 5119/2673/10
f 3417/503/10 1113/2663/10 5119/2673/10
f 2264/502/10 5122/2678/10 1112/2675/10
f 2264/502/10 2929/501/10 5122/2678/10
f 2929/501/10 625/2679/10 5122/2678/10
f 3414/497/10 5125/2685/10 1110/2682/10
f 3414/497/10 3415/499/10 5125/2685/10
f 3415/499/10 1111/2686/10 5125/2685/10
f 2928/498/10 5128/2690/10 624/2660/10
f 2928/498/10 3414/497/10 5128/2690/10
f 3414/497/10 1110/2682/10 5128/2690/10
f 2261/495/10 5131/2695/10 1109/2692/10
f 2261/495/10 2731/494/10 5131/2695/10
f 2731/494/10 427/2696/10 5131/2695/10
f 3411/490/10 5134/2702/10 1107/2699/10
f 3411/490/10 3412/492/10 5134/2702/10
f 3412/492/10 1108/2703/10 5134/2702/10
f 2066/491/10 5137/2709/10 914/2706/10
f 2066/491/10 3411/490/10 5137/2709/10
f 3411/490/10 1107/2699/10 5137/2709/10
f 2258/488/10 5140/2714/10 1106/2711/10
f 2258/488/10 2931/479/10 5140/2714/10
f 2931/479/10 627/2715/10 5140/2714/10
f 3408/485/10 5143/2721/10 1104/2718/10
f 3408/485/10 3409/487/10 5143/2721/10
f 3409/487/10 1105/2722/10 5143/2721/10
f 1921/486/10 5146/2726/10 769/2076/10
f 1921/486/10 3408/485/10 5146/2726/10
f 3408/485/10 1104/2718/10 5146/2726/10
f 2255/483/10 5149/2731/10 1103/2728/10
f 2255/483/10 2932/482/10 5149/2731/10
f 2932/482/10 628/2732/10 5149/2731/10
f 3405/478/10 5152/2738/10 1101/2735/10
f 3405/478/10 3406/480/10 5152/2738/10
f 3406/480/10 1102/2739/10 5152/2738/10
f 2931/479/10 5155/2743/10 627/2715/10
f 2931/479/10 3405/478/10 5155/2743/10
f 3405/478/10 1101/2735/10 5155/2743/10
f 2252/476/10 5158/2748/10 1100/2745/10
f 2252/476/10 2730/475/10 5158/2748/10
f 2730/475/10 426/2670/10 5158/2748/10
f 3402/471/10 5161/2753/10 1098/2750/10
f 3402/471/10 3403/473/10 5161/2753/10
f 3403/473/10 1099/2754/10 5161/2753/10
f 2069/472/10 5164/2760/10 917/2757/10
f 2069/472/10 3402/471/10 5164/2760/10
f 3402/471/10 1098/2750/10 5164/2760/10
f 2249/469/10 5167/2765/10 1097/2762/10
f 2249/469/10 2934/460/10 5167/2765/10
f 2934/460/10 630/2766/10 5167/2765/10
f 3399/466/10 5170/2772/10 1095/2769/10
f 3399/466/10 3400/468/10 5170/2772/10
f 3400/468/10 1096/2773/10 5170/2772/10
f 1937/467/10 5173/2779/10 785/2776/10
f 1937/467/10 3399/466/10 5173/2779/10
f 3399/466/10 1095/2769/10 5173/2779/10
f 2246/464/10 5176/2784/10 1094/2781/10
f 2246/464/10 2935/463/10 5176/2784/10
f 2935/463/10 631/2785/10 5176/2784/10
f 3396/459/10 5179/2791/10 1092/2788/10
f 3396/459/10 3397/461/10 5179/2791/10
f 3397/461/10 1093/2792/10 5179/2791/10
f 2934/460/10 5182/2796/10 630/2766/10
f 2934/460/10 3396/459/10 5182/2796/10
f 3396/459/10 1092/2788/10 5182/2796/10
f 2243/457/10 5185/2801/10 1091/2798/10
f 2243/457/10 2700/456/10 5185/2801/10
f 2700/456/10 396/2802/10 5185/2801/10
f 3393/452/10 5188/2808/10 1089/2805/10
f 3393/452/10 3394/454/10 5188/2808/10
f 3394/454/10 1090/2809/10 5188/2808/10
f 2072/453/10 5191/2815/10 920/2812/10
f 2072/453/10 3393/452/10 5191/2815/10
f 3393/452/10 1089/2805/10 5191/2815/10
f 2240/450/10 5194/2820/10 1088/2817/10
f 2240/450/10 2937/443/10 5194/2820/10
f 2937/443/10 633/2821/10 5194/2820/10
f 3390/448/10 5197/2827/10 1086/2824/10
f 3390/448/10 3391/449/10 5197/2827/10
f 3391/449/10 1087/2828/10 5197/2827/10
f 2727/420/10 5200/2834/10 423/2831/10
f 2727/420/10 3390/448/10 5200/2834/10
f 3390/448/10 1086/2824/10 5200/2834/10
f 2237/447/10 5203/2839/10 1085/2836/10
f 2237/447/10 2938/446/10 5203/2839/10
f 2938/446/10 634/2840/10 5203/2839/10
f 3387/442/10 5206/2846/10 1083/2843/10
f 3387/442/10 3388/444/10 5206/2846/10
f 3388/444/10 1084/2847/10 5206/2846/10
f 2937/443/10 5209/2851/10 633/2821/10
f 2937/443/10 3387/442/10 5209/2851/10
f 3387/442/10 1083/2843/10 5209/2851/10
f 2234/440/10 5212/2856/10 1082/2853/10
f 2234/440/10 2728/439/10 5212/2856/10
f 2728/439/10 424/2857/10 5212/2856/10
f 3384/435/10 5215/2863/10 1080/2860/10
f 3384/435/10 3385/437/10 5215/2863/10
f 3385/437/10 1081/2864/10 5215/2863/10
f 2075/436/10 5218/2870/10 923/2867/10
f 2075/436/10 3384/435/10 5218/2870/10
f 3384/435/10 1080/2860/10 5218/2870/10
f 2231/433/10 5221/2875/10 1079/2872/10
f 2231/433/10 2940/424/10 5221/2875/10
f 2940/424/10 636/2876/10 5221/2875/10
f 3381/430/10 5224/2882/10 1077/2879/10
f 3381/430/10 3382/432/10 5224/2882/10
f 3382/432/10 1078/2883/10 5224/2882/10
f 2696/431/10 5227/2889/10 392/2886/10
f 2696/431/10 3381/430/10 5227/2889/10
f 3381/430/10 1077/2879/10 5227/2889/10
f 2228/428/10 5230/2894/10 1076/2891/10
f 2228/428/10 2941/427/10 5230/2894/10
f 2941/427/10 637/2895/10 5230/2894/10
f 3378/423/10 5233/2901/10 1074/2898/10
f 3378/423/10 3379/425/10 5233/2901/10
f 3379/425/10 1075/2902/10 5233/2901/10
f 2940/424/10 5236/2906/10 636/2876/10
f 2940/424/10 3378/423/10 5236/2906/10
f 3378/423/10 1074/2898/10 5236/2906/10
f 2225/421/10 5239/2911/10 1073/2908/10
f 2225/421/10 2727/420/10 5239/2911/10
f 2727/420/10 423/2831/10 5239/2911/10
f 3375/416/10 5242/2916/10 1071/2913/10
f 3375/416/10 3376/418/10 5242/2916/10
f 3376/418/10 1072/2917/10 5242/2916/10
f 2078/417/10 5245/2923/10 926/2920/10
f 2078/417/10 3375/416/10 5245/2923/10
f 3375/416/10 1071/2913/10 5245/2923/10
f 2222/414/10 5248/2928/10 1070/2925/10
f 2222/414/10 2943/405/10 5248/2928/10
f 2943/405/10 639/2929/10 5248/2928/10
f 3372/411/10 5251/2935/10 1068/2932/10
f 3372/411/10 3373/413/10 5251/2935/10
f 3373/413/10 1069/2936/10 5251/2935/10
f 2714/412/10 5254/2942/10 410/2939/10
f 2714/412/10 3372/411/10 5254/2942/10
f 3372/411/10 1068/2932/10 5254/2942/10
f 2219/409/10 5257/2947/10 1067/2944/10
f 2219/409/10 2944/408/10 5257/2947/10
f 2944/408/10 640/2948/10 5257/2947/10
f 3369/404/10 5260/2954/10 1065/2951/10
f 3369/404/10 3370/406/10 5260/2954/10
f 3370/406/10 1066/2955/10 5260/2954/10
f 2943/405/10 5263/2959/10 639/2929/10
f 2943/405/10 3369/404/10 5263/2959/10
f 3369/404/10 1065/2951/10 5263/2959/10
f 2216/402/10 5266/2964/10 1064/2961/10
f 2216/402/10 2718/401/10 5266/2964/10
f 2718/401/10 414/2965/10 5266/2964/10
f 3366/397/10 5269/2971/10 1062/2968/10
f 3366/397/10 3367/399/10 5269/2971/10
f 3367/399/10 1063/2972/10 5269/2971/10
f 2081/398/10 5272/2978/10 929/2975/10
f 2081/398/10 3366/397/10 5272/2978/10
f 3366/397/10 1062/2968/10 5272/2978/10
f 2213/395/10 5275/2983/10 1061/2980/10
f 2213/395/10 2946/388/10 5275/2983/10
f 2946/388/10 642/2984/10 5275/2983/10
f 3363/393/10 5278/2990/10 1059/2987/10
f 3363/393/10 3364/394/10 5278/2990/10
f 3364/394/10 1060/2991/10 5278/2990/10
f 1903/321/10 5281/2996/10 751/2994/10
f 1903/321/10 3363/393/10 5281/2996/10
f 3363/393/10 1059/2987/10 5281/2996/10
f 2210/392/10 5284/3001/10 1058/2998/10
f 2210/392/10 2947/391/10 5284/3001/10
f 2947/391/10 643/3002/10 5284/3001/10
f 3360/387/10 5287/3008/10 1056/3005/10
f 3360/387/10 3361/389/10 5287/3008/10
f 3361/389/10 1057/3009/10 5287/3008/10
f 2946/388/10 5290/3013/10 642/2984/10
f 2946/388/10 3360/387/10 5290/3013/10
f 3360/387/10 1056/3005/10 5290/3013/10
f 2207/385/10 5293/3018/10 1055/3015/10
f 2207/385/10 2716/384/10 5293/3018/10
f 2716/384/10 412/3019/10 5293/3018/10
f 3357/380/10 5296/3025/10 1053/3022/10
f 3357/380/10 3358/382/10 5296/3025/10
f 3358/382/10 1054/3026/10 5296/3025/10
f 2084/381/10 5299/3032/10 932/3029/10
f 2084/381/10 3357/380/10 5299/3032/10
f 3357/380/10 1053/3022/10 5299/3032/10
f 2204/378/9 5302/3037/9 1052/3034/9
f 2204/378/9 2949/369/9 5302/3037/9
f 2949/369/9 645/3038/9 5302/3037/9
f 3354/375/9 5305/3044/9 1050/3041/9
f 3354/375/9 3355/377/9 5305/3044/9
f 3355/377/9 1051/3045/9 5305/3044/9
f 1916/376/9 5308/3051/9 764/3048/9
f 1916/376/9 3354/375/9 5308/3051/9
f 3354/375/9 1050/3041/9 5308/3051/9
f 2201/373/9 5311/3056/9 1049/3053/9
f 2201/373/9 2950/372/9 5311/3056/9
f 2950/372/9 646/3057/9 5311/3056/9
f 3351/368/9 5314/3063/9 1047/3060/9
f 3351/368/9 3352/370/9 5314/3063/9
f 3352/370/9 1048/3064/9 5314/3063/9
f 2949/369/9 5317/3068/9 645/3038/9
f 2949/369/9 3351/368/9 5317/3068/9
f 3351/368/9 1047/3060/9 5317/3068/9
f 2198/366/9 5320/3073/9 1046/3070/9
f 2198/366/9 1913/365/9 5320/3073/9
f 1913/365/9 761/3074/9 5320/3073/9
f 3348/361/9 5323/3080/9 1044/3077/9
f 3348/361/9 3349/363/9 5323/3080/9
f 3349/363/9 1045/3081/9 5323/3080/9
f 2087/362/9 5326/3087/9 935/3084/9
f 2087/362/9 3348/361/9 5326/3087/9
f 3348/361/9 1044/3077/9 5326/3087/9
f 2195/359/9 5329/3092/9 1043/3089/9
f 2195/359/9 2952/350/9 5329/3092/9
f 2952/350/9 648/3093/8 5329/3092/9
f 3345/356/9 5332/3099/9 1041/3096/9
f 3345/356/9 3346/358/9 5332/3099/9
f 3346/358/9 1042/3100/9 5332/3099/9
f 2716/357/8 5335/3106/9 412/3103/8
f 2716/357/8 3345/356/9 5335/3106/9
f 3345/356/9 1041/3096/9 5335/3106/9
f 2192/354/9 5338/3111/8 1040/3108/8
f 2192/354/9 2953/353/9 5338/3111/8
f 2953/353/9 649/3112/8 5338/3111/8
f 3342/349/9 5341/3118/9 1038/3115/8
f 3342/349/9 3343/351/9 5341/3118/9
f 3343/351/9 1039/3119/9 5341/3118/9
f 2952/350/9 5344/3123/8 648/3093/8
f 2952/350/9 3342/349/9 5344/3123/8
f 3342/349/9 1038/3115/8 5344/3123/8
f 2189/347/9 5347/3128/9 1037/3125/9
f 2189/347/9 1911/310/9 5347/3128/9
f 1911/310/9 759/3129/8 5347/3128/9
f 3339/344/9 5350/3135/8 1035/3132/8
f 3339/344/9 3340/346/9 5350/3135/8
f 3340/346/9 1036/3136/8 5350/3135/8
f 2090/345/9 5353/3142/9 938/3139/9
f 2090/345/9 3339/344/9 5353/3142/9
f 3339/344/9 1035/3132/8 5353/3142/9
f 2186/342/5 5356/3147/5 1034/3144/7
f 2186/342/5 2955/333/5 5356/3147/5
f 2955/333/5 651/3148/5 5356/3147/5
f 3336/339/5 5359/3154/7 1032/3151/5
f 3336/339/5 3337/341/5 5359/3154/7
f 3337/341/5 1033/3155/7 5359/3154/7
f 1914/340/7 5362/3161/7 762/3158/7
f 1914/340/7 3336/339/5 5362/3161/7
f 3336/339/5 1032/3151/5 5362/3161/7
f 2183/337/5 5365/3166/5 1031/3163/5
f 2183/337/5 2956/336/5 5365/3166/5
f 2956/336/5 652/3167/7 5365/3166/5
f 3333/332/7 5368/3173/7 1029/3170/7
f 3333/332/7 3334/334/7 5368/3173/7
f 3334/334/7 1030/3174/7 5368/3173/7
f 2955/333/5 5371/3178/7 651/3148/5
f 2955/333/5 3333/332/7 5371/3178/7
f 3333/332/7 1029/3170/7 5371/3178/7
f 2180/330/5 5374/3183/7 1028/3180/7
f 2180/330/5 1915/329/5 5374/3183/7
f 1915/329/5 763/3184/5 5374/3183/7
f 3330/325/5 5377/3190/5 1026/3187/5
f 3330/325/5 3331/327/5 5377/3190/5
f 3331/327/5 1027/3191/7 5377/3190/5
f 2093/326/7 5380/3197/5 941/3194/7
f 2093/326/7 3330/325/5 5380/3197/5
f 3330/325/5 1026/3187/5 5380/3197/5
f 2177/323/5 5383/3202/5 1025/3199/5
f 2177/323/5 2958/314/5 5383/3202/5
f 2958/314/5 654/3203/5 5383/3202/5
f 3327/320/5 5386/3209/5 1023/3206/5
f 3327/320/5 3328/322/5 5386/3209/5
f 3328/322/5 1024/3210/5 5386/3209/5
f 1905/321/6 5389/3214/5 753/2994/6
f 1905/321/6 3327/320/5 5389/3214/5
f 3327/320/5 1023/3206/5 5389/3214/5
f 2174/318/5 5392/3219/5 1022/3216/5
f 2174/318/5 2959/317/5 5392/3219/5
f 2959/317/5 655/3220/5 5392/3219/5
f 3324/313/5 5395/3226/5 1020/3223/5
f 3324/313/5 3325/315/5 5395/3226/5
f 3325/315/5 1021/3227/5 5395/3226/5
f 2958/314/5 5398/3231/5 654/3203/5
f 2958/314/5 3324/313/5 5398/3231/5
f 3324/313/5 1020/3223/5 5398/3231/5
f 2171/311/5 5401/3236/5 1019/3233/5
f 2171/311/5 1916/310/5 5401/3236/5
f 1916/310/5 764/3129/5 5401/3236/5
f 3321/306/5 5404/3241/5 1017/3238/5
f 3321/306/5 3322/308/5 5404/3241/5
f 3322/308/5 1018/3242/5 5404/3241/5
f 2096/307/5 5407/3248/5 944/3245/5
f 2096/307/5 3321/306/5 5407/3248/5
f 3321/306/5 1017/3238/5 5407/3248/5
f 2168/378/4 5410/3037/4 1016/3034/4
f 2168/378/4 2961/369/4 5410/3037/4
f 2961/369/4 657/3038/4 5410/3037/4
f 3318/375/4 5413/3044/4 1014/3041/4
f 3318/375/4 3319/377/4 5413/3044/4
f 3319/377/4 1015/3045/4 5413/3044/4
f 1902/376/4 5416/3051/4 750/3048/4
f 1902/376/4 3318/375/4 5416/3051/4
f 3318/375/4 1014/3041/4 5416/3051/4
f 2165/373/4 5419/3056/4 1013/3053/4
f 2165/373/4 2962/372/4 5419/3056/4
f 2962/372/4 658/3057/4 5419/3056/4
f 3315/368/4 5422/3063/4 1011/3060/4
f 3315/368/4 3316/370/4 5422/3063/4
f 3316/370/4 1012/3064/4 5422/3063/4
f 2961/369/4 5425/3068/4 657/3038/4
f 2961/369/4 3315/368/4 5425/3068/4
f 3315/368/4 1011/3060/4 5425/3068/4
f 2162/366/4 5428/3073/4 1010/3070/4
f 2162/366/4 1912/365/4 5428/3073/4
f 1912/365/4 760/3074/4 5428/3073/4
f 3312/361/4 5431/3080/4 1008/3077/4
f 3312/361/4 3313/363/4 5431/3080/4
f 3313/363/4 1009/3081/4 5431/3080/4
f 2099/362/4 5434/3087/4 947/3084/4
f 2099/362/4 3312/361/4 5434/3087/4
f 3312/361/4 1008/3077/4 5434/3087/4
f 2159/359/4 5437/3092/4 1007/3089/4
f 2159/359/4 2964/350/4 5437/3092/4
f 2964/350/4 660/3093/4 5437/3092/4
f 3309/356/4 5440/3099/4 1005/3096/4
f 3309/356/4 3310/358/4 5440/3099/4
f 3310/358/4 1006/3100/4 5440/3099/4
f 1904/357/4 5443/3106/4 752/3103/4
f 1904/357/4 3309/356/4 5443/3106/4
f 3309/356/4 1005/3096/4 5443/3106/4
f 2156/354/4 5446/3111/4 1004/3108/4
f 2156/354/4 2965/353/4 5446/3111/4
f 2965/353/4 661/3112/4 5446/3111/4
f 3306/349/4 5449/3118/4 1002/3115/4
f 3306/349/4 3307/351/4 5449/3118/4
f 3307/351/4 1003/3119/4 5449/3118/4
f 2964/350/4 5452/3123/4 660/3093/4
f 2964/350/4 3306/349/4 5452/3123/4
f 3306/349/4 1002/3115/4 5452/3123/4
f 2153/347/4 5455/3128/4 1001/3125/4
f 2153/347/4 1914/310/4 5455/3128/4
f 1914/310/4 762/3129/4 5455/3128/4
f 3303/344/4 5458/3135/4 999/3132/4
f 3303/344/4 3304/346/4 5458/3135/4
f 3304/346/4 1000/3136/4 5458/3135/4
f 2102/345/4 5461/3142/4 950/3139/4
f 2102/345/4 3303/344/4 5461/3142/4
f 3303/344/4 999/3132/4 5461/3142/4
f 2150/342/2 5464/3147/2 998/3144/2
f 2150/342/2 2967/333/2 5464/3147/2
f 2967/333/2 663/3148/2 5464/3147/2
f 3300/339/2 5467/3154/2 996/3151/2
f 3300/339/2 3301/341/2 5467/3154/2
f 3301/341/2 997/3155/2 5467/3154/2
f 1911/340/11 5470/3161/2 759/3158/11
f 1911/340/11 3300/339/2 5470/3161/2
f 3300/339/2 996/3151/2 5470/3161/2
f 2147/337/2 5473/3166/2 995/3163/2
f 2147/337/2 2968/336/2 5473/3166/2
f 2968/336/2 664/3167/2 5473/3166/2
f 3297/332/2 5476/3173/2 993/3170/2
f 3297/332/2 3298/334/2 5476/3173/2
f 3298/334/2 994/3174/2 5476/3173/2
f 2967/333/2 5479/3178/2 663/3148/2
f 2967/333/2 3297/332/2 5479/3178/2
f 3297/332/2 993/3170/2 5479/3178/2
f 2144/330/2 5482/3183/2 992/3180/2
f 2144/330/2 1909/329/2 5482/3183/2
f 1909/329/2 757/3184/2 5482/3183/2
f 3294/325/2 5485/3190/2 990/3187/3
f 3294/325/2 3295/327/2 5485/3190/2
f 3295/327/2 991/3191/2 5485/3190/2
f 2105/326/2 5488/3197/2 953/3194/2
f 2105/326/2 3294/325/2 5488/3197/2
f 3294/325/2 990/3187/3 5488/3197/2
f 2141/323/2 5491/3202/2 989/3199/2
f 2141/323/2 2970/314/2 5491/3202/2
f 2970/314/2 666/3203/2 5491/3202/2
f 3291/320/3 5494/3209/2 987/3206/2
f 3291/320/3 3292/322/3 5494/3209/2
f 3292/322/3 988/3210/2 5494/3209/2
f 2713/321/3 5497/3214/2 409/2994/3
f 2713/321/3 3291/320/3 5497/3214/2
f 3291/320/3 987/3206/2 5497/3214/2
f 2138/318/2 5500/3219/2 986/3216/2
f 2138/318/2 2971/317/2 5500/3219/2
f 2971/317/2 667/3220/2 5500/3219/2
f 3288/313/2 5503/3226/2 984/3223/2
f 3288/313/2 3289/315/2 5503/3226/2
f 3289/315/2 985/3227/2 5503/3226/2
f 2970/314/2 5506/3231/2 666/3203/2
f 2970/314/2 3288/313/2 5506/3231/2
f 3288/313/2 984/3223/2 5506/3231/2
f 2135/311/2 5509/3236/2 983/3233/2
f 2135/311/2 1902/310/2 5509/3236/2
f 1902/310/2 750/3129/2 5509/3236/2
f 3285/306/2 5512/3241/2 981/3238/2
f 3285/306/2 3286/308/2 5512/3241/2
f 3286/308/2 982/3242/2 5512/3241/2
f 2108/307/2 5515/3248/2 956/3245/2
f 2108/307/2 3285/306/2 5515/3248/2
f 3285/306/2 981/3238/2 5515/3248/2
f 2132/304/1 5518/3253/1 980/3250/1
f 2132/304/1 2973/295/1 5518/3253/1
f 2973/295/1 669/3254/1 5518/3253/1
f 3282/301/1 5521/3260/1 978/3257/1
f 3282/301/1 3283/303/1 5521/3260/1
f 3283/303/1 979/3261/1 5521/3260/1
f 2711/302/1 5524/3267/1 407/3264/1
f 2711/302/1 3282/301/1 5524/3267/1
f 3282/301/1 978/3257/1 5524/3267/1
f 2129/299/1 5527/3272/1 977/3269/1
f 2129/299/1 2974/298/1 5527/3272/1
f 2974/298/1 670/3273/1 5527/3272/1
f 3279/294/1 5530/3279/1 975/3276/1
f 3279/294/1 3280/296/1 5530/3279/1
f 3280/296/1 976/3280/1 5530/3279/1
f 2973/295/1 5533/3284/1 669/3254/1
f 2973/295/1 3279/294/1 5533/3284/1
f 3279/294/1 975/3276/1 5533/3284/1
f 2126/292/1 5536/3289/1 974/3286/1
f 2126/292/1 2717/291/1 5536/3289/1
f 2717/291/1 413/3290/1 5536/3289/1
f 3276/287/1 5539/3296/1 972/3293/1
f 3276/287/1 3277/289/1 5539/3296/1
f 3277/289/1 973/3297/1 5539/3296/1
f 2111/288/1 5542/3303/1 959/3300/1
f 2111/288/1 3276/287/1 5542/3303/1
f 3276/287/1 972/3293/1 5542/3303/1
f 2123/285/1 5545/3308/1 971/3305/1
f 2123/285/1 2976/276/1 5545/3308/1
f 2976/276/1 672/3309/1 5545/3308/1
f 3273/282/1 5548/3315/1 969/3312/1
f 3273/282/1 3274/284/1 5548/3315/1
f 3274/284/1 970/3316/1 5548/3315/1
f 2709/283/1 5551/3321/1 405/3319/1
f 2709/283/1 3273/282/1 5551/3321/1
f 3273/282/1 969/3312/1 5551/3321/1
f 2120/280/1 5554/3326/1 968/3323/1
f 2120/280/1 2977/279/1 5554/3326/1
f 2977/279/1 673/3327/1 5554/3326/1
f 3270/275/1 5557/3333/1 966/3330/1
f 3270/275/1 3271/277/1 5557/3333/1
f 3271/277/1 967/3334/1 5557/3333/1
f 2976/276/1 5560/3338/1 672/3309/1
f 2976/276/1 3270/275/1 5560/3338/1
f 3270/275/1 966/3330/1 5560/3338/1
f 2117/273/1 5563/3343/1 965/3340/1
f 2117/273/1 2710/272/1 5563/3343/1
f 2710/272/1 406/3344/1 5563/3343/1
f 3267/268/1 5566/3350/1 963/3347/1
f 3267/268/1 3268/270/1 5566/3350/1
f 3268/270/1 964/3351/1 5566/3350/1
f 2114/269/1 5569/3357/1 962/3354/1
f 2114/269/1 3267/268/1 5569/3357/1
f 3267/268/1 963/3347/1 5569/3357/1
f 1826/266/1 5572/3362/1 674/3359/1
f 1826/266/1 2998/265/1 5572/3362/1
f 2998/265/1 694/3363/1 5572/3362/1
f 3264/261/1 5575/3369/1 960/3366/1
f 3264/261/1 3265/263/1 5575/3369/1
f 3265/263/1 961/3370/1 5575/3369/1
f 2997/262/1 5578/3374/1 693/1262/1
f 2997/262/1 3264/261/1 5578/3374/1
f 3264/261/1 960/3366/1 5578/3374/1
f 1823/260/1 5581/3379/1 671/3376/1
f 1823/260/1 3005/259/1 5581/3379/1
f 3005/259/1 701/3380/1 5581/3379/1
f 3261/255/1 5584/3386/1 957/3383/1
f 3261/255/1 3262/257/1 5584/3386/1
f 3262/257/1 958/3387/1 5584/3386/1
f 2999/256/1 5587/3393/1 695/3390/1
f 2999/256/1 3261/255/1 5587/3393/1
f 3261/255/1 957/3383/1 5587/3393/1
f 1820/253/2 5590/3398/2 668/3395/2
f 1820/253/2 1614/242/2 5590/3398/2
f 1614/242/2 462/3399/2 5590/3398/2
f 3258/251/2 5593/3405/2 954/3402/2
f 3258/251/2 3259/252/2 5593/3405/2
f 3259/252/2 955/3406/2 5593/3405/2
f 3001/225/3 5596/3410/2 697/1587/3
f 3001/225/3 3258/251/2 5596/3410/2
f 3258/251/2 954/3402/2 5596/3410/2
f 1817/250/2 5599/3415/2 665/3412/2
f 1817/250/2 1621/249/2 5599/3415/2
f 1621/249/2 469/3416/2 5599/3415/2
f 3255/245/2 5602/3422/2 951/3419/2
f 3255/245/2 3256/247/2 5602/3422/2
f 3256/247/2 952/3423/2 5602/3422/2
f 1623/246/11 5605/3429/2 471/3426/11
f 1623/246/11 3255/245/2 5605/3429/2
f 3255/245/2 951/3419/2 5605/3429/2
f 1814/243/4 5608/3434/4 662/3431/4
f 1814/243/4 1626/242/4 5608/3434/4
f 1626/242/4 474/3399/4 5608/3434/4
f 3252/238/4 5611/3439/4 948/3436/4
f 3252/238/4 3253/240/4 5611/3439/4
f 3253/240/4 949/3440/4 5611/3439/4
f 1616/239/4 5614/3446/4 464/3443/4
f 1616/239/4 3252/238/4 5614/3446/4
f 3252/238/4 948/3436/4 5614/3446/4
f 1811/236/4 5617/3451/4 659/3448/4
f 1811/236/4 1624/235/4 5617/3451/4
f 1624/235/4 472/3452/4 5617/3451/4
f 3249/231/4 5620/3458/4 945/3455/4
f 3249/231/4 3250/233/4 5620/3458/4
f 3250/233/4 946/3459/4 5620/3458/4
f 1614/232/4 5623/3465/4 462/3462/4
f 1614/232/4 3249/231/4 5623/3465/4
f 3249/231/4 945/3455/4 5623/3465/4
f 1808/253/5 5626/3398/5 656/3395/5
f 1808/253/5 1628/242/5 5626/3398/5
f 1628/242/5 476/3399/5 5626/3398/5
f 3246/251/6 5629/3405/5 942/3402/5
f 3246/251/6 3247/252/5 5629/3405/5
f 3247/252/5 943/3406/5 5629/3405/5
f 1617/225/6 5632/3410/5 465/1587/6
f 1617/225/6 3246/251/6 5632/3410/5
f 3246/251/6 942/3402/5 5632/3410/5
f 1805/250/5 5635/3415/7 653/3412/7
f 1805/250/5 1627/249/5 5635/3415/7
f 1627/249/5 475/3416/5 5635/3415/7
f 3243/245/5 5638/3422/7 939/3419/5
f 3243/245/5 3244/247/7 5638/3422/7
f 3244/247/7 940/3423/7 5638/3422/7
f 1626/246/5 5641/3429/5 474/3426/7
f 1626/246/5 3243/245/5 5641/3429/5
f 3243/245/5 939/3419/5 5641/3429/5
f 1802/243/9 5644/3434/9 650/3431/9
f 1802/243/9 1623/242/9 5644/3434/9
f 1623/242/9 471/3399/8 5644/3434/9
f 3240/238/9 5647/3439/9 936/3436/9
f 3240/238/9 3241/240/9 5647/3439/9
f 3241/240/9 937/3440/9 5647/3439/9
f 3004/239/8 5650/3446/9 700/3443/8
f 3004/239/8 3240/238/9 5650/3446/9
f 3240/238/9 936/3436/9 5650/3446/9
f 1799/236/9 5653/3451/9 647/3448/9
f 1799/236/9 1625/235/9 5653/3451/9
f 1625/235/9 473/3452/9 5653/3451/9
f 3237/231/9 5656/3458/9 933/3455/9
f 3237/231/9 3238/233/9 5656/3458/9
f 3238/233/9 934/3459/9 5656/3458/9
f 1628/232/9 5659/3465/9 476/3462/9
f 1628/232/9 3237/231/9 5659/3465/9
f 3237/231/9 933/3455/9 5659/3465/9
f 1796/229/10 5662/3470/10 644/3467/10
f 1796/229/10 3004/228/10 5662/3470/10
f 3004/228/10 700/3471/10 5662/3470/10
f 3234/224/10 5665/3477/10 930/3474/10
f 3234/224/10 3235/226/10 5665/3477/10
f 3235/226/10 931/3478/10 5665/3477/10
f 1615/225/10 5668/3482/10 463/1587/10
f 1615/225/10 3234/224/10 5668/3482/10
f 3234/224/10 930/3474/10 5668/3482/10
f 1793/223/10 5671/3487/10 641/3484/10
f 1793/223/10 3006/222/10 5671/3487/10
f 3006/222/10 702/3488/10 5671/3487/10
f 3231/218/10 5674/3494/10 927/3491/10
f 3231/218/10 3232/220/10 5674/3494/10
f 3232/220/10 928/3495/10 5674/3494/10
f 3002/219/10 5677/3501/10 698/3498/10
f 3002/219/10 3231/218/10 5677/3501/10
f 3231/218/10 927/3491/10 5677/3501/10
f 1790/216/10 5680/3506/10 638/3503/10
f 1790/216/10 3015/207/10 5680/3506/10
f 3015/207/10 711/3507/10 5680/3506/10
f 3228/213/10 5683/3513/10 924/3510/10
f 3228/213/10 3229/215/10 5683/3513/10
f 3229/215/10 925/3514/10 5683/3513/10
f 2984/214/10 5686/3520/10 680/3517/10
f 2984/214/10 3228/213/10 5686/3520/10
f 3228/213/10 924/3510/10 5686/3520/10
f 1787/211/10 5689/3525/10 635/3522/10
f 1787/211/10 3016/210/10 5689/3525/10
f 3016/210/10 712/3526/10 5689/3525/10
f 3225/206/10 5692/3532/10 921/3529/10
f 3225/206/10 3226/208/10 5692/3532/10
f 3226/208/10 922/3533/10 5692/3532/10
f 3015/207/10 5695/3537/10 711/3507/10
f 3015/207/10 3225/206/10 5695/3537/10
f 3225/206/10 921/3529/10 5695/3537/10
f 1784/204/10 5698/3542/10 632/3539/10
f 1784/204/10 2988/203/10 5698/3542/10
f 2988/203/10 684/3543/10 5698/3542/10
f 3222/199/10 5701/3549/10 918/3546/10
f 3222/199/10 3223/201/10 5701/3549/10
f 3223/201/10 919/3550/10 5701/3549/10
f 1649/200/10 5704/3556/10 497/3553/10
f 1649/200/10 3222/199/10 5704/3556/10
f 3222/199/10 918/3546/10 5704/3556/10
f 1781/197/10 5707/3561/10 629/3558/10
f 1781/197/10 3018/190/10 5707/3561/10
f 3018/190/10 714/3562/10 5707/3561/10
f 3219/195/10 5710/3568/10 915/3565/10
f 3219/195/10 3220/196/10 5710/3568/10
f 3220/196/10 916/3569/10 5710/3568/10
f 1633/123/10 5713/3573/10 481/1061/10
f 1633/123/10 3219/195/10 5713/3573/10
f 3219/195/10 915/3565/10 5713/3573/10
f 1778/194/10 5716/3578/10 626/3575/10
f 1778/194/10 3019/193/10 5716/3578/10
f 3019/193/10 715/3579/10 5716/3578/10
f 3216/189/10 5719/3585/10 912/3582/10
f 3216/189/10 3217/191/10 5719/3585/10
f 3217/191/10 913/3586/10 5719/3585/10
f 3018/190/10 5722/3590/10 714/3562/10
f 3018/190/10 3216/189/10 5722/3590/10
f 3216/189/10 912/3582/10 5722/3590/10
f 1775/187/10 5725/3595/10 623/3592/10
f 1775/187/10 2986/186/10 5725/3595/10
f 2986/186/10 682/3596/10 5725/3595/10
f 3213/182/10 5728/3602/10 909/3599/10
f 3213/182/10 3214/184/10 5728/3602/10
f 3214/184/10 910/3603/10 5728/3602/10
f 1652/183/10 5731/3609/10 500/3606/10
f 1652/183/10 3213/182/10 5731/3609/10
f 3213/182/10 909/3599/10 5731/3609/10
f 1772/180/9 5734/3614/9 620/3611/9
f 1772/180/9 3021/171/9 5734/3614/9
f 3021/171/9 717/3615/9 5734/3614/9
f 3210/177/9 5737/3621/9 906/3618/9
f 3210/177/9 3211/179/9 5737/3621/9
f 3211/179/9 907/3622/9 5737/3621/9
f 1646/178/9 5740/3628/9 494/3625/9
f 1646/178/9 3210/177/9 5740/3628/9
f 3210/177/9 906/3618/9 5740/3628/9
f 1769/175/9 5743/3633/9 617/3630/9
f 1769/175/9 3022/174/9 5743/3633/9
f 3022/174/9 718/3634/9 5743/3633/9
f 3207/170/9 5746/3640/9 903/3637/9
f 3207/170/9 3208/172/9 5746/3640/9
f 3208/172/9 904/3641/9 5746/3640/9
f 3021/171/9 5749/3645/9 717/3615/9
f 3021/171/9 3207/170/9 5749/3645/9
f 3207/170/9 903/3637/9 5749/3645/9
f 1766/168/9 5752/3650/9 614/3647/9
f 1766/168/9 1643/167/9 5752/3650/9
f 1643/167/9 491/3651/9 5752/3650/9
f 3204/163/9 5755/3657/9 900/3654/9
f 3204/163/9 3205/165/9 5755/3657/9
f 3205/165/9 901/3658/9 5755/3657/9
f 1655/164/9 5758/3664/9 503/3661/9
f 1655/164/9 3204/163/9 5758/3664/9
f 3204/163/9 900/3654/9 5758/3664/9
f 1763/161/9 5761/3669/9 611/3666/9
f 1763/161/9 3024/152/9 5761/3669/9
f 3024/152/9 720/3670/8 5761/3669/9
f 3201/158/9 5764/3676/9 897/3673/9
f 3201/158/9 3202/160/9 5764/3676/9
f 3202/160/9 898/3677/9 5764/3676/9
f 2986/159/8 5767/3683/9 682/3680/8
f 2986/159/8 3201/158/9 5767/3683/9
f 3201/158/9 897/3673/9 5767/3683/9
f 1760/156/9 5770/3688/8 608/3685/8
f 1760/156/9 3025/155/9 5770/3688/8
f 3025/155/9 721/3689/8 5770/3688/8
f 3198/151/9 5773/3695/9 894/3692/8
f 3198/151/9 3199/153/9 5773/3695/9
f 3199/153/9 895/3696/9 5773/3695/9
f 3024/152/9 5776/3700/8 720/3670/8
f 3024/152/9 3198/151/9 5776/3700/8
f 3198/151/9 894/3692/8 5776/3700/8
f 1757/149/9 5779/3705/9 605/3702/9
f 1757/149/9 1641/112/9 5779/3705/9
f 1641/112/9 489/3706/8 5779/3705/9
f 3195/146/9 5782/3712/8 891/3709/8
f 3195/146/9 3196/148/9 5782/3712/8
f 3196/148/9 892/3713/8 5782/3712/8
f 1658/147/9 5785/3719/9 506/3716/9
f 1658/147/9 3195/146/9 5785/3719/9
f 3195/146/9 891/3709/8 5785/3719/9
f 1754/144/5 5788/3724/5 602/3721/7
f 1754/144/5 3027/135/5 5788/3724/5
f 3027/135/5 723/3725/5 5788/3724/5
f 3192/141/5 5791/3731/5 888/3728/5
f 3192/141/5 3193/143/5 5791/3731/5
f 3193/143/5 889/3732/7 5791/3731/5
f 1644/142/5 5794/3738/5 492/3735/7
f 1644/142/5 3192/141/5 5794/3738/5
f 3192/141/5 888/3728/5 5794/3738/5
f 1751/139/5 5797/3743/5 599/3740/5
f 1751/139/5 3028/138/5 5797/3743/5
f 3028/138/5 724/3744/7 5797/3743/5
f 3189/134/7 5800/3750/7 885/3747/7
f 3189/134/7 3190/136/7 5800/3750/7
f 3190/136/7 886/3751/7 5800/3750/7
f 3027/135/5 5803/3755/5 723/3725/5
f 3027/135/5 3189/134/7 5803/3755/5
f 3189/134/7 885/3747/7 5803/3755/5
f 1748/132/5 5806/3760/5 596/3757/7
f 1748/132/5 1645/131/5 5806/3760/5
f 1645/131/5 493/3761/5 5806/3760/5
f 3186/127/5 5809/3767/5 882/3764/5
f 3186/127/5 3187/129/5 5809/3767/5
f 3187/129/5 883/3768/7 5809/3767/5
f 1661/128/5 5812/3774/5 509/3771/7
f 1661/128/5 3186/127/5 5812/3774/5
f 3186/127/5 882/3764/5 5812/3774/5
f 1745/125/5 5815/3779/5 593/3776/5
f 1745/125/5 3030/116/5 5815/3779/5
f 3030/116/5 726/3780/5 5815/3779/5
f 3183/122/5 5818/3786/5 879/3783/5
f 3183/122/5 3184/124/5 5818/3786/5
f 3184/124/5 880/3787/5 5818/3786/5
f 1635/123/6 5821/3791/5 483/1061/6
f 1635/123/6 3183/122/5 5821/3791/5
f 3183/122/5 879/3783/5 5821/3791/5
f 1742/120/5 5824/3796/5 590/3793/5
f 1742/120/5 3031/119/5 5824/3796/5
f 3031/119/5 727/3797/5 5824/3796/5
f 3180/115/5 5827/3803/5 876/3800/5
f 3180/115/5 3181/117/5 5827/3803/5
f 3181/117/5 877/3804/5 5827/3803/5
f 3030/116/5 5830/3808/7 726/3780/5
f 3030/116/5 3180/115/5 5830/3808/7
f 3180/115/5 876/3800/5 5830/3808/7
f 1739/113/5 5833/3813/5 587/3810/5
f 1739/113/5 1646/112/7 5833/3813/5
f 1646/112/7 494/3706/7 5833/3813/5
f 3177/108/5 5836/3818/5 873/3815/5
f 3177/108/5 3178/110/5 5836/3818/5
f 3178/110/5 874/3819/5 5836/3818/5
f 1664/109/5 5839/3825/5 512/3822/5
f 1664/109/5 3177/108/5 5839/3825/5
f 3177/108/5 873/3815/5 5839/3825/5
f 1736/180/4 5842/3614/4 584/3611/4
f 1736/180/4 3033/171/4 5842/3614/4
f 3033/171/4 729/3615/4 5842/3614/4
f 3174/177/4 5845/3621/4 870/3618/4
f 3174/177/4 3175/179/4 5845/3621/4
f 3175/179/4 871/3622/4 5845/3621/4
f 1632/178/4 5848/3628/4 480/3625/4
f 1632/178/4 3174/177/4 5848/3628/4
f 3174/177/4 870/3618/4 5848/3628/4
f 1733/175/4 5851/3633/4 581/3630/4
f 1733/175/4 3034/174/4 5851/3633/4
f 3034/174/4 730/3634/4 5851/3633/4
f 3171/170/4 5854/3640/4 867/3637/4
f 3171/170/4 3172/172/4 5854/3640/4
f 3172/172/4 868/3641/4 5854/3640/4
f 3033/171/4 5857/3645/4 729/3615/4
f 3033/171/4 3171/170/4 5857/3645/4
f 3171/170/4 867/3637/4 5857/3645/4
f 1730/168/4 5860/3650/4 578/3647/4
f 1730/168/4 1642/167/4 5860/3650/4
f 1642/167/4 490/3651/4 5860/3650/4
f 3168/163/4 5863/3657/4 864/3654/4
f 3168/163/4 3169/165/4 5863/3657/4
f 3169/165/4 865/3658/4 5863/3657/4
f 1667/164/4 5866/3664/4 515/3661/4
f 1667/164/4 3168/163/4 5866/3664/4
f 3168/163/4 864/3654/4 5866/3664/4
f 1727/161/4 5869/3669/4 575/3666/4
f 1727/161/4 3036/152/4 5869/3669/4
f 3036/152/4 732/3670/4 5869/3669/4
f 3165/158/4 5872/3676/4 861/3673/4
f 3165/158/4 3166/160/4 5872/3676/4
f 3166/160/4 862/3677/4 5872/3676/4
f 1634/159/4 5875/3683/4 482/3680/4
f 1634/159/4 3165/158/4 5875/3683/4
f 3165/158/4 861/3673/4 5875/3683/4
f 1724/156/4 5878/3688/4 572/3685/4
f 1724/156/4 3037/155/4 5878/3688/4
f 3037/155/4 733/3689/4 5878/3688/4
f 3162/151/4 5881/3695/4 858/3692/4
f 3162/151/4 3163/153/4 5881/3695/4
f 3163/153/4 859/3696/4 5881/3695/4
f 3036/152/4 5884/3700/4 732/3670/4
f 3036/152/4 3162/151/4 5884/3700/4
f 3162/151/4 858/3692/4 5884/3700/4
f 1721/149/4 5887/3705/4 569/3702/4
f 1721/149/4 1644/112/4 5887/3705/4
f 1644/112/4 492/3706/4 5887/3705/4
f 3159/146/4 5890/3712/4 855/3709/4
f 3159/146/4 3160/148/4 5890/3712/4
f 3160/148/4 856/3713/4 5890/3712/4
f 1670/147/4 5893/3719/4 518/3716/4
f 1670/147/4 3159/146/4 5893/3719/4
f 3159/146/4 855/3709/4 5893/3719/4
f 1718/144/2 5896/3724/2 566/3721/2
f 1718/144/2 3039/135/2 5896/3724/2
f 3039/135/2 735/3725/2 5896/3724/2
f 3156/141/2 5899/3731/2 852/3728/2
f 3156/141/2 3157/143/2 5899/3731/2
f 3157/143/2 853/3732/2 5899/3731/2
f 1641/142/2 5902/3738/2 489/3735/2
f 1641/142/2 3156/141/2 5902/3738/2
f 3156/141/2 852/3728/2 5902/3738/2
f 1715/139/2 5905/3743/2 563/3740/2
f 1715/139/2 3040/138/2 5905/3743/2
f 3040/138/2 736/3744/2 5905/3743/2
f 3153/134/2 5908/3750/2 849/3747/2
f 3153/134/2 3154/136/2 5908/3750/2
f 3154/136/2 850/3751/2 5908/3750/2
f 3039/135/2 5911/3755/2 735/3725/2
f 3039/135/2 3153/134/2 5911/3755/2
f 3153/134/2 849/3747/2 5911/3755/2
f 1712/132/2 5914/3760/2 560/3757/2
f 1712/132/2 1639/131/2 5914/3760/2
f 1639/131/2 487/3761/2 5914/3760/2
f 3150/127/2 5917/3767/2 846/3764/2
f 3150/127/2 3151/129/2 5917/3767/2
f 3151/129/2 847/3768/2 5917/3767/2
f 1673/128/2 5920/3774/2 521/3771/2
f 1673/128/2 3150/127/2 5920/3774/2
f 3150/127/2 846/3764/2 5920/3774/2
f 1709/125/2 5923/3779/2 557/3776/2
f 1709/125/2 3042/116/2 5923/3779/2
f 3042/116/2 738/3780/2 5923/3779/2
f 3147/122/2 5926/3786/2 843/3783/2
f 3147/122/2 3148/124/2 5926/3786/2
f 3148/124/2 844/3787/2 5926/3786/2
f 2983/123/3 5929/3791/2 679/1061/3
f 2983/123/3 3147/122/2 5929/3791/2
f 3147/122/2 843/3783/2 5929/3791/2
f 1706/120/2 5932/3796/2 554/3793/2
f 1706/120/2 3043/119/2 5932/3796/2
f 3043/119/2 739/3797/2 5932/3796/2
f 3144/115/2 5935/3803/2 840/3800/2
f 3144/115/2 3145/117/2 5935/3803/2
f 3145/117/2 841/3804/2 5935/3803/2
f 3042/116/2 5938/3808/2 738/3780/2
f 3042/116/2 3144/115/2 5938/3808/2
f 3144/115/2 840/3800/2 5938/3808/2
f 1703/113/2 5941/3813/2 551/3810/2
f 1703/113/2 1632/112/2 5941/3813/2
f 1632/112/2 480/3706/2 5941/3813/2
f 3141/108/2 5944/3818/2 837/3815/2
f 3141/108/2 3142/110/2 5944/3818/2
f 3142/110/2 838/3819/2 5944/3818/2
f 1676/109/2 5947/3825/2 524/3822/2
f 1676/109/2 3141/108/2 5947/3825/2
f 3141/108/2 837/3815/2 5947/3825/2
f 1700/106/1 5950/3830/1 548/3827/1
f 1700/106/1 3045/97/1 5950/3830/1
f 3045/97/1 741/3831/1 5950/3830/1
f 3138/103/1 5953/3837/1 834/3834/1
f 3138/103/1 3139/105/1 5953/3837/1
f 3139/105/1 835/3838/1 5953/3837/1
f 2981/104/1 5956/3844/1 677/3841/1
f 2981/104/1 3138/103/1 5956/3844/1
f 3138/103/1 834/3834/1 5956/3844/1
f 1697/101/1 5959/3849/1 545/3846/1
f 1697/101/1 3046/100/1 5959/3849/1
f 3046/100/1 742/3850/1 5959/3849/1
f 3135/96/1 5962/3856/1 831/3853/1
f 3135/96/1 3136/98/1 5962/3856/1
f 3136/98/1 832/3857/1 5962/3856/1
f 3045/97/1 5965/3861/1 741/3831/1
f 3045/97/1 3135/96/1 5965/3861/1
f 3135/96/1 831/3853/1 5965/3861/1
f 1694/94/1 5968/3866/1 542/3863/1
f 1694/94/1 2987/93/1 5968/3866/1
f 2987/93/1 683/3867/1 5968/3866/1
f 3132/89/1 5971/3873/1 828/3870/1
f 3132/89/1 3133/91/1 5971/3873/1
f 3133/91/1 829/3874/1 5971/3873/1
f 1679/90/1 5974/3880/1 527/3877/1
f 1679/90/1 3132/89/1 5974/3880/1
f 3132/89/1 828/3870/1 5974/3880/1
f 1691/87/1 5977/3885/1 539/3882/1
f 1691/87/1 3048/78/1 5977/3885/1
f 3048/78/1 744/3886/1 5977/3885/1
f 3129/84/1 5980/3892/1 825/3889/1
f 3129/84/1 3130/86/1 5980/3892/1
f 3130/86/1 826/3893/1 5980/3892/1
f 2979/85/1 5983/3897/1 675/1098/1
f 2979/85/1 3129/84/1 5983/3897/1
f 3129/84/1 825/3889/1 5983/3897/1
f 1688/82/1 5986/3902/1 536/3899/1
f 1688/82/1 3049/81/1 5986/3902/1
f 3049/81/1 745/3903/1 5986/3902/1
f 3126/77/1 5989/3909/1 822/3906/1
f 3126/77/1 3127/79/1 5989/3909/1
f 3127/79/1 823/3910/1 5989/3909/1
f 3048/78/1 5992/3914/1 744/3886/1
f 3048/78/1 3126/77/1 5992/3914/1
f 3126/77/1 822/3906/1 5992/3914/1
f 1685/75/1 5995/3919/1 533/3916/1
f 1685/75/1 2980/74/1 5995/3919/1
f 2980/74/1 676/3920/1 5995/3919/1
f 3123/70/1 5998/3926/1 819/3923/1
f 3123/70/1 3124/72/1 5998/3926/1
f 3124/72/1 820/3927/1 5998/3926/1
f 1682/71/1 6001/3933/1 530/3930/1
f 1682/71/1 3123/70/1 6001/3933/1
f 3123/70/1 819/3923/1 6001/3933/1
f 1610/68/1 6004/3938/1 458/3935/1
f 1610/68/1 3052/67/1 6004/3938/1
f 3052/67/1 748/3939/1 6004/3938/1
f 3120/63/1 6007/3945/1 816/3942/1
f 3120/63/1 3121/65/1 6007/3945/1
f 3121/65/1 817/3946/1 6007/3945/1
f 3051/64/1 6010/3950/1 747/2994/1
f 3051/64/1 3120/63/1 6010/3950/1
f 3120/63/1 816/3942/1 6010/3950/1
f 1607/62/1 6013/3955/1 455/3952/1
f 1607/62/1 3059/61/1 6013/3955/1
f 3059/61/1 755/3956/1 6013/3955/1
f 3117/57/1 6016/3962/1 813/3959/1
f 3117/57/1 3118/59/1 6016/3962/1
f 3118/59/1 814/3963/1 6016/3962/1
f 3053/58/1 6019/3969/1 749/3966/1
f 3053/58/1 3117/57/1 6019/3969/1
f 3117/57/1 813/3959/1 6019/3969/1
f 1604/55/2 6022/3974/2 452/3971/2
f 1604/55/2 1560/44/2 6022/3974/2
f 1560/44/2 408/3975/2 6022/3974/2
f 3114/53/3 6025/3981/2 810/3978/2
f 3114/53/3 3115/54/3 6025/3981/2
f 3115/54/3 811/3982/2 6025/3981/2
f 3055/27/3 6028/3986/2 751/3319/3
f 3055/27/3 3114/53/3 6028/3986/2
f 3114/53/3 810/3978/2 6028/3986/2
f 1601/52/2 6031/3991/2 449/3988/2
f 1601/52/2 1567/51/2 6031/3991/2
f 1567/51/2 415/3992/2 6031/3991/2
f 3111/47/2 6034/3998/2 807/3995/2
f 3111/47/2 3112/49/2 6034/3998/2
f 3112/49/2 808/3999/2 6034/3998/2
f 1569/48/2 6037/4005/2 417/4002/2
f 1569/48/2 3111/47/2 6037/4005/2
f 3111/47/2 807/3995/2 6037/4005/2
f 1598/45/4 6040/4010/4 446/4007/4
f 1598/45/4 1572/44/4 6040/4010/4
f 1572/44/4 420/3975/4 6040/4010/4
f 3108/40/4 6043/4015/4 804/4012/4
f 3108/40/4 3109/42/4 6043/4015/4
f 3109/42/4 805/4016/4 6043/4015/4
f 1562/41/4 6046/4022/4 410/4019/4
f 1562/41/4 3108/40/4 6046/4022/4
f 3108/40/4 804/4012/4 6046/4022/4
f 1595/38/4 6049/4027/4 443/4024/4
f 1595/38/4 1570/37/4 6049/4027/4
f 1570/37/4 418/4028/4 6049/4027/4
f 3105/33/4 6052/4034/4 801/4031/4
f 3105/33/4 3106/35/4 6052/4034/4
f 3106/35/4 802/4035/4 6052/4034/4
f 1560/34/4 6055/4041/4 408/4038/4
f 1560/34/4 3105/33/4 6055/4041/4
f 3105/33/4 801/4031/4 6055/4041/4
f 1592/55/5 6058/3974/5 440/3971/5
f 1592/55/5 1574/44/5 6058/3974/5
f 1574/44/5 422/3975/5 6058/3974/5
f 3102/53/5 6061/3981/5 798/3978/5
f 3102/53/5 3103/54/5 6061/3981/5
f 3103/54/5 799/3982/5 6061/3981/5
f 1563/27/6 6064/3986/5 411/3319/6
f 1563/27/6 3102/53/5 6064/3986/5
f 3102/53/5 798/3978/5 6064/3986/5
f 1589/52/5 6067/3991/5 437/3988/7
f 1589/52/5 1573/51/5 6067/3991/5
f 1573/51/5 421/3992/5 6067/3991/5
f 3099/47/5 6070/3998/5 795/3995/5
f 3099/47/5 3100/49/5 6070/3998/5
f 3100/49/5 796/3999/7 6070/3998/5
f 1572/48/5 6073/4005/7 420/4002/7
f 1572/48/5 3099/47/5 6073/4005/7
f 3099/47/5 795/3995/5 6073/4005/7
f 1586/45/9 6076/4010/9 434/4007/9
f 1586/45/9 1569/44/9 6076/4010/9
f 1569/44/9 417/3975/8 6076/4010/9
f 3096/40/9 6079/4015/9 792/4012/9
f 3096/40/9 3097/42/9 6079/4015/9
f 3097/42/9 793/4016/9 6079/4015/9
f 3058/41/8 6082/4022/9 754/4019/8
f 3058/41/8 3096/40/9 6082/4022/9
f 3096/40/9 792/4012/9 6082/4022/9
f 1583/38/9 6085/4027/9 431/4024/9
f 1583/38/9 1571/37/9 6085/4027/9
f 1571/37/9 419/4028/9 6085/4027/9
f 3093/33/9 6088/4034/9 789/4031/9
f 3093/33/9 3094/35/9 6088/4034/9
f 3094/35/9 790/4035/9 6088/4034/9
f 1574/34/9 6091/4041/9 422/4038/9
f 1574/34/9 3093/33/9 6091/4041/9
f 3093/33/9 789/4031/9 6091/4041/9
f 1580/31/10 6094/4046/10 428/4043/10
f 1580/31/10 3058/30/10 6094/4046/10
f 3058/30/10 754/4047/10 6094/4046/10
f 3090/26/10 6097/4053/10 786/4050/10
f 3090/26/10 3091/28/10 6097/4053/10
f 3091/28/10 787/4054/10 6097/4053/10
f 1561/27/10 6100/4058/10 409/3319/10
f 1561/27/10 3090/26/10 6100/4058/10
f 3090/26/10 786/4050/10 6100/4058/10
f 1577/24/10 6103/4063/10 425/4060/10
f 1577/24/10 3060/23/10 6103/4063/10
f 3060/23/10 756/4064/10 6103/4063/10
f 3087/19/10 6106/4070/10 783/4067/10
f 3087/19/10 3088/21/10 6106/4070/10
f 3088/21/10 784/4071/10 6106/4070/10
f 3056/20/10 6109/4077/10 752/4074/10
f 3056/20/10 3087/19/10 6109/4077/10
f 3087/19/10 783/4067/10 6109/4077/10
f 3074/17/10 6112/4082/10 770/4079/10
f 3074/17/10 3078/16/10 6112/4082/10
f 3078/16/10 774/4083/10 6112/4082/10
f 1543/8/10 6115/4087/10 391/1751/10
f 1543/8/10 3076/15/10 6115/4087/10
f 3076/15/10 772/4088/10 6115/4087/10
f 1556/14/9 6118/4094/9 404/4091/9
f 1556/14/9 1553/13/9 6118/4094/9
f 1553/13/9 401/4095/9 6118/4094/9
f 3076/11/8 6121/4101/9 772/4098/8
f 3076/11/8 1551/7/9 6121/4101/9
f 1551/7/9 399/4102/9 6121/4101/9
f 1554/10/7 6124/4108/5 402/4105/7
f 1554/10/7 1555/9/5 6124/4108/5
f 1555/9/5 403/4109/5 6124/4108/5
f 1545/8/6 6127/4113/5 393/1751/6
f 1545/8/6 1556/7/5 6127/4113/5
f 1556/7/5 404/4102/5 6127/4113/5
f 1542/14/4 6130/4094/4 390/4091/4
f 1542/14/4 1552/13/4 6130/4094/4
f 1552/13/4 400/4095/4 6130/4094/4
f 1544/11/4 6133/4101/4 392/4098/4
f 1544/11/4 1554/7/4 6133/4101/4
f 1554/7/4 402/4102/4 6133/4101/4
f 1551/10/3 6136/4108/2 399/4105/2
f 1551/10/3 1549/9/2 6136/4108/2
f 1549/9/2 397/4109/2 6136/4108/2
f 3073/8/3 6139/4113/2 769/1751/3
f 3073/8/3 1542/7/2 6139/4113/2
f 1542/7/2 390/4102/2 6139/4113/2
f 3071/6/1 6142/4118/1 767/4115/1
f 3071/6/1 3077/5/1 6142/4118/1
f 3077/5/1 773/4119/1 6142/4118/1
f 3069/3/1 6145/4123/1 765/2076/1
f 3069/3/1 3070/2/1 6145/4123/1
f 3070/2/1 766/4124/1 6145/4123/1
