timestamp_real, timestamp_est, real_x, real_y, real_theta, est_x, est_y, est_theta, cov_x, cov_y, cov_theta
1753360487.254,1753360487.347,-2.002,0.999,1.569,-0.000,0.000,-0.000,0.000,0.000,0.000
1753360487.454,1753360487.547,-2.002,0.999,1.569,-0.000,0.000,-0.000,0.000,0.000,0.000
1753360487.646,1753360487.750,-2.002,0.999,1.569,-0.000,0.000,-0.000,0.000,0.000,0.000
1753360487.841,1753360487.947,-2.002,0.999,1.569,-0.000,0.000,-0.000,0.000,0.000,0.000
1753360488.039,1753360488.147,-2.002,0.999,1.569,-0.000,0.000,-0.000,0.000,0.000,0.000
1753360488.229,1753360488.347,-2.002,0.999,1.569,-0.000,0.000,-0.000,0.000,0.000,0.000
1753360488.423,1753360488.547,-2.002,0.999,1.569,-0.000,0.000,-0.000,0.000,0.000,0.000
1753360488.653,1753360488.747,-2.002,0.999,1.569,-0.000,0.000,-0.000,0.000,0.000,0.000
1753360488.849,1753360488.953,-2.002,0.999,1.569,-0.000,0.000,-0.000,0.000,0.000,0.000
1753360489.041,1753360489.151,-2.002,0.999,1.569,-0.000,0.000,-0.000,0.000,0.000,0.000
1753360489.242,1753360489.347,-2.002,0.999,1.569,-0.000,0.000,-0.000,0.000,0.000,0.000
1753360489.435,1753360489.547,-2.002,0.999,1.569,-0.000,0.000,-0.000,0.000,0.000,0.000
1753360489.629,1753360489.747,-2.002,0.999,1.569,-0.000,0.000,-0.000,0.000,0.000,0.000
1753360489.857,1753360489.947,-2.002,0.999,1.569,-0.000,0.000,-0.000,0.000,0.000,0.000
1753360490.049,1753360490.147,-2.002,0.999,1.569,-0.000,0.000,-0.000,0.000,0.000,0.000
1753360490.245,1753360490.347,-2.002,0.999,1.569,-0.000,0.000,-0.000,0.000,0.000,0.000
1753360490.441,1753360490.547,-2.002,0.999,1.569,-0.000,0.000,-0.000,0.000,0.000,0.000
1753360490.635,1753360490.747,-2.002,0.999,1.569,-0.000,0.000,-0.000,0.000,0.000,0.000
1753360490.829,1753360490.947,-2.002,0.999,1.569,-0.000,0.000,-0.000,0.000,0.000,0.000
1753360491.047,1753360491.147,-2.002,0.999,1.569,-0.000,0.000,-0.000,0.000,0.000,0.000
1753360491.253,1753360491.347,-2.002,0.999,1.569,-0.000,0.000,-0.000,0.000,0.000,0.000
1753360491.416,1753360491.547,-2.002,0.999,1.569,-0.000,0.000,-0.000,0.000,0.000,0.000
1753360491.649,1753360491.748,-2.002,0.999,1.569,-0.000,0.000,-0.000,0.000,0.000,0.000
1753360491.850,1753360491.947,-2.002,0.999,1.569,-0.000,0.000,-0.000,0.000,0.000,0.000
1753360492.041,1753360492.147,-2.002,0.999,1.569,-0.000,0.000,-0.000,0.000,0.000,0.000
1753360492.234,1753360492.347,-2.002,0.999,1.569,-0.000,0.000,-0.000,0.000,0.000,0.000
1753360492.427,1753360492.547,-2.002,0.999,1.569,-0.000,0.000,-0.000,0.000,0.000,0.000
1753360492.624,1753360492.747,-2.002,0.999,1.569,-0.000,0.000,-0.000,0.000,0.000,0.000
1753360492.854,1753360492.947,-2.002,0.999,1.569,-0.000,0.000,-0.000,0.000,0.000,0.000
1753360493.047,1753360493.147,-2.002,0.999,1.569,-0.000,-0.000,-0.016,0.050,0.050,0.020
1753360493.241,1753360493.347,-2.002,0.999,1.520,-0.000,-0.000,-0.065,0.050,0.050,0.020
1753360493.437,1753360493.547,-2.002,0.999,1.471,-0.000,-0.000,-0.114,0.050,0.050,0.020
1753360493.629,1753360493.747,-2.002,0.999,1.421,-0.000,-0.000,-0.163,0.050,0.050,0.020
1753360493.854,1753360493.947,-2.002,0.999,1.364,-0.000,-0.000,-0.211,0.050,0.050,0.020
1753360494.144,1753360494.165,-2.002,0.999,1.290,0.000,-0.000,-0.277,0.050,0.050,0.020
1753360494.245,1753360494.347,-2.002,0.999,1.266,0.000,-0.000,-0.309,0.050,0.050,0.020
1753360494.438,1753360494.547,-1.992,1.027,1.241,0.044,-0.014,-0.317,0.050,0.050,0.020
1753360494.641,1753360494.747,-1.977,1.072,1.240,0.073,-0.024,-0.317,0.050,0.050,0.020
1753360494.830,1753360494.947,-1.961,1.117,1.240,0.131,-0.043,-0.317,0.050,0.050,0.020
1753360495.053,1753360495.147,-1.943,1.170,1.240,0.174,-0.057,-0.317,0.050,0.050,0.020
1753360495.642,1753360495.697,-1.897,1.305,1.240,0.218,-0.072,-0.317,0.050,0.050,0.020
1753360495.642,1753360495.749,-1.897,1.305,1.240,0.254,-0.084,-0.317,0.050,0.050,0.020
1753360495.837,1753360495.947,-1.881,1.350,1.240,0.356,-0.117,-0.317,0.050,0.050,0.020
1753360496.026,1753360496.147,-1.866,1.393,1.225,0.400,-0.131,-0.317,0.050,0.050,0.020
1753360496.255,1753360496.347,-1.847,1.445,1.225,0.443,-0.146,-0.317,0.050,0.050,0.020
1753360496.450,1753360496.551,-1.841,1.462,1.259,0.451,-0.148,-0.268,0.050,0.050,0.020
1753360496.642,1753360496.747,-1.842,1.459,1.303,0.451,-0.148,-0.220,0.050,0.050,0.020
1753360496.835,1753360496.947,-1.842,1.459,1.352,0.451,-0.148,-0.171,0.050,0.050,0.020
1753360497.034,1753360497.147,-1.842,1.459,1.402,0.451,-0.148,-0.122,0.050,0.050,0.020
1753360497.230,1753360497.347,-1.842,1.459,1.451,0.451,-0.148,-0.073,0.050,0.050,0.020
1753360497.449,1753360497.547,-1.842,1.459,1.508,0.451,-0.148,-0.024,0.050,0.050,0.020
1753360497.745,1753360497.769,-1.842,1.459,1.582,0.451,-0.148,0.041,0.050,0.050,0.020
1753360497.940,1753360497.963,-1.842,1.459,1.631,0.451,-0.148,0.089,0.050,0.050,0.020
1753360498.133,1753360498.157,-1.842,1.459,1.680,0.451,-0.148,0.138,0.050,0.050,0.020
1753360498.525,1753360498.603,-1.842,1.459,1.778,0.451,-0.148,0.155,0.050,0.050,0.020
1753360498.747,1753360498.759,-1.842,1.459,1.836,0.451,-0.148,0.260,0.050,0.050,0.020
1753360498.941,1753360498.964,-1.842,1.459,1.885,0.451,-0.148,0.342,0.050,0.050,0.020
1753360499.137,1753360499.161,-1.842,1.459,1.934,0.451,-0.148,0.390,0.050,0.050,0.020
1753360499.235,1753360499.352,-1.842,1.459,1.959,0.451,-0.148,0.439,0.050,0.050,0.020
1753360499.428,1753360499.547,-1.842,1.459,2.008,0.451,-0.148,0.488,0.050,0.050,0.020
1753360499.655,1753360499.747,-1.842,1.459,2.065,0.451,-0.148,0.537,0.050,0.050,0.020
1753360499.849,1753360499.947,-1.842,1.459,2.114,0.451,-0.148,0.586,0.050,0.050,0.020
1753360500.044,1753360500.148,-1.842,1.459,2.164,0.451,-0.148,0.634,0.050,0.050,0.020
1753360500.242,1753360500.347,-1.842,1.459,2.213,0.451,-0.148,0.683,0.050,0.050,0.020
1753360500.430,1753360500.547,-1.842,1.459,2.262,0.451,-0.148,0.732,0.050,0.050,0.020
1753360500.856,1753360500.915,-1.842,1.459,2.369,-9.076,4.989,0.149,0.150,0.150,0.080
1753360500.954,1753360500.972,-1.842,1.459,2.393,-9.075,4.990,0.190,0.150,0.150,0.080
1753360501.148,1753360501.160,-1.842,1.459,2.442,-9.075,4.992,0.287,0.150,0.150,0.080
1753360501.248,1753360501.349,-1.842,1.459,2.467,-9.074,4.993,0.352,0.150,0.150,0.080
1753360501.443,1753360501.547,-1.842,1.459,2.516,-9.075,4.993,0.403,0.150,0.150,0.080
1753360501.632,1753360501.747,-1.842,1.459,2.565,-9.075,4.994,0.454,0.150,0.150,0.080
1753360501.829,1753360501.947,-1.842,1.459,2.615,-9.075,4.993,0.500,0.150,0.150,0.080
1753360502.026,1753360502.147,-1.842,1.459,2.664,-9.075,4.993,0.549,0.150,0.150,0.080
1753360502.256,1753360502.347,-1.842,1.459,2.721,-9.075,4.992,0.598,0.150,0.150,0.080
1753360502.443,1753360502.547,-1.842,1.459,2.762,-9.076,4.991,0.645,0.150,0.150,0.080
1753360502.732,1753360502.761,-1.842,1.459,2.844,-9.077,4.991,0.713,0.150,0.150,0.080
1753360502.929,1753360502.959,-1.842,1.459,2.893,-9.077,4.991,0.758,0.150,0.150,0.080
1753360503.129,1753360503.158,-1.842,1.459,2.943,-9.076,4.992,0.805,0.150,0.150,0.080
1753360503.224,1753360503.355,-1.842,1.459,2.967,-9.077,4.992,0.857,0.150,0.150,0.080
1753360503.424,1753360503.550,-1.842,1.459,3.016,-9.078,4.993,0.906,0.150,0.150,0.080
1753360503.653,1753360503.747,-1.842,1.459,3.074,-9.077,4.992,0.952,0.150,0.150,0.080
1753360503.843,1753360503.950,-1.842,1.459,3.123,-9.077,4.993,1.002,0.150,0.150,0.080
1753360504.035,1753360504.147,-1.842,1.459,-3.111,-9.077,4.992,1.055,0.150,0.150,0.080
1753360504.230,1753360504.347,-1.842,1.459,-3.062,-9.078,4.992,1.105,0.150,0.150,0.080
1753360504.455,1753360504.547,-1.842,1.459,-3.004,-9.077,4.993,1.152,0.150,0.150,0.080
1753360504.647,1753360504.747,-1.842,1.459,-2.955,-9.078,4.993,1.205,0.150,0.150,0.080
1753360504.942,1753360504.974,-1.842,1.459,-2.881,-9.076,4.993,1.268,0.150,0.150,0.080
1753360505.136,1753360505.166,-1.842,1.459,-2.832,-9.076,4.993,1.318,0.150,0.150,0.080
1753360505.335,1753360505.375,-1.842,1.459,-2.783,-9.566,5.138,2.064,0.150,0.150,0.080
1753360505.526,1753360505.560,-1.842,1.459,-2.734,-9.567,5.140,2.164,0.150,0.150,0.080
1753360505.656,1753360505.747,-1.842,1.459,-2.701,-9.568,5.141,2.215,0.150,0.150,0.080
1753360505.851,1753360505.947,-1.847,1.455,-2.660,-9.570,5.143,2.239,0.150,0.150,0.080
1753360506.145,1753360506.173,-1.911,1.422,-2.660,-9.577,5.152,2.239,0.150,0.150,0.080
1753360506.336,1753360506.367,-1.952,1.400,-2.660,-9.583,5.158,2.238,0.150,0.150,0.080
1753360506.529,1753360506.557,-1.995,1.378,-2.660,-9.589,5.165,2.239,0.150,0.150,0.080
1753360506.630,1753360506.747,-2.016,1.367,-2.660,-9.592,5.168,2.217,0.150,0.150,0.080
1753360506.853,1753360506.947,-2.018,1.366,-2.719,-9.592,5.168,2.161,0.150,0.150,0.080
1753360507.145,1753360507.172,-2.017,1.367,-2.793,-9.594,5.167,2.096,0.150,0.150,0.080
1753360507.342,1753360507.368,-2.016,1.367,-2.842,-9.594,5.167,2.043,0.150,0.150,0.080
1753360507.437,1753360507.556,-2.016,1.367,-2.867,-9.593,5.166,1.997,0.150,0.150,0.080
1753360507.728,1753360507.773,-2.016,1.367,-2.941,-9.594,5.166,1.951,0.150,0.150,0.080
1753360507.830,1753360507.955,-2.016,1.367,-2.965,-9.595,5.166,1.902,0.150,0.150,0.080
1753360508.053,1753360508.149,-2.016,1.367,-3.023,-9.594,5.167,1.855,0.150,0.150,0.080
1753360508.252,1753360508.347,-2.016,1.367,-3.072,-9.595,5.167,1.809,0.150,0.150,0.080
1753360508.447,1753360508.547,-2.016,1.367,-3.121,-9.596,5.168,1.758,0.150,0.150,0.080
1753360508.642,1753360508.748,-2.016,1.367,3.113,-9.596,5.167,1.705,0.150,0.150,0.080
1753360508.839,1753360508.947,-2.016,1.367,3.064,-9.596,5.170,1.670,0.150,0.150,0.080
1753360509.035,1753360509.147,-2.061,1.371,3.050,-9.598,5.178,1.666,0.150,0.150,0.080
1753360511.149,1753360511.241,-2.575,1.418,3.050,-10.460,5.238,2.621,0.150,0.150,0.080
1753360511.240,1753360511.349,-2.599,1.420,3.050,-10.493,5.288,2.575,0.150,0.150,0.080
1753360511.534,1753360511.572,-2.600,1.420,2.974,-10.501,5.292,2.504,0.150,0.150,0.080
1753360511.627,1753360511.747,-2.599,1.420,2.950,-10.501,5.293,2.454,0.150,0.150,0.080
1753360511.830,1753360511.947,-2.599,1.420,2.900,-10.501,5.292,2.400,0.150,0.150,0.080
1753360513.128,1753360513.204,-2.783,1.492,2.770,-3.133,1.892,2.813,0.150,0.150,0.080
1753360513.256,1753360513.348,-2.812,1.503,2.770,-3.250,1.943,2.723,0.150,0.150,0.080
1753360513.548,1753360513.557,-2.879,1.529,2.770,-3.298,1.965,2.724,0.150,0.150,0.080
1753360513.649,1753360513.747,-2.901,1.538,2.770,-3.336,1.982,2.725,0.150,0.150,0.080
1753360513.940,1753360513.976,-2.968,1.564,2.769,-3.376,2.000,2.724,0.150,0.150,0.080
1753360514.132,1753360514.162,-3.012,1.581,2.769,-3.405,2.012,2.725,0.150,0.150,0.080
1753360514.329,1753360514.366,-3.057,1.598,2.769,-3.434,2.025,2.725,0.150,0.150,0.080
1753360514.426,1753360514.556,-3.079,1.607,2.769,-3.462,2.039,2.726,0.150,0.150,0.080
1753360514.653,1753360514.751,-3.130,1.627,2.769,-3.491,2.051,2.725,0.150,0.150,0.080
1753360514.847,1753360514.947,-3.175,1.645,2.770,-3.519,2.065,2.725,0.150,0.150,0.080
1753360515.045,1753360515.147,-3.219,1.662,2.770,-3.549,2.077,2.726,0.150,0.150,0.080
1753360515.236,1753360515.347,-3.264,1.679,2.770,-3.578,2.091,2.725,0.150,0.150,0.080
1753360515.439,1753360515.547,-3.308,1.696,2.770,-3.607,2.104,2.726,0.150,0.150,0.080
1753360515.632,1753360515.747,-3.352,1.714,2.770,-3.636,2.117,2.726,0.150,0.150,0.080
1753360515.825,1753360515.947,-3.397,1.731,2.770,-3.665,2.129,2.726,0.150,0.150,0.080
1753360516.052,1753360516.147,-3.448,1.751,2.769,-3.694,2.143,2.726,0.150,0.150,0.080
1753360516.344,1753360516.376,-3.515,1.777,2.769,-3.733,2.160,2.726,0.150,0.150,0.080
1753360516.445,1753360516.547,-3.537,1.786,2.769,-3.752,2.169,2.725,0.150,0.150,0.080
1753360516.741,1753360516.777,-3.604,1.812,2.769,-3.791,2.186,2.725,0.150,0.150,0.080
1753360516.929,1753360516.961,-3.648,1.829,2.769,-3.820,2.199,2.725,0.150,0.150,0.080
1753360517.128,1753360517.158,-3.683,1.843,2.786,-3.840,2.208,2.741,0.150,0.150,0.080
1753360517.225,1753360517.357,-3.678,1.841,2.811,-3.839,2.208,2.789,0.150,0.150,0.080
1753360519.043,1753360519.145,-3.851,1.851,3.086,-3.304,1.848,3.121,0.150,0.150,0.080
1753360519.043,1753360519.151,-3.851,1.851,3.086,-3.304,1.848,3.121,0.150,0.150,0.080
1753360519.341,1753360519.366,-3.922,1.855,3.086,-3.396,1.850,3.120,0.150,0.150,0.080
1753360519.413,1753360519.582,-3.938,1.856,3.086,-3.473,1.852,3.121,0.150,0.150,0.080
1753360519.413,1753360519.747,-3.938,1.856,3.086,-3.519,1.853,3.121,0.150,0.150,0.080
1753360519.827,1753360519.947,-4.041,1.861,3.086,-3.564,1.855,3.120,0.150,0.150,0.080
1753360520.056,1753360520.147,-4.096,1.864,3.086,-3.610,1.856,3.120,0.150,0.150,0.080
1753360520.252,1753360520.347,-4.144,1.867,3.086,-3.655,1.856,3.120,0.150,0.150,0.080
1753360520.543,1753360520.573,-4.215,1.871,3.085,-3.717,1.858,3.121,0.150,0.150,0.080
1753360520.736,1753360520.764,-4.263,1.874,3.085,-3.763,1.859,3.121,0.150,0.150,0.080
1753360520.930,1753360520.960,-4.310,1.876,3.085,-3.809,1.859,3.121,0.150,0.150,0.080
1753360521.132,1753360521.162,-4.358,1.879,3.085,-3.855,1.860,3.120,0.150,0.150,0.080
1753360521.224,1753360521.350,-4.382,1.880,3.086,-3.901,1.861,3.121,0.150,0.150,0.080
1753360522.231,1753360522.308,-4.627,1.894,3.086,-3.901,1.861,3.121,0.050,0.050,0.020
1753360523.050,1753360523.088,-4.825,1.905,3.085,-4.238,1.868,3.121,0.050,0.050,0.020
1753360523.050,1753360523.149,-4.825,1.905,3.085,-4.268,1.869,3.121,0.050,0.050,0.020
1753360523.341,1753360523.363,-4.897,1.909,3.085,-4.375,1.871,3.121,0.050,0.050,0.020
1753360524.156,1753360524.245,-5.095,1.920,3.086,-4.542,1.985,3.063,0.150,0.150,0.080
1753360524.253,1753360524.348,-5.119,1.922,3.086,-4.678,1.995,3.063,0.150,0.150,0.080
1753360524.541,1753360524.568,-5.190,1.926,3.086,-4.769,2.002,3.063,0.150,0.150,0.080
1753360524.637,1753360524.747,-5.214,1.927,3.086,-4.830,2.007,3.064,0.150,0.150,0.080
1753360524.833,1753360524.947,-5.261,1.930,3.086,-4.875,2.011,3.063,0.150,0.150,0.080
1753360525.024,1753360525.147,-5.309,1.932,3.085,-4.921,2.014,3.063,0.150,0.150,0.080
1753360525.252,1753360525.350,-5.354,1.935,3.102,-4.943,2.016,3.096,0.150,0.150,0.080
1753360525.448,1753360525.552,-5.346,1.935,-3.136,-4.943,2.016,-3.140,0.150,0.150,0.080
1753360525.647,1753360525.752,-5.347,1.935,-3.090,-4.942,2.016,-3.090,0.150,0.150,0.080
1753360525.835,1753360525.947,-5.347,1.935,-3.041,-4.942,2.016,-3.041,0.150,0.150,0.080
1753360526.031,1753360526.147,-5.347,1.935,-2.992,-4.942,2.016,-2.992,0.150,0.150,0.080
1753360526.226,1753360526.347,-5.347,1.935,-2.942,-4.942,2.016,-2.943,0.150,0.150,0.080
1753360526.456,1753360526.547,-5.347,1.935,-2.885,-4.942,2.016,-2.894,0.150,0.150,0.080
1753360526.650,1753360526.747,-5.347,1.935,-2.836,-4.942,2.016,-2.845,0.150,0.150,0.080
1753360528.238,1753360528.278,-5.682,1.816,-2.803,-4.844,1.998,-2.840,0.150,0.150,0.080
1753360528.238,1753360528.347,-5.682,1.816,-2.803,-5.114,1.914,-2.841,0.150,0.150,0.080
1753360528.530,1753360528.576,-5.749,1.792,-2.803,-5.202,1.886,-2.841,0.150,0.150,0.080
1753360528.630,1753360528.747,-5.772,1.784,-2.803,-5.261,1.867,-2.842,0.150,0.150,0.080
1753360528.824,1753360528.947,-5.817,1.769,-2.803,-5.305,1.853,-2.841,0.150,0.150,0.080
1753360529.055,1753360529.147,-5.869,1.750,-2.803,-5.349,1.840,-2.841,0.150,0.150,0.080
1753360529.346,1753360529.372,-5.936,1.726,-2.803,-5.407,1.821,-2.841,0.150,0.150,0.080
1753360529.544,1753360529.570,-5.981,1.711,-2.803,-5.452,1.808,-2.841,0.150,0.150,0.080
1753360529.734,1753360529.763,-6.026,1.695,-2.804,-5.497,1.795,-2.841,0.150,0.150,0.080
1753360529.931,1753360529.957,-6.071,1.679,-2.804,-5.540,1.782,-2.841,0.150,0.150,0.080
1753360530.029,1753360530.154,-6.094,1.671,-2.804,-5.584,1.768,-2.841,0.150,0.150,0.080
1753360530.254,1753360530.353,-6.146,1.653,-2.804,-5.627,1.754,-2.840,0.150,0.150,0.080
1753360530.450,1753360530.547,-6.191,1.637,-2.804,-5.671,1.740,-2.840,0.150,0.150,0.080
1753360530.650,1753360530.747,-6.219,1.627,-2.778,-5.678,1.738,-2.807,0.150,0.150,0.080
1753360530.936,1753360530.963,-6.213,1.629,-2.708,-5.678,1.738,-2.742,0.150,0.150,0.080
1753360531.033,1753360531.156,-6.213,1.629,-2.683,-5.677,1.738,-2.694,0.150,0.150,0.080
1753360531.257,1753360531.350,-6.213,1.629,-2.626,-5.677,1.739,-2.645,0.150,0.150,0.080
1753360531.548,1753360531.563,-6.213,1.629,-2.552,-5.677,1.738,-2.596,0.150,0.150,0.080
1753360531.648,1753360531.751,-6.213,1.629,-2.528,-5.677,1.738,-2.547,0.150,0.150,0.080
1753360531.840,1753360531.947,-6.237,1.610,-2.511,-5.715,1.712,-2.547,0.150,0.150,0.080
1753360533.657,1753360533.678,-6.532,1.395,-2.595,-5.773,1.730,-2.607,0.150,0.150,0.080
1753360533.657,1753360533.749,-6.532,1.395,-2.595,-6.023,1.582,-2.631,0.150,0.150,0.080
1753360533.952,1753360533.971,-6.532,1.395,-2.669,-6.023,1.582,-2.728,0.150,0.150,0.080
1753360534.046,1753360534.147,-6.532,1.395,-2.694,-6.023,1.582,-2.794,0.150,0.150,0.080
1753360534.245,1753360534.347,-6.532,1.395,-2.744,-6.023,1.582,-2.843,0.150,0.150,0.080
1753360534.540,1753360534.574,-6.533,1.395,-2.818,-6.023,1.581,-2.892,0.150,0.150,0.080
1753360534.736,1753360534.771,-6.533,1.395,-2.868,-6.022,1.581,-2.957,0.150,0.150,0.080
1753360534.926,1753360534.959,-6.533,1.395,-2.917,-6.023,1.580,-3.006,0.150,0.150,0.080
1753360535.028,1753360535.155,-6.533,1.395,-2.941,-6.023,1.580,-3.055,0.150,0.150,0.080
1753360536.844,1753360536.943,-6.916,1.344,-3.010,-6.064,1.589,-3.110,0.150,0.150,0.080
1753360537.228,1753360537.280,-7.011,1.331,-3.011,-6.463,1.569,-3.112,0.150,0.150,0.080
1753360537.228,1753360537.349,-7.011,1.331,-3.011,-6.493,1.568,-3.112,0.150,0.150,0.080
1753360537.554,1753360537.569,-7.089,1.321,-3.011,-6.585,1.565,-3.112,0.150,0.150,0.080
1753360537.656,1753360537.755,-7.113,1.318,-3.011,-6.645,1.564,-3.111,0.150,0.150,0.080
1753360537.852,1753360537.951,-7.160,1.312,-3.011,-6.690,1.562,-3.111,0.150,0.150,0.080
1753360538.044,1753360538.154,-7.207,1.305,-3.011,-6.736,1.561,-3.111,0.150,0.150,0.080
1753360538.240,1753360538.347,-7.255,1.299,-3.011,-6.781,1.560,-3.111,0.150,0.150,0.080
1753360538.433,1753360538.547,-7.302,1.293,-3.011,-6.826,1.559,-3.111,0.150,0.150,0.080
1753360538.630,1753360538.747,-7.349,1.287,-3.011,-6.873,1.558,-3.111,0.150,0.150,0.080
1753360538.851,1753360538.952,-7.394,1.281,-3.028,-6.896,1.557,3.140,0.150,0.150,0.080
1753360539.045,1753360539.152,-7.388,1.281,-3.078,-6.895,1.557,3.092,0.150,0.150,0.080
1753360539.243,1753360539.348,-7.389,1.281,-3.127,-6.895,1.558,3.044,0.150,0.150,0.080
1753360539.436,1753360539.547,-7.389,1.281,3.107,-6.895,1.557,2.996,0.150,0.150,0.080
1753360539.631,1753360539.747,-7.389,1.281,3.058,-6.895,1.557,2.947,0.150,0.150,0.080
1753360539.828,1753360539.947,-7.389,1.281,3.008,-6.895,1.557,2.898,0.150,0.150,0.080
1753360540.027,1753360540.147,-7.389,1.281,2.959,-6.895,1.556,2.850,0.150,0.150,0.080
1753360540.252,1753360540.347,-7.389,1.281,2.902,-6.895,1.557,2.801,0.150,0.150,0.080
1753360540.540,1753360540.575,-7.389,1.281,2.828,-6.895,1.557,2.736,0.150,0.150,0.080
1753360540.635,1753360540.750,-7.389,1.281,2.803,-6.895,1.557,2.703,0.150,0.150,0.080
1753360540.825,1753360540.947,-7.389,1.281,2.763,-6.894,1.558,2.655,0.150,0.150,0.080
1753360541.144,1753360541.178,-7.389,1.281,2.681,-6.894,1.558,2.589,0.150,0.150,0.080
1753360541.341,1753360541.374,-7.389,1.281,2.631,-6.894,1.558,2.541,0.150,0.150,0.080
1753360541.434,1753360541.547,-7.389,1.281,2.607,-6.894,1.558,2.509,0.150,0.150,0.080
1753360541.631,1753360541.747,-7.415,1.298,2.585,-6.930,1.586,2.500,0.150,0.150,0.080
1753360541.822,1753360541.947,-7.455,1.323,2.584,-6.966,1.614,2.501,0.150,0.150,0.080
1753360542.052,1753360542.147,-7.502,1.352,2.584,-7.003,1.642,2.501,0.150,0.150,0.080
1753360542.344,1753360542.376,-7.563,1.390,2.584,-7.052,1.679,2.501,0.150,0.150,0.080
1753360542.542,1753360542.576,-7.603,1.415,2.584,-7.088,1.706,2.501,0.150,0.150,0.080
1753360542.637,1753360542.747,-7.624,1.428,2.584,-7.113,1.724,2.501,0.150,0.150,0.080
1753360542.833,1753360542.947,-7.640,1.438,2.550,-7.119,1.728,2.452,0.150,0.150,0.080
1753360543.037,1753360543.147,-7.638,1.437,2.500,-7.120,1.729,2.403,0.150,0.150,0.080
1753360543.224,1753360543.347,-7.637,1.436,2.451,-7.120,1.728,2.355,0.150,0.150,0.080
1753360545.627,1753360545.734,-7.637,1.436,1.844,-7.080,1.765,1.792,0.150,0.150,0.080
1753360545.723,1753360545.771,-7.637,1.436,1.820,-7.080,1.764,1.776,0.150,0.150,0.080
1753360546.930,1753360546.996,-7.684,1.676,1.760,-7.135,1.926,1.666,0.150,0.150,0.080
1753360547.025,1753360547.299,-7.688,1.699,1.759,-7.143,1.989,1.667,0.150,0.150,0.080
1753360547.025,1753360547.377,-7.688,1.699,1.759,-7.146,2.019,1.667,0.150,0.150,0.080
1753360547.025,1753360547.551,-7.688,1.699,1.759,-7.153,2.095,1.667,0.150,0.150,0.080
1753360547.025,1753360547.773,-7.688,1.699,1.759,-7.160,2.170,1.667,0.150,0.150,0.080
1753360547.025,1753360547.965,-7.688,1.699,1.759,-7.165,2.216,1.667,0.150,0.150,0.080
1753360547.025,1753360548.161,-7.688,1.699,1.759,-7.169,2.262,1.667,0.150,0.150,0.080
1753360547.025,1753360548.358,-7.688,1.699,1.759,-7.174,2.307,1.667,0.150,0.150,0.080
1753360547.025,1753360548.550,-7.688,1.699,1.759,-7.178,2.353,1.668,0.150,0.150,0.080
1753360547.025,1753360548.747,-7.688,1.699,1.759,-7.182,2.399,1.668,0.150,0.150,0.080
1753360547.025,1753360548.948,-7.688,1.699,1.759,-7.187,2.444,1.668,0.150,0.150,0.080
1753360547.025,1753360549.150,-7.688,1.699,1.759,-7.191,2.490,1.668,0.150,0.150,0.080
1753360547.025,1753360549.347,-7.688,1.699,1.759,-7.193,2.520,1.684,0.150,0.150,0.080
1753360549.431,1753360549.547,-7.791,2.230,1.808,-7.194,2.520,1.732,0.150,0.150,0.080
1753360549.626,1753360549.747,-7.790,2.228,1.855,-7.194,2.520,1.781,0.150,0.150,0.080
1753360549.855,1753360549.947,-7.790,2.228,1.913,-7.194,2.520,1.829,0.150,0.150,0.080
1753360550.052,1753360550.147,-7.790,2.228,1.962,-7.193,2.520,1.878,0.150,0.150,0.080
1753360550.248,1753360550.350,-7.790,2.228,2.011,-7.198,2.534,1.919,0.150,0.150,0.080
1753360550.442,1753360550.547,-7.811,2.269,2.011,-7.214,2.578,1.919,0.150,0.150,0.080
1753360550.635,1753360550.747,-7.831,2.312,2.011,-7.230,2.621,1.919,0.150,0.150,0.080
1753360550.833,1753360550.947,-7.851,2.355,2.011,-7.245,2.664,1.918,0.150,0.150,0.080
1753360551.024,1753360551.147,-7.872,2.398,2.011,-7.261,2.708,1.919,0.150,0.150,0.080
1753360551.252,1753360551.347,-7.895,2.449,2.011,-7.277,2.751,1.919,0.150,0.150,0.080
1753360551.452,1753360551.547,-7.916,2.492,2.011,-7.293,2.794,1.919,0.150,0.150,0.080
1753360551.744,1753360551.776,-7.946,2.557,2.010,-7.313,2.852,1.920,0.150,0.150,0.080
1753360551.941,1753360551.970,-7.966,2.600,2.011,-7.328,2.895,1.920,0.150,0.150,0.080
1753360552.132,1753360552.162,-7.987,2.643,2.011,-7.345,2.939,1.920,0.150,0.150,0.080
1753360552.331,1753360552.359,-8.007,2.686,2.011,-7.360,2.982,1.920,0.150,0.150,0.080
1753360552.456,1753360552.554,-8.020,2.714,2.011,-7.376,3.025,1.920,0.150,0.150,0.080
1753360552.652,1753360552.747,-8.041,2.758,2.011,-7.392,3.068,1.920,0.150,0.150,0.080
1753360552.848,1753360552.950,-8.061,2.801,2.011,-7.408,3.111,1.920,0.150,0.150,0.080
1753360553.044,1753360553.147,-8.081,2.844,2.011,-7.423,3.154,1.920,0.150,0.150,0.080
1753360553.235,1753360553.347,-8.102,2.887,2.011,-7.438,3.198,1.920,0.150,0.150,0.080
1753360553.430,1753360553.547,-8.122,2.930,2.011,-7.454,3.241,1.920,0.150,0.150,0.080
1753360553.628,1753360553.747,-8.142,2.973,2.011,-7.470,3.284,1.921,0.150,0.150,0.080
1753360553.855,1753360553.947,-8.166,3.023,2.010,-7.485,3.327,1.921,0.150,0.150,0.080
1753360554.144,1753360554.175,-8.196,3.088,2.010,-7.507,3.385,1.919,0.150,0.150,0.080
1753360554.336,1753360554.369,-8.217,3.131,2.010,-7.522,3.428,1.920,0.150,0.150,0.080
1753360554.533,1753360554.566,-8.237,3.174,2.010,-7.538,3.471,1.919,0.150,0.150,0.080
1753360554.727,1753360554.759,-8.257,3.217,2.010,-7.554,3.514,1.919,0.150,0.150,0.080
1753360555.147,1753360555.208,-8.301,3.310,2.011,-7.635,3.498,1.979,0.150,0.150,0.080
1753360555.245,1753360555.349,-8.311,3.332,2.011,-7.659,3.554,1.979,0.150,0.150,0.080
1753360555.448,1753360555.551,-8.331,3.375,2.011,-7.695,3.639,1.978,0.150,0.150,0.080
1753360555.639,1753360555.747,-8.352,3.418,2.011,-7.714,3.680,1.978,0.150,0.150,0.080
1753360555.834,1753360555.947,-8.372,3.461,2.011,-7.732,3.722,1.978,0.150,0.150,0.080
1753360556.032,1753360556.147,-8.392,3.504,2.011,-7.750,3.764,1.979,0.150,0.150,0.080
1753360556.228,1753360556.347,-8.413,3.548,2.010,-7.768,3.807,1.979,0.150,0.150,0.080
1753360556.451,1753360556.547,-8.436,3.598,2.010,-7.787,3.849,1.979,0.150,0.150,0.080
1753360556.743,1753360556.774,-8.467,3.663,2.010,-7.810,3.905,1.978,0.150,0.150,0.080
1753360556.944,1753360556.976,-8.487,3.706,2.010,-7.828,3.948,1.978,0.150,0.150,0.080
1753360557.135,1753360557.167,-8.507,3.749,2.010,-7.845,3.990,1.979,0.150,0.150,0.080
1753360557.331,1753360557.364,-8.527,3.792,2.010,-7.862,4.032,1.979,0.150,0.150,0.080
1753360557.527,1753360557.558,-8.548,3.835,2.010,-7.880,4.074,1.978,0.150,0.150,0.080
1753360557.947,1753360558.019,-8.592,3.928,2.011,-7.914,4.068,1.995,0.150,0.150,0.080
1753360558.048,1753360558.151,-8.602,3.950,2.011,-7.939,4.123,1.994,0.150,0.150,0.080
1753360558.334,1753360558.361,-8.632,4.014,2.010,-7.975,4.207,1.995,0.150,0.150,0.080
1753360558.440,1753360558.547,-8.642,4.036,2.010,-7.995,4.249,1.995,0.150,0.150,0.080
1753360558.632,1753360558.747,-8.662,4.079,2.010,-8.013,4.290,1.996,0.150,0.150,0.080
1753360558.827,1753360558.947,-8.683,4.122,2.010,-8.032,4.332,1.996,0.150,0.150,0.080
1753360559.028,1753360559.147,-8.703,4.165,2.010,-8.051,4.375,1.997,0.150,0.150,0.080
1753360559.248,1753360559.347,-8.727,4.216,2.010,-8.070,4.416,1.996,0.150,0.150,0.080
1753360559.539,1753360559.570,-8.757,4.280,2.010,-8.096,4.472,1.996,0.150,0.150,0.080
1753360559.735,1753360559.765,-8.777,4.323,2.010,-8.115,4.514,1.997,0.150,0.150,0.080
1753360559.931,1753360559.970,-8.798,4.366,2.010,-8.133,4.555,1.997,0.150,0.150,0.080
1753360560.030,1753360560.147,-8.808,4.388,2.010,-8.133,4.555,1.997,0.150,0.150,0.080
1753360560.251,1753360560.351,-8.831,4.438,2.010,-8.165,4.624,1.997,0.150,0.150,0.080
1753360560.447,1753360560.548,-8.851,4.481,2.010,-8.191,4.680,1.998,0.150,0.150,0.080
1753360560.647,1753360560.749,-8.872,4.524,2.010,-8.210,4.722,1.998,0.150,0.150,0.080
1753360560.834,1753360560.947,-8.892,4.568,2.010,-8.229,4.764,1.998,0.150,0.150,0.080
1753360561.030,1753360561.147,-8.912,4.611,2.010,-8.248,4.805,1.998,0.150,0.150,0.080
1753360561.226,1753360561.347,-8.933,4.654,2.010,-8.267,4.847,1.998,0.150,0.150,0.080
1753360561.454,1753360561.547,-8.956,4.704,2.010,-8.286,4.889,1.998,0.150,0.150,0.080
1753360561.651,1753360561.747,-8.976,4.747,2.010,-8.305,4.931,1.998,0.150,0.150,0.080
1753360561.842,1753360561.947,-8.997,4.790,2.009,-8.324,4.973,1.998,0.150,0.150,0.080
1753360562.134,1753360562.166,-9.027,4.855,2.010,-8.350,5.029,1.998,0.150,0.150,0.080
1753360562.328,1753360562.359,-9.047,4.898,2.010,-8.368,5.071,1.998,0.150,0.150,0.080
1753360562.427,1753360562.556,-9.057,4.920,2.010,-8.388,5.113,1.998,0.150,0.150,0.080
1753360562.654,1753360562.748,-9.081,4.970,2.010,-8.406,5.155,1.998,0.150,0.150,0.080
1753360562.851,1753360562.953,-9.101,5.013,2.010,-8.425,5.197,1.997,0.150,0.150,0.080
1753360563.047,1753360563.150,-9.121,5.056,2.010,-8.445,5.239,1.998,0.150,0.150,0.080
1753360563.242,1753360563.347,-9.142,5.099,2.010,-8.464,5.282,1.998,0.150,0.150,0.080
1753360563.431,1753360563.547,-9.162,5.142,2.010,-8.483,5.324,1.998,0.150,0.150,0.080
1753360563.630,1753360563.747,-9.182,5.185,2.010,-8.502,5.365,1.999,0.150,0.150,0.080
1753360563.850,1753360563.947,-9.206,5.236,2.009,-8.521,5.406,1.999,0.150,0.150,0.080
1753360564.051,1753360564.147,-9.226,5.279,2.009,-8.540,5.448,1.999,0.150,0.150,0.080
1753360564.341,1753360564.371,-9.256,5.344,2.009,-8.566,5.504,1.999,0.150,0.150,0.080
1753360564.533,1753360564.565,-9.277,5.387,2.009,-8.585,5.545,2.000,0.150,0.150,0.080
1753360564.738,1753360564.769,-9.297,5.430,2.009,-8.604,5.587,2.000,0.150,0.150,0.080
1753360564.926,1753360564.958,-9.317,5.473,2.010,-8.624,5.629,1.999,0.150,0.150,0.080
1753360565.025,1753360565.154,-9.327,5.494,2.010,-8.643,5.670,1.999,0.150,0.150,0.080
1753360565.250,1753360565.347,-9.351,5.545,2.010,-8.662,5.712,1.999,0.150,0.150,0.080
1753360565.446,1753360565.550,-9.371,5.588,2.010,-8.681,5.754,1.998,0.150,0.150,0.080
1753360565.642,1753360565.747,-9.391,5.631,2.010,-8.700,5.795,1.998,0.150,0.150,0.080
1753360565.832,1753360565.947,-9.412,5.674,2.010,-8.720,5.837,1.999,0.150,0.150,0.080
1753360566.026,1753360566.147,-9.432,5.717,2.010,-8.738,5.879,1.999,0.150,0.150,0.080
1753360566.226,1753360566.347,-9.452,5.760,2.009,-8.757,5.921,1.999,0.150,0.150,0.080
1753360566.545,1753360566.572,-9.486,5.832,2.009,-8.783,5.977,1.997,0.150,0.150,0.080
1753360566.742,1753360566.771,-9.506,5.875,2.009,-8.801,6.018,1.998,0.150,0.150,0.080
1753360566.934,1753360566.961,-9.526,5.918,2.009,-8.820,6.061,1.997,0.150,0.150,0.080
1753360567.034,1753360567.155,-9.536,5.940,2.009,-8.839,6.103,1.997,0.150,0.150,0.080
1753360567.225,1753360567.353,-9.557,5.983,2.009,-8.858,6.145,1.997,0.150,0.150,0.080
1753360567.454,1753360567.547,-9.580,6.033,2.009,-8.877,6.187,1.997,0.150,0.150,0.080
1753360567.651,1753360567.753,-9.600,6.076,2.009,-8.897,6.228,1.997,0.150,0.150,0.080
1753360567.942,1753360567.970,-9.611,6.099,2.056,-8.899,6.235,2.046,0.150,0.150,0.080
1753360568.138,1753360568.165,-9.611,6.098,2.106,-8.899,6.235,2.095,0.150,0.150,0.080
1753360568.334,1753360568.363,-9.611,6.098,2.155,-8.900,6.236,2.144,0.150,0.150,0.080
1753360568.533,1753360568.560,-9.611,6.098,2.204,-8.900,6.237,2.193,0.150,0.150,0.080
1753360568.756,1753360568.759,-9.611,6.098,2.262,-8.900,6.236,2.241,0.150,0.150,0.080
1753360568.856,1753360568.949,-9.611,6.098,2.286,-8.900,6.236,2.290,0.150,0.150,0.080
1753360569.049,1753360569.147,-9.611,6.098,2.335,-8.901,6.236,2.338,0.150,0.150,0.080
1753360569.245,1753360569.348,-9.611,6.098,2.385,-8.901,6.236,2.387,0.150,0.150,0.080
1753360569.445,1753360569.547,-9.611,6.098,2.434,-8.901,6.236,2.436,0.150,0.150,0.080
1753360569.633,1753360569.747,-9.611,6.098,2.483,-8.901,6.237,2.484,0.150,0.150,0.080
1753360569.828,1753360569.947,-9.611,6.098,2.532,-8.901,6.236,2.533,0.150,0.150,0.080
1753360570.025,1753360570.147,-9.611,6.098,2.581,-8.901,6.237,2.583,0.150,0.150,0.080
1753360570.253,1753360570.347,-9.611,6.098,2.639,-8.900,6.236,2.633,0.150,0.150,0.080
1753360570.545,1753360570.572,-9.625,6.104,2.696,-8.914,6.243,2.682,0.150,0.150,0.080
1753360570.738,1753360570.767,-9.668,6.125,2.696,-8.955,6.263,2.682,0.150,0.150,0.080
1753360570.931,1753360570.958,-9.711,6.145,2.696,-8.996,6.283,2.682,0.150,0.150,0.080
1753360571.056,1753360571.152,-9.740,6.159,2.696,-9.037,6.304,2.682,0.150,0.150,0.080
1753360571.253,1753360571.347,-9.783,6.180,2.696,-9.077,6.324,2.683,0.150,0.150,0.080
1753360571.545,1753360571.557,-9.847,6.210,2.696,-9.118,6.344,2.683,0.150,0.150,0.080
1753360571.545,1753360571.747,-9.847,6.210,2.696,-9.160,6.364,2.683,0.150,0.150,0.080
1753360571.545,1753360571.947,-9.847,6.210,2.696,-9.201,6.384,2.683,0.150,0.150,0.080
1753360571.545,1753360572.226,-9.847,6.210,2.696,-9.280,6.388,2.690,0.150,0.150,0.080
1753360571.545,1753360572.366,-9.847,6.210,2.696,-9.336,6.415,2.689,0.150,0.150,0.080
1753360571.545,1753360572.547,-9.847,6.210,2.696,-9.377,6.435,2.690,0.150,0.150,0.080
1753360571.545,1753360572.747,-9.847,6.210,2.696,-9.419,6.455,2.690,0.150,0.150,0.080
1753360571.545,1753360572.981,-9.847,6.210,2.696,-9.474,6.481,2.690,0.150,0.150,0.080
1753360571.545,1753360573.174,-9.847,6.210,2.696,-9.515,6.500,2.690,0.150,0.150,0.080
1753360573.337,1753360573.367,-10.241,6.399,2.696,-9.557,6.521,2.690,0.150,0.150,0.080
1753360573.529,1753360573.559,-10.284,6.419,2.696,-9.597,6.541,2.689,0.150,0.150,0.080
1753360573.630,1753360573.753,-10.305,6.429,2.696,-9.639,6.561,2.689,0.150,0.150,0.080
1753360573.857,1753360573.952,-10.356,6.453,2.696,-9.680,6.581,2.689,0.150,0.150,0.080
1753360574.049,1753360574.147,-10.399,6.474,2.696,-9.721,6.600,2.689,0.150,0.150,0.080
1753360574.246,1753360574.350,-10.441,6.494,2.696,-9.763,6.621,2.688,0.150,0.150,0.080
1753360574.435,1753360574.547,-10.484,6.515,2.696,-9.805,6.641,2.688,0.150,0.150,0.080
1753360574.629,1753360574.747,-10.527,6.535,2.696,-9.846,6.660,2.688,0.150,0.150,0.080
1753360574.823,1753360574.947,-10.570,6.556,2.695,-9.887,6.681,2.688,0.150,0.150,0.080
1753360575.054,1753360575.147,-10.621,6.580,2.695,-9.928,6.701,2.689,0.150,0.150,0.080
1753360575.346,1753360575.379,-10.685,6.611,2.696,-9.983,6.728,2.688,0.150,0.150,0.080
1753360575.542,1753360575.572,-10.728,6.631,2.696,-10.023,6.748,2.688,0.150,0.150,0.080
1753360575.734,1753360575.764,-10.771,6.652,2.696,-10.064,6.768,2.688,0.150,0.150,0.080
1753360575.927,1753360575.960,-10.814,6.672,2.696,-10.105,6.789,2.688,0.150,0.150,0.080
1753360576.126,1753360576.159,-10.857,6.693,2.696,-10.147,6.809,2.687,0.150,0.150,0.080
1753360576.253,1753360576.352,-10.886,6.707,2.696,-10.188,6.830,2.687,0.150,0.150,0.080
1753360576.454,1753360576.551,-10.928,6.727,2.696,-10.230,6.850,2.687,0.150,0.150,0.080
1753360577.133,1753360577.235,-11.079,6.799,2.695,-10.153,6.901,2.655,0.150,0.150,0.080
1753360577.240,1753360577.351,-11.100,6.809,2.695,-10.261,6.958,2.655,0.150,0.150,0.080
1753360577.428,1753360577.551,-11.143,6.830,2.695,-10.328,6.993,2.655,0.150,0.150,0.080
1753360577.654,1753360577.747,-11.194,6.854,2.695,-10.395,7.028,2.655,0.150,0.150,0.080
1753360577.945,1753360577.978,-11.258,6.885,2.695,-10.450,7.058,2.656,0.150,0.150,0.080
1753360578.145,1753360578.180,-11.301,6.905,2.696,-10.490,7.078,2.656,0.150,0.150,0.080
1753360578.335,1753360578.368,-11.344,6.926,2.696,-10.531,7.099,2.656,0.150,0.150,0.080
1753360578.529,1753360578.562,-11.387,6.946,2.696,-10.571,7.121,2.656,0.150,0.150,0.080
1753360578.630,1753360578.757,-11.408,6.956,2.696,-10.612,7.142,2.655,0.150,0.150,0.080
1753360578.925,1753360578.961,-11.473,6.987,2.696,-10.652,7.164,2.656,0.150,0.150,0.080
1753360579.054,1753360579.151,-11.501,7.001,2.696,-10.693,7.185,2.656,0.150,0.150,0.080
1753360579.250,1753360579.350,-11.535,7.017,2.712,-10.706,7.191,2.689,0.150,0.150,0.080
1753360579.448,1753360579.552,-11.530,7.015,2.763,-10.707,7.191,2.739,0.150,0.150,0.080
1753360580.651,1753360580.752,-11.756,7.090,2.820,-10.664,7.207,2.761,0.150,0.150,0.080
1753360580.842,1753360580.952,-11.801,7.105,2.820,-10.891,7.296,2.770,0.150,0.150,0.080
1753360581.136,1753360581.176,-11.869,7.128,2.821,-10.977,7.330,2.771,0.150,0.150,0.080
1753360581.229,1753360581.347,-11.891,7.135,2.821,-11.019,7.346,2.771,0.150,0.150,0.080
1753360581.626,1753360581.754,-11.982,7.165,2.821,-11.094,7.319,2.784,0.150,0.150,0.080
1753360581.854,1753360581.952,-12.034,7.183,2.821,-11.187,7.353,2.784,0.150,0.150,0.080
1753360582.147,1753360582.174,-12.102,7.205,2.821,-11.272,7.384,2.784,0.150,0.150,0.080
1753360582.242,1753360582.347,-12.125,7.213,2.821,-11.316,7.400,2.785,0.150,0.150,0.080
1753360582.441,1753360582.547,-12.170,7.228,2.820,-11.359,7.417,2.785,0.150,0.150,0.080
1753360582.630,1753360582.747,-12.215,7.243,2.820,-11.402,7.432,2.785,0.150,0.150,0.080
1753360582.826,1753360582.947,-12.261,7.258,2.820,-11.446,7.448,2.785,0.150,0.150,0.080
1753360583.054,1753360583.147,-12.313,7.275,2.820,-11.489,7.463,2.785,0.150,0.150,0.080
1753360583.346,1753360583.383,-12.381,7.298,2.820,-11.546,7.485,2.786,0.150,0.150,0.080
1753360583.543,1753360583.577,-12.426,7.313,2.820,-11.589,7.501,2.786,0.150,0.150,0.080
1753360583.737,1753360583.769,-12.471,7.328,2.820,-11.632,7.517,2.786,0.150,0.150,0.080
1753360583.930,1753360583.962,-12.517,7.343,2.821,-11.675,7.533,2.786,0.150,0.150,0.080
1753360584.746,1753360584.814,-12.705,7.406,2.820,-11.709,7.544,2.792,0.150,0.150,0.080
1753360584.846,1753360584.949,-12.727,7.413,2.820,-11.880,7.607,2.793,0.150,0.150,0.080
1753360585.037,1753360585.154,-12.773,7.428,2.820,-11.966,7.638,2.792,0.150,0.150,0.080
1753360585.234,1753360585.347,-12.818,7.443,2.820,-12.009,7.654,2.793,0.150,0.150,0.080
1753360585.428,1753360585.547,-12.863,7.458,2.820,-12.052,7.670,2.793,0.150,0.150,0.080
1753360585.629,1753360585.747,-12.908,7.473,2.820,-12.095,7.685,2.793,0.150,0.150,0.080
1753360585.821,1753360585.947,-12.953,7.488,2.820,-12.123,7.696,2.793,0.150,0.150,0.080
1753360586.049,1753360586.152,-13.006,7.506,2.820,-12.137,7.701,2.793,0.150,0.150,0.080
1753360586.249,1753360586.352,-13.051,7.521,2.820,-12.222,7.733,2.792,0.150,0.150,0.080
1753360586.541,1753360586.567,-13.119,7.544,2.820,-12.279,7.754,2.792,0.150,0.150,0.080
1753360586.736,1753360586.767,-13.164,7.559,2.821,-12.322,7.770,2.792,0.150,0.150,0.080
1753360586.930,1753360586.960,-13.209,7.574,2.820,-12.365,7.785,2.792,0.150,0.150,0.080
1753360587.030,1753360587.149,-13.232,7.581,2.820,-12.409,7.800,2.792,0.150,0.150,0.080
1753360587.225,1753360587.348,-13.277,7.596,2.820,-12.451,7.816,2.791,0.150,0.150,0.080
1753360587.454,1753360587.547,-13.330,7.614,2.820,-12.494,7.832,2.791,0.150,0.150,0.080
1753360587.647,1753360587.753,-13.375,7.629,2.820,-12.538,7.848,2.792,0.150,0.150,0.080
1753360587.842,1753360587.947,-13.420,7.644,2.820,-12.581,7.864,2.791,0.150,0.150,0.080
1753360588.557,1753360588.646,-13.586,7.699,2.820,-12.575,7.928,2.746,0.150,0.150,0.080
1753360588.724,1753360588.761,-13.624,7.712,2.820,-12.666,7.967,2.746,0.150,0.150,0.080
1753360588.724,1753360588.962,-13.624,7.712,2.820,-12.736,7.997,2.746,0.150,0.150,0.080
1753360588.724,1753360589.147,-13.624,7.712,2.820,-12.792,8.021,2.746,0.150,0.150,0.080
1753360588.724,1753360589.372,-13.624,7.712,2.820,-12.813,8.030,2.794,0.150,0.150,0.080
1753360588.724,1753360589.563,-13.624,7.712,2.820,-12.814,8.030,2.843,0.150,0.150,0.080
1753360588.724,1753360589.764,-13.624,7.712,2.820,-12.814,8.030,2.891,0.150,0.150,0.080
1753360588.724,1753360589.958,-13.624,7.712,2.820,-12.814,8.030,2.940,0.150,0.150,0.080
1753360588.724,1753360590.152,-13.624,7.712,2.820,-12.814,8.031,2.989,0.150,0.150,0.080
1753360588.724,1753360590.348,-13.624,7.712,2.820,-12.814,8.030,3.038,0.150,0.150,0.080
1753360588.724,1753360590.552,-13.624,7.712,2.820,-12.813,8.030,3.087,0.150,0.150,0.080
1753360588.724,1753360590.747,-13.624,7.712,2.820,-12.815,8.030,3.137,0.150,0.150,0.080
1753360591.323,1753360591.383,-13.721,7.744,-2.911,-12.923,8.001,-3.097,0.150,0.150,0.080
1753360591.454,1753360591.556,-13.721,7.744,-2.878,-12.922,8.001,-2.959,0.150,0.150,0.080
1753360591.746,1753360591.761,-13.721,7.744,-2.804,-12.921,8.000,-2.877,0.150,0.150,0.080
1753360591.841,1753360591.947,-13.721,7.744,-2.779,-12.921,8.000,-2.811,0.150,0.150,0.080
1753360592.043,1753360592.147,-13.721,7.744,-2.730,-12.921,8.001,-2.763,0.150,0.150,0.080
1753360592.653,1753360592.747,-13.721,7.744,-2.574,-12.922,8.001,-2.688,0.150,0.150,0.080
1753360592.946,1753360592.965,-13.721,7.744,-2.501,-12.921,8.000,-2.591,0.150,0.150,0.080
1753360593.047,1753360593.151,-13.721,7.744,-2.476,-12.921,8.001,-2.510,0.150,0.150,0.080
1753360593.241,1753360593.347,-13.721,7.744,-2.427,-12.921,8.000,-2.462,0.150,0.150,0.080
1753360593.433,1753360593.547,-13.721,7.744,-2.378,-12.921,8.000,-2.413,0.150,0.150,0.080
1753360593.631,1753360593.751,-13.737,7.727,-2.353,-12.955,7.970,-2.406,0.150,0.150,0.080
1753360593.856,1753360593.952,-13.776,7.688,-2.353,-12.988,7.938,-2.405,0.150,0.150,0.080
1753360594.048,1753360594.147,-13.810,7.654,-2.349,-13.023,7.908,-2.406,0.150,0.150,0.080
1753360594.340,1753360594.360,-13.860,7.604,-2.349,-13.057,7.878,-2.406,0.150,0.150,0.080
1753360594.444,1753360594.547,-13.876,7.587,-2.349,-13.090,7.847,-2.407,0.150,0.150,0.080
1753360594.636,1753360594.747,-13.910,7.553,-2.349,-13.125,7.816,-2.407,0.150,0.150,0.080
1753360594.836,1753360594.947,-13.943,7.519,-2.349,-13.159,7.785,-2.407,0.150,0.150,0.080
1753360595.028,1753360595.147,-13.977,7.485,-2.349,-13.192,7.754,-2.408,0.150,0.150,0.080
1753360595.256,1753360595.347,-14.016,7.445,-2.350,-13.225,7.724,-2.407,0.150,0.150,0.080
1753360595.453,1753360595.547,-14.049,7.412,-2.350,-13.259,7.693,-2.407,0.150,0.150,0.080
1753360595.745,1753360595.776,-14.100,7.361,-2.350,-13.305,7.652,-2.407,0.150,0.150,0.080
1753360595.936,1753360595.967,-14.133,7.327,-2.350,-13.339,7.621,-2.408,0.150,0.150,0.080
1753360596.134,1753360596.164,-14.166,7.293,-2.350,-13.373,7.591,-2.408,0.150,0.150,0.080
1753360596.329,1753360596.360,-14.200,7.259,-2.350,-13.407,7.560,-2.408,0.150,0.150,0.080
1753360596.425,1753360596.555,-14.217,7.242,-2.350,-13.442,7.529,-2.408,0.150,0.150,0.080
1753360596.652,1753360596.748,-14.256,7.203,-2.349,-13.476,7.498,-2.408,0.150,0.150,0.080
1753360596.853,1753360596.953,-14.289,7.169,-2.349,-13.508,7.467,-2.407,0.150,0.150,0.080
1753360597.044,1753360597.147,-14.322,7.135,-2.349,-13.543,7.436,-2.407,0.150,0.150,0.080
1753360597.236,1753360597.347,-14.356,7.101,-2.349,-13.577,7.405,-2.408,0.150,0.150,0.080
1753360597.430,1753360597.547,-14.389,7.067,-2.350,-13.611,7.375,-2.407,0.150,0.150,0.080
1753360597.629,1753360597.747,-14.423,7.033,-2.350,-13.645,7.344,-2.407,0.150,0.150,0.080
1753360597.820,1753360597.947,-14.456,6.999,-2.350,-13.679,7.313,-2.407,0.150,0.150,0.080
1753360598.052,1753360598.147,-14.495,6.960,-2.350,-13.713,7.282,-2.407,0.150,0.150,0.080
1753360598.346,1753360598.378,-14.546,6.909,-2.350,-13.758,7.240,-2.407,0.150,0.150,0.080
1753360598.537,1753360598.570,-14.579,6.875,-2.350,-13.792,7.209,-2.407,0.150,0.150,0.080
1753360598.732,1753360598.769,-14.613,6.841,-2.350,-13.827,7.179,-2.406,0.150,0.150,0.080
1753360598.930,1753360598.961,-14.646,6.807,-2.350,-13.861,7.148,-2.406,0.150,0.150,0.080
1753360599.025,1753360599.152,-14.663,6.790,-2.350,-13.896,7.118,-2.406,0.150,0.150,0.080
1753360599.254,1753360599.347,-14.702,6.751,-2.350,-13.930,7.087,-2.406,0.150,0.150,0.080
1753360599.449,1753360599.547,-14.735,6.717,-2.350,-13.964,7.057,-2.406,0.150,0.150,0.080
1753360599.645,1753360599.753,-14.769,6.683,-2.350,-13.997,7.026,-2.406,0.150,0.150,0.080
1753360599.831,1753360599.947,-14.802,6.649,-2.350,-14.031,6.995,-2.406,0.150,0.150,0.080
1753360600.029,1753360600.147,-14.836,6.615,-2.350,-14.065,6.965,-2.406,0.150,0.150,0.080
1753360600.220,1753360600.347,-14.869,6.581,-2.350,-14.098,6.935,-2.406,0.150,0.150,0.080
1753360600.449,1753360600.547,-14.908,6.542,-2.350,-14.133,6.904,-2.405,0.150,0.150,0.080
1753360600.741,1753360600.771,-14.958,6.491,-2.350,-14.178,6.864,-2.404,0.150,0.150,0.080
1753360600.938,1753360600.968,-14.992,6.457,-2.350,-14.212,6.833,-2.404,0.150,0.150,0.080
1753360601.132,1753360601.163,-15.025,6.423,-2.350,-14.246,6.803,-2.404,0.150,0.150,0.080
1753360601.329,1753360601.360,-15.059,6.389,-2.350,-14.280,6.771,-2.404,0.150,0.150,0.080
1753360601.457,1753360601.555,-15.081,6.367,-2.350,-14.314,6.741,-2.403,0.150,0.150,0.080
1753360601.656,1753360601.747,-15.114,6.333,-2.350,-14.348,6.710,-2.403,0.150,0.150,0.080
1753360601.844,1753360601.947,-15.148,6.299,-2.350,-14.382,6.680,-2.403,0.150,0.150,0.080
1753360602.044,1753360602.147,-15.181,6.265,-2.350,-14.416,6.649,-2.403,0.150,0.150,0.080
1753360602.234,1753360602.347,-15.215,6.231,-2.350,-14.450,6.618,-2.404,0.150,0.150,0.080
1753360602.429,1753360602.547,-15.248,6.197,-2.350,-14.485,6.587,-2.403,0.150,0.150,0.080
1753360602.629,1753360602.747,-15.282,6.163,-2.350,-14.518,6.557,-2.402,0.150,0.150,0.080
1753360602.822,1753360602.947,-15.315,6.129,-2.350,-14.552,6.525,-2.403,0.150,0.150,0.080
1753360603.049,1753360603.147,-15.354,6.090,-2.351,-14.585,6.495,-2.403,0.150,0.150,0.080
1753360603.345,1753360603.378,-15.405,6.039,-2.351,-14.630,6.454,-2.403,0.150,0.150,0.080
1753360603.538,1753360603.570,-15.438,6.005,-2.351,-14.664,6.423,-2.403,0.150,0.150,0.080
1753360603.732,1753360603.766,-15.471,5.971,-2.350,-14.698,6.391,-2.403,0.150,0.150,0.080
1753360603.928,1753360603.961,-15.505,5.937,-2.350,-14.732,6.360,-2.404,0.150,0.150,0.080
1753360604.056,1753360604.157,-15.527,5.915,-2.350,-14.766,6.329,-2.403,0.150,0.150,0.080
1753360604.252,1753360604.349,-15.561,5.881,-2.350,-14.799,6.298,-2.404,0.150,0.150,0.080
1753360604.449,1753360604.549,-15.594,5.847,-2.350,-14.833,6.267,-2.404,0.150,0.150,0.080
1753360604.641,1753360604.751,-15.628,5.813,-2.350,-14.867,6.236,-2.403,0.150,0.150,0.080
1753360604.837,1753360604.951,-15.661,5.779,-2.350,-14.901,6.206,-2.403,0.150,0.150,0.080
1753360605.035,1753360605.147,-15.695,5.746,-2.350,-14.935,6.175,-2.403,0.150,0.150,0.080
1753360605.226,1753360605.347,-15.728,5.712,-2.350,-14.969,6.144,-2.403,0.150,0.150,0.080
1753360605.452,1753360605.547,-15.767,5.672,-2.351,-15.003,6.113,-2.404,0.150,0.150,0.080
1753360605.746,1753360605.783,-15.817,5.621,-2.351,-15.048,6.072,-2.404,0.150,0.150,0.080
1753360605.942,1753360605.978,-15.851,5.587,-2.351,-15.081,6.042,-2.404,0.150,0.150,0.080
1753360606.135,1753360606.171,-15.884,5.553,-2.351,-15.114,6.011,-2.404,0.150,0.150,0.080
1753360606.334,1753360606.374,-15.918,5.520,-2.351,-15.147,5.980,-2.405,0.150,0.150,0.080
1753360606.528,1753360606.563,-15.951,5.486,-2.350,-15.181,5.949,-2.405,0.150,0.150,0.080
1753360606.657,1753360606.752,-15.974,5.463,-2.350,-15.215,5.919,-2.405,0.150,0.150,0.080
1753360606.854,1753360606.956,-16.007,5.429,-2.350,-15.249,5.888,-2.404,0.150,0.150,0.080
1753360607.046,1753360607.151,-16.041,5.396,-2.350,-15.283,5.857,-2.405,0.150,0.150,0.080
1753360607.340,1753360607.357,-16.091,5.345,-2.350,-15.309,5.886,-2.420,0.150,0.150,0.080
1753360607.436,1753360607.547,-16.107,5.328,-2.350,-15.366,5.835,-2.419,0.150,0.150,0.080
1753360607.727,1753360607.788,-16.158,5.277,-2.351,-15.411,5.794,-2.420,0.150,0.150,0.080
1753360607.824,1753360607.948,-16.174,5.260,-2.351,-15.434,5.774,-2.420,0.150,0.150,0.080
1753360608.053,1753360608.147,-16.214,5.220,-2.351,-15.479,5.733,-2.420,0.150,0.150,0.080
1753360608.250,1753360608.347,-16.247,5.187,-2.351,-15.514,5.703,-2.420,0.150,0.150,0.080
1753360608.541,1753360608.572,-16.297,5.136,-2.351,-15.559,5.663,-2.420,0.150,0.150,0.080
1753360608.735,1753360608.766,-16.331,5.102,-2.351,-15.594,5.633,-2.420,0.150,0.150,0.080
1753360609.357,1753360609.444,-16.437,4.995,-2.350,-15.662,5.739,-2.464,0.150,0.150,0.080
1753360609.549,1753360609.568,-16.470,4.961,-2.350,-15.757,5.663,-2.465,0.150,0.150,0.080
1753360609.745,1753360609.783,-16.504,4.927,-2.350,-15.816,5.616,-2.465,0.150,0.150,0.080
1753360609.842,1753360609.954,-16.520,4.910,-2.351,-15.863,5.577,-2.465,0.150,0.150,0.080
1753360610.035,1753360610.147,-16.554,4.876,-2.351,-15.910,5.539,-2.465,0.150,0.150,0.080
1753360610.232,1753360610.347,-16.587,4.842,-2.351,-15.945,5.511,-2.466,0.150,0.150,0.080
1753360611.534,1753360611.583,-16.812,4.622,-2.366,-16.159,5.783,-2.551,0.150,0.150,0.080
1753360611.632,1753360611.750,-16.830,4.604,-2.366,-16.375,5.639,-2.551,0.150,0.150,0.080
1753360611.827,1753360611.957,-16.863,4.572,-2.366,-16.451,5.586,-2.550,0.150,0.150,0.080
1753360612.052,1753360612.151,-16.903,4.533,-2.366,-16.489,5.560,-2.550,0.150,0.150,0.080
1753360612.249,1753360612.347,-16.937,4.499,-2.366,-16.527,5.534,-2.550,0.150,0.150,0.080
1753360612.444,1753360612.548,-16.971,4.466,-2.366,-16.565,5.509,-2.550,0.150,0.150,0.080
1753360612.640,1753360612.747,-17.005,4.433,-2.366,-16.603,5.484,-2.551,0.150,0.150,0.080
1753360612.833,1753360612.948,-17.039,4.399,-2.366,-16.642,5.458,-2.550,0.150,0.150,0.080
1753360613.027,1753360613.147,-17.073,4.366,-2.366,-16.680,5.432,-2.550,0.150,0.150,0.080
1753360613.257,1753360613.347,-17.113,4.327,-2.366,-16.718,5.406,-2.550,0.150,0.150,0.080
1753360614.526,1753360614.609,-17.334,4.110,-2.366,-16.673,5.344,-2.498,0.150,0.150,0.080
1753360614.848,1753360614.952,-17.390,4.055,-2.366,-16.905,5.157,-2.495,0.150,0.150,0.080
1753360615.040,1753360615.157,-17.424,4.021,-2.366,-16.978,5.102,-2.495,0.150,0.150,0.080
1753360615.337,1753360615.366,-17.475,3.971,-2.366,-17.039,5.056,-2.494,0.150,0.150,0.080
1753360615.532,1753360615.560,-17.509,3.938,-2.366,-17.076,5.028,-2.494,0.150,0.150,0.080
1753360615.727,1753360615.758,-17.543,3.905,-2.367,-17.113,5.000,-2.493,0.150,0.150,0.080
1753360615.854,1753360615.950,-17.566,3.882,-2.367,-17.150,4.973,-2.493,0.150,0.150,0.080
1753360616.051,1753360616.147,-17.600,3.849,-2.367,-17.186,4.945,-2.493,0.150,0.150,0.080
1753360616.247,1753360616.348,-17.634,3.816,-2.367,-17.222,4.917,-2.493,0.150,0.150,0.080
1753360616.437,1753360616.547,-17.668,3.782,-2.366,-17.259,4.890,-2.493,0.150,0.150,0.080
1753360616.635,1753360616.747,-17.702,3.749,-2.366,-17.283,4.872,-2.493,0.150,0.150,0.080
1753360616.635,1753360616.948,-17.702,3.749,-2.366,-17.308,4.854,-2.493,0.150,0.150,0.080
1753360616.635,1753360617.147,-17.702,3.749,-2.366,-17.370,4.809,-2.493,0.150,0.150,0.080
1753360616.635,1753360617.657,-17.702,3.749,-2.366,-17.400,4.675,-2.465,0.150,0.150,0.080
1753360616.635,1753360617.755,-17.702,3.749,-2.366,-17.436,4.647,-2.464,0.150,0.150,0.080
1753360616.635,1753360617.965,-17.702,3.749,-2.366,-17.507,4.588,-2.464,0.150,0.150,0.080
1753360616.635,1753360618.163,-17.702,3.749,-2.366,-17.554,4.550,-2.465,0.150,0.150,0.080
1753360616.635,1753360618.353,-17.702,3.749,-2.366,-17.590,4.521,-2.465,0.150,0.150,0.080
1753360618.454,1753360618.550,-18.020,3.438,-2.367,-17.626,4.492,-2.464,0.150,0.150,0.080
1753360618.651,1753360618.752,-18.054,3.405,-2.367,-17.661,4.464,-2.464,0.150,0.150,0.080
1753360618.847,1753360618.949,-18.088,3.371,-2.367,-17.697,4.435,-2.465,0.150,0.150,0.080
1753360619.038,1753360619.147,-18.122,3.338,-2.366,-17.732,4.406,-2.465,0.150,0.150,0.080
1753360619.233,1753360619.347,-18.156,3.305,-2.366,-17.768,4.377,-2.465,0.150,0.150,0.080
1753360619.430,1753360619.547,-18.190,3.271,-2.366,-17.804,4.348,-2.464,0.150,0.150,0.080
1753360619.626,1753360619.747,-18.224,3.238,-2.366,-17.840,4.320,-2.464,0.150,0.150,0.080
1753360619.850,1753360619.947,-18.263,3.199,-2.366,-17.876,4.292,-2.464,0.150,0.150,0.080
1753360620.046,1753360620.147,-18.297,3.166,-2.366,-17.911,4.263,-2.464,0.150,0.150,0.080
1753360620.338,1753360620.370,-18.348,3.116,-2.367,-17.959,4.224,-2.464,0.150,0.150,0.080
1753360620.531,1753360620.563,-18.382,3.082,-2.367,-17.994,4.195,-2.463,0.150,0.150,0.080
1753360620.730,1753360620.762,-18.416,3.049,-2.367,-18.030,4.166,-2.464,0.150,0.150,0.080
1753360620.825,1753360620.956,-18.433,3.032,-2.367,-18.065,4.138,-2.463,0.150,0.150,0.080
1753360621.054,1753360621.151,-18.473,2.993,-2.367,-18.101,4.110,-2.463,0.150,0.150,0.080
1753360621.251,1753360621.350,-18.507,2.960,-2.367,-18.137,4.081,-2.463,0.150,0.150,0.080
1753360621.448,1753360621.550,-18.541,2.927,-2.367,-18.173,4.052,-2.463,0.150,0.150,0.080
1753360621.642,1753360621.747,-18.575,2.894,-2.367,-18.209,4.022,-2.463,0.150,0.150,0.080
1753360622.651,1753360622.726,-18.751,2.721,-2.367,-18.225,3.974,-2.453,0.150,0.150,0.080
1753360622.743,1753360622.761,-18.768,2.705,-2.367,-18.343,3.877,-2.453,0.150,0.150,0.080
1753360622.942,1753360622.966,-18.802,2.671,-2.367,-18.402,3.829,-2.452,0.150,0.150,0.080
1753360623.134,1753360623.164,-18.836,2.638,-2.367,-18.461,3.780,-2.452,0.150,0.150,0.080
1753360623.328,1753360623.360,-18.870,2.605,-2.367,-18.509,3.741,-2.453,0.150,0.150,0.080
1753360623.527,1753360623.560,-18.904,2.571,-2.367,-18.544,3.711,-2.453,0.150,0.150,0.080
1753360623.655,1753360623.750,-18.927,2.549,-2.367,-18.580,3.682,-2.453,0.150,0.150,0.080
1753360623.849,1753360623.953,-18.961,2.516,-2.367,-18.616,3.652,-2.453,0.150,0.150,0.080
1753360624.046,1753360624.147,-18.995,2.483,-2.367,-18.652,3.623,-2.453,0.150,0.150,0.080
1753360624.234,1753360624.347,-19.029,2.449,-2.367,-18.688,3.593,-2.454,0.150,0.150,0.080
1753360624.428,1753360624.547,-19.063,2.416,-2.367,-18.723,3.564,-2.454,0.150,0.150,0.080
1753360625.627,1753360625.745,-19.273,2.211,-2.367,-18.924,3.416,-2.433,0.150,0.150,0.080
1753360625.627,1753360625.750,-19.273,2.211,-2.367,-18.924,3.416,-2.433,0.150,0.150,0.080
1753360625.826,1753360625.948,-19.307,2.177,-2.367,-18.981,3.366,-2.433,0.150,0.150,0.080
1753360626.151,1753360626.169,-19.364,2.122,-2.367,-19.051,3.306,-2.433,0.150,0.150,0.080
1753360626.247,1753360626.351,-19.381,2.105,-2.367,-19.085,3.276,-2.433,0.150,0.150,0.080
1753360626.447,1753360626.548,-19.415,2.072,-2.367,-19.120,3.245,-2.433,0.150,0.150,0.080
1753360626.637,1753360626.747,-19.449,2.039,-2.367,-19.155,3.216,-2.434,0.150,0.150,0.080
1753360626.834,1753360626.947,-19.483,2.005,-2.367,-19.190,3.186,-2.433,0.150,0.150,0.080
1753360627.030,1753360627.147,-19.517,1.972,-2.367,-19.225,3.157,-2.434,0.150,0.150,0.080
1753360627.254,1753360627.347,-19.556,1.933,-2.367,-19.260,3.127,-2.433,0.150,0.150,0.080
1753360628.039,1753360628.133,-19.693,1.800,-2.367,-19.352,2.991,-2.422,0.150,0.150,0.080
1753360628.136,1753360628.168,-19.710,1.783,-2.368,-19.363,2.981,-2.422,0.150,0.150,0.080
1753360628.234,1753360628.350,-19.727,1.766,-2.368,-19.421,2.930,-2.423,0.150,0.150,0.080
1753360628.527,1753360628.579,-19.778,1.717,-2.368,-19.478,2.880,-2.422,0.150,0.150,0.080
1753360628.654,1753360628.750,-19.801,1.694,-2.368,-19.512,2.850,-2.423,0.150,0.150,0.080
1753360628.850,1753360628.947,-19.835,1.661,-2.367,-19.547,2.820,-2.423,0.150,0.150,0.080
1753360629.047,1753360629.149,-19.869,1.628,-2.367,-19.582,2.790,-2.423,0.150,0.150,0.080
1753360629.238,1753360629.347,-19.895,1.602,-2.384,-19.594,2.779,-2.456,0.150,0.150,0.080
1753360629.432,1753360629.547,-19.891,1.606,-2.434,-19.594,2.780,-2.505,0.150,0.150,0.080
1753360629.631,1753360629.747,-19.891,1.605,-2.484,-19.594,2.780,-2.553,0.150,0.150,0.080
1753360629.824,1753360629.947,-19.891,1.605,-2.533,-19.593,2.780,-2.602,0.150,0.150,0.080
1753360630.051,1753360630.147,-19.891,1.605,-2.590,-19.593,2.780,-2.651,0.150,0.150,0.080
1753360630.342,1753360630.374,-19.891,1.605,-2.664,-19.593,2.779,-2.716,0.150,0.150,0.080
1753360630.538,1753360630.571,-19.891,1.605,-2.713,-19.593,2.779,-2.765,0.150,0.150,0.080
1753360630.734,1753360630.767,-19.891,1.605,-2.762,-19.593,2.779,-2.814,0.150,0.150,0.080
1753360631.446,1753360631.472,-19.891,1.605,-2.943,-19.587,2.743,-2.895,0.150,0.150,0.080
1753360631.446,1753360631.553,-19.891,1.605,-2.943,-19.587,2.743,-2.928,0.150,0.150,0.080
1753360631.642,1753360631.749,-19.891,1.605,-2.992,-19.588,2.743,-3.010,0.150,0.150,0.080
1753360631.838,1753360631.951,-19.891,1.605,-3.041,-19.587,2.743,-3.091,0.150,0.150,0.080
1753360632.034,1753360632.147,-19.891,1.605,-3.090,-19.587,2.743,-3.140,0.150,0.150,0.080
1753360632.255,1753360632.347,-19.891,1.605,3.136,-19.587,2.743,3.095,0.150,0.150,0.080
1753360632.451,1753360632.547,-19.891,1.605,3.086,-19.587,2.744,3.046,0.150,0.150,0.080
1753360632.743,1753360632.778,-19.891,1.605,3.013,-19.588,2.744,2.981,0.150,0.150,0.080
1753360632.938,1753360632.970,-19.891,1.605,2.963,-19.588,2.744,2.931,0.150,0.150,0.080
1753360633.135,1753360633.174,-19.891,1.605,2.914,-19.588,2.745,2.883,0.150,0.150,0.080
1753360633.327,1753360633.361,-19.891,1.605,2.865,-19.588,2.746,2.834,0.150,0.150,0.080
1753360633.427,1753360633.553,-19.891,1.605,2.840,-19.589,2.745,2.785,0.150,0.150,0.080
1753360633.655,1753360633.754,-19.891,1.605,2.783,-19.589,2.743,2.736,0.150,0.150,0.080
1753360633.846,1753360633.949,-19.891,1.605,2.734,-19.588,2.743,2.688,0.150,0.150,0.080
1753360634.729,1753360634.783,-19.891,1.605,2.512,-19.569,2.716,2.585,0.150,0.150,0.080
1753360634.955,1753360634.971,-19.891,1.605,2.455,-19.569,2.716,2.503,0.150,0.150,0.080
1753360635.147,1753360635.169,-19.891,1.605,2.406,-19.570,2.716,2.420,0.150,0.150,0.080
1753360635.343,1753360635.373,-19.891,1.605,2.356,-19.569,2.715,2.355,0.150,0.150,0.080
1753360635.540,1753360635.572,-19.891,1.605,2.307,-19.568,2.715,2.306,0.150,0.150,0.080
1753360635.732,1753360635.766,-19.891,1.605,2.258,-19.569,2.715,2.257,0.150,0.150,0.080
1753360635.929,1753360635.961,-19.891,1.605,2.209,-19.568,2.715,2.208,0.150,0.150,0.080
1753360636.027,1753360636.155,-19.891,1.605,2.184,-19.569,2.715,2.160,0.150,0.150,0.080
1753360636.255,1753360636.354,-19.891,1.605,2.127,-19.569,2.715,2.111,0.150,0.150,0.080
1753360636.446,1753360636.547,-19.891,1.606,2.077,-19.569,2.715,2.062,0.150,0.150,0.080
1753360636.643,1753360636.750,-19.891,1.606,2.028,-19.570,2.715,2.013,0.150,0.150,0.080
1753360636.939,1753360636.974,-19.891,1.606,1.954,-19.570,2.715,1.964,0.150,0.150,0.080
1753360638.230,1753360638.266,-19.891,1.606,1.626,-19.558,2.705,2.016,0.150,0.150,0.080
1753360638.328,1753360638.369,-19.891,1.606,1.602,-19.558,2.704,1.731,0.150,0.150,0.080
1753360638.556,1753360638.564,-19.891,1.606,1.544,-19.558,2.704,1.649,0.150,0.150,0.080
1753360638.656,1753360638.747,-19.891,1.606,1.520,-19.558,2.704,1.585,0.150,0.150,0.080
1753360638.849,1753360638.947,-19.891,1.606,1.471,-19.558,2.704,1.535,0.150,0.150,0.080
1753360639.049,1753360639.147,-19.891,1.606,1.421,-19.558,2.703,1.486,0.150,0.150,0.080
1753360639.242,1753360639.347,-19.891,1.606,1.372,-19.558,2.704,1.438,0.150,0.150,0.080
1753360639.431,1753360639.555,-19.891,1.606,1.339,-19.558,2.704,1.388,0.150,0.150,0.080
1753360639.648,1753360639.748,-19.891,1.606,1.282,-19.558,2.704,1.339,0.150,0.150,0.080
1753360639.845,1753360639.951,-19.891,1.606,1.233,-19.558,2.704,1.290,0.150,0.150,0.080
1753360640.041,1753360640.147,-19.891,1.606,1.184,-19.559,2.705,1.241,0.150,0.150,0.080
1753360640.236,1753360640.347,-19.891,1.606,1.134,-19.559,2.705,1.193,0.150,0.150,0.080
1753360640.428,1753360640.547,-19.891,1.606,1.085,-19.558,2.705,1.144,0.150,0.150,0.080
1753360640.624,1753360640.747,-19.891,1.606,1.036,-19.558,2.704,1.095,0.150,0.150,0.080
1753360640.857,1753360640.947,-19.891,1.606,0.979,-19.559,2.705,1.046,0.150,0.150,0.080
1753360641.053,1753360641.147,-19.891,1.606,0.929,-19.559,2.704,0.998,0.150,0.150,0.080
1753360641.346,1753360641.378,-19.891,1.606,0.856,-19.558,2.704,0.933,0.150,0.150,0.080
1753360641.538,1753360641.567,-19.891,1.606,0.807,-19.559,2.704,0.883,0.150,0.150,0.080
1753360641.705,1753360641.795,-19.891,1.606,0.766,-19.559,2.703,0.835,0.150,0.150,0.080
1753360641.705,1753360641.966,-19.891,1.606,0.766,-19.560,2.704,0.787,0.150,0.150,0.080
1753360641.705,1753360642.161,-19.891,1.606,0.766,-19.560,2.704,0.738,0.150,0.150,0.080
1753360641.705,1753360642.355,-19.891,1.606,0.766,-19.560,2.704,0.689,0.150,0.150,0.080
1753360642.454,1753360642.552,-19.891,1.606,0.577,-19.560,2.704,0.640,0.150,0.150,0.080
1753360642.650,1753360642.752,-19.891,1.606,0.528,-19.560,2.705,0.592,0.150,0.150,0.080
1753360642.847,1753360642.951,-19.891,1.606,0.479,-19.560,2.705,0.543,0.150,0.150,0.080
1753360643.037,1753360643.147,-19.891,1.606,0.430,-19.560,2.705,0.494,0.150,0.150,0.080
1753360643.234,1753360643.347,-19.891,1.606,0.380,-19.559,2.705,0.445,0.150,0.150,0.080
1753360643.455,1753360643.547,-19.891,1.606,0.323,-19.559,2.705,0.396,0.150,0.150,0.080
1753360643.652,1753360643.747,-19.891,1.606,0.274,-19.560,2.705,0.348,0.150,0.150,0.080
1753360643.941,1753360643.975,-19.891,1.606,0.200,-19.559,2.705,0.283,0.150,0.150,0.080
1753360644.136,1753360644.169,-19.891,1.606,0.151,-19.560,2.704,0.235,0.150,0.150,0.080
1753360644.328,1753360644.366,-19.891,1.606,0.102,-19.560,2.705,0.185,0.150,0.150,0.080
1753360644.432,1753360644.550,-19.891,1.606,0.077,-19.560,2.705,0.169,0.150,0.150,0.080
1753360644.753,1753360644.764,-19.891,1.606,-0.005,-19.559,2.705,0.086,0.150,0.150,0.080
1753360644.949,1753360644.959,-19.891,1.606,-0.054,-19.560,2.705,0.037,0.150,0.150,0.080
1753360645.239,1753360645.306,-19.891,1.605,-0.128,-19.561,2.705,0.020,0.150,0.150,0.080
1753360645.239,1753360645.352,-19.891,1.605,-0.128,-19.560,2.705,0.004,0.150,0.150,0.080
1753360645.434,1753360645.548,-19.891,1.605,-0.177,-19.560,2.706,-0.077,0.150,0.150,0.080
1753360645.726,1753360645.761,-19.885,1.604,-0.252,-19.561,2.706,-0.157,0.150,0.150,0.080
1753360645.853,1753360645.947,-19.855,1.596,-0.252,-19.515,2.699,-0.158,0.150,0.150,0.080
1753360646.054,1753360646.147,-19.808,1.584,-0.252,-19.470,2.691,-0.158,0.150,0.150,0.080
1753360646.346,1753360646.382,-19.739,1.566,-0.253,-19.409,2.682,-0.157,0.150,0.150,0.080
1753360646.545,1753360646.581,-19.693,1.554,-0.253,-19.364,2.675,-0.158,0.150,0.150,0.080
1753360646.742,1753360646.774,-19.647,1.542,-0.253,-19.319,2.668,-0.158,0.150,0.150,0.080
1753360646.932,1753360646.967,-19.601,1.531,-0.253,-19.274,2.661,-0.158,0.150,0.150,0.080
1753360647.131,1753360647.165,-19.555,1.519,-0.253,-19.229,2.655,-0.159,0.150,0.150,0.080
1753360647.326,1753360647.366,-19.509,1.507,-0.253,-19.184,2.648,-0.158,0.150,0.150,0.080
1753360647.549,1753360647.560,-19.455,1.493,-0.253,-19.139,2.640,-0.159,0.150,0.150,0.080
1753360647.649,1753360647.748,-19.432,1.487,-0.253,-19.094,2.632,-0.158,0.150,0.150,0.080
1753360647.840,1753360647.947,-19.386,1.475,-0.253,-19.049,2.625,-0.157,0.150,0.150,0.080
1753360648.134,1753360648.170,-19.344,1.464,-0.219,-19.027,2.621,-0.125,0.150,0.150,0.080
1753360648.329,1753360648.364,-19.348,1.465,-0.172,-19.027,2.621,-0.075,0.150,0.150,0.080
1753360648.529,1753360648.564,-19.348,1.465,-0.123,-19.027,2.621,-0.026,0.150,0.150,0.080
1753360648.756,1753360648.762,-19.348,1.465,-0.065,-19.028,2.622,0.022,0.150,0.150,0.080
1753360648.852,1753360648.951,-19.348,1.465,-0.041,-19.028,2.622,0.071,0.150,0.150,0.080
1753360649.045,1753360649.150,-19.348,1.465,0.009,-19.028,2.623,0.119,0.150,0.150,0.080
1753360649.856,1753360649.902,-19.348,1.465,0.213,-19.027,2.623,0.232,0.150,0.150,0.080
1753360649.856,1753360649.949,-19.348,1.465,0.213,-19.028,2.623,0.249,0.150,0.150,0.080
1753360650.030,1753360650.147,-19.348,1.465,0.254,-19.028,2.623,0.330,0.150,0.150,0.080
1753360650.240,1753360650.356,-19.348,1.465,0.312,-19.029,2.623,0.411,0.150,0.150,0.080
1753360650.534,1753360650.570,-19.348,1.465,0.385,-19.029,2.622,0.475,0.150,0.150,0.080
1753360650.633,1753360650.747,-19.348,1.465,0.410,-19.029,2.622,0.491,0.150,0.150,0.080
1753360650.922,1753360650.967,-19.348,1.465,0.484,-19.030,2.621,0.540,0.150,0.150,0.080
1753360651.147,1753360651.171,-19.348,1.465,0.541,-19.030,2.621,0.621,0.150,0.150,0.080
1753360651.245,1753360651.352,-19.348,1.465,0.566,-19.030,2.621,0.671,0.150,0.150,0.080
1753360651.441,1753360651.550,-19.348,1.465,0.615,-19.030,2.622,0.720,0.150,0.150,0.080
1753360651.633,1753360651.747,-19.348,1.465,0.664,-19.030,2.622,0.769,0.150,0.150,0.080
1753360651.827,1753360651.947,-19.348,1.465,0.713,-19.030,2.622,0.817,0.150,0.150,0.080
1753360652.441,1753360652.483,-19.348,1.465,0.869,-19.025,2.654,0.817,0.150,0.150,0.080
1753360652.441,1753360652.554,-19.348,1.465,0.869,-19.025,2.654,0.907,0.150,0.150,0.080
1753360652.639,1753360652.747,-19.348,1.465,0.877,-19.025,2.655,0.955,0.150,0.150,0.080
1753360652.836,1753360652.947,-19.348,1.465,0.877,-19.025,2.655,0.955,0.150,0.150,0.080
1753360653.032,1753360653.147,-19.348,1.465,0.877,-19.025,2.655,0.955,0.150,0.150,0.080
1753360653.254,1753360653.347,-19.348,1.465,0.877,-19.025,2.655,0.955,0.150,0.150,0.080
1753360653.451,1753360653.547,-19.348,1.465,0.877,-19.025,2.655,0.955,0.150,0.150,0.080
1753360653.640,1753360653.747,-19.348,1.465,0.877,-19.025,2.655,0.955,0.150,0.150,0.080
1753360653.853,1753360653.947,-19.348,1.465,0.877,-19.025,2.655,0.955,0.150,0.150,0.080
1753360654.050,1753360654.152,-19.348,1.465,0.877,-19.025,2.655,0.955,0.150,0.150,0.080
1753360654.242,1753360654.351,-19.348,1.465,0.877,-19.025,2.655,0.955,0.150,0.150,0.080
1753360654.438,1753360654.547,-19.348,1.465,0.877,-19.025,2.655,0.955,0.150,0.150,0.080
1753360654.645,1753360654.747,-19.348,1.465,0.877,-19.025,2.655,0.955,0.150,0.150,0.080
1753360654.826,1753360654.947,-19.348,1.465,0.877,-19.025,2.655,0.955,0.150,0.150,0.080
1753360655.056,1753360655.147,-19.348,1.465,0.877,-19.025,2.655,0.955,0.150,0.150,0.080
1753360655.251,1753360655.347,-19.348,1.465,0.877,-19.025,2.655,0.955,0.150,0.150,0.080
1753360655.448,1753360655.547,-19.348,1.465,0.877,-19.025,2.655,0.955,0.150,0.150,0.080
1753360655.645,1753360655.747,-19.348,1.465,0.877,-19.025,2.655,0.955,0.150,0.150,0.080
1753360655.840,1753360655.947,-19.348,1.465,0.877,-19.025,2.655,0.955,0.150,0.150,0.080
1753360656.032,1753360656.147,-19.348,1.465,0.877,-19.025,2.655,0.955,0.150,0.150,0.080
1753360656.229,1753360656.347,-19.348,1.465,0.877,-19.025,2.655,0.955,0.150,0.150,0.080
1753360656.431,1753360656.547,-19.348,1.465,0.877,-19.025,2.655,0.955,0.150,0.150,0.080
1753360656.621,1753360656.747,-19.348,1.465,0.877,-19.025,2.655,0.955,0.150,0.150,0.080
1753360656.844,1753360656.950,-19.348,1.465,0.877,-19.025,2.655,0.955,0.150,0.150,0.080
1753360657.038,1753360657.147,-19.348,1.465,0.877,-19.025,2.655,0.955,0.150,0.150,0.080
1753360657.236,1753360657.347,-19.348,1.465,0.877,-19.025,2.655,0.955,0.150,0.150,0.080
1753360657.430,1753360657.547,-19.348,1.465,0.877,-19.025,2.655,0.955,0.150,0.150,0.080
1753360657.626,1753360657.747,-19.348,1.465,0.877,-19.025,2.655,0.955,0.150,0.150,0.080
1753360657.804,1753360657.952,-19.348,1.465,0.877,-19.025,2.655,0.955,0.150,0.150,0.080
1753360658.054,1753360658.147,-19.348,1.465,0.877,-19.025,2.655,0.955,0.150,0.150,0.080
1753360658.241,1753360658.347,-19.348,1.465,0.877,-19.025,2.655,0.955,0.150,0.150,0.080
1753360658.455,1753360658.547,-19.348,1.465,0.877,-19.025,2.655,0.955,0.150,0.150,0.080
1753360658.640,1753360658.747,-19.348,1.465,0.877,-19.025,2.655,0.955,0.150,0.150,0.080
1753360658.834,1753360658.947,-19.348,1.465,0.877,-19.025,2.655,0.955,0.150,0.150,0.080
1753360659.555,1753360659.610,-19.348,1.465,0.877,-19.025,2.655,0.955,0.150,0.150,0.080
1753360659.654,1753360659.747,-19.348,1.465,0.877,-19.025,2.655,0.955,0.150,0.150,0.080
1753360659.846,1753360659.947,-19.348,1.465,0.877,-19.025,2.655,0.955,0.150,0.150,0.080
1753360660.042,1753360660.148,-19.348,1.465,0.877,-19.025,2.655,0.955,0.150,0.150,0.080
1753360660.236,1753360660.347,-19.348,1.465,0.877,-19.025,2.655,0.955,0.150,0.150,0.080
1753360660.430,1753360660.547,-19.348,1.465,0.877,-19.025,2.655,0.955,0.150,0.150,0.080
1753360660.622,1753360660.747,-19.348,1.465,0.877,-19.025,2.655,0.955,0.150,0.150,0.080
1753360660.852,1753360660.948,-19.348,1.465,0.877,-19.025,2.655,0.955,0.150,0.150,0.080
1753360661.048,1753360661.149,-19.348,1.465,0.877,-19.025,2.655,0.955,0.150,0.150,0.080
1753360661.241,1753360661.347,-19.348,1.465,0.877,-19.025,2.655,0.955,0.150,0.150,0.080
1753360661.431,1753360661.549,-19.348,1.465,0.877,-19.025,2.655,0.955,0.150,0.150,0.080
1753360661.624,1753360661.747,-19.348,1.465,0.877,-19.025,2.655,0.955,0.150,0.150,0.080
1753360661.826,1753360661.947,-19.348,1.465,0.877,-19.025,2.655,0.955,0.150,0.150,0.080
1753360662.054,1753360662.147,-19.348,1.465,0.877,-19.025,2.655,0.955,0.150,0.150,0.080
1753360662.242,1753360662.348,-19.348,1.465,0.877,-19.025,2.655,0.955,0.150,0.150,0.080
1753360662.438,1753360662.547,-19.348,1.465,0.877,-19.025,2.655,0.955,0.150,0.150,0.080
1753360662.634,1753360662.747,-19.348,1.465,0.877,-19.025,2.655,0.955,0.150,0.150,0.080
1753360662.826,1753360662.947,-19.348,1.465,0.877,-19.025,2.655,0.955,0.150,0.150,0.080
1753360663.054,1753360663.147,-19.348,1.465,0.877,-19.025,2.655,0.955,0.150,0.150,0.080
1753360663.252,1753360663.347,-19.348,1.465,0.877,-19.025,2.655,0.955,0.150,0.150,0.080
1753360663.448,1753360663.552,-19.348,1.465,0.877,-19.025,2.655,0.955,0.150,0.150,0.080
1753360663.639,1753360663.747,-19.348,1.465,0.877,-19.025,2.655,0.955,0.150,0.150,0.080
1753360663.835,1753360663.947,-19.348,1.465,0.877,-19.025,2.655,0.955,0.150,0.150,0.080
1753360664.032,1753360664.147,-19.348,1.465,0.877,-19.025,2.655,0.955,0.150,0.150,0.080
1753360664.226,1753360664.347,-19.348,1.465,0.877,-19.025,2.655,0.955,0.150,0.150,0.080
1753360664.448,1753360664.551,-19.348,1.465,0.877,-19.025,2.655,0.955,0.150,0.150,0.080
1753360664.643,1753360664.747,-19.348,1.465,0.877,-19.025,2.655,0.955,0.150,0.150,0.080
1753360664.837,1753360664.947,-19.348,1.465,0.877,-19.025,2.655,0.955,0.150,0.150,0.080
1753360665.034,1753360665.147,-19.348,1.465,0.877,-19.025,2.655,0.955,0.150,0.150,0.080
1753360665.228,1753360665.347,-19.348,1.465,0.877,-19.025,2.655,0.955,0.150,0.150,0.080
1753360665.455,1753360665.547,-19.348,1.465,0.877,-19.025,2.655,0.955,0.150,0.150,0.080
1753360665.652,1753360665.747,-19.348,1.465,0.877,-19.025,2.655,0.955,0.150,0.150,0.080
1753360665.848,1753360665.948,-19.348,1.465,0.877,-19.025,2.655,0.955,0.150,0.150,0.080
1753360666.038,1753360666.147,-19.348,1.465,0.877,-19.025,2.655,0.955,0.150,0.150,0.080
1753360666.234,1753360666.347,-19.348,1.465,0.877,-19.025,2.655,0.955,0.150,0.150,0.080
1753360666.434,1753360666.547,-19.348,1.465,0.877,-19.025,2.655,0.955,0.150,0.150,0.080
1753360666.625,1753360666.747,-19.348,1.465,0.877,-19.025,2.655,0.955,0.150,0.150,0.080
1753360666.853,1753360666.947,-19.348,1.465,0.877,-19.025,2.655,0.955,0.150,0.150,0.080
1753360667.049,1753360667.150,-19.348,1.465,0.877,-19.025,2.655,0.955,0.150,0.150,0.080
1753360667.249,1753360667.351,-19.348,1.465,0.877,-19.025,2.655,0.955,0.150,0.150,0.080
1753360667.437,1753360667.547,-19.348,1.465,0.877,-19.025,2.655,0.955,0.150,0.150,0.080
1753360667.638,1753360667.747,-19.348,1.465,0.877,-19.025,2.655,0.955,0.150,0.150,0.080
1753360667.830,1753360667.947,-19.348,1.465,0.877,-19.025,2.655,0.955,0.150,0.150,0.080
1753360668.024,1753360668.147,-19.348,1.465,0.877,-19.025,2.655,0.955,0.150,0.150,0.080
1753360668.254,1753360668.347,-19.348,1.465,0.877,-19.025,2.655,0.955,0.150,0.150,0.080
1753360668.450,1753360668.551,-19.348,1.465,0.877,-19.025,2.655,0.955,0.150,0.150,0.080
1753360668.642,1753360668.747,-19.348,1.465,0.877,-19.025,2.655,0.955,0.150,0.150,0.080
1753360668.836,1753360668.948,-19.348,1.465,0.877,-19.025,2.655,0.955,0.150,0.150,0.080
1753360669.037,1753360669.147,-19.348,1.465,0.877,-19.025,2.655,0.955,0.150,0.150,0.080
1753360669.230,1753360669.347,-19.348,1.465,0.877,-19.025,2.655,0.955,0.150,0.150,0.080
1753360669.450,1753360669.547,-19.348,1.465,0.877,-19.025,2.655,0.955,0.150,0.150,0.080
1753360669.654,1753360669.747,-19.348,1.465,0.877,-19.025,2.655,0.955,0.150,0.150,0.080
1753360669.847,1753360669.951,-19.348,1.465,0.877,-19.025,2.655,0.955,0.150,0.150,0.080
1753360670.041,1753360670.157,-19.348,1.465,0.877,-19.025,2.655,0.955,0.150,0.150,0.080
1753360670.236,1753360670.347,-19.348,1.465,0.877,-19.025,2.655,0.955,0.150,0.150,0.080
1753360670.431,1753360670.547,-19.348,1.465,0.877,-19.025,2.655,0.955,0.150,0.150,0.080
1753360670.655,1753360670.747,-19.348,1.465,0.877,-19.025,2.655,0.955,0.150,0.150,0.080
1753360670.842,1753360670.949,-19.348,1.465,0.877,-19.025,2.655,0.955,0.150,0.150,0.080
1753360671.038,1753360671.147,-19.348,1.465,0.877,-19.025,2.655,0.955,0.150,0.150,0.080
1753360671.234,1753360671.347,-19.348,1.465,0.877,-19.025,2.655,0.955,0.150,0.150,0.080
1753360671.427,1753360671.547,-19.348,1.465,0.877,-19.025,2.655,0.955,0.150,0.150,0.080
1753360671.654,1753360671.747,-19.348,1.465,0.877,-19.025,2.655,0.955,0.150,0.150,0.080
1753360671.850,1753360671.947,-19.348,1.465,0.877,-19.025,2.655,0.955,0.150,0.150,0.080
1753360672.046,1753360672.149,-19.348,1.465,0.877,-19.025,2.655,0.955,0.150,0.150,0.080
1753360672.242,1753360672.349,-19.348,1.465,0.877,-19.025,2.655,0.955,0.150,0.150,0.080
1753360672.435,1753360672.547,-19.348,1.465,0.877,-19.025,2.655,0.955,0.150,0.150,0.080
1753360672.628,1753360672.747,-19.348,1.465,0.877,-19.025,2.655,0.955,0.150,0.150,0.080
1753360672.855,1753360672.948,-19.348,1.465,0.877,-19.025,2.655,0.955,0.150,0.150,0.080
1753360673.051,1753360673.147,-19.348,1.465,0.877,-19.025,2.655,0.955,0.150,0.150,0.080
1753360673.247,1753360673.351,-19.348,1.465,0.877,-19.025,2.655,0.955,0.150,0.150,0.080
1753360673.443,1753360673.547,-19.348,1.465,0.877,-19.025,2.655,0.955,0.150,0.150,0.080
1753360673.639,1753360673.747,-19.348,1.465,0.877,-19.025,2.655,0.955,0.150,0.150,0.080
1753360673.830,1753360673.947,-19.348,1.465,0.877,-19.025,2.655,0.955,0.150,0.150,0.080
1753360674.024,1753360674.147,-19.348,1.465,0.877,-19.025,2.655,0.955,0.150,0.150,0.080
1753360674.254,1753360674.347,-19.348,1.465,0.877,-19.025,2.655,0.955,0.150,0.150,0.080
1753360674.451,1753360674.547,-19.348,1.465,0.877,-19.025,2.655,0.955,0.150,0.150,0.080
1753360674.640,1753360674.747,-19.348,1.465,0.877,-19.025,2.655,0.955,0.150,0.150,0.080
1753360674.839,1753360674.947,-19.348,1.465,0.877,-19.025,2.655,0.955,0.150,0.150,0.080
1753360675.028,1753360675.147,-19.348,1.465,0.877,-19.025,2.655,0.955,0.150,0.150,0.080
1753360675.255,1753360675.347,-19.348,1.465,0.877,-19.025,2.655,0.955,0.150,0.150,0.080
1753360675.450,1753360675.547,-19.348,1.465,0.877,-19.025,2.655,0.955,0.150,0.150,0.080
1753360675.651,1753360675.750,-19.348,1.465,0.877,-19.025,2.655,0.955,0.150,0.150,0.080
1753360675.842,1753360675.947,-19.348,1.465,0.877,-19.025,2.655,0.955,0.150,0.150,0.080
1753360676.036,1753360676.147,-19.348,1.465,0.877,-19.025,2.655,0.955,0.150,0.150,0.080
1753360676.234,1753360676.347,-19.348,1.465,0.877,-19.025,2.655,0.955,0.150,0.150,0.080
1753360676.454,1753360676.547,-19.348,1.465,0.877,-19.025,2.655,0.955,0.150,0.150,0.080
1753360676.654,1753360676.747,-19.348,1.465,0.877,-19.025,2.655,0.955,0.150,0.150,0.080
1753360676.850,1753360676.947,-19.348,1.465,0.877,-19.025,2.655,0.955,0.150,0.150,0.080
1753360677.042,1753360677.148,-19.348,1.465,0.877,-19.025,2.655,0.955,0.150,0.150,0.080
1753360677.239,1753360677.347,-19.348,1.465,0.877,-19.025,2.655,0.955,0.150,0.150,0.080
1753360677.437,1753360677.547,-19.348,1.465,0.877,-19.025,2.655,0.955,0.150,0.150,0.080
1753360677.629,1753360677.747,-19.348,1.465,0.877,-19.025,2.655,0.955,0.150,0.150,0.080
1753360677.827,1753360677.947,-19.348,1.465,0.877,-19.025,2.655,0.955,0.150,0.150,0.080
1753360678.054,1753360678.147,-19.348,1.465,0.877,-19.025,2.655,0.955,0.150,0.150,0.080
1753360678.246,1753360678.347,-19.348,1.465,0.877,-19.025,2.655,0.955,0.150,0.150,0.080
1753360678.446,1753360678.550,-19.348,1.465,0.877,-19.025,2.655,0.955,0.150,0.150,0.080
1753360678.637,1753360678.747,-19.348,1.465,0.877,-19.025,2.655,0.955,0.150,0.150,0.080
1753360678.831,1753360678.947,-19.348,1.465,0.877,-19.025,2.655,0.955,0.150,0.150,0.080
1753360679.024,1753360679.147,-19.348,1.465,0.877,-19.025,2.655,0.955,0.150,0.150,0.080
1753360679.256,1753360679.347,-19.348,1.465,0.877,-19.025,2.655,0.955,0.150,0.150,0.080
1753360679.451,1753360679.547,-19.348,1.465,0.877,-19.025,2.655,0.955,0.150,0.150,0.080
1753360679.641,1753360679.747,-19.348,1.465,0.877,-19.025,2.655,0.955,0.150,0.150,0.080
1753360679.837,1753360679.947,-19.348,1.465,0.877,-19.025,2.655,0.955,0.150,0.150,0.080
1753360680.035,1753360680.147,-19.348,1.465,0.877,-19.025,2.655,0.955,0.150,0.150,0.080
1753360680.230,1753360680.347,-19.348,1.465,0.877,-19.025,2.655,0.955,0.150,0.150,0.080
1753360680.450,1753360680.547,-19.348,1.465,0.877,-19.025,2.655,0.955,0.150,0.150,0.080
1753360680.648,1753360680.748,-19.348,1.465,0.877,-19.025,2.655,0.955,0.150,0.150,0.080
1753360680.846,1753360680.950,-19.348,1.465,0.877,-19.025,2.655,0.955,0.150,0.150,0.080
1753360681.035,1753360681.147,-19.348,1.465,0.877,-19.025,2.655,0.955,0.150,0.150,0.080
1753360681.235,1753360681.347,-19.348,1.465,0.877,-19.025,2.655,0.955,0.150,0.150,0.080
1753360681.454,1753360681.547,-19.348,1.465,0.877,-19.025,2.655,0.955,0.150,0.150,0.080
1753360681.650,1753360681.747,-19.348,1.465,0.877,-19.025,2.655,0.955,0.150,0.150,0.080
1753360681.846,1753360681.948,-19.348,1.465,0.877,-19.025,2.655,0.955,0.150,0.150,0.080
1753360682.041,1753360682.147,-19.348,1.465,0.877,-19.025,2.655,0.955,0.150,0.150,0.080
1753360682.237,1753360682.347,-19.348,1.465,0.877,-19.025,2.655,0.955,0.150,0.150,0.080
1753360682.429,1753360682.547,-19.348,1.465,0.877,-19.025,2.655,0.955,0.150,0.150,0.080
1753360682.626,1753360682.747,-19.348,1.465,0.877,-19.025,2.655,0.955,0.150,0.150,0.080
1753360682.826,1753360682.947,-19.348,1.465,0.877,-19.025,2.655,0.955,0.150,0.150,0.080
1753360683.047,1753360683.147,-19.348,1.465,0.877,-19.025,2.655,0.955,0.150,0.150,0.080
1753360683.247,1753360683.350,-19.348,1.465,0.877,-19.025,2.655,0.955,0.150,0.150,0.080
1753360683.444,1753360683.547,-19.348,1.465,0.877,-19.025,2.655,0.955,0.150,0.150,0.080
1753360683.636,1753360683.747,-19.348,1.465,0.877,-19.025,2.655,0.955,0.150,0.150,0.080
1753360683.828,1753360683.947,-19.348,1.465,0.877,-19.025,2.655,0.955,0.150,0.150,0.080
1753360684.027,1753360684.147,-19.348,1.465,0.877,-19.025,2.655,0.955,0.150,0.150,0.080
1753360684.253,1753360684.347,-19.348,1.465,0.877,-19.025,2.655,0.955,0.150,0.150,0.080
1753360684.445,1753360684.547,-19.348,1.465,0.877,-19.025,2.655,0.955,0.150,0.150,0.080
1753360684.645,1753360684.747,-19.348,1.465,0.877,-19.025,2.655,0.955,0.150,0.150,0.080
1753360684.836,1753360684.947,-19.348,1.465,0.877,-19.025,2.655,0.955,0.150,0.150,0.080
1753360685.030,1753360685.147,-19.348,1.465,0.877,-19.025,2.655,0.955,0.150,0.150,0.080
1753360685.226,1753360685.347,-19.348,1.465,0.877,-19.025,2.655,0.955,0.150,0.150,0.080
1753360685.454,1753360685.547,-19.348,1.465,0.877,-19.025,2.655,0.955,0.150,0.150,0.080
1753360685.651,1753360685.751,-19.348,1.465,0.877,-19.025,2.655,0.955,0.150,0.150,0.080
1753360685.842,1753360685.948,-19.348,1.465,0.877,-19.025,2.655,0.955,0.150,0.150,0.080
1753360686.039,1753360686.147,-19.348,1.465,0.877,-19.025,2.655,0.955,0.150,0.150,0.080
1753360686.234,1753360686.347,-19.348,1.465,0.877,-19.025,2.655,0.955,0.150,0.150,0.080
1753360686.428,1753360686.547,-19.348,1.465,0.877,-19.025,2.655,0.955,0.150,0.150,0.080
1753360686.624,1753360686.747,-19.348,1.465,0.877,-19.025,2.655,0.955,0.150,0.150,0.080
1753360686.853,1753360686.947,-19.348,1.465,0.877,-19.025,2.655,0.955,0.150,0.150,0.080
1753360687.050,1753360687.150,-19.348,1.465,0.877,-19.025,2.655,0.955,0.150,0.150,0.080
1753360687.242,1753360687.348,-19.348,1.465,0.877,-19.025,2.655,0.955,0.150,0.150,0.080
1753360687.436,1753360687.547,-19.348,1.465,0.877,-19.025,2.655,0.955,0.150,0.150,0.080
1753360687.634,1753360687.747,-19.348,1.465,0.877,-19.025,2.655,0.955,0.150,0.150,0.080
1753360687.827,1753360687.947,-19.348,1.465,0.877,-19.025,2.655,0.955,0.150,0.150,0.080
1753360688.055,1753360688.147,-19.348,1.465,0.877,-19.025,2.655,0.955,0.150,0.150,0.080
1753360688.250,1753360688.347,-19.348,1.465,0.877,-19.025,2.655,0.955,0.150,0.150,0.080
1753360688.450,1753360688.551,-19.348,1.465,0.877,-19.025,2.655,0.955,0.150,0.150,0.080
1753360688.641,1753360688.747,-19.348,1.465,0.877,-19.025,2.655,0.955,0.150,0.150,0.080
1753360688.835,1753360688.947,-19.348,1.465,0.877,-19.025,2.655,0.955,0.150,0.150,0.080
1753360689.034,1753360689.147,-19.348,1.465,0.877,-19.025,2.655,0.955,0.150,0.150,0.080
1753360689.228,1753360689.347,-19.348,1.465,0.877,-19.025,2.655,0.955,0.150,0.150,0.080
1753360689.455,1753360689.547,-19.348,1.465,0.877,-19.025,2.655,0.955,0.150,0.150,0.080
1753360689.651,1753360689.747,-19.348,1.465,0.877,-19.025,2.655,0.955,0.150,0.150,0.080
1753360689.846,1753360689.948,-19.348,1.465,0.877,-19.025,2.655,0.955,0.150,0.150,0.080
1753360690.042,1753360690.147,-19.348,1.465,0.877,-19.025,2.655,0.955,0.150,0.150,0.080
1753360690.234,1753360690.347,-19.348,1.465,0.877,-19.025,2.655,0.955,0.150,0.150,0.080
1753360690.428,1753360690.547,-19.348,1.465,0.877,-19.025,2.655,0.955,0.150,0.150,0.080
1753360690.653,1753360690.747,-19.348,1.465,0.877,-19.025,2.655,0.955,0.150,0.150,0.080
1753360690.850,1753360690.947,-19.348,1.465,0.877,-19.025,2.655,0.955,0.150,0.150,0.080
1753360691.042,1753360691.147,-19.348,1.465,0.877,-19.025,2.655,0.955,0.150,0.150,0.080
1753360691.242,1753360691.347,-19.348,1.465,0.877,-19.025,2.655,0.955,0.150,0.150,0.080
1753360691.438,1753360691.547,-19.348,1.465,0.877,-19.025,2.655,0.955,0.150,0.150,0.080
1753360691.631,1753360691.747,-19.348,1.465,0.877,-19.025,2.655,0.955,0.150,0.150,0.080
1753360691.825,1753360691.947,-19.348,1.465,0.877,-19.025,2.655,0.955,0.150,0.150,0.080
1753360692.056,1753360692.147,-19.348,1.465,0.877,-19.025,2.655,0.955,0.150,0.150,0.080
1753360692.251,1753360692.347,-19.348,1.465,0.877,-19.025,2.655,0.955,0.150,0.150,0.080
1753360692.443,1753360692.547,-19.348,1.465,0.877,-19.025,2.655,0.955,0.150,0.150,0.080
1753360692.642,1753360692.747,-19.348,1.465,0.877,-19.025,2.655,0.955,0.150,0.150,0.080
1753360692.832,1753360692.947,-19.348,1.465,0.877,-19.025,2.655,0.955,0.150,0.150,0.080
1753360693.030,1753360693.147,-19.348,1.465,0.877,-19.025,2.655,0.955,0.150,0.150,0.080
1753360693.222,1753360693.347,-19.348,1.465,0.877,-19.025,2.655,0.955,0.150,0.150,0.080
1753360693.450,1753360693.547,-19.348,1.465,0.877,-19.025,2.655,0.955,0.150,0.150,0.080
1753360693.646,1753360693.747,-19.348,1.465,0.877,-19.025,2.655,0.955,0.150,0.150,0.080
1753360693.843,1753360693.947,-19.348,1.465,0.877,-19.025,2.655,0.955,0.150,0.150,0.080
1753360694.039,1753360694.147,-19.348,1.465,0.877,-19.025,2.655,0.955,0.150,0.150,0.080
1753360694.231,1753360694.347,-19.348,1.465,0.877,-19.025,2.655,0.955,0.150,0.150,0.080
1753360694.424,1753360694.547,-19.348,1.465,0.877,-19.025,2.655,0.955,0.150,0.150,0.080
1753360694.654,1753360694.747,-19.348,1.465,0.877,-19.025,2.655,0.955,0.150,0.150,0.080
1753360694.850,1753360694.947,-19.348,1.465,0.877,-19.025,2.655,0.955,0.150,0.150,0.080
1753360695.043,1753360695.148,-19.348,1.465,0.877,-19.025,2.655,0.955,0.150,0.150,0.080
1753360695.237,1753360695.347,-19.348,1.465,0.877,-19.025,2.655,0.955,0.150,0.150,0.080
1753360695.434,1753360695.547,-19.348,1.465,0.877,-19.025,2.655,0.955,0.150,0.150,0.080
1753360695.631,1753360695.747,-19.348,1.465,0.877,-19.025,2.655,0.955,0.150,0.150,0.080
1753360695.849,1753360695.947,-19.348,1.465,0.877,-19.025,2.655,0.955,0.150,0.150,0.080
1753360696.046,1753360696.147,-19.348,1.465,0.877,-19.025,2.655,0.955,0.150,0.150,0.080
1753360696.242,1753360696.347,-19.348,1.465,0.877,-19.025,2.655,0.955,0.150,0.150,0.080
1753360696.443,1753360696.547,-19.348,1.465,0.877,-19.025,2.655,0.955,0.150,0.150,0.080
1753360696.630,1753360696.747,-19.348,1.465,0.877,-19.025,2.655,0.955,0.150,0.150,0.080
1753360696.824,1753360696.947,-19.348,1.465,0.877,-19.025,2.655,0.955,0.150,0.150,0.080
1753360697.054,1753360697.147,-19.348,1.465,0.877,-19.025,2.655,0.955,0.150,0.150,0.080
1753360697.250,1753360697.350,-19.348,1.465,0.877,-19.025,2.655,0.955,0.150,0.150,0.080
1753360697.438,1753360697.547,-19.348,1.465,0.877,-19.025,2.655,0.955,0.150,0.150,0.080
1753360697.635,1753360697.747,-19.348,1.465,0.877,-19.025,2.655,0.955,0.150,0.150,0.080
1753360697.830,1753360697.947,-19.348,1.465,0.877,-19.025,2.655,0.955,0.150,0.150,0.080
1753360698.022,1753360698.147,-19.348,1.465,0.877,-19.025,2.655,0.955,0.150,0.150,0.080
1753360698.251,1753360698.347,-19.348,1.465,0.877,-19.025,2.655,0.955,0.150,0.150,0.080
1753360698.447,1753360698.547,-19.348,1.465,0.877,-19.025,2.655,0.955,0.150,0.150,0.080
1753360698.636,1753360698.747,-19.348,1.465,0.877,-19.025,2.655,0.955,0.150,0.150,0.080
1753360698.831,1753360698.947,-19.348,1.465,0.877,-19.025,2.655,0.955,0.150,0.150,0.080
1753360699.029,1753360699.147,-19.348,1.465,0.877,-19.025,2.655,0.955,0.150,0.150,0.080
1753360699.251,1753360699.347,-19.348,1.465,0.877,-19.025,2.655,0.955,0.150,0.150,0.080
1753360699.443,1753360699.550,-19.348,1.465,0.877,-19.025,2.655,0.955,0.150,0.150,0.080
1753360699.642,1753360699.747,-19.348,1.465,0.877,-19.025,2.655,0.955,0.150,0.150,0.080
1753360699.832,1753360699.947,-19.348,1.465,0.877,-19.025,2.655,0.955,0.150,0.150,0.080
1753360700.026,1753360700.147,-19.348,1.465,0.877,-19.025,2.655,0.955,0.150,0.150,0.080
1753360700.253,1753360700.347,-19.348,1.465,0.877,-19.025,2.655,0.955,0.150,0.150,0.080
1753360700.450,1753360700.547,-19.348,1.465,0.877,-19.025,2.655,0.955,0.150,0.150,0.080
1753360700.648,1753360700.749,-19.348,1.465,0.877,-19.025,2.655,0.955,0.150,0.150,0.080
1753360700.842,1753360700.948,-19.348,1.465,0.877,-19.025,2.655,0.955,0.150,0.150,0.080
1753360701.031,1753360701.147,-19.348,1.465,0.877,-19.025,2.655,0.955,0.150,0.150,0.080
1753360701.225,1753360701.347,-19.348,1.465,0.877,-19.025,2.655,0.955,0.150,0.150,0.080
1753360701.426,1753360701.547,-19.348,1.465,0.877,-19.025,2.655,0.955,0.150,0.150,0.080
1753360701.647,1753360701.747,-19.348,1.465,0.877,-19.025,2.655,0.955,0.150,0.150,0.080
1753360701.842,1753360701.949,-19.348,1.465,0.877,-19.025,2.655,0.955,0.150,0.150,0.080
1753360702.042,1753360702.147,-19.348,1.465,0.877,-19.025,2.655,0.955,0.150,0.150,0.080
1753360702.233,1753360702.347,-19.348,1.465,0.877,-19.025,2.655,0.955,0.150,0.150,0.080
1753360702.427,1753360702.547,-19.348,1.465,0.877,-19.025,2.655,0.955,0.150,0.150,0.080
1753360702.654,1753360702.747,-19.348,1.465,0.877,-19.025,2.655,0.955,0.150,0.150,0.080
1753360702.849,1753360702.952,-19.348,1.465,0.877,-19.025,2.655,0.955,0.150,0.150,0.080
1753360703.047,1753360703.147,-19.348,1.465,0.877,-19.025,2.655,0.955,0.150,0.150,0.080
1753360703.238,1753360703.347,-19.348,1.465,0.877,-19.025,2.655,0.955,0.150,0.150,0.080
1753360703.433,1753360703.547,-19.348,1.465,0.877,-19.025,2.655,0.955,0.150,0.150,0.080
1753360703.630,1753360703.747,-19.348,1.465,0.877,-19.025,2.655,0.955,0.150,0.150,0.080
1753360703.850,1753360703.947,-19.348,1.465,0.877,-19.025,2.655,0.955,0.150,0.150,0.080
1753360704.046,1753360704.147,-19.348,1.465,0.877,-19.025,2.655,0.955,0.150,0.150,0.080
1753360704.242,1753360704.347,-19.348,1.465,0.877,-19.025,2.655,0.955,0.150,0.150,0.080
1753360704.274,1753360704.547,-19.348,1.465,0.877,-19.025,2.655,0.955,0.150,0.150,0.080
1753360704.274,1753360704.747,-19.348,1.465,0.877,-19.025,2.655,0.955,0.150,0.150,0.080
1753360704.274,1753360704.947,-19.348,1.465,0.877,-19.025,2.655,0.955,0.150,0.150,0.080
1753360704.274,1753360705.147,-19.348,1.465,0.877,-19.025,2.655,0.955,0.150,0.150,0.080
1753360704.274,1753360705.347,-19.348,1.465,0.877,-19.025,2.655,0.955,0.150,0.150,0.080
1753360704.274,1753360705.547,-19.348,1.465,0.877,-19.025,2.655,0.955,0.150,0.150,0.080
1753360704.274,1753360705.747,-19.348,1.465,0.877,-19.025,2.655,0.955,0.150,0.150,0.080
1753360704.274,1753360705.947,-19.348,1.465,0.877,-19.025,2.655,0.955,0.150,0.150,0.080
1753360704.274,1753360706.147,-19.348,1.465,0.877,-19.025,2.655,0.955,0.150,0.150,0.080
1753360704.274,1753360706.347,-19.348,1.465,0.877,-19.025,2.655,0.955,0.150,0.150,0.080
1753360704.274,1753360706.547,-19.348,1.465,0.877,-19.025,2.655,0.955,0.150,0.150,0.080
1753360704.274,1753360706.747,-19.348,1.465,0.877,-19.025,2.655,0.955,0.150,0.150,0.080
1753360704.274,1753360706.947,-19.348,1.465,0.877,-19.025,2.655,0.955,0.150,0.150,0.080
1753360704.274,1753360707.147,-19.348,1.465,0.877,-19.025,2.655,0.955,0.150,0.150,0.080
1753360704.274,1753360707.347,-19.348,1.465,0.877,-19.025,2.655,0.955,0.150,0.150,0.080
1753360704.274,1753360707.547,-19.348,1.465,0.877,-19.025,2.655,0.955,0.150,0.150,0.080
1753360704.274,1753360707.747,-19.348,1.465,0.877,-19.025,2.655,0.955,0.150,0.150,0.080
1753360704.274,1753360707.947,-19.348,1.465,0.877,-19.025,2.655,0.955,0.150,0.150,0.080
1753360704.274,1753360708.147,-19.348,1.465,0.877,-19.025,2.655,0.955,0.150,0.150,0.080
1753360704.274,1753360708.347,-19.348,1.465,0.877,-19.025,2.655,0.955,0.150,0.150,0.080
1753360704.274,1753360708.547,-19.348,1.465,0.877,-19.025,2.655,0.955,0.150,0.150,0.080
1753360704.274,1753360708.747,-19.348,1.465,0.877,-19.025,2.655,0.955,0.150,0.150,0.080
1753360704.274,1753360708.947,-19.348,1.465,0.877,-19.025,2.655,0.955,0.150,0.150,0.080
1753360704.274,1753360709.147,-19.348,1.465,0.877,-19.025,2.655,0.955,0.150,0.150,0.080
1753360704.274,1753360709.347,-19.348,1.465,0.877,-19.025,2.655,0.955,0.150,0.150,0.080
1753360704.274,1753360709.547,-19.348,1.465,0.877,-19.025,2.655,0.955,0.150,0.150,0.080
1753360704.274,1753360709.747,-19.348,1.465,0.877,-19.025,2.655,0.955,0.150,0.150,0.080
1753360704.274,1753360709.947,-19.348,1.465,0.877,-19.025,2.655,0.955,0.150,0.150,0.080
1753360704.274,1753360710.147,-19.348,1.465,0.877,-19.025,2.655,0.955,0.150,0.150,0.080
1753360704.274,1753360710.347,-19.348,1.465,0.877,-19.025,2.655,0.955,0.150,0.150,0.080
1753360704.274,1753360710.547,-19.348,1.465,0.877,-19.025,2.655,0.955,0.150,0.150,0.080
1753360704.274,1753360710.747,-19.348,1.465,0.877,-19.025,2.655,0.955,0.150,0.150,0.080
1753360704.274,1753360710.947,-19.348,1.465,0.877,-19.025,2.655,0.955,0.150,0.150,0.080
1753360704.274,1753360711.147,-19.348,1.465,0.877,-19.025,2.655,0.955,0.150,0.150,0.080
1753360704.274,1753360711.347,-19.348,1.465,0.877,-19.025,2.655,0.955,0.150,0.150,0.080
1753360704.274,1753360711.547,-19.348,1.465,0.877,-19.025,2.655,0.955,0.150,0.150,0.080
1753360704.274,1753360711.747,-19.348,1.465,0.877,-19.025,2.655,0.955,0.150,0.150,0.080
1753360704.274,1753360711.947,-19.348,1.465,0.877,-19.025,2.655,0.955,0.150,0.150,0.080
1753360704.274,1753360712.147,-19.348,1.465,0.877,-19.025,2.655,0.955,0.150,0.150,0.080
1753360704.274,1753360712.347,-19.348,1.465,0.877,-19.025,2.655,0.955,0.150,0.150,0.080
1753360704.274,1753360712.547,-19.348,1.465,0.877,-19.025,2.655,0.955,0.150,0.150,0.080
1753360704.274,1753360712.747,-19.348,1.465,0.877,-19.025,2.655,0.955,0.150,0.150,0.080
1753360704.274,1753360712.947,-19.348,1.465,0.877,-19.025,2.655,0.955,0.150,0.150,0.080
1753360704.274,1753360713.147,-19.348,1.465,0.877,-19.025,2.655,0.955,0.150,0.150,0.080
1753360704.274,1753374666.713,-19.348,1.465,0.877,-19.025,2.655,0.955,0.150,0.150,0.080
1753360704.274,1753374666.904,-19.348,1.465,0.877,-19.025,2.655,0.955,0.150,0.150,0.080
1753360704.274,1753374667.104,-19.348,1.465,0.877,-19.025,2.655,0.955,0.150,0.150,0.080
1753360704.274,1753374667.304,-19.348,1.465,0.877,-19.025,2.655,0.955,0.150,0.150,0.080
1753360704.274,1753374667.504,-19.348,1.465,0.877,-19.025,2.655,0.955,0.150,0.150,0.080
1753360704.274,1753374667.704,-19.348,1.465,0.877,-19.025,2.655,0.955,0.150,0.150,0.080
1753360704.274,1753374667.904,-19.348,1.465,0.877,-19.025,2.655,0.955,0.150,0.150,0.080
1753360704.274,1753374668.104,-19.348,1.465,0.877,-19.025,2.655,0.955,0.150,0.150,0.080
1753360704.274,1753374668.305,-19.348,1.465,0.877,-19.025,2.655,0.955,0.150,0.150,0.080
1753360704.274,1753374668.504,-19.348,1.465,0.877,-19.025,2.655,0.955,0.150,0.150,0.080
1753360704.274,1753374668.704,-19.348,1.465,0.877,-19.025,2.655,0.955,0.150,0.150,0.080
1753360704.274,1753374668.904,-19.348,1.465,0.877,-19.025,2.655,0.955,0.150,0.150,0.080
1753360704.274,1753374669.104,-19.348,1.465,0.877,-19.025,2.655,0.955,0.150,0.150,0.080
1753360704.274,1753374669.304,-19.348,1.465,0.877,-19.025,2.655,0.955,0.150,0.150,0.080
1753360704.274,1753374669.504,-19.348,1.465,0.877,-19.025,2.655,0.955,0.150,0.150,0.080
1753360704.274,1753374669.704,-19.348,1.465,0.877,-19.025,2.655,0.955,0.150,0.150,0.080
1753360704.274,1753374669.904,-19.348,1.465,0.877,-19.025,2.655,0.955,0.150,0.150,0.080
1753360704.274,1753374670.104,-19.348,1.465,0.877,-19.025,2.655,0.955,0.150,0.150,0.080
1753360704.274,1753374670.305,-19.348,1.465,0.877,-19.025,2.655,0.955,0.150,0.150,0.080
1753360704.274,1753374670.504,-19.348,1.465,0.877,-19.025,2.655,0.955,0.150,0.150,0.080
1753360704.274,1753374670.704,-19.348,1.465,0.877,-19.025,2.655,0.955,0.150,0.150,0.080
1753374670.804,1753374670.907,-19.348,1.465,0.877,-19.025,2.655,0.955,0.150,0.150,0.080
1753374670.981,1753374671.105,-19.348,1.465,0.877,-19.025,2.655,0.955,0.150,0.150,0.080
1753374670.981,1753374671.304,-19.348,1.465,0.877,-19.025,2.655,0.955,0.150,0.150,0.080
1753374670.981,1753374671.504,-19.348,1.465,0.877,-19.025,2.655,0.955,0.150,0.150,0.080
1753374671.596,1753374671.709,-19.348,1.465,0.877,-19.025,2.655,0.955,0.150,0.150,0.080
1753374671.793,1753374671.904,-19.348,1.465,0.877,-19.025,2.655,0.955,0.150,0.150,0.080
1753374671.991,1753374672.104,-19.348,1.465,0.877,-19.025,2.655,0.955,0.150,0.150,0.080
1753374672.184,1753374672.305,-19.348,1.465,0.877,-19.025,2.655,0.955,0.150,0.150,0.080
1753374672.411,1753374672.504,-19.348,1.465,0.877,-19.025,2.655,0.955,0.150,0.150,0.080
1753374672.607,1753374672.709,-19.348,1.465,0.877,-19.025,2.655,0.955,0.150,0.150,0.080
1753374672.803,1753374672.906,-19.348,1.465,0.877,-19.025,2.655,0.955,0.150,0.150,0.080
1753374673.000,1753374673.104,-19.348,1.465,0.877,-19.025,2.655,0.955,0.150,0.150,0.080
1753374673.193,1753374673.304,-19.348,1.465,0.877,-19.025,2.655,0.955,0.150,0.150,0.080
1753374673.385,1753374673.504,-19.348,1.465,0.877,-19.025,2.655,0.955,0.150,0.150,0.080
1753374673.614,1753374673.704,-19.348,1.465,0.877,-19.025,2.655,0.955,0.150,0.150,0.080
1753374673.812,1753374673.904,-19.348,1.465,0.877,-19.025,2.655,0.955,0.150,0.150,0.080
1753374674.008,1753374674.104,-19.348,1.465,0.877,-19.025,2.655,0.955,0.150,0.150,0.080
1753374674.203,1753374674.305,-19.348,1.465,0.877,-19.025,2.655,0.955,0.150,0.150,0.080
1753374674.394,1753374674.504,-19.348,1.465,0.877,-19.025,2.655,0.955,0.150,0.150,0.080
1753374674.588,1753374674.704,-19.348,1.465,0.877,-19.025,2.655,0.955,0.150,0.150,0.080
1753374674.786,1753374674.904,-19.348,1.465,0.877,-19.025,2.655,0.955,0.150,0.150,0.080
1753374675.012,1753374675.104,-19.348,1.465,0.877,-19.025,2.655,0.955,0.150,0.150,0.080
1753374675.209,1753374675.304,-19.348,1.465,0.877,-19.025,2.655,0.955,0.150,0.150,0.080
1753374675.403,1753374675.505,-19.348,1.465,0.877,-19.025,2.655,0.955,0.150,0.150,0.080
1753374675.599,1753374675.704,-19.348,1.465,0.877,-19.025,2.655,0.955,0.150,0.150,0.080
1753374675.799,1753374675.904,-19.348,1.465,0.877,-19.025,2.655,0.955,0.150,0.150,0.080
1753374675.992,1753374676.104,-19.348,1.465,0.877,-19.025,2.655,0.955,0.150,0.150,0.080
1753374676.186,1753374676.305,-19.348,1.465,0.877,-19.025,2.655,0.955,0.150,0.150,0.080
1753374676.385,1753374676.504,-19.348,1.465,0.877,-19.025,2.655,0.955,0.150,0.150,0.080
1753374676.612,1753374676.704,-19.348,1.465,0.877,-19.025,2.655,0.955,0.150,0.150,0.080
1753374676.805,1753374676.904,-19.348,1.465,0.877,-19.025,2.655,0.955,0.150,0.150,0.080
1753374677.001,1753374677.105,-19.348,1.465,0.877,-19.025,2.655,0.955,0.150,0.150,0.080
1753374677.194,1753374677.304,-19.348,1.465,0.877,-19.025,2.655,0.955,0.150,0.150,0.080
1753374677.391,1753374677.504,-19.348,1.465,0.877,-19.025,2.655,0.955,0.150,0.150,0.080
1753374677.584,1753374677.704,-19.348,1.465,0.877,-19.025,2.655,0.955,0.150,0.150,0.080
1753374677.811,1753374677.904,-19.348,1.465,0.877,-19.025,2.655,0.955,0.150,0.150,0.080
1753374678.008,1753374678.107,-19.348,1.465,0.877,-19.025,2.655,0.955,0.150,0.150,0.080
1753374678.204,1753374678.305,-19.348,1.465,0.877,-19.025,2.655,0.955,0.150,0.150,0.080
1753374678.396,1753374678.504,-19.348,1.465,0.877,-19.025,2.655,0.955,0.150,0.150,0.080
1753374678.592,1753374678.704,-19.348,1.465,0.877,-19.025,2.655,0.955,0.150,0.150,0.080
1753374678.789,1753374678.904,-19.348,1.465,0.877,-19.025,2.655,0.955,0.150,0.150,0.080
1753374678.982,1753374679.104,-19.348,1.465,0.877,-19.025,2.655,0.955,0.150,0.150,0.080
1753374679.211,1753374679.304,-19.348,1.465,0.877,-19.025,2.655,0.955,0.150,0.150,0.080
1753374679.404,1753374679.504,-19.348,1.465,0.877,-19.025,2.655,0.955,0.150,0.150,0.080
1753374679.603,1753374679.704,-19.348,1.465,0.877,-19.025,2.655,0.955,0.150,0.150,0.080
1753374679.795,1753374679.904,-19.348,1.465,0.877,-19.025,2.655,0.955,0.150,0.150,0.080
1753374679.989,1753374680.104,-19.348,1.465,0.877,-19.025,2.655,0.955,0.150,0.150,0.080
1753374680.188,1753374680.305,-19.348,1.465,0.877,-19.025,2.655,0.955,0.150,0.150,0.080
1753374680.382,1753374680.504,-19.348,1.465,0.877,-19.025,2.655,0.955,0.150,0.150,0.080
1753374680.608,1753374680.704,-19.348,1.465,0.877,-19.025,2.655,0.955,0.150,0.150,0.080
1753374680.808,1753374680.905,-19.348,1.465,0.877,-19.025,2.655,0.955,0.150,0.150,0.080
1753374681.001,1753374681.104,-19.348,1.465,0.877,-19.025,2.655,0.955,0.150,0.150,0.080
1753374681.192,1753374681.304,-19.348,1.465,0.877,-19.025,2.655,0.955,0.150,0.150,0.080
1753374681.386,1753374681.504,-19.348,1.465,0.877,-19.025,2.655,0.955,0.150,0.150,0.080
1753374681.614,1753374681.704,-19.348,1.465,0.877,-19.025,2.655,0.955,0.150,0.150,0.080
1753374681.811,1753374681.904,-19.348,1.465,0.877,-19.025,2.655,0.955,0.150,0.150,0.080
1753374682.008,1753374682.104,-19.348,1.465,0.877,-19.025,2.655,0.955,0.150,0.150,0.080
1753374682.199,1753374682.305,-19.348,1.465,0.877,-19.025,2.655,0.955,0.150,0.150,0.080
1753374682.400,1753374682.504,-19.348,1.465,0.877,-19.025,2.655,0.955,0.150,0.150,0.080
1753374682.590,1753374682.704,-19.348,1.465,0.877,-19.025,2.655,0.955,0.150,0.150,0.080
1753374682.791,1753374682.904,-19.348,1.465,0.877,-19.025,2.655,0.955,0.150,0.150,0.080
1753374682.986,1753374683.104,-19.348,1.465,0.877,-19.025,2.655,0.955,0.150,0.150,0.080
1753374683.180,1753374683.304,-19.348,1.465,0.877,-19.025,2.655,0.955,0.150,0.150,0.080
1753374683.407,1753374683.507,-19.348,1.465,0.877,-19.025,2.655,0.955,0.150,0.150,0.080
1753374683.608,1753374683.708,-19.348,1.465,0.877,-19.025,2.655,0.955,0.150,0.150,0.080
1753374683.800,1753374683.904,-19.348,1.465,0.877,-19.025,2.655,0.955,0.150,0.150,0.080
1753374683.993,1753374684.104,-19.348,1.465,0.877,-19.025,2.655,0.955,0.150,0.150,0.080
1753374684.192,1753374684.305,-19.348,1.465,0.877,-19.025,2.655,0.955,0.150,0.150,0.080
1753374684.384,1753374684.504,-19.348,1.465,0.877,-19.025,2.655,0.955,0.150,0.150,0.080
1753374684.613,1753374684.704,-19.348,1.465,0.877,-19.025,2.655,0.955,0.150,0.150,0.080
1753374684.808,1753374684.904,-19.348,1.465,0.877,-19.025,2.655,0.955,0.150,0.150,0.080
1753374685.004,1753374685.104,-19.348,1.465,0.877,-19.025,2.655,0.955,0.150,0.150,0.080
1753374685.195,1753374685.304,-19.348,1.465,0.877,-19.025,2.655,0.955,0.150,0.150,0.080
1753374685.390,1753374685.504,-19.348,1.465,0.877,-19.025,2.655,0.955,0.150,0.150,0.080
1753374685.584,1753374685.704,-19.348,1.465,0.877,-19.025,2.655,0.955,0.150,0.150,0.080
1753374685.783,1753374685.904,-19.348,1.465,0.877,-19.025,2.655,0.955,0.150,0.150,0.080
1753374686.012,1753374686.104,-19.348,1.465,0.877,-19.025,2.655,0.955,0.150,0.150,0.080
1753374686.206,1753374686.305,-19.348,1.465,0.877,-19.025,2.655,0.955,0.150,0.150,0.080
1753374686.401,1753374686.504,-19.348,1.465,0.877,-19.025,2.655,0.955,0.150,0.150,0.080
1753374686.600,1753374686.704,-19.348,1.465,0.877,-19.025,2.655,0.955,0.150,0.150,0.080
1753374686.793,1753374686.904,-19.348,1.465,0.877,-19.025,2.655,0.955,0.150,0.150,0.080
1753374686.985,1753374687.104,-19.348,1.465,0.877,-19.025,2.655,0.955,0.150,0.150,0.080
1753374687.183,1753374687.304,-19.348,1.465,0.877,-19.025,2.655,0.955,0.150,0.150,0.080
1753374687.411,1753374687.504,-19.348,1.465,0.877,-19.025,2.655,0.955,0.150,0.150,0.080
1753374687.604,1753374687.704,-19.348,1.465,0.877,-19.025,2.655,0.955,0.150,0.150,0.080
1753374687.800,1753374687.904,-19.348,1.465,0.877,-19.025,2.655,0.955,0.150,0.150,0.080
1753374687.996,1753374688.104,-19.348,1.465,0.877,-19.025,2.655,0.955,0.150,0.150,0.080
1753374688.190,1753374688.305,-19.348,1.465,0.877,-19.025,2.655,0.955,0.150,0.150,0.080
1753374688.384,1753374688.504,-19.348,1.465,0.877,-19.025,2.655,0.955,0.150,0.150,0.080
1753374688.612,1753374688.704,-19.348,1.465,0.877,-19.025,2.655,0.955,0.150,0.150,0.080
1753374688.808,1753374688.904,-19.348,1.465,0.877,-19.025,2.655,0.955,0.150,0.150,0.080
1753374689.003,1753374689.104,-19.348,1.465,0.877,-19.025,2.655,0.955,0.150,0.150,0.080
1753374689.195,1753374689.304,-19.348,1.465,0.877,-19.025,2.655,0.955,0.150,0.150,0.080
1753374689.390,1753374689.504,-19.348,1.465,0.877,-19.025,2.655,0.955,0.150,0.150,0.080
1753374689.587,1753374689.704,-19.348,1.465,0.877,-19.025,2.655,0.955,0.150,0.150,0.080
1753374689.779,1753374689.904,-19.348,1.465,0.877,-19.025,2.655,0.955,0.150,0.150,0.080
1753374690.008,1753374690.104,-19.348,1.465,0.877,-19.025,2.655,0.955,0.150,0.150,0.080
1753374690.203,1753374690.305,-19.348,1.465,0.877,-19.025,2.655,0.955,0.150,0.150,0.080
1753374690.396,1753374690.505,-19.348,1.465,0.877,-19.025,2.655,0.955,0.150,0.150,0.080
1753374690.594,1753374690.704,-19.348,1.465,0.877,-19.025,2.655,0.955,0.150,0.150,0.080
1753374690.788,1753374690.904,-19.348,1.465,0.877,-19.025,2.655,0.955,0.150,0.150,0.080
1753374690.985,1753374691.104,-19.348,1.465,0.877,-19.025,2.655,0.955,0.150,0.150,0.080
1753374691.211,1753374691.304,-19.348,1.465,0.877,-19.025,2.655,0.955,0.150,0.150,0.080
1753374691.406,1753374691.508,-19.348,1.465,0.877,-19.025,2.655,0.955,0.150,0.150,0.080
1753374691.599,1753374691.704,-19.348,1.465,0.877,-19.025,2.655,0.955,0.150,0.150,0.080
1753374691.791,1753374691.904,-19.348,1.465,0.877,-19.025,2.655,0.955,0.150,0.150,0.080
1753374691.985,1753374692.104,-19.348,1.465,0.877,-19.025,2.655,0.955,0.150,0.150,0.080
1753374692.184,1753374692.305,-19.348,1.465,0.877,-19.025,2.655,0.955,0.150,0.150,0.080
1753374692.411,1753374692.505,-19.348,1.465,0.877,-19.025,2.655,0.955,0.150,0.150,0.080
1753374692.605,1753374692.704,-19.348,1.465,0.877,-19.025,2.655,0.955,0.150,0.150,0.080
1753374692.804,1753374692.905,-19.348,1.465,0.877,-19.025,2.655,0.955,0.150,0.150,0.080
1753374693.001,1753374693.104,-19.348,1.465,0.877,-19.025,2.655,0.955,0.150,0.150,0.080
1753374693.192,1753374693.304,-19.348,1.465,0.877,-19.025,2.655,0.955,0.150,0.150,0.080
1753374693.385,1753374693.504,-19.348,1.465,0.877,-19.025,2.655,0.955,0.150,0.150,0.080
1753374693.583,1753374693.704,-19.348,1.465,0.877,-19.025,2.655,0.955,0.150,0.150,0.080
1753374693.812,1753374693.904,-19.348,1.465,0.877,-19.025,2.655,0.955,0.150,0.150,0.080
1753374694.003,1753374694.104,-19.348,1.465,0.877,-19.025,2.655,0.955,0.150,0.150,0.080
1753374694.199,1753374694.305,-19.348,1.465,0.877,-19.025,2.655,0.955,0.150,0.150,0.080
1753374694.396,1753374694.504,-19.348,1.465,0.877,-19.025,2.655,0.955,0.150,0.150,0.080
1753374694.592,1753374694.704,-19.348,1.465,0.877,-19.025,2.655,0.955,0.150,0.150,0.080
1753374694.784,1753374694.904,-19.348,1.465,0.877,-19.025,2.655,0.955,0.150,0.150,0.080
1753374695.012,1753374695.104,-19.348,1.465,0.877,-19.025,2.655,0.955,0.150,0.150,0.080
1753374695.211,1753374695.304,-19.348,1.465,0.877,-19.025,2.655,0.955,0.150,0.150,0.080
1753374695.404,1753374695.505,-19.348,1.465,0.877,-19.025,2.655,0.955,0.150,0.150,0.080
1753374695.596,1753374695.704,-19.348,1.465,0.877,-19.025,2.655,0.955,0.150,0.150,0.080
1753374695.789,1753374695.904,-19.348,1.465,0.877,-19.025,2.655,0.955,0.150,0.150,0.080
1753374695.988,1753374696.104,-19.348,1.465,0.877,-19.025,2.655,0.955,0.150,0.150,0.080
1753374696.211,1753374696.305,-19.348,1.465,0.877,-19.025,2.655,0.955,0.150,0.150,0.080
1753374696.413,1753374696.504,-19.348,1.465,0.877,-19.025,2.655,0.955,0.150,0.150,0.080
1753374696.609,1753374696.704,-19.348,1.465,0.877,-19.025,2.655,0.955,0.150,0.150,0.080
1753374696.800,1753374696.907,-19.348,1.465,0.877,-19.025,2.655,0.955,0.150,0.150,0.080
1753374696.994,1753374697.104,-19.348,1.465,0.877,-19.025,2.655,0.955,0.150,0.150,0.080
1753374697.188,1753374697.304,-19.348,1.465,0.877,-19.025,2.655,0.955,0.150,0.150,0.080
1753374697.379,1753374697.504,-19.348,1.465,0.877,-19.025,2.655,0.955,0.150,0.150,0.080
1753374697.608,1753374697.704,-19.348,1.465,0.877,-19.025,2.655,0.955,0.150,0.150,0.080
1753374697.803,1753374697.904,-19.348,1.465,0.877,-19.025,2.655,0.955,0.150,0.150,0.080
1753374697.999,1753374698.104,-19.348,1.465,0.877,-19.025,2.655,0.955,0.150,0.150,0.080
1753374698.191,1753374698.305,-19.348,1.465,0.877,-19.025,2.655,0.955,0.150,0.150,0.080
1753374698.388,1753374698.504,-19.348,1.465,0.877,-19.025,2.655,0.955,0.150,0.150,0.080
1753374698.584,1753374698.704,-19.348,1.465,0.877,-19.025,2.655,0.955,0.150,0.150,0.080
1753374698.814,1753374698.904,-19.348,1.465,0.877,-19.025,2.655,0.955,0.150,0.150,0.080
1753374699.003,1753374699.104,-19.348,1.465,0.877,-19.025,2.655,0.955,0.150,0.150,0.080
1753374699.203,1753374699.304,-19.348,1.465,0.877,-19.025,2.655,0.955,0.150,0.150,0.080
1753374699.394,1753374699.504,-19.348,1.465,0.877,-19.025,2.655,0.955,0.150,0.150,0.080
1753374699.588,1753374699.704,-19.348,1.465,0.877,-19.025,2.655,0.955,0.150,0.150,0.080
1753374699.813,1753374699.904,-19.348,1.465,0.877,-19.025,2.655,0.955,0.150,0.150,0.080
1753374700.008,1753374700.104,-19.348,1.465,0.877,-19.025,2.655,0.955,0.150,0.150,0.080
1753374700.203,1753374700.305,-19.348,1.465,0.877,-19.025,2.655,0.955,0.150,0.150,0.080
1753374700.395,1753374700.504,-19.348,1.465,0.877,-19.025,2.655,0.955,0.150,0.150,0.080
1753374700.591,1753374700.704,-19.348,1.465,0.877,-19.025,2.655,0.955,0.150,0.150,0.080
1753374700.787,1753374700.904,-19.348,1.465,0.877,-19.025,2.655,0.955,0.150,0.150,0.080
1753374700.984,1753374701.104,-19.348,1.465,0.877,-19.025,2.655,0.955,0.150,0.150,0.080
1753374701.212,1753374701.304,-19.348,1.465,0.877,-19.025,2.655,0.955,0.150,0.150,0.080
1753374701.405,1753374701.508,-19.348,1.465,0.877,-19.025,2.655,0.955,0.150,0.150,0.080
1753374701.601,1753374701.704,-19.348,1.465,0.877,-19.025,2.655,0.955,0.150,0.150,0.080
1753374701.800,1753374701.904,-19.348,1.465,0.877,-19.025,2.655,0.955,0.150,0.150,0.080
1753374701.992,1753374702.104,-19.348,1.465,0.877,-19.025,2.655,0.955,0.150,0.150,0.080
1753374702.187,1753374702.305,-19.348,1.465,0.877,-19.025,2.655,0.955,0.150,0.150,0.080
1753374702.414,1753374702.504,-19.348,1.465,0.877,-19.025,2.655,0.955,0.150,0.150,0.080
1753374702.582,1753374702.704,-19.348,1.465,0.877,-19.025,2.655,0.955,0.150,0.150,0.080
1753374702.804,1753374702.904,-19.348,1.465,0.877,-19.025,2.655,0.955,0.150,0.150,0.080
1753374703.001,1753374703.104,-19.348,1.465,0.877,-19.025,2.655,0.955,0.150,0.150,0.080
1753374703.167,1753374703.304,-19.348,1.465,0.877,-19.025,2.655,0.955,0.150,0.150,0.080
1753374703.411,1753374703.504,-19.348,1.465,0.877,-19.025,2.655,0.955,0.150,0.150,0.080
1753374703.611,1753374703.704,-19.348,1.465,0.877,-19.025,2.655,0.955,0.150,0.150,0.080
1753374703.810,1753374703.904,-19.348,1.465,0.877,-19.025,2.655,0.955,0.150,0.150,0.080
1753374704.003,1753374704.108,-19.348,1.465,0.877,-19.025,2.655,0.955,0.150,0.150,0.080
1753374704.197,1753374704.308,-19.348,1.465,0.877,-19.025,2.655,0.955,0.150,0.150,0.080
1753374704.395,1753374704.504,-19.348,1.465,0.877,-19.025,2.655,0.955,0.150,0.150,0.080
1753374704.588,1753374704.704,-19.348,1.465,0.877,-19.025,2.655,0.955,0.150,0.150,0.080
1753374704.779,1753374704.904,-19.348,1.465,0.877,-19.025,2.655,0.955,0.150,0.150,0.080
1753374705.008,1753374705.104,-19.348,1.465,0.877,-19.025,2.655,0.955,0.150,0.150,0.080
1753374705.206,1753374705.305,-19.348,1.465,0.877,-19.025,2.655,0.955,0.150,0.150,0.080
1753374705.400,1753374705.504,-19.348,1.465,0.877,-19.025,2.655,0.955,0.150,0.150,0.080
1753374705.592,1753374705.704,-19.348,1.465,0.877,-19.025,2.655,0.955,0.150,0.150,0.080
1753374705.788,1753374705.904,-19.348,1.465,0.877,-19.025,2.655,0.955,0.150,0.150,0.080
1753374705.989,1753374706.104,-19.348,1.465,0.877,-19.025,2.655,0.955,0.150,0.150,0.080
1753374706.180,1753374706.305,-19.348,1.465,0.877,-19.025,2.655,0.955,0.150,0.150,0.080
1753374706.409,1753374706.504,-19.348,1.465,0.877,-19.025,2.655,0.955,0.150,0.150,0.080
1753374706.603,1753374706.704,-19.348,1.465,0.877,-19.025,2.655,0.955,0.150,0.150,0.080
1753374706.799,1753374706.904,-19.348,1.465,0.877,-19.025,2.655,0.955,0.150,0.150,0.080
1753374706.991,1753374707.104,-19.348,1.465,0.877,-19.025,2.655,0.955,0.150,0.150,0.080
1753374707.185,1753374707.304,-19.348,1.465,0.877,-19.025,2.655,0.955,0.150,0.150,0.080
1753374707.412,1753374707.504,-19.348,1.465,0.877,-19.025,2.655,0.955,0.150,0.150,0.080
1753374707.603,1753374707.708,-19.348,1.465,0.877,-19.025,2.655,0.955,0.150,0.150,0.080
1753374707.800,1753374707.908,-19.348,1.465,0.877,-19.025,2.655,0.955,0.150,0.150,0.080
1753374707.999,1753374708.104,-19.348,1.465,0.877,-19.025,2.655,0.955,0.150,0.150,0.080
1753374708.190,1753374708.305,-19.348,1.465,0.877,-19.025,2.655,0.955,0.150,0.150,0.080
1753374708.383,1753374708.504,-19.348,1.465,0.877,-19.025,2.655,0.955,0.150,0.150,0.080
1753374708.613,1753374708.704,-19.348,1.465,0.877,-19.025,2.655,0.955,0.150,0.150,0.080
1753374708.812,1753374708.904,-19.348,1.465,0.877,-19.025,2.655,0.955,0.150,0.150,0.080
1753374709.003,1753374709.107,-19.348,1.465,0.877,-19.025,2.655,0.955,0.150,0.150,0.080
1753374709.198,1753374709.304,-19.348,1.465,0.877,-19.025,2.655,0.955,0.150,0.150,0.080
1753374709.396,1753374709.504,-19.348,1.465,0.877,-19.025,2.655,0.955,0.150,0.150,0.080
1753374709.590,1753374709.704,-19.348,1.465,0.877,-19.025,2.655,0.955,0.150,0.150,0.080
1753374709.784,1753374709.904,-19.348,1.465,0.877,-19.025,2.655,0.955,0.150,0.150,0.080
1753374710.011,1753374710.104,-19.348,1.465,0.877,-19.025,2.655,0.955,0.150,0.150,0.080
1753374710.207,1753374710.305,-19.348,1.465,0.877,-19.025,2.655,0.955,0.150,0.150,0.080
1753374710.403,1753374710.504,-19.348,1.465,0.877,-19.025,2.655,0.955,0.150,0.150,0.080
1753374710.594,1753374710.704,-19.348,1.465,0.877,-19.025,2.655,0.955,0.150,0.150,0.080
1753374710.790,1753374710.904,-19.348,1.465,0.877,-19.025,2.655,0.955,0.150,0.150,0.080
1753374710.987,1753374711.104,-19.348,1.465,0.877,-19.025,2.655,0.955,0.150,0.150,0.080
1753374711.211,1753374711.304,-19.348,1.465,0.877,-19.025,2.655,0.955,0.150,0.150,0.080
1753374711.407,1753374711.508,-19.348,1.465,0.877,-19.025,2.655,0.955,0.150,0.150,0.080
1753374711.604,1753374711.704,-19.348,1.465,0.877,-19.025,2.655,0.955,0.150,0.150,0.080
1753374711.795,1753374711.906,-19.348,1.465,0.877,-19.025,2.655,0.955,0.150,0.150,0.080
1753374712.002,1753374712.104,-19.348,1.465,0.877,-19.025,2.655,0.955,0.150,0.150,0.080
1753374712.187,1753374712.305,-19.348,1.465,0.877,-19.025,2.655,0.955,0.150,0.150,0.080
1753374712.382,1753374712.504,-19.348,1.465,0.877,-19.025,2.655,0.955,0.150,0.150,0.080
1753374712.613,1753374712.704,-19.348,1.465,0.877,-19.025,2.655,0.955,0.150,0.150,0.080
1753374712.809,1753374712.904,-19.348,1.465,0.877,-19.025,2.655,0.955,0.150,0.150,0.080
1753374713.001,1753374713.107,-19.348,1.465,0.877,-19.025,2.655,0.955,0.150,0.150,0.080
1753374713.198,1753374713.304,-19.348,1.465,0.877,-19.025,2.655,0.955,0.150,0.150,0.080
1753374713.389,1753374713.504,-19.348,1.465,0.877,-19.025,2.655,0.955,0.150,0.150,0.080
1753374713.583,1753374713.704,-19.348,1.465,0.877,-19.025,2.655,0.955,0.150,0.150,0.080
1753374713.806,1753374713.904,-19.348,1.465,0.877,-19.025,2.655,0.955,0.150,0.150,0.080
1753374714.003,1753374714.104,-19.348,1.465,0.877,-19.025,2.655,0.955,0.150,0.150,0.080
1753374714.200,1753374714.305,-19.348,1.465,0.877,-19.025,2.655,0.955,0.150,0.150,0.080
1753374714.391,1753374714.504,-19.348,1.465,0.877,-19.025,2.655,0.955,0.150,0.150,0.080
1753374714.588,1753374714.705,-19.348,1.465,0.877,-19.025,2.655,0.955,0.150,0.150,0.080
1753374714.789,1753374714.904,-19.348,1.465,0.877,-19.025,2.655,0.955,0.150,0.150,0.080
1753374715.012,1753374715.104,-19.348,1.465,0.877,-19.025,2.655,0.955,0.150,0.150,0.080
1753374715.205,1753374715.304,-19.348,1.465,0.877,-19.025,2.655,0.955,0.150,0.150,0.080
1753374715.400,1753374715.504,-19.348,1.465,0.877,-19.025,2.655,0.955,0.150,0.150,0.080
1753374715.596,1753374715.704,-19.348,1.465,0.877,-19.025,2.655,0.955,0.150,0.150,0.080
1753374715.789,1753374715.904,-19.348,1.465,0.877,-19.025,2.655,0.955,0.150,0.150,0.080
1753374715.984,1753374716.104,-19.348,1.465,0.877,-19.025,2.655,0.955,0.150,0.150,0.080
1753374716.188,1753374716.305,-19.348,1.465,0.877,-19.025,2.655,0.955,0.150,0.150,0.080
1753374716.412,1753374716.504,-19.348,1.465,0.877,-19.025,2.655,0.955,0.150,0.150,0.080
1753374716.604,1753374716.704,-19.348,1.465,0.877,-19.025,2.655,0.955,0.150,0.150,0.080
1753374716.800,1753374716.904,-19.348,1.465,0.877,-19.025,2.655,0.955,0.150,0.150,0.080
1753374716.996,1753374717.104,-19.348,1.465,0.877,-19.025,2.655,0.955,0.150,0.150,0.080
1753374717.190,1753374717.304,-19.348,1.465,0.877,-19.025,2.655,0.955,0.150,0.150,0.080
1753374717.384,1753374717.504,-19.348,1.465,0.877,-19.025,2.655,0.955,0.150,0.150,0.080
1753374717.612,1753374717.704,-19.348,1.465,0.877,-19.025,2.655,0.955,0.150,0.150,0.080
1753374717.811,1753374717.904,-19.348,1.465,0.877,-19.025,2.655,0.955,0.150,0.150,0.080
1753374718.007,1753374718.104,-19.348,1.465,0.877,-19.025,2.655,0.955,0.150,0.150,0.080
1753374718.200,1753374718.309,-19.348,1.465,0.877,-19.025,2.655,0.955,0.150,0.150,0.080
1753374718.401,1753374718.504,-19.348,1.465,0.877,-19.025,2.655,0.955,0.150,0.150,0.080
1753374718.589,1753374718.704,-19.348,1.465,0.877,-19.025,2.655,0.955,0.150,0.150,0.080
1753374718.789,1753374718.904,-19.348,1.465,0.877,-19.025,2.655,0.955,0.150,0.150,0.080
1753374718.987,1753374719.104,-19.348,1.465,0.877,-19.025,2.655,0.955,0.150,0.150,0.080
1753374719.211,1753374719.304,-19.348,1.465,0.877,-19.025,2.655,0.955,0.150,0.150,0.080
1753374719.403,1753374719.507,-19.348,1.465,0.877,-19.025,2.655,0.955,0.150,0.150,0.080
1753374719.598,1753374719.704,-19.348,1.465,0.877,-19.025,2.655,0.955,0.150,0.150,0.080
1753374719.795,1753374719.904,-19.348,1.465,0.877,-19.025,2.655,0.955,0.150,0.150,0.080
1753374719.993,1753374720.104,-19.348,1.465,0.877,-19.025,2.655,0.955,0.150,0.150,0.080
1753374720.184,1753374720.305,-19.348,1.465,0.877,-19.025,2.655,0.955,0.150,0.150,0.080
1753374720.411,1753374720.504,-19.348,1.465,0.877,-19.025,2.655,0.955,0.150,0.150,0.080
1753374720.609,1753374720.704,-19.348,1.465,0.877,-19.025,2.655,0.955,0.150,0.150,0.080
1753374720.802,1753374720.905,-19.348,1.465,0.877,-19.025,2.655,0.955,0.150,0.150,0.080
1753374720.994,1753374721.104,-19.348,1.465,0.877,-19.025,2.655,0.955,0.150,0.150,0.080
1753374721.190,1753374721.304,-19.348,1.465,0.877,-19.025,2.655,0.955,0.150,0.150,0.080
1753374721.385,1753374721.504,-19.348,1.465,0.877,-19.025,2.655,0.955,0.150,0.150,0.080
1753374721.613,1753374721.704,-19.348,1.465,0.877,-19.025,2.655,0.955,0.150,0.150,0.080
1753374721.807,1753374721.907,-19.348,1.465,0.877,-19.025,2.655,0.955,0.150,0.150,0.080
1753374722.004,1753374722.104,-19.348,1.465,0.877,-19.025,2.655,0.955,0.150,0.150,0.080
1753374722.195,1753374722.305,-19.348,1.465,0.877,-19.025,2.655,0.955,0.150,0.150,0.080
1753374722.392,1753374722.504,-19.348,1.465,0.877,-19.025,2.655,0.955,0.150,0.150,0.080
1753374722.586,1753374722.704,-19.348,1.465,0.877,-19.025,2.655,0.955,0.150,0.150,0.080
1753374722.812,1753374722.904,-19.348,1.465,0.877,-19.025,2.655,0.955,0.150,0.150,0.080
1753374723.004,1753374723.104,-19.348,1.465,0.877,-19.025,2.655,0.955,0.150,0.150,0.080
1753374723.204,1753374723.304,-19.348,1.465,0.877,-19.025,2.655,0.955,0.150,0.150,0.080
1753374723.394,1753374723.504,-19.348,1.465,0.877,-19.025,2.655,0.955,0.150,0.150,0.080
1753374723.595,1753374723.704,-19.348,1.465,0.877,-19.025,2.655,0.955,0.150,0.150,0.080
1753374723.786,1753374723.904,-19.348,1.465,0.877,-19.025,2.655,0.955,0.150,0.150,0.080
1753374723.981,1753374724.104,-19.348,1.465,0.877,-19.025,2.655,0.955,0.150,0.150,0.080
1753374724.212,1753374724.305,-19.348,1.465,0.877,-19.025,2.655,0.955,0.150,0.150,0.080
1753374724.408,1753374724.506,-19.348,1.465,0.877,-19.025,2.655,0.955,0.150,0.150,0.080
1753374724.600,1753374724.704,-19.348,1.465,0.877,-19.025,2.655,0.955,0.150,0.150,0.080
1753374724.800,1753374724.904,-19.348,1.465,0.877,-19.025,2.655,0.955,0.150,0.150,0.080
1753374724.991,1753374725.104,-19.348,1.465,0.877,-19.025,2.655,0.955,0.150,0.150,0.080
1753374725.211,1753374725.304,-19.348,1.465,0.877,-19.025,2.655,0.955,0.150,0.150,0.080
1753374725.408,1753374725.508,-19.348,1.465,0.877,-19.025,2.655,0.955,0.150,0.150,0.080
1753374725.600,1753374725.704,-19.348,1.465,0.877,-19.025,2.655,0.955,0.150,0.150,0.080
1753374725.800,1753374725.904,-19.348,1.465,0.877,-19.025,2.655,0.955,0.150,0.150,0.080
1753374725.991,1753374726.104,-19.348,1.465,0.877,-19.025,2.655,0.955,0.150,0.150,0.080
1753374726.184,1753374726.305,-19.348,1.465,0.877,-19.025,2.655,0.955,0.150,0.150,0.080
1753374726.411,1753374726.504,-19.348,1.465,0.877,-19.025,2.655,0.955,0.150,0.150,0.080
1753374726.607,1753374726.707,-19.348,1.465,0.877,-19.025,2.655,0.955,0.150,0.150,0.080
1753374726.804,1753374726.904,-19.348,1.465,0.877,-19.025,2.655,0.955,0.150,0.150,0.080
1753374726.996,1753374727.104,-19.348,1.465,0.877,-19.025,2.655,0.955,0.150,0.150,0.080
1753374727.190,1753374727.304,-19.348,1.465,0.877,-19.025,2.655,0.955,0.150,0.150,0.080
1753374727.389,1753374727.504,-19.348,1.465,0.877,-19.025,2.655,0.955,0.150,0.150,0.080
1753374727.608,1753374727.704,-19.348,1.465,0.877,-19.025,2.655,0.955,0.150,0.150,0.080
1753374727.808,1753374727.908,-19.348,1.465,0.877,-19.025,2.655,0.955,0.150,0.150,0.080
1753374728.008,1753374728.104,-19.348,1.465,0.877,-19.025,2.655,0.955,0.150,0.150,0.080
1753374728.196,1753374728.305,-19.348,1.465,0.877,-19.025,2.655,0.955,0.150,0.150,0.080
1753374728.392,1753374728.504,-19.348,1.465,0.877,-19.025,2.655,0.955,0.150,0.150,0.080
1753374728.587,1753374728.704,-19.348,1.465,0.877,-19.025,2.655,0.955,0.150,0.150,0.080
1753374728.814,1753374728.904,-19.348,1.465,0.877,-19.025,2.655,0.955,0.150,0.150,0.080
1753374729.006,1753374729.104,-19.348,1.465,0.877,-19.025,2.655,0.955,0.150,0.150,0.080
1753374729.204,1753374729.304,-19.348,1.465,0.877,-19.025,2.655,0.955,0.150,0.150,0.080
1753374729.399,1753374729.504,-19.348,1.465,0.877,-19.025,2.655,0.955,0.150,0.150,0.080
1753374729.591,1753374729.704,-19.348,1.465,0.877,-19.025,2.655,0.955,0.150,0.150,0.080
1753374729.786,1753374729.904,-19.348,1.465,0.877,-19.025,2.655,0.955,0.150,0.150,0.080
1753374729.985,1753374730.104,-19.348,1.465,0.877,-19.025,2.655,0.955,0.150,0.150,0.080
1753374730.212,1753374730.305,-19.348,1.465,0.877,-19.025,2.655,0.955,0.150,0.150,0.080
1753374730.405,1753374730.504,-19.348,1.465,0.877,-19.025,2.655,0.955,0.150,0.150,0.080
1753374730.603,1753374730.704,-19.348,1.465,0.877,-19.025,2.655,0.955,0.150,0.150,0.080
1753374730.800,1753374730.904,-19.348,1.465,0.877,-19.025,2.655,0.955,0.150,0.150,0.080
1753374730.992,1753374731.104,-19.348,1.465,0.877,-19.025,2.655,0.955,0.150,0.150,0.080
1753374731.193,1753374731.309,-19.348,1.465,0.877,-19.025,2.655,0.955,0.150,0.150,0.080
1753374731.401,1753374731.504,-19.348,1.465,0.877,-19.025,2.655,0.955,0.150,0.150,0.080
1753374731.595,1753374731.704,-19.348,1.465,0.877,-19.025,2.655,0.955,0.150,0.150,0.080
1753374731.791,1753374731.904,-19.348,1.465,0.877,-19.025,2.655,0.955,0.150,0.150,0.080
