timestamp_real, timestamp_est, real_x, real_y, real_theta, est_x, est_y, est_theta, cov_x, cov_y, cov_theta
1753324630.439,1753324630.525,-2.002,0.999,1.503,-0.000,-0.000,-0.079,0.000,0.000,0.000
1753324630.635,1753324630.726,-2.002,0.999,1.463,-0.000,-0.000,-0.119,0.000,0.000,0.000
1753324630.858,1753324630.925,-2.002,0.999,1.416,0.000,-0.000,-0.158,0.000,0.000,0.000
1753324631.052,1753324631.125,-2.002,0.999,1.376,0.000,-0.000,-0.198,0.000,0.000,0.000
1753324631.119,1753324631.325,-2.002,0.999,1.363,0.000,-0.000,-0.237,0.000,0.000,0.000
1753324631.119,1753324631.525,-2.002,0.999,1.363,0.027,-0.007,-0.250,0.000,0.000,0.000
1753324631.119,1753324631.725,-2.002,0.999,1.363,0.067,-0.017,-0.250,0.000,0.000,0.000
1753324631.119,1753324631.925,-2.002,0.999,1.363,0.107,-0.027,-0.250,0.000,0.000,0.000
1753324631.119,1753324632.127,-2.002,0.999,1.363,0.147,-0.038,-0.250,0.000,0.000,0.000
1753324631.119,1753324632.335,-2.002,0.999,1.363,0.200,-0.051,-0.250,0.000,0.000,0.000
1753324632.550,1753324632.609,-1.934,1.253,1.310,-6.947,3.894,0.986,0.100,0.100,0.050
1753324632.646,1753324632.730,-1.928,1.274,1.310,-6.940,3.903,0.997,0.100,0.100,0.050
1753324632.839,1753324632.932,-1.917,1.315,1.310,-6.938,3.910,0.994,0.100,0.100,0.050
1753324633.063,1753324633.129,-1.905,1.364,1.310,-6.939,3.919,0.982,0.100,0.100,0.050
1753324633.258,1753324633.331,-1.894,1.405,1.310,-6.936,3.927,0.972,0.100,0.100,0.050
1753324633.455,1753324633.529,-1.883,1.446,1.310,-6.933,3.934,0.969,0.100,0.100,0.050
1753324633.651,1753324633.730,-1.871,1.488,1.310,-6.929,3.940,0.956,0.100,0.100,0.050
1753324633.843,1753324633.929,-1.860,1.529,1.310,-6.927,3.945,0.945,0.100,0.100,0.050
1753324634.043,1753324634.129,-1.849,1.570,1.310,-6.919,3.951,0.925,0.100,0.100,0.050
1753324634.236,1753324634.329,-1.838,1.612,1.310,-6.916,3.955,0.937,0.100,0.100,0.050
1753324634.432,1753324634.530,-1.837,1.617,1.276,-6.918,3.954,0.926,0.100,0.100,0.050
1753324634.951,1753324635.059,-1.826,1.645,1.192,-7.946,4.199,-2.050,0.100,0.100,0.050
1753324635.046,1753324635.132,-1.818,1.665,1.192,-7.960,4.175,-2.096,0.100,0.100,0.050
1753324635.243,1753324635.330,-1.802,1.704,1.192,-7.996,4.118,-2.094,0.100,0.100,0.050
1753324635.438,1753324635.530,-1.787,1.744,1.191,-8.015,4.082,-2.095,0.100,0.100,0.050
1753324635.664,1753324635.730,-1.768,1.791,1.191,-8.037,4.044,-2.094,0.100,0.100,0.050
1753324635.863,1753324635.930,-1.752,1.831,1.191,-8.055,4.008,-2.093,0.100,0.100,0.050
1753324636.058,1753324636.130,-1.736,1.870,1.191,-8.077,3.973,-2.092,0.100,0.100,0.050
1753324636.447,1753324636.501,-1.705,1.950,1.192,-8.085,3.955,-2.059,0.100,0.100,0.050
1753324636.447,1753324636.535,-1.705,1.950,1.192,-8.099,3.927,-2.058,0.100,0.100,0.050
1753324636.646,1753324636.729,-1.689,1.990,1.192,-8.139,3.854,-2.041,0.100,0.100,0.050
1753324636.842,1753324636.931,-1.689,1.989,1.228,-8.138,3.856,-2.003,0.100,0.100,0.050
1753324637.062,1753324637.130,-1.689,1.989,1.275,-8.138,3.854,-1.964,0.100,0.100,0.050
1753324637.258,1753324637.340,-1.685,2.003,1.301,-8.148,3.829,-1.945,0.100,0.100,0.050
1753324637.452,1753324637.535,-1.674,2.044,1.301,-8.165,3.791,-1.947,0.100,0.100,0.050
1753324637.650,1753324637.732,-1.662,2.086,1.301,-8.179,3.752,-1.945,0.100,0.100,0.050
1753324637.842,1753324637.933,-1.651,2.127,1.301,-8.196,3.713,-1.941,0.100,0.100,0.050
1753324638.431,1753324638.511,-1.617,2.251,1.301,-8.211,3.674,-1.941,0.100,0.100,0.050
1753324638.431,1753324638.526,-1.617,2.251,1.301,-8.218,3.655,-1.941,0.100,0.100,0.050
1753324638.661,1753324638.737,-1.603,2.299,1.301,-8.258,3.552,-1.941,0.100,0.100,0.050
1753324638.854,1753324638.926,-1.592,2.340,1.301,-8.268,3.527,-1.941,0.100,0.100,0.050
1753324639.046,1753324639.127,-1.580,2.382,1.301,-8.278,3.501,-1.941,0.100,0.100,0.050
1753324639.242,1753324639.325,-1.569,2.423,1.300,-8.298,3.450,-1.928,0.100,0.100,0.050
1753324639.438,1753324639.525,-1.569,2.422,1.337,-8.298,3.450,-1.888,0.100,0.100,0.050
1753324639.633,1753324639.725,-1.569,2.422,1.377,-8.298,3.450,-1.849,0.100,0.100,0.050
1753324639.859,1753324639.926,-1.569,2.422,1.423,-8.298,3.450,-1.809,0.100,0.100,0.050
1753324640.057,1753324640.126,-1.569,2.422,1.463,-8.298,3.450,-1.770,0.100,0.100,0.050
1753324640.253,1753324640.325,-1.569,2.422,1.503,-8.298,3.450,-1.730,0.100,0.100,0.050
1753324640.639,1753324640.745,-1.569,2.422,1.583,-8.298,3.450,-1.730,0.100,0.100,0.050
1753324640.835,1753324640.925,-1.569,2.422,1.622,-8.298,3.450,-1.605,0.100,0.100,0.050
1753324641.053,1753324641.125,-1.569,2.422,1.669,-8.298,3.450,-1.565,0.100,0.100,0.050
1753324641.248,1753324641.325,-1.569,2.422,1.709,-8.298,3.450,-1.526,0.100,0.100,0.050
1753324641.439,1753324641.525,-1.569,2.422,1.749,-8.298,3.450,-1.486,0.100,0.100,0.050
1753324641.664,1753324641.726,-1.569,2.422,1.795,-8.298,3.450,-1.447,0.100,0.100,0.050
1753324641.863,1753324641.925,-1.569,2.422,1.835,-8.298,3.450,-1.407,0.100,0.100,0.050
1753324642.059,1753324642.138,-1.569,2.422,1.875,-8.298,3.450,-1.355,0.100,0.100,0.050
1753324642.250,1753324642.326,-1.569,2.422,1.915,-8.298,3.450,-1.328,0.100,0.100,0.050
1753324642.446,1753324642.526,-1.581,2.454,1.921,-8.288,3.409,-1.322,0.100,0.100,0.050
1753324643.361,1753324643.377,-1.650,2.642,1.921,-8.278,3.369,-1.322,0.100,0.100,0.050
1753324643.458,1753324643.525,-1.657,2.663,1.921,-8.237,3.209,-1.322,0.100,0.100,0.050
1753324643.653,1753324643.731,-1.672,2.703,1.922,-8.223,3.156,-1.322,0.100,0.100,0.050
1753324643.849,1753324643.925,-1.681,2.726,1.942,-8.222,3.149,-1.295,0.100,0.100,0.050
1753324644.330,1753324644.438,-1.680,2.722,2.039,-8.222,3.149,-1.256,0.100,0.100,0.050
1753324644.461,1753324644.526,-1.680,2.722,2.066,-8.222,3.149,-1.177,0.100,0.100,0.050
1753324644.657,1753324644.734,-1.680,2.722,2.106,-8.222,3.149,-1.124,0.100,0.100,0.050
1753324644.851,1753324644.933,-1.680,2.722,2.145,-8.222,3.149,-1.085,0.100,0.100,0.050
1753324644.953,1753324645.135,-1.680,2.722,2.165,-8.222,3.149,-1.045,0.100,0.100,0.050
1753324644.953,1753324645.325,-1.680,2.722,2.165,-8.222,3.149,-1.005,0.100,0.100,0.050
1753324644.953,1753324645.525,-1.680,2.722,2.165,-8.222,3.149,-0.966,0.100,0.100,0.050
1753324644.953,1753324645.726,-1.680,2.722,2.165,-8.214,3.138,-0.946,0.100,0.100,0.050
1753324644.953,1753324645.939,-1.680,2.722,2.165,-8.181,3.093,-0.946,0.100,0.100,0.050
1753324644.953,1753324646.134,-1.680,2.722,2.165,-8.157,3.060,-0.946,0.100,0.100,0.050
1753324644.953,1753324646.329,-1.680,2.722,2.165,-8.133,3.026,-0.946,0.100,0.100,0.050
1753324644.953,1753324646.525,-1.680,2.722,2.165,-8.109,2.993,-0.946,0.100,0.100,0.050
1753324644.953,1753324646.725,-1.680,2.722,2.165,-8.085,2.959,-0.946,0.100,0.100,0.050
1753324644.953,1753324646.925,-1.680,2.722,2.165,-8.061,2.926,-0.946,0.100,0.100,0.050
1753324644.953,1753324647.126,-1.680,2.722,2.165,-8.036,2.892,-0.946,0.100,0.100,0.050
1753324644.953,1753324647.325,-1.680,2.722,2.165,-8.012,2.859,-0.946,0.100,0.100,0.050
1753324647.456,1753324647.528,-1.951,3.027,2.298,-7.988,2.825,-0.946,0.100,0.100,0.050
1753324647.752,1753324647.838,-1.993,3.075,2.298,-1.823,2.819,2.229,0.100,0.100,0.050
1753324647.847,1753324647.930,-2.008,3.091,2.298,-1.856,2.861,2.230,0.100,0.100,0.050
1753324648.041,1753324648.130,-2.036,3.123,2.298,-1.879,2.896,2.231,0.100,0.100,0.050
1753324648.238,1753324648.330,-2.065,3.155,2.298,-1.903,2.927,2.229,0.100,0.100,0.050
1753324648.461,1753324648.530,-2.098,3.192,2.298,-1.930,2.964,2.226,0.100,0.100,0.050
1753324648.658,1753324648.745,-2.126,3.224,2.298,-1.961,3.007,2.227,0.100,0.100,0.050
1753324648.853,1753324648.938,-2.155,3.256,2.298,-1.985,3.037,2.226,0.100,0.100,0.050
1753324649.051,1753324649.133,-2.183,3.288,2.298,-2.009,3.070,2.229,0.100,0.100,0.050
1753324649.242,1753324649.329,-2.212,3.320,2.298,-2.025,3.088,2.215,0.100,0.100,0.050
1753324649.438,1753324649.529,-2.211,3.320,2.258,-2.024,3.088,2.177,0.100,0.100,0.050
1753324649.633,1753324649.731,-2.212,3.320,2.218,-2.020,3.086,2.136,0.100,0.100,0.050
1753324649.857,1753324649.930,-2.212,3.320,2.171,-2.017,3.088,2.097,0.100,0.100,0.050
1753324650.049,1753324650.130,-2.212,3.320,2.131,-2.017,3.086,2.057,0.100,0.100,0.050
1753324650.246,1753324650.329,-2.212,3.320,2.091,-2.015,3.086,2.019,0.100,0.100,0.050
1753324650.442,1753324650.534,-2.212,3.320,2.051,-2.012,3.088,1.980,0.100,0.100,0.050
1753324650.639,1753324650.730,-2.212,3.320,2.018,-2.012,3.089,1.940,0.100,0.100,0.050
1753324650.840,1753324650.929,-2.212,3.320,1.971,-2.013,3.086,1.901,0.100,0.100,0.050
1753324651.042,1753324651.130,-2.212,3.320,1.931,-2.010,3.087,1.861,0.100,0.100,0.050
1753324651.233,1753324651.330,-2.212,3.320,1.892,-2.010,3.088,1.820,0.100,0.100,0.050
1753324651.439,1753324651.529,-2.214,3.325,1.849,-2.010,3.098,1.795,0.100,0.100,0.050
1753324651.635,1753324651.730,-2.226,3.367,1.849,-2.020,3.137,1.794,0.100,0.100,0.050
1753324651.855,1753324651.937,-2.240,3.415,1.848,-2.032,3.191,1.791,0.100,0.100,0.050
1753324652.050,1753324652.129,-2.251,3.456,1.848,-2.043,3.229,1.793,0.100,0.100,0.050
1753324652.246,1753324652.329,-2.263,3.497,1.848,-2.050,3.268,1.794,0.100,0.100,0.050
1753324652.459,1753324652.534,-2.273,3.532,1.848,-2.058,3.293,1.796,0.100,0.100,0.050
1753324652.639,1753324652.729,-2.283,3.566,1.848,-2.069,3.333,1.795,0.100,0.100,0.050
1753324652.835,1753324652.929,-2.295,3.607,1.848,-2.083,3.376,1.794,0.100,0.100,0.050
1753324653.056,1753324653.139,-2.301,3.630,1.821,-2.085,3.386,1.754,0.100,0.100,0.050
1753324653.252,1753324653.333,-2.300,3.628,1.781,-2.086,3.385,1.718,0.100,0.100,0.050
1753324653.640,1753324653.685,-2.300,3.628,1.701,-2.130,3.394,1.721,0.100,0.100,0.050
1753324653.640,1753324653.736,-2.300,3.628,1.701,-2.132,3.391,1.683,0.100,0.100,0.050
1753324653.862,1753324653.932,-2.300,3.628,1.655,-2.131,3.395,1.632,0.100,0.100,0.050
1753324654.054,1753324654.130,-2.300,3.628,1.615,-2.133,3.401,1.593,0.100,0.100,0.050
1753324654.249,1753324654.330,-2.301,3.633,1.570,-2.133,3.413,1.568,0.100,0.100,0.050
1753324654.451,1753324654.530,-2.300,3.676,1.570,-2.136,3.454,1.568,0.100,0.100,0.050
1753324654.650,1753324654.730,-2.300,3.719,1.570,-2.134,3.492,1.568,0.100,0.100,0.050
1753324654.841,1753324654.930,-2.300,3.762,1.570,-2.131,3.532,1.564,0.100,0.100,0.050
1753324655.049,1753324655.132,-2.300,3.804,1.570,-2.129,3.573,1.564,0.100,0.100,0.050
1753324655.234,1753324655.331,-2.300,3.847,1.570,-2.127,3.615,1.563,0.100,0.100,0.050
1753324655.454,1753324655.542,-2.300,3.897,1.569,-2.128,3.673,1.561,0.100,0.100,0.050
1753324655.653,1753324655.733,-2.300,3.940,1.569,-2.129,3.715,1.561,0.100,0.100,0.050
1753324655.844,1753324655.930,-2.300,3.983,1.569,-2.131,3.755,1.562,0.100,0.100,0.050
1753324656.039,1753324656.131,-2.300,4.026,1.569,-2.131,3.795,1.558,0.100,0.100,0.050
1753324656.234,1753324656.330,-2.300,4.069,1.569,-2.132,3.838,1.557,0.100,0.100,0.050
1753324656.461,1753324656.530,-2.300,4.119,1.569,-2.128,3.878,1.557,0.100,0.100,0.050
1753324656.661,1753324656.730,-2.300,4.124,1.535,-2.128,3.878,1.518,0.100,0.100,0.050
1753324656.858,1753324656.932,-2.300,4.126,1.497,-2.130,3.877,1.477,0.100,0.100,0.050
1753324657.046,1753324657.131,-2.300,4.126,1.457,-2.126,3.878,1.439,0.100,0.100,0.050
1753324657.250,1753324657.330,-2.300,4.126,1.418,-2.128,3.880,1.398,0.100,0.100,0.050
1753324657.436,1753324657.530,-2.300,4.126,1.378,-2.130,3.877,1.358,0.100,0.100,0.050
1753324657.637,1753324657.730,-2.300,4.126,1.338,-2.130,3.878,1.321,0.100,0.100,0.050
1753324657.863,1753324657.941,-2.296,4.139,1.299,-2.122,3.902,1.294,0.100,0.100,0.050
1753324658.057,1753324658.143,-2.285,4.180,1.299,-2.110,3.943,1.293,0.100,0.100,0.050
1753324658.251,1753324658.335,-2.273,4.221,1.299,-2.096,3.981,1.294,0.100,0.100,0.050
1753324658.449,1753324658.530,-2.262,4.262,1.300,-2.086,4.023,1.292,0.100,0.100,0.050
1753324658.637,1753324658.729,-2.250,4.304,1.300,-2.075,4.063,1.292,0.100,0.100,0.050
1753324658.862,1753324658.929,-2.237,4.352,1.300,-2.063,4.106,1.293,0.100,0.100,0.050
1753324659.059,1753324659.130,-2.225,4.393,1.299,-2.052,4.143,1.291,0.100,0.100,0.050
1753324659.259,1753324659.329,-2.214,4.435,1.299,-2.038,4.179,1.290,0.100,0.100,0.050
1753324659.452,1753324659.529,-2.213,4.439,1.265,-2.039,4.179,1.251,0.100,0.100,0.050
1753324659.645,1753324659.729,-2.212,4.441,1.226,-2.038,4.178,1.213,0.100,0.100,0.050
1753324659.845,1753324659.929,-2.212,4.441,1.186,-2.040,4.177,1.177,0.100,0.100,0.050
1753324660.035,1753324660.129,-2.206,4.454,1.156,-2.029,4.200,1.157,0.100,0.100,0.050
1753324660.263,1753324660.329,-2.186,4.500,1.156,-2.013,4.240,1.159,0.100,0.100,0.050
1753324660.460,1753324660.528,-2.169,4.539,1.156,-1.998,4.278,1.159,0.100,0.100,0.050
1753324660.658,1753324660.729,-2.152,4.578,1.156,-1.982,4.320,1.158,0.100,0.100,0.050
1753324661.043,1753324661.149,-2.138,4.610,1.199,-1.940,4.258,1.058,0.100,0.100,0.050
1753324661.247,1753324661.334,-2.138,4.610,1.239,-1.938,4.253,1.137,0.100,0.100,0.050
1753324661.461,1753324661.531,-2.138,4.610,1.285,-1.939,4.251,1.176,0.100,0.100,0.050
1753324661.660,1753324661.732,-2.138,4.610,1.325,-1.938,4.254,1.217,0.100,0.100,0.050
1753324661.858,1753324661.933,-2.138,4.610,1.365,-1.939,4.256,1.257,0.100,0.100,0.050
1753324662.050,1753324662.132,-2.131,4.645,1.371,-1.928,4.299,1.266,0.100,0.100,0.050
1753324662.248,1753324662.331,-2.122,4.687,1.371,-1.921,4.337,1.265,0.100,0.100,0.050
1753324662.444,1753324662.532,-2.114,4.729,1.371,-1.910,4.378,1.265,0.100,0.100,0.050
1753324662.638,1753324662.731,-2.105,4.771,1.371,-1.898,4.417,1.263,0.100,0.100,0.050
1753324662.811,1753324662.931,-2.098,4.806,1.371,-1.887,4.442,1.263,0.100,0.100,0.050
1753324663.056,1753324663.132,-2.096,4.815,1.399,-1.886,4.447,1.288,0.100,0.100,0.050
1753324663.232,1753324663.331,-2.097,4.812,1.428,-1.886,4.450,1.331,0.100,0.100,0.050
1753324663.433,1753324663.531,-2.097,4.813,1.461,-1.887,4.450,1.370,0.100,0.100,0.050
1753324663.649,1753324663.742,-2.094,4.840,1.477,-1.877,4.491,1.376,0.100,0.100,0.050
1753324663.852,1753324663.939,-2.090,4.883,1.478,-1.868,4.532,1.375,0.100,0.100,0.050
1753324664.046,1753324664.131,-2.086,4.926,1.478,-1.861,4.572,1.375,0.100,0.100,0.050
1753324664.251,1753324664.330,-2.082,4.968,1.478,-1.855,4.612,1.376,0.100,0.100,0.050
1753324664.464,1753324664.531,-2.077,5.018,1.477,-1.846,4.654,1.379,0.100,0.100,0.050
1753324664.662,1753324664.735,-2.073,5.061,1.477,-1.837,4.697,1.381,0.100,0.100,0.050
1753324664.849,1753324664.931,-2.069,5.104,1.477,-1.831,4.742,1.382,0.100,0.100,0.050
1753324665.048,1753324665.131,-2.065,5.146,1.477,-1.825,4.783,1.382,0.100,0.100,0.050
1753324665.246,1753324665.331,-2.061,5.189,1.477,-1.816,4.825,1.382,0.100,0.100,0.050
1753324665.433,1753324665.533,-2.058,5.225,1.477,-1.809,4.866,1.380,0.100,0.100,0.050
1753324665.625,1753324665.731,-2.053,5.274,1.477,-1.801,4.905,1.378,0.100,0.100,0.050
1753324665.856,1753324665.937,-2.049,5.324,1.477,-1.789,4.959,1.380,0.100,0.100,0.050
1753324666.041,1753324666.131,-2.045,5.367,1.477,-1.782,5.002,1.377,0.100,0.100,0.050
1753324666.255,1753324666.340,-2.041,5.410,1.477,-1.770,5.044,1.375,0.100,0.100,0.050
1753324666.454,1753324666.541,-2.037,5.452,1.477,-1.764,5.087,1.374,0.100,0.100,0.050
1753324666.648,1753324666.748,-2.033,5.495,1.477,-1.752,5.129,1.377,0.100,0.100,0.050
1753324666.831,1753324666.932,-2.029,5.530,1.477,-1.746,5.157,1.376,0.100,0.100,0.050
1753324667.031,1753324667.134,-2.025,5.573,1.477,-1.738,5.199,1.378,0.100,0.100,0.050
1753324667.246,1753324667.331,-2.021,5.623,1.477,-1.727,5.257,1.376,0.100,0.100,0.050
1753324667.461,1753324667.531,-2.016,5.673,1.477,-1.717,5.297,1.380,0.100,0.100,0.050
1753324667.632,1753324667.731,-2.012,5.708,1.477,-1.711,5.336,1.378,0.100,0.100,0.050
1753324667.854,1753324667.938,-2.008,5.758,1.477,-1.704,5.362,1.379,0.100,0.100,0.050
1753324668.046,1753324668.137,-2.004,5.794,1.477,-1.694,5.414,1.377,0.100,0.100,0.050
1753324668.260,1753324668.331,-2.000,5.843,1.476,-1.688,5.455,1.375,0.100,0.100,0.050
1753324668.450,1753324668.532,-1.996,5.886,1.477,-1.682,5.493,1.376,0.100,0.100,0.050
1753324668.638,1753324668.732,-1.992,5.929,1.477,-1.676,5.533,1.377,0.100,0.100,0.050
1753324668.853,1753324668.931,-1.986,5.986,1.477,-1.663,5.590,1.380,0.100,0.100,0.050
1753324669.051,1753324669.132,-1.982,6.035,1.477,-1.649,5.644,1.381,0.100,0.100,0.050
1753324669.255,1753324669.331,-1.977,6.085,1.477,-1.643,5.684,1.380,0.100,0.100,0.050
1753324669.452,1753324669.530,-1.973,6.128,1.477,-1.634,5.727,1.383,0.100,0.100,0.050
1753324669.642,1753324669.731,-1.969,6.170,1.477,-1.625,5.768,1.384,0.100,0.100,0.050
1753324669.838,1753324669.931,-1.965,6.213,1.477,-1.620,5.809,1.385,0.100,0.100,0.050
1753324670.044,1753324670.132,-1.962,6.249,1.477,-1.616,5.837,1.387,0.100,0.100,0.050
1753324670.250,1753324670.331,-1.958,6.291,1.477,-1.607,5.893,1.390,0.100,0.100,0.050
1753324670.761,1753324670.841,-1.947,6.405,1.476,-1.561,5.888,1.352,0.100,0.100,0.050
1753324670.859,1753324670.932,-1.945,6.427,1.476,-1.540,5.976,1.352,0.100,0.100,0.050
1753324671.053,1753324671.136,-1.941,6.469,1.476,-1.528,6.043,1.354,0.100,0.100,0.050
1753324671.643,1753324671.737,-1.933,6.554,1.438,-1.522,6.070,1.354,0.100,0.100,0.050
1753324671.837,1753324671.925,-1.933,6.554,1.398,-1.514,6.110,1.275,0.100,0.100,0.050
1753324672.052,1753324672.136,-1.933,6.554,1.358,-1.514,6.110,1.262,0.100,0.100,0.050
1753324672.236,1753324672.325,-1.926,6.581,1.339,-1.499,6.149,1.222,0.100,0.100,0.050
1753324672.432,1753324672.525,-1.916,6.623,1.339,-1.485,6.188,1.222,0.100,0.100,0.050
1753324672.660,1753324672.725,-1.909,6.654,1.359,-1.481,6.201,1.248,0.100,0.100,0.050
1753324672.858,1753324672.932,-1.910,6.650,1.395,-1.481,6.201,1.288,0.100,0.100,0.050
1753324673.051,1753324673.125,-1.910,6.650,1.435,-1.481,6.201,1.328,0.100,0.100,0.050
1753324673.241,1753324673.325,-1.910,6.650,1.475,-1.481,6.201,1.367,0.100,0.100,0.050
1753324673.461,1753324673.525,-1.910,6.650,1.521,-1.481,6.201,1.407,0.100,0.100,0.050
1753324673.663,1753324673.726,-1.910,6.650,1.561,-1.481,6.201,1.446,0.100,0.100,0.050
1753324673.857,1753324673.936,-1.910,6.650,1.601,-1.481,6.201,1.499,0.100,0.100,0.050
1753324674.051,1753324674.131,-1.910,6.650,1.641,-1.481,6.201,1.538,0.100,0.100,0.050
1753324674.254,1753324674.331,-1.910,6.650,1.680,-1.481,6.201,1.578,0.100,0.100,0.050
1753324674.445,1753324674.525,-1.910,6.650,1.720,-1.481,6.201,1.617,0.100,0.100,0.050
1753324674.644,1753324674.725,-1.910,6.650,1.760,-1.481,6.201,1.657,0.100,0.100,0.050
1753324675.058,1753324675.140,-1.910,6.650,1.846,-1.481,6.201,1.683,0.100,0.100,0.050
1753324675.255,1753324675.325,-1.910,6.650,1.886,-1.481,6.201,1.776,0.100,0.100,0.050
1753324675.453,1753324675.525,-1.910,6.650,1.926,-1.481,6.201,1.802,0.100,0.100,0.050
1753324675.641,1753324675.725,-1.910,6.650,1.966,-1.481,6.201,1.802,0.100,0.100,0.050
1753324675.838,1753324675.925,-1.910,6.650,2.006,-1.481,6.201,1.894,0.100,0.100,0.050
1753324676.257,1753324676.272,-1.910,6.650,2.092,-1.703,6.395,2.114,0.100,0.100,0.050
1753324676.257,1753324676.331,-1.910,6.650,2.092,-1.704,6.393,2.156,0.100,0.100,0.050
1753324676.451,1753324676.535,-1.910,6.650,2.132,-1.705,6.389,2.210,0.100,0.100,0.050
1753324676.649,1753324676.734,-1.910,6.650,2.172,-1.705,6.390,2.251,0.100,0.100,0.050
1753324676.845,1753324676.931,-1.910,6.650,2.212,-1.704,6.392,2.288,0.100,0.100,0.050
1753324677.037,1753324677.146,-1.910,6.650,2.251,-1.705,6.394,2.327,0.100,0.100,0.050
1753324677.103,1753324677.331,-1.910,6.650,2.265,-1.705,6.394,2.327,0.100,0.100,0.050
1753324677.459,1753324677.532,-1.910,6.650,2.338,-1.706,6.395,2.408,0.100,0.100,0.050
1753324677.661,1753324677.731,-1.910,6.650,2.378,-1.705,6.394,2.449,0.100,0.100,0.050
1753324677.852,1753324677.931,-1.910,6.650,2.418,-1.710,6.394,2.489,0.100,0.100,0.050
1753324678.046,1753324678.131,-1.910,6.650,2.457,-1.709,6.395,2.528,0.100,0.100,0.050
1753324678.244,1753324678.331,-1.910,6.650,2.497,-1.710,6.395,2.566,0.100,0.100,0.050
1753324678.435,1753324678.532,-1.910,6.650,2.537,-1.708,6.395,2.606,0.100,0.100,0.050
1753324678.634,1753324678.731,-1.910,6.650,2.577,-1.707,6.394,2.646,0.100,0.100,0.050
1753324678.838,1753324678.944,-1.910,6.650,2.617,-1.713,6.398,2.699,0.100,0.100,0.050
1753324679.027,1753324679.132,-1.910,6.650,2.657,-1.711,6.397,2.725,0.100,0.100,0.050
1753324679.251,1753324679.333,-1.910,6.650,2.703,-1.715,6.396,2.780,0.100,0.100,0.050
1753324679.448,1753324679.531,-1.910,6.650,2.743,-1.713,6.393,2.819,0.100,0.100,0.050
1753324679.634,1753324679.731,-1.910,6.650,2.783,-1.711,6.393,2.859,0.100,0.100,0.050
1753324679.864,1753324679.931,-1.910,6.650,2.829,-1.715,6.394,2.900,0.100,0.100,0.050
1753324680.040,1753324680.132,-1.910,6.650,2.863,-1.715,6.395,2.940,0.100,0.100,0.050
1753324680.256,1753324680.334,-1.910,6.650,2.909,-1.715,6.396,2.981,0.100,0.100,0.050
1753324680.456,1753324680.532,-1.910,6.650,2.949,-1.717,6.394,3.023,0.100,0.100,0.050
1753324680.649,1753324680.732,-1.910,6.650,2.989,-1.722,6.392,3.065,0.100,0.100,0.050
1753324680.844,1753324680.932,-1.910,6.650,3.029,-1.722,6.389,3.104,0.100,0.100,0.050
1753324680.979,1753324681.132,-1.910,6.650,3.055,-1.722,6.389,3.117,0.100,0.100,0.050
1753324680.979,1753324681.332,-1.910,6.650,3.055,-1.726,6.389,-3.099,0.100,0.100,0.050
1753324680.979,1753324681.531,-1.910,6.650,3.055,-1.725,6.387,-3.060,0.100,0.100,0.050
1753324680.979,1753324681.744,-1.910,6.650,3.055,-1.725,6.389,-3.009,0.100,0.100,0.050
1753324680.979,1753324681.943,-1.910,6.650,3.055,-1.726,6.388,-2.971,0.100,0.100,0.050
1753324680.979,1753324682.132,-1.910,6.650,3.055,-1.725,6.389,-2.944,0.100,0.100,0.050
1753324680.979,1753324682.342,-1.910,6.650,3.055,-1.722,6.392,-2.893,0.100,0.100,0.050
1753324680.979,1753324682.541,-1.910,6.650,3.055,-1.721,6.393,-2.866,0.100,0.100,0.050
1753324680.979,1753324682.737,-1.910,6.650,3.055,-1.723,6.392,-2.841,0.100,0.100,0.050
1753324680.979,1753324682.931,-1.910,6.650,3.055,-1.724,6.392,-2.813,0.100,0.100,0.050
1753324680.979,1753324683.142,-1.910,6.650,3.055,-1.724,6.391,-2.770,0.100,0.100,0.050
1753324680.979,1753324683.332,-1.910,6.650,3.055,-1.723,6.390,-2.730,0.100,0.100,0.050
1753324683.440,1753324683.534,-1.910,6.650,-2.769,-1.723,6.390,-2.690,0.100,0.100,0.050
1753324683.648,1753324683.734,-1.910,6.650,-2.723,-1.722,6.390,-2.654,0.100,0.100,0.050
1753324683.850,1753324683.932,-1.910,6.650,-2.669,-1.720,6.389,-2.603,0.100,0.100,0.050
1753324684.032,1753324684.146,-1.910,6.650,-2.629,-1.723,6.389,-2.553,0.100,0.100,0.050
1753324684.252,1753324684.338,-1.910,6.650,-2.583,-1.723,6.388,-2.511,0.100,0.100,0.050
1753324684.452,1753324684.535,-1.910,6.650,-2.543,-1.723,6.387,-2.473,0.100,0.100,0.050
1753324684.651,1753324684.741,-1.910,6.650,-2.503,-1.725,6.385,-2.435,0.100,0.100,0.050
1753324684.852,1753324684.936,-1.910,6.650,-2.463,-1.724,6.386,-2.409,0.100,0.100,0.050
1753324685.018,1753324685.131,-1.910,6.650,-2.443,-1.724,6.385,-2.382,0.100,0.100,0.050
1753324685.207,1753324685.331,-1.910,6.650,-2.423,-1.723,6.386,-2.353,0.100,0.100,0.050
1753324685.434,1753324685.531,-1.910,6.650,-2.390,-1.727,6.389,-2.325,0.100,0.100,0.050
1753324685.634,1753324685.731,-1.910,6.650,-2.357,-1.726,6.389,-2.286,0.100,0.100,0.050
1753324685.839,1753324685.931,-1.910,6.650,-2.317,-1.725,6.389,-2.248,0.100,0.100,0.050
1753324686.036,1753324686.133,-1.910,6.650,-2.277,-1.728,6.392,-2.211,0.100,0.100,0.050
1753324686.232,1753324686.332,-1.910,6.650,-2.237,-1.728,6.390,-2.174,0.100,0.100,0.050
1753324686.452,1753324686.531,-1.910,6.650,-2.190,-1.728,6.386,-2.138,0.100,0.100,0.050
1753324686.651,1753324686.734,-1.910,6.650,-2.151,-1.730,6.386,-2.099,0.100,0.100,0.050
1753324686.834,1753324686.933,-1.910,6.650,-2.117,-1.729,6.385,-2.060,0.100,0.100,0.050
1753324687.058,1753324687.132,-1.910,6.650,-2.071,-1.733,6.387,-2.022,0.100,0.100,0.050
1753324687.260,1753324687.336,-1.910,6.650,-2.031,-1.734,6.385,-1.981,0.100,0.100,0.050
1753324687.451,1753324687.532,-1.910,6.650,-1.991,-1.733,6.385,-1.940,0.100,0.100,0.050
1753324687.654,1753324687.732,-1.910,6.650,-1.951,-1.735,6.384,-1.900,0.100,0.100,0.050
1753324687.848,1753324687.941,-1.910,6.650,-1.918,-1.734,6.382,-1.859,0.100,0.100,0.050
1753324688.060,1753324688.133,-1.910,6.650,-1.878,-1.734,6.383,-1.834,0.100,0.100,0.050
1753324688.263,1753324688.333,-1.910,6.650,-1.838,-1.732,6.383,-1.795,0.100,0.100,0.050
1753324688.445,1753324688.532,-1.910,6.650,-1.798,-1.725,6.385,-1.753,0.100,0.100,0.050
1753324688.664,1753324688.746,-1.919,6.608,-1.792,-1.736,6.329,-1.747,0.100,0.100,0.050
1753324688.824,1753324688.937,-1.927,6.573,-1.792,-1.743,6.301,-1.747,0.100,0.100,0.050
1753324689.062,1753324689.144,-1.938,6.524,-1.792,-1.752,6.248,-1.749,0.100,0.100,0.050
1753324689.239,1753324689.332,-1.947,6.483,-1.793,-1.758,6.207,-1.749,0.100,0.100,0.050
1753324689.430,1753324689.532,-1.957,6.441,-1.793,-1.763,6.169,-1.750,0.100,0.100,0.050
1753324689.654,1753324689.732,-1.968,6.392,-1.793,-1.766,6.130,-1.748,0.100,0.100,0.050
1753324689.849,1753324689.930,-1.977,6.350,-1.793,-1.772,6.088,-1.752,0.100,0.100,0.050
1753324690.047,1753324690.130,-1.987,6.308,-1.793,-1.779,6.048,-1.751,0.100,0.100,0.050
1753324690.248,1753324690.330,-1.996,6.266,-1.793,-1.783,6.005,-1.752,0.100,0.100,0.050
1753324690.448,1753324690.529,-2.006,6.225,-1.793,-1.788,5.962,-1.752,0.100,0.100,0.050
1753324690.656,1753324690.731,-2.017,6.176,-1.793,-1.797,5.922,-1.752,0.100,0.100,0.050
1753324690.848,1753324690.937,-2.026,6.134,-1.792,-1.810,5.870,-1.756,0.100,0.100,0.050
1753324691.058,1753324691.136,-2.035,6.092,-1.792,-1.814,5.847,-1.757,0.100,0.100,0.050
1753324691.058,1753324691.331,-2.035,6.092,-1.792,-1.814,5.847,-1.757,0.100,0.100,0.050
1753324691.058,1753324691.533,-2.035,6.092,-1.792,-1.825,5.751,-1.753,0.100,0.100,0.050
1753324691.058,1753324691.730,-2.035,6.092,-1.792,-1.831,5.712,-1.755,0.100,0.100,0.050
1753324691.058,1753324691.929,-2.035,6.092,-1.792,-1.838,5.670,-1.755,0.100,0.100,0.050
1753324691.058,1753324692.133,-2.035,6.092,-1.792,-1.845,5.629,-1.754,0.100,0.100,0.050
1753324691.058,1753324692.329,-2.035,6.092,-1.792,-1.858,5.585,-1.756,0.100,0.100,0.050
1753324692.461,1753324692.529,-2.103,5.793,-1.793,-1.867,5.544,-1.756,0.100,0.100,0.050
1753324692.648,1753324692.729,-2.112,5.751,-1.793,-1.875,5.505,-1.756,0.100,0.100,0.050
1753324692.852,1753324692.930,-2.123,5.702,-1.793,-1.887,5.451,-1.755,0.100,0.100,0.050
1753324693.039,1753324693.131,-2.131,5.667,-1.793,-1.892,5.426,-1.757,0.100,0.100,0.050
1753324693.228,1753324693.329,-2.141,5.625,-1.793,-1.899,5.388,-1.758,0.100,0.100,0.050
1753324693.460,1753324693.531,-2.152,5.577,-1.793,-1.905,5.348,-1.759,0.100,0.100,0.050
1753324693.647,1753324693.729,-2.158,5.549,-1.793,-1.915,5.309,-1.760,0.100,0.100,0.050
1753324693.841,1753324693.930,-2.167,5.507,-1.793,-1.925,5.267,-1.761,0.100,0.100,0.050
1753324694.059,1753324694.130,-2.178,5.458,-1.793,-1.931,5.227,-1.762,0.100,0.100,0.050
1753324694.258,1753324694.329,-2.188,5.416,-1.793,-1.939,5.185,-1.758,0.100,0.100,0.050
1753324694.443,1753324694.530,-2.197,5.375,-1.793,-1.945,5.146,-1.756,0.100,0.100,0.050
1753324694.639,1753324694.729,-2.207,5.333,-1.793,-1.957,5.106,-1.754,0.100,0.100,0.050
1753324694.840,1753324694.929,-2.216,5.291,-1.793,-1.964,5.064,-1.755,0.100,0.100,0.050
1753324695.044,1753324695.129,-2.226,5.249,-1.793,-1.970,5.026,-1.756,0.100,0.100,0.050
1753324695.235,1753324695.329,-2.235,5.207,-1.793,-1.978,4.987,-1.757,0.100,0.100,0.050
1753324695.452,1753324695.540,-2.246,5.158,-1.793,-1.987,4.934,-1.756,0.100,0.100,0.050
1753324695.643,1753324695.729,-2.256,5.117,-1.793,-1.993,4.895,-1.757,0.100,0.100,0.050
1753324695.846,1753324695.941,-2.265,5.075,-1.793,-1.999,4.858,-1.759,0.100,0.100,0.050
1753324696.045,1753324696.132,-2.274,5.033,-1.793,-2.005,4.818,-1.757,0.100,0.100,0.050
1753324696.242,1753324696.329,-2.283,4.995,-1.786,-2.009,4.798,-1.743,0.100,0.100,0.050
1753324696.461,1753324696.530,-2.282,4.999,-1.737,-2.006,4.795,-1.692,0.100,0.100,0.050
1753324696.662,1753324696.729,-2.282,4.999,-1.697,-2.009,4.790,-1.652,0.100,0.100,0.050
1753324696.859,1753324696.929,-2.285,4.978,-1.686,-2.011,4.762,-1.644,0.100,0.100,0.050
1753324697.046,1753324697.129,-2.290,4.935,-1.686,-2.012,4.721,-1.644,0.100,0.100,0.050
1753324697.248,1753324697.329,-2.295,4.893,-1.686,-2.019,4.680,-1.644,0.100,0.100,0.050
1753324697.443,1753324697.529,-2.300,4.850,-1.686,-2.022,4.640,-1.640,0.100,0.100,0.050
1753324697.658,1753324697.735,-2.305,4.801,-1.686,-2.026,4.585,-1.637,0.100,0.100,0.050
1753324698.353,1753324698.378,-2.323,4.652,-1.687,-4.964,4.596,-1.640,0.100,0.100,0.050
1753324698.436,1753324698.533,-2.325,4.630,-1.687,-4.973,4.505,-1.636,0.100,0.100,0.050
1753324698.659,1753324698.735,-2.331,4.581,-1.687,-4.977,4.471,-1.636,0.100,0.100,0.050
1753324698.851,1753324698.931,-2.337,4.524,-1.687,-4.978,4.434,-1.639,0.100,0.100,0.050
1753324699.044,1753324699.131,-2.342,4.481,-1.687,-4.982,4.409,-1.641,0.100,0.100,0.050
1753324699.233,1753324699.331,-2.347,4.439,-1.687,-4.985,4.384,-1.645,0.100,0.100,0.050
1753324699.440,1753324699.531,-2.352,4.396,-1.687,-4.985,4.358,-1.646,0.100,0.100,0.050
1753324699.663,1753324699.734,-2.358,4.346,-1.687,-4.987,4.334,-1.644,0.100,0.100,0.050
1753324699.857,1753324699.933,-2.363,4.304,-1.686,-2.546,4.498,-1.805,0.100,0.100,0.050
1753324700.048,1753324700.132,-2.368,4.261,-1.686,-2.553,4.470,-1.809,0.100,0.100,0.050
1753324700.246,1753324700.332,-2.373,4.219,-1.686,-2.560,4.441,-1.808,0.100,0.100,0.050
1753324700.440,1753324700.535,-2.378,4.176,-1.686,-2.564,4.410,-1.812,0.100,0.100,0.050
1753324700.660,1753324700.733,-2.384,4.127,-1.687,-2.573,4.383,-1.817,0.100,0.100,0.050
1753324700.837,1753324700.933,-2.388,4.091,-1.687,-2.581,4.357,-1.814,0.100,0.100,0.050
1753324701.045,1753324701.131,-2.394,4.041,-1.687,-2.587,4.323,-1.818,0.100,0.100,0.050
1753324701.240,1753324701.331,-2.399,3.999,-1.687,-2.596,4.295,-1.819,0.100,0.100,0.050
1753324701.464,1753324701.531,-2.404,3.949,-1.687,-2.600,4.268,-1.817,0.100,0.100,0.050
1753324701.662,1753324701.733,-2.409,3.906,-1.687,-2.610,4.241,-1.817,0.100,0.100,0.050
1753324701.862,1753324701.931,-2.414,3.864,-1.687,-2.615,4.213,-1.818,0.100,0.100,0.050
1753324702.049,1753324702.136,-2.419,3.821,-1.687,-2.624,4.186,-1.818,0.100,0.100,0.050
1753324702.244,1753324702.332,-2.424,3.779,-1.687,-2.630,4.158,-1.815,0.100,0.100,0.050
1753324702.444,1753324702.532,-2.429,3.736,-1.687,-2.638,4.133,-1.812,0.100,0.100,0.050
1753324702.642,1753324702.733,-2.434,3.694,-1.687,-2.647,4.108,-1.813,0.100,0.100,0.050
1753324702.862,1753324702.932,-2.438,3.658,-1.687,-2.652,4.090,-1.811,0.100,0.100,0.050
1753324703.036,1753324703.133,-2.442,3.630,-1.687,-2.654,4.063,-1.809,0.100,0.100,0.050
1753324703.222,1753324703.332,-2.446,3.594,-1.687,-2.661,4.045,-1.805,0.100,0.100,0.050
1753324703.463,1753324703.533,-2.451,3.549,-1.680,-2.666,4.022,-1.791,0.100,0.100,0.050
1753324703.663,1753324703.733,-2.451,3.553,-1.644,-2.666,4.023,-1.751,0.100,0.100,0.050
1753324703.847,1753324703.931,-2.451,3.553,-1.604,-2.665,4.020,-1.713,0.100,0.100,0.050
1753324704.036,1753324704.132,-2.451,3.552,-1.564,-2.663,4.021,-1.674,0.100,0.100,0.050
1753324704.258,1753324704.331,-2.451,3.552,-1.524,-2.663,4.020,-1.633,0.100,0.100,0.050
1753324704.462,1753324704.531,-2.451,3.552,-1.484,-2.663,4.020,-1.598,0.100,0.100,0.050
1753324704.639,1753324704.731,-2.451,3.552,-1.451,-2.664,4.021,-1.559,0.100,0.100,0.050
1753324704.838,1753324704.932,-2.451,3.552,-1.411,-2.663,4.018,-1.518,0.100,0.100,0.050
1753324705.042,1753324705.133,-2.451,3.552,-1.371,-2.665,4.022,-1.480,0.100,0.100,0.050
1753324706.256,1753324706.304,-2.393,3.310,-1.340,-5.853,4.037,-1.069,0.100,0.100,0.050
1753324706.256,1753324706.343,-2.393,3.310,-1.340,-5.805,3.946,-1.073,0.100,0.100,0.050
1753324706.447,1753324706.541,-2.383,3.268,-1.340,-5.780,3.902,-1.072,0.100,0.100,0.050
1753324706.642,1753324706.732,-2.374,3.227,-1.340,-5.770,3.883,-1.075,0.100,0.100,0.050
1753324706.848,1753324706.942,-2.364,3.185,-1.340,-5.760,3.862,-1.075,0.100,0.100,0.050
1753324707.034,1753324707.132,-2.354,3.143,-1.340,-5.751,3.840,-1.072,0.100,0.100,0.050
1753324707.260,1753324707.332,-2.343,3.095,-1.340,-5.738,3.817,-1.078,0.100,0.100,0.050
1753324707.461,1753324707.532,-2.333,3.053,-1.340,-4.163,4.042,-1.246,0.100,0.100,0.050
1753324707.657,1753324707.731,-2.323,3.011,-1.340,-4.156,4.016,-1.249,0.100,0.100,0.050
1753324707.856,1753324707.932,-2.313,2.970,-1.340,-4.145,3.992,-1.248,0.100,0.100,0.050
1753324708.043,1753324708.133,-2.303,2.928,-1.340,-4.134,3.968,-1.246,0.100,0.100,0.050
1753324708.239,1753324708.331,-2.294,2.886,-1.340,-4.131,3.945,-1.250,0.100,0.100,0.050
1753324708.463,1753324708.531,-2.282,2.837,-1.340,-4.122,3.925,-1.250,0.100,0.100,0.050
1753324708.663,1753324708.734,-2.276,2.813,-1.340,-4.121,3.919,-1.252,0.100,0.100,0.050
1753324708.819,1753324708.935,-2.277,2.817,-1.340,-4.121,3.919,-1.252,0.100,0.100,0.050
1753324709.047,1753324709.132,-2.277,2.817,-1.340,-4.121,3.919,-1.252,0.100,0.100,0.050
1753324709.255,1753324709.332,-2.277,2.817,-1.340,-4.121,3.919,-1.252,0.100,0.100,0.050
1753324709.445,1753324709.532,-2.277,2.817,-1.340,-4.121,3.919,-1.252,0.100,0.100,0.050
1753324709.629,1753324709.732,-2.277,2.817,-1.340,-4.121,3.919,-1.252,0.100,0.100,0.050
1753324709.862,1753324709.932,-2.277,2.817,-1.340,-4.121,3.919,-1.252,0.100,0.100,0.050
1753324710.059,1753324710.133,-2.277,2.817,-1.340,-4.121,3.919,-1.252,0.100,0.100,0.050
1753324710.257,1753324710.331,-2.277,2.817,-1.340,-4.121,3.919,-1.252,0.100,0.100,0.050
1753324710.438,1753324710.533,-2.277,2.817,-1.340,-4.121,3.919,-1.252,0.100,0.100,0.050
1753324710.651,1753324710.732,-2.277,2.817,-1.340,-4.121,3.919,-1.252,0.100,0.100,0.050
1753324711.738,1753324711.813,-2.277,2.817,-1.340,-2.537,2.856,-1.582,0.100,0.100,0.050
1753324711.835,1753324711.931,-2.277,2.817,-1.340,-2.537,2.856,-1.582,0.100,0.100,0.050
1753324712.058,1753324712.135,-2.277,2.817,-1.340,-2.537,2.856,-1.582,0.100,0.100,0.050
1753324712.645,1753324712.754,-2.277,2.817,-1.340,-2.591,2.921,-1.476,0.100,0.100,0.050
1753324712.835,1753324712.930,-2.277,2.817,-1.340,-2.591,2.921,-1.476,0.100,0.100,0.050
1753324713.062,1753324713.129,-2.277,2.817,-1.340,-2.591,2.921,-1.476,0.100,0.100,0.050
1753324713.251,1753324713.329,-2.277,2.817,-1.340,-2.591,2.921,-1.476,0.100,0.100,0.050
1753324713.453,1753324713.529,-2.277,2.817,-1.340,-2.591,2.921,-1.476,0.100,0.100,0.050
1753324713.648,1753324713.729,-2.277,2.817,-1.340,-2.591,2.921,-1.476,0.100,0.100,0.050
1753324713.844,1753324713.929,-2.277,2.817,-1.340,-2.591,2.921,-1.476,0.100,0.100,0.050
1753324714.039,1753324714.130,-2.277,2.817,-1.340,-2.591,2.921,-1.476,0.100,0.100,0.050
1753324714.231,1753324714.329,-2.277,2.817,-1.340,-2.591,2.921,-1.476,0.100,0.100,0.050
1753324714.459,1753324714.529,-2.277,2.817,-1.340,-2.591,2.921,-1.476,0.100,0.100,0.050
1753324714.650,1753324714.729,-2.277,2.817,-1.340,-2.591,2.921,-1.476,0.100,0.100,0.050
1753324714.849,1753324714.929,-2.277,2.817,-1.340,-2.591,2.921,-1.476,0.100,0.100,0.050
1753324715.043,1753324715.129,-2.277,2.817,-1.340,-2.591,2.921,-1.476,0.100,0.100,0.050
1753324715.239,1753324715.329,-2.277,2.817,-1.340,-2.591,2.921,-1.476,0.100,0.100,0.050
1753324715.438,1753324715.529,-2.277,2.817,-1.340,-2.591,2.921,-1.476,0.100,0.100,0.050
1753324715.634,1753324715.729,-2.277,2.817,-1.367,-2.592,2.915,-1.515,0.100,0.100,0.050
1753324715.832,1753324715.930,-2.277,2.817,-1.407,-2.594,2.912,-1.555,0.100,0.100,0.050
1753324716.029,1753324716.130,-2.277,2.817,-1.446,-2.594,2.910,-1.595,0.100,0.100,0.050
1753324716.262,1753324716.338,-2.277,2.816,-1.493,-2.593,2.910,-1.638,0.100,0.100,0.050
1753324716.426,1753324716.532,-2.277,2.816,-1.513,-2.592,2.912,-1.666,0.100,0.100,0.050
1753324716.626,1753324716.740,-2.277,2.816,-1.539,-2.592,2.911,-1.694,0.100,0.100,0.050
1753324716.819,1753324716.929,-2.277,2.816,-1.566,-2.589,2.910,-1.720,0.100,0.100,0.050
1753324717.064,1753324717.130,-2.277,2.816,-1.606,-2.591,2.912,-1.743,0.100,0.100,0.050
1753324717.254,1753324717.330,-2.277,2.816,-1.646,-2.593,2.909,-1.784,0.100,0.100,0.050
1753324717.448,1753324717.532,-2.277,2.816,-1.686,-2.597,2.910,-1.836,0.100,0.100,0.050
1753324717.647,1753324717.730,-2.277,2.816,-1.725,-2.596,2.909,-1.876,0.100,0.100,0.050
1753324718.063,1753324718.143,-2.277,2.816,-1.819,-2.349,2.701,-1.822,0.100,0.100,0.050
1753324718.162,1753324718.332,-2.277,2.816,-1.838,-2.358,2.704,-1.943,0.100,0.100,0.050
1753324718.162,1753324718.533,-2.277,2.816,-1.838,-2.358,2.703,-1.992,0.100,0.100,0.050
1753324718.162,1753324718.733,-2.277,2.816,-1.838,-2.361,2.700,-2.031,0.100,0.100,0.050
1753324718.162,1753324718.931,-2.277,2.816,-1.838,-2.361,2.699,-2.069,0.100,0.100,0.050
1753324718.162,1753324719.132,-2.277,2.816,-1.838,-2.364,2.701,-2.110,0.100,0.100,0.050
1753324718.162,1753324719.332,-2.277,2.816,-1.838,-2.360,2.701,-2.149,0.100,0.100,0.050
1753324719.457,1753324719.533,-2.277,2.816,-2.118,-2.362,2.703,-2.188,0.100,0.100,0.050
1753324719.645,1753324719.732,-2.277,2.816,-2.157,-2.364,2.706,-2.230,0.100,0.100,0.050
1753324719.837,1753324719.931,-2.277,2.816,-2.197,-2.363,2.705,-2.267,0.100,0.100,0.050
1753324720.039,1753324720.141,-2.277,2.816,-2.237,-2.360,2.703,-2.306,0.100,0.100,0.050
1753324720.039,1753324720.332,-2.277,2.816,-2.237,-2.359,2.702,-2.345,0.100,0.100,0.050
1753324720.039,1753324720.532,-2.277,2.816,-2.237,-2.361,2.701,-2.384,0.100,0.100,0.050
1753324721.462,1753324721.543,-2.387,2.714,-2.392,-2.309,2.648,-2.410,0.100,0.100,0.050
1753324721.633,1753324721.735,-2.413,2.690,-2.391,-2.453,2.526,-2.450,0.100,0.100,0.050
1753324721.861,1753324721.932,-2.450,2.656,-2.391,-2.483,2.501,-2.450,0.100,0.100,0.050
1753324722.047,1753324722.158,-2.481,2.627,-2.391,-2.514,2.478,-2.450,0.100,0.100,0.050
1753324722.247,1753324722.332,-2.512,2.598,-2.391,-2.547,2.448,-2.451,0.100,0.100,0.050
1753324722.444,1753324722.532,-2.544,2.568,-2.391,-2.580,2.424,-2.448,0.100,0.100,0.050
1753324722.664,1753324722.732,-2.580,2.534,-2.391,-2.615,2.397,-2.449,0.100,0.100,0.050
1753324722.856,1753324722.932,-2.612,2.505,-2.392,-2.646,2.372,-2.450,0.100,0.100,0.050
1753324723.039,1753324723.131,-2.627,2.490,-2.392,-2.668,2.352,-2.449,0.100,0.100,0.050
1753324723.226,1753324723.332,-2.643,2.476,-2.392,-2.679,2.343,-2.451,0.100,0.100,0.050
1753324723.423,1753324723.536,-2.664,2.456,-2.392,-2.712,2.319,-2.451,0.100,0.100,0.050
1753324723.625,1753324723.731,-2.690,2.432,-2.392,-2.734,2.301,-2.454,0.100,0.100,0.050
1753324723.864,1753324723.932,-2.727,2.398,-2.392,-2.767,2.277,-2.456,0.100,0.100,0.050
1753324724.034,1753324724.133,-2.753,2.373,-2.392,-2.801,2.252,-2.455,0.100,0.100,0.050
1753324724.263,1753324724.333,-2.789,2.339,-2.392,-2.812,2.245,-2.455,0.100,0.100,0.050
1753324724.940,1753324725.018,-2.899,2.237,-2.391,-2.684,2.426,-2.467,0.100,0.100,0.050
1753324725.039,1753324725.142,-2.915,2.223,-2.391,-2.798,2.334,-2.465,0.100,0.100,0.050
1753324725.229,1753324725.331,-2.946,2.193,-2.391,-2.828,2.306,-2.468,0.100,0.100,0.050
1753324725.454,1753324725.533,-2.983,2.159,-2.391,-2.861,2.285,-2.468,0.100,0.100,0.050
1753324725.943,1753324726.062,-3.072,2.076,-2.392,-2.864,2.287,-2.477,0.100,0.100,0.050
1753324726.041,1753324726.140,-3.085,2.064,-2.406,-2.937,2.232,-2.478,0.100,0.100,0.050
1753324726.252,1753324726.336,-3.082,2.067,-2.453,-2.942,2.231,-2.541,0.100,0.100,0.050
1753324726.430,1753324726.533,-3.082,2.067,-2.473,-2.941,2.231,-2.554,0.100,0.100,0.050
1753324726.658,1753324726.736,-3.082,2.067,-2.499,-2.940,2.233,-2.580,0.100,0.100,0.050
1753324726.840,1753324726.932,-3.082,2.067,-2.526,-2.938,2.234,-2.608,0.100,0.100,0.050
1753324727.023,1753324727.132,-3.082,2.067,-2.553,-2.936,2.236,-2.647,0.100,0.100,0.050
1753324727.250,1753324727.334,-3.082,2.067,-2.592,-2.938,2.238,-2.683,0.100,0.100,0.050
1753324727.445,1753324727.536,-3.082,2.067,-2.632,-2.940,2.239,-2.723,0.100,0.100,0.050
1753324727.658,1753324727.741,-3.082,2.067,-2.672,-2.939,2.240,-2.767,0.100,0.100,0.050
1753324727.841,1753324727.934,-3.082,2.067,-2.712,-2.937,2.240,-2.804,0.100,0.100,0.050
1753324728.037,1753324728.133,-3.082,2.067,-2.752,-2.936,2.239,-2.844,0.100,0.100,0.050
1753324728.234,1753324728.332,-3.082,2.067,-2.792,-2.935,2.238,-2.885,0.100,0.100,0.050
1753324728.453,1753324728.532,-3.082,2.067,-2.838,-2.934,2.237,-2.924,0.100,0.100,0.050
1753324728.641,1753324728.732,-3.082,2.067,-2.872,-2.934,2.238,-2.936,0.100,0.100,0.050
1753324728.841,1753324728.932,-3.115,2.057,-2.888,-2.974,2.230,-2.957,0.100,0.100,0.050
1753324729.061,1753324729.144,-3.164,2.045,-2.888,-3.032,2.223,-2.958,0.100,0.100,0.050
1753324729.250,1753324729.332,-3.205,2.034,-2.888,-3.071,2.214,-2.959,0.100,0.100,0.050
1753324730.059,1753324730.093,-3.368,1.992,-2.901,-3.078,2.204,-2.975,0.100,0.100,0.050
1753324730.059,1753324730.133,-3.368,1.992,-2.901,-3.184,2.184,-2.972,0.100,0.100,0.050
1753324730.237,1753324730.332,-3.364,1.993,-2.935,-3.218,2.180,-3.024,0.100,0.100,0.050
1753324730.437,1753324730.532,-3.364,1.993,-2.975,-3.215,2.180,-3.064,0.100,0.100,0.050
1753324730.634,1753324730.735,-3.376,1.991,-3.012,-3.239,2.179,-3.084,0.100,0.100,0.050
1753324730.863,1753324730.932,-3.419,1.985,-3.012,-3.265,2.178,-3.082,0.100,0.100,0.050
1753324731.039,1753324731.132,-3.454,1.980,-3.012,-3.308,2.177,-3.080,0.100,0.100,0.050
1753324731.250,1753324731.334,-3.504,1.974,-3.012,-3.364,2.177,-3.081,0.100,0.100,0.050
1753324731.450,1753324731.532,-3.561,1.967,-3.013,-3.418,2.173,-3.082,0.100,0.100,0.050
1753324731.632,1753324731.733,-3.603,1.961,-3.013,-3.455,2.172,-3.083,0.100,0.100,0.050
1753324731.856,1753324731.932,-3.653,1.955,-3.013,-3.497,2.171,-3.080,0.100,0.100,0.050
1753324732.050,1753324732.134,-3.696,1.949,-3.013,-3.538,2.170,-3.082,0.100,0.100,0.050
1753324732.249,1753324732.334,-3.738,1.944,-3.013,-3.581,2.166,-3.081,0.100,0.100,0.050
1753324732.434,1753324732.533,-3.773,1.939,-3.013,-3.622,2.165,-3.084,0.100,0.100,0.050
1753324732.642,1753324732.731,-3.823,1.933,-3.013,-3.663,2.162,-3.083,0.100,0.100,0.050
1753324732.845,1753324732.935,-3.866,1.927,-3.013,-3.707,2.160,-3.083,0.100,0.100,0.050
1753324734.144,1753324734.208,-4.142,1.891,-3.013,-3.684,2.142,-3.072,0.100,0.100,0.050
1753324734.259,1753324734.339,-4.170,1.888,-3.013,-3.978,2.122,-3.071,0.100,0.100,0.050
1753324734.444,1753324734.531,-4.206,1.883,-3.013,-4.016,2.118,-3.073,0.100,0.100,0.050
1753324734.630,1753324734.732,-4.248,1.878,-3.013,-4.060,2.114,-3.072,0.100,0.100,0.050
1753324735.121,1753324735.176,-4.354,1.864,-3.013,-4.091,2.091,-3.073,0.100,0.100,0.050
1753324735.236,1753324735.332,-4.376,1.861,-3.013,-4.144,2.086,-3.071,0.100,0.100,0.050
1753324735.451,1753324735.535,-4.425,1.855,-3.013,-4.228,2.082,-3.074,0.100,0.100,0.050
1753324735.651,1753324735.732,-4.468,1.849,-3.013,-4.269,2.079,-3.074,0.100,0.100,0.050
1753324735.848,1753324735.933,-4.510,1.844,-3.013,-4.312,2.076,-3.075,0.100,0.100,0.050
1753324736.047,1753324736.134,-4.553,1.838,-3.013,-4.353,2.074,-3.074,0.100,0.100,0.050
1753324736.231,1753324736.332,-4.595,1.833,-3.013,-4.394,2.073,-3.076,0.100,0.100,0.050
1753324736.461,1753324736.533,-4.645,1.826,-3.013,-4.434,2.073,-3.077,0.100,0.100,0.050
1753324736.658,1753324736.739,-4.687,1.821,-3.013,-4.490,2.070,-3.077,0.100,0.100,0.050
1753324736.855,1753324736.940,-4.730,1.815,-3.013,-4.532,2.069,-3.076,0.100,0.100,0.050
1753324737.047,1753324737.136,-4.772,1.810,-3.013,-4.571,2.064,-3.079,0.100,0.100,0.050
1753324737.240,1753324737.356,-4.815,1.804,-3.013,-4.615,2.059,-3.076,0.100,0.100,0.050
1753324737.462,1753324737.536,-4.850,1.800,-3.013,-4.643,2.059,-3.077,0.100,0.100,0.050
1753324737.640,1753324737.733,-4.893,1.794,-3.014,-4.684,2.054,-3.077,0.100,0.100,0.050
1753324737.840,1753324737.932,-4.935,1.789,-3.014,-4.726,2.048,-3.077,0.100,0.100,0.050
1753324738.035,1753324738.132,-4.978,1.783,-3.013,-4.771,2.046,-3.078,0.100,0.100,0.050
1753324738.259,1753324738.333,-5.027,1.777,-3.013,-4.811,2.043,-3.079,0.100,0.100,0.050
1753324738.449,1753324738.538,-5.070,1.771,-3.013,-4.863,2.039,-3.080,0.100,0.100,0.050
1753324738.658,1753324738.736,-5.112,1.766,-3.013,-4.904,2.039,-3.078,0.100,0.100,0.050
1753324738.851,1753324738.937,-5.155,1.760,-3.013,-4.943,2.040,-3.080,0.100,0.100,0.050
1753324739.651,1753324739.748,-5.325,1.738,-3.013,-4.917,2.099,-3.095,0.100,0.100,0.050
1753324739.854,1753324739.943,-5.374,1.732,-3.013,-5.104,2.084,-3.097,0.100,0.100,0.050
1753324740.057,1753324740.137,-5.417,1.727,-3.014,-5.145,2.084,-3.099,0.100,0.100,0.050
1753324740.252,1753324740.338,-5.460,1.721,-3.014,-5.184,2.081,-3.100,0.100,0.100,0.050
1753324740.441,1753324740.538,-5.502,1.716,-3.014,-5.227,2.082,-3.099,0.100,0.100,0.050
1753324740.638,1753324740.731,-5.545,1.710,-3.014,-5.269,2.080,-3.100,0.100,0.100,0.050
1753324740.840,1753324740.933,-5.587,1.705,-3.014,-5.311,2.074,-3.100,0.100,0.100,0.050
1753324741.036,1753324741.133,-5.630,1.699,-3.014,-5.352,2.075,-3.100,0.100,0.100,0.050
1753324741.257,1753324741.332,-5.679,1.693,-3.013,-5.396,2.076,-3.099,0.100,0.100,0.050
1753324741.451,1753324741.531,-5.722,1.687,-3.013,-5.437,2.073,-3.100,0.100,0.100,0.050
1753324741.759,1753324741.823,-5.785,1.679,-3.013,-5.479,2.071,-3.098,0.100,0.100,0.050
1753324741.837,1753324741.935,-5.800,1.677,-3.013,-5.521,2.071,-3.099,0.100,0.100,0.050
1753324742.057,1753324742.134,-5.849,1.671,-3.013,-5.563,2.069,-3.100,0.100,0.100,0.050
1753324742.263,1753324742.332,-5.899,1.664,-3.013,-5.605,2.067,-3.099,0.100,0.100,0.050
1753324742.462,1753324742.536,-5.941,1.659,-3.014,-5.661,2.061,-3.099,0.100,0.100,0.050
1753324742.621,1753324742.734,-5.977,1.654,-3.014,-5.689,2.059,-3.101,0.100,0.100,0.050
1753324742.862,1753324742.932,-6.026,1.648,-3.014,-5.727,2.056,-3.100,0.100,0.100,0.050
1753324743.031,1753324743.146,-6.062,1.643,-3.014,-5.783,2.053,-3.106,0.100,0.100,0.050
1753324743.945,1753324744.002,-6.196,1.626,-2.957,-5.735,2.073,3.104,0.100,0.100,0.050
1753324744.050,1753324744.140,-6.196,1.626,-2.937,-5.826,2.077,-3.092,0.100,0.100,0.050
1753324744.235,1753324744.332,-6.196,1.626,-2.897,-5.822,2.077,-3.053,0.100,0.100,0.050
1753324744.461,1753324744.532,-6.196,1.626,-2.851,-5.822,2.076,-3.014,0.100,0.100,0.050
1753324744.661,1753324744.738,-6.196,1.626,-2.811,-5.826,2.075,-2.962,0.100,0.100,0.050
1753324744.859,1753324744.936,-6.196,1.626,-2.771,-5.831,2.074,-2.919,0.100,0.100,0.050
1753324745.053,1753324745.141,-6.196,1.626,-2.731,-5.829,2.072,-2.880,0.100,0.100,0.050
1753324745.242,1753324745.332,-6.196,1.626,-2.691,-5.830,2.072,-2.841,0.100,0.100,0.050
1753324745.441,1753324745.532,-6.214,1.616,-2.671,-5.856,2.062,-2.837,0.100,0.100,0.050
1753324745.640,1753324745.732,-6.252,1.597,-2.671,-5.894,2.050,-2.834,0.100,0.100,0.050
1753324745.833,1753324745.932,-6.290,1.578,-2.671,-5.932,2.037,-2.836,0.100,0.100,0.050
1753324746.057,1753324746.137,-6.335,1.555,-2.671,-5.973,2.027,-2.830,0.100,0.100,0.050
1753324746.257,1753324746.343,-6.373,1.535,-2.671,-6.026,2.010,-2.828,0.100,0.100,0.050
1753324746.457,1753324746.536,-6.411,1.516,-2.671,-6.065,1.994,-2.833,0.100,0.100,0.050
1753324746.649,1753324746.739,-6.450,1.497,-2.671,-6.103,1.981,-2.833,0.100,0.100,0.050
1753324746.838,1753324746.933,-6.488,1.477,-2.671,-6.141,1.968,-2.834,0.100,0.100,0.050
1753324747.036,1753324747.132,-6.526,1.458,-2.671,-6.181,1.954,-2.837,0.100,0.100,0.050
1753324747.234,1753324747.332,-6.564,1.438,-2.671,-6.220,1.940,-2.835,0.100,0.100,0.050
1753324747.441,1753324747.532,-6.602,1.419,-2.671,-6.258,1.929,-2.835,0.100,0.100,0.050
1753324747.657,1753324747.732,-6.647,1.396,-2.671,-6.301,1.918,-2.835,0.100,0.100,0.050
1753324747.846,1753324747.932,-6.685,1.377,-2.671,-6.341,1.908,-2.834,0.100,0.100,0.050
1753324748.150,1753324748.168,-6.742,1.347,-2.672,-6.379,1.893,-2.832,0.100,0.100,0.050
1753324748.249,1753324748.333,-6.762,1.338,-2.672,-6.420,1.882,-2.831,0.100,0.100,0.050
1753324748.441,1753324748.532,-6.800,1.318,-2.672,-6.466,1.869,-2.833,0.100,0.100,0.050
1753324748.633,1753324748.732,-6.838,1.299,-2.671,-6.506,1.858,-2.833,0.100,0.100,0.050
1753324748.860,1753324748.933,-6.883,1.276,-2.671,-6.545,1.846,-2.832,0.100,0.100,0.050
1753324749.062,1753324749.140,-6.921,1.257,-2.671,-6.597,1.830,-2.833,0.100,0.100,0.050
1753324749.219,1753324749.333,-6.953,1.241,-2.671,-6.617,1.826,-2.848,0.100,0.100,0.050
1753324749.447,1753324749.532,-6.952,1.241,-2.719,-6.615,1.827,-2.888,0.100,0.100,0.050
1753324749.644,1753324749.732,-6.953,1.241,-2.758,-6.614,1.827,-2.926,0.100,0.100,0.050
1753324749.843,1753324749.932,-6.953,1.241,-2.798,-6.616,1.825,-2.964,0.100,0.100,0.050
1753324750.041,1753324750.137,-6.953,1.241,-2.838,-6.616,1.825,-3.006,0.100,0.100,0.050
1753324750.253,1753324750.333,-6.953,1.241,-2.878,-6.614,1.822,-3.047,0.100,0.100,0.050
1753324750.450,1753324750.544,-6.953,1.241,-2.925,-6.615,1.822,-3.102,0.100,0.100,0.050
1753324751.450,1753324751.511,-6.953,1.241,-3.124,-6.582,1.878,3.111,0.100,0.100,0.050
1753324751.450,1753324751.531,-6.953,1.241,-3.124,-6.582,1.880,2.978,0.100,0.100,0.050
1753324751.956,1753324752.048,-6.953,1.241,3.047,-6.582,1.875,2.897,0.100,0.100,0.050
1753324752.050,1753324752.134,-6.953,1.241,3.020,-6.585,1.875,2.808,0.100,0.100,0.050
1753324752.262,1753324752.333,-6.953,1.241,2.993,-6.586,1.874,2.772,0.100,0.100,0.050
1753324752.440,1753324752.532,-6.953,1.241,2.967,-6.588,1.873,2.734,0.100,0.100,0.050
1753324752.655,1753324752.732,-6.953,1.241,2.920,-6.591,1.875,2.695,0.100,0.100,0.050
1753324752.855,1753324752.932,-6.953,1.241,2.880,-6.588,1.873,2.655,0.100,0.100,0.050
1753324753.054,1753324753.132,-6.953,1.241,2.841,-6.592,1.873,2.615,0.100,0.100,0.050
1753324753.238,1753324753.332,-6.953,1.241,2.807,-6.591,1.877,2.576,0.100,0.100,0.050
1753324753.455,1753324753.547,-6.953,1.241,2.768,-6.590,1.873,2.539,0.100,0.100,0.050
1753324753.655,1753324753.732,-6.953,1.241,2.728,-6.593,1.874,2.513,0.100,0.100,0.050
1753324753.832,1753324753.933,-6.953,1.241,2.694,-6.592,1.874,2.470,0.100,0.100,0.050
1753324754.052,1753324754.136,-6.953,1.241,2.648,-6.588,1.876,2.417,0.100,0.100,0.050
1753324754.234,1753324754.349,-6.953,1.241,2.608,-6.599,1.887,2.392,0.100,0.100,0.050
1753324754.450,1753324754.535,-6.989,1.262,2.606,-6.630,1.917,2.391,0.100,0.100,0.050
1753324754.663,1753324754.732,-7.032,1.288,2.606,-6.657,1.946,2.390,0.100,0.100,0.050
1753324754.851,1753324754.932,-7.075,1.314,2.605,-6.694,1.984,2.393,0.100,0.100,0.050
1753324755.048,1753324755.132,-7.112,1.335,2.605,-6.723,2.012,2.392,0.100,0.100,0.050
1753324755.235,1753324755.333,-7.149,1.357,2.605,-6.758,2.043,2.388,0.100,0.100,0.050
1753324755.462,1753324755.532,-7.192,1.383,2.605,-6.786,2.068,2.389,0.100,0.100,0.050
1753324755.664,1753324755.732,-7.229,1.405,2.606,-6.817,2.099,2.389,0.100,0.100,0.050
1753324755.860,1753324755.933,-7.266,1.427,2.606,-6.845,2.127,2.389,0.100,0.100,0.050
1753324756.054,1753324756.132,-7.303,1.448,2.606,-6.877,2.155,2.390,0.100,0.100,0.050
1753324756.251,1753324756.340,-7.339,1.470,2.606,-6.907,2.184,2.387,0.100,0.100,0.050
1753324756.447,1753324756.535,-7.370,1.489,2.606,-6.926,2.205,2.387,0.100,0.100,0.050
1753324756.640,1753324756.731,-7.407,1.510,2.606,-6.962,2.243,2.384,0.100,0.100,0.050
1753324756.863,1753324756.932,-7.450,1.536,2.606,-6.991,2.268,2.381,0.100,0.100,0.050
1753324757.056,1753324757.133,-7.487,1.558,2.606,-7.023,2.300,2.382,0.100,0.100,0.050
1753324757.255,1753324757.332,-7.524,1.580,2.605,-7.051,2.325,2.379,0.100,0.100,0.050
1753324757.444,1753324757.532,-7.560,1.601,2.605,-7.085,2.355,2.381,0.100,0.100,0.050
1753324757.662,1753324757.732,-7.597,1.623,2.605,-7.114,2.381,2.382,0.100,0.100,0.050
1753324757.849,1753324757.935,-7.628,1.642,2.605,-7.143,2.411,2.382,0.100,0.100,0.050
1753324758.046,1753324758.133,-7.665,1.664,2.605,-7.172,2.439,2.384,0.100,0.100,0.050
1753324758.233,1753324758.332,-7.702,1.686,2.605,-7.201,2.470,2.386,0.100,0.100,0.050
1753324758.447,1753324758.533,-7.745,1.711,2.605,-7.231,2.497,2.387,0.100,0.100,0.050
1753324758.649,1753324758.732,-7.782,1.733,2.605,-7.262,2.529,2.384,0.100,0.100,0.050
1753324758.842,1753324758.932,-7.818,1.755,2.606,-7.296,2.558,2.386,0.100,0.100,0.050
1753324759.036,1753324759.133,-7.855,1.777,2.606,-7.325,2.587,2.385,0.100,0.100,0.050
1753324759.238,1753324759.332,-7.898,1.802,2.606,-7.365,2.627,2.384,0.100,0.100,0.050
1753324759.463,1753324759.533,-7.941,1.828,2.606,-7.396,2.656,2.385,0.100,0.100,0.050
1753324759.658,1753324759.731,-7.978,1.850,2.606,-7.426,2.684,2.384,0.100,0.100,0.050
1753324759.855,1753324759.934,-8.015,1.872,2.605,-7.457,2.712,2.384,0.100,0.100,0.050
1753324760.051,1753324760.133,-8.052,1.894,2.605,-7.484,2.739,2.384,0.100,0.100,0.050
1753324760.344,1753324760.367,-8.107,1.927,2.605,-7.513,2.768,2.383,0.100,0.100,0.050
1753324760.425,1753324760.533,-8.119,1.934,2.605,-7.543,2.797,2.383,0.100,0.100,0.050
1753324760.636,1753324760.732,-8.156,1.956,2.605,-7.572,2.826,2.384,0.100,0.100,0.050
1753324761.663,1753324761.724,-8.186,1.974,2.781,-7.582,2.835,2.384,0.100,0.100,0.050
1753324761.663,1753324761.739,-8.186,1.974,2.781,-7.587,2.840,2.509,0.100,0.100,0.050
1753324761.844,1753324761.925,-8.186,1.974,2.814,-7.587,2.840,2.601,0.100,0.100,0.050
1753324762.035,1753324762.137,-8.186,1.974,2.854,-7.587,2.840,2.654,0.100,0.100,0.050
1753324762.241,1753324762.349,-8.186,1.974,2.901,-7.587,2.840,2.693,0.100,0.100,0.050
1753324762.434,1753324762.525,-8.186,1.974,2.934,-7.587,2.840,2.720,0.100,0.100,0.050
1753324762.631,1753324762.725,-8.186,1.974,2.974,-7.587,2.840,2.759,0.100,0.100,0.050
1753324762.863,1753324762.935,-8.186,1.974,3.020,-7.587,2.840,2.812,0.100,0.100,0.050
1753324763.037,1753324763.125,-8.186,1.974,3.060,-7.587,2.840,2.851,0.100,0.100,0.050
1753324763.234,1753324763.327,-8.186,1.974,3.100,-7.587,2.840,2.891,0.100,0.100,0.050
1753324763.434,1753324763.526,-8.186,1.974,3.140,-7.587,2.840,2.930,0.100,0.100,0.050
1753324763.651,1753324763.725,-8.186,1.974,-3.097,-7.587,2.840,2.970,0.100,0.100,0.050
1753324763.846,1753324763.925,-8.186,1.974,-3.057,-7.587,2.840,3.010,0.100,0.100,0.050
1753324764.050,1753324764.126,-8.200,1.972,-3.036,-7.615,2.843,3.029,0.100,0.100,0.050
1753324764.234,1753324764.326,-8.235,1.968,-3.036,-7.628,2.845,3.029,0.100,0.100,0.050
1753324764.452,1753324764.537,-8.285,1.963,-3.036,-7.697,2.852,3.029,0.100,0.100,0.050
1753324764.647,1753324764.730,-8.328,1.958,-3.036,-7.738,2.857,3.029,0.100,0.100,0.050
1753324764.845,1753324764.925,-8.370,1.954,-3.036,-7.779,2.862,3.029,0.100,0.100,0.050
1753324765.044,1753324765.125,-8.413,1.949,-3.036,-7.820,2.866,3.029,0.100,0.100,0.050
1753324765.257,1753324765.325,-8.463,1.944,-3.035,-7.861,2.871,3.029,0.100,0.100,0.050
1753324765.439,1753324765.534,-8.498,1.940,-3.035,-7.902,2.876,3.029,0.100,0.100,0.050
1753324765.655,1753324765.725,-8.541,1.936,-3.035,-7.943,2.880,3.029,0.100,0.100,0.050
1753324765.852,1753324765.926,-8.583,1.931,-3.035,-7.984,2.885,3.029,0.100,0.100,0.050
1753324766.048,1753324766.132,-8.626,1.927,-3.035,-8.025,2.889,3.029,0.100,0.100,0.050
1753324766.238,1753324766.325,-8.668,1.922,-3.035,-8.066,2.894,3.029,0.100,0.100,0.050
1753324766.454,1753324766.525,-8.732,1.915,-3.036,-8.121,2.900,3.029,0.100,0.100,0.050
1753324766.650,1753324766.725,-8.789,1.909,-3.036,-8.176,2.906,3.029,0.100,0.100,0.050
1753324766.840,1753324766.925,-8.832,1.905,-3.036,-8.217,2.911,3.029,0.100,0.100,0.050
1753324767.553,1753324767.609,-8.853,1.902,3.119,-8.242,2.582,-3.137,0.100,0.100,0.050
1753324767.652,1753324767.742,-8.853,1.902,3.099,-8.236,2.578,3.022,0.100,0.100,0.050
1753324767.840,1753324767.933,-8.853,1.902,3.058,-8.234,2.578,2.983,0.100,0.100,0.050
1753324768.034,1753324768.133,-8.853,1.902,3.017,-8.236,2.577,2.945,0.100,0.100,0.050
1753324768.259,1753324768.333,-8.853,1.902,2.970,-8.234,2.575,2.907,0.100,0.100,0.050
1753324768.460,1753324768.546,-8.853,1.902,2.930,-8.228,2.572,2.851,0.100,0.100,0.050
1753324768.633,1753324768.740,-8.853,1.902,2.897,-8.231,2.571,2.825,0.100,0.100,0.050
1753324768.842,1753324768.934,-8.853,1.902,2.864,-8.232,2.571,2.797,0.100,0.100,0.050
1753324769.054,1753324769.132,-8.853,1.902,2.837,-8.231,2.572,2.770,0.100,0.100,0.050
1753324769.258,1753324769.332,-8.852,1.902,2.803,-8.228,2.572,2.729,0.100,0.100,0.050
1753324769.436,1753324769.532,-8.852,1.902,2.769,-8.227,2.568,2.690,0.100,0.100,0.050
1753324769.639,1753324769.739,-8.852,1.902,2.728,-8.227,2.569,2.647,0.100,0.100,0.050
1753324769.851,1753324769.936,-8.852,1.902,2.688,-8.233,2.573,2.607,0.100,0.100,0.050
1753324770.044,1753324770.133,-8.852,1.902,2.647,-8.232,2.572,2.569,0.100,0.100,0.050
1753324770.237,1753324770.332,-8.852,1.902,2.607,-8.231,2.571,2.529,0.100,0.100,0.050
1753324770.458,1753324770.535,-8.852,1.902,2.560,-8.229,2.570,2.488,0.100,0.100,0.050
1753324770.646,1753324770.733,-8.852,1.902,2.520,-8.231,2.569,2.449,0.100,0.100,0.050
1753324770.860,1753324770.936,-8.852,1.902,2.474,-8.233,2.571,2.409,0.100,0.100,0.050
1753324771.034,1753324771.132,-8.852,1.902,2.440,-8.233,2.571,2.370,0.100,0.100,0.050
1753324771.259,1753324771.341,-8.852,1.902,2.394,-8.234,2.569,2.317,0.100,0.100,0.050
1753324771.435,1753324771.542,-8.852,1.902,2.354,-8.232,2.570,2.277,0.100,0.100,0.050
1753324771.660,1753324771.733,-8.852,1.902,2.314,-8.232,2.570,2.277,0.100,0.100,0.050
1753324771.835,1753324771.933,-8.852,1.902,2.274,-8.231,2.571,2.197,0.100,0.100,0.050
1753324772.055,1753324772.133,-8.852,1.902,2.228,-8.226,2.567,2.160,0.100,0.100,0.050
1753324772.252,1753324772.333,-8.864,1.919,2.212,-8.243,2.589,2.153,0.100,0.100,0.050
1753324772.450,1753324772.532,-8.890,1.953,2.213,-8.264,2.622,2.154,0.100,0.100,0.050
1753324772.639,1753324772.732,-8.916,1.988,2.213,-8.286,2.654,2.155,0.100,0.100,0.050
1753324772.845,1753324772.935,-8.946,2.028,2.213,-8.308,2.690,2.158,0.100,0.100,0.050
1753324773.040,1753324773.132,-8.976,2.068,2.213,-8.338,2.735,2.158,0.100,0.100,0.050
1753324773.250,1753324773.332,-9.001,2.102,2.213,-8.360,2.769,2.161,0.100,0.100,0.050
1753324773.460,1753324773.537,-9.027,2.136,2.212,-8.382,2.809,2.161,0.100,0.100,0.050
1753324774.633,1753324774.696,-9.189,2.354,2.212,-8.358,2.687,2.194,0.100,0.100,0.050
1753324774.633,1753324774.736,-9.189,2.354,2.212,-8.470,2.845,2.193,0.100,0.100,0.050
1753324774.855,1753324774.929,-9.219,2.394,2.212,-8.519,2.911,2.196,0.100,0.100,0.050
1753324775.047,1753324775.132,-9.245,2.428,2.212,-8.553,2.960,2.191,0.100,0.100,0.050
1753324775.236,1753324775.330,-9.270,2.463,2.212,-8.576,2.988,2.192,0.100,0.100,0.050
1753324775.438,1753324775.553,-9.296,2.497,2.212,-8.600,3.020,2.192,0.100,0.100,0.050
1753324775.656,1753324775.737,-9.322,2.531,2.212,-8.625,3.049,2.191,0.100,0.100,0.050
1753324775.837,1753324775.929,-9.347,2.566,2.212,-8.647,3.080,2.192,0.100,0.100,0.050
1753324776.027,1753324776.130,-9.369,2.594,2.212,-8.664,3.103,2.189,0.100,0.100,0.050
1753324776.253,1753324776.337,-9.399,2.634,2.212,-8.696,3.150,2.189,0.100,0.100,0.050
1753324776.455,1753324776.540,-9.424,2.669,2.212,-8.720,3.183,2.189,0.100,0.100,0.050
1753324776.643,1753324776.733,-9.450,2.703,2.212,-8.745,3.218,2.190,0.100,0.100,0.050
1753324776.841,1753324776.930,-9.476,2.738,2.212,-8.764,3.249,2.192,0.100,0.100,0.050
1753324777.040,1753324777.130,-9.501,2.772,2.212,-8.789,3.282,2.189,0.100,0.100,0.050
1753324777.260,1753324777.332,-9.531,2.812,2.212,-8.816,3.319,2.189,0.100,0.100,0.050
1753324777.458,1753324777.530,-9.557,2.846,2.212,-8.829,3.357,2.193,0.100,0.100,0.050
1753324777.634,1753324777.730,-9.578,2.875,2.212,-8.846,3.379,2.193,0.100,0.100,0.050
1753324777.844,1753324777.946,-9.600,2.904,2.212,-8.886,3.425,2.183,0.100,0.100,0.050
1753324778.047,1753324778.146,-9.629,2.944,2.212,-8.908,3.458,2.184,0.100,0.100,0.050
1753324778.238,1753324778.330,-9.655,2.978,2.212,-8.930,3.494,2.192,0.100,0.100,0.050
1753324778.445,1753324778.530,-9.681,3.012,2.212,-8.950,3.529,2.192,0.100,0.100,0.050
1753324778.646,1753324778.734,-9.706,3.047,2.212,-8.975,3.558,2.190,0.100,0.100,0.050
1753324778.837,1753324778.930,-9.732,3.081,2.212,-8.999,3.591,2.193,0.100,0.100,0.050
1753324779.061,1753324779.130,-9.762,3.121,2.212,-9.025,3.625,2.189,0.100,0.100,0.050
1753324779.257,1753324779.331,-9.788,3.155,2.212,-9.050,3.659,2.188,0.100,0.100,0.050
1753324779.446,1753324779.531,-9.813,3.190,2.212,-9.075,3.696,2.185,0.100,0.100,0.050
1753324779.646,1753324779.734,-9.839,3.224,2.211,-9.101,3.730,2.187,0.100,0.100,0.050
1753324780.537,1753324780.582,-9.954,3.379,2.212,-9.175,3.743,2.253,0.100,0.100,0.050
1753324780.661,1753324780.732,-9.971,3.402,2.212,-9.284,3.883,2.252,0.100,0.100,0.050
1753324780.855,1753324780.940,-9.997,3.436,2.212,-9.319,3.924,2.254,0.100,0.100,0.050
1753324781.055,1753324781.136,-10.022,3.470,2.212,-9.344,3.957,2.255,0.100,0.100,0.050
1753324781.257,1753324781.334,-10.048,3.505,2.212,-9.366,3.988,2.256,0.100,0.100,0.050
1753324781.451,1753324781.531,-10.074,3.539,2.212,-9.392,4.020,2.258,0.100,0.100,0.050
1753324781.648,1753324781.732,-10.099,3.573,2.212,-9.418,4.051,2.257,0.100,0.100,0.050
1753324781.832,1753324781.933,-10.125,3.608,2.212,-9.447,4.082,2.256,0.100,0.100,0.050
1753324782.059,1753324782.132,-10.155,3.648,2.211,-9.474,4.112,2.256,0.100,0.100,0.050
1753324782.251,1753324782.332,-10.181,3.682,2.211,-9.499,4.144,2.253,0.100,0.100,0.050
1753324782.453,1753324782.532,-10.206,3.717,2.211,-9.525,4.176,2.252,0.100,0.100,0.050
1753324782.647,1753324782.733,-10.232,3.751,2.211,-9.556,4.211,2.250,0.100,0.100,0.050
1753324782.840,1753324782.932,-10.257,3.785,2.211,-9.584,4.243,2.248,0.100,0.100,0.050
1753324783.038,1753324783.132,-10.283,3.820,2.211,-9.606,4.275,2.248,0.100,0.100,0.050
1753324783.259,1753324783.345,-10.313,3.860,2.211,-9.639,4.315,2.250,0.100,0.100,0.050
1753324783.456,1753324783.541,-10.339,3.894,2.211,-9.667,4.347,2.251,0.100,0.100,0.050
1753324783.761,1753324783.773,-10.377,3.946,2.212,-9.693,4.381,2.248,0.100,0.100,0.050
1753324783.843,1753324783.929,-10.385,3.957,2.212,-9.708,4.400,2.247,0.100,0.100,0.050
1753324784.049,1753324784.133,-10.403,3.980,2.212,-9.727,4.422,2.250,0.100,0.100,0.050
1753324784.248,1753324784.333,-10.424,4.009,2.212,-9.746,4.442,2.251,0.100,0.100,0.050
1753324784.459,1753324784.540,-10.450,4.043,2.212,-9.778,4.484,2.253,0.100,0.100,0.050
1753324784.660,1753324784.736,-10.475,4.077,2.212,-9.804,4.514,2.251,0.100,0.100,0.050
1753324784.846,1753324784.940,-10.501,4.112,2.211,-9.833,4.542,2.252,0.100,0.100,0.050
1753324785.039,1753324785.132,-10.526,4.146,2.211,-9.858,4.576,2.253,0.100,0.100,0.050
1753324785.754,1753324785.862,-10.616,4.266,2.211,-9.709,4.565,2.230,0.100,0.100,0.050
1753324786.051,1753324786.085,-10.655,4.318,2.211,-9.786,4.618,2.234,0.100,0.100,0.050
1753324786.051,1753324786.146,-10.655,4.318,2.211,-9.808,4.650,2.233,0.100,0.100,0.050
1753324786.246,1753324786.332,-10.680,4.352,2.211,-9.846,4.709,2.231,0.100,0.100,0.050
1753324786.436,1753324786.532,-10.706,4.387,2.211,-9.868,4.740,2.229,0.100,0.100,0.050
1753324786.661,1753324786.741,-10.736,4.427,2.211,-9.893,4.773,2.227,0.100,0.100,0.050
1753324787.063,1753324787.084,-10.787,4.495,2.212,-9.946,4.791,2.247,0.100,0.100,0.050
1753324787.063,1753324787.140,-10.787,4.495,2.212,-9.973,4.822,2.244,0.100,0.100,0.050
1753324787.260,1753324787.342,-10.812,4.530,2.211,-10.023,4.888,2.240,0.100,0.100,0.050
1753324787.458,1753324787.532,-10.838,4.564,2.211,-10.040,4.911,2.240,0.100,0.100,0.050
1753324787.653,1753324787.743,-10.864,4.599,2.211,-10.072,4.957,2.241,0.100,0.100,0.050
1753324787.840,1753324787.932,-10.889,4.633,2.211,-10.098,4.990,2.240,0.100,0.100,0.050
1753324788.042,1753324788.133,-10.915,4.667,2.211,-10.126,5.023,2.237,0.100,0.100,0.050
1753324788.247,1753324788.332,-10.940,4.702,2.211,-10.152,5.058,2.235,0.100,0.100,0.050
1753324788.435,1753324788.533,-10.966,4.736,2.211,-10.178,5.091,2.235,0.100,0.100,0.050
1753324788.662,1753324788.732,-10.996,4.776,2.211,-10.200,5.127,2.236,0.100,0.100,0.050
1753324788.862,1753324788.932,-11.022,4.811,2.211,-10.226,5.158,2.238,0.100,0.100,0.050
1753324789.050,1753324789.137,-11.043,4.839,2.211,-10.251,5.191,2.240,0.100,0.100,0.050
1753324789.244,1753324789.335,-11.069,4.874,2.211,-10.276,5.223,2.239,0.100,0.100,0.050
1753324789.436,1753324789.532,-11.094,4.908,2.211,-10.302,5.260,2.238,0.100,0.100,0.050
1753324790.062,1753324790.142,-11.175,5.017,2.211,-10.311,5.271,2.238,0.100,0.100,0.050
1753324790.236,1753324790.325,-11.196,5.045,2.211,-10.404,5.390,2.238,0.100,0.100,0.050
1753324790.434,1753324790.525,-11.222,5.080,2.211,-10.430,5.422,2.238,0.100,0.100,0.050
1753324790.655,1753324790.725,-11.252,5.120,2.211,-10.455,5.455,2.238,0.100,0.100,0.050
1753324790.847,1753324790.925,-11.278,5.154,2.211,-10.481,5.487,2.238,0.100,0.100,0.050
1753324791.063,1753324791.127,-11.297,5.180,2.231,-10.494,5.504,2.264,0.100,0.100,0.050
1753324791.258,1753324791.334,-11.294,5.176,2.262,-10.494,5.504,2.304,0.100,0.100,0.050
1753324791.449,1753324791.525,-11.294,5.177,2.302,-10.494,5.504,2.343,0.100,0.100,0.050
1753324791.647,1753324791.725,-11.294,5.177,2.342,-10.494,5.504,2.383,0.100,0.100,0.050
1753324792.134,1753324792.182,-11.294,5.177,2.442,-10.488,5.464,2.450,0.100,0.100,0.050
1753324792.259,1753324792.334,-11.294,5.177,2.468,-10.493,5.465,2.541,0.100,0.100,0.050
1753324792.442,1753324792.536,-11.294,5.177,2.508,-10.491,5.463,2.567,0.100,0.100,0.050
1753324792.637,1753324792.732,-11.294,5.177,2.541,-10.491,5.463,2.567,0.100,0.100,0.050
1753324792.838,1753324792.932,-11.330,5.201,2.541,-10.539,5.493,2.605,0.100,0.100,0.050
1753324793.034,1753324793.132,-11.365,5.225,2.541,-10.576,5.512,2.602,0.100,0.100,0.050
1753324793.259,1753324793.329,-11.407,5.253,2.541,-10.610,5.535,2.606,0.100,0.100,0.050
1753324793.460,1753324793.528,-11.442,5.277,2.541,-10.644,5.555,2.606,0.100,0.100,0.050
1753324793.660,1753324793.732,-11.477,5.302,2.541,-10.680,5.578,2.606,0.100,0.100,0.050
1753324793.854,1753324793.929,-11.513,5.326,2.541,-10.712,5.601,2.604,0.100,0.100,0.050
1753324794.045,1753324794.129,-11.548,5.350,2.542,-10.749,5.626,2.600,0.100,0.100,0.050
1753324794.246,1753324794.328,-11.583,5.374,2.542,-10.785,5.649,2.602,0.100,0.100,0.050
1753324794.441,1753324794.529,-11.619,5.398,2.542,-10.819,5.669,2.602,0.100,0.100,0.050
1753324794.648,1753324794.729,-11.654,5.423,2.542,-10.855,5.690,2.601,0.100,0.100,0.050
1753324794.851,1753324794.929,-11.689,5.447,2.542,-10.892,5.711,2.602,0.100,0.100,0.050
1753324795.064,1753324795.129,-11.731,5.475,2.542,-10.927,5.731,2.601,0.100,0.100,0.050
1753324795.257,1753324795.340,-11.766,5.499,2.541,-10.976,5.760,2.599,0.100,0.100,0.050
1753324795.455,1753324795.528,-11.787,5.514,2.562,-10.981,5.762,2.626,0.100,0.100,0.050
1753324795.661,1753324795.729,-11.783,5.511,2.598,-10.978,5.762,2.665,0.100,0.100,0.050
1753324795.847,1753324795.929,-11.802,5.522,2.618,-11.006,5.773,2.676,0.100,0.100,0.050
1753324796.038,1753324796.129,-11.839,5.543,2.617,-11.045,5.787,2.675,0.100,0.100,0.050
1753324796.240,1753324796.329,-11.876,5.565,2.617,-11.082,5.805,2.675,0.100,0.100,0.050
1753324796.439,1753324796.542,-11.913,5.586,2.617,-11.127,5.829,2.675,0.100,0.100,0.050
1753324797.159,1753324797.185,-12.049,5.665,2.618,-11.128,5.882,2.635,0.100,0.100,0.050
1753324797.252,1753324797.331,-12.068,5.676,2.618,-11.238,5.941,2.635,0.100,0.100,0.050
1753324797.439,1753324797.536,-12.105,5.697,2.618,-11.289,5.966,2.633,0.100,0.100,0.050
1753324797.661,1753324797.742,-12.142,5.718,2.618,-11.324,5.984,2.635,0.100,0.100,0.050
1753324797.852,1753324797.937,-12.179,5.740,2.618,-11.361,6.007,2.636,0.100,0.100,0.050
1753324798.039,1753324798.132,-12.216,5.761,2.618,-11.397,6.026,2.636,0.100,0.100,0.050
1753324798.263,1753324798.348,-12.259,5.786,2.618,-11.445,6.055,2.634,0.100,0.100,0.050
1753324798.456,1753324798.532,-12.309,5.815,2.618,-11.482,6.075,2.633,0.100,0.100,0.050
1753324798.635,1753324798.732,-12.346,5.836,2.617,-11.519,6.099,2.634,0.100,0.100,0.050
1753324798.831,1753324798.935,-12.383,5.858,2.617,-11.555,6.117,2.631,0.100,0.100,0.050
1753324799.045,1753324799.132,-12.408,5.872,2.617,-11.577,6.133,2.631,0.100,0.100,0.050
1753324799.237,1753324799.334,-12.433,5.886,2.617,-11.601,6.145,2.630,0.100,0.100,0.050
1753324799.443,1753324799.532,-12.464,5.904,2.617,-11.638,6.165,2.628,0.100,0.100,0.050
1753324799.662,1753324799.732,-12.501,5.926,2.617,-11.660,6.181,2.628,0.100,0.100,0.050
1753324799.847,1753324799.939,-12.538,5.947,2.617,-11.705,6.208,2.628,0.100,0.100,0.050
1753324800.050,1753324800.132,-12.575,5.969,2.617,-11.742,6.228,2.627,0.100,0.100,0.050
1753324800.630,1753324800.673,-12.686,6.033,2.618,-11.688,6.282,2.574,0.100,0.100,0.050
1753324800.630,1753324800.733,-12.686,6.033,2.618,-11.747,6.320,2.573,0.100,0.100,0.050
1753324800.858,1753324800.934,-12.730,6.058,2.618,-11.815,6.366,2.572,0.100,0.100,0.050
1753324801.039,1753324801.132,-12.757,6.074,2.618,-11.825,6.377,2.571,0.100,0.100,0.050
1753324801.241,1753324801.332,-12.754,6.072,2.618,-11.825,6.377,2.571,0.100,0.100,0.050
1753324801.451,1753324801.532,-12.754,6.072,2.618,-11.825,6.377,2.571,0.100,0.100,0.050
1753324801.654,1753324801.732,-12.754,6.072,2.618,-11.825,6.377,2.571,0.100,0.100,0.050
1753324801.843,1753324801.933,-12.754,6.072,2.618,-11.825,6.377,2.571,0.100,0.100,0.050
1753324802.035,1753324802.132,-12.754,6.072,2.618,-11.825,6.377,2.571,0.100,0.100,0.050
1753324802.249,1753324802.332,-12.754,6.072,2.618,-11.825,6.377,2.571,0.100,0.100,0.050
1753324802.438,1753324802.532,-12.754,6.072,2.618,-11.825,6.377,2.571,0.100,0.100,0.050
1753324802.659,1753324802.734,-12.754,6.072,2.618,-11.825,6.377,2.571,0.100,0.100,0.050
1753324803.051,1753324803.075,-12.754,6.072,2.618,-11.850,6.359,2.589,0.100,0.100,0.050
1753324803.051,1753324803.132,-12.754,6.072,2.618,-11.850,6.359,2.589,0.100,0.100,0.050
1753324803.250,1753324803.332,-12.754,6.072,2.618,-11.850,6.359,2.589,0.100,0.100,0.050
1753324803.438,1753324803.532,-12.754,6.072,2.618,-11.850,6.359,2.589,0.100,0.100,0.050
1753324803.643,1753324803.731,-12.754,6.072,2.618,-11.850,6.359,2.589,0.100,0.100,0.050
1753324804.061,1753324804.162,-12.754,6.072,2.618,-11.918,6.326,2.622,0.100,0.100,0.050
1753324804.258,1753324804.333,-12.754,6.072,2.618,-11.918,6.326,2.622,0.100,0.100,0.050
1753324804.463,1753324804.531,-12.754,6.072,2.618,-11.918,6.326,2.622,0.100,0.100,0.050
1753324804.659,1753324804.732,-12.754,6.072,2.618,-11.918,6.326,2.622,0.100,0.100,0.050
1753324804.857,1753324804.933,-12.754,6.072,2.618,-11.918,6.326,2.622,0.100,0.100,0.050
1753324805.047,1753324805.132,-12.754,6.072,2.618,-11.918,6.326,2.622,0.100,0.100,0.050
1753324805.238,1753324805.332,-12.754,6.072,2.618,-11.918,6.326,2.622,0.100,0.100,0.050
1753324805.464,1753324805.532,-12.754,6.072,2.618,-11.918,6.326,2.622,0.100,0.100,0.050
1753324805.662,1753324805.732,-12.754,6.072,2.618,-11.918,6.326,2.622,0.100,0.100,0.050
1753324805.854,1753324805.932,-12.754,6.072,2.618,-11.918,6.326,2.622,0.100,0.100,0.050
1753324806.047,1753324806.132,-12.754,6.072,2.618,-11.918,6.326,2.622,0.100,0.100,0.050
1753324806.243,1753324806.331,-12.754,6.072,2.618,-11.918,6.326,2.622,0.100,0.100,0.050
1753324806.442,1753324806.532,-12.754,6.072,2.618,-11.918,6.326,2.622,0.100,0.100,0.050
1753324806.662,1753324806.731,-12.754,6.072,2.618,-11.918,6.326,2.622,0.100,0.100,0.050
1753324806.861,1753324806.931,-12.754,6.072,2.618,-11.918,6.326,2.622,0.100,0.100,0.050
1753324807.058,1753324807.132,-12.754,6.072,2.618,-11.918,6.326,2.622,0.100,0.100,0.050
1753324807.253,1753324807.332,-12.754,6.072,2.618,-11.918,6.326,2.622,0.100,0.100,0.050
1753324807.447,1753324807.531,-12.754,6.072,2.618,-11.918,6.326,2.622,0.100,0.100,0.050
1753324807.642,1753324807.733,-12.754,6.072,2.618,-11.918,6.326,2.622,0.100,0.100,0.050
1753324807.839,1753324807.931,-12.754,6.072,2.618,-11.918,6.326,2.622,0.100,0.100,0.050
1753324808.035,1753324808.132,-12.754,6.072,2.618,-11.918,6.326,2.622,0.100,0.100,0.050
1753324808.253,1753324808.331,-12.754,6.072,2.618,-11.918,6.326,2.622,0.100,0.100,0.050
1753324808.457,1753324808.531,-12.754,6.072,2.618,-11.918,6.326,2.622,0.100,0.100,0.050
1753324808.650,1753324808.731,-12.754,6.072,2.618,-11.918,6.326,2.622,0.100,0.100,0.050
1753324808.843,1753324808.931,-12.754,6.072,2.618,-11.918,6.326,2.622,0.100,0.100,0.050
1753324809.035,1753324809.131,-12.754,6.072,2.618,-11.918,6.326,2.622,0.100,0.100,0.050
1753324809.234,1753324809.332,-12.754,6.072,2.618,-11.918,6.326,2.622,0.100,0.100,0.050
1753324809.438,1753324809.531,-12.754,6.072,2.644,-11.926,6.330,2.660,0.100,0.100,0.050
1753324809.661,1753324809.732,-12.754,6.072,2.691,-11.925,6.333,2.698,0.100,0.100,0.050
1753324809.857,1753324809.935,-12.754,6.072,2.731,-11.925,6.333,2.739,0.100,0.100,0.050
1753324810.054,1753324810.131,-12.754,6.072,2.771,-11.923,6.334,2.779,0.100,0.100,0.050
1753324810.253,1753324810.340,-12.754,6.072,2.811,-11.933,6.335,2.811,0.100,0.100,0.050
1753324810.452,1753324810.532,-12.788,6.084,2.810,-11.956,6.346,2.810,0.100,0.100,0.050
1753324810.654,1753324810.731,-12.815,6.093,2.810,-11.981,6.354,2.811,0.100,0.100,0.050
1753324810.844,1753324810.932,-12.849,6.105,2.810,-12.022,6.366,2.810,0.100,0.100,0.050
1753324811.052,1753324811.135,-12.889,6.119,2.810,-12.060,6.377,2.811,0.100,0.100,0.050
1753324811.248,1753324811.333,-12.930,6.133,2.810,-12.100,6.390,2.810,0.100,0.100,0.050
1753324811.425,1753324811.532,-12.964,6.144,2.810,-12.128,6.399,2.812,0.100,0.100,0.050
1753324811.633,1753324811.732,-13.004,6.158,2.810,-12.168,6.412,2.815,0.100,0.100,0.050
1753324811.863,1753324811.932,-13.052,6.174,2.810,-12.207,6.423,2.814,0.100,0.100,0.050
1753324812.055,1753324812.132,-13.092,6.188,2.810,-12.245,6.436,2.817,0.100,0.100,0.050
1753324812.248,1753324812.357,-13.133,6.202,2.810,-12.301,6.454,2.817,0.100,0.100,0.050
1753324812.442,1753324812.533,-13.166,6.214,2.810,-12.327,6.463,2.817,0.100,0.100,0.050
1753324812.642,1753324812.732,-13.214,6.230,2.810,-12.380,6.484,2.817,0.100,0.100,0.050
1753324812.863,1753324812.934,-13.254,6.244,2.810,-12.407,6.494,2.816,0.100,0.100,0.050
1753324813.051,1753324813.136,-13.295,6.258,2.810,-12.459,6.513,2.817,0.100,0.100,0.050
1753324813.238,1753324813.332,-13.335,6.272,2.810,-12.495,6.526,2.818,0.100,0.100,0.050
1753324813.437,1753324813.532,-13.372,6.285,2.803,-12.513,6.534,2.804,0.100,0.100,0.050
1753324813.643,1753324813.733,-13.369,6.284,2.763,-12.512,6.533,2.765,0.100,0.100,0.050
1753324813.859,1753324813.933,-13.375,6.286,2.720,-12.523,6.537,2.734,0.100,0.100,0.050
1753324814.035,1753324814.133,-13.407,6.301,2.720,-12.560,6.554,2.734,0.100,0.100,0.050
1753324814.261,1753324814.331,-13.453,6.322,2.720,-12.603,6.569,2.733,0.100,0.100,0.050
1753324814.438,1753324814.537,-13.486,6.336,2.720,-12.642,6.590,2.731,0.100,0.100,0.050
1753324814.662,1753324814.733,-13.531,6.357,2.719,-12.684,6.608,2.731,0.100,0.100,0.050
1753324814.832,1753324814.932,-13.571,6.374,2.719,-12.721,6.623,2.730,0.100,0.100,0.050
1753324815.061,1753324815.142,-13.610,6.392,2.719,-12.753,6.636,2.716,0.100,0.100,0.050
1753324815.250,1753324815.340,-13.609,6.392,2.679,-12.755,6.636,2.673,0.100,0.100,0.050
1753324815.446,1753324815.532,-13.610,6.392,2.639,-12.761,6.639,2.632,0.100,0.100,0.050
1753324815.655,1753324815.737,-13.610,6.392,2.599,-12.759,6.638,2.592,0.100,0.100,0.050
1753324815.846,1753324815.932,-13.610,6.392,2.559,-12.759,6.640,2.566,0.100,0.100,0.050
1753324816.044,1753324816.132,-13.639,6.412,2.551,-12.791,6.662,2.556,0.100,0.100,0.050
1753324816.244,1753324816.333,-13.675,6.436,2.551,-12.825,6.685,2.556,0.100,0.100,0.050
1753324816.434,1753324816.532,-13.710,6.459,2.551,-12.860,6.707,2.556,0.100,0.100,0.050
1753324817.241,1753324817.287,-13.859,6.559,2.551,-12.871,6.715,2.556,0.100,0.100,0.050
1753324817.241,1753324817.337,-13.859,6.559,2.551,-12.975,6.783,2.556,0.100,0.100,0.050
1753324817.431,1753324817.525,-13.894,6.583,2.551,-13.044,6.829,2.556,0.100,0.100,0.050
1753324817.663,1753324817.725,-13.936,6.611,2.551,-13.078,6.852,2.556,0.100,0.100,0.050
1753324817.849,1753324817.925,-13.971,6.635,2.551,-13.112,6.874,2.556,0.100,0.100,0.050
1753324818.063,1753324818.126,-14.007,6.658,2.550,-13.147,6.897,2.556,0.100,0.100,0.050
1753324818.259,1753324818.325,-14.043,6.682,2.550,-13.181,6.920,2.556,0.100,0.100,0.050
1753324818.456,1753324818.525,-14.078,6.706,2.550,-13.204,6.935,2.556,0.100,0.100,0.050
1753324818.456,1753324818.725,-14.078,6.706,2.550,-13.204,6.935,2.556,0.100,0.100,0.050
1753324818.456,1753324819.367,-14.078,6.706,2.550,-13.204,7.017,2.527,0.100,0.100,0.050
1753324818.456,1753324819.533,-14.078,6.706,2.550,-13.283,7.078,2.527,0.100,0.100,0.050
1753324818.456,1753324819.734,-14.078,6.706,2.550,-13.318,7.101,2.532,0.100,0.100,0.050
1753324818.456,1753324819.932,-14.078,6.706,2.550,-13.352,7.126,2.530,0.100,0.100,0.050
1753324818.456,1753324820.133,-14.078,6.706,2.550,-13.388,7.150,2.530,0.100,0.100,0.050
1753324818.456,1753324820.331,-14.078,6.706,2.550,-13.421,7.171,2.530,0.100,0.100,0.050
1753324818.456,1753324820.534,-14.078,6.706,2.550,-13.454,7.196,2.527,0.100,0.100,0.050
1753324818.456,1753324820.734,-14.078,6.706,2.550,-13.491,7.225,2.523,0.100,0.100,0.050
1753324818.456,1753324820.932,-14.078,6.706,2.550,-13.520,7.250,2.534,0.100,0.100,0.050
1753324818.456,1753324821.131,-14.078,6.706,2.550,-13.520,7.251,2.587,0.100,0.100,0.050
1753324821.753,1753324821.862,-14.511,6.996,2.753,-13.471,7.264,2.596,0.100,0.100,0.050
1753324821.850,1753324821.939,-14.511,6.996,2.773,-13.470,7.268,2.694,0.100,0.100,0.050
1753324822.043,1753324822.132,-14.511,6.996,2.813,-13.469,7.270,2.761,0.100,0.100,0.050
1753324822.242,1753324822.332,-14.511,6.996,2.853,-13.468,7.267,2.801,0.100,0.100,0.050
1753324822.427,1753324822.532,-14.511,6.996,2.892,-13.465,7.268,2.838,0.100,0.100,0.050
1753324822.592,1753324822.733,-14.511,6.996,2.926,-13.468,7.267,2.864,0.100,0.100,0.050
1753324822.592,1753324822.932,-14.511,6.996,2.926,-13.469,7.267,2.926,0.100,0.100,0.050
1753324822.592,1753324823.145,-14.511,6.996,2.926,-13.466,7.266,2.965,0.100,0.100,0.050
1753324822.592,1753324823.341,-14.511,6.996,2.926,-13.466,7.266,3.005,0.100,0.100,0.050
1753324822.592,1753324823.544,-14.511,6.996,2.926,-13.468,7.267,3.040,0.100,0.100,0.050
1753324822.592,1753324823.732,-14.511,6.996,2.926,-13.466,7.265,3.079,0.100,0.100,0.050
1753324822.592,1753324823.932,-14.511,6.996,2.926,-13.464,7.266,3.119,0.100,0.100,0.050
1753324822.592,1753324824.132,-14.511,6.996,2.926,-13.466,7.266,-3.124,0.100,0.100,0.050
1753324822.592,1753324824.334,-14.511,6.996,2.926,-13.469,7.269,-3.083,0.100,0.100,0.050
1753324824.457,1753324824.532,-14.511,6.996,-2.979,-13.471,7.269,-3.040,0.100,0.100,0.050
1753324824.658,1753324824.743,-14.511,6.996,-2.939,-13.472,7.269,-2.999,0.100,0.100,0.050
1753324824.830,1753324824.932,-14.511,6.996,-2.912,-13.471,7.267,-2.973,0.100,0.100,0.050
1753324825.040,1753324825.132,-14.511,6.996,-2.866,-13.465,7.270,-2.920,0.100,0.100,0.050
1753324825.231,1753324825.332,-14.511,6.996,-2.826,-13.467,7.273,-2.881,0.100,0.100,0.050
1753324825.460,1753324825.533,-14.511,6.996,-2.779,-13.467,7.272,-2.841,0.100,0.100,0.050
1753324826.042,1753324826.067,-14.511,6.996,-2.659,-13.499,7.260,-2.817,0.100,0.100,0.050
1753324826.242,1753324826.307,-14.511,6.996,-2.619,-13.500,7.262,-2.712,0.100,0.100,0.050
1753324826.242,1753324826.332,-14.511,6.996,-2.619,-13.499,7.264,-2.698,0.100,0.100,0.050
1753324826.453,1753324826.531,-14.511,6.996,-2.573,-13.501,7.262,-2.606,0.100,0.100,0.050
1753324826.651,1753324826.734,-14.511,6.996,-2.533,-13.500,7.262,-2.569,0.100,0.100,0.050
1753324826.849,1753324826.931,-14.511,6.996,-2.493,-13.500,7.260,-2.529,0.100,0.100,0.050
1753324827.045,1753324827.131,-14.511,6.996,-2.453,-13.501,7.259,-2.490,0.100,0.100,0.050
1753324827.260,1753324827.333,-14.511,6.996,-2.407,-13.500,7.260,-2.452,0.100,0.100,0.050
1753324827.454,1753324827.539,-14.542,6.968,-2.407,-13.539,7.225,-2.453,0.100,0.100,0.050
1753324827.656,1753324827.731,-14.574,6.939,-2.407,-13.560,7.208,-2.453,0.100,0.100,0.050
1753324827.851,1753324827.935,-14.606,6.910,-2.407,-13.603,7.170,-2.457,0.100,0.100,0.050
1753324828.051,1753324828.138,-14.638,6.881,-2.407,-13.634,7.144,-2.456,0.100,0.100,0.050
1753324828.242,1753324828.332,-14.670,6.853,-2.407,-13.665,7.120,-2.454,0.100,0.100,0.050
1753324828.443,1753324828.535,-14.701,6.824,-2.407,-13.702,7.095,-2.454,0.100,0.100,0.050
1753324828.661,1753324828.733,-14.739,6.790,-2.407,-13.733,7.069,-2.453,0.100,0.100,0.050
1753324828.862,1753324828.933,-14.770,6.762,-2.407,-13.764,7.042,-2.455,0.100,0.100,0.050
1753324829.057,1753324829.133,-14.802,6.733,-2.407,-13.797,7.015,-2.458,0.100,0.100,0.050
1753324829.251,1753324829.331,-14.834,6.704,-2.407,-13.830,6.987,-2.456,0.100,0.100,0.050
1753324829.448,1753324829.530,-14.866,6.675,-2.407,-13.862,6.965,-2.456,0.100,0.100,0.050
1753324829.637,1753324829.732,-14.898,6.647,-2.407,-13.891,6.938,-2.456,0.100,0.100,0.050
1753324829.833,1753324829.932,-14.929,6.618,-2.407,-13.925,6.911,-2.455,0.100,0.100,0.050
1753324830.058,1753324830.134,-14.966,6.585,-2.407,-13.959,6.887,-2.454,0.100,0.100,0.050
1753324830.249,1753324830.335,-14.998,6.556,-2.407,-13.988,6.863,-2.456,0.100,0.100,0.050
1753324830.398,1753324830.534,-15.014,6.541,-2.407,-14.012,6.846,-2.456,0.100,0.100,0.050
1753324830.660,1753324830.744,-15.051,6.508,-2.407,-14.052,6.813,-2.455,0.100,0.100,0.050
1753324830.861,1753324830.937,-15.083,6.479,-2.407,-14.083,6.786,-2.456,0.100,0.100,0.050
1753324831.053,1753324831.146,-15.115,6.450,-2.407,-14.117,6.763,-2.456,0.100,0.100,0.050
1753324831.251,1753324831.331,-15.147,6.422,-2.408,-14.147,6.733,-2.454,0.100,0.100,0.050
1753324831.449,1753324831.532,-15.179,6.393,-2.408,-14.180,6.706,-2.452,0.100,0.100,0.050
1753324831.651,1753324831.731,-15.210,6.364,-2.408,-14.200,6.690,-2.450,0.100,0.100,0.050
1753324831.841,1753324831.931,-15.226,6.350,-2.408,-14.217,6.673,-2.451,0.100,0.100,0.050
1753324832.062,1753324832.132,-15.248,6.331,-2.408,-14.239,6.654,-2.448,0.100,0.100,0.050
1753324832.243,1753324832.330,-15.269,6.312,-2.408,-14.239,6.654,-2.448,0.100,0.100,0.050
1753324832.441,1753324832.531,-15.295,6.288,-2.407,-14.290,6.613,-2.448,0.100,0.100,0.050
1753324832.655,1753324832.731,-15.332,6.254,-2.407,-14.322,6.589,-2.447,0.100,0.100,0.050
1753324832.860,1753324832.931,-15.364,6.225,-2.407,-14.354,6.561,-2.445,0.100,0.100,0.050
1753324833.059,1753324833.133,-15.396,6.197,-2.407,-14.384,6.531,-2.442,0.100,0.100,0.050
1753324833.253,1753324833.330,-15.428,6.168,-2.407,-14.417,6.505,-2.444,0.100,0.100,0.050
1753324833.442,1753324833.530,-15.460,6.139,-2.407,-14.452,6.476,-2.441,0.100,0.100,0.050
1753324833.650,1753324833.731,-15.491,6.111,-2.407,-14.484,6.450,-2.440,0.100,0.100,0.050
1753324833.859,1753324833.930,-15.529,6.077,-2.407,-14.514,6.420,-2.440,0.100,0.100,0.050
1753324834.058,1753324834.152,-15.555,6.053,-2.408,-14.549,6.394,-2.441,0.100,0.100,0.050
1753324834.235,1753324834.331,-15.582,6.029,-2.408,-14.576,6.364,-2.436,0.100,0.100,0.050
1753324834.450,1753324834.531,-15.619,5.996,-2.408,-14.608,6.337,-2.440,0.100,0.100,0.050
1753324834.647,1753324834.730,-15.656,5.962,-2.408,-14.651,6.300,-2.439,0.100,0.100,0.050
1753324834.853,1753324834.930,-15.688,5.933,-2.408,-14.672,6.284,-2.439,0.100,0.100,0.050
1753324835.062,1753324835.131,-15.714,5.909,-2.408,-14.703,6.253,-2.439,0.100,0.100,0.050
1753324835.250,1753324835.330,-15.746,5.881,-2.408,-14.733,6.228,-2.437,0.100,0.100,0.050
1753324835.450,1753324835.531,-15.778,5.852,-2.408,-14.767,6.201,-2.435,0.100,0.100,0.050
1753324835.645,1753324835.731,-15.810,5.823,-2.407,-14.797,6.172,-2.436,0.100,0.100,0.050
1753324835.856,1753324835.930,-15.852,5.785,-2.407,-14.836,6.134,-2.434,0.100,0.100,0.050
1753324836.033,1753324836.141,-15.879,5.761,-2.407,-14.856,6.116,-2.435,0.100,0.100,0.050
1753324836.244,1753324836.331,-15.905,5.737,-2.407,-14.890,6.091,-2.434,0.100,0.100,0.050
1753324836.446,1753324836.531,-15.937,5.709,-2.407,-14.921,6.065,-2.436,0.100,0.100,0.050
1753324836.649,1753324836.731,-15.974,5.675,-2.408,-14.957,6.029,-2.439,0.100,0.100,0.050
1753324836.851,1753324836.931,-16.006,5.646,-2.408,-14.987,6.000,-2.435,0.100,0.100,0.050
1753324837.046,1753324837.132,-16.038,5.618,-2.408,-15.018,5.977,-2.435,0.100,0.100,0.050
1753324837.239,1753324837.330,-16.070,5.589,-2.408,-15.049,5.949,-2.435,0.100,0.100,0.050
1753324837.435,1753324837.530,-16.101,5.560,-2.408,-15.078,5.920,-2.436,0.100,0.100,0.050
1753324837.634,1753324837.731,-16.126,5.538,-2.394,-15.088,5.909,-2.409,0.100,0.100,0.050
1753324837.860,1753324837.932,-16.122,5.542,-2.351,-15.089,5.911,-2.368,0.100,0.100,0.050
1753324838.013,1753324838.139,-16.122,5.541,-2.317,-15.090,5.913,-2.330,0.100,0.100,0.050
1753324838.230,1753324838.332,-16.122,5.541,-2.284,-15.090,5.911,-2.305,0.100,0.100,0.050
1753324838.457,1753324838.545,-16.131,5.530,-2.251,-15.107,5.891,-2.277,0.100,0.100,0.050
1753324838.640,1753324838.730,-16.158,5.497,-2.251,-15.134,5.862,-2.276,0.100,0.100,0.050
1753324838.839,1753324838.930,-16.185,5.464,-2.251,-15.160,5.831,-2.277,0.100,0.100,0.050
1753324839.064,1753324839.130,-16.216,5.425,-2.251,-15.184,5.800,-2.276,0.100,0.100,0.050
1753324839.218,1753324839.331,-16.239,5.397,-2.250,-15.214,5.768,-2.275,0.100,0.100,0.050
1753324839.452,1753324839.532,-16.270,5.358,-2.250,-15.239,5.738,-2.274,0.100,0.100,0.050
1753324839.652,1753324839.730,-16.297,5.325,-2.250,-15.263,5.704,-2.273,0.100,0.100,0.050
1753324839.852,1753324839.931,-16.324,5.291,-2.250,-15.290,5.672,-2.274,0.100,0.100,0.050
1753324840.047,1753324840.131,-16.351,5.258,-2.250,-15.316,5.641,-2.278,0.100,0.100,0.050
1753324840.226,1753324840.332,-16.373,5.230,-2.250,-15.344,5.604,-2.279,0.100,0.100,0.050
1753324840.447,1753324840.531,-16.405,5.191,-2.251,-15.374,5.574,-2.279,0.100,0.100,0.050
1753324840.660,1753324840.739,-16.436,5.152,-2.251,-15.409,5.528,-2.281,0.100,0.100,0.050
1753324840.858,1753324840.939,-16.463,5.119,-2.251,-15.434,5.499,-2.281,0.100,0.100,0.050
1753324841.052,1753324841.134,-16.490,5.086,-2.251,-15.461,5.471,-2.280,0.100,0.100,0.050
1753324841.247,1753324841.330,-16.517,5.052,-2.251,-15.492,5.440,-2.280,0.100,0.100,0.050
1753324841.438,1753324841.530,-16.544,5.019,-2.251,-15.519,5.408,-2.283,0.100,0.100,0.050
1753324841.730,1753324841.859,-16.584,4.969,-2.251,-15.539,5.386,-2.283,0.100,0.100,0.050
1753324841.838,1753324841.936,-16.599,4.954,-2.265,-15.572,5.344,-2.287,0.100,0.100,0.050
1753324842.061,1753324842.135,-16.629,4.916,-2.264,-15.602,5.314,-2.288,0.100,0.100,0.050
1753324842.257,1753324842.331,-16.656,4.883,-2.264,-15.631,5.283,-2.288,0.100,0.100,0.050
1753324842.458,1753324842.536,-16.683,4.850,-2.264,-15.660,5.255,-2.289,0.100,0.100,0.050
1753324842.649,1753324842.735,-16.711,4.817,-2.264,-15.688,5.222,-2.287,0.100,0.100,0.050
1753324842.841,1753324842.931,-16.738,4.784,-2.264,-15.715,5.190,-2.284,0.100,0.100,0.050
1753324843.047,1753324843.132,-16.766,4.751,-2.264,-15.741,5.159,-2.283,0.100,0.100,0.050
1753324843.257,1753324843.334,-16.798,4.712,-2.264,-15.776,5.118,-2.281,0.100,0.100,0.050
1753324843.449,1753324843.530,-16.834,4.669,-2.264,-15.811,5.078,-2.286,0.100,0.100,0.050
1753324843.654,1753324843.732,-16.866,4.630,-2.265,-15.837,5.045,-2.285,0.100,0.100,0.050
1753324843.849,1753324843.931,-16.894,4.597,-2.265,-15.862,5.014,-2.289,0.100,0.100,0.050
1753324844.048,1753324844.132,-16.921,4.564,-2.265,-15.888,4.986,-2.287,0.100,0.100,0.050
1753324844.235,1753324844.332,-16.948,4.531,-2.265,-15.914,4.955,-2.287,0.100,0.100,0.050
1753324844.437,1753324844.532,-16.976,4.498,-2.264,-15.942,4.922,-2.288,0.100,0.100,0.050
1753324844.594,1753324844.739,-16.999,4.471,-2.264,-15.960,4.898,-2.287,0.100,0.100,0.050
1753324844.594,1753324844.938,-16.999,4.471,-2.264,-16.002,4.844,-2.288,0.100,0.100,0.050
1753324844.594,1753324845.132,-16.999,4.471,-2.264,-16.030,4.815,-2.288,0.100,0.100,0.050
1753324844.594,1753324845.331,-16.999,4.471,-2.264,-16.056,4.785,-2.288,0.100,0.100,0.050
1753324845.436,1753324845.531,-17.117,4.328,-2.264,-16.084,4.751,-2.287,0.100,0.100,0.050
1753324845.628,1753324845.731,-17.145,4.295,-2.264,-16.112,4.720,-2.289,0.100,0.100,0.050
1753324845.858,1753324845.931,-17.177,4.256,-2.264,-16.139,4.686,-2.292,0.100,0.100,0.050
1753324846.047,1753324846.132,-17.204,4.223,-2.264,-16.167,4.652,-2.291,0.100,0.100,0.050
1753324846.246,1753324846.332,-17.231,4.191,-2.265,-16.197,4.622,-2.291,0.100,0.100,0.050
1753324846.447,1753324846.532,-17.259,4.158,-2.265,-16.224,4.591,-2.286,0.100,0.100,0.050
1753324846.629,1753324846.737,-17.286,4.125,-2.265,-16.255,4.559,-2.285,0.100,0.100,0.050
1753324846.833,1753324846.945,-17.314,4.092,-2.265,-16.281,4.524,-2.286,0.100,0.100,0.050
1753324847.031,1753324847.132,-17.341,4.059,-2.265,-16.281,4.524,-2.286,0.100,0.100,0.050
1753324847.254,1753324847.345,-17.373,4.020,-2.265,-16.342,4.452,-2.293,0.100,0.100,0.050
1753324847.453,1753324847.542,-17.400,3.987,-2.264,-16.374,4.420,-2.293,0.100,0.100,0.050
1753324847.658,1753324847.739,-17.428,3.954,-2.264,-16.399,4.388,-2.292,0.100,0.100,0.050
1753324847.848,1753324847.936,-17.455,3.921,-2.264,-16.426,4.361,-2.293,0.100,0.100,0.050
1753324848.039,1753324848.130,-17.483,3.888,-2.264,-16.451,4.325,-2.290,0.100,0.100,0.050
1753324848.237,1753324848.332,-17.510,3.855,-2.264,-16.478,4.292,-2.287,0.100,0.100,0.050
1753324848.462,1753324848.532,-17.542,3.817,-2.264,-16.505,4.261,-2.290,0.100,0.100,0.050
1753324849.044,1753324849.133,-17.624,3.718,-2.265,-16.684,4.475,-2.374,0.100,0.100,0.050
1753324849.238,1753324849.338,-17.628,3.714,-2.231,-16.750,4.407,-2.333,0.100,0.100,0.050
1753324849.436,1753324849.532,-17.628,3.713,-2.195,-16.749,4.409,-2.293,0.100,0.100,0.050
1753324849.664,1753324849.733,-17.628,3.713,-2.148,-16.750,4.406,-2.251,0.100,0.100,0.050
1753324849.855,1753324849.944,-17.628,3.713,-2.108,-16.747,4.407,-2.201,0.100,0.100,0.050
1753324850.047,1753324850.131,-17.628,3.713,-2.068,-16.747,4.407,-2.162,0.100,0.100,0.050
1753324850.250,1753324850.335,-17.628,3.713,-2.028,-16.747,4.408,-2.121,0.100,0.100,0.050
1753324850.439,1753324850.535,-17.628,3.713,-1.989,-16.747,4.407,-2.080,0.100,0.100,0.050
1753324850.640,1753324850.732,-17.628,3.713,-1.949,-16.747,4.408,-2.038,0.100,0.100,0.050
1753324850.859,1753324850.931,-17.628,3.713,-1.902,-16.749,4.409,-1.996,0.100,0.100,0.050
1753324851.058,1753324851.132,-17.628,3.713,-1.862,-16.747,4.409,-1.956,0.100,0.100,0.050
1753324851.249,1753324851.331,-17.628,3.713,-1.822,-16.748,4.409,-1.918,0.100,0.100,0.050
1753324851.443,1753324851.531,-17.628,3.713,-1.782,-16.747,4.413,-1.879,0.100,0.100,0.050
1753324851.640,1753324851.731,-17.628,3.713,-1.743,-16.750,4.414,-1.837,0.100,0.100,0.050
1753324851.857,1753324851.931,-17.628,3.713,-1.696,-16.751,4.413,-1.794,0.100,0.100,0.050
1753324852.052,1753324852.137,-17.628,3.713,-1.656,-16.751,4.412,-1.745,0.100,0.100,0.050
1753324852.245,1753324852.330,-17.628,3.713,-1.616,-16.753,4.414,-1.704,0.100,0.100,0.050
1753324852.444,1753324852.530,-17.628,3.713,-1.576,-16.752,4.412,-1.665,0.100,0.100,0.050
1753324852.635,1753324852.731,-17.628,3.700,-1.556,-16.755,4.383,-1.654,0.100,0.100,0.050
1753324852.836,1753324852.931,-17.628,3.657,-1.556,-16.757,4.344,-1.655,0.100,0.100,0.050
1753324853.035,1753324853.132,-17.627,3.614,-1.556,-16.759,4.303,-1.656,0.100,0.100,0.050
1753324853.254,1753324853.331,-17.626,3.564,-1.556,-16.761,4.261,-1.656,0.100,0.100,0.050
1753324853.443,1753324853.532,-17.626,3.531,-1.543,-16.763,4.243,-1.626,0.100,0.100,0.050
1753324853.651,1753324853.734,-17.626,3.536,-1.513,-16.763,4.243,-1.626,0.100,0.100,0.050
1753324853.832,1753324853.942,-17.626,3.536,-1.473,-16.763,4.244,-1.565,0.100,0.100,0.050
1753324854.062,1753324854.141,-17.626,3.536,-1.427,-16.760,4.247,-1.514,0.100,0.100,0.050
1753324854.262,1753324854.342,-17.626,3.536,-1.387,-16.763,4.247,-1.474,0.100,0.100,0.050
1753324854.449,1753324854.538,-17.623,3.523,-1.362,-16.759,4.216,-1.463,0.100,0.100,0.050
1753324854.643,1753324854.731,-17.614,3.481,-1.362,-16.754,4.175,-1.462,0.100,0.100,0.050
1753324854.846,1753324854.931,-17.605,3.439,-1.362,-16.750,4.136,-1.460,0.100,0.100,0.050
1753324855.045,1753324855.137,-17.596,3.397,-1.362,-16.747,4.096,-1.459,0.100,0.100,0.050
1753324855.237,1753324855.331,-17.587,3.355,-1.362,-16.741,4.056,-1.460,0.100,0.100,0.050
1753324855.456,1753324855.531,-17.577,3.307,-1.362,-16.735,4.018,-1.463,0.100,0.100,0.050
1753324855.590,1753324855.731,-17.571,3.279,-1.362,-16.732,3.990,-1.462,0.100,0.100,0.050
1753324855.590,1753324855.931,-17.571,3.279,-1.362,-16.728,3.948,-1.465,0.100,0.100,0.050
1753324855.590,1753324856.131,-17.571,3.279,-1.362,-16.725,3.908,-1.460,0.100,0.100,0.050
1753324855.590,1753324856.331,-17.571,3.279,-1.362,-16.724,3.902,-1.489,0.100,0.100,0.050
1753324855.590,1753324856.531,-17.571,3.279,-1.362,-16.726,3.902,-1.525,0.100,0.100,0.050
1753324855.590,1753324856.732,-17.571,3.279,-1.362,-16.723,3.900,-1.579,0.100,0.100,0.050
1753324856.846,1753324856.931,-17.550,3.181,-1.516,-16.722,3.904,-1.619,0.100,0.100,0.050
1753324857.043,1753324857.134,-17.550,3.181,-1.555,-16.721,3.907,-1.661,0.100,0.100,0.050
1753324857.237,1753324857.331,-17.550,3.181,-1.595,-16.721,3.903,-1.700,0.100,0.100,0.050
1753324857.463,1753324857.544,-17.550,3.181,-1.642,-16.722,3.903,-1.740,0.100,0.100,0.050
1753324857.627,1753324857.732,-17.550,3.181,-1.668,-16.717,3.901,-1.782,0.100,0.100,0.050
1753324857.855,1753324857.937,-17.550,3.181,-1.708,-16.717,3.901,-1.823,0.100,0.100,0.050
1753324859.556,1753324859.575,-17.601,3.048,-1.939,-17.325,4.481,-2.067,0.100,0.100,0.050
1753324859.640,1753324859.732,-17.609,3.028,-1.939,-17.433,4.350,-2.251,0.100,0.100,0.050
1753324860.556,1753324860.621,-17.681,2.841,-1.939,-17.431,4.342,-2.233,0.100,0.100,0.050
1753324860.647,1753324860.743,-17.689,2.821,-1.938,-17.563,4.178,-2.235,0.100,0.100,0.050
1753324860.839,1753324860.932,-17.704,2.781,-1.938,-17.587,4.147,-2.234,0.100,0.100,0.050
1753324861.454,1753324861.476,-17.753,2.655,-1.938,-17.519,3.477,-2.117,0.100,0.100,0.050
1753324861.454,1753324861.533,-17.753,2.655,-1.938,-17.547,3.430,-2.119,0.100,0.100,0.050
1753324861.499,1753324861.730,-17.755,2.648,-1.938,-17.594,3.364,-2.121,0.100,0.100,0.050
1753324861.499,1753324861.925,-17.755,2.648,-1.938,-17.616,3.328,-2.121,0.100,0.100,0.050
1753324861.499,1753324862.126,-17.755,2.648,-1.938,-17.637,3.293,-2.121,0.100,0.100,0.050
1753324861.499,1753324862.325,-17.755,2.648,-1.938,-17.659,3.258,-2.121,0.100,0.100,0.050
1753324861.499,1753324862.815,-17.755,2.648,-1.938,-17.666,3.218,-2.102,0.100,0.100,0.050
1753324861.499,1753324862.936,-17.755,2.648,-1.938,-17.717,3.124,-2.101,0.100,0.100,0.050
1753324861.499,1753324863.130,-17.755,2.648,-1.938,-17.728,3.100,-2.101,0.100,0.100,0.050
1753324861.499,1753324863.328,-17.755,2.648,-1.938,-17.735,3.094,-2.142,0.100,0.100,0.050
1753324863.429,1753324863.529,-17.881,2.321,-2.013,-17.734,3.094,-2.180,0.100,0.100,0.050
1753324863.657,1753324863.740,-17.881,2.321,-2.059,-17.732,3.096,-2.234,0.100,0.100,0.050
1753324863.846,1753324863.929,-17.881,2.321,-2.099,-17.736,3.096,-2.272,0.100,0.100,0.050
1753324864.048,1753324864.129,-17.881,2.321,-2.139,-17.737,3.096,-2.311,0.100,0.100,0.050
1753324864.241,1753324864.329,-17.881,2.321,-2.179,-17.734,3.097,-2.351,0.100,0.100,0.050
1753324864.462,1753324864.529,-17.881,2.321,-2.225,-17.732,3.097,-2.391,0.100,0.100,0.050
1753324865.053,1753324865.075,-17.881,2.321,-2.345,-17.613,2.951,-2.370,0.100,0.100,0.050
1753324865.053,1753324865.143,-17.881,2.321,-2.345,-17.614,2.951,-2.430,0.100,0.100,0.050
1753324865.237,1753324865.338,-17.881,2.321,-2.385,-17.613,2.951,-2.494,0.100,0.100,0.050
1753324865.440,1753324865.532,-17.881,2.321,-2.425,-17.613,2.951,-2.533,0.100,0.100,0.050
1753324865.662,1753324865.731,-17.881,2.321,-2.471,-17.613,2.951,-2.575,0.100,0.100,0.050
1753324865.822,1753324865.930,-17.881,2.321,-2.504,-17.614,2.953,-2.613,0.100,0.100,0.050
1753324866.055,1753324866.143,-17.881,2.321,-2.551,-17.613,2.952,-2.669,0.100,0.100,0.050
1753324866.247,1753324866.336,-17.881,2.321,-2.591,-17.614,2.952,-2.706,0.100,0.100,0.050
1753324866.451,1753324866.532,-17.881,2.321,-2.630,-17.613,2.953,-2.742,0.100,0.100,0.050
1753324866.630,1753324866.730,-17.881,2.321,-2.670,-17.612,2.953,-2.782,0.100,0.100,0.050
1753324866.863,1753324866.930,-17.881,2.321,-2.717,-17.614,2.952,-2.823,0.100,0.100,0.050
1753324867.058,1753324867.132,-17.881,2.321,-2.757,-17.611,2.953,-2.865,0.100,0.100,0.050
1753324867.254,1753324867.362,-17.881,2.321,-2.797,-17.614,2.954,-2.907,0.100,0.100,0.050
1753324867.450,1753324867.533,-17.881,2.321,-2.830,-17.613,2.957,-2.946,0.100,0.100,0.050
1753324868.164,1753324868.185,-17.881,2.321,-2.976,-17.589,2.949,-2.932,0.100,0.100,0.050
1753324868.254,1753324868.336,-17.881,2.321,-2.996,-17.588,2.947,-3.081,0.100,0.100,0.050
1753324868.450,1753324868.532,-17.881,2.321,-3.036,-17.589,2.949,-3.123,0.100,0.100,0.050
1753324868.648,1753324868.731,-17.881,2.321,-3.075,-17.586,2.951,3.121,0.100,0.100,0.050
1753324868.839,1753324868.931,-17.881,2.321,-3.115,-17.585,2.953,3.095,0.100,0.100,0.050
1753324869.042,1753324869.131,-17.915,2.321,-3.134,-17.627,2.955,3.087,0.100,0.100,0.050
1753324869.227,1753324869.331,-17.958,2.321,-3.134,-17.655,2.955,3.084,0.100,0.100,0.050
1753324869.451,1753324869.530,-18.008,2.320,-3.134,-17.655,2.955,3.084,0.100,0.100,0.050
1753324869.650,1753324869.733,-18.051,2.320,-3.135,-17.766,2.964,3.081,0.100,0.100,0.050
1753324870.552,1753324870.602,-18.251,2.319,-3.135,-17.803,2.894,3.088,0.100,0.100,0.050
1753324870.650,1753324870.730,-18.272,2.318,-3.135,-18.012,2.906,3.089,0.100,0.100,0.050
1753324870.846,1753324870.930,-18.315,2.318,-3.135,-18.052,2.906,3.087,0.100,0.100,0.050
1753324871.047,1753324871.130,-18.358,2.318,-3.135,-18.095,2.908,3.086,0.100,0.100,0.050
1753324871.239,1753324871.334,-18.401,2.317,-3.135,-18.122,2.907,3.088,0.100,0.100,0.050
1753324871.851,1753324871.917,-18.537,2.317,-3.134,-18.031,2.895,3.119,0.100,0.100,0.050
1753324871.851,1753324871.936,-18.537,2.317,-3.134,-18.114,2.899,3.117,0.100,0.100,0.050
1753324872.051,1753324872.137,-18.579,2.316,-3.135,-18.220,2.898,3.114,0.100,0.100,0.050
1753324872.241,1753324872.331,-18.622,2.316,-3.135,-18.261,2.898,3.115,0.100,0.100,0.050
1753324872.463,1753324872.531,-18.672,2.316,-3.135,-18.302,2.901,3.114,0.100,0.100,0.050
1753324872.660,1753324872.731,-18.715,2.315,-3.135,-18.341,2.904,3.116,0.100,0.100,0.050
1753324872.857,1753324872.931,-18.758,2.315,-3.135,-18.383,2.902,3.120,0.100,0.100,0.050
1753324873.051,1753324873.131,-18.801,2.315,-3.135,-18.427,2.903,3.117,0.100,0.100,0.050
1753324873.248,1753324873.331,-18.844,2.314,-3.135,-18.470,2.905,3.119,0.100,0.100,0.050
1753324873.438,1753324873.531,-18.887,2.314,-3.135,-18.508,2.906,3.119,0.100,0.100,0.050
1753324873.659,1753324873.731,-18.937,2.314,-3.135,-18.550,2.904,3.117,0.100,0.100,0.050
1753324874.249,1753324874.348,-18.986,2.314,-3.065,-18.551,2.924,3.141,0.100,0.100,0.050
1753324874.442,1753324874.533,-18.986,2.313,-3.025,-18.585,2.919,-3.016,0.100,0.100,0.050
1753324874.640,1753324874.731,-18.986,2.313,-2.985,-18.584,2.920,-2.978,0.100,0.100,0.050
1753324874.859,1753324874.933,-18.986,2.313,-2.939,-18.584,2.924,-2.940,0.100,0.100,0.050
1753324875.058,1753324875.136,-18.986,2.313,-2.899,-18.581,2.920,-2.901,0.100,0.100,0.050
1753324875.346,1753324875.441,-18.986,2.313,-2.839,-18.604,2.904,-2.877,0.100,0.100,0.050
1753324875.446,1753324875.531,-18.986,2.313,-2.819,-18.602,2.905,-2.811,0.100,0.100,0.050
1753324875.640,1753324875.731,-18.986,2.313,-2.780,-18.606,2.907,-2.759,0.100,0.100,0.050
1753324875.843,1753324875.931,-18.986,2.313,-2.740,-18.610,2.907,-2.720,0.100,0.100,0.050
1753324876.037,1753324876.131,-18.986,2.313,-2.700,-18.614,2.904,-2.681,0.100,0.100,0.050
1753324876.250,1753324876.341,-18.986,2.313,-2.653,-18.614,2.903,-2.627,0.100,0.100,0.050
1753324876.451,1753324876.534,-18.986,2.313,-2.613,-18.611,2.900,-2.584,0.100,0.100,0.050
1753324876.647,1753324876.731,-18.986,2.313,-2.574,-18.611,2.902,-2.547,0.100,0.100,0.050
1753324876.843,1753324876.940,-18.986,2.313,-2.534,-18.615,2.900,-2.522,0.100,0.100,0.050
1753324876.872,1753324877.131,-18.986,2.313,-2.527,-18.615,2.900,-2.522,0.100,0.100,0.050
1753324876.872,1753324877.334,-18.986,2.313,-2.527,-18.616,2.905,-2.436,0.100,0.100,0.050
1753324876.872,1753324877.531,-18.986,2.313,-2.527,-18.617,2.908,-2.395,0.100,0.100,0.050
1753324876.872,1753324877.732,-18.986,2.313,-2.527,-18.617,2.908,-2.355,0.100,0.100,0.050
1753324876.872,1753324877.931,-18.986,2.313,-2.527,-18.617,2.905,-2.316,0.100,0.100,0.050
1753324876.872,1753324878.131,-18.986,2.313,-2.527,-18.618,2.908,-2.275,0.100,0.100,0.050
1753324876.872,1753324878.331,-18.986,2.313,-2.527,-18.617,2.908,-2.236,0.100,0.100,0.050
1753324878.454,1753324878.531,-18.986,2.313,-2.202,-18.616,2.910,-2.196,0.100,0.100,0.050
1753324878.655,1753324878.742,-18.986,2.313,-2.162,-18.617,2.908,-2.144,0.100,0.100,0.050
1753324878.858,1753324878.932,-18.997,2.295,-2.142,-18.631,2.885,-2.138,0.100,0.100,0.050
1753324879.047,1753324879.131,-19.021,2.259,-2.142,-18.656,2.847,-2.136,0.100,0.100,0.050
1753324879.248,1753324879.331,-19.044,2.223,-2.142,-18.677,2.810,-2.131,0.100,0.100,0.050
1753324879.438,1753324879.531,-19.067,2.187,-2.141,-18.699,2.774,-2.130,0.100,0.100,0.050
1753324879.664,1753324879.731,-19.094,2.145,-2.141,-18.721,2.738,-2.133,0.100,0.100,0.050
1753324879.947,1753324880.026,-19.129,2.091,-2.141,-18.776,2.696,-2.134,0.100,0.100,0.050
1753324880.052,1753324880.139,-19.140,2.073,-2.141,-18.806,2.653,-2.136,0.100,0.100,0.050
1753324880.246,1753324880.333,-19.163,2.037,-2.141,-18.829,2.620,-2.135,0.100,0.100,0.050
1753324880.443,1753324880.531,-19.187,2.001,-2.141,-18.851,2.588,-2.135,0.100,0.100,0.050
1753324880.637,1753324880.731,-19.210,1.965,-2.141,-18.869,2.554,-2.136,0.100,0.100,0.050
1753324880.768,1753324880.931,-19.225,1.941,-2.142,-18.892,2.520,-2.135,0.100,0.100,0.050
1753324880.768,1753324881.131,-19.225,1.941,-2.142,-18.911,2.485,-2.136,0.100,0.100,0.050
1753324880.768,1753324881.332,-19.225,1.941,-2.142,-18.933,2.450,-2.137,0.100,0.100,0.050
1753324881.448,1753324881.531,-19.306,1.814,-2.142,-18.954,2.413,-2.135,0.100,0.100,0.050
1753324881.646,1753324881.731,-19.329,1.778,-2.142,-18.978,2.380,-2.137,0.100,0.100,0.050
1753324881.835,1753324881.931,-19.353,1.742,-2.142,-19.003,2.346,-2.137,0.100,0.100,0.050
1753324882.037,1753324882.132,-19.376,1.706,-2.142,-19.026,2.309,-2.139,0.100,0.100,0.050
1753324882.263,1753324882.332,-19.393,1.679,-2.121,-19.040,2.294,-2.113,0.100,0.100,0.050
1753324883.140,1753324883.222,-19.391,1.683,-1.946,-19.108,2.352,-2.162,0.100,0.100,0.050
1753324883.557,1753324883.662,-19.391,1.683,-1.860,-19.108,2.352,-1.964,0.100,0.100,0.050
1753324883.653,1753324883.729,-19.391,1.683,-1.840,-19.108,2.352,-1.912,0.100,0.100,0.050
1753324883.853,1753324883.927,-19.391,1.683,-1.800,-19.108,2.352,-1.846,0.100,0.100,0.050
1753324884.043,1753324884.133,-19.391,1.683,-1.760,-19.108,2.352,-1.806,0.100,0.100,0.050
1753324884.236,1753324884.325,-19.392,1.676,-1.729,-19.111,2.339,-1.787,0.100,0.100,0.050
1753324884.432,1753324884.525,-19.399,1.634,-1.728,-19.120,2.299,-1.787,0.100,0.100,0.050
1753324884.663,1753324884.725,-19.407,1.584,-1.728,-19.129,2.258,-1.787,0.100,0.100,0.050
1753324884.852,1753324884.935,-19.413,1.542,-1.728,-19.141,2.205,-1.787,0.100,0.100,0.050
1753324885.434,1753324885.547,-19.433,1.415,-1.728,-19.143,2.191,-1.787,0.100,0.100,0.050
1753324885.657,1753324885.725,-19.441,1.366,-1.728,-19.176,2.043,-1.787,0.100,0.100,0.050
1753324885.851,1753324885.925,-19.448,1.323,-1.728,-19.185,2.003,-1.787,0.100,0.100,0.050
1753324886.046,1753324886.126,-19.455,1.281,-1.729,-19.194,1.962,-1.787,0.100,0.100,0.050
1753324886.251,1753324886.325,-19.461,1.239,-1.729,-19.202,1.922,-1.787,0.100,0.100,0.050
1753324886.435,1753324886.525,-19.468,1.196,-1.729,-19.211,1.882,-1.787,0.100,0.100,0.050
1753324886.662,1753324886.725,-19.476,1.147,-1.729,-19.220,1.841,-1.787,0.100,0.100,0.050
1753324886.855,1753324886.935,-19.483,1.105,-1.729,-19.232,1.788,-1.787,0.100,0.100,0.050
1753324887.051,1753324887.128,-19.490,1.062,-1.729,-19.241,1.747,-1.787,0.100,0.100,0.050
1753324887.246,1753324887.328,-19.496,1.020,-1.729,-19.250,1.707,-1.787,0.100,0.100,0.050
1753324887.444,1753324887.525,-19.503,0.978,-1.729,-19.256,1.680,-1.787,0.100,0.100,0.050
1753324887.640,1753324887.725,-19.510,0.935,-1.728,-19.264,1.640,-1.800,0.100,0.100,0.050
1753324887.843,1753324887.925,-19.510,0.936,-1.767,-19.264,1.640,-1.839,0.100,0.100,0.050
1753324888.036,1753324888.136,-19.510,0.936,-1.807,-19.264,1.640,-1.839,0.100,0.100,0.050
1753324888.264,1753324888.325,-19.510,0.936,-1.854,-19.264,1.640,-1.918,0.100,0.100,0.050
1753324888.455,1753324888.525,-19.510,0.935,-1.893,-19.264,1.640,-1.958,0.100,0.100,0.050
1753324888.658,1753324888.725,-19.510,0.935,-1.933,-19.264,1.640,-1.997,0.100,0.100,0.050
1753324888.842,1753324888.925,-19.510,0.935,-1.973,-19.264,1.640,-2.037,0.100,0.100,0.050
1753324888.981,1753324889.125,-19.510,0.935,-2.000,-19.264,1.640,-2.076,0.100,0.100,0.050
1753324888.981,1753324889.325,-19.510,0.935,-2.000,-19.264,1.640,-2.116,0.100,0.100,0.050
1753324888.981,1753324889.654,-19.510,0.935,-2.000,-19.264,1.640,-2.142,0.100,0.100,0.050
1753324888.981,1753324889.725,-19.510,0.935,-2.000,-19.264,1.640,-2.195,0.100,0.100,0.050
1753324888.981,1753324889.927,-19.510,0.935,-2.000,-19.264,1.640,-2.248,0.100,0.100,0.050
1753324888.981,1753324890.128,-19.510,0.935,-2.000,-19.264,1.640,-2.287,0.100,0.100,0.050
1753324888.981,1753324890.328,-19.510,0.935,-2.000,-19.264,1.640,-2.327,0.100,0.100,0.050
1753324890.435,1753324890.525,-19.510,0.936,-2.299,-19.264,1.640,-2.366,0.100,0.100,0.050
1753324890.631,1753324890.725,-19.510,0.936,-2.339,-19.264,1.640,-2.406,0.100,0.100,0.050
1753324890.859,1753324890.928,-19.510,0.936,-2.385,-19.264,1.640,-2.445,0.100,0.100,0.050
1753324891.051,1753324891.132,-19.510,0.936,-2.425,-19.264,1.640,-2.459,0.100,0.100,0.050
1753324891.247,1753324891.325,-19.510,0.936,-2.465,-19.264,1.640,-2.524,0.100,0.100,0.050
1753324891.445,1753324891.525,-19.510,0.936,-2.505,-19.264,1.640,-2.564,0.100,0.100,0.050
1753324891.643,1753324891.725,-19.510,0.936,-2.545,-19.264,1.640,-2.604,0.100,0.100,0.050
1753324891.859,1753324891.925,-19.510,0.936,-2.591,-19.264,1.640,-2.643,0.100,0.100,0.050
1753324892.059,1753324892.136,-19.510,0.936,-2.631,-19.264,1.640,-2.696,0.100,0.100,0.050
1753324892.255,1753324892.336,-19.510,0.936,-2.671,-19.264,1.640,-2.735,0.100,0.100,0.050
1753324892.447,1753324892.525,-19.510,0.936,-2.711,-19.264,1.640,-2.775,0.100,0.100,0.050
1753324892.651,1753324892.725,-19.515,0.933,-2.751,-19.277,1.635,-2.795,0.100,0.100,0.050
1753324892.840,1753324892.925,-19.555,0.917,-2.751,-19.316,1.621,-2.795,0.100,0.100,0.050
1753324893.040,1753324893.125,-19.595,0.901,-2.752,-19.355,1.607,-2.795,0.100,0.100,0.050
1753324893.239,1753324893.325,-19.634,0.884,-2.752,-19.394,1.593,-2.795,0.100,0.100,0.050
1753324893.456,1753324893.525,-19.680,0.865,-2.752,-19.433,1.579,-2.795,0.100,0.100,0.050
1753324893.649,1753324893.731,-19.720,0.849,-2.752,-19.484,1.560,-2.795,0.100,0.100,0.050
1753324893.846,1753324893.937,-19.760,0.833,-2.752,-19.523,1.546,-2.795,0.100,0.100,0.050
1753324894.044,1753324894.126,-19.799,0.816,-2.752,-19.562,1.532,-2.795,0.100,0.100,0.050
1753324894.231,1753324894.325,-19.839,0.800,-2.752,-19.601,1.518,-2.795,0.100,0.100,0.050
1753324894.456,1753324894.525,-19.885,0.781,-2.752,-19.640,1.504,-2.795,0.100,0.100,0.050
1753324895.239,1753324895.273,-20.044,0.716,-2.751,-19.771,1.424,-2.741,0.100,0.100,0.050
1753324895.239,1753324895.344,-20.044,0.716,-2.751,-19.859,1.389,-2.739,0.100,0.100,0.050
1753324895.463,1753324895.531,-20.055,0.711,-2.786,-19.893,1.372,-2.778,0.100,0.100,0.050
1753324895.632,1753324895.733,-20.057,0.710,-2.819,-19.895,1.375,-2.818,0.100,0.100,0.050
1753324895.851,1753324895.931,-20.057,0.710,-2.865,-19.893,1.376,-2.855,0.100,0.100,0.050
1753324896.048,1753324896.133,-20.057,0.710,-2.905,-19.891,1.377,-2.893,0.100,0.100,0.050
1753324896.240,1753324896.332,-20.057,0.710,-2.945,-19.893,1.380,-2.932,0.100,0.100,0.050
1753324896.735,1753324896.799,-20.057,0.710,-3.045,-19.905,1.374,-2.994,0.100,0.100,0.050
1753324896.860,1753324896.931,-20.057,0.710,-3.071,-19.904,1.374,-3.076,0.100,0.100,0.050
1753324897.059,1753324897.142,-20.057,0.710,-3.111,-19.907,1.374,-3.128,0.100,0.100,0.050
1753324897.253,1753324897.337,-20.057,0.710,3.132,-19.904,1.374,3.140,0.100,0.100,0.050
1753324897.450,1753324897.532,-20.057,0.710,3.092,-19.904,1.374,3.140,0.100,0.100,0.050
1753324897.647,1753324897.731,-20.057,0.710,3.052,-19.903,1.378,3.034,0.100,0.100,0.050
1753324897.841,1753324897.931,-20.057,0.710,3.012,-19.902,1.377,2.995,0.100,0.100,0.050
1753324898.648,1753324898.715,-20.218,0.735,2.990,-19.898,1.450,3.067,0.100,0.100,0.050
1753324898.648,1753324898.735,-20.218,0.735,2.990,-19.980,1.456,3.067,0.100,0.100,0.050
1753324898.845,1753324898.944,-20.261,0.741,2.990,-20.075,1.462,3.068,0.100,0.100,0.050
1753324899.036,1753324899.132,-20.303,0.748,2.991,-20.113,1.464,3.069,0.100,0.100,0.050
1753324899.264,1753324899.331,-20.353,0.755,2.991,-20.158,1.466,3.068,0.100,0.100,0.050
1753324899.459,1753324899.540,-20.395,0.762,2.991,-20.213,1.469,3.065,0.100,0.100,0.050
1753324899.651,1753324899.740,-20.437,0.768,2.991,-20.251,1.472,3.066,0.100,0.100,0.050
1753324900.337,1753324900.388,-20.585,0.791,2.991,-20.255,1.329,3.074,0.100,0.100,0.050
1753324900.428,1753324900.531,-20.607,0.794,2.991,-20.382,1.337,3.072,0.100,0.100,0.050
1753324900.528,1753324900.731,-20.628,0.797,2.991,-20.422,1.343,3.069,0.100,0.100,0.050
1753324900.528,1753324900.938,-20.628,0.797,2.991,-20.476,1.343,3.066,0.100,0.100,0.050
1753324900.528,1753324901.141,-20.628,0.797,2.991,-20.516,1.347,3.065,0.100,0.100,0.050
1753324900.528,1753324901.332,-20.628,0.797,2.991,-20.559,1.349,3.064,0.100,0.100,0.050
1753324900.528,1753324901.531,-20.628,0.797,2.991,-20.599,1.353,3.061,0.100,0.100,0.050
1753324900.528,1753324901.731,-20.628,0.797,2.991,-20.642,1.357,3.057,0.100,0.100,0.050
1753324900.528,1753324901.931,-20.628,0.797,2.991,-20.642,1.357,3.057,0.100,0.100,0.050
1753324902.064,1753324902.132,-20.882,0.836,2.990,-20.642,1.357,3.057,0.100,0.100,0.050
1753324902.261,1753324902.335,-20.882,0.836,2.990,-20.642,1.357,3.057,0.100,0.100,0.050
1753324902.547,1753324902.642,-20.882,0.836,2.990,-20.642,1.357,3.057,0.100,0.100,0.050
1753324902.647,1753324902.725,-20.882,0.836,2.990,-20.642,1.357,3.057,0.100,0.100,0.050
1753324902.847,1753324902.925,-20.882,0.836,2.990,-20.642,1.357,3.057,0.100,0.100,0.050
1753324903.043,1753324903.125,-20.882,0.836,2.990,-20.642,1.357,3.057,0.100,0.100,0.050
1753324903.239,1753324903.325,-20.882,0.836,2.990,-20.642,1.357,3.057,0.100,0.100,0.050
1753324903.435,1753324903.525,-20.882,0.836,2.990,-20.642,1.357,3.057,0.100,0.100,0.050
1753324903.655,1753324903.728,-20.882,0.836,2.990,-20.642,1.357,3.057,0.100,0.100,0.050
1753324903.851,1753324903.925,-20.882,0.836,2.990,-20.642,1.357,3.057,0.100,0.100,0.050
1753324904.047,1753324904.126,-20.882,0.836,2.990,-20.642,1.357,3.057,0.100,0.100,0.050
1753324904.244,1753324904.325,-20.882,0.836,2.990,-20.642,1.357,3.057,0.100,0.100,0.050
1753324904.438,1753324904.525,-20.882,0.836,2.990,-20.642,1.357,3.057,0.100,0.100,0.050
1753324904.640,1753324904.725,-20.882,0.836,2.990,-20.642,1.357,3.057,0.100,0.100,0.050
1753324904.835,1753324904.925,-20.882,0.836,2.990,-20.642,1.357,3.057,0.100,0.100,0.050
1753324905.053,1753324905.125,-20.882,0.836,2.990,-20.642,1.357,3.057,0.100,0.100,0.050
1753324905.251,1753324905.325,-20.882,0.836,2.990,-20.642,1.357,3.057,0.100,0.100,0.050
1753324905.451,1753324905.525,-20.882,0.836,2.990,-20.642,1.357,3.057,0.100,0.100,0.050
1753324905.643,1753324905.725,-20.882,0.836,2.990,-20.642,1.357,3.057,0.100,0.100,0.050
1753324905.836,1753324905.925,-20.882,0.836,2.990,-20.642,1.357,3.057,0.100,0.100,0.050
1753324906.351,1753324906.410,-20.882,0.836,2.990,-20.639,1.334,3.049,0.100,0.100,0.050
1753324906.456,1753324906.532,-20.882,0.836,2.990,-20.639,1.334,3.049,0.100,0.100,0.050
1753324906.642,1753324906.732,-20.882,0.836,2.990,-20.639,1.334,3.049,0.100,0.100,0.050
1753324906.840,1753324906.931,-20.882,0.836,2.990,-20.639,1.334,3.049,0.100,0.100,0.050
1753324907.038,1753324907.131,-20.882,0.836,2.990,-20.639,1.334,3.049,0.100,0.100,0.050
1753324907.236,1753324907.331,-20.882,0.836,2.990,-20.639,1.334,3.049,0.100,0.100,0.050
1753324907.459,1753324907.533,-20.882,0.836,2.990,-20.639,1.334,3.049,0.100,0.100,0.050
1753324907.651,1753324907.731,-20.882,0.836,2.990,-20.639,1.334,3.049,0.100,0.100,0.050
1753324907.855,1753324907.931,-20.882,0.836,2.990,-20.639,1.334,3.049,0.100,0.100,0.050
1753324908.043,1753324908.131,-20.882,0.836,2.990,-20.639,1.334,3.049,0.100,0.100,0.050
1753324908.233,1753324908.331,-20.882,0.836,2.990,-20.639,1.334,3.049,0.100,0.100,0.050
1753324908.463,1753324908.532,-20.882,0.836,2.990,-20.639,1.334,3.049,0.100,0.100,0.050
1753324908.661,1753324908.730,-20.882,0.836,2.990,-20.639,1.334,3.049,0.100,0.100,0.050
1753324908.855,1753324908.931,-20.882,0.836,2.990,-20.639,1.334,3.049,0.100,0.100,0.050
1753324909.050,1753324909.131,-20.882,0.836,2.990,-20.639,1.334,3.049,0.100,0.100,0.050
1753324909.248,1753324909.330,-20.882,0.836,2.990,-20.639,1.334,3.049,0.100,0.100,0.050
1753324909.446,1753324909.531,-20.882,0.836,2.990,-20.639,1.334,3.049,0.100,0.100,0.050
1753324909.638,1753324909.731,-20.882,0.836,2.990,-20.639,1.334,3.049,0.100,0.100,0.050
1753324909.861,1753324909.933,-20.882,0.836,2.990,-20.639,1.334,3.049,0.100,0.100,0.050
1753324910.054,1753324910.131,-20.882,0.836,2.990,-20.639,1.334,3.049,0.100,0.100,0.050
1753324910.251,1753324910.330,-20.882,0.836,2.990,-20.639,1.334,3.049,0.100,0.100,0.050
1753324910.445,1753324910.531,-20.882,0.836,2.990,-20.639,1.334,3.049,0.100,0.100,0.050
1753324910.636,1753324910.731,-20.882,0.836,2.990,-20.639,1.334,3.049,0.100,0.100,0.050
1753324910.841,1753324910.931,-20.882,0.836,2.990,-20.639,1.334,3.049,0.100,0.100,0.050
1753324911.037,1753324911.131,-20.882,0.836,2.990,-20.639,1.334,3.049,0.100,0.100,0.050
1753324911.263,1753324911.331,-20.882,0.836,2.990,-20.639,1.334,3.049,0.100,0.100,0.050
1753324911.453,1753324911.538,-20.882,0.836,2.990,-20.639,1.334,3.049,0.100,0.100,0.050
1753324911.646,1753324911.731,-20.882,0.836,2.990,-20.639,1.334,3.049,0.100,0.100,0.050
1753324911.845,1753324911.931,-20.882,0.836,2.990,-20.639,1.334,3.049,0.100,0.100,0.050
1753324912.037,1753324912.131,-20.882,0.836,2.990,-20.639,1.334,3.049,0.100,0.100,0.050
1753324912.262,1753324912.331,-20.882,0.836,2.990,-20.639,1.334,3.049,0.100,0.100,0.050
1753324912.458,1753324912.532,-20.882,0.836,2.990,-20.639,1.334,3.049,0.100,0.100,0.050
1753324912.658,1753324912.734,-20.882,0.836,2.990,-20.639,1.334,3.049,0.100,0.100,0.050
1753324912.849,1753324912.931,-20.882,0.836,2.990,-20.639,1.334,3.049,0.100,0.100,0.050
1753324913.049,1753324913.131,-20.882,0.836,2.990,-20.639,1.334,3.049,0.100,0.100,0.050
1753324913.241,1753324913.331,-20.882,0.836,2.990,-20.639,1.334,3.049,0.100,0.100,0.050
1753324913.433,1753324913.531,-20.882,0.836,2.990,-20.639,1.334,3.049,0.100,0.100,0.050
1753324913.637,1753324913.731,-20.882,0.836,2.990,-20.639,1.334,3.049,0.100,0.100,0.050
1753324913.860,1753324913.931,-20.882,0.836,2.990,-20.639,1.334,3.049,0.100,0.100,0.050
1753324914.053,1753324914.132,-20.882,0.836,2.990,-20.639,1.334,3.049,0.100,0.100,0.050
1753324914.246,1753324914.331,-20.882,0.836,2.990,-20.639,1.334,3.049,0.100,0.100,0.050
1753324914.440,1753324914.532,-20.882,0.836,2.990,-20.639,1.334,3.049,0.100,0.100,0.050
1753324914.637,1753324914.731,-20.882,0.836,2.990,-20.639,1.334,3.049,0.100,0.100,0.050
1753324914.861,1753324914.932,-20.882,0.836,2.990,-20.639,1.334,3.049,0.100,0.100,0.050
1753324915.059,1753324915.130,-20.882,0.836,2.990,-20.639,1.334,3.049,0.100,0.100,0.050
1753324915.257,1753324915.331,-20.882,0.836,2.990,-20.639,1.334,3.049,0.100,0.100,0.050
1753324915.449,1753324915.531,-20.882,0.836,2.990,-20.639,1.334,3.049,0.100,0.100,0.050
1753324915.641,1753324915.730,-20.882,0.836,2.990,-20.639,1.334,3.049,0.100,0.100,0.050
1753324915.845,1753324915.931,-20.882,0.836,2.990,-20.639,1.334,3.049,0.100,0.100,0.050
1753324916.033,1753324916.131,-20.882,0.836,2.990,-20.639,1.334,3.049,0.100,0.100,0.050
1753324916.262,1753324916.331,-20.882,0.836,2.990,-20.639,1.334,3.049,0.100,0.100,0.050
1753324916.455,1753324916.532,-20.882,0.836,2.990,-20.639,1.334,3.049,0.100,0.100,0.050
1753324916.651,1753324916.730,-20.882,0.836,2.990,-20.639,1.334,3.049,0.100,0.100,0.050
1753324916.845,1753324916.931,-20.882,0.836,2.990,-20.639,1.334,3.049,0.100,0.100,0.050
1753324917.036,1753324917.131,-20.882,0.836,2.990,-20.639,1.334,3.049,0.100,0.100,0.050
1753324917.264,1753324917.332,-20.882,0.836,2.990,-20.639,1.334,3.049,0.100,0.100,0.050
1753324917.458,1753324917.531,-20.882,0.836,2.990,-20.639,1.334,3.049,0.100,0.100,0.050
1753324917.649,1753324917.731,-20.882,0.836,2.990,-20.639,1.334,3.049,0.100,0.100,0.050
1753324917.841,1753324917.931,-20.882,0.836,2.990,-20.639,1.334,3.049,0.100,0.100,0.050
1753324918.045,1753324918.131,-20.882,0.836,2.990,-20.639,1.334,3.049,0.100,0.100,0.050
1753324918.236,1753324918.331,-20.882,0.836,2.990,-20.639,1.334,3.049,0.100,0.100,0.050
