timestamp_real, timestamp_est, real_x, real_y, real_theta, est_x, est_y, est_theta, cov_x, cov_y, cov_theta
1750358461.188,1750358461.257,-1.714,3.077,-0.000,-16.754,9.225,-2.948,102.255,19.824,3.464
1750358461.576,1750358461.680,-1.714,3.077,-0.000,-16.754,9.224,-1.027,101.257,19.511,3.298
1750358462.164,1750358462.225,-1.714,3.077,-0.000,-16.749,9.229,-1.035,102.363,19.333,3.196
1750358462.584,1750358462.649,-1.714,3.077,-0.000,-16.749,9.229,-1.035,102.363,19.333,3.196
1750358463.072,1750358463.157,-1.714,3.077,-0.000,-16.749,9.229,-1.035,102.363,19.333,3.196
1750358463.593,1750358463.649,-1.714,3.077,-0.000,-16.749,9.229,-1.035,102.363,19.333,3.196
1750358464.073,1750358464.156,-1.714,3.077,-0.000,-16.749,9.229,-1.035,102.363,19.333,3.196
1750358464.592,1750358464.646,-1.714,3.077,-0.000,-16.749,9.229,-1.035,102.363,19.333,3.196
1750358465.074,1750358465.146,-1.714,3.077,-0.000,-16.749,9.229,-1.035,102.363,19.333,3.196
1750358465.561,1750358465.645,-1.714,3.077,-0.000,-16.749,9.229,-1.035,102.363,19.333,3.196
1750358466.085,1750358466.142,-1.714,3.077,-0.000,-16.749,9.229,-1.035,102.363,19.333,3.196
1750358466.583,1750358466.643,-1.714,3.077,-0.000,-16.749,9.229,-1.035,102.363,19.333,3.196
1750358467.067,1750358467.149,-1.714,3.077,-0.000,-16.749,9.229,-1.035,102.363,19.333,3.196
1750358467.576,1750358467.660,-1.714,3.077,-0.000,-16.749,9.229,-1.035,102.363,19.333,3.196
1750358468.075,1750358468.143,-1.714,3.077,-0.000,-16.749,9.229,-1.035,102.363,19.333,3.196
1750358468.567,1750358468.649,-1.714,3.077,-0.000,-16.749,9.229,-1.035,102.363,19.333,3.196
1750358469.091,1750358469.142,-1.714,3.077,-0.000,-16.749,9.229,-1.035,102.363,19.333,3.196
1750358469.586,1750358469.656,-1.714,3.077,0.161,-16.755,9.236,-0.674,102.292,19.290,3.300
1750358470.091,1750358470.144,-1.714,3.077,0.677,-16.751,9.241,2.441,102.335,19.257,3.510
1750358470.572,1750358470.646,-1.714,3.077,0.677,-16.751,9.241,2.441,102.335,19.257,3.510
1750358471.063,1750358471.145,-1.714,3.077,0.967,-16.757,9.244,-1.639,102.440,19.266,3.250
1750358471.592,1750358471.651,-1.714,3.077,1.418,-16.757,9.244,2.666,102.604,19.284,3.148
1750358472.073,1750358472.142,-1.714,3.077,1.418,-16.769,9.253,2.469,102.768,19.340,3.128
1750358472.582,1750358472.663,-1.714,3.077,1.225,-16.769,9.254,1.683,102.648,19.391,3.084
1750358473.060,1750358473.144,-1.714,3.077,0.708,-16.758,9.249,-0.071,102.700,19.426,3.105
1750358473.578,1750358473.648,-1.714,3.077,0.709,-16.758,9.249,-0.071,102.700,19.426,3.105
1750358474.088,1750358474.158,-1.714,3.077,1.128,-16.750,9.244,-2.212,102.916,19.388,3.089
1750358474.561,1750358474.646,-1.714,3.077,1.128,-16.750,9.244,-2.212,102.916,19.388,3.089
1750358475.079,1750358475.142,-1.643,3.214,1.098,-16.758,9.226,-2.076,101.029,19.734,3.065
1750358475.580,1750358475.656,-1.545,3.407,1.098,-17.754,9.942,1.406,86.851,13.810,2.324
1750358476.076,1750358476.143,-1.443,3.610,1.264,-16.118,9.286,0.696,100.570,45.763,2.661
1750358476.558,1750358476.664,-1.440,3.655,1.502,-16.294,9.324,-2.714,98.988,45.255,2.674
1750358477.067,1750358477.143,-1.420,3.938,1.502,-19.095,10.405,0.758,67.398,31.649,2.892
1750358477.561,1750358477.651,-1.403,4.186,1.502,-18.140,10.682,-2.736,59.017,34.421,3.330
1750358478.076,1750358478.143,-1.386,4.434,1.501,-16.979,8.550,1.687,65.688,31.119,2.600
1750358478.580,1750358478.655,-1.370,4.666,1.502,-17.119,7.320,2.431,74.287,17.552,2.443
1750358479.091,1750358479.161,-1.351,4.931,1.501,-16.672,10.275,1.989,101.178,27.797,1.077
1750358479.558,1750358479.672,-1.335,5.163,1.502,-14.976,7.425,1.934,120.994,32.555,2.985
1750358480.061,1750358480.165,-1.317,5.428,1.501,-19.040,9.103,-2.742,48.030,18.238,1.975
1750358480.567,1750358480.647,-1.301,5.660,1.501,-17.329,7.962,-2.500,67.013,17.752,2.310
1750358481.071,1750358481.148,-1.281,5.941,1.502,-16.721,7.821,2.836,49.617,18.247,2.007
1750358481.554,1750358481.661,-1.269,6.129,1.592,-18.512,8.516,-2.881,51.203,24.427,2.853
1750358482.065,1750358482.158,-1.263,6.103,2.147,-20.379,10.066,-1.908,42.338,22.287,3.897
1750358482.573,1750358482.650,-1.263,6.103,2.598,-20.375,10.072,1.555,42.532,22.210,3.699
1750358483.071,1750358483.146,-1.263,6.103,3.114,-20.389,10.073,0.496,42.478,22.086,3.667
1750358483.587,1750358483.655,-1.263,6.103,-2.718,-20.385,10.082,-2.550,42.533,21.958,3.856
1750358484.072,1750358484.142,-1.263,6.103,-2.654,-20.392,10.081,-0.659,42.410,22.116,3.807
1750358484.574,1750358484.643,-1.263,6.103,-2.654,-20.392,10.081,-0.659,42.410,22.116,3.807
1750358485.060,1750358485.146,-1.263,6.103,-2.654,-20.392,10.081,-0.659,42.410,22.116,3.807
1750358485.568,1750358485.644,-1.263,6.103,-2.654,-20.392,10.081,-0.659,42.410,22.116,3.807
1750358486.066,1750358486.141,-1.263,6.103,-2.654,-20.392,10.081,-0.659,42.410,22.116,3.807
1750358486.572,1750358486.646,-1.263,6.103,-2.654,-20.392,10.081,-0.659,42.410,22.116,3.807
1750358487.091,1750358487.144,-1.263,6.103,-2.654,-20.392,10.081,-0.659,42.410,22.116,3.807
1750358487.588,1750358487.643,-1.263,6.103,-2.654,-20.392,10.081,-0.659,42.410,22.116,3.807
1750358488.069,1750358488.145,-1.263,6.103,-2.654,-20.392,10.081,-0.659,42.410,22.116,3.807
1750358488.587,1750358488.644,-1.263,6.103,-2.654,-20.392,10.081,-0.659,42.410,22.116,3.807
1750358489.069,1750358489.143,-1.263,6.103,-2.654,-20.392,10.081,-0.659,42.410,22.116,3.807
1750358489.582,1750358489.643,-1.263,6.103,-2.654,-20.392,10.081,-0.659,42.410,22.116,3.807
1750358490.080,1750358490.143,-1.263,6.103,-2.654,-20.392,10.081,-0.659,42.410,22.116,3.807
1750358490.572,1750358490.643,-1.263,6.103,-2.654,-20.392,10.081,-0.659,42.410,22.116,3.807
1750358491.072,1750358491.146,-1.263,6.103,-2.654,-20.392,10.081,-0.659,42.410,22.116,3.807
1750358491.561,1750358491.648,-1.263,6.103,-2.654,-20.392,10.081,-0.659,42.410,22.116,3.807
1750358492.075,1750358492.145,-1.263,6.103,-2.654,-20.392,10.081,-0.659,42.410,22.116,3.807
1750358492.567,1750358492.649,-1.263,6.103,-2.654,-20.392,10.081,-0.659,42.410,22.116,3.807
1750358493.087,1750358493.146,-1.263,6.103,-2.654,-20.392,10.081,-0.659,42.410,22.116,3.807
1750358493.577,1750358493.646,-1.263,6.103,-2.654,-20.392,10.081,-0.659,42.410,22.116,3.807
1750358494.063,1750358494.145,-1.263,6.103,-2.654,-20.392,10.081,-0.659,42.410,22.116,3.807
1750358494.585,1750358494.649,-1.263,6.103,-2.654,-20.392,10.081,-0.659,42.410,22.116,3.807
1750358495.070,1750358495.147,-1.263,6.103,-2.654,-20.392,10.081,-0.659,42.410,22.116,3.807
1750358495.587,1750358495.650,-1.263,6.103,-2.654,-20.392,10.081,-0.659,42.410,22.116,3.807
1750358496.070,1750358496.148,-1.263,6.103,-2.654,-20.392,10.081,-0.659,42.410,22.116,3.807
1750358496.564,1750358496.656,-1.263,6.103,-2.654,-20.392,10.081,-0.659,42.410,22.116,3.807
1750358497.083,1750358497.146,-1.263,6.103,-2.654,-20.392,10.081,-0.659,42.410,22.116,3.807
1750358497.573,1750358497.652,-1.263,6.103,-2.654,-20.392,10.081,-0.659,42.410,22.116,3.807
1750358498.092,1750358498.145,-1.263,6.103,-2.654,-20.392,10.081,-0.659,42.410,22.116,3.807
1750358498.574,1750358498.648,-1.263,6.103,-2.654,-20.392,10.081,-0.659,42.410,22.116,3.807
1750358499.091,1750358499.146,-1.263,6.103,-2.654,-20.392,10.081,-0.659,42.410,22.116,3.807
1750358499.579,1750358499.649,-1.263,6.103,-2.654,-20.392,10.081,-0.659,42.410,22.116,3.807
1750358500.064,1750358500.146,-1.263,6.103,-2.654,-20.392,10.081,-0.659,42.410,22.116,3.807
1750358500.575,1750358500.648,-1.263,6.103,-2.654,-20.392,10.081,-0.659,42.410,22.116,3.807
1750358501.063,1750358501.144,-1.263,6.103,-2.654,-20.392,10.081,-0.659,42.410,22.116,3.807
1750358501.592,1750358501.650,-1.263,6.103,-2.654,-20.392,10.081,-0.659,42.410,22.116,3.807
1750358502.076,1750358502.158,-1.263,6.103,-2.654,-20.392,10.081,-0.659,42.410,22.116,3.807
1750358502.577,1750358502.649,-1.263,6.103,-2.654,-20.392,10.081,-0.659,42.410,22.116,3.807
1750358503.066,1750358503.149,-1.263,6.103,-2.654,-20.392,10.081,-0.659,42.410,22.116,3.807
1750358503.584,1750358503.649,-1.263,6.103,-2.654,-20.392,10.081,-0.659,42.410,22.116,3.807
1750358504.072,1750358504.145,-1.263,6.103,-2.654,-20.392,10.081,-0.659,42.410,22.116,3.807
1750358504.556,1750358504.647,-1.263,6.103,-2.654,-20.392,10.081,-0.659,42.410,22.116,3.807
1750358505.076,1750358505.144,-1.263,6.103,-2.654,-20.392,10.081,-0.659,42.410,22.116,3.807
1750358505.592,1750358505.643,-1.263,6.103,-2.654,-20.392,10.081,-0.659,42.410,22.116,3.807
1750358506.076,1750358506.144,-1.263,6.103,-2.654,-20.392,10.081,-0.659,42.410,22.116,3.807
1750358506.565,1750358506.653,-1.263,6.103,-2.654,-20.392,10.081,-0.659,42.410,22.116,3.807
1750358507.088,1750358507.146,-1.263,6.103,-2.654,-20.392,10.081,-0.659,42.410,22.116,3.807
1750358507.575,1750358507.650,-1.263,6.103,-2.654,-20.392,10.081,-0.659,42.410,22.116,3.807
1750358508.065,1750358508.147,-1.263,6.103,-2.654,-20.392,10.081,-0.659,42.410,22.116,3.807
1750358508.583,1750358508.646,-1.263,6.103,-2.654,-20.392,10.081,-0.659,42.410,22.116,3.807
1750358509.071,1750358509.151,-1.263,6.103,-2.654,-20.392,10.081,-0.659,42.410,22.116,3.807
1750358509.593,1750358509.651,-1.263,6.103,-2.654,-20.392,10.081,-0.659,42.410,22.116,3.807
1750358510.079,1750358510.147,-1.263,6.103,-2.654,-20.392,10.081,-0.659,42.410,22.116,3.807
1750358510.568,1750358510.655,-1.263,6.103,-2.654,-20.392,10.081,-0.659,42.410,22.116,3.807
1750358511.092,1750358511.145,-1.263,6.103,-2.654,-20.392,10.081,-0.659,42.410,22.116,3.807
1750358511.575,1750358511.646,-1.263,6.103,-2.654,-20.392,10.081,-0.659,42.410,22.116,3.807
1750358512.064,1750358512.147,-1.263,6.103,-2.654,-20.392,10.081,-0.659,42.410,22.116,3.807
1750358512.579,1750358512.650,-1.263,6.103,-2.654,-20.392,10.081,-0.659,42.410,22.116,3.807
1750358513.066,1750358513.148,-1.263,6.103,-2.654,-20.392,10.081,-0.659,42.410,22.116,3.807
1750358513.591,1750358513.650,-1.263,6.103,-2.654,-20.392,10.081,-0.659,42.410,22.116,3.807
1750358514.073,1750358514.145,-1.263,6.103,-2.654,-20.392,10.081,-0.659,42.410,22.116,3.807
1750358514.591,1750358514.647,-1.263,6.103,-2.654,-20.392,10.081,-0.659,42.410,22.116,3.807
1750358515.077,1750358515.145,-1.263,6.103,-2.654,-20.392,10.081,-0.659,42.410,22.116,3.807
1750358515.563,1750358515.648,-1.263,6.103,-2.654,-20.392,10.081,-0.659,42.410,22.116,3.807
1750358516.084,1750358516.145,-1.263,6.103,-2.654,-20.392,10.081,-0.659,42.410,22.116,3.807
1750358516.569,1750358516.659,-1.263,6.103,-2.654,-20.392,10.081,-0.659,42.410,22.116,3.807
1750358517.089,1750358517.146,-1.263,6.103,-2.654,-20.392,10.081,-0.659,42.410,22.116,3.807
1750358517.572,1750358517.652,-1.263,6.103,-2.654,-20.392,10.081,-0.659,42.410,22.116,3.807
1750358518.064,1750358518.145,-1.263,6.103,-2.654,-20.392,10.081,-0.659,42.410,22.116,3.807
1750358518.583,1750358518.650,-1.263,6.103,-2.654,-20.392,10.081,-0.659,42.410,22.116,3.807
1750358519.075,1750358519.145,-1.263,6.103,-2.654,-20.392,10.081,-0.659,42.410,22.116,3.807
1750358519.561,1750358519.658,-1.263,6.103,-2.654,-20.392,10.081,-0.659,42.410,22.116,3.807
1750358520.084,1750358520.146,-1.263,6.103,-2.654,-20.392,10.081,-0.659,42.410,22.116,3.807
1750358520.569,1750358520.650,-1.263,6.103,-2.654,-20.392,10.081,-0.659,42.410,22.116,3.807
1750358521.089,1750358521.145,-1.263,6.103,-2.654,-20.392,10.081,-0.659,42.410,22.116,3.807
1750358521.579,1750358521.649,-1.263,6.103,-2.654,-20.392,10.081,-0.659,42.410,22.116,3.807
1750358522.069,1750358522.147,-1.263,6.103,-2.654,-20.392,10.081,-0.659,42.410,22.116,3.807
1750358522.589,1750358522.645,-1.263,6.103,-2.654,-20.392,10.081,-0.659,42.410,22.116,3.807
1750358523.072,1750358523.157,-1.263,6.103,-2.654,-20.392,10.081,-0.659,42.410,22.116,3.807
1750358523.564,1750358523.652,-1.263,6.103,-2.654,-20.392,10.081,-0.659,42.410,22.116,3.807
1750358524.084,1750358524.146,-1.263,6.103,-2.654,-20.392,10.081,-0.659,42.410,22.116,3.807
1750358524.570,1750358524.650,-1.263,6.103,-2.654,-20.392,10.081,-0.659,42.410,22.116,3.807
1750358525.090,1750358525.145,-1.263,6.103,-2.654,-20.392,10.081,-0.659,42.410,22.116,3.807
1750358525.576,1750358525.645,-1.263,6.103,-2.654,-20.392,10.081,-0.659,42.410,22.116,3.807
1750358526.065,1750358526.148,-1.263,6.103,-2.654,-20.392,10.081,-0.659,42.410,22.116,3.807
1750358526.588,1750358526.646,-1.263,6.103,-2.654,-20.392,10.081,-0.659,42.410,22.116,3.807
1750358527.075,1750358527.146,-1.263,6.103,-2.654,-20.392,10.081,-0.659,42.410,22.116,3.807
1750358527.564,1750358527.646,-1.263,6.103,-2.654,-20.392,10.081,-0.659,42.410,22.116,3.807
1750358528.088,1750358528.145,-1.263,6.103,-2.654,-20.392,10.081,-0.659,42.410,22.116,3.807
1750358528.573,1750358528.649,-1.263,6.103,-2.654,-20.392,10.081,-0.659,42.410,22.116,3.807
1750358529.063,1750358529.157,-1.263,6.103,-2.654,-20.392,10.081,-0.659,42.410,22.116,3.807
1750358529.578,1750358529.649,-1.263,6.103,-2.654,-20.392,10.081,-0.659,42.410,22.116,3.807
1750358530.070,1750358530.146,-1.263,6.103,-2.654,-20.392,10.081,-0.659,42.410,22.116,3.807
1750358530.561,1750358530.656,-1.263,6.103,-2.654,-20.392,10.081,-0.659,42.410,22.116,3.807
1750358531.075,1750358531.146,-1.263,6.103,-2.654,-20.392,10.081,-0.659,42.410,22.116,3.807
1750358531.566,1750358531.649,-1.263,6.103,-2.654,-20.392,10.081,-0.659,42.410,22.116,3.807
1750358532.087,1750358532.145,-1.263,6.103,-2.654,-20.392,10.081,-0.659,42.410,22.116,3.807
1750358532.572,1750358532.651,-1.263,6.103,-2.654,-20.392,10.081,-0.659,42.410,22.116,3.807
1750358533.063,1750358533.145,-1.263,6.103,-2.654,-20.392,10.081,-0.659,42.410,22.116,3.807
1750358533.583,1750358533.648,-1.263,6.103,-2.654,-20.392,10.081,-0.659,42.410,22.116,3.807
1750358534.068,1750358534.145,-1.263,6.103,-2.654,-20.392,10.081,-0.659,42.410,22.116,3.807
1750358534.588,1750358534.650,-1.263,6.103,-2.654,-20.392,10.081,-0.659,42.410,22.116,3.807
1750358535.072,1750358535.147,-1.263,6.103,-2.654,-20.392,10.081,-0.659,42.410,22.116,3.807
1750358535.568,1750358535.655,-1.263,6.103,-2.654,-20.392,10.081,-0.659,42.410,22.116,3.807
1750358536.082,1750358536.145,-1.263,6.103,-2.654,-20.392,10.081,-0.659,42.410,22.116,3.807
1750358536.573,1750358536.662,-1.263,6.103,-2.654,-20.392,10.081,-0.659,42.410,22.116,3.807
1750358537.093,1750358537.145,-1.263,6.103,-2.654,-20.392,10.081,-0.659,42.410,22.116,3.807
1750358537.584,1750358537.647,-1.263,6.103,-2.654,-20.392,10.081,-0.659,42.410,22.116,3.807
1750358538.077,1750358538.152,-1.263,6.103,-2.654,-20.392,10.081,-0.659,42.410,22.116,3.807
1750358538.591,1750358538.645,-1.263,6.103,-2.654,-20.392,10.081,-0.659,42.410,22.116,3.807
1750358539.075,1750358539.146,-1.263,6.103,-2.654,-20.392,10.081,-0.659,42.410,22.116,3.807
1750358539.569,1750358539.646,-1.263,6.103,-2.654,-20.392,10.081,-0.659,42.410,22.116,3.807
1750358540.092,1750358540.145,-1.263,6.103,-2.654,-20.392,10.081,-0.659,42.410,22.116,3.807
1750358540.579,1750358540.645,-1.263,6.103,-2.654,-20.392,10.081,-0.659,42.410,22.116,3.807
1750358541.064,1750358541.145,-1.263,6.103,-2.654,-20.392,10.081,-0.659,42.410,22.116,3.807
1750358541.585,1750358541.646,-1.263,6.103,-2.654,-20.392,10.081,-0.659,42.410,22.116,3.807
1750358542.071,1750358542.150,-1.263,6.103,-2.654,-20.392,10.081,-0.659,42.410,22.116,3.807
1750358542.592,1750358542.647,-1.263,6.103,-2.654,-20.392,10.081,-0.659,42.410,22.116,3.807
1750358543.078,1750358543.155,-1.263,6.103,-2.654,-20.392,10.081,-0.659,42.410,22.116,3.807
1750358543.565,1750358543.647,-1.263,6.103,-2.654,-20.392,10.081,-0.659,42.410,22.116,3.807
1750358544.084,1750358544.147,-1.263,6.103,-2.654,-20.392,10.081,-0.659,42.410,22.116,3.807
1750358544.567,1750358544.659,-1.263,6.103,-2.654,-20.392,10.081,-0.659,42.410,22.116,3.807
1750358545.087,1750358545.164,-1.263,6.103,-2.654,-20.392,10.081,-0.659,42.410,22.116,3.807
1750358545.579,1750358545.646,-1.263,6.103,-2.654,-20.392,10.081,-0.659,42.410,22.116,3.807
1750358546.065,1750358546.145,-1.263,6.103,-2.654,-20.392,10.081,-0.659,42.410,22.116,3.807
1750358546.584,1750358546.651,-1.263,6.103,-2.654,-20.392,10.081,-0.659,42.410,22.116,3.807
1750358547.063,1750358547.148,-1.263,6.103,-2.654,-20.392,10.081,-0.659,42.410,22.116,3.807
1750358547.584,1750358547.647,-1.263,6.103,-2.654,-20.392,10.081,-0.659,42.410,22.116,3.807
1750358548.071,1750358548.146,-1.263,6.103,-2.654,-20.392,10.081,-0.659,42.410,22.116,3.807
1750358548.590,1750358548.645,-1.263,6.103,-2.654,-20.392,10.081,-0.659,42.410,22.116,3.807
1750358549.077,1750358549.145,-1.263,6.103,-2.654,-20.392,10.081,-0.659,42.410,22.116,3.807
1750358549.569,1750358549.658,-1.263,6.103,-2.654,-20.392,10.081,-0.659,42.410,22.116,3.807
1750358550.077,1750358550.145,-1.263,6.103,-2.654,-20.392,10.081,-0.659,42.410,22.116,3.807
1750358550.575,1750358550.649,-1.263,6.103,-2.654,-20.392,10.081,-0.659,42.410,22.116,3.807
1750358551.090,1750358551.145,-1.263,6.103,-2.654,-20.392,10.081,-0.659,42.410,22.116,3.807
1750358551.580,1750358551.646,-1.263,6.103,-2.654,-20.392,10.081,-0.659,42.410,22.116,3.807
1750358552.064,1750358552.145,-1.263,6.103,-2.654,-20.392,10.081,-0.659,42.410,22.116,3.807
1750358552.588,1750358552.645,-1.263,6.103,-2.654,-20.392,10.081,-0.659,42.410,22.116,3.807
1750358553.069,1750358553.148,-1.263,6.103,-2.654,-20.392,10.081,-0.659,42.410,22.116,3.807
1750358553.585,1750358553.644,-1.263,6.103,-2.654,-20.392,10.081,-0.659,42.410,22.116,3.807
1750358554.079,1750358554.145,-1.263,6.103,-2.654,-20.392,10.081,-0.659,42.410,22.116,3.807
1750358554.565,1750358554.647,-1.263,6.103,-2.654,-20.392,10.081,-0.659,42.410,22.116,3.807
1750358555.084,1750358555.145,-1.263,6.103,-2.654,-20.392,10.081,-0.659,42.410,22.116,3.807
1750358555.569,1750358555.658,-1.263,6.103,-2.654,-20.392,10.081,-0.659,42.410,22.116,3.807
1750358556.089,1750358556.145,-1.263,6.103,-2.654,-20.392,10.081,-0.659,42.410,22.116,3.807
1750358556.581,1750358556.646,-1.263,6.103,-2.654,-20.392,10.081,-0.659,42.410,22.116,3.807
1750358557.064,1750358557.145,-1.263,6.103,-2.654,-20.392,10.081,-0.659,42.410,22.116,3.807
1750358557.583,1750358557.645,-1.263,6.103,-2.654,-20.392,10.081,-0.659,42.410,22.116,3.807
1750358558.074,1750358558.156,-1.263,6.103,-2.654,-20.392,10.081,-0.659,42.410,22.116,3.807
1750358558.591,1750358558.645,-1.263,6.103,-2.654,-20.392,10.081,-0.659,42.410,22.116,3.807
1750358559.074,1750358559.145,-1.263,6.103,-2.654,-20.392,10.081,-0.659,42.410,22.116,3.807
1750358559.567,1750358559.647,-1.263,6.103,-2.654,-20.392,10.081,-0.659,42.410,22.116,3.807
1750358560.085,1750358560.145,-1.263,6.103,-2.654,-20.392,10.081,-0.659,42.410,22.116,3.807
1750358560.570,1750358560.647,-1.263,6.103,-2.654,-20.392,10.081,-0.659,42.410,22.116,3.807
1750358561.091,1750358561.145,-1.263,6.103,-2.654,-20.392,10.081,-0.659,42.410,22.116,3.807
1750358561.583,1750358561.649,-1.263,6.103,-2.654,-20.392,10.081,-0.659,42.410,22.116,3.807
1750358562.068,1750358562.151,-1.263,6.103,-2.654,-20.392,10.081,-0.659,42.410,22.116,3.807
1750358562.592,1750358562.649,-1.263,6.103,-2.654,-20.392,10.081,-0.659,42.410,22.116,3.807
1750358563.088,1750358563.146,-1.263,6.103,-2.654,-20.392,10.081,-0.659,42.410,22.116,3.807
1750358563.572,1750358563.649,-1.263,6.103,-2.654,-20.392,10.081,-0.659,42.410,22.116,3.807
1750358564.092,1750358564.146,-1.263,6.103,-2.654,-20.392,10.081,-0.659,42.410,22.116,3.807
1750358564.580,1750358564.650,-1.263,6.103,-2.654,-20.392,10.081,-0.659,42.410,22.116,3.807
1750358565.076,1750358565.152,-1.263,6.103,-2.654,-20.392,10.081,-0.659,42.410,22.116,3.807
1750358565.564,1750358565.651,-1.263,6.103,-2.654,-20.392,10.081,-0.659,42.410,22.116,3.807
1750358566.083,1750358566.145,-1.263,6.103,-2.654,-20.392,10.081,-0.659,42.410,22.116,3.807
1750358566.570,1750358566.650,-1.263,6.103,-2.654,-20.392,10.081,-0.659,42.410,22.116,3.807
1750358567.091,1750358567.145,-1.263,6.103,-2.654,-20.392,10.081,-0.659,42.410,22.116,3.807
1750358567.583,1750358567.651,-1.263,6.103,-2.654,-20.392,10.081,-0.659,42.410,22.116,3.807
1750358568.064,1750358568.147,-1.263,6.103,-2.654,-20.392,10.081,-0.659,42.410,22.116,3.807
1750358568.589,1750358568.647,-1.263,6.103,-2.654,-20.392,10.081,-0.659,42.410,22.116,3.807
1750358569.075,1750358569.146,-1.263,6.103,-2.654,-20.392,10.081,-0.659,42.410,22.116,3.807
1750358569.591,1750358569.647,-1.263,6.103,-2.654,-20.392,10.081,-0.659,42.410,22.116,3.807
1750358570.077,1750358570.145,-1.263,6.103,-2.654,-20.392,10.081,-0.659,42.410,22.116,3.807
1750358570.563,1750358570.645,-1.263,6.103,-2.654,-20.392,10.081,-0.659,42.410,22.116,3.807
1750358571.083,1750358571.145,-1.263,6.103,-2.654,-20.392,10.081,-0.659,42.410,22.116,3.807
1750358571.568,1750358571.656,-1.263,6.103,-2.654,-20.392,10.081,-0.659,42.410,22.116,3.807
1750358572.089,1750358572.145,-1.263,6.103,-2.654,-20.392,10.081,-0.659,42.410,22.116,3.807
1750358572.579,1750358572.651,-1.263,6.103,-2.654,-20.392,10.081,-0.659,42.410,22.116,3.807
1750358573.069,1750358573.151,-1.263,6.103,-2.654,-20.392,10.081,-0.659,42.410,22.116,3.807
1750358573.588,1750358573.646,-1.263,6.103,-2.654,-20.392,10.081,-0.659,42.410,22.116,3.807
1750358574.078,1750358574.145,-1.263,6.103,-2.654,-20.392,10.081,-0.659,42.410,22.116,3.807
1750358574.568,1750358574.648,-1.263,6.103,-2.654,-20.392,10.081,-0.659,42.410,22.116,3.807
1750358575.088,1750358575.145,-1.263,6.103,-2.654,-20.392,10.081,-0.659,42.410,22.116,3.807
1750358575.575,1750358575.645,-1.263,6.103,-2.654,-20.392,10.081,-0.659,42.410,22.116,3.807
1750358576.063,1750358576.145,-1.263,6.103,-2.654,-20.392,10.081,-0.659,42.410,22.116,3.807
1750358576.587,1750358576.649,-1.263,6.103,-2.654,-20.392,10.081,-0.659,42.410,22.116,3.807
1750358577.071,1750358577.148,-1.263,6.103,-2.654,-20.392,10.081,-0.659,42.410,22.116,3.807
1750358577.587,1750358577.650,-1.263,6.103,-2.654,-20.392,10.081,-0.659,42.410,22.116,3.807
1750358578.080,1750358578.145,-1.263,6.103,-2.654,-20.392,10.081,-0.659,42.410,22.116,3.807
1750358578.594,1750358578.648,-1.263,6.103,-2.654,-20.392,10.081,-0.659,42.410,22.116,3.807
1750358579.080,1750358579.147,-1.263,6.103,-2.654,-20.392,10.081,-0.659,42.410,22.116,3.807
1750358579.567,1750358579.660,-1.263,6.103,-2.654,-20.392,10.081,-0.659,42.410,22.116,3.807
1750358580.087,1750358580.145,-1.263,6.103,-2.654,-20.392,10.081,-0.659,42.410,22.116,3.807
1750358580.572,1750358580.657,-1.263,6.103,-2.654,-20.392,10.081,-0.659,42.410,22.116,3.807
1750358581.091,1750358581.145,-1.263,6.103,-2.654,-20.392,10.081,-0.659,42.410,22.116,3.807
1750358581.572,1750358581.649,-1.263,6.103,-2.654,-20.392,10.081,-0.659,42.410,22.116,3.807
1750358582.064,1750358582.145,-1.263,6.103,-2.654,-20.392,10.081,-0.659,42.410,22.116,3.807
1750358582.581,1750358582.651,-1.263,6.103,-2.654,-20.392,10.081,-0.659,42.410,22.116,3.807
1750358583.072,1750358583.162,-1.263,6.103,-2.654,-20.392,10.081,-0.659,42.410,22.116,3.807
1750358583.560,1750358583.647,-1.263,6.103,-2.654,-20.392,10.081,-0.659,42.410,22.116,3.807
1750358584.068,1750358584.146,-1.263,6.103,-2.654,-20.392,10.081,-0.659,42.410,22.116,3.807
1750358584.584,1750358584.649,-1.263,6.103,-2.654,-20.392,10.081,-0.659,42.410,22.116,3.807
1750358585.074,1750358585.149,-1.263,6.103,-2.654,-20.392,10.081,-0.659,42.410,22.116,3.807
1750358585.588,1750358585.644,-1.263,6.103,-2.654,-20.392,10.081,-0.659,42.410,22.116,3.807
1750358586.075,1750358586.146,-1.263,6.103,-2.654,-20.392,10.081,-0.659,42.410,22.116,3.807
1750358586.564,1750358586.652,-1.263,6.103,-2.654,-20.392,10.081,-0.659,42.410,22.116,3.807
1750358587.089,1750358587.145,-1.263,6.103,-2.654,-20.392,10.081,-0.659,42.410,22.116,3.807
1750358587.573,1750358587.650,-1.263,6.103,-2.654,-20.392,10.081,-0.659,42.410,22.116,3.807
1750358588.071,1750358588.148,-1.263,6.103,-2.654,-20.392,10.081,-0.659,42.410,22.116,3.807
1750358588.590,1750358588.650,-1.263,6.103,-2.654,-20.392,10.081,-0.659,42.410,22.116,3.807
1750358589.072,1750358589.145,-1.263,6.103,-2.654,-20.392,10.081,-0.659,42.410,22.116,3.807
1750358589.591,1750358589.651,-1.263,6.103,-2.654,-20.392,10.081,-0.659,42.410,22.116,3.807
1750358590.082,1750358590.145,-1.263,6.103,-2.654,-20.392,10.081,-0.659,42.410,22.116,3.807
1750358590.571,1750358590.663,-1.263,6.103,-2.654,-20.392,10.081,-0.659,42.410,22.116,3.807
1750358591.092,1750358591.145,-1.263,6.103,-2.654,-20.392,10.081,-0.659,42.410,22.116,3.807
1750358591.584,1750358591.649,-1.263,6.103,-2.654,-20.392,10.081,-0.659,42.410,22.116,3.807
1750358592.067,1750358592.159,-1.263,6.103,-2.654,-20.392,10.081,-0.659,42.410,22.116,3.807
1750358592.587,1750358592.647,-1.263,6.103,-2.654,-20.392,10.081,-0.659,42.410,22.116,3.807
1750358593.075,1750358593.147,-1.263,6.103,-2.654,-20.392,10.081,-0.659,42.410,22.116,3.807
1750358593.565,1750358593.657,-1.263,6.103,-2.654,-20.392,10.081,-0.659,42.410,22.116,3.807
1750358594.086,1750358594.148,-1.263,6.103,-2.654,-20.392,10.081,-0.659,42.410,22.116,3.807
1750358594.570,1750358594.651,-1.263,6.103,-2.654,-20.392,10.081,-0.659,42.410,22.116,3.807
1750358595.089,1750358595.149,-1.263,6.103,-2.654,-20.392,10.081,-0.659,42.410,22.116,3.807
1750358595.575,1750358595.649,-1.263,6.103,-2.654,-20.392,10.081,-0.659,42.410,22.116,3.807
1750358596.064,1750358596.145,-1.263,6.103,-2.654,-20.392,10.081,-0.659,42.410,22.116,3.807
1750358596.581,1750358596.645,-1.263,6.103,-2.654,-20.392,10.081,-0.659,42.410,22.116,3.807
1750358597.072,1750358597.149,-1.263,6.103,-2.654,-20.392,10.081,-0.659,42.410,22.116,3.807
1750358597.591,1750358597.645,-1.263,6.103,-2.654,-20.392,10.081,-0.659,42.410,22.116,3.807
1750358598.076,1750358598.154,-1.263,6.103,-2.654,-20.392,10.081,-0.659,42.410,22.116,3.807
1750358598.572,1750358598.651,-1.263,6.103,-2.654,-20.392,10.081,-0.659,42.410,22.116,3.807
1750358599.092,1750358599.145,-1.263,6.103,-2.654,-20.392,10.081,-0.659,42.410,22.116,3.807
1750358599.579,1750358599.650,-1.263,6.103,-2.654,-20.392,10.081,-0.659,42.410,22.116,3.807
1750358600.067,1750358600.153,-1.263,6.103,-2.654,-20.392,10.081,-0.659,42.410,22.116,3.807
1750358600.584,1750358600.649,-1.263,6.103,-2.654,-20.392,10.081,-0.659,42.410,22.116,3.807
1750358601.068,1750358601.156,-1.263,6.103,-2.654,-20.392,10.081,-0.659,42.410,22.116,3.807
1750358601.588,1750358601.651,-1.263,6.103,-2.654,-20.392,10.081,-0.659,42.410,22.116,3.807
1750358602.074,1750358602.145,-1.263,6.103,-2.654,-20.392,10.081,-0.659,42.410,22.116,3.807
1750358602.564,1750358602.647,-1.263,6.103,-2.654,-20.392,10.081,-0.659,42.410,22.116,3.807
1750358603.085,1750358603.145,-1.263,6.103,-2.654,-20.392,10.081,-0.659,42.410,22.116,3.807
1750358603.568,1750358603.651,-1.263,6.103,-2.654,-20.392,10.081,-0.659,42.410,22.116,3.807
1750358604.084,1750358604.145,-1.263,6.103,-2.654,-20.392,10.081,-0.659,42.410,22.116,3.807
1750358604.572,1750358604.659,-1.263,6.103,-2.654,-20.392,10.081,-0.659,42.410,22.116,3.807
1750358605.063,1750358605.144,-1.263,6.103,-2.654,-20.392,10.081,-0.659,42.410,22.116,3.807
1750358605.581,1750358605.648,-1.263,6.103,-2.654,-20.392,10.081,-0.659,42.410,22.116,3.807
1750358606.067,1750358606.157,-1.263,6.103,-2.654,-20.392,10.081,-0.659,42.410,22.116,3.807
1750358606.588,1750358606.649,-1.263,6.103,-2.654,-20.392,10.081,-0.659,42.410,22.116,3.807
1750358607.075,1750358607.147,-1.263,6.103,-2.654,-20.392,10.081,-0.659,42.410,22.116,3.807
1750358607.591,1750358607.650,-1.263,6.103,-2.654,-20.392,10.081,-0.659,42.410,22.116,3.807
1750358608.080,1750358608.145,-1.263,6.103,-2.654,-20.392,10.081,-0.659,42.410,22.116,3.807
1750358608.569,1750358608.658,-1.263,6.103,-2.654,-20.392,10.081,-0.659,42.410,22.116,3.807
1750358609.087,1750358609.146,-1.263,6.103,-2.654,-20.392,10.081,-0.659,42.410,22.116,3.807
1750358609.576,1750358609.650,-1.263,6.103,-2.654,-20.392,10.081,-0.659,42.410,22.116,3.807
1750358610.063,1750358610.156,-1.263,6.103,-2.654,-20.392,10.081,-0.659,42.410,22.116,3.807
1750358610.580,1750358610.646,-1.263,6.103,-2.654,-20.392,10.081,-0.659,42.410,22.116,3.807
1750358611.069,1750358611.146,-1.263,6.103,-2.654,-20.392,10.081,-0.659,42.410,22.116,3.807
1750358611.588,1750358611.646,-1.263,6.103,-2.654,-20.392,10.081,-0.659,42.410,22.116,3.807
1750358612.080,1750358612.145,-1.263,6.103,-2.654,-20.392,10.081,-0.659,42.410,22.116,3.807
1750358612.570,1750358612.649,-1.263,6.103,-2.654,-20.392,10.081,-0.659,42.410,22.116,3.807
1750358613.092,1750358613.145,-1.263,6.103,-2.654,-20.392,10.081,-0.659,42.410,22.116,3.807
1750358613.575,1750358613.646,-1.263,6.103,-2.654,-20.392,10.081,-0.659,42.410,22.116,3.807
1750358614.066,1750358614.147,-1.263,6.103,-2.654,-20.392,10.081,-0.659,42.410,22.116,3.807
1750358614.588,1750358614.645,-1.263,6.103,-2.654,-20.392,10.081,-0.659,42.410,22.116,3.807
1750358615.072,1750358615.145,-1.263,6.103,-2.654,-20.392,10.081,-0.659,42.410,22.116,3.807
1750358615.592,1750358615.646,-1.263,6.103,-2.654,-20.392,10.081,-0.659,42.410,22.116,3.807
1750358616.080,1750358616.145,-1.263,6.103,-2.654,-20.392,10.081,-0.659,42.410,22.116,3.807
1750358616.565,1750358616.657,-1.263,6.103,-2.654,-20.392,10.081,-0.659,42.410,22.116,3.807
1750358617.082,1750358617.145,-1.263,6.103,-2.654,-20.392,10.081,-0.659,42.410,22.116,3.807
1750358617.571,1750358617.654,-1.263,6.103,-2.654,-20.392,10.081,-0.659,42.410,22.116,3.807
1750358618.063,1750358618.145,-1.263,6.103,-2.654,-20.392,10.081,-0.659,42.410,22.116,3.807
1750358618.582,1750358618.650,-1.263,6.103,-2.654,-20.392,10.081,-0.659,42.410,22.116,3.807
1750358619.069,1750358619.157,-1.263,6.103,-2.654,-20.392,10.081,-0.659,42.410,22.116,3.807
1750358619.592,1750358619.645,-1.263,6.103,-2.654,-20.392,10.081,-0.659,42.410,22.116,3.807
1750358620.079,1750358620.146,-1.263,6.103,-2.654,-20.392,10.081,-0.659,42.410,22.116,3.807
1750358620.565,1750358620.648,-1.263,6.103,-2.654,-20.392,10.081,-0.659,42.410,22.116,3.807
1750358621.086,1750358621.145,-1.263,6.103,-2.654,-20.392,10.081,-0.659,42.410,22.116,3.807
1750358621.572,1750358621.651,-1.263,6.103,-2.654,-20.392,10.081,-0.659,42.410,22.116,3.807
1750358622.093,1750358622.158,-1.263,6.103,-2.654,-20.392,10.081,-0.659,42.410,22.116,3.807
1750358622.578,1750358622.647,-1.263,6.103,-2.654,-20.392,10.081,-0.659,42.410,22.116,3.807
1750358623.069,1750358623.146,-1.263,6.103,-2.654,-20.392,10.081,-0.659,42.410,22.116,3.807
1750358623.587,1750358623.651,-1.263,6.103,-2.654,-20.392,10.081,-0.659,42.410,22.116,3.807
1750358624.079,1750358624.145,-1.263,6.103,-2.654,-20.392,10.081,-0.659,42.410,22.116,3.807
1750358624.592,1750358624.650,-1.263,6.103,-2.654,-20.392,10.081,-0.659,42.410,22.116,3.807
1750358625.078,1750358625.146,-1.263,6.103,-2.654,-20.392,10.081,-0.659,42.410,22.116,3.807
1750358625.593,1750358625.652,-1.263,6.103,-2.654,-20.392,10.081,-0.659,42.410,22.116,3.807
1750358626.078,1750358626.145,-1.263,6.103,-2.654,-20.392,10.081,-0.659,42.410,22.116,3.807
1750358626.568,1750358626.656,-1.263,6.103,-2.654,-20.392,10.081,-0.659,42.410,22.116,3.807
1750358627.091,1750358627.148,-1.263,6.103,-2.654,-20.392,10.081,-0.659,42.410,22.116,3.807
1750358627.570,1750358627.660,-1.263,6.103,-2.654,-20.392,10.081,-0.659,42.410,22.116,3.807
1750358628.088,1750358628.146,-1.263,6.103,-2.654,-20.392,10.081,-0.659,42.410,22.116,3.807
1750358628.576,1750358628.651,-1.263,6.103,-2.654,-20.392,10.081,-0.659,42.410,22.116,3.807
1750358629.064,1750358629.145,-1.263,6.103,-2.654,-20.392,10.081,-0.659,42.410,22.116,3.807
1750358629.580,1750358629.645,-1.263,6.103,-2.654,-20.392,10.081,-0.659,42.410,22.116,3.807
1750358630.064,1750358630.145,-1.263,6.103,-2.654,-20.392,10.081,-0.659,42.410,22.116,3.807
1750358630.584,1750358630.649,-1.263,6.103,-2.654,-20.392,10.081,-0.659,42.410,22.116,3.807
1750358631.066,1750358631.149,-1.263,6.103,-2.654,-20.392,10.081,-0.659,42.410,22.116,3.807
1750358631.582,1750358631.649,-1.263,6.103,-2.654,-20.392,10.081,-0.659,42.410,22.116,3.807
1750358632.075,1750358632.145,-1.263,6.103,-2.654,-20.392,10.081,-0.659,42.410,22.116,3.807
1750358632.564,1750358632.658,-1.263,6.103,-2.654,-20.392,10.081,-0.659,42.410,22.116,3.807
1750358633.081,1750358633.145,-1.263,6.103,-2.654,-20.392,10.081,-0.659,42.410,22.116,3.807
1750358633.570,1750358633.649,-1.263,6.103,-2.654,-20.392,10.081,-0.659,42.410,22.116,3.807
1750358634.083,1750358634.157,-1.263,6.103,-2.654,-20.392,10.081,-0.659,42.410,22.116,3.807
1750358634.576,1750358634.649,-1.263,6.103,-2.654,-20.392,10.081,-0.659,42.410,22.116,3.807
1750358635.063,1750358635.145,-1.263,6.103,-2.654,-20.392,10.081,-0.659,42.410,22.116,3.807
1750358635.582,1750358635.646,-1.263,6.103,-2.654,-20.392,10.081,-0.659,42.410,22.116,3.807
1750358636.069,1750358636.147,-1.263,6.103,-2.654,-20.392,10.081,-0.659,42.410,22.116,3.807
1750358636.588,1750358636.649,-1.263,6.103,-2.654,-20.392,10.081,-0.659,42.410,22.116,3.807
1750358637.069,1750358637.164,-1.263,6.103,-2.654,-20.392,10.081,-0.659,42.410,22.116,3.807
1750358637.588,1750358637.647,-1.263,6.103,-2.654,-20.392,10.081,-0.659,42.410,22.116,3.807
1750358638.076,1750358638.157,-1.263,6.103,-2.654,-20.392,10.081,-0.659,42.410,22.116,3.807
1750358638.564,1750358638.644,-1.263,6.103,-2.654,-20.392,10.081,-0.659,42.410,22.116,3.807
1750358639.084,1750358639.145,-1.263,6.103,-2.654,-20.392,10.081,-0.659,42.410,22.116,3.807
1750358639.569,1750358639.656,-1.263,6.103,-2.654,-20.392,10.081,-0.659,42.410,22.116,3.807
1750358640.089,1750358640.145,-1.263,6.103,-2.654,-20.392,10.081,-0.659,42.410,22.116,3.807
1750358640.575,1750358640.649,-1.263,6.103,-2.654,-20.392,10.081,-0.659,42.410,22.116,3.807
1750358641.065,1750358641.145,-1.263,6.103,-2.654,-20.392,10.081,-0.659,42.410,22.116,3.807
1750358641.584,1750358641.649,-1.263,6.103,-2.654,-20.392,10.081,-0.659,42.410,22.116,3.807
1750358642.063,1750358642.148,-1.263,6.103,-2.654,-20.392,10.081,-0.659,42.410,22.116,3.807
1750358642.587,1750358642.649,-1.263,6.103,-2.654,-20.392,10.081,-0.659,42.410,22.116,3.807
1750358643.069,1750358643.147,-1.263,6.103,-2.654,-20.392,10.081,-0.659,42.410,22.116,3.807
1750358643.593,1750358643.646,-1.263,6.103,-2.654,-20.392,10.081,-0.659,42.410,22.116,3.807
1750358644.078,1750358644.145,-1.263,6.103,-2.654,-20.392,10.081,-0.659,42.410,22.116,3.807
1750358644.566,1750358644.645,-1.263,6.103,-2.654,-20.392,10.081,-0.659,42.410,22.116,3.807
1750358645.088,1750358645.147,-1.263,6.103,-2.654,-20.392,10.081,-0.659,42.410,22.116,3.807
1750358645.579,1750358645.649,-1.263,6.103,-2.654,-20.392,10.081,-0.659,42.410,22.116,3.807
1750358646.060,1750358646.145,-1.263,6.103,-2.654,-20.392,10.081,-0.659,42.410,22.116,3.807
1750358646.582,1750358646.651,-1.263,6.103,-2.654,-20.392,10.081,-0.659,42.410,22.116,3.807
1750358647.070,1750358647.150,-1.263,6.103,-2.654,-20.392,10.081,-0.659,42.410,22.116,3.807
1750358647.594,1750358647.647,-1.263,6.103,-2.654,-20.392,10.081,-0.659,42.410,22.116,3.807
1750358648.079,1750358648.145,-1.263,6.103,-2.654,-20.392,10.081,-0.659,42.410,22.116,3.807
1750358648.592,1750358648.649,-1.263,6.103,-2.654,-20.392,10.081,-0.659,42.410,22.116,3.807
1750358649.078,1750358649.147,-1.263,6.103,-2.654,-20.392,10.081,-0.659,42.410,22.116,3.807
1750358649.568,1750358649.660,-1.263,6.103,-2.654,-20.392,10.081,-0.659,42.410,22.116,3.807
1750358650.085,1750358650.146,-1.263,6.103,-2.654,-20.392,10.081,-0.659,42.410,22.116,3.807
1750358650.569,1750358650.652,-1.263,6.103,-2.654,-20.392,10.081,-0.659,42.410,22.116,3.807
1750358651.088,1750358651.146,-1.263,6.103,-2.654,-20.392,10.081,-0.659,42.410,22.116,3.807
1750358651.578,1750358651.654,-1.263,6.103,-2.654,-20.392,10.081,-0.659,42.410,22.116,3.807
1750358652.092,1750358652.148,-1.263,6.103,-2.654,-20.392,10.081,-0.659,42.410,22.116,3.807
1750358652.577,1750358652.657,-1.263,6.103,-2.654,-20.392,10.081,-0.659,42.410,22.116,3.807
1750358653.092,1750358653.145,-1.263,6.103,-2.654,-20.392,10.081,-0.659,42.410,22.116,3.807
1750358653.571,1750358653.645,-1.263,6.103,-2.654,-20.392,10.081,-0.659,42.410,22.116,3.807
1750358654.089,1750358654.145,-1.263,6.103,-2.654,-20.392,10.081,-0.659,42.410,22.116,3.807
1750358654.579,1750358654.645,-1.263,6.103,-2.654,-20.392,10.081,-0.659,42.410,22.116,3.807
1750358655.066,1750358655.145,-1.263,6.103,-2.654,-20.392,10.081,-0.659,42.410,22.116,3.807
1750358655.584,1750358655.649,-1.263,6.103,-2.654,-20.392,10.081,-0.659,42.410,22.116,3.807
1750358656.066,1750358656.155,-1.263,6.103,-2.654,-20.392,10.081,-0.659,42.410,22.116,3.807
1750358656.584,1750358656.647,-1.263,6.103,-2.654,-20.392,10.081,-0.659,42.410,22.116,3.807
1750358657.072,1750358657.148,-1.263,6.103,-2.654,-20.392,10.081,-0.659,42.410,22.116,3.807
1750358657.563,1750358657.648,-1.263,6.103,-2.654,-20.392,10.081,-0.659,42.410,22.116,3.807
1750358658.080,1750358658.145,-1.263,6.103,-2.654,-20.392,10.081,-0.659,42.410,22.116,3.807
1750358658.565,1750358658.656,-1.263,6.103,-2.654,-20.392,10.081,-0.659,42.410,22.116,3.807
1750358659.084,1750358659.146,-1.263,6.103,-2.654,-20.392,10.081,-0.659,42.410,22.116,3.807
1750358659.573,1750358659.651,-1.263,6.103,-2.654,-20.392,10.081,-0.659,42.410,22.116,3.807
1750358660.091,1750358660.145,-1.263,6.103,-2.654,-20.392,10.081,-0.659,42.410,22.116,3.807
1750358660.580,1750358660.650,-1.263,6.103,-2.654,-20.392,10.081,-0.659,42.410,22.116,3.807
1750358661.068,1750358661.145,-1.263,6.103,-2.654,-20.392,10.081,-0.659,42.410,22.116,3.807
1750358661.590,1750358661.646,-1.263,6.103,-2.654,-20.392,10.081,-0.659,42.410,22.116,3.807
1750358662.073,1750358662.147,-1.263,6.103,-2.654,-20.392,10.081,-0.659,42.410,22.116,3.807
1750358662.592,1750358662.649,-1.263,6.103,-2.654,-20.392,10.081,-0.659,42.410,22.116,3.807
1750358663.078,1750358663.145,-1.263,6.103,-2.654,-20.392,10.081,-0.659,42.410,22.116,3.807
1750358663.563,1750358663.648,-1.263,6.103,-2.654,-20.392,10.081,-0.659,42.410,22.116,3.807
1750358664.078,1750358664.145,-1.263,6.103,-2.654,-20.392,10.081,-0.659,42.410,22.116,3.807
1750358664.568,1750358664.660,-1.263,6.103,-2.654,-20.392,10.081,-0.659,42.410,22.116,3.807
1750358665.086,1750358665.145,-1.263,6.103,-2.654,-20.392,10.081,-0.659,42.410,22.116,3.807
1750358665.578,1750358665.646,-1.263,6.103,-2.654,-20.392,10.081,-0.659,42.410,22.116,3.807
1750358666.065,1750358666.146,-1.263,6.103,-2.654,-20.392,10.081,-0.659,42.410,22.116,3.807
1750358666.584,1750358666.650,-1.263,6.103,-2.654,-20.392,10.081,-0.659,42.410,22.116,3.807
1750358667.071,1750358667.151,-1.263,6.103,-2.654,-20.392,10.081,-0.659,42.410,22.116,3.807
1750358667.563,1750358667.648,-1.263,6.103,-2.654,-20.392,10.081,-0.659,42.410,22.116,3.807
1750358668.080,1750358668.145,-1.263,6.103,-2.654,-20.392,10.081,-0.659,42.410,22.116,3.807
1750358668.567,1750358668.658,-1.263,6.103,-2.654,-20.392,10.081,-0.659,42.410,22.116,3.807
1750358669.089,1750358669.145,-1.263,6.103,-2.654,-20.392,10.081,-0.659,42.410,22.116,3.807
1750358669.580,1750358669.646,-1.263,6.103,-2.654,-20.392,10.081,-0.659,42.410,22.116,3.807
1750358670.065,1750358670.145,-1.263,6.103,-2.654,-20.392,10.081,-0.659,42.410,22.116,3.807
1750358670.588,1750358670.645,-1.263,6.103,-2.654,-20.392,10.081,-0.659,42.410,22.116,3.807
1750358671.070,1750358671.152,-1.263,6.103,-2.654,-20.392,10.081,-0.659,42.410,22.116,3.807
1750358671.588,1750358671.645,-1.263,6.103,-2.654,-20.392,10.081,-0.659,42.410,22.116,3.807
1750358672.076,1750358672.145,-1.263,6.103,-2.654,-20.392,10.081,-0.659,42.410,22.116,3.807
1750358672.563,1750358672.648,-1.263,6.103,-2.654,-20.392,10.081,-0.659,42.410,22.116,3.807
1750358673.086,1750358673.153,-1.263,6.103,-2.654,-20.392,10.081,-0.659,42.410,22.116,3.807
1750358673.573,1750358673.650,-1.263,6.103,-2.654,-20.392,10.081,-0.659,42.410,22.116,3.807
1750358674.091,1750358674.146,-1.263,6.103,-2.654,-20.392,10.081,-0.659,42.410,22.116,3.807
1750358674.577,1750358674.645,-1.263,6.103,-2.654,-20.392,10.081,-0.659,42.410,22.116,3.807
1750358675.063,1750358675.146,-1.263,6.103,-2.654,-20.392,10.081,-0.659,42.410,22.116,3.807
1750358675.583,1750358675.645,-1.263,6.103,-2.654,-20.392,10.081,-0.659,42.410,22.116,3.807
1750358676.068,1750358676.145,-1.263,6.103,-2.654,-20.392,10.081,-0.659,42.410,22.116,3.807
1750358676.591,1750358676.644,-1.263,6.103,-2.654,-20.392,10.081,-0.659,42.410,22.116,3.807
1750358677.073,1750358677.145,-1.263,6.103,-2.654,-20.392,10.081,-0.659,42.410,22.116,3.807
1750358677.591,1750358677.645,-1.263,6.103,-2.654,-20.392,10.081,-0.659,42.410,22.116,3.807
1750358678.079,1750358678.145,-1.263,6.103,-2.654,-20.392,10.081,-0.659,42.410,22.116,3.807
1750358678.564,1750358678.646,-1.263,6.103,-2.654,-20.392,10.081,-0.659,42.410,22.116,3.807
1750358679.083,1750358679.155,-1.263,6.103,-2.654,-20.392,10.081,-0.659,42.410,22.116,3.807
1750358679.569,1750358679.649,-1.263,6.103,-2.654,-20.392,10.081,-0.659,42.410,22.116,3.807
1750358680.089,1750358680.146,-1.263,6.103,-2.654,-20.392,10.081,-0.659,42.410,22.116,3.807
1750358680.579,1750358680.650,-1.263,6.103,-2.654,-20.392,10.081,-0.659,42.410,22.116,3.807
1750358681.065,1750358681.148,-1.263,6.103,-2.654,-20.392,10.081,-0.659,42.410,22.116,3.807
1750358681.588,1750358681.646,-1.263,6.103,-2.654,-20.392,10.081,-0.659,42.410,22.116,3.807
1750358682.070,1750358682.154,-1.263,6.103,-2.654,-20.392,10.081,-0.659,42.410,22.116,3.807
1750358682.588,1750358682.645,-1.263,6.103,-2.654,-20.392,10.081,-0.659,42.410,22.116,3.807
1750358683.072,1750358683.152,-1.263,6.103,-2.654,-20.392,10.081,-0.659,42.410,22.116,3.807
1750358683.560,1750358683.648,-1.263,6.103,-2.654,-20.392,10.081,-0.659,42.410,22.116,3.807
1750358684.079,1750358684.145,-1.263,6.103,-2.654,-20.392,10.081,-0.659,42.410,22.116,3.807
1750358684.568,1750358684.653,-1.263,6.103,-2.654,-20.392,10.081,-0.659,42.410,22.116,3.807
1750358685.083,1750358685.154,-1.263,6.103,-2.654,-20.392,10.081,-0.659,42.410,22.116,3.807
1750358685.574,1750358685.654,-1.263,6.103,-2.654,-20.392,10.081,-0.659,42.410,22.116,3.807
1750358686.092,1750358686.163,-1.263,6.103,-2.654,-20.392,10.081,-0.659,42.410,22.116,3.807
1750358686.580,1750358686.649,-1.263,6.103,-2.654,-20.392,10.081,-0.659,42.410,22.116,3.807
1750358687.065,1750358687.155,-1.263,6.103,-2.654,-20.392,10.081,-0.659,42.410,22.116,3.807
1750358687.586,1750358687.648,-1.263,6.103,-2.654,-20.392,10.081,-0.659,42.410,22.116,3.807
1750358688.077,1750358688.144,-1.263,6.103,-2.654,-20.392,10.081,-0.659,42.410,22.116,3.807
1750358688.565,1750358688.652,-1.263,6.103,-2.654,-20.392,10.081,-0.659,42.410,22.116,3.807
1750358689.086,1750358689.145,-1.263,6.103,-2.654,-20.392,10.081,-0.659,42.410,22.116,3.807
1750358689.574,1750358689.650,-1.263,6.103,-2.654,-20.392,10.081,-0.659,42.410,22.116,3.807
1750358690.092,1750358690.145,-1.263,6.103,-2.654,-20.392,10.081,-0.659,42.410,22.116,3.807
1750358690.580,1750358690.649,-1.263,6.103,-2.654,-20.392,10.081,-0.659,42.410,22.116,3.807
1750358691.070,1750358691.156,-1.263,6.103,-2.654,-20.392,10.081,-0.659,42.410,22.116,3.807
1750358691.589,1750358691.649,-1.263,6.103,-2.654,-20.392,10.081,-0.659,42.410,22.116,3.807
1750358692.077,1750358692.149,-1.263,6.103,-2.654,-20.392,10.081,-0.659,42.410,22.116,3.807
1750358692.565,1750358692.654,-1.263,6.103,-2.654,-20.392,10.081,-0.659,42.410,22.116,3.807
1750358693.088,1750358693.145,-1.263,6.103,-2.654,-20.392,10.081,-0.659,42.410,22.116,3.807
1750358693.567,1750358693.644,-1.263,6.103,-2.654,-20.392,10.081,-0.659,42.410,22.116,3.807
1750358694.087,1750358694.145,-1.263,6.103,-2.654,-20.392,10.081,-0.659,42.410,22.116,3.807
1750358694.577,1750358694.646,-1.263,6.103,-2.654,-20.392,10.081,-0.659,42.410,22.116,3.807
1750358695.064,1750358695.145,-1.263,6.103,-2.654,-20.392,10.081,-0.659,42.410,22.116,3.807
1750358695.585,1750358695.650,-1.263,6.103,-2.654,-20.392,10.081,-0.659,42.410,22.116,3.807
1750358696.071,1750358696.150,-1.263,6.103,-2.654,-20.392,10.081,-0.659,42.410,22.116,3.807
1750358696.585,1750358696.648,-1.263,6.103,-2.654,-20.392,10.081,-0.659,42.410,22.116,3.807
1750358697.072,1750358697.145,-1.263,6.103,-2.654,-20.392,10.081,-0.659,42.410,22.116,3.807
1750358697.592,1750358697.646,-1.263,6.103,-2.654,-20.392,10.081,-0.659,42.410,22.116,3.807
1750358698.075,1750358698.146,-1.263,6.103,-2.654,-20.392,10.081,-0.659,42.410,22.116,3.807
1750358698.563,1750358698.649,-1.263,6.103,-2.654,-20.392,10.081,-0.659,42.410,22.116,3.807
1750358699.085,1750358699.145,-1.263,6.103,-2.654,-20.392,10.081,-0.659,42.410,22.116,3.807
1750358699.572,1750358699.650,-1.263,6.103,-2.654,-20.392,10.081,-0.659,42.410,22.116,3.807
1750358700.091,1750358700.145,-1.263,6.103,-2.654,-20.392,10.081,-0.659,42.410,22.116,3.807
1750358700.575,1750358700.646,-1.263,6.103,-2.654,-20.392,10.081,-0.659,42.410,22.116,3.807
1750358701.063,1750358701.145,-1.263,6.103,-2.654,-20.392,10.081,-0.659,42.410,22.116,3.807
1750358701.585,1750358701.647,-1.263,6.103,-2.654,-20.392,10.081,-0.659,42.410,22.116,3.807
1750358702.070,1750358702.147,-1.263,6.103,-2.654,-20.392,10.081,-0.659,42.410,22.116,3.807
1750358702.593,1750358702.649,-1.263,6.103,-2.654,-20.392,10.081,-0.659,42.410,22.116,3.807
1750358703.078,1750358703.145,-1.263,6.103,-2.654,-20.392,10.081,-0.659,42.410,22.116,3.807
1750358703.565,1750358703.658,-1.263,6.103,-2.654,-20.392,10.081,-0.659,42.410,22.116,3.807
1750358704.082,1750358704.145,-1.263,6.103,-2.654,-20.392,10.081,-0.659,42.410,22.116,3.807
1750358704.589,1750358704.649,-1.263,6.103,-2.654,-20.392,10.081,-0.659,42.410,22.116,3.807
1750358705.075,1750358705.153,-1.263,6.103,-2.654,-20.392,10.081,-0.659,42.410,22.116,3.807
1750358705.561,1750358705.647,-1.263,6.103,-2.654,-20.392,10.081,-0.659,42.410,22.116,3.807
1750358706.083,1750358706.145,-1.263,6.103,-2.654,-20.392,10.081,-0.659,42.410,22.116,3.807
1750358706.569,1750358706.650,-1.263,6.103,-2.654,-20.392,10.081,-0.659,42.410,22.116,3.807
1750358707.088,1750358707.145,-1.263,6.103,-2.654,-20.392,10.081,-0.659,42.410,22.116,3.807
1750358707.573,1750358707.656,-1.263,6.103,-2.654,-20.392,10.081,-0.659,42.410,22.116,3.807
1750358708.092,1750358708.145,-1.263,6.103,-2.654,-20.392,10.081,-0.659,42.410,22.116,3.807
1750358708.580,1750358708.647,-1.263,6.103,-2.654,-20.392,10.081,-0.659,42.410,22.116,3.807
1750358709.072,1750358709.145,-1.263,6.103,-2.654,-20.392,10.081,-0.659,42.410,22.116,3.807
1750358709.593,1750358709.645,-1.263,6.103,-2.654,-20.392,10.081,-0.659,42.410,22.116,3.807
1750358710.081,1750358710.145,-1.263,6.103,-2.654,-20.392,10.081,-0.659,42.410,22.116,3.807
1750358710.564,1750358710.646,-1.263,6.103,-2.654,-20.392,10.081,-0.659,42.410,22.116,3.807
1750358711.085,1750358711.153,-1.263,6.103,-2.654,-20.392,10.081,-0.659,42.410,22.116,3.807
1750358711.570,1750358711.655,-1.263,6.103,-2.654,-20.392,10.081,-0.659,42.410,22.116,3.807
1750358712.091,1750358712.162,-1.263,6.103,-2.654,-20.392,10.081,-0.659,42.410,22.116,3.807
1750358712.578,1750358712.645,-1.263,6.103,-2.654,-20.392,10.081,-0.659,42.410,22.116,3.807
1750358713.067,1750358713.145,-1.263,6.103,-2.654,-20.392,10.081,-0.659,42.410,22.116,3.807
1750358713.589,1750358713.645,-1.263,6.103,-2.654,-20.392,10.081,-0.659,42.410,22.116,3.807
1750358714.080,1750358714.152,-1.263,6.103,-2.654,-20.392,10.081,-0.659,42.410,22.116,3.807
1750358714.561,1750358714.649,-1.263,6.103,-2.654,-20.392,10.081,-0.659,42.410,22.116,3.807
1750358715.082,1750358715.145,-1.263,6.103,-2.654,-20.392,10.081,-0.659,42.410,22.116,3.807
1750358715.568,1750358715.657,-1.263,6.103,-2.654,-20.392,10.081,-0.659,42.410,22.116,3.807
1750358716.089,1750358716.154,-1.263,6.103,-2.654,-20.392,10.081,-0.659,42.410,22.116,3.807
1750358716.574,1750358716.646,-1.263,6.103,-2.654,-20.392,10.081,-0.659,42.410,22.116,3.807
1750358717.065,1750358717.149,-1.263,6.103,-2.654,-20.392,10.081,-0.659,42.410,22.116,3.807
1750358717.588,1750358717.645,-1.263,6.103,-2.654,-20.392,10.081,-0.659,42.410,22.116,3.807
1750358718.072,1750358718.149,-1.263,6.103,-2.654,-20.392,10.081,-0.659,42.410,22.116,3.807
1750358718.592,1750358718.646,-1.263,6.103,-2.654,-20.392,10.081,-0.659,42.410,22.116,3.807
1750358719.076,1750358719.146,-1.263,6.103,-2.654,-20.392,10.081,-0.659,42.410,22.116,3.807
1750358719.567,1750358719.656,-1.263,6.103,-2.654,-20.392,10.081,-0.659,42.410,22.116,3.807
1750358720.087,1750358720.145,-1.263,6.103,-2.654,-20.392,10.081,-0.659,42.410,22.116,3.807
1750358720.569,1750358720.649,-1.263,6.103,-2.654,-20.392,10.081,-0.659,42.410,22.116,3.807
1750358721.063,1750358721.145,-1.263,6.103,-2.654,-20.392,10.081,-0.659,42.410,22.116,3.807
1750358721.581,1750358721.649,-1.263,6.103,-2.654,-20.392,10.081,-0.659,42.410,22.116,3.807
1750358722.067,1750358722.147,-1.263,6.103,-2.654,-20.392,10.081,-0.659,42.410,22.116,3.807
1750358722.585,1750358722.647,-1.263,6.103,-2.654,-20.392,10.081,-0.659,42.410,22.116,3.807
1750358723.076,1750358723.147,-1.263,6.103,-2.654,-20.392,10.081,-0.659,42.410,22.116,3.807
1750358723.563,1750358723.653,-1.263,6.103,-2.654,-20.392,10.081,-0.659,42.410,22.116,3.807
1750358724.085,1750358724.145,-1.263,6.103,-2.654,-20.392,10.081,-0.659,42.410,22.116,3.807
1750358724.572,1750358724.649,-1.263,6.103,-2.654,-20.392,10.081,-0.659,42.410,22.116,3.807
1750358725.088,1750358725.151,-1.263,6.103,-2.654,-20.392,10.081,-0.659,42.410,22.116,3.807
1750358725.568,1750358725.648,-1.263,6.103,-2.654,-20.392,10.081,-0.659,42.410,22.116,3.807
1750358726.090,1750358726.146,-1.263,6.103,-2.654,-20.392,10.081,-0.659,42.410,22.116,3.807
1750358726.573,1750358726.648,-1.263,6.103,-2.654,-20.392,10.081,-0.659,42.410,22.116,3.807
1750358727.063,1750358727.156,-1.263,6.103,-2.654,-20.392,10.081,-0.659,42.410,22.116,3.807
1750358727.585,1750358727.646,-1.263,6.103,-2.654,-20.392,10.081,-0.659,42.410,22.116,3.807
1750358728.069,1750358728.150,-1.263,6.103,-2.654,-20.392,10.081,-0.659,42.410,22.116,3.807
1750358728.584,1750358728.647,-1.263,6.103,-2.654,-20.392,10.081,-0.659,42.410,22.116,3.807
1750358729.069,1750358729.157,-1.263,6.103,-2.654,-20.392,10.081,-0.659,42.410,22.116,3.807
1750358729.587,1750358729.649,-1.263,6.103,-2.654,-20.392,10.081,-0.659,42.410,22.116,3.807
1750358730.071,1750358730.151,-1.263,6.103,-2.654,-20.392,10.081,-0.659,42.410,22.116,3.807
1750358730.592,1750358730.646,-1.263,6.103,-2.654,-20.392,10.081,-0.659,42.410,22.116,3.807
1750358731.079,1750358731.146,-1.263,6.103,-2.654,-20.392,10.081,-0.659,42.410,22.116,3.807
1750358731.559,1750358731.649,-1.263,6.103,-2.654,-20.392,10.081,-0.659,42.410,22.116,3.807
1750358732.080,1750358732.143,-1.263,6.103,-2.654,-20.392,10.081,-0.659,42.410,22.116,3.807
1750358732.575,1750358732.646,-1.263,6.103,-2.654,-20.392,10.081,-0.659,42.410,22.116,3.807
1750358733.088,1750358733.156,-1.263,6.103,-2.654,-20.392,10.081,-0.659,42.410,22.116,3.807
1750358733.578,1750358733.649,-1.263,6.103,-2.654,-20.392,10.081,-0.659,42.410,22.116,3.807
1750358734.065,1750358734.148,-1.263,6.103,-2.654,-20.392,10.081,-0.659,42.410,22.116,3.807
1750358734.589,1750358734.646,-1.263,6.103,-2.654,-20.392,10.081,-0.659,42.410,22.116,3.807
1750358735.075,1750358735.145,-1.263,6.103,-2.654,-20.392,10.081,-0.659,42.410,22.116,3.807
1750358735.593,1750358735.649,-1.263,6.103,-2.654,-20.392,10.081,-0.659,42.410,22.116,3.807
1750358736.083,1750358736.145,-1.263,6.103,-2.654,-20.392,10.081,-0.659,42.410,22.116,3.807
1750358736.574,1750358736.658,-1.263,6.103,-2.654,-20.392,10.081,-0.659,42.410,22.116,3.807
1750358737.061,1750358737.145,-1.263,6.103,-2.654,-20.392,10.081,-0.659,42.410,22.116,3.807
1750358737.578,1750358737.649,-1.263,6.103,-2.654,-20.392,10.081,-0.659,42.410,22.116,3.807
1750358738.092,1750358738.145,-1.263,6.103,-2.654,-20.392,10.081,-0.659,42.410,22.116,3.807
1750358738.579,1750358738.649,-1.263,6.103,-2.654,-20.392,10.081,-0.659,42.410,22.116,3.807
1750358739.068,1750358739.159,-1.263,6.103,-2.654,-20.392,10.081,-0.659,42.410,22.116,3.807
1750358739.586,1750358739.646,-1.263,6.103,-2.654,-20.392,10.081,-0.659,42.410,22.116,3.807
1750358740.073,1750358740.150,-1.263,6.103,-2.654,-20.392,10.081,-0.659,42.410,22.116,3.807
1750358740.592,1750358740.646,-1.263,6.103,-2.654,-20.392,10.081,-0.659,42.410,22.116,3.807
1750358741.077,1750358741.157,-1.263,6.103,-2.654,-20.392,10.081,-0.659,42.410,22.116,3.807
1750358741.591,1750358741.649,-1.263,6.103,-2.654,-20.392,10.081,-0.659,42.410,22.116,3.807
1750358742.080,1750358742.158,-1.263,6.103,-2.654,-20.392,10.081,-0.659,42.410,22.116,3.807
1750358742.565,1750358742.653,-1.263,6.103,-2.654,-20.392,10.081,-0.659,42.410,22.116,3.807
1750358743.084,1750358743.155,-1.263,6.103,-2.654,-20.392,10.081,-0.659,42.410,22.116,3.807
1750358743.549,1750358743.649,-1.263,6.103,-2.654,-20.392,10.081,-0.659,42.410,22.116,3.807
1750358744.067,1750358744.147,-1.263,6.103,-2.654,-20.392,10.081,-0.659,42.410,22.116,3.807
1750358744.568,1750358744.644,-1.263,6.103,-2.654,-20.392,10.081,-0.659,42.410,22.116,3.807
1750358745.087,1750358745.143,-1.263,6.103,-2.654,-20.392,10.081,-0.659,42.410,22.116,3.807
1750358745.580,1750358745.643,-1.263,6.103,-2.654,-20.392,10.081,-0.659,42.410,22.116,3.807
1750358746.044,1750358746.152,-1.263,6.103,-2.654,-20.392,10.081,-0.659,42.410,22.116,3.807
1750358746.593,1750358746.643,-1.263,6.103,-2.654,-20.392,10.081,-0.659,42.410,22.116,3.807
1750358747.090,1750358747.144,-1.263,6.103,-2.654,-20.392,10.081,-0.659,42.410,22.116,3.807
1750358747.565,1750358747.644,-1.263,6.103,-2.654,-20.392,10.081,-0.659,42.410,22.116,3.807
1750358748.089,1750358748.148,-1.263,6.103,-2.654,-20.392,10.081,-0.659,42.410,22.116,3.807
1750358748.575,1750358748.643,-1.263,6.103,-2.654,-20.392,10.081,-0.659,42.410,22.116,3.807
1750358749.063,1750358749.155,-1.263,6.103,-2.654,-20.392,10.081,-0.659,42.410,22.116,3.807
1750358749.582,1750358749.650,-1.263,6.103,-2.654,-20.392,10.081,-0.659,42.410,22.116,3.807
1750358750.077,1750358750.143,-1.263,6.103,-2.654,-20.392,10.081,-0.659,42.410,22.116,3.807
1750358750.571,1750358750.648,-1.263,6.103,-2.654,-20.392,10.081,-0.659,42.410,22.116,3.807
1750358751.087,1750358751.142,-1.263,6.103,-2.654,-20.392,10.081,-0.659,42.410,22.116,3.807
1750358751.572,1750358751.644,-1.263,6.103,-2.654,-20.392,10.081,-0.659,42.410,22.116,3.807
1750358752.087,1750358752.146,-1.263,6.103,-2.654,-20.392,10.081,-0.659,42.410,22.116,3.807
1750358752.572,1750358752.648,-1.263,6.103,-2.654,-20.392,10.081,-0.659,42.410,22.116,3.807
1750358753.086,1750358753.146,-1.263,6.103,-2.654,-20.392,10.081,-0.659,42.410,22.116,3.807
1750358753.554,1750358753.643,-1.263,6.103,-2.654,-20.392,10.081,-0.659,42.410,22.116,3.807
1750358754.092,1750358754.148,-1.263,6.103,-2.654,-20.392,10.081,-0.659,42.410,22.116,3.807
1750358754.586,1750358754.642,-1.263,6.103,-2.654,-20.392,10.081,-0.659,42.410,22.116,3.807
1750358755.092,1750358755.142,-1.263,6.103,-2.654,-20.392,10.081,-0.659,42.410,22.116,3.807
1750358755.586,1750358755.661,-1.263,6.103,-2.654,-20.392,10.081,-0.659,42.410,22.116,3.807
1750358756.072,1750358756.148,-1.263,6.103,-2.654,-20.392,10.081,-0.659,42.410,22.116,3.807
1750358756.553,1750358756.646,-1.263,6.103,-2.654,-20.392,10.081,-0.659,42.410,22.116,3.807
1750358757.086,1750358757.148,-1.263,6.103,-2.654,-20.392,10.081,-0.659,42.410,22.116,3.807
1750358757.560,1750358757.646,-1.263,6.103,-2.654,-20.392,10.081,-0.659,42.410,22.116,3.807
1750358758.093,1750358758.147,-1.263,6.103,-2.654,-20.392,10.081,-0.659,42.410,22.116,3.807
1750358758.570,1750358758.643,-1.263,6.103,-2.654,-20.392,10.081,-0.659,42.410,22.116,3.807
1750358759.068,1750358759.154,-1.263,6.103,-2.654,-20.392,10.081,-0.659,42.410,22.116,3.807
1750358759.592,1750358759.647,-1.263,6.103,-2.654,-20.392,10.081,-0.659,42.410,22.116,3.807
1750358760.077,1750358760.148,-1.263,6.103,-2.654,-20.392,10.081,-0.659,42.410,22.116,3.807
1750358760.560,1750358760.643,-1.263,6.103,-2.654,-20.392,10.081,-0.659,42.410,22.116,3.807
1750358761.065,1750358761.144,-1.263,6.103,-2.654,-20.392,10.081,-0.659,42.410,22.116,3.807
1750358761.587,1750358761.645,-1.263,6.103,-2.654,-20.392,10.081,-0.659,42.410,22.116,3.807
1750358762.072,1750358762.141,-1.263,6.103,-2.654,-20.392,10.081,-0.659,42.410,22.116,3.807
1750358762.590,1750358762.648,-1.263,6.103,-2.654,-20.392,10.081,-0.659,42.410,22.116,3.807
1750358763.084,1750358763.143,-1.263,6.103,-2.654,-20.392,10.081,-0.659,42.410,22.116,3.807
1750358763.570,1750358763.657,-1.263,6.103,-2.654,-20.392,10.081,-0.659,42.410,22.116,3.807
1750358764.065,1750358764.145,-1.263,6.103,-2.654,-20.392,10.081,-0.659,42.410,22.116,3.807
1750358764.579,1750358764.648,-1.263,6.103,-2.654,-20.392,10.081,-0.659,42.410,22.116,3.807
1750358765.070,1750358765.151,-1.263,6.103,-2.654,-20.392,10.081,-0.659,42.410,22.116,3.807
1750358765.591,1750358765.649,-1.263,6.103,-2.654,-20.392,10.081,-0.659,42.410,22.116,3.807
1750358766.083,1750358766.145,-1.263,6.103,-2.654,-20.392,10.081,-0.659,42.410,22.116,3.807
1750358766.572,1750358766.647,-1.263,6.103,-2.654,-20.392,10.081,-0.659,42.410,22.116,3.807
1750358767.064,1750358767.145,-1.263,6.103,-2.654,-20.392,10.081,-0.659,42.410,22.116,3.807
1750358767.580,1750358767.649,-1.263,6.103,-2.654,-20.392,10.081,-0.659,42.410,22.116,3.807
1750358768.067,1750358768.156,-1.263,6.103,-2.654,-20.392,10.081,-0.659,42.410,22.116,3.807
1750358768.584,1750358768.646,-1.263,6.103,-2.654,-20.392,10.081,-0.659,42.410,22.116,3.807
1750358769.076,1750358769.158,-1.263,6.103,-2.654,-20.392,10.081,-0.659,42.410,22.116,3.807
1750358769.563,1750358769.649,-1.263,6.103,-2.654,-20.392,10.081,-0.659,42.410,22.116,3.807
1750358770.081,1750358770.150,-1.263,6.103,-2.654,-20.392,10.081,-0.659,42.410,22.116,3.807
1750358770.539,1750358770.646,-1.263,6.103,-2.654,-20.392,10.081,-0.659,42.410,22.116,3.807
1750358771.064,1750358771.147,-1.263,6.103,-2.654,-20.392,10.081,-0.659,42.410,22.116,3.807
1750358771.561,1750358771.648,-1.263,6.103,-2.654,-20.392,10.081,-0.659,42.410,22.116,3.807
1750358772.086,1750358772.155,-1.263,6.103,-2.654,-20.392,10.081,-0.659,42.410,22.116,3.807
1750358772.587,1750358772.645,-1.263,6.103,-2.654,-20.392,10.081,-0.659,42.410,22.116,3.807
1750358773.075,1750358773.146,-1.263,6.103,-2.654,-20.392,10.081,-0.659,42.410,22.116,3.807
1750358773.587,1750358773.645,-1.263,6.103,-2.654,-20.392,10.081,-0.659,42.410,22.116,3.807
1750358774.065,1750358774.167,-1.263,6.103,-2.654,-20.392,10.081,-0.659,42.410,22.116,3.807
1750358774.568,1750358774.644,-1.263,6.103,-2.654,-20.392,10.081,-0.659,42.410,22.116,3.807
1750358775.084,1750358775.162,-1.263,6.103,-2.654,-20.392,10.081,-0.659,42.410,22.116,3.807
1750358775.572,1750358775.642,-1.263,6.103,-2.654,-20.392,10.081,-0.659,42.410,22.116,3.807
1750358776.079,1750358776.141,-1.263,6.103,-2.654,-20.392,10.081,-0.659,42.410,22.116,3.807
1750358776.582,1750358776.643,-1.263,6.103,-2.654,-20.392,10.081,-0.659,42.410,22.116,3.807
1750358777.085,1750358777.148,-1.263,6.103,-2.654,-20.392,10.081,-0.659,42.410,22.116,3.807
1750358777.563,1750358777.647,-1.263,6.103,-2.654,-20.392,10.081,-0.659,42.410,22.116,3.807
1750358778.081,1750358778.149,-1.263,6.103,-2.654,-20.392,10.081,-0.659,42.410,22.116,3.807
1750358778.584,1750358778.645,-1.263,6.103,-2.654,-20.392,10.081,-0.659,42.410,22.116,3.807
1750358779.086,1750358779.148,-1.263,6.103,-2.654,-20.392,10.081,-0.659,42.410,22.116,3.807
1750358779.568,1750358779.646,-1.263,6.103,-2.654,-20.392,10.081,-0.659,42.410,22.116,3.807
1750358780.090,1750358780.150,-1.263,6.103,-2.654,-20.392,10.081,-0.659,42.410,22.116,3.807
1750358780.593,1750358780.647,-1.263,6.103,-2.654,-20.392,10.081,-0.659,42.410,22.116,3.807
1750358781.070,1750358781.147,-1.263,6.103,-2.654,-20.392,10.081,-0.659,42.410,22.116,3.807
1750358781.557,1750358781.644,-1.263,6.103,-2.654,-20.392,10.081,-0.659,42.410,22.116,3.807
1750358782.081,1750358782.145,-1.263,6.103,-2.654,-20.392,10.081,-0.659,42.410,22.116,3.807
1750358782.574,1750358782.646,-1.263,6.103,-2.654,-20.392,10.081,-0.659,42.410,22.116,3.807
1750358783.093,1750358783.153,-1.263,6.103,-2.654,-20.392,10.081,-0.659,42.410,22.116,3.807
1750358783.553,1750358783.653,-1.263,6.103,-2.654,-20.392,10.081,-0.659,42.410,22.116,3.807
1750358784.084,1750358784.142,-1.263,6.103,-2.654,-20.392,10.081,-0.659,42.410,22.116,3.807
1750358784.575,1750358784.645,-1.263,6.103,-2.654,-20.392,10.081,-0.659,42.410,22.116,3.807
1750358785.084,1750358785.146,-1.263,6.103,-2.654,-20.392,10.081,-0.659,42.410,22.116,3.807
1750358785.545,1750358785.644,-1.263,6.103,-2.654,-20.392,10.081,-0.659,42.410,22.116,3.807
1750358786.091,1750358786.146,-1.263,6.103,-2.654,-20.392,10.081,-0.659,42.410,22.116,3.807
1750358786.584,1750358786.645,-1.263,6.103,-2.654,-20.392,10.081,-0.659,42.410,22.116,3.807
1750358787.073,1750358787.145,-1.263,6.103,-2.654,-20.392,10.081,-0.659,42.410,22.116,3.807
1750358787.588,1750358787.645,-1.263,6.103,-2.654,-20.392,10.081,-0.659,42.410,22.116,3.807
1750358788.081,1750358788.143,-1.263,6.103,-2.654,-20.392,10.081,-0.659,42.410,22.116,3.807
1750358788.562,1750358788.647,-1.263,6.103,-2.654,-20.392,10.081,-0.659,42.410,22.116,3.807
1750358789.073,1750358789.143,-1.263,6.103,-2.654,-20.392,10.081,-0.659,42.410,22.116,3.807
1750358789.550,1750358789.642,-1.263,6.103,-2.654,-20.392,10.081,-0.659,42.410,22.116,3.807
1750358790.059,1750358790.143,-1.263,6.103,-2.654,-20.392,10.081,-0.659,42.410,22.116,3.807
1750358790.575,1750358790.647,-1.263,6.103,-2.654,-20.392,10.081,-0.659,42.410,22.116,3.807
1750358791.064,1750358791.144,-1.263,6.103,-2.654,-20.392,10.081,-0.659,42.410,22.116,3.807
1750358791.590,1750358791.649,-1.263,6.103,-2.654,-20.392,10.081,-0.659,42.410,22.116,3.807
1750358792.074,1750358792.145,-1.263,6.103,-2.654,-20.392,10.081,-0.659,42.410,22.116,3.807
1750358792.591,1750358792.649,-1.263,6.103,-2.654,-20.392,10.081,-0.659,42.410,22.116,3.807
1750358793.077,1750358793.154,-1.263,6.103,-2.654,-20.392,10.081,-0.659,42.410,22.116,3.807
1750358793.592,1750358793.646,-1.263,6.103,-2.654,-20.392,10.081,-0.659,42.410,22.116,3.807
1750358794.083,1750358794.157,-1.263,6.103,-2.654,-20.392,10.081,-0.659,42.410,22.116,3.807
1750358794.571,1750358794.650,-1.263,6.103,-2.654,-20.392,10.081,-0.659,42.410,22.116,3.807
1750358795.088,1750358795.154,-1.263,6.103,-2.654,-20.392,10.081,-0.659,42.410,22.116,3.807
1750358795.579,1750358795.645,-1.263,6.103,-2.654,-20.392,10.081,-0.659,42.410,22.116,3.807
1750358796.068,1750358796.146,-1.263,6.103,-2.654,-20.392,10.081,-0.659,42.410,22.116,3.807
1750358796.592,1750358796.643,-1.263,6.103,-2.654,-20.392,10.081,-0.659,42.410,22.116,3.807
1750358797.081,1750358797.150,-1.263,6.103,-2.654,-20.392,10.081,-0.659,42.410,22.116,3.807
1750358797.581,1750358797.646,-1.263,6.103,-2.654,-20.392,10.081,-0.659,42.410,22.116,3.807
1750358798.068,1750358798.151,-1.263,6.103,-2.654,-20.392,10.081,-0.659,42.410,22.116,3.807
1750358798.563,1750358798.642,-1.263,6.103,-2.654,-20.392,10.081,-0.659,42.410,22.116,3.807
1750358799.073,1750358799.142,-1.263,6.103,-2.654,-20.392,10.081,-0.659,42.410,22.116,3.807
1750358799.573,1750358799.646,-1.263,6.103,-2.654,-20.392,10.081,-0.659,42.410,22.116,3.807
1750358800.082,1750358800.145,-1.263,6.103,-2.654,-20.392,10.081,-0.659,42.410,22.116,3.807
1750358800.594,1750358800.651,-1.263,6.103,-2.654,-20.392,10.081,-0.659,42.410,22.116,3.807
1750358801.080,1750358801.164,-1.263,6.103,-2.654,-20.392,10.081,-0.659,42.410,22.116,3.807
1750358801.566,1750358801.659,-1.263,6.103,-2.654,-20.392,10.081,-0.659,42.410,22.116,3.807
1750358802.084,1750358802.171,-1.263,6.103,-2.654,-20.392,10.081,-0.659,42.410,22.116,3.807
1750358802.569,1750358802.649,-1.263,6.103,-2.654,-20.392,10.081,-0.659,42.410,22.116,3.807
1750358803.064,1750358803.151,-1.263,6.103,-2.654,-20.392,10.081,-0.659,42.410,22.116,3.807
1750358803.581,1750358803.647,-1.263,6.103,-2.654,-20.392,10.081,-0.659,42.410,22.116,3.807
1750358804.065,1750358804.152,-1.263,6.103,-2.654,-20.392,10.081,-0.659,42.410,22.116,3.807
1750358804.575,1750358804.646,-1.263,6.103,-2.654,-20.392,10.081,-0.659,42.410,22.116,3.807
1750358805.067,1750358805.142,-1.263,6.103,-2.654,-20.392,10.081,-0.659,42.410,22.116,3.807
1750358805.579,1750358805.644,-1.263,6.103,-2.654,-20.392,10.081,-0.659,42.410,22.116,3.807
1750358806.088,1750358806.142,-1.263,6.103,-2.654,-20.392,10.081,-0.659,42.410,22.116,3.807
1750358806.579,1750358806.646,-1.263,6.103,-2.654,-20.392,10.081,-0.659,42.410,22.116,3.807
1750358807.062,1750358807.144,-1.263,6.103,-2.654,-20.392,10.081,-0.659,42.410,22.116,3.807
1750358807.550,1750358807.643,-1.263,6.103,-2.654,-20.392,10.081,-0.659,42.410,22.116,3.807
1750358808.093,1750358808.144,-1.263,6.103,-2.654,-20.392,10.081,-0.659,42.410,22.116,3.807
1750358808.578,1750358808.644,-1.263,6.103,-2.654,-20.392,10.081,-0.659,42.410,22.116,3.807
1750358809.069,1750358809.147,-1.263,6.103,-2.654,-20.392,10.081,-0.659,42.410,22.116,3.807
1750358809.587,1750358809.647,-1.263,6.103,-2.654,-20.392,10.081,-0.659,42.410,22.116,3.807
1750358810.073,1750358810.145,-1.263,6.103,-2.654,-20.392,10.081,-0.659,42.410,22.116,3.807
1750358810.565,1750358810.645,-1.263,6.103,-2.654,-20.392,10.081,-0.659,42.410,22.116,3.807
1750358811.084,1750358811.145,-1.263,6.103,-2.654,-20.392,10.081,-0.659,42.410,22.116,3.807
1750358811.571,1750358811.652,-1.263,6.103,-2.654,-20.392,10.081,-0.659,42.410,22.116,3.807
1750358812.093,1750358812.145,-1.263,6.103,-2.654,-20.392,10.081,-0.659,42.410,22.116,3.807
1750358812.587,1750358812.647,-1.263,6.103,-2.654,-20.392,10.081,-0.659,42.410,22.116,3.807
1750358813.077,1750358813.145,-1.263,6.103,-2.654,-20.392,10.081,-0.659,42.410,22.116,3.807
1750358813.592,1750358813.646,-1.263,6.103,-2.654,-20.392,10.081,-0.659,42.410,22.116,3.807
1750358814.076,1750358814.156,-1.263,6.103,-2.654,-20.392,10.081,-0.659,42.410,22.116,3.807
1750358814.571,1750358814.654,-1.263,6.103,-2.654,-20.392,10.081,-0.659,42.410,22.116,3.807
1750358815.091,1750358815.145,-1.263,6.103,-2.654,-20.392,10.081,-0.659,42.410,22.116,3.807
1750358815.581,1750358815.645,-1.263,6.103,-2.654,-20.392,10.081,-0.659,42.410,22.116,3.807
1750358816.063,1750358816.144,-1.263,6.103,-2.654,-20.392,10.081,-0.659,42.410,22.116,3.807
1750358816.586,1750358816.645,-1.263,6.103,-2.654,-20.392,10.081,-0.659,42.410,22.116,3.807
1750358817.073,1750358817.153,-1.263,6.103,-2.654,-20.392,10.081,-0.659,42.410,22.116,3.807
1750358817.586,1750358817.648,-1.263,6.103,-2.654,-20.392,10.081,-0.659,42.410,22.116,3.807
1750358818.073,1750358818.150,-1.263,6.103,-2.654,-20.392,10.081,-0.659,42.410,22.116,3.807
1750358818.564,1750358818.645,-1.263,6.103,-2.654,-20.392,10.081,-0.659,42.410,22.116,3.807
1750358819.080,1750358819.144,-1.263,6.103,-2.654,-20.392,10.081,-0.659,42.410,22.116,3.807
1750358819.564,1750358819.650,-1.263,6.103,-2.654,-20.392,10.081,-0.659,42.410,22.116,3.807
1750358820.086,1750358820.152,-1.263,6.103,-2.654,-20.392,10.081,-0.659,42.410,22.116,3.807
1750358820.576,1750358820.646,-1.263,6.103,-2.654,-20.392,10.081,-0.659,42.410,22.116,3.807
1750358821.088,1750358821.151,-1.263,6.103,-2.654,-20.392,10.081,-0.659,42.410,22.116,3.807
1750358821.580,1750358821.643,-1.263,6.103,-2.654,-20.392,10.081,-0.659,42.410,22.116,3.807
1750358822.093,1750358822.145,-1.263,6.103,-2.654,-20.392,10.081,-0.659,42.410,22.116,3.807
1750358822.561,1750358822.645,-1.263,6.103,-2.654,-20.392,10.081,-0.659,42.410,22.116,3.807
1750358823.092,1750358823.142,-1.263,6.103,-2.654,-20.392,10.081,-0.659,42.410,22.116,3.807
1750358823.578,1750358823.645,-1.263,6.103,-2.654,-20.392,10.081,-0.659,42.410,22.116,3.807
1750358824.067,1750358824.144,-1.263,6.103,-2.654,-20.392,10.081,-0.659,42.410,22.116,3.807
1750358824.571,1750358824.644,-1.263,6.103,-2.654,-20.392,10.081,-0.659,42.410,22.116,3.807
1750358825.088,1750358825.143,-1.263,6.103,-2.654,-20.392,10.081,-0.659,42.410,22.116,3.807
1750358825.568,1750358825.649,-1.263,6.103,-2.654,-20.392,10.081,-0.659,42.410,22.116,3.807
1750358826.071,1750358826.143,-1.263,6.103,-2.654,-20.392,10.081,-0.659,42.410,22.116,3.807
1750358826.587,1750358826.649,-1.263,6.103,-2.654,-20.392,10.081,-0.659,42.410,22.116,3.807
1750358827.079,1750358827.169,-1.263,6.103,-2.654,-20.392,10.081,-0.659,42.410,22.116,3.807
1750358827.563,1750358827.651,-1.263,6.103,-2.654,-20.392,10.081,-0.659,42.410,22.116,3.807
1750358828.084,1750358828.161,-1.263,6.103,-2.654,-20.392,10.081,-0.659,42.410,22.116,3.807
1750358828.570,1750358828.653,-1.263,6.103,-2.654,-20.392,10.081,-0.659,42.410,22.116,3.807
1750358829.091,1750358829.158,-1.263,6.103,-2.654,-20.392,10.081,-0.659,42.410,22.116,3.807
1750358829.577,1750358829.653,-1.263,6.103,-2.654,-20.392,10.081,-0.659,42.410,22.116,3.807
1750358830.062,1750358830.164,-1.263,6.103,-2.654,-20.392,10.081,-0.659,42.410,22.116,3.807
1750358830.580,1750358830.652,-1.263,6.103,-2.654,-20.392,10.081,-0.659,42.410,22.116,3.807
1750358831.066,1750358831.142,-1.263,6.103,-2.654,-20.392,10.081,-0.659,42.410,22.116,3.807
1750358831.591,1750358831.644,-1.263,6.103,-2.654,-20.392,10.081,-0.659,42.410,22.116,3.807
1750358832.072,1750358832.146,-1.263,6.103,-2.654,-20.392,10.081,-0.659,42.410,22.116,3.807
1750358832.561,1750358832.643,-1.263,6.103,-2.654,-20.392,10.081,-0.659,42.410,22.116,3.807
1750358833.083,1750358833.146,-1.263,6.103,-2.654,-20.392,10.081,-0.659,42.410,22.116,3.807
1750358833.593,1750358833.645,-1.263,6.103,-2.654,-20.392,10.081,-0.659,42.410,22.116,3.807
1750358834.076,1750358834.146,-1.263,6.103,-2.654,-20.392,10.081,-0.659,42.410,22.116,3.807
1750358834.586,1750358834.642,-1.263,6.103,-2.654,-20.392,10.081,-0.659,42.410,22.116,3.807
1750358835.078,1750358835.143,-1.263,6.103,-2.654,-20.392,10.081,-0.659,42.410,22.116,3.807
1750358835.559,1750358835.653,-1.263,6.103,-2.654,-20.392,10.081,-0.659,42.410,22.116,3.807
1750358836.083,1750358836.147,-1.263,6.103,-2.654,-20.392,10.081,-0.659,42.410,22.116,3.807
1750358836.590,1750358836.645,-1.263,6.103,-2.654,-20.392,10.081,-0.659,42.410,22.116,3.807
1750358837.080,1750358837.141,-1.263,6.103,-2.654,-20.392,10.081,-0.659,42.410,22.116,3.807
1750358837.569,1750358837.643,-1.263,6.103,-2.654,-20.392,10.081,-0.659,42.410,22.116,3.807
1750358838.071,1750358838.145,-1.263,6.103,-2.654,-20.392,10.081,-0.659,42.410,22.116,3.807
1750358838.581,1750358838.642,-1.263,6.103,-2.654,-20.392,10.081,-0.659,42.410,22.116,3.807
1750358839.067,1750358839.142,-1.263,6.103,-2.654,-20.392,10.081,-0.659,42.410,22.116,3.807
1750358839.562,1750358839.642,-1.263,6.103,-2.654,-20.392,10.081,-0.659,42.410,22.116,3.807
1750358840.079,1750358840.152,-1.263,6.103,-2.654,-20.392,10.081,-0.659,42.410,22.116,3.807
1750358840.587,1750358840.657,-1.263,6.103,-2.654,-20.392,10.081,-0.659,42.410,22.116,3.807
1750358841.068,1750358841.145,-1.263,6.103,-2.654,-20.392,10.081,-0.659,42.410,22.116,3.807
1750358841.564,1750358841.645,-1.263,6.103,-2.654,-20.392,10.081,-0.659,42.410,22.116,3.807
1750358842.087,1750358842.148,-1.263,6.103,-2.654,-20.392,10.081,-0.659,42.410,22.116,3.807
1750358842.569,1750358842.647,-1.263,6.103,-2.654,-20.392,10.081,-0.659,42.410,22.116,3.807
1750358843.080,1750358843.143,-1.263,6.103,-2.654,-20.392,10.081,-0.659,42.410,22.116,3.807
1750358843.572,1750358843.643,-1.263,6.103,-2.654,-20.392,10.081,-0.659,42.410,22.116,3.807
1750358844.064,1750358844.143,-1.263,6.103,-2.654,-20.392,10.081,-0.659,42.410,22.116,3.807
1750358844.590,1750358844.643,-1.263,6.103,-2.654,-20.392,10.081,-0.659,42.410,22.116,3.807
1750358845.090,1750358845.143,-1.263,6.103,-2.654,-20.392,10.081,-0.659,42.410,22.116,3.807
1750358845.577,1750358845.645,-1.263,6.103,-2.654,-20.392,10.081,-0.659,42.410,22.116,3.807
1750358846.067,1750358846.145,-1.263,6.103,-2.654,-20.392,10.081,-0.659,42.410,22.116,3.807
1750358846.587,1750358846.646,-1.263,6.103,-2.654,-20.392,10.081,-0.659,42.410,22.116,3.807
1750358847.074,1750358847.151,-1.263,6.103,-2.654,-20.392,10.081,-0.659,42.410,22.116,3.807
1750358847.593,1750358847.646,-1.263,6.103,-2.654,-20.392,10.081,-0.659,42.410,22.116,3.807
1750358848.085,1750358848.156,-1.263,6.103,-2.654,-20.392,10.081,-0.659,42.410,22.116,3.807
1750358848.567,1750358848.650,-1.263,6.103,-2.654,-20.392,10.081,-0.659,42.410,22.116,3.807
1750358849.084,1750358849.145,-1.263,6.103,-2.654,-20.392,10.081,-0.659,42.410,22.116,3.807
1750358849.569,1750358849.650,-1.263,6.103,-2.654,-20.392,10.081,-0.659,42.410,22.116,3.807
1750358850.091,1750358850.147,-1.263,6.103,-2.654,-20.392,10.081,-0.659,42.410,22.116,3.807
1750358850.577,1750358850.645,-1.263,6.103,-2.654,-20.392,10.081,-0.659,42.410,22.116,3.807
1750358851.064,1750358851.163,-1.263,6.103,-2.654,-20.392,10.081,-0.659,42.410,22.116,3.807
1750358851.584,1750358851.645,-1.263,6.103,-2.654,-20.392,10.081,-0.659,42.410,22.116,3.807
1750358852.068,1750358852.163,-1.263,6.103,-2.654,-20.392,10.081,-0.659,42.410,22.116,3.807
1750358852.584,1750358852.645,-1.263,6.103,-2.654,-20.392,10.081,-0.659,42.410,22.116,3.807
1750358853.069,1750358853.157,-1.263,6.103,-2.654,-20.392,10.081,-0.659,42.410,22.116,3.807
1750358853.591,1750358853.645,-1.263,6.103,-2.654,-20.392,10.081,-0.659,42.410,22.116,3.807
1750358854.077,1750358854.156,-1.263,6.103,-2.654,-20.392,10.081,-0.659,42.410,22.116,3.807
1750358854.561,1750358854.645,-1.263,6.103,-2.654,-20.392,10.081,-0.659,42.410,22.116,3.807
1750358855.078,1750358855.150,-1.263,6.103,-2.654,-20.392,10.081,-0.659,42.410,22.116,3.807
1750358855.590,1750358855.645,-1.263,6.103,-2.654,-20.392,10.081,-0.659,42.410,22.116,3.807
1750358856.063,1750358856.147,-1.263,6.103,-2.654,-20.392,10.081,-0.659,42.410,22.116,3.807
1750358856.585,1750358856.644,-1.263,6.103,-2.654,-20.392,10.081,-0.659,42.410,22.116,3.807
1750358857.070,1750358857.144,-1.263,6.103,-2.654,-20.392,10.081,-0.659,42.410,22.116,3.807
1750358857.569,1750358857.645,-1.263,6.103,-2.654,-20.392,10.081,-0.659,42.410,22.116,3.807
1750358858.074,1750358858.149,-1.263,6.103,-2.654,-20.392,10.081,-0.659,42.410,22.116,3.807
1750358858.575,1750358858.644,-1.263,6.103,-2.654,-20.392,10.081,-0.659,42.410,22.116,3.807
1750358859.086,1750358859.143,-1.263,6.103,-2.654,-20.392,10.081,-0.659,42.410,22.116,3.807
1750358859.570,1750358859.643,-1.263,6.103,-2.654,-20.392,10.081,-0.659,42.410,22.116,3.807
1750358860.080,1750358860.144,-1.263,6.103,-2.654,-20.392,10.081,-0.659,42.410,22.116,3.807
1750358860.590,1750358860.644,-1.263,6.103,-2.654,-20.392,10.081,-0.659,42.410,22.116,3.807
1750358861.082,1750358861.142,-1.263,6.103,-2.654,-20.392,10.081,-0.659,42.410,22.116,3.807
1750358861.562,1750358861.642,-1.263,6.103,-2.654,-20.392,10.081,-0.659,42.410,22.116,3.807
1750358862.084,1750358862.143,-1.263,6.103,-2.654,-20.392,10.081,-0.659,42.410,22.116,3.807
1750358862.555,1750358862.644,-1.263,6.103,-2.654,-20.392,10.081,-0.659,42.410,22.116,3.807
1750358863.080,1750358863.149,-1.263,6.103,-2.654,-20.392,10.081,-0.659,42.410,22.116,3.807
1750358863.572,1750358863.644,-1.263,6.103,-2.654,-20.392,10.081,-0.659,42.410,22.116,3.807
1750358864.073,1750358864.149,-1.263,6.103,-2.654,-20.392,10.081,-0.659,42.410,22.116,3.807
1750358864.593,1750358864.643,-1.263,6.103,-2.654,-20.392,10.081,-0.659,42.410,22.116,3.807
1750358865.047,1750358865.145,-1.263,6.103,-2.654,-20.392,10.081,-0.659,42.410,22.116,3.807
1750358865.571,1750358865.642,-1.263,6.103,-2.654,-20.392,10.081,-0.659,42.410,22.116,3.807
1750358866.092,1750358866.143,-1.263,6.103,-2.654,-20.392,10.081,-0.659,42.410,22.116,3.807
1750358866.568,1750358866.647,-1.263,6.103,-2.654,-20.392,10.081,-0.659,42.410,22.116,3.807
1750358867.083,1750358867.144,-1.263,6.103,-2.654,-20.392,10.081,-0.659,42.410,22.116,3.807
1750358867.585,1750358867.648,-1.263,6.103,-2.654,-20.392,10.081,-0.659,42.410,22.116,3.807
1750358868.086,1750358868.146,-1.263,6.103,-2.654,-20.392,10.081,-0.659,42.410,22.116,3.807
1750358868.592,1750358868.644,-1.263,6.103,-2.654,-20.392,10.081,-0.659,42.410,22.116,3.807
1750358869.075,1750358869.147,-1.263,6.103,-2.654,-20.392,10.081,-0.659,42.410,22.116,3.807
1750358869.571,1750358869.644,-1.263,6.103,-2.654,-20.392,10.081,-0.659,42.410,22.116,3.807
1750358870.083,1750358870.143,-1.263,6.103,-2.654,-20.392,10.081,-0.659,42.410,22.116,3.807
1750358870.586,1750358870.649,-1.263,6.103,-2.654,-20.392,10.081,-0.659,42.410,22.116,3.807
1750358871.091,1750358871.143,-1.263,6.103,-2.654,-20.392,10.081,-0.659,42.410,22.116,3.807
1750358871.578,1750358871.645,-1.263,6.103,-2.654,-20.392,10.081,-0.659,42.410,22.116,3.807
1750358872.060,1750358872.144,-1.263,6.103,-2.654,-20.392,10.081,-0.659,42.410,22.116,3.807
1750358872.579,1750358872.648,-1.263,6.103,-2.654,-20.392,10.081,-0.659,42.410,22.116,3.807
1750358873.070,1750358873.149,-1.263,6.103,-2.654,-20.392,10.081,-0.659,42.410,22.116,3.807
1750358873.593,1750358873.646,-1.263,6.103,-2.654,-20.392,10.081,-0.659,42.410,22.116,3.807
1750358874.082,1750358874.145,-1.263,6.103,-2.654,-20.392,10.081,-0.659,42.410,22.116,3.807
1750358874.574,1750358874.652,-1.263,6.103,-2.654,-20.392,10.081,-0.659,42.410,22.116,3.807
1750358875.066,1750358875.147,-1.263,6.103,-2.654,-20.392,10.081,-0.659,42.410,22.116,3.807
1750358875.583,1750358875.645,-1.263,6.103,-2.654,-20.392,10.081,-0.659,42.410,22.116,3.807
1750358876.071,1750358876.152,-1.263,6.103,-2.654,-20.392,10.081,-0.659,42.410,22.116,3.807
1750358876.592,1750358876.649,-1.263,6.103,-2.654,-20.392,10.081,-0.659,42.410,22.116,3.807
1750358877.079,1750358877.145,-1.263,6.103,-2.654,-20.392,10.081,-0.659,42.410,22.116,3.807
1750358877.565,1750358877.655,-1.263,6.103,-2.654,-20.392,10.081,-0.659,42.410,22.116,3.807
1750358878.089,1750358878.145,-1.263,6.103,-2.654,-20.392,10.081,-0.659,42.410,22.116,3.807
1750358878.575,1750358878.650,-1.263,6.103,-2.654,-20.392,10.081,-0.659,42.410,22.116,3.807
1750358879.065,1750358879.145,-1.263,6.103,-2.654,-20.392,10.081,-0.659,42.410,22.116,3.807
1750358879.585,1750358879.647,-1.263,6.103,-2.654,-20.392,10.081,-0.659,42.410,22.116,3.807
1750358880.063,1750358880.155,-1.263,6.103,-2.654,-20.392,10.081,-0.659,42.410,22.116,3.807
1750358880.583,1750358880.647,-1.263,6.103,-2.654,-20.392,10.081,-0.659,42.410,22.116,3.807
1750358881.073,1750358881.150,-1.263,6.103,-2.654,-20.392,10.081,-0.659,42.410,22.116,3.807
1750358881.593,1750358881.652,-1.263,6.103,-2.654,-20.392,10.081,-0.659,42.410,22.116,3.807
1750358882.077,1750358882.144,-1.263,6.103,-2.654,-20.392,10.081,-0.659,42.410,22.116,3.807
1750358882.572,1750358882.649,-1.263,6.103,-2.654,-20.392,10.081,-0.659,42.410,22.116,3.807
1750358883.091,1750358883.145,-1.263,6.103,-2.654,-20.392,10.081,-0.659,42.410,22.116,3.807
1750358883.582,1750358883.646,-1.263,6.103,-2.654,-20.392,10.081,-0.659,42.410,22.116,3.807
1750358884.068,1750358884.152,-1.263,6.103,-2.654,-20.392,10.081,-0.659,42.410,22.116,3.807
1750358884.592,1750358884.649,-1.263,6.103,-2.654,-20.392,10.081,-0.659,42.410,22.116,3.807
1750358885.075,1750358885.161,-1.263,6.103,-2.654,-20.392,10.081,-0.659,42.410,22.116,3.807
1750358885.568,1750358885.649,-1.263,6.103,-2.654,-20.392,10.081,-0.659,42.410,22.116,3.807
1750358886.089,1750358886.146,-1.263,6.103,-2.654,-20.392,10.081,-0.659,42.410,22.116,3.807
1750358886.575,1750358886.650,-1.263,6.103,-2.654,-20.392,10.081,-0.659,42.410,22.116,3.807
1750358887.064,1750358887.145,-1.263,6.103,-2.654,-20.392,10.081,-0.659,42.410,22.116,3.807
1750358887.592,1750358887.650,-1.263,6.103,-2.654,-20.392,10.081,-0.659,42.410,22.116,3.807
1750358888.077,1750358888.166,-1.263,6.103,-2.654,-20.392,10.081,-0.659,42.410,22.116,3.807
1750358888.569,1750358888.652,-1.263,6.103,-2.654,-20.392,10.081,-0.659,42.410,22.116,3.807
1750358889.092,1750358889.145,-1.263,6.103,-2.654,-20.392,10.081,-0.659,42.410,22.116,3.807
1750358889.572,1750358889.647,-1.263,6.103,-2.654,-20.392,10.081,-0.659,42.410,22.116,3.807
1750358890.092,1750358890.145,-1.263,6.103,-2.654,-20.392,10.081,-0.659,42.410,22.116,3.807
1750358890.586,1750358890.645,-1.263,6.103,-2.654,-20.392,10.081,-0.659,42.410,22.116,3.807
1750358891.064,1750358891.159,-1.263,6.103,-2.654,-20.392,10.081,-0.659,42.410,22.116,3.807
1750358891.587,1750358891.648,-1.263,6.103,-2.654,-20.392,10.081,-0.659,42.410,22.116,3.807
1750358892.076,1750358892.145,-1.263,6.103,-2.654,-20.392,10.081,-0.659,42.410,22.116,3.807
1750358892.564,1750358892.654,-1.263,6.103,-2.654,-20.392,10.081,-0.659,42.410,22.116,3.807
1750358893.079,1750358893.153,-1.263,6.103,-2.654,-20.392,10.081,-0.659,42.410,22.116,3.807
1750358893.566,1750358893.660,-1.263,6.103,-2.654,-20.392,10.081,-0.659,42.410,22.116,3.807
1750358894.084,1750358894.156,-1.263,6.103,-2.654,-20.392,10.081,-0.659,42.410,22.116,3.807
1750358894.567,1750358894.649,-1.263,6.103,-2.654,-20.392,10.081,-0.659,42.410,22.116,3.807
1750358895.085,1750358895.159,-1.263,6.103,-2.654,-20.392,10.081,-0.659,42.410,22.116,3.807
1750358895.571,1750358895.653,-1.263,6.103,-2.654,-20.392,10.081,-0.659,42.410,22.116,3.807
1750358896.085,1750358896.145,-1.263,6.103,-2.654,-20.392,10.081,-0.659,42.410,22.116,3.807
1750358896.572,1750358896.654,-1.263,6.103,-2.654,-20.392,10.081,-0.659,42.410,22.116,3.807
1750358897.092,1750358897.162,-1.263,6.103,-2.654,-20.392,10.081,-0.659,42.410,22.116,3.807
1750358897.571,1750358897.649,-1.263,6.103,-2.654,-20.392,10.081,-0.659,42.410,22.116,3.807
1750358898.091,1750358898.165,-1.263,6.103,-2.654,-20.392,10.081,-0.659,42.410,22.116,3.807
1750358898.576,1750358898.649,-1.263,6.103,-2.654,-20.392,10.081,-0.659,42.410,22.116,3.807
1750358899.064,1750358899.156,-1.263,6.103,-2.654,-20.392,10.081,-0.659,42.410,22.116,3.807
1750358899.589,1750358899.650,-1.263,6.103,-2.654,-20.392,10.081,-0.659,42.410,22.116,3.807
1750358900.075,1750358900.147,-1.263,6.103,-2.654,-20.392,10.081,-0.659,42.410,22.116,3.807
1750358900.564,1750358900.646,-1.263,6.103,-2.654,-20.392,10.081,-0.659,42.410,22.116,3.807
1750358901.089,1750358901.155,-1.263,6.103,-2.654,-20.392,10.081,-0.659,42.410,22.116,3.807
1750358901.575,1750358901.649,-1.263,6.103,-2.654,-20.392,10.081,-0.659,42.410,22.116,3.807
1750358902.065,1750358902.163,-1.263,6.103,-2.654,-20.392,10.081,-0.659,42.410,22.116,3.807
1750358902.586,1750358902.648,-1.263,6.103,-2.654,-20.392,10.081,-0.659,42.410,22.116,3.807
1750358903.071,1750358903.155,-1.263,6.103,-2.654,-20.392,10.081,-0.659,42.410,22.116,3.807
1750358903.567,1750358903.644,-1.263,6.103,-2.654,-20.392,10.081,-0.659,42.410,22.116,3.807
1750358904.089,1750358904.147,-1.263,6.103,-2.654,-20.392,10.081,-0.659,42.410,22.116,3.807
1750358904.587,1750358904.644,-1.263,6.103,-2.654,-20.392,10.081,-0.659,42.410,22.116,3.807
1750358905.071,1750358905.149,-1.263,6.103,-2.654,-20.392,10.081,-0.659,42.410,22.116,3.807
1750358905.580,1750358905.646,-1.263,6.103,-2.654,-20.392,10.081,-0.659,42.410,22.116,3.807
1750358906.063,1750358906.143,-1.263,6.103,-2.654,-20.392,10.081,-0.659,42.410,22.116,3.807
1750358906.573,1750358906.642,-1.263,6.103,-2.654,-20.392,10.081,-0.659,42.410,22.116,3.807
1750358907.079,1750358907.145,-1.263,6.103,-2.654,-20.392,10.081,-0.659,42.410,22.116,3.807
1750358907.586,1750358907.645,-1.263,6.103,-2.654,-20.392,10.081,-0.659,42.410,22.116,3.807
1750358908.069,1750358908.142,-1.263,6.103,-2.654,-20.392,10.081,-0.659,42.410,22.116,3.807
1750358908.565,1750358908.647,-1.263,6.103,-2.654,-20.392,10.081,-0.659,42.410,22.116,3.807
1750358909.065,1750358909.146,-1.263,6.103,-2.654,-20.392,10.081,-0.659,42.410,22.116,3.807
1750358909.572,1750358909.650,-1.263,6.103,-2.654,-20.392,10.081,-0.659,42.410,22.116,3.807
1750358910.051,1750358910.144,-1.263,6.103,-2.654,-20.392,10.081,-0.659,42.410,22.116,3.807
1750358910.590,1750358910.643,-1.263,6.103,-2.654,-20.392,10.081,-0.659,42.410,22.116,3.807
1750358911.059,1750358911.166,-1.263,6.103,-2.654,-20.392,10.081,-0.659,42.410,22.116,3.807
1750358911.566,1750358911.644,-1.263,6.103,-2.654,-20.392,10.081,-0.659,42.410,22.116,3.807
1750358912.074,1750358912.145,-1.263,6.103,-2.654,-20.392,10.081,-0.659,42.410,22.116,3.807
1750358912.579,1750358912.646,-1.263,6.103,-2.654,-20.392,10.081,-0.659,42.410,22.116,3.807
1750358913.059,1750358913.142,-1.263,6.103,-2.654,-20.392,10.081,-0.659,42.410,22.116,3.807
1750358913.586,1750358913.642,-1.263,6.103,-2.654,-20.392,10.081,-0.659,42.410,22.116,3.807
1750358914.091,1750358914.145,-1.263,6.103,-2.654,-20.392,10.081,-0.659,42.410,22.116,3.807
1750358914.566,1750358914.644,-1.263,6.103,-2.654,-20.392,10.081,-0.659,42.410,22.116,3.807
1750358915.087,1750358915.142,-1.263,6.103,-2.654,-20.392,10.081,-0.659,42.410,22.116,3.807
1750358915.572,1750358915.645,-1.263,6.103,-2.654,-20.392,10.081,-0.659,42.410,22.116,3.807
1750358916.073,1750358916.148,-1.263,6.103,-2.654,-20.392,10.081,-0.659,42.410,22.116,3.807
1750358916.588,1750358916.644,-1.263,6.103,-2.654,-20.392,10.081,-0.659,42.410,22.116,3.807
1750358917.081,1750358917.167,-1.263,6.103,-2.654,-20.392,10.081,-0.659,42.410,22.116,3.807
1750358917.573,1750358917.653,-1.263,6.103,-2.654,-20.392,10.081,-0.659,42.410,22.116,3.807
1750358918.081,1750358918.144,-1.263,6.103,-2.654,-20.392,10.081,-0.659,42.410,22.116,3.807
1750358918.555,1750358918.646,-1.263,6.103,-2.654,-20.392,10.081,-0.659,42.410,22.116,3.807
1750358919.070,1750358919.147,-1.263,6.103,-2.654,-20.392,10.081,-0.659,42.410,22.116,3.807
1750358919.572,1750358919.643,-1.263,6.103,-2.654,-20.392,10.081,-0.659,42.410,22.116,3.807
1750358920.065,1750358920.145,-1.263,6.103,-2.654,-20.392,10.081,-0.659,42.410,22.116,3.807
1750358920.543,1750358920.643,-1.263,6.103,-2.654,-20.392,10.081,-0.659,42.410,22.116,3.807
1750358921.083,1750358921.142,-1.263,6.103,-2.654,-20.392,10.081,-0.659,42.410,22.116,3.807
1750358921.590,1750358921.647,-1.263,6.103,-2.654,-20.392,10.081,-0.659,42.410,22.116,3.807
1750358922.063,1750358922.141,-1.263,6.103,-2.654,-20.392,10.081,-0.659,42.410,22.116,3.807
1750358922.588,1750358922.645,-1.263,6.103,-2.654,-20.392,10.081,-0.659,42.410,22.116,3.807
1750358923.088,1750358923.146,-1.263,6.103,-2.654,-20.392,10.081,-0.659,42.410,22.116,3.807
1750358923.592,1750358923.645,-1.263,6.103,-2.654,-20.392,10.081,-0.659,42.410,22.116,3.807
1750358924.083,1750358924.149,-1.263,6.103,-2.654,-20.392,10.081,-0.659,42.410,22.116,3.807
1750358924.587,1750358924.644,-1.263,6.103,-2.654,-20.392,10.081,-0.659,42.410,22.116,3.807
1750358925.052,1750358925.146,-1.263,6.103,-2.654,-20.392,10.081,-0.659,42.410,22.116,3.807
1750358925.574,1750358925.644,-1.263,6.103,-2.654,-20.392,10.081,-0.659,42.410,22.116,3.807
1750358926.065,1750358926.145,-1.263,6.103,-2.654,-20.392,10.081,-0.659,42.410,22.116,3.807
1750358926.570,1750358926.649,-1.263,6.103,-2.654,-20.392,10.081,-0.659,42.410,22.116,3.807
1750358927.076,1750358927.159,-1.263,6.103,-2.654,-20.392,10.081,-0.659,42.410,22.116,3.807
1750358927.561,1750358927.644,-1.263,6.103,-2.654,-20.392,10.081,-0.659,42.410,22.116,3.807
1750358928.069,1750358928.143,-1.263,6.103,-2.654,-20.392,10.081,-0.659,42.410,22.116,3.807
1750358928.580,1750358928.643,-1.263,6.103,-2.654,-20.392,10.081,-0.659,42.410,22.116,3.807
1750358929.075,1750358929.142,-1.263,6.103,-2.654,-20.392,10.081,-0.659,42.410,22.116,3.807
1750358929.566,1750358929.649,-1.263,6.103,-2.654,-20.392,10.081,-0.659,42.410,22.116,3.807
1750358930.091,1750358930.144,-1.263,6.103,-2.654,-20.392,10.081,-0.659,42.410,22.116,3.807
1750358930.586,1750358930.642,-1.263,6.103,-2.654,-20.392,10.081,-0.659,42.410,22.116,3.807
1750358931.083,1750358931.143,-1.263,6.103,-2.654,-20.392,10.081,-0.659,42.410,22.116,3.807
1750358931.574,1750358931.643,-1.263,6.103,-2.654,-20.392,10.081,-0.659,42.410,22.116,3.807
1750358932.088,1750358932.144,-1.263,6.103,-2.654,-20.392,10.081,-0.659,42.410,22.116,3.807
1750358932.573,1750358932.649,-1.263,6.103,-2.654,-20.392,10.081,-0.659,42.410,22.116,3.807
1750358933.092,1750358933.154,-1.263,6.103,-2.654,-20.392,10.081,-0.659,42.410,22.116,3.807
1750358933.583,1750358933.650,-1.263,6.103,-2.654,-20.392,10.081,-0.659,42.410,22.116,3.807
1750358934.072,1750358934.147,-1.263,6.103,-2.654,-20.392,10.081,-0.659,42.410,22.116,3.807
1750358934.590,1750358934.645,-1.263,6.103,-2.654,-20.392,10.081,-0.659,42.410,22.116,3.807
1750358935.071,1750358935.147,-1.263,6.103,-2.654,-20.392,10.081,-0.659,42.410,22.116,3.807
1750358935.563,1750358935.651,-1.263,6.103,-2.654,-20.392,10.081,-0.659,42.410,22.116,3.807
1750358936.083,1750358936.162,-1.263,6.103,-2.654,-20.392,10.081,-0.659,42.410,22.116,3.807
1750358936.568,1750358936.653,-1.263,6.103,-2.654,-20.392,10.081,-0.659,42.410,22.116,3.807
1750358937.089,1750358937.155,-1.263,6.103,-2.654,-20.392,10.081,-0.659,42.410,22.116,3.807
1750358937.577,1750358937.646,-1.263,6.103,-2.654,-20.392,10.081,-0.659,42.410,22.116,3.807
1750358938.065,1750358938.154,-1.263,6.103,-2.654,-20.392,10.081,-0.659,42.410,22.116,3.807
1750358938.574,1750358938.647,-1.263,6.103,-2.654,-20.392,10.081,-0.659,42.410,22.116,3.807
1750358939.068,1750358939.147,-1.263,6.103,-2.654,-20.392,10.081,-0.659,42.410,22.116,3.807
1750358939.544,1750358939.645,-1.263,6.103,-2.654,-20.392,10.081,-0.659,42.410,22.116,3.807
1750358940.059,1750358940.156,-1.263,6.103,-2.654,-20.392,10.081,-0.659,42.410,22.116,3.807
1750358940.559,1750358940.645,-1.263,6.103,-2.654,-20.392,10.081,-0.659,42.410,22.116,3.807
1750358941.071,1750358941.143,-1.263,6.103,-2.654,-20.392,10.081,-0.659,42.410,22.116,3.807
1750358941.569,1750358941.649,-1.263,6.103,-2.654,-20.392,10.081,-0.659,42.410,22.116,3.807
1750358942.073,1750358942.143,-1.263,6.103,-2.654,-20.392,10.081,-0.659,42.410,22.116,3.807
1750358942.567,1750358942.646,-1.263,6.103,-2.654,-20.392,10.081,-0.659,42.410,22.116,3.807
1750358943.093,1750358943.145,-1.263,6.103,-2.654,-20.392,10.081,-0.659,42.410,22.116,3.807
1750358943.580,1750358943.643,-1.263,6.103,-2.654,-20.392,10.081,-0.659,42.410,22.116,3.807
1750358944.069,1750358944.143,-1.263,6.103,-2.654,-20.392,10.081,-0.659,42.410,22.116,3.807
1750358944.583,1750358944.644,-1.263,6.103,-2.654,-20.392,10.081,-0.659,42.410,22.116,3.807
1750358945.064,1750358945.153,-1.263,6.103,-2.654,-20.392,10.081,-0.659,42.410,22.116,3.807
1750358945.581,1750358945.645,-1.263,6.103,-2.654,-20.392,10.081,-0.659,42.410,22.116,3.807
1750358946.073,1750358946.152,-1.263,6.103,-2.654,-20.392,10.081,-0.659,42.410,22.116,3.807
1750358946.589,1750358946.643,-1.263,6.103,-2.654,-20.392,10.081,-0.659,42.410,22.116,3.807
1750358947.052,1750358947.152,-1.263,6.103,-2.654,-20.392,10.081,-0.659,42.410,22.116,3.807
1750358947.578,1750358947.646,-1.263,6.103,-2.654,-20.392,10.081,-0.659,42.410,22.116,3.807
1750358948.074,1750358948.143,-1.263,6.103,-2.654,-20.392,10.081,-0.659,42.410,22.116,3.807
1750358948.593,1750358948.648,-1.263,6.103,-2.654,-20.392,10.081,-0.659,42.410,22.116,3.807
1750358949.067,1750358949.160,-1.263,6.103,-2.654,-20.392,10.081,-0.659,42.410,22.116,3.807
1750358949.576,1750358949.646,-1.263,6.103,-2.654,-20.392,10.081,-0.659,42.410,22.116,3.807
1750358950.076,1750358950.146,-1.263,6.103,-2.654,-20.392,10.081,-0.659,42.410,22.116,3.807
1750358950.573,1750358950.645,-1.263,6.103,-2.654,-20.392,10.081,-0.659,42.410,22.116,3.807
1750358951.083,1750358951.148,-1.263,6.103,-2.654,-20.392,10.081,-0.659,42.410,22.116,3.807
1750358951.588,1750358951.650,-1.263,6.103,-2.654,-20.392,10.081,-0.659,42.410,22.116,3.807
1750358952.063,1750358952.149,-1.263,6.103,-2.654,-20.392,10.081,-0.659,42.410,22.116,3.807
1750358952.584,1750358952.643,-1.263,6.103,-2.654,-20.392,10.081,-0.659,42.410,22.116,3.807
1750358953.065,1750358953.146,-1.263,6.103,-2.654,-20.392,10.081,-0.659,42.410,22.116,3.807
1750358953.553,1750358953.653,-1.263,6.103,-2.654,-20.392,10.081,-0.659,42.410,22.116,3.807
1750358954.071,1750358954.145,-1.263,6.103,-2.654,-20.392,10.081,-0.659,42.410,22.116,3.807
1750358954.580,1750358954.644,-1.263,6.103,-2.654,-20.392,10.081,-0.659,42.410,22.116,3.807
1750358955.079,1750358955.148,-1.263,6.103,-2.654,-20.392,10.081,-0.659,42.410,22.116,3.807
1750358955.544,1750358955.645,-1.263,6.103,-2.654,-20.392,10.081,-0.659,42.410,22.116,3.807
1750358956.085,1750358956.148,-1.263,6.103,-2.654,-20.392,10.081,-0.659,42.410,22.116,3.807
1750358956.551,1750358956.650,-1.263,6.103,-2.654,-20.392,10.081,-0.659,42.410,22.116,3.807
1750358957.089,1750358957.147,-1.263,6.103,-2.654,-20.392,10.081,-0.659,42.410,22.116,3.807
1750358957.587,1750358957.646,-1.263,6.103,-2.654,-20.392,10.081,-0.659,42.410,22.116,3.807
1750358958.075,1750358958.145,-1.263,6.103,-2.654,-20.392,10.081,-0.659,42.410,22.116,3.807
1750358958.587,1750358958.643,-1.263,6.103,-2.654,-20.392,10.081,-0.659,42.410,22.116,3.807
1750358959.068,1750358959.145,-1.263,6.103,-2.654,-20.392,10.081,-0.659,42.410,22.116,3.807
1750358959.592,1750358959.644,-1.263,6.103,-2.654,-20.392,10.081,-0.659,42.410,22.116,3.807
1750358960.069,1750358960.151,-1.263,6.103,-2.654,-20.392,10.081,-0.659,42.410,22.116,3.807
1750358960.556,1750358960.650,-1.263,6.103,-2.654,-20.392,10.081,-0.659,42.410,22.116,3.807
1750358961.084,1750358961.148,-1.263,6.103,-2.654,-20.392,10.081,-0.659,42.410,22.116,3.807
1750358961.562,1750358961.646,-1.263,6.103,-2.654,-20.392,10.081,-0.659,42.410,22.116,3.807
1750358962.088,1750358962.143,-1.263,6.103,-2.654,-20.392,10.081,-0.659,42.410,22.116,3.807
1750358962.571,1750358962.649,-1.263,6.103,-2.654,-20.392,10.081,-0.659,42.410,22.116,3.807
1750358963.074,1750358963.153,-1.263,6.103,-2.654,-20.392,10.081,-0.659,42.410,22.116,3.807
1750358963.577,1750358963.643,-1.263,6.103,-2.654,-20.392,10.081,-0.659,42.410,22.116,3.807
1750358964.091,1750358964.142,-1.263,6.103,-2.654,-20.392,10.081,-0.659,42.410,22.116,3.807
1750358964.591,1750358964.642,-1.263,6.103,-2.654,-20.392,10.081,-0.659,42.410,22.116,3.807
1750358965.074,1750358965.143,-1.263,6.103,-2.654,-20.392,10.081,-0.659,42.410,22.116,3.807
1750358965.574,1750358965.643,-1.263,6.103,-2.654,-20.392,10.081,-0.659,42.410,22.116,3.807
1750358966.087,1750358966.147,-1.263,6.103,-2.654,-20.392,10.081,-0.659,42.410,22.116,3.807
1750358966.574,1750358966.650,-1.263,6.103,-2.654,-20.392,10.081,-0.659,42.410,22.116,3.807
1750358967.059,1750358967.145,-1.263,6.103,-2.654,-20.392,10.081,-0.659,42.410,22.116,3.807
1750358967.586,1750358967.647,-1.263,6.103,-2.654,-20.392,10.081,-0.659,42.410,22.116,3.807
1750358968.075,1750358968.145,-1.263,6.103,-2.654,-20.392,10.081,-0.659,42.410,22.116,3.807
1750358968.564,1750358968.651,-1.263,6.103,-2.654,-20.392,10.081,-0.659,42.410,22.116,3.807
1750358969.084,1750358969.144,-1.263,6.103,-2.654,-20.392,10.081,-0.659,42.410,22.116,3.807
1750358969.560,1750358969.649,-1.263,6.103,-2.654,-20.392,10.081,-0.659,42.410,22.116,3.807
1750358970.079,1750358970.145,-1.263,6.103,-2.654,-20.392,10.081,-0.659,42.410,22.116,3.807
1750358970.564,1750358970.646,-1.263,6.103,-2.654,-20.392,10.081,-0.659,42.410,22.116,3.807
1750358971.084,1750358971.145,-1.263,6.103,-2.654,-20.392,10.081,-0.659,42.410,22.116,3.807
1750358971.570,1750358971.650,-1.263,6.103,-2.654,-20.392,10.081,-0.659,42.410,22.116,3.807
1750358972.083,1750358972.145,-1.263,6.103,-2.654,-20.392,10.081,-0.659,42.410,22.116,3.807
1750358972.570,1750358972.649,-1.263,6.103,-2.654,-20.392,10.081,-0.659,42.410,22.116,3.807
1750358973.091,1750358973.145,-1.263,6.103,-2.654,-20.392,10.081,-0.659,42.410,22.116,3.807
1750358973.579,1750358973.645,-1.263,6.103,-2.654,-20.392,10.081,-0.659,42.410,22.116,3.807
1750358974.067,1750358974.149,-1.263,6.103,-2.654,-20.392,10.081,-0.659,42.410,22.116,3.807
1750358974.589,1750358974.644,-1.263,6.103,-2.654,-20.392,10.081,-0.659,42.410,22.116,3.807
1750358975.077,1750358975.145,-1.263,6.103,-2.654,-20.392,10.081,-0.659,42.410,22.116,3.807
1750358975.564,1750358975.645,-1.263,6.103,-2.654,-20.392,10.081,-0.659,42.410,22.116,3.807
1750358976.082,1750358976.145,-1.263,6.103,-2.654,-20.392,10.081,-0.659,42.410,22.116,3.807
1750358976.575,1750358976.651,-1.263,6.103,-2.654,-20.392,10.081,-0.659,42.410,22.116,3.807
1750358977.091,1750358977.145,-1.263,6.103,-2.654,-20.392,10.081,-0.659,42.410,22.116,3.807
1750358977.581,1750358977.646,-1.263,6.103,-2.654,-20.392,10.081,-0.659,42.410,22.116,3.807
1750358978.065,1750358978.154,-1.263,6.103,-2.654,-20.392,10.081,-0.659,42.410,22.116,3.807
1750358978.586,1750358978.650,-1.263,6.103,-2.654,-20.392,10.081,-0.659,42.410,22.116,3.807
1750358979.069,1750358979.158,-1.263,6.103,-2.654,-20.392,10.081,-0.659,42.410,22.116,3.807
1750358979.579,1750358979.646,-1.263,6.103,-2.654,-20.392,10.081,-0.659,42.410,22.116,3.807
1750358980.067,1750358980.153,-1.263,6.103,-2.654,-20.392,10.081,-0.659,42.410,22.116,3.807
1750358980.553,1750358980.647,-1.263,6.103,-2.654,-20.392,10.081,-0.659,42.410,22.116,3.807
1750358981.082,1750358981.146,-1.263,6.103,-2.654,-20.392,10.081,-0.659,42.410,22.116,3.807
1750358981.564,1750358981.649,-1.263,6.103,-2.654,-20.392,10.081,-0.659,42.410,22.116,3.807
1750358982.087,1750358982.147,-1.263,6.103,-2.654,-20.392,10.081,-0.659,42.410,22.116,3.807
1750358982.590,1750358982.645,-1.263,6.103,-2.654,-20.392,10.081,-0.659,42.410,22.116,3.807
1750358983.091,1750358983.150,-1.263,6.103,-2.654,-20.392,10.081,-0.659,42.410,22.116,3.807
1750358983.586,1750358983.644,-1.263,6.103,-2.654,-20.392,10.081,-0.659,42.410,22.116,3.807
1750358984.067,1750358984.146,-1.263,6.103,-2.654,-20.392,10.081,-0.659,42.410,22.116,3.807
1750358984.578,1750358984.646,-1.263,6.103,-2.654,-20.392,10.081,-0.659,42.410,22.116,3.807
1750358985.079,1750358985.151,-1.263,6.103,-2.654,-20.392,10.081,-0.659,42.410,22.116,3.807
1750358985.563,1750358985.644,-1.263,6.103,-2.654,-20.392,10.081,-0.659,42.410,22.116,3.807
1750358986.093,1750358986.155,-1.263,6.103,-2.654,-20.392,10.081,-0.659,42.410,22.116,3.807
1750358986.572,1750358986.642,-1.263,6.103,-2.654,-20.392,10.081,-0.659,42.410,22.116,3.807
1750358987.064,1750358987.168,-1.263,6.103,-2.654,-20.392,10.081,-0.659,42.410,22.116,3.807
1750358987.542,1750358987.647,-1.263,6.103,-2.654,-20.392,10.081,-0.659,42.410,22.116,3.807
1750358988.079,1750358988.164,-1.263,6.103,-2.654,-20.392,10.081,-0.659,42.410,22.116,3.807
1750358988.542,1750358988.642,-1.263,6.103,-2.654,-20.392,10.081,-0.659,42.410,22.116,3.807
1750358989.066,1750358989.142,-1.263,6.103,-2.654,-20.392,10.081,-0.659,42.410,22.116,3.807
1750358989.553,1750358989.643,-1.263,6.103,-2.654,-20.392,10.081,-0.659,42.410,22.116,3.807
1750358990.070,1750358990.142,-1.263,6.103,-2.654,-20.392,10.081,-0.659,42.410,22.116,3.807
1750358990.548,1750358990.647,-1.263,6.103,-2.654,-20.392,10.081,-0.659,42.410,22.116,3.807
1750358991.075,1750358991.143,-1.263,6.103,-2.654,-20.392,10.081,-0.659,42.410,22.116,3.807
1750358991.575,1750358991.643,-1.263,6.103,-2.654,-20.392,10.081,-0.659,42.410,22.116,3.807
1750358992.091,1750358992.148,-1.263,6.103,-2.654,-20.392,10.081,-0.659,42.410,22.116,3.807
1750358992.591,1750358992.645,-1.263,6.103,-2.654,-20.392,10.081,-0.659,42.410,22.116,3.807
1750358993.049,1750358993.148,-1.263,6.103,-2.654,-20.392,10.081,-0.659,42.410,22.116,3.807
1750358993.556,1750358993.642,-1.263,6.103,-2.654,-20.392,10.081,-0.659,42.410,22.116,3.807
1750358994.073,1750358994.146,-1.263,6.103,-2.654,-20.392,10.081,-0.659,42.410,22.116,3.807
1750358994.589,1750358994.647,-1.263,6.103,-2.654,-20.392,10.081,-0.659,42.410,22.116,3.807
1750358995.077,1750358995.146,-1.263,6.103,-2.654,-20.392,10.081,-0.659,42.410,22.116,3.807
1750358995.576,1750358995.645,-1.263,6.103,-2.654,-20.392,10.081,-0.659,42.410,22.116,3.807
1750358996.076,1750358996.150,-1.263,6.103,-2.654,-20.392,10.081,-0.659,42.410,22.116,3.807
1750358996.581,1750358996.645,-1.263,6.103,-2.654,-20.392,10.081,-0.659,42.410,22.116,3.807
1750358997.094,1750358997.150,-1.263,6.103,-2.654,-20.392,10.081,-0.659,42.410,22.116,3.807
1750358997.590,1750358997.643,-1.263,6.103,-2.654,-20.392,10.081,-0.659,42.410,22.116,3.807
1750358998.079,1750358998.148,-1.263,6.103,-2.654,-20.392,10.081,-0.659,42.410,22.116,3.807
1750358998.581,1750358998.645,-1.263,6.103,-2.654,-20.392,10.081,-0.659,42.410,22.116,3.807
1750358999.078,1750358999.146,-1.263,6.103,-2.654,-20.392,10.081,-0.659,42.410,22.116,3.807
1750358999.591,1750358999.647,-1.263,6.103,-2.654,-20.392,10.081,-0.659,42.410,22.116,3.807
1750359000.063,1750359000.153,-1.263,6.103,-2.654,-20.392,10.081,-0.659,42.410,22.116,3.807
1750359000.593,1750359000.646,-1.263,6.103,-2.654,-20.392,10.081,-0.659,42.410,22.116,3.807
1750359001.081,1750359001.154,-1.263,6.103,-2.654,-20.392,10.081,-0.659,42.410,22.116,3.807
1750359001.567,1750359001.644,-1.263,6.103,-2.654,-20.392,10.081,-0.659,42.410,22.116,3.807
1750359002.065,1750359002.143,-1.263,6.103,-2.654,-20.392,10.081,-0.659,42.410,22.116,3.807
1750359002.578,1750359002.658,-1.263,6.103,-2.654,-20.392,10.081,-0.659,42.410,22.116,3.807
1750359003.092,1750359003.143,-1.263,6.103,-2.654,-20.392,10.081,-0.659,42.410,22.116,3.807
1750359003.560,1750359003.643,-1.263,6.103,-2.654,-20.392,10.081,-0.659,42.410,22.116,3.807
1750359004.060,1750359004.143,-1.263,6.103,-2.654,-20.392,10.081,-0.659,42.410,22.116,3.807
1750359004.588,1750359004.644,-1.263,6.103,-2.654,-20.392,10.081,-0.659,42.410,22.116,3.807
1750359005.064,1750359005.163,-1.263,6.103,-2.654,-20.392,10.081,-0.659,42.410,22.116,3.807
1750359005.587,1750359005.650,-1.263,6.103,-2.654,-20.392,10.081,-0.659,42.410,22.116,3.807
1750359006.072,1750359006.145,-1.263,6.103,-2.654,-20.392,10.081,-0.659,42.410,22.116,3.807
1750359006.591,1750359006.648,-1.263,6.103,-2.654,-20.392,10.081,-0.659,42.410,22.116,3.807
1750359007.077,1750359007.146,-1.263,6.103,-2.654,-20.392,10.081,-0.659,42.410,22.116,3.807
1750359007.589,1750359007.649,-1.263,6.103,-2.654,-20.392,10.081,-0.659,42.410,22.116,3.807
1750359008.071,1750359008.150,-1.263,6.103,-2.654,-20.392,10.081,-0.659,42.410,22.116,3.807
1750359008.592,1750359008.645,-1.263,6.103,-2.654,-20.392,10.081,-0.659,42.410,22.116,3.807
1750359009.084,1750359009.144,-1.263,6.103,-2.654,-20.392,10.081,-0.659,42.410,22.116,3.807
1750359009.571,1750359009.650,-1.263,6.103,-2.654,-20.392,10.081,-0.659,42.410,22.116,3.807
1750359010.088,1750359010.145,-1.263,6.103,-2.654,-20.392,10.081,-0.659,42.410,22.116,3.807
1750359010.577,1750359010.650,-1.263,6.103,-2.654,-20.392,10.081,-0.659,42.410,22.116,3.807
1750359011.068,1750359011.145,-1.263,6.103,-2.654,-20.392,10.081,-0.659,42.410,22.116,3.807
1750359011.591,1750359011.646,-1.263,6.103,-2.654,-20.392,10.081,-0.659,42.410,22.116,3.807
1750359012.071,1750359012.151,-1.263,6.103,-2.654,-20.392,10.081,-0.659,42.410,22.116,3.807
1750359012.587,1750359012.645,-1.263,6.103,-2.654,-20.392,10.081,-0.659,42.410,22.116,3.807
1750359013.075,1750359013.156,-1.263,6.103,-2.654,-20.392,10.081,-0.659,42.410,22.116,3.807
1750359013.569,1750359013.655,-1.263,6.103,-2.654,-20.392,10.081,-0.659,42.410,22.116,3.807
1750359014.088,1750359014.152,-1.263,6.103,-2.654,-20.392,10.081,-0.659,42.410,22.116,3.807
1750359014.576,1750359014.649,-1.263,6.103,-2.654,-20.392,10.081,-0.659,42.410,22.116,3.807
1750359015.067,1750359015.157,-1.263,6.103,-2.654,-20.392,10.081,-0.659,42.410,22.116,3.807
1750359015.590,1750359015.645,-1.263,6.103,-2.654,-20.392,10.081,-0.659,42.410,22.116,3.807
1750359016.073,1750359016.149,-1.263,6.103,-2.654,-20.392,10.081,-0.659,42.410,22.116,3.807
1750359016.584,1750359016.648,-1.263,6.103,-2.654,-20.392,10.081,-0.659,42.410,22.116,3.807
1750359017.074,1750359017.147,-1.263,6.103,-2.654,-20.392,10.081,-0.659,42.410,22.116,3.807
1750359017.580,1750359017.644,-1.263,6.103,-2.654,-20.392,10.081,-0.659,42.410,22.116,3.807
1750359018.063,1750359018.143,-1.263,6.103,-2.654,-20.392,10.081,-0.659,42.410,22.116,3.807
1750359018.564,1750359018.645,-1.263,6.103,-2.654,-20.392,10.081,-0.659,42.410,22.116,3.807
1750359019.089,1750359019.143,-1.263,6.103,-2.654,-20.392,10.081,-0.659,42.410,22.116,3.807
1750359019.586,1750359019.646,-1.263,6.103,-2.654,-20.392,10.081,-0.659,42.410,22.116,3.807
1750359020.064,1750359020.143,-1.263,6.103,-2.654,-20.392,10.081,-0.659,42.410,22.116,3.807
1750359020.567,1750359020.642,-1.263,6.103,-2.654,-20.392,10.081,-0.659,42.410,22.116,3.807
1750359021.079,1750359021.143,-1.263,6.103,-2.654,-20.392,10.081,-0.659,42.410,22.116,3.807
1750359021.565,1750359021.648,-1.263,6.103,-2.654,-20.392,10.081,-0.659,42.410,22.116,3.807
1750359022.083,1750359022.171,-1.263,6.103,-2.654,-20.392,10.081,-0.659,42.410,22.116,3.807
1750359022.574,1750359022.657,-1.263,6.103,-2.654,-20.392,10.081,-0.659,42.410,22.116,3.807
1750359023.062,1750359023.148,-1.263,6.103,-2.654,-20.392,10.081,-0.659,42.410,22.116,3.807
1750359023.580,1750359023.649,-1.263,6.103,-2.654,-20.392,10.081,-0.659,42.410,22.116,3.807
1750359024.064,1750359024.150,-1.263,6.103,-2.654,-20.392,10.081,-0.659,42.410,22.116,3.807
1750359024.583,1750359024.650,-1.263,6.103,-2.654,-20.392,10.081,-0.659,42.410,22.116,3.807
1750359025.063,1750359025.154,-1.263,6.103,-2.654,-20.392,10.081,-0.659,42.410,22.116,3.807
1750359025.560,1750359025.648,-1.263,6.103,-2.654,-20.392,10.081,-0.659,42.410,22.116,3.807
1750359026.080,1750359026.148,-1.263,6.103,-2.654,-20.392,10.081,-0.659,42.410,22.116,3.807
1750359026.586,1750359026.643,-1.263,6.103,-2.654,-20.392,10.081,-0.659,42.410,22.116,3.807
1750359027.087,1750359027.143,-1.263,6.103,-2.654,-20.392,10.081,-0.659,42.410,22.116,3.807
1750359027.575,1750359027.649,-1.263,6.103,-2.654,-20.392,10.081,-0.659,42.410,22.116,3.807
1750359028.092,1750359028.157,-1.263,6.103,-2.654,-20.392,10.081,-0.659,42.410,22.116,3.807
1750359028.581,1750359028.651,-1.263,6.103,-2.654,-20.392,10.081,-0.659,42.410,22.116,3.807
1750359029.070,1750359029.153,-1.263,6.103,-2.654,-20.392,10.081,-0.659,42.410,22.116,3.807
1750359029.589,1750359029.652,-1.263,6.103,-2.654,-20.392,10.081,-0.659,42.410,22.116,3.807
1750359030.077,1750359030.154,-1.263,6.103,-2.654,-20.392,10.081,-0.659,42.410,22.116,3.807
1750359030.592,1750359030.648,-1.263,6.103,-2.654,-20.392,10.081,-0.659,42.410,22.116,3.807
1750359031.075,1750359031.143,-1.263,6.103,-2.654,-20.392,10.081,-0.659,42.410,22.116,3.807
1750359031.570,1750359031.652,-1.263,6.103,-2.654,-20.392,10.081,-0.659,42.410,22.116,3.807
1750359032.083,1750359032.144,-1.263,6.103,-2.654,-20.392,10.081,-0.659,42.410,22.116,3.807
1750359032.573,1750359032.661,-1.263,6.103,-2.654,-20.392,10.081,-0.659,42.410,22.116,3.807
1750359033.093,1750359033.146,-1.263,6.103,-2.654,-20.392,10.081,-0.659,42.410,22.116,3.807
1750359033.573,1750359033.661,-1.263,6.103,-2.654,-20.392,10.081,-0.659,42.410,22.116,3.807
1750359034.091,1750359034.147,-1.263,6.103,-2.654,-20.392,10.081,-0.659,42.410,22.116,3.807
1750359034.569,1750359034.652,-1.263,6.103,-2.654,-20.392,10.081,-0.659,42.410,22.116,3.807
1750359035.092,1750359035.154,-1.263,6.103,-2.654,-20.392,10.081,-0.659,42.410,22.116,3.807
1750359035.575,1750359035.650,-1.263,6.103,-2.654,-20.392,10.081,-0.659,42.410,22.116,3.807
1750359036.065,1750359036.148,-1.263,6.103,-2.654,-20.392,10.081,-0.659,42.410,22.116,3.807
1750359036.589,1750359036.650,-1.263,6.103,-2.654,-20.392,10.081,-0.659,42.410,22.116,3.807
1750359037.074,1750359037.145,-1.263,6.103,-2.654,-20.392,10.081,-0.659,42.410,22.116,3.807
1750359037.592,1750359037.643,-1.263,6.103,-2.654,-20.392,10.081,-0.659,42.410,22.116,3.807
1750359038.089,1750359038.145,-1.263,6.103,-2.654,-20.392,10.081,-0.659,42.410,22.116,3.807
1750359038.572,1750359038.645,-1.263,6.103,-2.654,-20.392,10.081,-0.659,42.410,22.116,3.807
1750359039.092,1750359039.146,-1.263,6.103,-2.654,-20.392,10.081,-0.659,42.410,22.116,3.807
1750359039.578,1750359039.651,-1.263,6.103,-2.654,-20.392,10.081,-0.659,42.410,22.116,3.807
1750359040.068,1750359040.148,-1.263,6.103,-2.654,-20.392,10.081,-0.659,42.410,22.116,3.807
1750359040.585,1750359040.651,-1.263,6.103,-2.654,-20.392,10.081,-0.659,42.410,22.116,3.807
1750359041.068,1750359041.154,-1.263,6.103,-2.654,-20.392,10.081,-0.659,42.410,22.116,3.807
1750359041.591,1750359041.651,-1.263,6.103,-2.654,-20.392,10.081,-0.659,42.410,22.116,3.807
1750359042.084,1750359042.144,-1.263,6.103,-2.654,-20.392,10.081,-0.659,42.410,22.116,3.807
1750359042.568,1750359042.646,-1.263,6.103,-2.654,-20.392,10.081,-0.659,42.410,22.116,3.807
1750359043.091,1750359043.155,-1.263,6.103,-2.654,-20.392,10.081,-0.659,42.410,22.116,3.807
1750359043.575,1750359043.645,-1.263,6.103,-2.654,-20.392,10.081,-0.659,42.410,22.116,3.807
1750359044.065,1750359044.141,-1.263,6.103,-2.654,-20.392,10.081,-0.659,42.410,22.116,3.807
1750359044.593,1750359044.645,-1.263,6.103,-2.654,-20.392,10.081,-0.659,42.410,22.116,3.807
1750359045.079,1750359045.163,-1.263,6.103,-2.654,-20.392,10.081,-0.659,42.410,22.116,3.807
1750359045.574,1750359045.643,-1.263,6.103,-2.654,-20.392,10.081,-0.659,42.410,22.116,3.807
1750359046.069,1750359046.142,-1.263,6.103,-2.654,-20.392,10.081,-0.659,42.410,22.116,3.807
1750359046.568,1750359046.643,-1.263,6.103,-2.654,-20.392,10.081,-0.659,42.410,22.116,3.807
1750359047.072,1750359047.149,-1.263,6.103,-2.654,-20.392,10.081,-0.659,42.410,22.116,3.807
1750359047.592,1750359047.649,-1.263,6.103,-2.654,-20.392,10.081,-0.659,42.410,22.116,3.807
1750359048.081,1750359048.142,-1.263,6.103,-2.654,-20.392,10.081,-0.659,42.410,22.116,3.807
1750359048.591,1750359048.645,-1.263,6.103,-2.654,-20.392,10.081,-0.659,42.410,22.116,3.807
1750359049.073,1750359049.142,-1.263,6.103,-2.654,-20.392,10.081,-0.659,42.410,22.116,3.807
1750359049.565,1750359049.644,-1.263,6.103,-2.654,-20.392,10.081,-0.659,42.410,22.116,3.807
1750359050.082,1750359050.145,-1.263,6.103,-2.654,-20.392,10.081,-0.659,42.410,22.116,3.807
1750359050.573,1750359050.667,-1.263,6.103,-2.654,-20.392,10.081,-0.659,42.410,22.116,3.807
1750359051.092,1750359051.152,-1.263,6.103,-2.654,-20.392,10.081,-0.659,42.410,22.116,3.807
1750359051.577,1750359051.653,-1.263,6.103,-2.654,-20.392,10.081,-0.659,42.410,22.116,3.807
1750359052.063,1750359052.163,-1.263,6.103,-2.654,-20.392,10.081,-0.659,42.410,22.116,3.807
1750359052.588,1750359052.651,-1.263,6.103,-2.654,-20.392,10.081,-0.659,42.410,22.116,3.807
1750359053.075,1750359053.147,-1.263,6.103,-2.654,-20.392,10.081,-0.659,42.410,22.116,3.807
1750359053.563,1750359053.645,-1.263,6.103,-2.654,-20.392,10.081,-0.659,42.410,22.116,3.807
1750359054.083,1750359054.146,-1.263,6.103,-2.654,-20.392,10.081,-0.659,42.410,22.116,3.807
1750359054.573,1750359054.644,-1.263,6.103,-2.654,-20.392,10.081,-0.659,42.410,22.116,3.807
1750359055.061,1750359055.142,-1.263,6.103,-2.654,-20.392,10.081,-0.659,42.410,22.116,3.807
1750359055.562,1750359055.647,-1.263,6.103,-2.654,-20.392,10.081,-0.659,42.410,22.116,3.807
1750359056.091,1750359056.148,-1.263,6.103,-2.654,-20.392,10.081,-0.659,42.410,22.116,3.807
1750359056.560,1750359056.644,-1.263,6.103,-2.654,-20.392,10.081,-0.659,42.410,22.116,3.807
1750359057.084,1750359057.145,-1.263,6.103,-2.654,-20.392,10.081,-0.659,42.410,22.116,3.807
1750359057.584,1750359057.644,-1.263,6.103,-2.654,-20.392,10.081,-0.659,42.410,22.116,3.807
1750359058.084,1750359058.149,-1.263,6.103,-2.654,-20.392,10.081,-0.659,42.410,22.116,3.807
1750359058.561,1750359058.648,-1.263,6.103,-2.654,-20.392,10.081,-0.659,42.410,22.116,3.807
1750359059.065,1750359059.150,-1.263,6.103,-2.654,-20.392,10.081,-0.659,42.410,22.116,3.807
1750359059.578,1750359059.642,-1.263,6.103,-2.654,-20.392,10.081,-0.659,42.410,22.116,3.807
1750359060.080,1750359060.146,-1.263,6.103,-2.654,-20.392,10.081,-0.659,42.410,22.116,3.807
1750359060.554,1750359060.660,-1.263,6.103,-2.654,-20.392,10.081,-0.659,42.410,22.116,3.807
1750359061.074,1750359061.146,-1.263,6.103,-2.654,-20.392,10.081,-0.659,42.410,22.116,3.807
1750359061.566,1750359061.647,-1.263,6.103,-2.654,-20.392,10.081,-0.659,42.410,22.116,3.807
1750359062.075,1750359062.145,-1.263,6.103,-2.654,-20.392,10.081,-0.659,42.410,22.116,3.807
1750359062.593,1750359062.646,-1.263,6.103,-2.654,-20.392,10.081,-0.659,42.410,22.116,3.807
1750359063.069,1750359063.164,-1.263,6.103,-2.654,-20.392,10.081,-0.659,42.410,22.116,3.807
1750359063.573,1750359063.645,-1.263,6.103,-2.654,-20.392,10.081,-0.659,42.410,22.116,3.807
1750359064.048,1750359064.154,-1.263,6.103,-2.654,-20.392,10.081,-0.659,42.410,22.116,3.807
1750359064.586,1750359064.645,-1.263,6.103,-2.654,-20.392,10.081,-0.659,42.410,22.116,3.807
1750359065.071,1750359065.143,-1.263,6.103,-2.654,-20.392,10.081,-0.659,42.410,22.116,3.807
1750359065.555,1750359065.644,-1.263,6.103,-2.654,-20.392,10.081,-0.659,42.410,22.116,3.807
1750359066.066,1750359066.184,-1.263,6.103,-2.654,-20.392,10.081,-0.659,42.410,22.116,3.807
1750359066.539,1750359066.643,-1.263,6.103,-2.654,-20.392,10.081,-0.659,42.410,22.116,3.807
1750359067.072,1750359067.147,-1.263,6.103,-2.654,-20.392,10.081,-0.659,42.410,22.116,3.807
1750359067.568,1750359067.643,-1.263,6.103,-2.654,-20.392,10.081,-0.659,42.410,22.116,3.807
1750359068.072,1750359068.150,-1.263,6.103,-2.654,-20.392,10.081,-0.659,42.410,22.116,3.807
1750359068.574,1750359068.645,-1.263,6.103,-2.654,-20.392,10.081,-0.659,42.410,22.116,3.807
1750359069.069,1750359069.146,-1.263,6.103,-2.654,-20.392,10.081,-0.659,42.410,22.116,3.807
1750359069.540,1750359069.645,-1.263,6.103,-2.654,-20.392,10.081,-0.659,42.410,22.116,3.807
1750359070.079,1750359070.143,-1.263,6.103,-2.654,-20.392,10.081,-0.659,42.410,22.116,3.807
1750359070.582,1750359070.650,-1.263,6.103,-2.654,-20.392,10.081,-0.659,42.410,22.116,3.807
1750359071.076,1750359071.142,-1.263,6.103,-2.654,-20.392,10.081,-0.659,42.410,22.116,3.807
1750359071.570,1750359071.664,-1.263,6.103,-2.654,-20.392,10.081,-0.659,42.410,22.116,3.807
1750359072.080,1750359072.146,-1.263,6.103,-2.654,-20.392,10.081,-0.659,42.410,22.116,3.807
1750359072.566,1750359072.647,-1.263,6.103,-2.654,-20.392,10.081,-0.659,42.410,22.116,3.807
1750359073.091,1750359073.162,-1.263,6.103,-2.654,-20.392,10.081,-0.659,42.410,22.116,3.807
1750359073.580,1750359073.645,-1.263,6.103,-2.654,-20.392,10.081,-0.659,42.410,22.116,3.807
1750359074.060,1750359074.155,-1.263,6.103,-2.654,-20.392,10.081,-0.659,42.410,22.116,3.807
1750359074.554,1750359074.642,-1.263,6.103,-2.654,-20.392,10.081,-0.659,42.410,22.116,3.807
1750359075.080,1750359075.142,-1.263,6.103,-2.654,-20.392,10.081,-0.659,42.410,22.116,3.807
1750359075.590,1750359075.642,-1.263,6.103,-2.654,-20.392,10.081,-0.659,42.410,22.116,3.807
1750359076.065,1750359076.149,-1.263,6.103,-2.654,-20.392,10.081,-0.659,42.410,22.116,3.807
1750359076.581,1750359076.649,-1.263,6.103,-2.654,-20.392,10.081,-0.659,42.410,22.116,3.807
1750359077.068,1750359077.146,-1.263,6.103,-2.654,-20.392,10.081,-0.659,42.410,22.116,3.807
1750359077.574,1750359077.653,-1.263,6.103,-2.654,-20.392,10.081,-0.659,42.410,22.116,3.807
1750359078.085,1750359078.146,-1.263,6.103,-2.654,-20.392,10.081,-0.659,42.410,22.116,3.807
1750359078.571,1750359078.644,-1.263,6.103,-2.654,-20.392,10.081,-0.659,42.410,22.116,3.807
1750359079.091,1750359079.145,-1.263,6.103,-2.654,-20.392,10.081,-0.659,42.410,22.116,3.807
1750359079.569,1750359079.643,-1.263,6.103,-2.654,-20.392,10.081,-0.659,42.410,22.116,3.807
1750359080.081,1750359080.150,-1.263,6.103,-2.654,-20.392,10.081,-0.659,42.410,22.116,3.807
1750359080.582,1750359080.643,-1.263,6.103,-2.654,-20.392,10.081,-0.659,42.410,22.116,3.807
1750359081.087,1750359081.153,-1.263,6.103,-2.654,-20.392,10.081,-0.659,42.410,22.116,3.807
1750359081.576,1750359081.649,-1.263,6.103,-2.654,-20.392,10.081,-0.659,42.410,22.116,3.807
1750359082.066,1750359082.165,-1.263,6.103,-2.654,-20.392,10.081,-0.659,42.410,22.116,3.807
1750359082.567,1750359082.647,-1.263,6.103,-2.654,-20.392,10.081,-0.659,42.410,22.116,3.807
1750359083.083,1750359083.165,-1.263,6.103,-2.654,-20.392,10.081,-0.659,42.410,22.116,3.807
1750359083.592,1750359083.642,-1.263,6.103,-2.654,-20.392,10.081,-0.659,42.410,22.116,3.807
1750359084.091,1750359084.142,-1.263,6.103,-2.654,-20.392,10.081,-0.659,42.410,22.116,3.807
1750359084.579,1750359084.643,-1.263,6.103,-2.654,-20.392,10.081,-0.659,42.410,22.116,3.807
1750359085.066,1750359085.160,-1.263,6.103,-2.654,-20.392,10.081,-0.659,42.410,22.116,3.807
1750359085.557,1750359085.653,-1.263,6.103,-2.654,-20.392,10.081,-0.659,42.410,22.116,3.807
1750359086.078,1750359086.161,-1.263,6.103,-2.654,-20.392,10.081,-0.659,42.410,22.116,3.807
1750359086.594,1750359086.654,-1.263,6.103,-2.654,-20.392,10.081,-0.659,42.410,22.116,3.807
1750359087.079,1750359087.154,-1.263,6.103,-2.654,-20.392,10.081,-0.659,42.410,22.116,3.807
1750359087.566,1750359087.659,-1.263,6.103,-2.654,-20.392,10.081,-0.659,42.410,22.116,3.807
1750359088.084,1750359088.146,-1.263,6.103,-2.654,-20.392,10.081,-0.659,42.410,22.116,3.807
1750359088.573,1750359088.646,-1.263,6.103,-2.654,-20.392,10.081,-0.659,42.410,22.116,3.807
1750359089.093,1750359089.144,-1.263,6.103,-2.654,-20.392,10.081,-0.659,42.410,22.116,3.807
1750359089.586,1750359089.646,-1.263,6.103,-2.654,-20.392,10.081,-0.659,42.410,22.116,3.807
1750359090.070,1750359090.145,-1.263,6.103,-2.654,-20.392,10.081,-0.659,42.410,22.116,3.807
1750359090.586,1750359090.645,-1.263,6.103,-2.654,-20.392,10.081,-0.659,42.410,22.116,3.807
1750359091.071,1750359091.145,-1.263,6.103,-2.654,-20.392,10.081,-0.659,42.410,22.116,3.807
1750359091.563,1750359091.656,-1.263,6.103,-2.654,-20.392,10.081,-0.659,42.410,22.116,3.807
1750359092.084,1750359092.148,-1.263,6.103,-2.654,-20.392,10.081,-0.659,42.410,22.116,3.807
1750359092.571,1750359092.660,-1.263,6.103,-2.654,-20.392,10.081,-0.659,42.410,22.116,3.807
1750359093.060,1750359093.148,-1.263,6.103,-2.654,-20.392,10.081,-0.659,42.410,22.116,3.807
1750359093.580,1750359093.651,-1.263,6.103,-2.654,-20.392,10.081,-0.659,42.410,22.116,3.807
1750359094.065,1750359094.148,-1.263,6.103,-2.654,-20.392,10.081,-0.659,42.410,22.116,3.807
1750359094.583,1750359094.646,-1.263,6.103,-2.654,-20.392,10.081,-0.659,42.410,22.116,3.807
1750359095.069,1750359095.152,-1.263,6.103,-2.654,-20.392,10.081,-0.659,42.410,22.116,3.807
1750359095.553,1750359095.643,-1.263,6.103,-2.654,-20.392,10.081,-0.659,42.410,22.116,3.807
1750359096.070,1750359096.150,-1.263,6.103,-2.654,-20.392,10.081,-0.659,42.410,22.116,3.807
1750359096.584,1750359096.643,-1.263,6.103,-2.654,-20.392,10.081,-0.659,42.410,22.116,3.807
1750359097.088,1750359097.144,-1.263,6.103,-2.654,-20.392,10.081,-0.659,42.410,22.116,3.807
1750359097.558,1750359097.648,-1.263,6.103,-2.654,-20.392,10.081,-0.659,42.410,22.116,3.807
1750359098.081,1750359098.143,-1.263,6.103,-2.654,-20.392,10.081,-0.659,42.410,22.116,3.807
1750359098.567,1750359098.649,-1.263,6.103,-2.654,-20.392,10.081,-0.659,42.410,22.116,3.807
1750359099.079,1750359099.148,-1.263,6.103,-2.654,-20.392,10.081,-0.659,42.410,22.116,3.807
1750359099.573,1750359099.643,-1.263,6.103,-2.654,-20.392,10.081,-0.659,42.410,22.116,3.807
1750359100.073,1750359100.148,-1.263,6.103,-2.654,-20.392,10.081,-0.659,42.410,22.116,3.807
1750359100.563,1750359100.651,-1.263,6.103,-2.654,-20.392,10.081,-0.659,42.410,22.116,3.807
1750359101.085,1750359101.148,-1.263,6.103,-2.654,-20.392,10.081,-0.659,42.410,22.116,3.807
1750359101.553,1750359101.648,-1.263,6.103,-2.654,-20.392,10.081,-0.659,42.410,22.116,3.807
1750359102.071,1750359102.142,-1.263,6.103,-2.654,-20.392,10.081,-0.659,42.410,22.116,3.807
1750359102.565,1750359102.642,-1.263,6.103,-2.654,-20.392,10.081,-0.659,42.410,22.116,3.807
1750359103.067,1750359103.144,-1.263,6.103,-2.654,-20.392,10.081,-0.659,42.410,22.116,3.807
1750359103.547,1750359103.646,-1.263,6.103,-2.654,-20.392,10.081,-0.659,42.410,22.116,3.807
1750359104.089,1750359104.143,-1.263,6.103,-2.654,-20.392,10.081,-0.659,42.410,22.116,3.807
1750359104.583,1750359104.642,-1.263,6.103,-2.654,-20.392,10.081,-0.659,42.410,22.116,3.807
1750359105.066,1750359105.143,-1.263,6.103,-2.654,-20.392,10.081,-0.659,42.410,22.116,3.807
1750359105.583,1750359105.650,-1.263,6.103,-2.654,-20.392,10.081,-0.659,42.410,22.116,3.807
1750359106.070,1750359106.163,-1.263,6.103,-2.654,-20.392,10.081,-0.659,42.410,22.116,3.807
1750359106.560,1750359106.655,-1.263,6.103,-2.654,-20.392,10.081,-0.659,42.410,22.116,3.807
1750359107.082,1750359107.166,-1.263,6.103,-2.654,-20.392,10.081,-0.659,42.410,22.116,3.807
1750359107.567,1750359107.653,-1.263,6.103,-2.654,-20.392,10.081,-0.659,42.410,22.116,3.807
1750359108.084,1750359108.159,-1.263,6.103,-2.654,-20.392,10.081,-0.659,42.410,22.116,3.807
1750359108.577,1750359108.645,-1.263,6.103,-2.654,-20.392,10.081,-0.659,42.410,22.116,3.807
1750359109.094,1750359109.144,-1.263,6.103,-2.654,-20.392,10.081,-0.659,42.410,22.116,3.807
1750359109.566,1750359109.646,-1.263,6.103,-2.654,-20.392,10.081,-0.659,42.410,22.116,3.807
1750359110.069,1750359110.145,-1.263,6.103,-2.654,-20.392,10.081,-0.659,42.410,22.116,3.807
1750359110.578,1750359110.644,-1.263,6.103,-2.654,-20.392,10.081,-0.659,42.410,22.116,3.807
1750359111.092,1750359111.143,-1.263,6.103,-2.654,-20.392,10.081,-0.659,42.410,22.116,3.807
1750359111.580,1750359111.644,-1.263,6.103,-2.654,-20.392,10.081,-0.659,42.410,22.116,3.807
1750359112.058,1750359112.148,-1.263,6.103,-2.654,-20.392,10.081,-0.659,42.410,22.116,3.807
1750359112.572,1750359112.644,-1.263,6.103,-2.654,-20.392,10.081,-0.659,42.410,22.116,3.807
1750359113.089,1750359113.142,-1.263,6.103,-2.654,-20.392,10.081,-0.659,42.410,22.116,3.807
1750359113.564,1750359113.646,-1.263,6.103,-2.654,-20.392,10.081,-0.659,42.410,22.116,3.807
1750359114.065,1750359114.153,-1.263,6.103,-2.654,-20.392,10.081,-0.659,42.410,22.116,3.807
1750359114.581,1750359114.645,-1.263,6.103,-2.654,-20.392,10.081,-0.659,42.410,22.116,3.807
1750359115.073,1750359115.148,-1.263,6.103,-2.654,-20.392,10.081,-0.659,42.410,22.116,3.807
1750359115.567,1750359115.642,-1.263,6.103,-2.654,-20.392,10.081,-0.659,42.410,22.116,3.807
1750359116.070,1750359116.150,-1.263,6.103,-2.654,-20.392,10.081,-0.659,42.410,22.116,3.807
1750359116.582,1750359116.649,-1.263,6.103,-2.654,-20.392,10.081,-0.659,42.410,22.116,3.807
1750359117.089,1750359117.169,-1.263,6.103,-2.654,-20.392,10.081,-0.659,42.410,22.116,3.807
1750359117.589,1750359117.646,-1.263,6.103,-2.654,-20.392,10.081,-0.659,42.410,22.116,3.807
1750359118.080,1750359118.144,-1.263,6.103,-2.654,-20.392,10.081,-0.659,42.410,22.116,3.807
1750359118.561,1750359118.663,-1.263,6.103,-2.654,-20.392,10.081,-0.659,42.410,22.116,3.807
1750359119.063,1750359119.142,-1.263,6.103,-2.654,-20.392,10.081,-0.659,42.410,22.116,3.807
1750359119.592,1750359119.655,-1.263,6.103,-2.654,-20.392,10.081,-0.659,42.410,22.116,3.807
1750359120.076,1750359120.143,-1.263,6.103,-2.654,-20.392,10.081,-0.659,42.410,22.116,3.807
1750359120.559,1750359120.646,-1.263,6.103,-2.654,-20.392,10.081,-0.659,42.410,22.116,3.807
1750359121.075,1750359121.143,-1.263,6.103,-2.654,-20.392,10.081,-0.659,42.410,22.116,3.807
1750359121.552,1750359121.643,-1.263,6.103,-2.654,-20.392,10.081,-0.659,42.410,22.116,3.807
1750359122.079,1750359122.143,-1.263,6.103,-2.654,-20.392,10.081,-0.659,42.410,22.116,3.807
1750359122.568,1750359122.644,-1.263,6.103,-2.654,-20.392,10.081,-0.659,42.410,22.116,3.807
